Epoch	Training_Time	Train_Loss	Train_Score	Valid_Score
0	0.6891798973083496	20.292209638999058	0.6468806783767413	0.7378640776699029
1	0.55820631980896	19.89751047354478	0.6411265899454875	0.7378640776699029
2	0.5183056195576986	19.1990089233105	0.6720169594185342	0.6504854368932039
3	0.4973466992378235	18.93902873305174	0.6923076923076923	0.7354368932038835
4	0.48263230323791506	18.672921020251053	0.7035130224106602	0.7063106796116505
5	0.4718851645787557	17.842806187959816	0.7116898849182314	0.7135922330097088
6	0.4652951444898333	18.038896122804054	0.7159297395517868	0.6529126213592233
7	0.4602902829647064	18.029612999696	0.7162325863113265	0.7402912621359223
8	0.4578814771440294	16.747853334133442	0.7534827377347062	0.7742718446601942
9	0.45950043201446533	16.73874819507966	0.7450030284675954	0.7402912621359223
10	0.4580898501656272	16.597822569883785	0.7528770442156268	0.7475728155339806
11	0.47023332118988037	16.49570439870541	0.756511205330103	0.7645631067961165
12	0.480916481751662	16.1206282216769	0.7531798909751666	0.7354368932038835
13	0.49653077125549316	15.731488885787817	0.7662023016353725	0.7451456310679612
14	0.49297614097595216	15.443112299992489	0.7722592368261659	0.7621359223300971
15	0.48900358378887177	15.135719042557936	0.776801938219261	0.7694174757281553
16	0.4923989772796631	15.249878473006762	0.7798304058146578	0.779126213592233
17	0.48915643162197536	14.575601836809746	0.7940642035130224	0.7888349514563107
18	0.4867097076616789	14.25471250827496	0.7925499697153241	0.7621359223300971
19	0.48406788110733034	13.57279121875763	0.809206541490006	0.7354368932038835
20	0.48113880838666645	13.52651987167505	0.8095093882495458	0.7718446601941747
21	0.478421839800748	13.405760663060041	0.8173834039975773	0.8131067961165048
22	0.4757343686145285	12.842914608808664	0.82404603270745	0.7888349514563107
23	0.47311632831891376	12.254203026111309	0.8367655966081163	0.8009708737864077
24	0.4709875869750977	11.754296333743977	0.8419139915202908	0.7912621359223301
25	0.4687890089475192	11.194017990277363	0.8585705632949727	0.7839805825242718
26	0.4670406624122902	10.677169914429005	0.8615990308903695	0.8228155339805825
27	0.46535163266318186	9.961311312822195	0.8737129012719564	0.8155339805825242
28	0.46399132136640875	9.68663072356811	0.874924288310115	0.7912621359223301
29	0.4623496770858765	9.160271880718378	0.8827983040581466	0.8131067961165048
30	0.4610229307605374	8.416154155364403	0.8952150211992732	0.7936893203883495
31	0.4595719054341316	8.199678879517775	0.8976377952755905	0.8131067961165048
32	0.45807386167121655	7.350999793181052	0.9155057540884313	0.808252427184466
33	0.45675886378568764	6.963509652477044	0.9182313749242883	0.7888349514563107
34	0.4555271012442453	5.757142810867383	0.9327680193821926	0.7985436893203883
35	0.45452923244900173	5.102315804419609	0.9424591156874621	0.8131067961165048
36	0.4535344678002435	5.172278500520266	0.9348879466989704	0.7961165048543689
37	0.45303601967661006	4.147203209021916	0.9482132041187159	0.7936893203883495
38	0.4527905537531926	3.5142061344992657	0.9548758328285888	0.8058252427184466
39	0.45238096117973325	3.57219534035987	0.9579043004239854	0.7961165048543689
40	0.4520179585712712	2.3542196951233425	0.9739551786795881	0.7936893203883495
41	0.4524525744574411	2.2229587571838727	0.9772864930345245	0.7912621359223301
42	0.45199457989182584	2.599636112554715	0.9733494851605088	0.7912621359223301
43	0.4515466744249517	1.4852795760167423	0.985160508782556	0.7839805825242718
44	0.4510634157392714	1.1219224316569476	0.9903089036947305	0.7985436893203883
45	0.4506045268929523	1.8188914182022786	0.9848576620230164	0.808252427184466
46	0.45015709450904356	2.2747044281031075	0.9742580254391278	0.7961165048543689
-1	-1	-1	-1	-1
0	0.5112583637237549	20.592639088630676	0.6355649803089972	0.6949152542372882
1	0.4638850688934326	20.57280620932579	0.6119357770372614	0.5617433414043583
2	0.4501794179280599	19.625589178158688	0.6588912450772493	0.6513317191283293
3	0.4424581527709961	18.953326624173386	0.6746440472584065	0.6973365617433414
4	0.4394639015197754	18.745139646988648	0.697364435019691	0.7142857142857143
5	0.43904892603556317	18.4671860566506	0.7052408361102697	0.738498789346247
6	0.4373577322278704	18.228114951115387	0.7022114510754317	0.7312348668280871
7	0.4367547631263733	18.29905714897009	0.7140260527112996	0.7070217917675545
8	0.4365094237857395	17.99651544369184	0.7137231142078159	0.7360774818401937
9	0.4358717203140259	17.04638651242623	0.7412905180248409	0.7723970944309927
10	0.4381066018884832	17.144782286423904	0.7343229324447137	0.7457627118644068
11	0.43832359711329144	16.75912947838123	0.739775825507422	0.774818401937046
12	0.4399048915276161	16.8478464782238	0.7346258709481975	0.774818401937046
13	0.4430304936000279	16.3224874322231	0.7549227506816116	0.7699757869249395
14	0.44185605049133303	15.957111642910885	0.7603756437443199	0.7578692493946732
15	0.440971240401268	15.698005905518166	0.7706755528627689	0.7869249394673123
16	0.440948346081902	15.537334887454143	0.7764313844289609	0.7675544794188862
17	0.4470667839050293	15.010215099041279	0.7809754619812178	0.7917675544794189
18	0.4465537949612266	15.075794616570839	0.7752196304150257	0.7699757869249395
19	0.4490103363990784	14.579238588993366	0.7900636170857316	0.7941888619854721
20	0.4492255506061372	14.33786640717433	0.7949106331414723	0.7893462469733656
21	0.44796487418088043	13.821898760703894	0.8115722508330809	0.7869249394673123
22	0.4477195739746094	14.016154440549704	0.7952135716449561	0.801452784503632
23	0.4466857810815175	13.53989584170855	0.8012723417146319	0.7917675544794189
24	0.445576114654541	13.22839525857797	0.8067252347773401	0.8232445520581114
25	0.4454610256048349	12.749679962602945	0.8161163283853378	0.8111380145278451
26	0.4449198952427617	12.064899439995106	0.8327779460769463	0.8087167070217918
27	0.4451196278844561	11.711451419270956	0.8367161466222357	0.8135593220338984
28	0.4442875467497727	11.587778155620281	0.8373220236292033	0.8208232445520581
29	0.44365702470143636	10.998985538115868	0.8485307482581036	0.8135593220338984
30	0.4432702987424789	10.613862202717709	0.8561042108451984	0.8329297820823245
31	0.44269994646310806	10.082133201452402	0.8657982429566798	0.8329297820823245
32	0.44187773357738147	9.383541778876232	0.8733717055437746	0.8353510895883777
33	0.4415482212515438	8.970827082028755	0.8824598606482884	0.7941888619854721
34	0.44319490705217635	8.457451070730503	0.8888215692214481	0.8353510895883777
35	0.44255297051535714	7.63562766290628	0.9042714328991215	0.8305084745762712
36	0.44266294788669897	7.512243579786557	0.9018479248712511	0.8208232445520581
37	0.44203830392737137	6.600010177263846	0.9212359890942139	0.8159806295399515
38	0.4417679493243878	6.422641860751005	0.9200242350802788	0.8329297820823245
39	0.4416700839996338	5.86068655951665	0.9306270827022115	0.8280871670702179
40	0.441338713576154	5.827384354976507	0.9306270827022115	0.8426150121065376
41	0.4410041968027751	4.4667100459337234	0.9433504998485307	0.8329297820823245
42	0.44148779469867083	4.161731555341528	0.948803392911239	0.8523002421307506
43	0.44109724868427624	3.910523232108412	0.9518327779460769	0.8184019370460048
44	0.4407695558336046	2.9394742605173425	0.9645561950923962	0.8329297820823245
45	0.44047205862791644	2.357821794497655	0.9727355346864587	0.847457627118644
46	0.44015651053570687	2.620172883813771	0.9694032111481369	0.8329297820823245
47	0.43967769543329877	2.2381511233173885	0.9766737352317479	0.8426150121065376
48	0.4396226503411118	1.623646437548674	0.985458951832778	0.8280871670702179
49	0.4393859100341797	1.9590519489004061	0.9845501363223266	0.8305084745762712
50	0.43898945228726255	1.2230499207149619	0.9890942138745834	0.847457627118644
51	0.4385683765778175	1.1447801450983837	0.9906089063920024	0.847457627118644
52	0.43815305547894173	1.2899578334763646	0.9875795213571645	0.847457627118644
53	0.4378391592590897	0.8469686004548118	0.9930324144198728	0.8353510895883777
54	0.43765684474598276	0.7838227163103091	0.9945471069372918	0.8498789346246973
55	0.43760031887463163	0.5566976779731564	0.9966676764616783	0.8426150121065376
56	0.4376688421818248	0.484504876698618	0.9951529839442593	0.8305084745762712
57	0.4374775146615916	0.5758270469556849	0.9954559224477431	0.8280871670702179
58	0.43731296668618413	0.47725423455883104	0.9963647379581945	0.8353510895883777
59	0.43712486426035563	0.4459392483370965	0.9966676764616783	0.8450363196125908
60	0.43691384987752946	0.37527095507636415	0.9966676764616783	0.8426150121065376
61	0.4367657438401253	0.33982215777387653	0.9972735534686459	0.8426150121065376
62	0.43654665492829825	0.31554077099113226	0.9972735534686459	0.8353510895883777
-1	-1	-1	-1	-1
0	0.497913122177124	20.944670092601044	0.6137534080581641	0.6658595641646489
1	0.4672367572784424	20.31972099038271	0.6437443199030597	0.6561743341404358
2	0.45160794258117676	19.677608939317558	0.657982429566798	0.648910411622276
3	0.44531071186065674	19.565614072176125	0.6685852771887307	0.6464891041162227
4	0.441549015045166	19.441998607837238	0.6697970312026659	0.6852300242130751
5	0.4445508321126302	18.776093930006027	0.6867615873977583	0.6707021791767555
6	0.44399871144975933	18.40658464340063	0.6991820660405937	0.7094430992736077
7	0.4409162104129791	18.052637320298416	0.7125113601938806	0.7094430992736077
8	0.4390043152703179	18.140327050135685	0.70766434413814	0.6949152542372882
9	0.43719651699066164	17.640822704021748	0.7270524083611027	0.7263922518159807
10	0.43688097867098724	17.330949746645413	0.7322023629203271	0.6658595641646489
11	0.4370314081509908	16.872053478772823	0.7434110875492275	0.7094430992736077
12	0.4379260356609638	16.368902577803684	0.7591638897303847	0.7021791767554479
13	0.43685317039489746	16.40621229662345	0.7531051196607089	0.7191283292978208
14	0.436614720026652	16.359489562419746	0.7549227506816116	0.7239709443099274
15	0.43577146530151367	15.931007377230204	0.7552256891850955	0.7215496368038741
16	0.4356828016393325	15.51456234546808	0.7715843683732202	0.7239709443099274
17	0.43511414527893066	15.267917234164019	0.7721902453801878	0.7336561743341404
18	0.43524253995795	14.99285369194471	0.7809754619812178	0.7409200968523002
19	0.4347013711929321	14.559852678042192	0.786428355043926	0.7360774818401937
20	0.43542018390837167	14.516667393537668	0.786428355043926	0.7481840193704601
21	0.43521510470997204	14.13804245682863	0.8021811572250833	0.7554479418886199
22	0.435032087823619	13.89348297394239	0.7970312026658588	0.7578692493946732
23	0.43482452630996704	13.368559766274233	0.8103604968191457	0.7481840193704601
24	0.4342301082611084	13.221319996393644	0.8118751893365647	0.7627118644067796
25	0.43394344586592454	12.957156850741459	0.8197515904271433	0.7481840193704601
26	0.4333886570400662	12.452576695726467	0.8309603150560436	0.7530266343825666
27	0.4342162438801357	12.196576941471834	0.8312632535595275	0.7772397094430993
28	0.4347807374493829	11.73015238230045	0.8427749166919115	0.7627118644067796
29	0.43538579940795896	11.217807479489307	0.8485307482581036	0.784503631961259
30	0.4349744858280305	10.417778371045223	0.8688276279915177	0.7820823244552058
31	0.4343952238559723	10.743238156804672	0.8551953953347471	0.7554479418886199
32	0.4341530944361831	9.834701856168417	0.8724628900333232	0.7820823244552058
33	0.43371211079990163	9.559134341203249	0.8721599515298395	0.7796610169491526
34	0.4334298746926444	8.802759788357294	0.8891245077249318	0.7869249394673123
35	0.4329413308037652	7.932725629267784	0.9021508633747349	0.7990314769975787
36	0.4330328928457724	7.692069959182006	0.8997273553468645	0.7772397094430993
37	0.43295313182630035	6.8759305236431265	0.9133595880036353	0.7578692493946732
38	0.4327330772693341	6.396236303907174	0.9106331414722811	0.7796610169491526
39	0.432566374540329	5.906790231426175	0.9236594971220842	0.7820823244552058
40	0.43242776684644746	5.223306400844684	0.9366858527718873	0.7966101694915254
41	0.43492383048647926	4.657141843882318	0.9436534383520145	0.7869249394673123
42	0.435085978618888	3.6759590689952555	0.9557709784913663	0.7820823244552058
43	0.4348601753061468	3.364529931058104	0.9603150560436231	0.7869249394673123
44	0.43456237581041124	2.9040525992257664	0.9669797031202666	0.7723970944309927
45	0.4344057052031807	3.159071667263141	0.9618297485610421	0.7966101694915254
46	0.4343298191719867	2.4259201816659277	0.9730384731899424	0.7917675544794189
47	0.4345179597536723	1.8105030167015894	0.9815207512874886	0.7772397094430993
48	0.4344956923504265	1.6316987823408384	0.9836413208118752	0.801452784503632
49	0.4345901155471802	1.6174025763399327	0.9830354438049076	0.7941888619854721
50	0.43451745369855094	0.8979174180601078	0.9918206604059376	0.784503631961259
51	0.4343923651255094	0.6402807302164057	0.9948500454407755	0.7917675544794189
52	0.4344318137978608	0.7728722204740804	0.9939412299303242	0.7893462469733656
53	0.4343951278262668	0.8505305236389037	0.9915177219024538	0.7820823244552058
54	0.43459482192993165	0.7089602612854483	0.9942441684338079	0.7699757869249395
55	0.43459414158548626	0.5396781202826577	0.9957588609512269	0.7723970944309927
56	0.4345741690250865	0.4104646482469084	0.9963647379581945	0.7820823244552058
57	0.43448588354834194	0.4397833080057843	0.9975764919721296	0.7723970944309927
58	0.4343791654554464	0.36560784429401305	0.9978794304756134	0.7820823244552058
59	0.43413939078648883	0.27934931674882624	0.9978794304756134	0.7772397094430993
60	0.43414842105302653	0.32480631977131663	0.9978794304756134	0.7796610169491526
61	0.43421952955184445	0.19957761529412194	0.9981823689790973	0.7796610169491526
62	0.4343051039983356	0.32176949193951887	0.9975764919721296	0.7796610169491526
63	0.4343729391694069	0.31090705812228125	0.9981823689790973	0.774818401937046
64	0.4344838729271522	0.23222926983950087	0.9975764919721296	0.7723970944309927
65	0.4342940829016946	0.24844277104980741	0.998485307482581	0.7869249394673123
66	0.43418133080895266	0.1691141847628527	0.998485307482581	0.7869249394673123
67	0.4340107651317821	0.21591280703880608	0.998485307482581	0.7917675544794189
68	0.4340690391651098	0.2509369369788776	0.9978794304756134	0.784503631961259
-1	-1	-1	-1	-1
0	0.5164284706115723	22.00794320152356	0.5873977582550742	0.639225181598063
1	0.47218990325927734	21.111155457221546	0.6058770069675856	0.6077481840193705
2	0.4607429504394531	20.157374393481476	0.6307179642532565	0.6731234866828087
3	0.4533180594444275	19.43691232571235	0.6567706755528627	0.7457627118644068
4	0.4483819007873535	19.042242233569805	0.6825204483489852	0.7554479418886199
5	0.4445745547612508	18.682267266970413	0.6985761890336262	0.6295399515738499
6	0.4454840932573591	18.440710434546837	0.7003938200545289	0.7288135593220338
7	0.44589686393737793	18.403322128149178	0.7028173280823993	0.7070217917675545
8	0.4448117944929335	18.087075857015755	0.7091790366555589	0.7433414043583535
9	0.4438368082046509	17.646262134496983	0.7228112693123296	0.7627118644067796
10	0.4440915151075883	17.37119619204448	0.7270524083611027	0.7288135593220338
11	0.4434478282928467	16.9903263931091	0.7276582853680703	0.7481840193704601
12	0.44290507756746733	16.6260203822301	0.7512874886398061	0.7602905569007264
13	0.4424006087439401	16.421767313893024	0.7621932747652227	0.7554479418886199
14	0.4409168720245361	16.060657631892425	0.763102090275674	0.7578692493946732
15	0.4403916746377945	15.566717918102558	0.773401999394123	0.6924939467312349
16	0.4399368622723748	16.000364899635315	0.7627991517721903	0.7990314769975787
17	0.4393959575229221	15.072720747727613	0.7730990608906392	0.7917675544794189
18	0.4384305853592722	14.777044799465399	0.7803695849742502	0.7869249394673123
19	0.4377025365829468	14.616536640203917	0.7849136625265071	0.7869249394673123
20	0.43944612003508066	14.192360035501993	0.786428355043926	0.7360774818401937
21	0.43885756622661243	14.072840511798859	0.7991517721902454	0.8111380145278451
22	0.43941917626754096	13.723718689038204	0.802484095728567	0.8087167070217918
23	0.440470556418101	12.992448274905865	0.8212662829445623	0.8135593220338984
24	0.4401350688934326	12.716772315593866	0.8206604059375947	0.7917675544794189
25	0.4393879450284518	12.420036419079853	0.8203574674341109	0.7893462469733656
26	0.439164400100708	11.820863019961577	0.831869130566495	0.8111380145278451
27	0.43882512194769724	11.367109021315208	0.8421690396849439	0.8184019370460048
28	0.4385576494808855	10.559776429946606	0.8515601332929416	0.7990314769975787
29	0.4382663170496623	10.530011909512373	0.8597394728870039	0.801452784503632
30	0.437365924158404	10.081275690060396	0.8657982429566798	0.8184019370460048
31	0.4364269897341728	9.5799564742125	0.8703423205089367	0.8184019370460048
32	0.4350821249412768	8.825967969229588	0.8779157830960315	0.8208232445520581
33	0.43388768504647646	8.103663504266969	0.8951832777946077	0.837772397094431
34	0.4328352315085275	7.883805911128338	0.8951832777946077	0.8111380145278451
35	0.43191372023688424	7.1223981621173715	0.9082096334444107	0.8232445520581114
36	0.43097680323832743	6.555028922260345	0.9124507724931838	0.8280871670702179
37	0.4298950370989348	6.092861895377819	0.9248712511360194	0.8426150121065376
38	0.4288411201574864	5.2570488170648995	0.9306270827022115	0.8232445520581114
39	0.4278347134590149	4.66686772239896	0.941532868827628	0.8184019370460048
40	0.4269618232075761	4.187567655283671	0.9463798848833687	0.8305084745762712
41	0.4262392975035168	3.3283135942541637	0.9572856710087853	0.847457627118644
42	0.42562667713608854	3.225112854861296	0.9615268100575584	0.8329297820823245
43	0.42501586133783514	2.5392597718880725	0.9703120266585883	0.8426150121065376
44	0.4244097709655762	2.9234538320451975	0.9666767646167828	0.8305084745762712
45	0.4237915432971457	2.3705772026800194	0.9721296576794911	0.837772397094431
46	0.4231866420583522	1.633284002255935	0.9818236897909725	0.8498789346246973
47	0.42269496619701385	1.226498818383194	0.9875795213571645	0.8595641646489104
48	0.4221374647957938	1.2464440108742565	0.9866707058467131	0.8498789346246973
49	0.42164897441864013	0.9786240716214076	0.9915177219024538	0.8523002421307506
50	0.42119386616875143	0.7535603089401355	0.9939412299303242	0.8523002421307506
51	0.4207590726705698	1.1749890814491244	0.9875795213571645	0.8595641646489104
52	0.42025421250541256	0.7116629792770237	0.9936382914268403	0.8571428571428571
53	0.4198017650180393	0.4802843003014389	0.9954559224477431	0.8619854721549637
54	0.41938793875954367	0.4145430117451514	0.9960617994547107	0.8571428571428571
55	0.4204110120024	0.43648637203211993	0.9972735534686459	0.864406779661017
56	0.4200894414332875	0.4665177905654463	0.9966676764616783	0.8547215496368039
57	0.4194635933843152	0.47648303093872246	0.9954559224477431	0.8523002421307506
58	0.4188878940323652	0.3032220750756096	0.9981823689790973	0.8547215496368039
59	0.4183018684387207	0.3378025591239118	0.996970614965162	0.8571428571428571
60	0.4177590354544217	0.3739275829597878	0.996970614965162	0.8547215496368039
61	0.4173294113528344	0.23196284919798088	0.9981823689790973	0.847457627118644
62	0.4170539871094719	0.272315050699175	0.9975764919721296	0.8692493946731235
63	0.4167352765798569	0.2589832860237668	0.9972735534686459	0.8571428571428571
64	0.4164128193488488	0.3188440955709666	0.996970614965162	0.8619854721549637
65	0.4160434188264789	0.26777049619032856	0.9972735534686459	0.8547215496368039
66	0.4156487699764878	0.20965296109296525	0.9981823689790973	0.8571428571428571
67	0.4153685113962959	0.2721608305177702	0.9966676764616783	0.8595641646489104
68	0.41507152198017505	0.25481646754017745	0.996970614965162	0.864406779661017
69	0.41473029681614465	0.26388201055557986	0.9972735534686459	0.8595641646489104
70	0.4144614817390979	0.19495288909988281	0.9975764919721296	0.8595641646489104
71	0.41419026586744523	0.22793842724282654	0.9972735534686459	0.8523002421307506
72	0.4138673005038745	0.2405172210397163	0.9972735534686459	0.8595641646489104
73	0.4135279301050547	0.19219994414799238	0.9972735534686459	0.8668280871670703
74	0.4132043774922689	0.18814697094225827	0.996970614965162	0.8595641646489104
75	0.41298557268945796	0.17142156036257242	0.9981823689790973	0.8692493946731235
76	0.4127939985944079	0.15793242585529627	0.9981823689790973	0.8619854721549637
77	0.41257623831431073	0.1772995485147336	0.9975764919721296	0.864406779661017
78	0.4123645854901664	0.14324886336815396	0.9981823689790973	0.864406779661017
79	0.4121344298124313	0.17261172162314045	0.9978794304756134	0.8619854721549637
80	0.41192917176234867	0.18511233577338806	0.9978794304756134	0.8692493946731235
81	0.4117307168681447	0.18050820189170316	0.9972735534686459	0.8595641646489104
82	0.4115539746112134	0.14779906593489264	0.9975764919721296	0.8692493946731235
-1	-1	-1	-1	-1
0	0.48047947883605957	21.15116685628891	0.615571039079067	0.585956416464891
1	0.4404193162918091	21.73251711175992	0.5801272341714632	0.6174334140435835
2	0.42720802625020343	20.773087359391727	0.6034534989397152	0.6682808716707022
3	0.42001229524612427	20.76543421928699	0.6189033626173887	0.6101694915254238
4	0.4152480125427246	20.11206167477828	0.6370796728264162	0.6222760290556901
5	0.41255033016204834	19.72782804645025	0.6561647985458952	0.6634382566585957
6	0.41075713293892996	19.651325326699478	0.6604059375946683	0.6876513317191283
7	0.40957483649253845	19.570871839156517	0.667979400181763	0.6246973365617433
8	0.40859362814161515	19.140549171429413	0.6752499242653741	0.6731234866828087
9	0.40797786712646483	18.642590023004093	0.6955468039987882	0.6949152542372882
10	0.4073275869542902	18.50060416643436	0.704634959103302	0.6464891041162227
11	0.4060700535774231	18.090401615087803	0.7091790366555589	0.7142857142857143
12	0.4051876985109769	18.03236217911427	0.69887912753711	0.7142857142857143
13	0.40481923307691303	17.32352690742566	0.7234171463192972	0.7094430992736077
14	0.4044522285461426	17.262403116776394	0.7312935474098758	0.7167070217917676
15	0.404083713889122	17.014791923073624	0.7373523174795517	0.7239709443099274
16	0.40359920613905964	16.6294095653754	0.7491669191154195	0.7167070217917676
17	0.40325605869293213	16.11908435133787	0.755831566192063	0.7046004842615012
18	0.40270297150862844	16.007325887680054	0.763102090275674	0.7481840193704601
19	0.4022635340690613	15.598256771381084	0.7709784913662526	0.7336561743341404
20	0.4019925594329834	15.644450123493488	0.7703726143592851	0.7651331719128329
21	0.4018164331262762	15.280010954691814	0.7800666464707664	0.738498789346247
22	0.40170064179793646	15.08679809478613	0.7803695849742502	0.7433414043583535
23	0.40143731236457825	14.756946987830675	0.790972432596183	0.7481840193704601
24	0.4010735034942627	14.58226526929782	0.792487125113602	0.7893462469733656
25	0.40080197957845837	14.079812486011248	0.7955165101484398	0.7312348668280871
26	0.4005497826470269	13.920618786261631	0.8036958497425023	0.7796610169491526
27	0.40036811998912264	13.47115850677857	0.8112693123295971	0.7627118644067796
28	0.40023675458184604	13.10171663761139	0.8212662829445623	0.7772397094430993
29	0.40013153553009034	13.183246361521574	0.815813389881854	0.7820823244552058
30	0.4000144543186311	12.402689032829725	0.8258103604968191	0.7602905569007264
31	0.39975178241729736	11.710989106159944	0.8445925477128143	0.7651331719128329
32	0.39970824935219507	11.478812967068874	0.8376249621326871	0.7869249394673123
33	0.39969152562758503	10.955507539785826	0.847924871251136	0.774818401937046
34	0.39966903414045063	10.397157371044159	0.8585277188730688	0.7820823244552058
35	0.3996003998650445	10.14184979062814	0.8697364435019691	0.7772397094430993
36	0.3995312742284826	9.234050485663689	0.880036352620418	0.8062953995157385
37	0.39949880148235123	8.670068129897118	0.8833686761587398	0.7917675544794189
38	0.3994035659692226	8.589344517686046	0.890336261738867	0.7917675544794189
39	0.3993140459060669	7.565333495346399	0.9051802484095729	0.7917675544794189
40	0.3992021083831787	7.1425772939737024	0.9127537109966677	0.8353510895883777
41	0.39899095467158724	6.309938320746789	0.925477128142987	0.8111380145278451
42	0.39890244949695675	5.974409052958856	0.9294153286882763	0.8208232445520581
43	0.39886379783803766	6.0017253527274494	0.9272947591638897	0.7990314769975787
44	0.39882098303900826	4.466077834367752	0.9491063314147228	0.7966101694915254
45	0.3985924876254538	4.828704997037466	0.9412299303241441	0.7917675544794189
46	0.39858454339047694	4.011544819634694	0.9530445319600122	0.8208232445520581
47	0.39860818286736804	3.47777468080704	0.9618297485610421	0.8038740920096852
48	0.398647454320168	3.2943434137851	0.9639503180854286	0.7869249394673123
49	0.39866390228271487	2.9974876415844145	0.9609209330505907	0.8184019370460048
50	0.3987140842512542	2.4105176197794767	0.9709179036655559	0.8135593220338984
51	0.39870521196952236	2.4686720500198693	0.975159042714329	0.8256658595641646
52	0.39870494716572313	1.5404591576303714	0.9851560133292941	0.7990314769975787
53	0.3987234698401557	1.6632212840307217	0.9863677673432293	0.8184019370460048
54	0.39875373406843706	1.571945775497275	0.9848530748258104	0.8184019370460048
55	0.3987977887902941	1.3375576333357737	0.9875795213571645	0.8135593220338984
56	0.39884152747037116	0.9075429305577507	0.9918206604059376	0.8135593220338984
57	0.39889573228770286	1.1200979053974152	0.9915177219024538	0.8135593220338984
58	0.39886837490534377	0.6189029482014191	0.9960617994547107	0.8184019370460048
59	0.39883809884389243	0.8370022966096607	0.9945471069372918	0.8135593220338984
60	0.39888218191803476	0.6827601087279618	0.9957588609512269	0.8208232445520581
-1	-1	-1	-1	-1
0	0.5316057205200195	21.060688680181137	0.6258709481975159	0.6755447941888619
1	0.4646730422973633	21.539473820191162	0.5858830657376553	0.6464891041162227
2	0.44173502922058105	20.150822217647846	0.6479854589518328	0.5641646489104116
3	0.4306972622871399	19.870241868954437	0.6464707664344138	0.6053268765133172
4	0.42377219200134275	18.747941101972874	0.6906997879430475	0.6537530266343826
5	0.41886234283447266	18.780745554428833	0.6946379884883369	0.6658595641646489
6	0.4155386175428118	19.32682355092122	0.679794001817631	0.6440677966101694
7	0.4132571220397949	18.29437761123364	0.6994850045440776	0.639225181598063
8	0.4115390247768826	17.66640073290238	0.7188730687670403	0.6852300242130751
9	0.4100663423538208	17.59381638123439	0.7243259618297485	0.6973365617433414
10	0.4088814692063765	16.933582349465443	0.730990608906392	0.6610169491525424
11	0.40779680013656616	16.885851131035732	0.7418963950318086	0.6924939467312349
12	0.40684958604665905	16.755877886827175	0.7482581036049681	0.6585956416464891
13	0.4057637963976179	16.0653530726066	0.7552256891850955	0.7239709443099274
14	0.4050154209136963	15.997438623354984	0.764616782793093	0.6707021791767555
15	0.40447425842285156	15.76069262623787	0.7670402908209634	0.6997578692493946
16	0.4040080238791073	15.225074392098646	0.7840048470160558	0.7409200968523002
17	0.40449930561913383	14.63095154097447	0.7933959406240533	0.7239709443099274
18	0.40400004386901855	14.432416750834538	0.8009694032111482	0.7336561743341404
19	0.40358794927597047	14.167290779260489	0.8021811572250833	0.7360774818401937
20	0.4029032162257603	13.693222985817837	0.808542865798243	0.7578692493946732
21	0.4025824178348888	13.461736644689854	0.8136928203574675	0.7578692493946732
22	0.402220052221547	13.017928820389967	0.8170251438957892	0.7433414043583535
23	0.4019019802411397	12.843278038387115	0.8249015449863678	0.7675544794188862
24	0.4015139293670654	12.221246647147032	0.8342926385943653	0.7457627118644068
25	0.40103728954608625	12.230757319010221	0.8394425931535898	0.7409200968523002
26	0.4004197297272859	11.874865041329311	0.8388367161466223	0.7699757869249395
27	0.3999548724719456	11.22922437509092	0.8497425022720387	0.7627118644067796
28	0.39960325997451257	11.012821552845148	0.8548924568312632	0.774818401937046
29	0.39927171071370443	10.155338551562567	0.8757952135716449	0.7554479418886199
30	0.3991300521358367	10.074107273266865	0.8700393820054529	0.7869249394673123
31	0.3989282250404358	9.511600703574144	0.8842774916691911	0.7675544794188862
32	0.3986270283207749	9.024719209625172	0.8854892456831264	0.7723970944309927
33	0.3982995117411894	8.536858515097546	0.8973038473189943	0.7869249394673123
34	0.3979895659855434	7.80007782463844	0.9030596788851863	0.7409200968523002
35	0.39774780803256565	7.455167966393324	0.9118448954862163	0.7651331719128329
36	0.3975729169072332	6.8942171312295475	0.9136625265071191	0.7869249394673123
37	0.3975089098277845	6.135224875062704	0.9263859436534384	0.7772397094430993
38	0.39738757793719953	5.701755622831675	0.9294153286882763	0.7893462469733656
39	0.39722886085510256	5.057474050384301	0.9397152378067253	0.7796610169491526
40	0.39712282506431024	4.9055715678976135	0.9418358073311118	0.7699757869249395
41	0.3970249948047456	4.3880232240145025	0.9500151469251742	0.774818401937046
42	0.39687802070795103	3.4350253265494337	0.9600121175401394	0.7820823244552058
43	0.3967845006422563	2.9635060062775245	0.9654650106028476	0.7723970944309927
44	0.3965620570712619	2.3654678558500914	0.9724325961829748	0.7772397094430993
45	0.3962828491045081	2.2124980376272734	0.9754619812178128	0.7869249394673123
46	0.3960630386433703	2.4875186188862872	0.9745531657073614	0.7602905569007264
47	0.39587529997030896	1.9698765949489405	0.9781884277491669	0.7675544794188862
48	0.3957167498919429	2.0366156704885023	0.9784913662526508	0.7554479418886199
49	0.3956104564666748	1.7059732186966217	0.9800060587700696	0.7675544794188862
50	0.39549748570311305	1.083727992569598	0.9887912753710997	0.7820823244552058
51	0.3954536777276259	0.9638048997865274	0.9924265374129052	0.7723970944309927
52	0.3953629259793264	0.6559149228358785	0.9936382914268403	0.7602905569007264
53	0.3952623958940859	0.458912659320049	0.9972735534686459	0.7723970944309927
54	0.39519672393798827	0.3162671943965296	0.9975764919721296	0.7723970944309927
55	0.3950734521661486	0.2959425658784592	0.9972735534686459	0.7772397094430993
56	0.39499540496290775	0.3548754933424509	0.9972735534686459	0.7723970944309927
57	0.39486039506978005	0.2921392806322099	0.9975764919721296	0.7796610169491526
58	0.3947775363922119	0.25869780454712993	0.9978794304756134	0.774818401937046
-1	-1	-1	-1	-1
0	0.47748446464538574	20.99625758941357	0.6310209027567404	0.6610169491525424
1	0.4350067377090454	20.26112346007274	0.6382914268403515	0.6222760290556901
2	0.4200593630472819	19.48366941167758	0.6722205392305362	0.6900726392251816
3	0.4115647077560425	18.440909235523296	0.6952438654953045	0.7070217917675545
4	0.4080115795135498	18.273517668247223	0.7116025446834293	0.5835351089588378
5	0.4054669141769409	18.771144507023003	0.6940321114813692	0.7094430992736077
6	0.40254902839660645	18.0826553610655	0.711905483186913	0.7215496368038741
7	0.40082651376724243	18.441673666238785	0.6928203574674341	0.7215496368038741
8	0.399100833468967	17.465212773818237	0.7270524083611027	0.7481840193704601
9	0.39792814254760744	16.53538477879304	0.750075734625871	0.7457627118644068
10	0.3968468579378995	16.743675976991653	0.7412905180248409	0.7094430992736077
11	0.3959454496701558	17.068539460118	0.7382611329900031	0.7191283292978208
12	0.3955334516671988	16.464566471484993	0.7515904271432899	0.7457627118644068
13	0.3952876159123012	15.90573525428772	0.7679491063314148	0.7215496368038741
14	0.39482936859130857	16.065454675601078	0.7652226598000605	0.7167070217917676
15	0.3943924158811569	15.358254760503769	0.7776431384428961	0.7191283292978208
16	0.3939244606915642	15.236303735237856	0.7767343229324447	0.7554479418886199
17	0.3934072123633491	14.690311018090982	0.7858224780369585	0.7409200968523002
18	0.39288603632073654	14.669681844803003	0.790972432596183	0.7723970944309927
19	0.39255274534225465	14.104802748331657	0.8015752802181157	0.7651331719128329
20	0.3923033759707496	13.990834903831665	0.8015752802181157	0.7820823244552058
21	0.39214200323278253	13.495267340770134	0.8088458043017267	0.801452784503632
22	0.3919019906417183	13.145464940713001	0.8191457134201757	0.801452784503632
23	0.3917129933834076	12.791611701250076	0.823083913965465	0.801452784503632
24	0.39145641326904296	12.530980231670233	0.8273250530142381	0.7699757869249395
25	0.3914303779602051	11.942879861937119	0.8394425931535898	0.7869249394673123
26	0.39205683602227104	11.736702148730938	0.8485307482581036	0.7990314769975787
27	0.3922414949962071	10.763278430471054	0.8630717964253256	0.8111380145278451
28	0.3922486223023513	10.590871515182348	0.8688276279915177	0.8038740920096852
29	0.392150870958964	10.29009943570082	0.8697364435019691	0.8111380145278451
30	0.39205063543012064	9.633356862343275	0.878521660102999	0.8087167070217918
31	0.39213985204696655	9.264296208150112	0.8827627991517721	0.7966101694915254
32	0.3922596194527366	8.588625672058416	0.8939715237806726	0.801452784503632
33	0.39239199021283316	8.205759693796818	0.8942744622841563	0.8256658595641646
34	0.39243595940726145	7.472146230248304	0.9018479248712511	0.801452784503632
35	0.39256242911020917	6.681649729251289	0.9179036655558922	0.7966101694915254
36	0.39263683396416743	6.080512340825337	0.9245683126325356	0.8184019370460048
37	0.3927921307714362	5.555753979115532	0.9297182671917601	0.7893462469733656
38	0.39290003898816234	5.320967445579859	0.9306270827022115	0.8111380145278451
39	0.3929283857345581	4.329017200149023	0.9494092699182066	0.8184019370460048
40	0.39300652248103446	3.7567134023858952	0.9539533474704635	0.8159806295399515
41	0.3929963452475412	3.9902817549613805	0.9536504089669797	0.8087167070217918
42	0.3928843154463657	3.1999077699505367	0.9633444410784611	0.8135593220338984
43	0.3928182937882163	3.2332763958435793	0.9630415025749772	0.8184019370460048
44	0.39282732009887694	2.37430502105361	0.9709179036655559	0.8087167070217918
45	0.39284309096958325	2.385403365828097	0.9748561042108452	0.8159806295399515
46	0.392862634455904	1.950164724584633	0.9800060587700696	0.8184019370460048
47	0.3928134540716807	1.5914855505996877	0.98242956679794	0.8135593220338984
48	0.3928638331744136	1.1751183377614676	0.9893971523780672	0.8159806295399515
49	0.3928032302856445	1.3946613168630462	0.985458951832778	0.8135593220338984
50	0.39282824478897393	1.346221094736113	0.9875795213571645	0.8062953995157385
51	0.3928186068168053	1.0561320013299478	0.9893971523780672	0.7990314769975787
52	0.39282774925231934	0.9552404411101284	0.9903059678885187	0.8062953995157385
53	0.3928645937531083	0.6828589158652064	0.9939412299303242	0.8062953995157385
-1	-1	-1	-1	-1
0	0.5316698551177979	21.154916712870964	0.6265899454875833	0.648910411622276
1	0.4665936231613159	20.24556160890139	0.6377952755905512	0.5472154963680388
2	0.4419115384419759	20.085557151299255	0.6520290732889158	0.5932203389830508
3	0.43006956577301025	19.643298518199188	0.65748031496063	0.6682808716707022
4	0.42185044288635254	18.916819269840534	0.6829194427619625	0.639225181598063
5	0.4174419641494751	18.454489840910984	0.6974560872198667	0.6634382566585957
6	0.4146201951163156	17.965167513260475	0.7195639006662629	0.6610169491525424
7	0.4125623106956482	17.982950687408447	0.7113870381586918	0.6852300242130751
8	0.41070326169331867	17.573727229466805	0.7147183525136281	0.6658595641646489
9	0.4083548545837402	17.455388280061577	0.723198061780739	0.6924939467312349
10	0.4069253748113459	17.43562530210385	0.7265293761356754	0.6803874092009685
11	0.40589694182078045	16.741597542395958	0.7389460932768019	0.6779661016949152
12	0.40496010046738845	16.707760343184837	0.7495457298606905	0.7021791767554479
13	0.40415845598493305	16.315326862610302	0.7504542701393095	0.7142857142857143
14	0.403521474202474	16.028369591786312	0.7577225923682617	0.738498789346247
15	0.40265418589115143	15.961817970642677	0.7580254391278013	0.7312348668280871
16	0.40189111933988686	15.596081123902248	0.7680193821926106	0.7360774818401937
17	0.4013231330447727	15.267882166000513	0.7746820109024833	0.7288135593220338
18	0.4007928496912906	15.022119865394556	0.7789218655360388	0.711864406779661
19	0.4003854751586914	14.661114518459026	0.7846759539672925	0.7409200968523002
20	0.4000614711216518	14.494735965361961	0.7874015748031497	0.7336561743341404
21	0.3999714634635232	14.003873176299608	0.7895215021199273	0.7675544794188862
22	0.3998630772466245	13.819742769002914	0.8058752271350696	0.7772397094430993
23	0.39969003200531006	13.377391599691832	0.807389460932768	0.7917675544794189
24	0.3994834518432617	12.880381263219393	0.8134463961235615	0.7530266343825666
25	0.39928290477165806	12.621412291549719	0.8207147183525136	0.7578692493946732
26	0.3992066295058639	12.402597098396374	0.824954572986069	0.7941888619854721
27	0.3993057097707476	11.700913305465992	0.8443367655966081	0.8232445520581114
28	0.3992749986977413	11.343791159299704	0.8400969109630527	0.7627118644067796
29	0.39902390638987223	10.875150561332703	0.8531193216232587	0.774818401937046
30	0.3988565552619196	10.438676247229942	0.8528164748637189	0.7917675544794189
31	0.3987114578485489	10.165246482078846	0.8649303452453059	0.784503631961259
32	0.39861136494260846	9.734086220654158	0.8676559660811629	0.7796610169491526
33	0.3985893305610208	8.758848148613023	0.88885523924894	0.8062953995157385
34	0.3985485145023891	8.555945213024433	0.8903694730466384	0.7772397094430993
35	0.3983020517561171	7.702035653189971	0.904603270745003	0.8135593220338984
36	0.3980358098004315	7.300461766811518	0.904603270745003	0.7796610169491526
37	0.39779797980659887	6.714345310743038	0.9121744397334949	0.774818401937046
38	0.39768119958730846	6.446814226416441	0.9218655360387644	0.8038740920096852
39	0.3977189242839813	5.553880472022754	0.9333737129012719	0.784503631961259
40	0.397653283142462	5.5640032073626156	0.9336765596608116	0.8184019370460048
41	0.39763008980523973	4.753233858025991	0.9424591156874621	0.7893462469733656
42	0.3974106200905733	3.717385010077403	0.9557843731072078	0.7917675544794189
43	0.39725156263871625	4.021209669800905	0.9536644457904301	0.7966101694915254
44	0.3970890998840332	3.2474865848198533	0.9654754694124773	0.8135593220338984
45	0.39699267822763196	2.5860700582583935	0.9727437916414294	0.7893462469733656
46	0.39693140983581543	2.6910569617668023	0.9715324046032707	0.8038740920096852
47	0.39695701996485394	2.1195700208011727	0.9760751059963658	0.7893462469733656
-1	-1	-1	-1	-1
0	0.4804816246032715	21.544444698553818	0.602482591583409	0.6893203883495146
1	0.43471336364746094	20.294707995194656	0.6397214653345443	0.5388349514563107
2	0.4199151198069255	20.4627383855673	0.6142900393581593	0.6262135922330098
3	0.4121028184890747	19.58703254736387	0.6636391159551922	0.6601941747572816
4	0.40735535621643065	18.828524188353466	0.6857402361489555	0.7087378640776699
5	0.40506863594055176	18.918497484463913	0.6818044202240388	0.6262135922330098
6	0.4035443237849644	18.83919853430528	0.6860429912201029	0.6067961165048543
7	0.4022414982318878	18.39073963348682	0.6999697244928853	0.7038834951456311
8	0.40094078911675346	17.906886261243088	0.7096578867696034	0.6432038834951457
9	0.40003764629364014	17.87210752413823	0.7123826824099304	0.7160194174757282
10	0.39945619756525214	17.42658920929982	0.727217680896155	0.7305825242718447
11	0.39893025159835815	17.04704052209854	0.7344838026036936	0.7402912621359223
12	0.39863032561082107	16.536323389181725	0.7484105358764759	0.7330097087378641
13	0.39834868907928467	16.557450253229874	0.7468967605207387	0.7305825242718447
14	0.39793136914571126	16.384693127412064	0.753254617014835	0.7184466019417476
15	0.3976229429244995	15.838405212530724	0.7668785952164698	0.7427184466019418
16	0.3975553793065688	16.098201797558712	0.7590069633666364	0.7475728155339806
17	0.397442446814643	15.460509300231934	0.7617317590069633	0.7645631067961165
18	0.3972532874659488	15.607742609886023	0.7735392067817136	0.7475728155339806
19	0.39685055017471316	14.947399515372057	0.7868604299122011	0.7645631067961165
20	0.39634104002089726	14.601510648544018	0.7844383893430215	0.7524271844660194
21	0.39574152773076837	14.282477055604641	0.7892824704813806	0.7864077669902912
22	0.3952406489330789	14.177466543821188	0.7917045110505601	0.779126213592233
23	0.3949258327484131	13.808577610896183	0.8077505298213745	0.7815533980582524
24	0.39465319633483886	13.334266625917875	0.8195579775961247	0.779126213592233
25	0.39437665389134335	13.068970955335176	0.8165304268846503	0.7864077669902912
26	0.3942403351819074	12.913314092044647	0.8265213442325159	0.7961165048543689
27	0.39406672545841764	12.263651971633617	0.8322736905843173	0.7669902912621359
28	0.3939773378701046	11.789172020096045	0.8410535876475931	0.8131067961165048
29	0.394036602973938	11.516717725075209	0.8455949137148048	0.7864077669902912
30	0.3939438635303128	10.79618925601244	0.8577051165607024	0.7936893203883495
31	0.39387036859989166	10.26840452505992	0.8634574629125038	0.7839805825242718
32	0.3945254990548799	9.787816297549467	0.8716318498334847	0.8009708737864077
33	0.3943909757277545	9.189583659172058	0.8825310323947926	0.7961165048543689
34	0.3943346296037946	8.661504322519669	0.8885861338177414	0.8131067961165048
35	0.3942956527074178	8.466747277058088	0.8931274598849531	0.8252427184466019
36	0.3943098106899777	7.769961208105087	0.9037238873751136	0.8131067961165048
37	0.3942800948494359	7.182500157218713	0.906145927944293	0.808252427184466
38	0.39424641315753645	6.220773907808157	0.9209809264305178	0.8009708737864077
39	0.3940478563308716	6.007823036267207	0.9252194974265819	0.8131067961165048
40	0.3938740637244248	5.251370444893837	0.932788374205268	0.7936893203883495
41	0.3938484475726173	4.518020240733256	0.9461095973357554	0.8058252427184466
42	0.3938942676366762	4.409334441790214	0.9524674538298517	0.7936893203883495
43	0.3939010338349776	3.5723790139533005	0.9594308204662428	0.7912621359223301
44	0.3938997374640571	3.314789311817059	0.9594308204662428	0.7985436893203883
45	0.3938884268636289	2.816995313247809	0.9682107175295186	0.808252427184466
46	0.3938351438400593	2.2101121109265547	0.9754768392370572	0.7912621359223301
47	0.39368750154972076	2.4378916896306553	0.9748713290947624	0.7936893203883495
48	0.3936637518357258	1.9984697512565897	0.9791099000908265	0.7888349514563107
49	0.39359471321105954	1.4881311028909225	0.9842567363003331	0.7985436893203883
50	0.39356205510158165	1.4035172791291888	0.9860732667272177	0.8009708737864077
51	0.3935018731997563	1.0936508727116654	0.9894035725098396	0.8009708737864077
52	0.3934647002310123	0.8936126898311508	0.9921283681501665	0.7936893203883495
53	0.3934885130988227	1.0083630632143468	0.9912201029367242	0.8058252427184466
54	0.39352394884282893	0.8697132318674659	0.9915228580078717	0.7912621359223301
55	0.39351251295634676	0.803588725769749	0.9918256130790191	0.8009708737864077
-1	-1	-1	-1	-1
0	0.5223283767700195	21.410822405264927	0.6251892219194671	0.662621359223301
1	0.45850861072540283	21.513119275753315	0.5782621858916137	0.6043689320388349
2	0.43614745140075684	19.722178830550266	0.6663639115955192	0.6067961165048543
3	0.4271976947784424	18.884757667779922	0.6811989100817438	0.7378640776699029
4	0.4210532188415527	18.86175592129047	0.6830154405086285	0.7087378640776699
5	0.4169376691182454	18.386349100332993	0.7017862549197699	0.7087378640776699
6	0.41423749923706055	18.240224375174595	0.706630336058129	0.7111650485436893
7	0.4125319719314575	17.46456553041935	0.7254011504692703	0.7402912621359223
8	0.41082239151000977	17.396993238192337	0.7356948228882834	0.691747572815534
9	0.4096538782119751	17.29006514640955	0.7308507417499243	0.7330097087378641
10	0.4085202217102051	17.09251704582801	0.7399333938843475	0.7014563106796117
11	0.4071068565050761	16.295760691165924	0.7629427792915532	0.7427184466019418
12	0.40604567527770996	15.995624581208595	0.7689978807145019	0.7402912621359223
13	0.4053556067602975	15.592222942755772	0.7708144111413866	0.7572815533980582
14	0.4046237786610921	15.530624793126034	0.7708144111413866	0.7354368932038835
15	0.403911292552948	15.265761833924513	0.771117166212534	0.7475728155339806
16	0.40371129092048197	14.537810758902477	0.7920072661217076	0.7378640776699029
17	0.4029312796062893	14.129667135385366	0.8019981834695731	0.7135922330097088
18	0.40218098540055125	13.84963479752724	0.8019981834695731	0.7475728155339806
19	0.40181641578674315	13.906936258077621	0.7995761429003936	0.7669902912621359
20	0.4014390990847633	13.109274779374783	0.8168331819557978	0.7524271844660194
21	0.40103870088403876	13.081226245715069	0.8186497123826824	0.7475728155339806
22	0.40069906607918115	12.404472653682415	0.8322736905843173	0.7645631067961165
23	0.4004430373509725	12.024152161983343	0.8383287920072662	0.7888349514563107
24	0.40023531913757326	11.295709615143446	0.8474114441416893	0.7597087378640777
25	0.40001988410949707	11.037930408349403	0.8534665455646382	0.7645631067961165
26	0.3998060491349962	10.538369453870333	0.8637602179836512	0.7742718446601942
27	0.3996591057096209	10.139670014381409	0.8743566454738116	0.7694174757281553
28	0.3996561806777428	9.4636119053914	0.8801089918256131	0.7718446601941747
29	0.3994391123453776	8.99874328649961	0.8828337874659401	0.7766990291262136
30	0.3990879366474767	8.25986880178635	0.8988798062367545	0.7936893203883495
31	0.3987910598516464	7.344617759952178	0.9109900090826522	0.7961165048543689
32	0.3987030838475083	7.30093289911747	0.9073569482288828	0.779126213592233
33	0.39875864281373863	6.399488659718862	0.9252194974265819	0.7888349514563107
34	0.3987644740513393	5.655264587356494	0.9291553133514986	0.7888349514563107
35	0.39868144856558907	5.452509801548261	0.9373297002724795	0.7888349514563107
36	0.39853804820292704	4.4449446229980545	0.9485316379049349	0.8058252427184466
37	0.3983914852142334	3.923885281627568	0.9521646987587042	0.8033980582524272
38	0.3986595288301126	4.07746345234605	0.9497426581895246	0.7864077669902912
39	0.398603492975235	3.155413598395311	0.9639721465334544	0.7961165048543689
40	0.398333456458115	2.3374304407491135	0.971238268240993	0.7888349514563107
41	0.39804217361268546	2.4650742026413073	0.9733575537390251	0.7839805825242718
42	0.39801895895669626	2.217953439945212	0.9733575537390251	0.7839805825242718
43	0.3979873873970725	1.7631061896681786	0.9803209203754163	0.7961165048543689
44	0.39793695873684354	1.1909438682218583	0.9884953072963972	0.7936893203883495
45	0.3978532189908235	1.161283711472956	0.9884953072963972	0.7888349514563107
46	0.397729939602791	0.7753025526270414	0.9942476536481986	0.7864077669902912
47	0.3974889814853668	0.82498799987997	0.9930366333636088	0.779126213592233
48	0.3975641824761216	0.9275754785093551	0.9921283681501665	0.7912621359223301
49	0.3973738431930542	0.673225232897004	0.9951559188616409	0.7839805825242718
50	0.39726730421477674	0.7778225337477545	0.9933393884347563	0.7766990291262136
51	0.39710175074063814	0.44197156772441726	0.9966696942173782	0.779126213592233
52	0.396957739344183	0.3922286761072218	0.997275204359673	0.7839805825242718
53	0.3967621193991767	0.3661044487162144	0.9963669391462306	0.7864077669902912
54	0.39659558642994275	0.32564558391459286	0.9963669391462306	0.779126213592233
55	0.3964603969029018	0.31054599306102876	0.9963669391462306	0.7864077669902912
56	0.3963696329217208	0.25600118941096855	0.997275204359673	0.7888349514563107
-1	-1	-1	-1	-1
0	0.481156587600708	22.12850186458001	0.5642035130224107	0.6383495145631068
1	0.4354513883590698	21.41672827188785	0.580557238037553	0.691747572815534
2	0.4202135403951009	19.990320467031918	0.6399152029073288	0.6359223300970874
3	0.41290968656539917	20.15625894528169	0.6499091459721381	0.7111650485436893
4	0.40895543098449705	19.116276663083298	0.6883706844336765	0.6796116504854369
5	0.40652549266815186	19.21621162387041	0.6744397334948516	0.6116504854368932
6	0.4047574656350272	18.414934238562218	0.6968503937007874	0.7038834951456311
7	0.40337520837783813	18.035797958190624	0.7138098122350091	0.7087378640776699
8	0.40187456872728133	17.977897909971382	0.7050272562083586	0.7160194174757282
9	0.40091495513916015	17.5113024023863	0.7228952150211992	0.7160194174757282
10	0.40015996586192737	17.316236367592445	0.7310720775287705	0.75
11	0.3998508056004842	16.569847581478264	0.7510599636583889	0.7184466019417476
12	0.39946561593275803	16.739445438751808	0.7510599636583889	0.7135922330097088
13	0.39928953988211496	16.185430645942688	0.7571168988491823	0.7621359223300971
14	0.39919106165568036	15.744827683155354	0.7671108419139915	0.7572815533980582
15	0.3988970071077347	15.4478218463751	0.7777104784978801	0.7402912621359223
16	0.39917706040775075	15.056871615923368	0.7855844942459116	0.7184466019417476
17	0.399091641108195	15.13552463054657	0.7840702604482132	0.7645631067961165
18	0.3986023852699681	14.353749483823776	0.7919442761962447	0.75
19	0.3982151627540588	14.413041211091555	0.7986069049061175	0.7645631067961165
20	0.3977817807878767	13.753526793076443	0.8089036947304664	0.7718446601941747
21	0.39731426672501996	13.614089576097635	0.8131435493640218	0.75
22	0.3967531349347985	13.152364171468294	0.8225317989097517	0.7742718446601942
23	0.39647965629895526	12.754764043367826	0.8188976377952756	0.7766990291262136
24	0.3964245319366455	12.124361566626108	0.8458509993943065	0.7766990291262136
25	0.3962429945285504	11.86583506831756	0.8434282253179891	0.7645631067961165
26	0.395939932929145	11.473044654497734	0.8503937007874016	0.7815533980582524
27	0.3956384573663984	10.589431661825914	0.8634161114476075	0.7912621359223301
28	0.3952445079540384	10.346981196449352	0.8673531193216233	0.7742718446601942
29	0.3969135602315267	9.865450370770235	0.868564506359782	0.8033980582524272
30	0.3966671266863423	9.619789394048544	0.8770442156268928	0.8033980582524272
31	0.39626941829919815	8.700251493316431	0.8909751665657177	0.7985436893203883
32	0.39597548860492127	8.640630004497675	0.8946093276801939	0.7815533980582524
33	0.395752233617446	8.083708540178263	0.9009691096305269	0.8131067961165048
34	0.39551308495657783	7.4556713333496685	0.9082374318594791	0.7718446601941747
35	0.39520806736416286	7.045804277922098	0.9145972138098122	0.7718446601941747
36	0.3949124168705296	6.478686128671352	0.9230769230769231	0.7936893203883495
37	0.3946941024378726	5.947989383569131	0.9230769230769231	0.7766990291262136
38	0.39449202097379243	5.563737819974239	0.9312537855844942	0.7888349514563107
39	0.3943553626537323	4.588703981385781	0.9427619624470018	0.7936893203883495
40	0.3941894159084413	4.205979187757923	0.9533615990308903	0.8009708737864077
41	0.39394967896597727	4.021756500757944	0.9512416717141127	0.7572815533980582
42	0.3937436536301014	3.7720223270141733	0.9515445184736523	0.7961165048543689
43	0.39359094337983563	3.134710873548801	0.9624470018170805	0.779126213592233
44	0.39354335996839734	2.716547506001706	0.9678982434887947	0.8033980582524272
45	0.3935130730919216	2.0802106266984572	0.9766807995154452	0.7912621359223301
46	0.3934927595422623	2.558972846859923	0.9706238643246518	0.8058252427184466
47	0.39339283605416614	1.9464286601600738	0.9800121138703816	0.8058252427184466
48	0.3933341065231635	1.7898149859840766	0.9836462749848577	0.8009708737864077
49	0.3932980728149414	1.4371818751275827	0.9848576620230164	0.7936893203883495
50	0.3932944138844808	1.1673671987552483	0.9894003634161115	0.7936893203883495
51	0.3932523727416992	0.918356560367661	0.9918231374924288	0.7985436893203883
52	0.39321710028738344	1.0357104977861478	0.9903089036947305	0.7888349514563107
53	0.39311269919077557	0.9096002317741155	0.9924288310115081	0.7888349514563107
-1	-1	-1	-1	-1
0	0.4753599166870117	22.946108150940674	0.5443804907603756	0.5060532687651331
1	0.43402814865112305	20.923166871070862	0.6079975764919722	0.5036319612590799
2	0.42063132921854657	20.197763887735512	0.6446531354135111	0.513317191283293
3	0.41394585371017456	19.868213112537678	0.6498030899727355	0.7191283292978208
4	0.4097870349884033	18.945562669864067	0.6879733414116934	0.6343825665859564
5	0.40771281719207764	19.407036556647373	0.6685852771887307	0.6973365617433414
6	0.4053380489349365	18.898606249919304	0.6876704029082097	0.7336561743341404
7	0.40337443351745605	18.34479589645679	0.7094819751590428	0.7046004842615012
8	0.4022706084781223	18.2441253891358	0.7067555286276885	0.7312348668280871
9	0.40132453441619875	17.693883923383858	0.7152378067252347	0.7239709443099274
10	0.4007776000282981	17.30492844260656	0.7261435928506513	0.7167070217917676
11	0.4002360900243123	17.03583957369511	0.7343229324447137	0.7578692493946732
12	0.3997607414539044	16.740907517763283	0.7452287185701303	0.7409200968523002
13	0.3991772447313581	16.261450299849876	0.7564374431990306	0.7651331719128329
14	0.3987751007080078	15.885037229611324	0.7618903362617389	0.7457627118644068
15	0.3990577906370163	15.853688224003864	0.7685549833383823	0.7772397094430993
16	0.39884170363931093	15.11562087902656	0.7840048470160558	0.7602905569007264
17	0.3985960880915324	15.070230093139868	0.7782490154498637	0.7578692493946732
18	0.3983856753299111	15.001620803888027	0.7815813389881854	0.7699757869249395
19	0.39802980422973633	14.168440119005167	0.7882459860648289	0.7723970944309927
20	0.3983612855275472	13.650743832954994	0.8073311117843078	0.7578692493946732
21	0.39823888648640027	13.500110786694746	0.8064222962738564	0.7990314769975787
22	0.397357412006544	12.837443831448372	0.8182368979097243	0.7820823244552058
23	0.3971973756949107	12.49669730090178	0.8236897909724326	0.8062953995157385
24	0.3969250774383545	11.987144024326252	0.8394425931535898	0.7893462469733656
25	0.3973042964935303	11.34824317922959	0.8451984247197819	0.7820823244552058
26	0.3969758263340703	10.869767516851425	0.8482278097546199	0.7917675544794189
27	0.3968709536961147	10.633603541896893	0.8633747349288095	0.7893462469733656
28	0.39696739459859914	9.961577979417948	0.8682217509845501	0.7917675544794189
29	0.3971157391866048	9.51273044026815	0.8721599515298395	0.7966101694915254
30	0.39722599521760016	8.93490926348246	0.8851863071796425	0.7917675544794189
31	0.3976624980568886	8.16828856846461	0.891850954256286	0.7723970944309927
32	0.397679682933923	8.058121747982044	0.8973038473189943	0.774818401937046
33	0.3976311403162339	7.203147817403078	0.9103302029687973	0.7893462469733656
34	0.3974953992026193	6.748749818939429	0.9163889730384732	0.7917675544794189
35	0.39751966132058036	6.285737585562926	0.9194183580733111	0.7917675544794189
36	0.3978628210119299	5.6141258760427055	0.9315358982126628	0.7675544794188862
37	0.39784619055296244	5.506248224240083	0.9266888821569221	0.8038740920096852
38	0.39781657854715985	4.575483598388159	0.941532868827628	0.801452784503632
39	0.3976372957229614	3.836204016437897	0.9551651014843987	0.7869249394673123
40	0.3975488674349901	3.459325063185623	0.9603150560436231	0.7941888619854721
41	0.3972959177834647	3.6502791665093706	0.959103302029688	0.7917675544794189
42	0.3971145596615104	2.8113255745802936	0.9712208421690397	0.7941888619854721
43	0.39698161862113257	2.2376448361632915	0.9769766737352318	0.7820823244552058
-1	-1	-1	-1	-1
0	0.4727163314819336	20.86233631005654	0.6346561647985459	0.612590799031477
1	0.4328956604003906	20.106158491510612	0.6619206301120872	0.6803874092009685
2	0.4274893601735433	21.40179340655987	0.5834595577097849	0.6682808716707022
3	0.4366913437843323	19.430365830659866	0.6649500151469252	0.6368038740920097
4	0.42907238006591797	18.892893433570862	0.6816116328385338	0.6053268765133172
5	0.4249142011006673	18.613921734002922	0.6940321114813692	0.7215496368038741
6	0.4262290341513498	18.016072605664913	0.7082702211451075	0.7360774818401937
7	0.42541179060935974	17.8212951032015	0.713420175704332	0.7336561743341404
8	0.4238236215379503	17.525868874329788	0.7303847318994244	0.7239709443099274
9	0.4224536895751953	17.660594804928852	0.7155407452287186	0.6997578692493946
10	0.41891917315396393	16.8746950672223	0.739775825507422	0.7433414043583535
11	0.41552941004435223	16.260474061736694	0.7512874886398061	0.7336561743341404
12	0.41266485360952526	16.549459899847324	0.7434110875492275	0.7360774818401937
13	0.4103409392493112	16.019643906217354	0.7627991517721903	0.7651331719128329
14	0.4089013417561849	15.589416632285484	0.764616782793093	0.7530266343825666
15	0.40787190198898315	15.814615944257149	0.7591638897303847	0.7796610169491526
16	0.406942185233621	15.33143262909009	0.7746137534080582	0.7651331719128329
17	0.4062172969182332	14.794418478241333	0.7788548924568313	0.7723970944309927
18	0.40516181995994166	14.32996629178524	0.7912753710996667	0.7578692493946732
19	0.4049433946609497	14.058277870026918	0.8097546198121781	0.7941888619854721
20	0.40466385795956566	13.922278667585207	0.8076340502877916	0.7966101694915254
21	0.40430422262711957	13.232517637885534	0.8152075128748864	0.8087167070217918
22	0.40396168957585876	12.980947116819712	0.8282338685246895	0.7796610169491526
23	0.4035947918891907	12.924237943612612	0.8173280823992729	0.8062953995157385
24	0.4032248592376709	12.212228984786915	0.8342926385943653	0.7820823244552058
25	0.40284564861884486	12.002574880535786	0.8415631626779764	0.8087167070217918
26	0.4024134741889106	11.50879930332303	0.846410178733717	0.8280871670702179
27	0.40212675503322054	11.065172359347343	0.8597394728870039	0.8135593220338984
28	0.4019166683328563	10.68990700520002	0.8600424113904878	0.8353510895883777
29	0.4016464948654175	10.290565113608654	0.8661011814601636	0.8256658595641646
30	0.4013315093132757	9.735650505010899	0.8748863980611936	0.8208232445520581
31	0.4006987437605858	9.269224165723873	0.8803392911239019	0.837772397094431
32	0.4001818931463993	9.196070561042198	0.8809451681308694	0.837772397094431
33	0.3996741631451775	8.481659711553501	0.8909421387458346	0.8426150121065376
34	0.3993036474500384	7.975611637991208	0.897606785822478	0.8184019370460048
35	0.3987630075878567	7.488567854922551	0.9082096334444107	0.8159806295399515
36	0.3981131991824588	7.056240712256672	0.9145713420175704	0.8208232445520581
37	0.39755863264987346	6.202699545484323	0.925477128142987	0.8111380145278451
38	0.3970641539647029	6.074000837317167	0.9221448046046653	0.8184019370460048
39	0.39669586420059205	5.359830248026321	0.9360799757649197	0.8329297820823245
40	0.3963325081801996	4.645338422977007	0.9427446228415631	0.8232445520581114
41	0.3960132087979998	4.551966881737686	0.948803392911239	0.8062953995157385
42	0.3956468992455061	3.9447033485540977	0.9509239624356256	0.8305084745762712
43	0.39553345333446155	3.3566888635261702	0.9615268100575584	0.8280871670702179
44	0.39557334582010906	2.8165515622553916	0.9691002726446531	0.8208232445520581
45	0.3956276903981748	3.0432119177511106	0.9651620720993638	0.8087167070217918
46	0.39545118555109554	2.5989623954833054	0.9730384731899424	0.8232445520581114
47	0.3951541135708491	2.317400451319722	0.9766737352317479	0.8329297820823245
48	0.39483083024316906	1.8855385939330938	0.9787943047561345	0.8184019370460048
49	0.3945714855194092	1.4760855356088052	0.9845501363223266	0.8087167070217918
50	0.39434140336279777	1.4242071668402507	0.9878824598606483	0.8256658595641646
51	0.39413390709803653	1.0114660603276906	0.9887912753710997	0.8208232445520581
52	0.39394206370947493	0.9559458177460468	0.9915177219024538	0.8184019370460048
53	0.3939322189048485	0.7386682934190433	0.9936382914268403	0.8232445520581114
-1	-1	-1	-1	-1
0	0.47078442573547363	20.963630284254368	0.6131475310511966	0.5423728813559322
1	0.42682552337646484	20.62520651633923	0.6204180551348076	0.6077481840193705
2	0.41297229131062824	19.373263927606438	0.6598000605877007	0.5423728813559322
3	0.4067721366882324	19.35276898283225	0.6582853680702817	0.5980629539951574
4	0.40216641426086425	19.151525710637753	0.6773704937897607	0.6731234866828087
5	0.39890913168589276	17.937124846073296	0.7140260527112996	0.6803874092009685
6	0.39583897590637207	17.800067603588104	0.7122084216903969	0.7046004842615012
7	0.3939959406852722	17.5866376046951	0.7209936382914268	0.7191283292978208
8	0.3926909499698215	17.179054191479317	0.7297788548924569	0.7167070217917676
9	0.39226455688476564	17.352088930515144	0.7270524083611027	0.7070217917675545
10	0.39154787497086957	17.037972901876156	0.7376552559830355	0.7263922518159807
11	0.39086608091990155	16.621201627529583	0.745531657073614	0.738498789346247
12	0.3901656774374155	16.600219854941734	0.7531051196607089	0.7239709443099274
13	0.3898531879697527	16.285239171523315	0.7497727961223871	0.7191283292978208
14	0.3893736998240153	15.762294691342573	0.7588609512269009	0.7312348668280871
15	0.3889361321926117	15.40126641209309	0.7727961223871554	0.7602905569007264
16	0.38854248383465934	15.328228634137373	0.7700696758558013	0.7651331719128329
17	0.38789521323310006	14.878621190786362	0.7840048470160558	0.7288135593220338
18	0.3873677379206607	14.484290957450867	0.787943047561345	0.7094430992736077
19	0.38692095279693606	14.082544987018291	0.790972432596183	0.7675544794188862
20	0.38667287145342144	14.096110288913433	0.7994547106937292	0.7481840193704601
21	0.386440710587935	13.587194500061182	0.8052105422599213	0.7651331719128329
22	0.38627655609794287	13.267027141956182	0.8118751893365647	0.7723970944309927
23	0.38598554333051044	12.62319952249527	0.8249015449863678	0.7699757869249395
24	0.38599931716918945	12.260473728179932	0.8242956679794002	0.784503631961259
25	0.3857649289644681	11.710037208520449	0.8382308391396547	0.7820823244552058
26	0.38550823706167714	11.783135174558712	0.8418661011814602	0.7941888619854721
27	0.3868922165461949	11.07763400215369	0.8582247803695849	0.7699757869249395
28	0.3870148987605654	10.708512384157915	0.8558012723417147	0.7772397094430993
29	0.38664332230885823	10.407359725007645	0.8657982429566798	0.7699757869249395
30	0.3866257667541504	9.569313558821495	0.8770069675855802	0.7820823244552058
31	0.3867080733180046	9.5165632046186	0.8764010905786126	0.7990314769975787
32	0.3865239981449012	8.888170809413378	0.8876098152075129	0.7893462469733656
33	0.38662297585431266	8.474217638659935	0.8933656467737049	0.774818401937046
34	0.38680635179792133	7.904500798537181	0.9003332323538322	0.7651331719128329
35	0.38685888051986694	8.074498601830923	0.9000302938503484	0.7941888619854721
36	0.3869665571161219	7.154551985172125	0.9103302029687973	0.8159806295399515
37	0.38681785683882863	6.413196552258271	0.9242653741290519	0.7990314769975787
38	0.38663547466962767	5.676749322276849	0.9324447137231142	0.8159806295399515
39	0.38660588264465334	5.343182793030372	0.9348682217509845	0.7917675544794189
40	0.38659340579335283	5.051041615697054	0.943047561345047	0.7796610169491526
41	0.386531636828468	4.29868220545065	0.9442593153589821	0.8159806295399515
42	0.3865273165148358	3.833234079182148	0.9530445319600122	0.8280871670702179
43	0.3862494880502874	3.625107979688507	0.9566797940018177	0.8159806295399515
44	0.38621369467841254	2.9090296482810607	0.9657679491063315	0.8087167070217918
45	0.3864510214847067	2.954709644957732	0.9657679491063315	0.8111380145278451
46	0.38669392910409484	2.3114798464454136	0.9727355346864587	0.8305084745762712
47	0.3868494878212611	2.478294263737133	0.975159042714329	0.8280871670702179
48	0.3871039663042341	1.8188474249954407	0.9812178127840049	0.8135593220338984
49	0.3872929954528809	1.3242598141615207	0.9872765828536807	0.8184019370460048
50	0.3874102246527578	1.2257013961744423	0.9875795213571645	0.8111380145278451
51	0.38763603338828456	0.8687145433079702	0.9918206604059376	0.8087167070217918
52	0.38776009937502304	0.7621629780444962	0.9933353529233565	0.8305084745762712
53	0.3879635554772836	0.7954277183968	0.9933353529233565	0.8184019370460048
54	0.3882635940204967	0.7094839830220175	0.9942441684338079	0.8038740920096852
55	0.388472386768886	0.7716349523218994	0.9936382914268403	0.8305084745762712
56	0.38861833957203645	0.6433377236199493	0.9939412299303242	0.8232445520581114
57	0.3886794016279023	0.469769353857443	0.9966676764616783	0.8280871670702179
58	0.38876773947376314	0.40524794022516847	0.996970614965162	0.8111380145278451
59	0.38881760835647583	0.38676164053210343	0.9972735534686459	0.8280871670702179
60	0.3888185532366643	0.3368668365695227	0.9966676764616783	0.8159806295399515
61	0.38881627590425555	0.33056165916413577	0.9975764919721296	0.8159806295399515
62	0.38884049370175316	0.2902215728379535	0.9978794304756134	0.8232445520581114
63	0.3888772167265415	0.22453567020308512	0.998485307482581	0.8184019370460048
64	0.38894916681142955	0.2887064208446715	0.9972735534686459	0.8135593220338984
65	0.3890196807456739	0.2644484725516612	0.9978794304756134	0.8159806295399515
66	0.389059443972004	0.2499193920554647	0.9978794304756134	0.8256658595641646
-1	-1	-1	-1	-1
0	0.5280492305755615	20.65008908510208	0.6437443199030597	0.5569007263922519
1	0.46112024784088135	22.896095344653496	0.5792184186610119	0.6682808716707022
2	0.4420046806335449	20.447731114350834	0.6298091487428052	0.6755447941888619
3	0.43186289072036743	20.150259114228763	0.6413208118751893	0.5956416464891041
4	0.42580547332763674	19.483593959074753	0.6613147531051197	0.7021791767554479
5	0.4211687644322713	19.13992276100012	0.6843380793698879	0.6295399515738499
6	0.41820669174194336	18.842259186964768	0.6861557103907907	0.6222760290556901
7	0.4165704846382141	18.94833045051648	0.6952438654953045	0.6246973365617433
8	0.4148959053887261	18.51236890027156	0.706149651620721	0.7263922518159807
9	0.41345882415771484	17.69207641023856	0.7219024538018782	0.7457627118644068
10	0.4121632792732932	17.665062026335644	0.732505301423811	0.738498789346247
11	0.41100504000981647	17.482344100108513	0.7285671008785216	0.6973365617433414
12	0.41003843454214245	17.225378109858585	0.7331111784307786	0.7554479418886199
13	0.409223096711295	16.72557652913607	0.7476522265980006	0.7772397094430993
14	0.40854992866516116	16.478199201134537	0.7512874886398061	0.7796610169491526
15	0.4079740196466446	16.07811539906722	0.7606785822478037	0.7433414043583535
16	0.4071955260108499	16.081750599237587	0.7597697667373523	0.7627118644067796
17	0.4065776798460219	15.756987993533794	0.7676461678279309	0.7966101694915254
18	0.40606515031111867	14.914293422148777	0.7776431384428961	0.7820823244552058
19	0.4057663679122925	14.89023315677276	0.7873371705543775	0.7627118644067796
20	0.40563022522699266	14.85514103449308	0.7858224780369585	0.7796610169491526
21	0.40543376315723767	14.655477930720036	0.7855195395334748	0.7796610169491526
22	0.40524471324423084	14.110944852232933	0.8027870342320509	0.7966101694915254
23	0.4050215184688568	13.492397296887178	0.8106634353226295	0.801452784503632
24	0.4048129177093506	13.194045589520382	0.8136928203574675	0.8038740920096852
25	0.4047693380942711	13.101907675082867	0.8170251438957892	0.7893462469733656
26	0.4046456107386836	12.297581904209578	0.833383823083914	0.7723970944309927
27	0.4044466188975743	11.708003979462843	0.8433807936988791	0.801452784503632
28	0.4042187476980275	11.148950945872526	0.8518630717964253	0.7966101694915254
29	0.4037420908610026	10.814559432749565	0.8551953953347471	0.8111380145278451
30	0.4034129265815981	10.17768014738193	0.8651923659497122	0.8135593220338984
31	0.40312032401561737	9.595429823948788	0.8791275371099667	0.8062953995157385
32	0.40289764693289093	8.80301321699069	0.884580430172675	0.7941888619854721
33	0.4025744830860811	8.100249563845304	0.8963950318085429	0.7990314769975787
34	0.40246318408421106	7.521544652417875	0.9021508633747349	0.801452784503632
35	0.40221467945310807	7.258588822128681	0.9066949409269918	0.8087167070217918
36	0.40190611014495026	6.154616749630525	0.9245683126325356	0.8280871670702179
37	0.4017991956911589	5.669760338102396	0.928506513177825	0.8184019370460048
38	0.4017805625230838	5.292583392933011	0.9357770372614359	0.8038740920096852
39	0.4017301440238953	4.988854442651455	0.9412299303241441	0.8208232445520581
40	0.4017922645661889	4.018540452843388	0.95607391699485	0.8232445520581114
41	0.4018251101175944	3.540816511099155	0.9572856710087853	0.801452784503632
42	0.4018591670102851	4.05021627798963	0.9524386549530446	0.774818401937046
43	0.401803656057878	2.8606928527319373	0.9669797031202666	0.8038740920096852
44	0.401876958211263	2.587942888530401	0.9733414116934263	0.8256658595641646
45	0.40189765847247577	2.008995091539873	0.9790972432596183	0.8159806295399515
46	0.40239584699590153	1.5706028938651657	0.983944259315359	0.8159806295399515
47	0.4023677259683609	1.4846006150429065	0.9845501363223266	0.8087167070217918
48	0.4022182931705397	1.3719281069217966	0.9884883368676158	0.8038740920096852
49	0.4020060396194458	1.3497624767120355	0.9884883368676158	0.8135593220338984
50	0.40175594535528447	0.8158473643617561	0.9948500454407755	0.8184019370460048
51	0.40148470951960635	0.9957516027721934	0.9942441684338079	0.8062953995157385
52	0.4013070340426463	0.9558112124034849	0.9951529839442593	0.8208232445520581
53	0.401245532212434	0.605244284925547	0.9972735534686459	0.8038740920096852
54	0.40107821117747916	0.6208983892037605	0.9957588609512269	0.8232445520581114
55	0.4010914947305407	0.637724134108374	0.996970614965162	0.8353510895883777
56	0.40076364132395964	0.5442426981082042	0.9975764919721296	0.8184019370460048
57	0.4004529303517835	0.49735363850553627	0.9972735534686459	0.8329297820823245
58	0.40023712788598015	0.40429276098886757	0.9972735534686459	0.7869249394673123
59	0.4000586907068888	0.49797962469836843	0.996970614965162	0.8232445520581114
60	0.39998533295803385	0.5823781448774613	0.9966676764616783	0.8159806295399515
61	0.3998066263814126	0.41575837635005325	0.9972735534686459	0.8280871670702179
62	0.3995998473394485	0.35290408366787374	0.9975764919721296	0.8232445520581114
63	0.3993975594639778	0.29415646340035334	0.9981823689790973	0.8184019370460048
64	0.3992552537184495	0.7002805114562551	0.9954559224477431	0.8280871670702179
65	0.39909670930920227	0.3396628293233404	0.9975764919721296	0.8305084745762712
66	0.3989800019050712	0.339759871959149	0.9975764919721296	0.8329297820823245
67	0.3988879813867457	0.3081293156854092	0.9975764919721296	0.8256658595641646
68	0.3988025741300721	0.32637137588846177	0.9975764919721296	0.8256658595641646
69	0.3987632138388498	0.23394973334507085	0.9978794304756134	0.8329297820823245
70	0.3986935313318817	0.1818127101578284	0.998485307482581	0.8280871670702179
71	0.39872464206483627	0.27572534499967516	0.9981823689790973	0.8329297820823245
72	0.3987628368482198	0.2759238355837834	0.9975764919721296	0.8232445520581114
73	0.3987674616478585	0.2545592495455192	0.9978794304756134	0.8353510895883777
74	0.3987670866648356	0.14032255873518387	0.9981823689790973	0.8329297820823245
75	0.3987179022086294	0.17544426247387981	0.9978794304756134	0.8329297820823245
-1	-1	-1	-1	-1
0	0.4774174690246582	22.78551315344297	0.5425628597394729	0.6561743341404358
1	0.4359523057937622	21.795905149899998	0.561345046955468	0.6537530266343826
2	0.4224584897359212	20.35752819134639	0.6307179642532565	0.6464891041162227
3	0.41582345962524414	20.117454778689606	0.6334444107846108	0.6658595641646489
4	0.41253175735473635	19.01456505518693	0.6840351408664042	0.7070217917675545
5	0.4109792709350586	19.02060107084421	0.6855498333838231	0.7191283292978208
6	0.40951105526515413	18.69591513505349	0.6937291729778855	0.5520581113801453
7	0.40777111053466797	18.73397929622577	0.6825204483489852	0.7094430992736077
8	0.4073481294843886	17.86426260150396	0.7131172372008482	0.6900726392251816
9	0.4062609910964966	17.485730152863724	0.7231142078158134	0.738498789346247
10	0.40593734654513275	17.519421847967003	0.7237200848227809	0.7021791767554479
11	0.4057099421819051	16.98393388894888	0.7364435019691002	0.7312348668280871
12	0.4049980640411377	16.54867906524585	0.7437140260527113	0.6513317191283293
13	0.4044635125568935	16.409063051526363	0.7576491972129658	0.7433414043583535
14	0.4041487693786621	16.961679356602524	0.7358376249621327	0.7602905569007264
15	0.4040202349424362	16.01050860606707	0.7658285368070282	0.7578692493946732
16	0.4038232775295482	15.58696142068276	0.7612844592547713	0.7627118644067796
17	0.403616812494066	15.452603441018324	0.7721902453801878	0.7820823244552058
18	0.4035596596567254	15.587471118340126	0.7709784913662526	0.7893462469733656
19	0.4034575939178467	14.911133143764276	0.7843077855195395	0.7675544794188862
20	0.40341063908168245	14.601238908676	0.7952135716449561	0.7796610169491526
21	0.40324562246149237	14.503640362849602	0.794001817631021	0.7941888619854721
22	0.40313311245130456	13.880893819607222	0.8049076037564374	0.7869249394673123
23	0.40305302540461224	13.742152565946945	0.8076340502877916	0.8038740920096852
24	0.4029711627960205	13.280331669518581	0.8109663738261133	0.7699757869249395
25	0.4029632348280687	13.019346154653109	0.8191457134201757	0.801452784503632
26	0.40294004369665076	12.665428013755726	0.8233868524689488	0.7772397094430993
27	0.4029174787657602	12.09242121531413	0.8352014541048167	0.8038740920096852
28	0.40279108080370674	11.6883536531375	0.8409572856710088	0.7893462469733656
29	0.4025524775187174	11.025311198945229	0.8542865798242957	0.8135593220338984
30	0.4022958355565225	10.382492975546764	0.8691305664950015	0.801452784503632
31	0.40207724273204803	10.117673876193853	0.8667070584671311	0.8208232445520581
32	0.401848063324437	9.571063748919046	0.8733717055437746	0.8087167070217918
33	0.4015144530464621	9.239437994475548	0.8760981520751288	0.801452784503632
34	0.40131873403276713	8.23898135125637	0.891850954256286	0.8280871670702179
35	0.4010987944073147	7.5246202395512505	0.9054831869130566	0.8062953995157385
36	0.400990460370038	7.1418787722404184	0.9118448954862163	0.7990314769975787
37	0.40087420062014933	6.387918347349534	0.9179036655558922	0.8208232445520581
38	0.4007491026169214	6.117575370348417	0.9236594971220842	0.8135593220338984
39	0.400722599029541	5.508139720902993	0.9309300212056952	0.7941888619854721
40	0.4004936276412592	4.825863531002631	0.936988791275371	0.7893462469733656
41	0.40016714731852215	4.817427473286023	0.943047561345047	0.8280871670702179
42	0.3998632541922636	3.6781643639103723	0.957588609512269	0.801452784503632
43	0.39968607100573456	3.5530923266823473	0.9600121175401394	0.7990314769975787
44	0.3996172799004449	2.6053515635430813	0.9700090881551046	0.8184019370460048
45	0.3996058754298998	2.0836199087386307	0.9784913662526508	0.8062953995157385
46	0.39955483091638444	2.28723801085009	0.9745531657073614	0.8232445520581114
47	0.3994668920834859	1.7313841562718153	0.9797031202665859	0.801452784503632
48	0.39932658720989617	1.81756684893984	0.9794001817631021	0.8208232445520581
49	0.39934959411621096	1.2915856660558627	0.9869736443501969	0.8208232445520581
50	0.39943822692422304	1.127482005679772	0.9897000908815511	0.8087167070217918
51	0.39943084808496326	0.7916841927620296	0.9924265374129052	0.8208232445520581
52	0.39950172406322554	0.7927806850773498	0.9927294759163889	0.8038740920096852
53	0.3994155239175867	0.6252495689326539	0.9942441684338079	0.8062953995157385
54	0.39941643368114127	0.6023212187260819	0.9957588609512269	0.8087167070217918
-1	-1	-1	-1	-1
0	0.5286784172058105	21.633726404263424	0.5770978491366253	0.585956416464891
1	0.46348726749420166	20.7706842147387	0.6210239321417752	0.6828087167070218
2	0.4414979616800944	20.22880306839943	0.6401090578612542	0.6876513317191283
3	0.4306301474571228	19.305819110228466	0.671008785216601	0.6561743341404358
4	0.4237351417541504	18.741596595599102	0.6822175098455013	0.6997578692493946
5	0.4186916748682658	18.292847892412773	0.7140260527112996	0.6900726392251816
6	0.4149770055498396	18.066306377832706	0.7173583762496213	0.7239709443099274
7	0.4121251702308655	17.81797874088471	0.7173583762496213	0.7457627118644068
8	0.4096359676784939	17.424012014499077	0.7270524083611027	0.6368038740920097
9	0.40788023471832274	17.333991456490295	0.7306876704029082	0.7070217917675545
10	0.4066830981861461	16.84345574103869	0.7431081490457437	0.711864406779661
11	0.40620966752370197	16.494009270117832	0.7503786731293547	0.7263922518159807
12	0.4056711563697228	16.114704916110405	0.757346258709482	0.7191283292978208
13	0.40529191493988037	16.211740393478138	0.7552256891850955	0.738498789346247
14	0.4049589951833089	15.57818192243576	0.7676461678279309	0.7191283292978208
15	0.40381568670272827	15.640983057136719	0.7737049378976067	0.7481840193704601
16	0.4029681542340447	15.192585227581171	0.7706755528627689	0.7675544794188862
17	0.40249232451121014	14.903406539788612	0.7837019085125719	0.7481840193704601
18	0.40209504177695826	14.438925582628984	0.7918812481066344	0.738498789346247
19	0.4018456220626831	14.348888979508327	0.7918812481066344	0.7602905569007264
20	0.4014806406838553	14.247251843030636	0.8018782187215995	0.7675544794188862
21	0.4009980938651345	13.775597437069965	0.8043017267494699	0.7457627118644068
22	0.40054605318152386	13.403608002341711	0.8112693123295971	0.7651331719128329
23	0.4001823465029399	12.74042075070051	0.8270221145107544	0.7602905569007264
24	0.3997602367401123	12.40100146486209	0.8267191760072705	0.7723970944309927
25	0.39937320122352016	12.346075791579027	0.8370190851257194	0.7772397094430993
26	0.399058288998074	11.265796170784878	0.850954256285974	0.7699757869249395
27	0.3986172250338963	11.344185962126804	0.8551953953347471	0.7820823244552058
28	0.3983117711955103	10.602426402843916	0.8527718873068767	0.7893462469733656
29	0.398144793510437	9.900061270365349	0.8736746440472584	0.7917675544794189
30	0.3981299323420371	9.456402805562202	0.8745834595577098	0.8135593220338984
31	0.397993266582489	8.81169976731046	0.8909421387458346	0.7796610169491526
32	0.39783136772386957	8.129838757790052	0.8936685852771887	0.7820823244552058
33	0.3976905626409194	7.405385301663325	0.9097243259618297	0.7772397094430993
34	0.39754622323172434	6.9761032072397375	0.9073008179339594	0.8062953995157385
35	0.39735905991660225	6.47059135683454	0.9194183580733111	0.774818401937046
36	0.39723617321736104	5.728865115688397	0.9288094516813087	0.8111380145278451
37	0.3971668481826782	5.5075640959235335	0.9339594062405332	0.784503631961259
38	0.39708485970130336	4.320040926910364	0.9475916388973038	0.7990314769975787
39	0.3969570159912109	3.800504306617838	0.9569827325053014	0.7990314769975787
40	0.39676137086821767	2.9308693695526857	0.9666767646167828	0.7893462469733656
41	0.39659022149585543	2.478444441006734	0.9709179036655559	0.7990314769975787
42	0.3963904658029246	2.7670354902959216	0.9687973341411693	0.784503631961259
43	0.3962373300032182	2.030641163341128	0.9778854892456831	0.7941888619854721
44	0.39612278938293455	1.1954803079581604	0.9893971523780672	0.8038740920096852
45	0.39598917961120605	0.9404566337426121	0.9909118448954862	0.7917675544794189
46	0.3957860469818115	1.1334594701637308	0.9897000908815511	0.8111380145278451
47	0.39565343161424	1.5666254983603163	0.9857618903362617	0.8087167070217918
48	0.3954805062741649	0.9106589524218669	0.9927294759163889	0.7869249394673123
49	0.3954258251190186	0.8824732070072339	0.9915177219024538	0.7893462469733656
50	0.3953884395898557	0.47681109270510763	0.9966676764616783	0.801452784503632
-1	-1	-1	-1	-1
0	0.4674875736236572	20.76875800582079	0.6405208964264082	0.6682808716707022
1	0.4288822412490845	20.59759754400987	0.6235614778921865	0.6271186440677966
2	0.4140501022338867	19.19833197043492	0.6741368867353119	0.5641646489104116
3	0.40748733282089233	19.16914768402393	0.6829194427619625	0.6561743341404358
4	0.40392584800720216	18.69908623970472	0.6950333131435493	0.6876513317191283
5	0.4016421635945638	18.759543299674988	0.6883706844336765	0.6537530266343826
6	0.40009427070617676	18.185664729430126	0.7068443367655967	0.6707021791767555
7	0.39871761202812195	17.41145049035549	0.7262265293761356	0.6610169491525424
8	0.3977308538224962	17.050465333920258	0.7365233192004845	0.6658595641646489
9	0.39694628715515134	16.900905673320477	0.7480314960629921	0.6682808716707022
10	0.39663260633295233	16.54000026675371	0.7525741974560872	0.6924939467312349
11	0.39652899901072186	16.52183225063177	0.7498485766202302	0.7070217917675545
12	0.3963949496929462	15.935982080606314	0.7674136886735312	0.711864406779661
13	0.3962053060531616	15.806917972289598	0.771350696547547	0.7167070217917676
14	0.39590959548950194	15.337426515725943	0.7825560266505148	0.7215496368038741
15	0.3954286277294159	15.042708928768452	0.7795275590551181	0.7142857142857143
16	0.3949693511514103	14.583821725386839	0.790732889158086	0.7360774818401937
17	0.3946588569217258	14.44152360696059	0.7986069049061175	0.7360774818401937
18	0.3944197453950581	14.20628983928607	0.7989097516656571	0.7433414043583535
19	0.3942286491394043	13.393731144758371	0.8137492428831011	0.7481840193704601
20	0.3941216922941662	13.143040312024263	0.8173834039975773	0.7530266343825666
21	0.3938455148176713	12.939724371983456	0.821320411871593	0.7554479418886199
22	0.39370666379513947	12.491439085740309	0.8294972743791641	0.7675544794188862
23	0.3936155637105306	12.287095081347685	0.8337371290127196	0.7602905569007264
24	0.3936833667755127	11.707592670734112	0.853725015142338	0.7917675544794189
25	0.3936879634857178	11.017031802580906	0.8558449424591157	0.7336561743341404
26	0.39376876089308	10.415064873603674	0.8691701998788613	0.7820823244552058
27	0.39381989410945345	10.413491767186384	0.8679588128407026	0.784503631961259
28	0.3936018532720105	9.678369042965082	0.8755299818291944	0.7990314769975787
29	0.3934328556060791	9.02953382065663	0.8867353119321624	0.7796610169491526
30	0.393461488908337	8.436865981954794	0.8937007874015748	0.7869249394673123
31	0.3934972882270813	8.41856375336647	0.8937007874015748	0.7820823244552058
32	0.3934999162500555	6.975253349313369	0.9124772864930345	0.7966101694915254
33	0.393567260573892	6.622414729916132	0.9161114476075106	0.784503631961259
34	0.3935150691441127	6.564856235797588	0.9188370684433677	0.7966101694915254
35	0.3935602307319641	5.400672932656912	0.9327680193821926	0.801452784503632
36	0.3936454218787116	4.861329362942622	0.9430648092065415	0.7893462469733656
37	0.3936289046940051	4.12583190202713	0.9503331314354937	0.7917675544794189
38	0.39353631092951846	4.102197155929529	0.9494245911568746	0.7869249394673123
39	0.39348761439323426	3.831382014430486	0.9533615990308903	0.8038740920096852
40	0.3933671916403422	3.0661727437892785	0.9657783161720169	0.8087167070217918
41	0.393346145039513	2.4799270649583867	0.9733494851605088	0.7941888619854721
42	0.39328772522682365	2.0355213717199288	0.9821320411871592	0.8111380145278451
43	0.393306629224257	1.650633101333649	0.9821320411871592	0.8111380145278451
44	0.3932885540856255	1.5953082082649837	0.9830405814657783	0.7966101694915254
45	0.39325292732404626	1.2887466910492198	0.9881889763779528	0.7990314769975787
46	0.393250658157024	0.765527759392101	0.9915202907328892	0.8087167070217918
47	0.3931983759005864	0.8612651966709214	0.9927316777710479	0.8111380145278451
48	0.3930942039100491	0.7691013953433588	0.9933373712901272	0.8232445520581114
49	0.392996129989624	0.7556259500113531	0.9957601453664445	0.8111380145278451
50	0.39293625308018104	0.6161084043112799	0.9942459115687462	0.8087167070217918
51	0.39288110916431135	0.7780509962109275	0.9942459115687462	0.8256658595641646
52	0.39277963818244216	0.8908743894963453	0.9915202907328892	0.8159806295399515
53	0.3926114108827379	0.6494312613951758	0.9948516050878256	0.8111380145278451
54	0.3925943374633789	0.40012986874745154	0.9963658388855239	0.8208232445520581
55	0.39263494099889484	0.31408223770827487	0.9984857662023017	0.8062953995157385
56	0.3926574891073662	0.26302405322292965	0.9987886129618413	0.8184019370460048
57	0.3926102087415498	0.30656222162248853	0.9984857662023017	0.8256658595641646
58	0.39260664632764913	0.3193726188530071	0.9981829194427619	0.8184019370460048
59	0.3925647775332133	0.3455526262857977	0.9981829194427619	0.8208232445520581
60	0.39255993483496493	0.24450770107348666	0.9978800726832223	0.8232445520581114
61	0.39254538474544404	0.25026110037637966	0.9978800726832223	0.8062953995157385
62	0.39258269658164374	0.29675189383516015	0.9978800726832223	0.8111380145278451
63	0.39259638264775276	0.19582413967789483	0.9978800726832223	0.8135593220338984
64	0.39255485534667967	0.2764317905064742	0.9978800726832223	0.8232445520581114
65	0.39250448617068207	0.16148008754148926	0.9981829194427619	0.8159806295399515
66	0.3924077126517225	0.24698908989711738	0.9981829194427619	0.8159806295399515
67	0.39233753961675305	0.2144128269126388	0.9984857662023017	0.8184019370460048
68	0.39229852565820666	0.18936400771201095	0.9978800726832223	0.8184019370460048
69	0.3922799825668335	0.19057097529954403	0.9978800726832223	0.8111380145278451
70	0.3922310681410239	0.20972540930261646	0.9978800726832223	0.8208232445520581
71	0.3921327359146542	0.19992668984923512	0.9978800726832223	0.8159806295399515
-1	-1	-1	-1	-1
0	0.5207085609436035	21.44632812646719	0.612776264002422	0.7135922330097088
1	0.4551042318344116	21.17864107168638	0.6039963669391463	0.6941747572815534
2	0.43279822667439777	19.84432970102017	0.6512261580381471	0.6019417475728155
3	0.42151373624801636	19.78426560988793	0.6478958522555253	0.7111650485436893
4	0.41483564376831056	18.73716226220131	0.6863457462912503	0.6893203883495146
5	0.4103989601135254	18.87929062659924	0.6893732970027248	0.5631067961165048
6	0.4067864077431815	19.12833063877546	0.6787768695125643	0.6966019417475728
7	0.4041217863559723	18.055088391670814	0.7138964577656676	0.7281553398058253
8	0.4026180108388265	17.32650175461402	0.7341810475325462	0.6189320388349514
9	0.4018805503845215	17.390925425749558	0.7223735997577959	0.7427184466019418
10	0.4013697017322887	17.243303184325878	0.735392067817136	0.7451456310679612
11	0.4005773663520813	16.67140582891611	0.745080230093854	0.7281553398058253
12	0.40004363426795375	16.637881118517654	0.7484105358764759	0.720873786407767
13	0.3994469131742205	16.3868375649819	0.7574931880108992	0.7233009708737864
14	0.3989921728769938	15.869269737830528	0.7593097184377838	0.7063106796116505
15	0.39855675399303436	16.21921309370261	0.7568876778686043	0.720873786407767
16	0.39829594948712516	15.409477022977976	0.7759612473508931	0.7135922330097088
17	0.39785708321465385	14.859890085000258	0.7774750227066304	0.7548543689320388
18	0.39742223840010793	14.651560895718061	0.7926127762640024	0.7572815533980582
19	0.39702519178390505	14.131779918303856	0.7965485921889192	0.7451456310679612
20	0.39651942253112793	13.709129150097187	0.818346957311535	0.7378640776699029
21	0.39634726264260034	13.616975823274025	0.8071450196790796	0.7475728155339806
22	0.39615563724351965	13.099075145446337	0.8234937935210415	0.7572815533980582
23	0.39605244000752765	12.324495129860365	0.8268240993036633	0.7597087378640777
24	0.3960817527770996	11.913566418565237	0.8380260369361187	0.779126213592233
25	0.39583120896266055	11.636043323920322	0.8419618528610354	0.7888349514563107
26	0.3957275726177074	11.2551294198403	0.8510445049954587	0.7597087378640777
27	0.3955286996705191	10.705146670341492	0.859521646987587	0.7888349514563107
28	0.3953938155338682	10.249825399655561	0.8686042991220103	0.7985436893203883
29	0.39548358917236326	9.86825044051959	0.8689070541931577	0.7718446601941747
30	0.3953987629182877	9.185642079665111	0.8810172570390554	0.7645631067961165
31	0.39535021781921387	8.632376363644234	0.8919164396003633	0.7912621359223301
32	0.39539674556616583	8.169247470796108	0.896457765667575	0.808252427184466
33	0.3953952719183529	7.699357321629157	0.9052376627308507	0.7694174757281553
34	0.3954920836857387	6.924002481194643	0.9091734786557675	0.7961165048543689
35	0.39557063579559326	6.773197520846645	0.9109900090826522	0.7936893203883495
36	0.39579530020017883	5.950005763998399	0.9249167423554344	0.7669902912621359
37	0.39593966383683055	5.382099298330454	0.932182864062973	0.7766990291262136
38	0.3958725745861347	4.713212495813003	0.9445958219800181	0.7864077669902912
39	0.39596002697944643	4.427524084082017	0.9442930669088707	0.7936893203883495
40	0.39597620615145057	3.6110564223848858	0.956100514683621	0.7912621359223301
41	0.3960387139093308	3.9039493661660414	0.9570087798970632	0.8179611650485437
42	0.39601363137710927	2.881666469745911	0.9660914320314865	0.7961165048543689
43	0.3960247202353044	3.4545349599077153	0.9618528610354223	0.7961165048543689
44	0.3960052702162001	2.621661754898154	0.9706327580986982	0.7694174757281553
45	0.39588926149451215	2.0107956170462646	0.9769906145927945	0.7936893203883495
46	0.3959272973080899	1.3098856846873577	0.9866787768695126	0.7839805825242718
47	0.3957688907782237	1.352685627169334	0.9857705116560702	0.8009708737864077
48	0.39585831700539104	1.3151127816034625	0.9866787768695126	0.7936893203883495
49	0.3959605598449707	1.0216537318550623	0.9887980623675446	0.8058252427184466
50	0.39597468282662185	0.945764924008472	0.9921283681501665	0.7936893203883495
51	0.3960283902975229	0.6690595041548547	0.9927338782924614	0.7936893203883495
52	0.3960868322624351	0.6749731201965076	0.9954586739327884	0.7936893203883495
53	0.3960764628869516	0.6803705342060241	0.9939448985770512	0.7888349514563107
54	0.3960562315854159	0.5911896050495741	0.9942476536481986	0.8033980582524272
55	0.3960745206901005	0.7805185341455328	0.9957614290039358	0.8033980582524272
56	0.3960537784977963	0.5029768252190059	0.9960641840750832	0.7961165048543689
57	0.3960328430965029	0.418544476318997	0.9975779594308205	0.8058252427184466
58	0.3960290763337733	0.43677071655670613	0.9966696942173782	0.8009708737864077
59	0.39603680769602456	0.3347561886587825	0.9969724492885256	0.7936893203883495
60	0.3960155698119617	0.36639285484293044	0.997275204359673	0.8009708737864077
61	0.3959915099605437	0.3641298804879905	0.9975779594308205	0.7936893203883495
-1	-1	-1	-1	-1
0	0.4766206741333008	21.340402337221	0.62367544656373	0.7402912621359223
1	0.4374058246612549	20.614232044953567	0.6239782016348774	0.6893203883495146
2	0.4241030216217041	19.76000599219249	0.6636391159551922	0.6844660194174758
3	0.4175257086753845	19.657387206187614	0.6612170753860127	0.7038834951456311
4	0.4140347957611084	18.765081414809593	0.6887677868604299	0.720873786407767
5	0.4119821786880493	18.438713277761753	0.6993642143505904	0.7330097087378641
6	0.4100865295955113	18.075915675896866	0.7090523766273085	0.7233009708737864
7	0.4086855947971344	18.24103908584668	0.7008779897063275	0.6868932038834952
8	0.407514492670695	17.845039954552284	0.7223735997577959	0.7451456310679612
9	0.4068909168243408	17.63482962663357	0.729942476536482	0.7645631067961165
10	0.40680846300992096	17.41201075682273	0.7326672721768089	0.7038834951456311
11	0.40619953473409015	16.95174394433315	0.740236148955495	0.7742718446601942
12	0.4056753378648024	16.931803840857285	0.7393278837420527	0.7694174757281553
13	0.4052330425807408	16.55539740048922	0.745080230093854	0.7451456310679612
14	0.4050957202911377	16.520453278835003	0.7484105358764759	0.7669902912621359
15	0.40490369498729706	16.33026757607093	0.7577959430820467	0.7864077669902912
16	0.4046678963829489	15.727732300758362	0.7677868604299122	0.7402912621359223
17	0.40451093514760333	15.348656672697802	0.7808053284892522	0.8058252427184466
18	0.4043951912930137	15.404043715733748	0.7756584922797457	0.7864077669902912
19	0.40422395467758176	14.907145871565891	0.7853466545564638	0.7645631067961165
20	0.4042151087806338	14.636309015063139	0.7871631849833485	0.7888349514563107
21	0.4039410244334828	13.852419037085314	0.8068422646079322	0.8228155339805825
22	0.403659841288691	13.728852758040794	0.8110808356039964	0.8155339805825242
23	0.40345239639282227	13.104828560581574	0.8219800181653043	0.8033980582524272
24	0.4032106685638428	12.660943198662538	0.8304571601574327	0.8058252427184466
25	0.40303622759305513	12.245800881431652	0.8292461398728429	0.8300970873786407
26	0.40284844681068704	11.867231181034676	0.8365122615803815	0.8398058252427184
27	0.402672392981393	11.308836602247679	0.8501362397820164	0.7936893203883495
28	0.402391137747929	10.814944574466118	0.8558885861338178	0.8179611650485437
29	0.402174973487854	10.3365658515921	0.8598244020587344	0.8300970873786407
30	0.40177829803959014	9.676642644863863	0.8758704208295489	0.8228155339805825
31	0.4014896750450134	9.230864483576555	0.8798062367544657	0.8398058252427184
32	0.40127028118480335	8.677120997928656	0.8916136845292159	0.8228155339805825
33	0.4010073647779577	8.295243150912798	0.8913109294580684	0.8422330097087378
34	0.4007204532623291	7.570447393334829	0.9031183772328186	0.8179611650485437
35	0.4004910985628764	7.02657027141406	0.9109900090826522	0.8252427184466019
36	0.4003198533444791	6.412482343040979	0.9221919467151075	0.8155339805825242
37	0.40014952107479695	5.460492031362194	0.9279442930669088	0.8252427184466019
38	0.4000295553451929	5.306770139302198	0.9349076597033	0.8131067961165048
39	0.3998770773410797	4.464423603736437	0.9473206176203451	0.8179611650485437
40	0.3996925528456525	4.095017594213669	0.9500454132606722	0.8228155339805825
41	0.39948644524528865	3.556111774478967	0.9557977596124735	0.8179611650485437
42	0.39929290150487146	3.3211769227457877	0.9615501059642749	0.8276699029126213
43	0.39918743480335583	3.1518393884986065	0.9600363306085377	0.8106796116504854
44	0.3990637090471056	2.557648174607983	0.9694217378141083	0.8058252427184466
45	0.3989479800929194	2.0934250640253036	0.9769906145927945	0.8203883495145631
46	0.3988405339261319	1.858489151041095	0.9775961247350893	0.8203883495145631
47	0.3986576348543167	1.8177545548488314	0.9782016348773842	0.8276699029126213
48	0.3985148060078524	1.6637914358423307	0.9845594913714805	0.8203883495145631
49	0.3984434270858765	1.0144911301008857	0.9906145927944293	0.8179611650485437
50	0.39835165996177524	1.2153445064949875	0.9884953072963972	0.8033980582524272
51	0.39828808032549345	0.9270710294636396	0.9912201029367242	0.8203883495145631
52	0.39818882942199707	1.1397773843581	0.9903118377232819	0.8179611650485437
53	0.39804495263982703	0.8831051723100245	0.992431123221314	0.808252427184466
-1	-1	-1	-1	-1
0	0.4725170135498047	20.789659853164967	0.631435493640218	0.6674757281553398
1	0.4329453706741333	21.406584753439976	0.580557238037553	0.7111650485436893
2	0.4193473656972249	19.75067092822148	0.6505148394912175	0.691747572815534
3	0.4126039147377014	20.048121732014877	0.6459721380981224	0.7063106796116505
4	0.4085731029510498	19.205977183121902	0.67595396729255	0.6820388349514563
5	0.405845046043396	18.724064230918884	0.6841308298001212	0.6747572815533981
6	0.4038562774658203	18.18116538341229	0.7068443367655967	0.7160194174757282
7	0.40243497490882874	17.412208912464287	0.7316777710478498	0.7014563106796117
8	0.40167586008707684	17.895381134289963	0.7129012719563901	0.6941747572815534
9	0.4013401985168457	17.961143970489502	0.7195639006662629	0.7402912621359223
10	0.4007920135151256	17.171605417361626	0.7371290127195639	0.7281553398058253
11	0.4001463055610657	16.938893790428455	0.7401574803149606	0.7257281553398058
12	0.39956180865948016	16.686192714251003	0.74076317383404	0.7014563106796117
13	0.3991901533944266	16.464002036131344	0.7513628104179285	0.7378640776699029
14	0.39885449409484863	16.05794064585979	0.7610539067231981	0.7354368932038835
15	0.3985263854265213	15.849783805700449	0.7734706238643246	0.7281553398058253
16	0.39806026570937214	15.694420509613478	0.7695336159903089	0.7305825242718447
17	0.39789772033691406	15.14990951350102	0.7761962447001817	0.7427184466019418
18	0.39758255607203435	15.107895550819544	0.7795275590551181	0.7427184466019418
19	0.3972372531890869	14.832612349436832	0.7852816474863719	0.7548543689320388
20	0.3969056492760068	14.010806136406385	0.8040581465778316	0.7645631067961165
21	0.3964896093715321	13.170060098171234	0.8095093882495458	0.7888349514563107
22	0.39636639926744544	13.636743435492882	0.8098122350090854	0.7864077669902912
23	0.39616915583610535	12.605860929076488	0.8276801938219261	0.7961165048543689
24	0.3960303401947021	12.14648244701899	0.8355542095699576	0.7815533980582524
25	0.39575231075286865	11.991204203321384	0.8294972743791641	0.7766990291262136
26	0.3954408522005434	11.455312084693174	0.838885523924894	0.7524271844660194
27	0.39515799283981323	11.266734526707577	0.8503937007874016	0.7839805825242718
28	0.3950094930056868	10.578014413897808	0.8628104179285282	0.7985436893203883
29	0.39484917322794594	10.131162768946243	0.8728043609933374	0.7985436893203883
30	0.3947692763420843	9.52576593710826	0.8761356753482737	0.7815533980582524
31	0.39476732164621353	8.860772032147416	0.8915808600847971	0.7718446601941747
32	0.39468543457262445	8.541479725104113	0.8955178679588128	0.8033980582524272
33	0.3945525744382073	7.720258879117095	0.9043004239854634	0.7694174757281553
34	0.39443509238106866	7.552120830004032	0.9088431253785585	0.7888349514563107
35	0.3943314684761895	7.043975961752809	0.9139915202907329	0.7864077669902912
36	0.3942626746925148	6.409002077980683	0.9197456087219866	0.7936893203883495
37	0.39420448478899506	5.529907709202514	0.9385221078134464	0.7718446601941747
38	0.39420420695573855	5.469767395442782	0.9354936402180497	0.7815533980582524
39	0.394094717502594	4.787603832208193	0.9415505754088431	0.8106796116504854
40	0.3940918329285412	4.395714799372049	0.9473046638400969	0.7888349514563107
41	0.39409182752881733	3.858441380927196	0.9579043004239854	0.7936893203883495
42	0.39414447407389797	3.0281819623823347	0.9660811629315567	0.8106796116504854
43	0.39413186094977637	3.0091764009736766	0.9721380981223501	0.7815533980582524
44	0.393984497918023	2.792884837656927	0.967595396729255	0.7961165048543689
45	0.3938332796096802	2.1693377755582333	0.9772864930345245	0.8033980582524272
46	0.3937066970987523	1.6128225177884674	0.9866747425802543	0.808252427184466
47	0.39369721213976544	1.2661131033673882	0.9875832828588734	0.7985436893203883
48	0.39366020961683623	1.1980483985747783	0.9872804360993337	0.8179611650485437
49	0.3935716104507446	1.5096330781323979	0.984251968503937	0.8033980582524272
50	0.39346833790049834	0.7095909496061862	0.9942459115687462	0.8009708737864077
51	0.39349428048500645	0.5170790854698191	0.9957601453664445	0.8009708737864077
52	0.39356950543961433	0.4791267176042311	0.9966686856450636	0.7961165048543689
53	0.39354636934068465	0.3827986986815141	0.9969715324046032	0.8058252427184466
54	0.3935652386058461	0.279489928030391	0.9981829194427619	0.7961165048543689
55	0.3935685540948595	0.2178255059899619	0.999091459721381	0.808252427184466
56	0.39354781518902693	0.17149614740348904	0.9987886129618413	0.808252427184466
57	0.3935847159089713	0.2042220440791705	0.9987886129618413	0.7985436893203883
58	0.3935334440005028	0.19416125936903392	0.9984857662023017	0.7985436893203883
59	0.39350632031758626	0.16260536184507565	0.9987886129618413	0.8058252427184466
60	0.39351330428827	0.16727229427599993	0.9987886129618413	0.808252427184466
61	0.3934867689686437	0.16969578216398637	0.9984857662023017	0.8009708737864077
62	0.393470427346608	0.16215712368340554	0.9984857662023017	0.8131067961165048
63	0.39342376217246056	0.16014004779012445	0.9987886129618413	0.8131067961165048
64	0.393353113761315	0.15323953814535904	0.9987886129618413	0.8058252427184466
65	0.39331489982026996	0.11375126613039846	0.9993943064809206	0.8033980582524272
66	0.39323689688497515	0.1440674584694604	0.9981829194427619	0.8033980582524272
67	0.3931434014264275	0.10726683979513697	0.999091459721381	0.808252427184466
68	0.3930082390273827	0.10790022061869073	0.9987886129618413	0.8009708737864077
-1	-1	-1	-1	-1
0	0.5309116840362549	20.691100799120388	0.6370796728264162	0.6464891041162227
1	0.46029722690582275	20.122431321786	0.6398061193577703	0.648910411622276
2	0.4378225803375244	19.662828887884434	0.6588912450772493	0.6198547215496368
3	0.4261239767074585	18.95993615572269	0.6779763707967282	0.6150121065375302
4	0.41840438842773436	18.741129651665688	0.6919115419569827	0.6440677966101694
5	0.41360020637512207	18.096257063058708	0.7070584671311724	0.6682808716707022
6	0.4098050594329834	17.369083883670662	0.7318994244168434	0.6319612590799032
7	0.40666139125823975	17.57088322364367	0.732505301423811	0.6779661016949152
8	0.40480928950839573	17.067248083077946	0.7364435019691002	0.5423728813559322
9	0.4032121658325195	17.458744703577114	0.7297788548924569	0.6755447941888619
10	0.4019193649291992	16.822352885053707	0.7458345955770979	0.6634382566585957
11	0.4009860157966614	16.228803208241096	0.7594668282338686	0.6997578692493946
12	0.40032509657052845	16.260984462041122	0.7488639806119358	0.711864406779661
13	0.3992995875222342	15.853379098268656	0.7655255983035444	0.7046004842615012
14	0.3984089374542236	15.4836569749392	0.7746137534080582	0.7263922518159807
15	0.3977656215429306	15.172354001265306	0.7830960315056044	0.7191283292978208
16	0.3972804826848647	14.805156162151924	0.7837019085125719	0.7215496368038741
17	0.39704582426283097	14.603019345265169	0.7818842774916692	0.7070217917675545
18	0.39654725476315145	14.081360998061987	0.7997576491972129	0.7167070217917676
19	0.39594306945800783	14.393421574853933	0.794001817631021	0.7288135593220338
20	0.3954375130789621	13.710398657963825	0.8036958497425023	0.7336561743341404
21	0.39509399370713666	12.86453070319616	0.823083913965465	0.7409200968523002
22	0.39479090856469196	12.955792727378698	0.826113299000303	0.738498789346247
23	0.39460741480191547	12.252570864099722	0.8324750075734626	0.7578692493946732
24	0.39436963081359866	11.84927912056446	0.8379279006361708	0.7699757869249395
25	0.39413308180295503	11.190691844775127	0.8518630717964253	0.7651331719128329
26	0.39391971517492225	10.859550341963768	0.856710087852166	0.7457627118644068
27	0.39378527232578825	9.8606227974479	0.874280521054226	0.784503631961259
28	0.3936477940658043	9.381310256054768	0.8797334141169343	0.7699757869249395
29	0.39361201922098793	9.051066031822792	0.8860951226900939	0.7699757869249395
30	0.39345478242443455	8.703439523394291	0.8848833686761587	0.7820823244552058
31	0.3931727707386017	7.242623187458286	0.9127537109966677	0.7796610169491526
32	0.3929716312524044	7.332791031553195	0.907906694940927	0.7602905569007264
33	0.3928200777839212	6.6442866783875685	0.9291123901847925	0.7893462469733656
34	0.3927461896623884	5.517968269709784	0.9351711602544683	0.7602905569007264
35	0.3927852445178562	5.61513795875586	0.9303241441987277	0.7578692493946732
36	0.3926773522351239	5.209762625396252	0.936988791275371	0.7772397094430993
37	0.39261178593886525	4.104441282840876	0.9551651014843987	0.7917675544794189
38	0.3925037200634296	3.385940484702587	0.9594062405331718	0.7966101694915254
39	0.39219441413879397	3.2578012589365244	0.9654650106028476	0.7966101694915254
40	0.3922309410281298	2.4396850630067863	0.9745531657073614	0.7627118644067796
41	0.3921831448872884	2.6041723975481896	0.9742502272038777	0.7796610169491526
42	0.39243023894553963	2.522773072230988	0.9754619812178128	0.7820823244552058
43	0.39246812191876496	1.3163833500136837	0.9875795213571645	0.7917675544794189
44	0.3924258497026232	1.7045161677166247	0.9815207512874886	0.7699757869249395
45	0.3923847727153612	1.2103669372662318	0.9875795213571645	0.7869249394673123
46	0.3923571414135872	1.0164668706778544	0.9915177219024538	0.7772397094430993
47	0.3923523873090744	1.0344520832250754	0.9918206604059376	0.784503631961259
48	0.3923669445271395	0.6887365802680366	0.9942441684338079	0.7917675544794189
49	0.39236199855804443	0.6416687256871507	0.9954559224477431	0.774818401937046
50	0.3922652169769886	0.44927609488905335	0.996970614965162	0.7820823244552058
51	0.3922270628122183	0.393402234952261	0.9963647379581945	0.7893462469733656
52	0.39222040266360875	0.3085619635709848	0.9978794304756134	0.7869249394673123
53	0.3922836559790152	0.256437866754892	0.9981823689790973	0.7869249394673123
54	0.3923379898071289	0.3327377366390115	0.9975764919721296	0.7796610169491526
55	0.39238145521708895	0.4587221203803962	0.9957588609512269	0.7869249394673123
56	0.3923965336983664	0.2984002794537621	0.9978794304756134	0.7869249394673123
57	0.39238780942456475	0.28604718314678534	0.9975764919721296	0.7869249394673123
58	0.3924434831586935	0.3129124834533566	0.996970614965162	0.7917675544794189
-1	-1	-1	-1	-1
0	0.4741032123565674	20.379146889998363	0.6452590124204787	0.7263922518159807
1	0.4344155788421631	20.10431167941827	0.6501060284762193	0.5883777239709443
2	0.41904282569885254	20.06587907213431	0.6537412905180249	0.6779661016949152
3	0.41098707914352417	19.430635466025425	0.6661617691608603	0.6634382566585957
4	0.40616660118103026	19.704397364304615	0.6707058467131173	0.6537530266343826
5	0.4022998809814453	19.257581431132095	0.6876704029082097	0.6973365617433414
6	0.4001731872558594	18.91179143006985	0.6752499242653741	0.7263922518159807
7	0.3986775577068329	18.361330911517143	0.7064525901242048	0.7409200968523002
8	0.397828393512302	18.003269961247078	0.7197818842774917	0.7578692493946732
9	0.39689948558807375	17.458669900894165	0.7343229324447137	0.7554479418886199
10	0.39617937261408026	17.341397455105415	0.7394728870039382	0.774818401937046
11	0.39530299107233685	16.916073653560417	0.7385640714934868	0.7893462469733656
12	0.3944757351508507	16.316965428682472	0.7549227506816116	0.7288135593220338
13	0.39398087774004253	16.289474118214386	0.7640109057861254	0.7554479418886199
14	0.3935919602711995	15.662280439184261	0.7703726143592851	0.7772397094430993
15	0.39331628382205963	15.614246909434979	0.7740078764010906	0.7699757869249395
16	0.39302957759184	15.063118029099245	0.7855195395334748	0.7336561743341404
17	0.39271881845262313	15.330451300510994	0.7764313844289609	0.7917675544794189
18	0.39246109912269994	14.287231384561611	0.7979400181763102	0.8184019370460048
19	0.39233551025390623	13.934989404219847	0.7985458951832778	0.8111380145278451
20	0.39225627127147855	13.582379342271732	0.8124810663435322	0.8062953995157385
21	0.39225267280231824	13.28803372153869	0.8115722508330809	0.7990314769975787
22	0.3921876575635827	13.489908789212887	0.8209633444410784	0.7966101694915254
23	0.39201051990191144	12.547513019580107	0.8309603150560436	0.8256658595641646
24	0.39181549072265626	12.00489185979733	0.8358073311117843	0.8135593220338984
25	0.3916204525874211	11.64490895317151	0.8421690396849439	0.8062953995157385
26	0.39115866908320673	10.95195341969912	0.856710087852166	0.8280871670702179
27	0.3907895769391741	10.434245983568522	0.8579218418661012	0.8305084745762712
28	0.39071259827449406	9.819088403135538	0.8745834595577098	0.8401937046004843
29	0.39045969645182294	9.249159602018503	0.8821569221448046	0.8256658595641646
30	0.39033727492055587	8.478555261802216	0.8888215692214481	0.8280871670702179
31	0.3901958093047142	7.817843342629763	0.9003332323538322	0.8401937046004843
32	0.39017473567615857	7.086364410244501	0.9069978794304756	0.8305084745762712
33	0.39008963108062744	6.640239354223013	0.9172977885489245	0.837772397094431
34	0.38994249616350446	6.327623123159776	0.9248712511360194	0.8329297820823245
35	0.3897168238957723	5.60936741072398	0.9321417752196304	0.8208232445520581
36	0.38928353464281235	5.3635181922179	0.9348682217509845	0.8426150121065376
37	0.3889243665494417	4.536962132614392	0.9485004544077552	0.847457627118644
38	0.3889174033433963	3.782500234934	0.9566797940018177	0.8305084745762712
39	0.38888378739356994	3.3611662827450064	0.9578915480157528	0.8401937046004843
40	0.3888634065302407	3.1560151998240213	0.9621326870645259	0.8401937046004843
41	0.388815823055449	2.2947100962583837	0.9748561042108452	0.837772397094431
42	0.38883435448934867	1.7410659386704748	0.9812178127840049	0.8523002421307506
43	0.38882841847159644	1.7748490192103559	0.980914874280521	0.8353510895883777
44	0.3888663450876872	1.917959930518499	0.9827325053014239	0.8305084745762712
45	0.38886742488197656	1.5284832096300447	0.9869736443501969	0.847457627118644
46	0.3887587912539218	1.1803162175929174	0.9887912753710997	0.8305084745762712
47	0.3887370675802231	0.776883953036024	0.9939412299303242	0.837772397094431
48	0.38874059307331943	0.8022151401248545	0.9936382914268403	0.8523002421307506
49	0.38882496356964114	0.6169744442856356	0.9960617994547107	0.8426150121065376
50	0.38892261654722926	0.5682947332791698	0.9957588609512269	0.8571428571428571
51	0.3889180834476764	1.0368743527928928	0.9921235989094214	0.837772397094431
52	0.3888633386144098	0.9180349728847852	0.9918206604059376	0.837772397094431
53	0.3888589276207818	0.6028596145647148	0.9954559224477431	0.8595641646489104
54	0.38886214169588956	0.42562700030304346	0.9966676764616783	0.8523002421307506
55	0.38891463194574627	0.41184747864742977	0.9972735534686459	0.8426150121065376
56	0.3888996358503375	0.29272448076293445	0.9981823689790973	0.8619854721549637
57	0.38886780985470476	0.2992198652875511	0.9981823689790973	0.8450363196125908
58	0.38884432032956917	0.39218235900177834	0.996970614965162	0.8547215496368039
59	0.3887764056523641	0.2534328145460187	0.9975764919721296	0.8401937046004843
60	0.38870823578756364	0.3485503996694206	0.9978794304756134	0.8450363196125908
61	0.38876952663544684	0.31831880172047444	0.9975764919721296	0.847457627118644
62	0.38885065487452913	0.2440173136176152	0.9978794304756134	0.8426150121065376
63	0.3888779804110527	0.28019622914367714	0.9975764919721296	0.8426150121065376
64	0.3889044651618371	0.17808016901611923	0.9981823689790973	0.8523002421307506
65	0.3888840747602058	0.2602059821141526	0.9978794304756134	0.8450363196125908
66	0.38885710844353066	0.19621080455712778	0.9981823689790973	0.8498789346246973
67	0.38887280225753784	0.21271163805606472	0.9981823689790973	0.8450363196125908
68	0.388907297797825	0.21298779446806293	0.9978794304756134	0.837772397094431
69	0.388978944505964	0.2252787651422505	0.9978794304756134	0.8498789346246973
70	0.3887793715571014	0.20487831511183266	0.9978794304756134	0.8498789346246973
71	0.3887681828604804	0.17706583079864055	0.9981823689790973	0.8547215496368039
72	0.3888061340541056	0.18480083716062487	0.998485307482581	0.8450363196125908
73	0.3889008212733913	0.14364010837520114	0.9978794304756134	0.8426150121065376
74	0.38899978001912433	0.15756566479999143	0.998485307482581	0.8523002421307506
75	0.3891066720611171	0.1332562686293386	0.9987882459860649	0.8523002421307506
76	0.3892530868579815	0.17992496811278286	0.9981823689790973	0.8498789346246973
-1	-1	-1	-1	-1
0	0.5295789241790771	22.20480939058157	0.5722508330808845	0.585956416464891
1	0.4622375965118408	20.144048099334423	0.6422296273856407	0.6174334140435835
2	0.4390389919281006	20.37691332743718	0.6361708573159649	0.44552058111380144
3	0.4277156591415405	19.971734738120666	0.6513177824901545	0.6634382566585957
4	0.4203601360321045	19.383475550092182	0.6761587397758255	0.7312348668280871
5	0.41529226303100586	18.430833179217117	0.6949409269918206	0.7239709443099274
6	0.41214432035173687	18.18503560928198	0.711905483186913	0.7263922518159807
7	0.4098166227340698	17.883297985562912	0.7112996061799455	0.7215496368038741
8	0.40702112515767414	17.905608211572353	0.7116025446834293	0.7191283292978208
9	0.4052320957183838	17.501317239724674	0.7261435928506513	0.7312348668280871
10	0.40359646623784845	16.864109263970303	0.7418963950318086	0.711864406779661
11	0.40277016162872314	16.809445147330944	0.7409875795213572	0.7288135593220338
12	0.40219648067767805	16.141226422328216	0.7624962132687064	0.711864406779661
13	0.4015716995511736	16.1832259113972	0.7597697667373523	0.7506053268765133
14	0.4009056091308594	16.017147421836853	0.7588609512269009	0.6803874092009685
15	0.40011928975582123	15.472003728151321	0.7758255074219933	0.7021791767554479
16	0.39944911003112793	15.11317530962137	0.7800666464707664	0.7530266343825666
17	0.39898620711432564	14.889743190545301	0.7885489245683126	0.7457627118644068
18	0.39873552322387695	14.350958049297333	0.7976370796728264	0.7457627118644068
19	0.39831200838088987	14.106212817705595	0.790972432596183	0.7263922518159807
20	0.3980907031467983	13.633267783201658	0.8027870342320509	0.7554479418886199
21	0.39784732731905853	13.338040739297867	0.8194486519236595	0.7336561743341404
22	0.3975775656492814	12.838802557725172	0.8155104513783702	0.7699757869249395
23	0.397402028242747	12.210658123859993	0.8324750075734626	0.7699757869249395
24	0.3972623920440674	11.893187552690506	0.8373220236292033	0.774818401937046
25	0.39713523938105655	11.439667228895884	0.8451984247197819	0.7796610169491526
26	0.39705266775908293	11.105923379843052	0.8473189942441685	0.7820823244552058
27	0.3966695325715201	10.533056722810635	0.8558012723417147	0.7869249394673123
28	0.39638547239632443	9.476476410260567	0.880036352620418	0.7457627118644068
29	0.3961323261260986	9.759698195526234	0.8703423205089367	0.7869249394673123
30	0.3959461335212954	8.774192814643566	0.891850954256286	0.7869249394673123
31	0.3957398608326912	8.016369436795895	0.8979097243259618	0.784503631961259
32	0.39516752416437323	7.928510436644921	0.8963950318085429	0.7820823244552058
33	0.3945460319519043	7.185578200536279	0.9085125719478946	0.774818401937046
34	0.3944418498447963	6.6248160142164965	0.915177219024538	0.784503631961259
35	0.394481102625529	6.000733522268442	0.9221448046046653	0.7893462469733656
36	0.3945811696954676	5.74709599923629	0.9248712511360194	0.7893462469733656
37	0.39464226521943746	4.820922428885331	0.9436534383520145	0.784503631961259
38	0.3946995857434395	4.457845707056829	0.9481975159042715	0.8062953995157385
39	0.3948042690753937	3.9691742297548513	0.9512269009391093	0.7966101694915254
40	0.394705371158879	3.9623056561327896	0.9569827325053014	0.7820823244552058
41	0.3946859950111026	3.045714296113986	0.9657679491063315	0.7966101694915254
42	0.3947734500086585	2.71503979827349	0.9681914571342017	0.7796610169491526
43	0.39479274641383777	2.127532656259763	0.9763707967282642	0.7869249394673123
44	0.394843159781562	2.296350116554934	0.975159042714329	0.7820823244552058
45	0.3949324877365776	1.7622783067994392	0.983944259315359	0.801452784503632
46	0.3949452156716205	1.2672059032707834	0.9875795213571645	0.7869249394673123
47	0.39494754870732623	1.4695307209801216	0.9818236897909725	0.7917675544794189
48	0.3949947843746263	1.219421604303464	0.9887912753710997	0.784503631961259
49	0.3949211406707764	1.0490380086971878	0.9897000908815511	0.784503631961259
50	0.39493346214294434	1.2953272450607842	0.9866707058467131	0.7893462469733656
51	0.39498577209619373	1.0548138608663487	0.9897000908815511	0.8062953995157385
52	0.3949616360214521	0.7922930230314915	0.9930324144198728	0.8038740920096852
53	0.3948718309402466	0.8480041081336542	0.9936382914268403	0.7869249394673123
54	0.3948440898548473	0.513303235746347	0.9951529839442593	0.801452784503632
55	0.3948343907083784	0.4711706106922625	0.9963647379581945	0.7893462469733656
56	0.39489723925004927	0.4788327382321033	0.9966676764616783	0.8038740920096852
57	0.3949463285248855	0.5703510799481032	0.9942441684338079	0.784503631961259
58	0.3949528265807588	0.3976502703590086	0.9975764919721296	0.7941888619854721
-1	-1	-1	-1	-1
0	0.47322916984558105	21.172960029198574	0.6261738867009997	0.6246973365617433
1	0.43246781826019287	21.22307183421575	0.6046652529536504	0.6561743341404358
2	0.4186568260192871	20.28309732217055	0.6373826113299	0.6707021791767555
3	0.4116910696029663	19.683327846802197	0.6667676461678279	0.5254237288135594
4	0.40775632858276367	19.769303713853542	0.6604059375946683	0.7409200968523002
5	0.4053810437520345	18.526069113841423	0.7025143895789154	0.7215496368038741
6	0.40364388057163786	18.478362725331234	0.6967585580127235	0.7094430992736077
7	0.40205955505371094	18.162849464095554	0.7079672826416238	0.7360774818401937
8	0.4011015362209744	18.121956994900337	0.7155407452287186	0.6852300242130751
9	0.4007696628570557	17.73142298368307	0.7258406543471675	0.7070217917675545
10	0.40025093338706275	17.77891378219311	0.7167524992426537	0.7457627118644068
11	0.3992368181546529	17.293311373545574	0.7376552559830355	0.7675544794188862
12	0.3988650395320012	16.819254430440758	0.7461375340805816	0.801452784503632
13	0.3982154301234654	16.45420147363956	0.7561345046955468	0.7409200968523002
14	0.3969947973887126	16.138054898151985	0.7594668282338686	0.784503631961259
15	0.3965224027633667	15.848968645701042	0.7761284459254771	0.7651331719128329
16	0.3990963206571691	15.495831583554928	0.7715843683732202	0.7869249394673123
17	0.39797931247287327	15.042050681435144	0.7809754619812178	0.774818401937046
18	0.39760226952402217	14.845662724513273	0.789457740078764	0.774818401937046
19	0.39729340076446534	14.467343616944094	0.7973341411693426	0.774818401937046
20	0.39686318806239534	14.377212217220894	0.8033929112390185	0.7893462469733656
21	0.3963551304557107	13.667880175205378	0.8103604968191457	0.7772397094430993
22	0.3961434778959855	13.377651322346468	0.8103604968191457	0.7723970944309927
23	0.3956129252910614	13.326354897939241	0.8236897909724326	0.8062953995157385
24	0.39503782272338867	13.026197428886707	0.8182368979097243	0.7820823244552058
25	0.3944211556361272	12.346165535541681	0.831869130566495	0.7723970944309927
26	0.39364121578357836	12.188123395809761	0.8345955770978492	0.7917675544794189
27	0.39355428729738506	11.671593120464912	0.8430778551953954	0.8038740920096852
28	0.3934779824881718	11.232056216551708	0.8512571947894577	0.8232445520581114
29	0.3933554251988729	10.733965765398283	0.8636776734322933	0.8111380145278451
30	0.3932021664034936	10.192184691245739	0.8688276279915177	0.8208232445520581
31	0.39303264766931534	9.702314704656601	0.8767040290820963	0.7917675544794189
32	0.3928092320760091	9.466857254505157	0.8776128445925477	0.7941888619854721
33	0.39270949363708496	8.707908283059414	0.8942744622841563	0.7917675544794189
34	0.39258520262581964	8.761585409824665	0.8900333232353832	0.7941888619854721
35	0.3925139572885301	7.871766474097967	0.9009391093607998	0.8038740920096852
36	0.39243183909235774	7.340226649091794	0.9088155104513783	0.7869249394673123
37	0.3923582716992027	6.725417294181311	0.9215389275976976	0.7772397094430993
38	0.3922279186737843	6.36596551981683	0.9227506816116329	0.7990314769975787
39	0.39213245511054995	5.770133628724859	0.9333535292335656	0.7966101694915254
40	0.39204826587583963	5.054077699601364	0.9418358073311118	0.8135593220338984
41	0.3919869093667893	4.821176485373424	0.9442593153589821	0.7554479418886199
42	0.39193198292754416	4.357524562913638	0.9497122084216904	0.774818401937046
43	0.39187454093586316	3.5053470404818654	0.9594062405331718	0.7820823244552058
44	0.391754945119222	3.662219213608366	0.9588003635262042	0.784503631961259
45	0.3916916121607241	2.9159058646943707	0.9715237806725234	0.7796610169491526
46	0.3916190228563674	2.297263094940438	0.9748561042108452	0.7966101694915254
47	0.391615351041158	2.111458901889049	0.9754619812178128	0.784503631961259
48	0.3915909893658696	1.683698955672578	0.9836413208118752	0.774818401937046
-1	-1	-1	-1	-1
0	0.46912193298339844	22.054321224872883	0.5658891245077249	0.5326876513317191
1	0.4279388189315796	20.545064978874645	0.6198121781278401	0.6779661016949152
2	0.41434772809346515	20.057057250004547	0.6437443199030597	0.6537530266343826
3	0.4076499938964844	19.3855212193269	0.6652529536504089	0.6900726392251816
4	0.40393996238708496	18.644634521924534	0.6864586488942744	0.6295399515738499
5	0.40138745307922363	18.419962649162	0.6964556195092396	0.6900726392251816
6	0.39934798649379183	17.887366934464527	0.7146319297182672	0.6852300242130751
7	0.3981879949569702	18.050774205189484	0.7049378976067858	0.7046004842615012
8	0.3969574769337972	17.243816423874634	0.7328082399272947	0.7312348668280871
9	0.39614033699035645	17.07159356887524	0.7400787640109058	0.7336561743341404
10	0.3954890858043324	16.502876455967243	0.7518933656467737	0.7167070217917676
11	0.39517509937286377	16.42130326307737	0.7488639806119358	0.7021791767554479
12	0.39477672943702113	16.21403085268461	0.7579521357164496	0.7021791767554479
13	0.3944782870156424	15.671860793462166	0.7724931838836716	0.7433414043583535
14	0.39357587496439617	15.39983573785195	0.7712814298697365	0.7409200968523002
15	0.39333242177963257	14.965969732174507	0.7837019085125719	0.7433414043583535
16	0.3929926928351907	14.432205319404602	0.7955165101484398	0.7506053268765133
17	0.3928801880942451	14.24163426974645	0.7979400181763102	0.7554479418886199
18	0.39274387610586065	13.641489015175747	0.8152075128748864	0.7554479418886199
19	0.3926659941673279	13.473810461851267	0.8061193577703726	0.7530266343825666
20	0.3924033074151902	13.221594656889256	0.8136928203574675	0.7820823244552058
21	0.39229715954173694	13.04740451161678	0.8236897909724326	0.7820823244552058
22	0.39235640608746075	12.267259358213497	0.8312632535595275	0.7772397094430993
23	0.39238440990448	12.149052891593714	0.8345955770978492	0.7820823244552058
24	0.39226802825927737	11.826093381987167	0.8379279006361708	0.784503631961259
25	0.3922494283089271	10.871077770223984	0.8542865798242957	0.7966101694915254
26	0.39204058823762117	10.494331003381657	0.8579218418661012	0.7796610169491526
27	0.39177654470716206	9.944668281536837	0.8767040290820963	0.7820823244552058
28	0.39159773136007375	9.319740773393558	0.8791275371099667	0.7917675544794189
29	0.39143492380777994	9.003284032528217	0.8863980611935777	0.7966101694915254
30	0.3913711117159936	8.410468328457613	0.8930627082702212	0.7893462469733656
31	0.3912138342857361	7.871544802704682	0.9003332323538322	0.784503631961259
32	0.39097940560543176	7.3018379257275505	0.9115419569827325	0.7990314769975787
33	0.39092135429382324	7.141144938193834	0.9127537109966677	0.801452784503632
34	0.3909035001482282	6.173277163448242	0.9245683126325356	0.7941888619854721
35	0.3908928765190972	5.628610097444975	0.9333535292335656	0.801452784503632
36	0.39085024756354253	5.197135402032962	0.9409269918206604	0.7869249394673123
37	0.39086865751366867	4.71950619854033	0.944562253862466	0.8038740920096852
38	0.3907895821791429	4.1308032772862	0.9491063314147228	0.7990314769975787
39	0.39090617895126345	3.9473464235376854	0.9533474704634959	0.7966101694915254
40	0.39096253092696026	3.160202874443852	0.9654650106028476	0.7893462469733656
41	0.3909945033845447	2.625084979370093	0.9700090881551046	0.7966101694915254
42	0.3909615028736203	2.9310762982528944	0.9687973341411693	0.7917675544794189
43	0.3909153504805131	1.8733668051158578	0.98242956679794	0.7990314769975787
44	0.39068423906962074	1.9089475626555772	0.9812178127840049	0.7917675544794189
45	0.39041073944257654	1.8339056759499586	0.980914874280521	0.7966101694915254
46	0.39034771411976915	1.2072883802824295	0.9866707058467131	0.8062953995157385
47	0.39040742814540863	1.1433483408764005	0.9878824598606483	0.7820823244552058
48	0.3905877823732337	1.5205521762299423	0.9857618903362617	0.7990314769975787
49	0.39069735527038574	1.0219970747488192	0.9887912753710997	0.7917675544794189
50	0.39076732186710134	0.782971758932735	0.9921235989094214	0.7869249394673123
51	0.39076903691658604	0.5765648374094431	0.9954559224477431	0.801452784503632
52	0.39076941868044296	0.5101071678487082	0.9966676764616783	0.7990314769975787
53	0.39060171445210773	0.5364826599241217	0.9963647379581945	0.8038740920096852
54	0.3903856710954146	0.5597369553915297	0.9954559224477431	0.801452784503632
55	0.39014137216976713	0.38512453723090473	0.9972735534686459	0.8087167070217918
56	0.38995626516509474	0.5573511175238169	0.9963647379581945	0.7941888619854721
57	0.39003930420711125	0.3651447333305931	0.9975764919721296	0.7941888619854721
58	0.39000838893955037	0.3372029253693584	0.9966676764616783	0.7966101694915254
59	0.3900094866752625	0.36443302086368373	0.9972735534686459	0.7966101694915254
60	0.3901218312685607	0.23242235206103382	0.998485307482581	0.8038740920096852
61	0.3901620680286038	0.22838656964617818	0.9981823689790973	0.801452784503632
62	0.3901636865403917	0.25421523632786164	0.9981823689790973	0.7990314769975787
63	0.39014823734760284	0.20656503421755937	0.9978794304756134	0.801452784503632
64	0.39018303797795223	0.24208530161950664	0.998485307482581	0.7966101694915254
65	0.3902210069425178	0.2518014815376283	0.9981823689790973	0.7966101694915254
66	0.3905735834320979	0.2544939390550448	0.9975764919721296	0.7966101694915254
67	0.3906431268243229	0.22024540313493793	0.9981823689790973	0.7966101694915254
68	0.39056493925011676	0.23612679231938763	0.9978794304756134	0.7966101694915254
69	0.3905243941715785	0.19209945418809254	0.9981823689790973	0.7966101694915254
70	0.39037366652152905	0.24300871866132814	0.9981823689790973	0.7990314769975787
71	0.3902559479077657	0.15060423193342734	0.998485307482581	0.8062953995157385
72	0.39008357753492384	0.2342841210327326	0.9978794304756134	0.8062953995157385
73	0.38988385973749934	0.1665092667266864	0.9981823689790973	0.8087167070217918
74	0.38970513343811036	0.19974912422115337	0.9978794304756134	0.8038740920096852
75	0.3896777347514504	0.14680169759063014	0.998485307482581	0.7966101694915254
-1	-1	-1	-1	-1
0	0.525773286819458	21.088879654040703	0.6207209936382915	0.6440677966101694
1	0.4553438425064087	19.794282447833282	0.6598000605877007	0.7191283292978208
2	0.4403504530588786	19.514731608904324	0.671008785216601	0.5956416464891041
3	0.4335680603981018	19.20238098502159	0.6825204483489852	0.6973365617433414
4	0.4263716220855713	18.94758677482605	0.6807028173280824	0.7167070217917676
5	0.4212992986043294	18.28253409954218	0.6964556195092396	0.7481840193704601
6	0.41684252875191824	18.150703363693676	0.7070584671311724	0.7409200968523002
7	0.4140194356441498	17.427697076247288	0.722205392305362	0.7094430992736077
8	0.41136203871832955	17.296550892866573	0.7258406543471675	0.7263922518159807
9	0.4092247486114502	17.42640996208558	0.7215995152983944	0.7699757869249395
10	0.4074001529000022	16.80366638990549	0.7412905180248409	0.7578692493946732
11	0.4053088426589966	16.591971938426678	0.7476522265980006	0.7433414043583535
12	0.4035837466900165	16.19397245003627	0.755831566192063	0.7530266343825666
13	0.40208469118390766	15.921372833160254	0.7588609512269009	0.7796610169491526
14	0.40096596082051594	15.572007220525007	0.7688579218418661	0.7723970944309927
15	0.40121644735336304	15.483279801332033	0.7700696758558013	0.7772397094430993
16	0.40059684304630055	15.545231997966766	0.7752196304150257	0.8062953995157385
17	0.4000741375817193	14.605668077102074	0.7918812481066344	0.784503631961259
18	0.3997242576197574	14.227738679601597	0.8015752802181157	0.7820823244552058
19	0.3994048357009888	13.744642635950676	0.8061193577703726	0.7941888619854721
20	0.39915567352658227	13.283136874437332	0.8130869433504998	0.7723970944309927
21	0.3987038352272727	12.764690956244102	0.8306573765525598	0.8159806295399515
22	0.398451276447462	12.513539300515102	0.8291426840351409	0.8087167070217918
23	0.3985057870546977	12.752690856273357	0.8279309300212057	0.8135593220338984
24	0.39838056564331054	12.313559817365157	0.8339897000908816	0.7990314769975787
25	0.39832770824432373	11.862453985672731	0.8448954862162981	0.8329297820823245
26	0.3983449671003554	11.05735998428785	0.8551953953347471	0.8208232445520581
27	0.39836511441639494	10.579924292289293	0.8597394728870039	0.8208232445520581
28	0.39846347940379173	10.263283831568865	0.8606482883974553	0.7990314769975787
29	0.39852356115976967	9.51876158783069	0.8733717055437746	0.784503631961259
30	0.3985543712492912	8.800644303170534	0.8848833686761587	0.801452784503632
31	0.39848262071609497	8.496576648492079	0.8942744622841563	0.7990314769975787
32	0.3984222123117158	7.948519349098206	0.899121478339897	0.8232445520581114
33	0.3982887618681964	7.587783141061664	0.9066949409269918	0.8232445520581114
34	0.398068448475429	7.095251376239153	0.9045743714026053	0.8208232445520581
35	0.39797407388687134	6.021409222426323	0.9263859436534384	0.7893462469733656
36	0.3980285090369147	5.36551429102054	0.9351711602544683	0.8232445520581114
37	0.39805197088341965	4.653578672701349	0.9451681308694335	0.8038740920096852
38	0.39786813809321475	4.517288316900913	0.9466828233868525	0.8208232445520581
39	0.3979255139827728	4.261406070910967	0.9478945774007876	0.8280871670702179
40	0.3980146966329435	3.776278393772932	0.9554680399878824	0.8135593220338984
41	0.39810131845020114	2.5005459014612894	0.9666767646167828	0.8232445520581114
42	0.3981878591138263	2.287563600505774	0.9745531657073614	0.8135593220338984
43	0.3980697285045277	1.8405084769384792	0.9812178127840049	0.8329297820823245
44	0.3982000403934055	1.7977782067699501	0.983944259315359	0.8135593220338984
45	0.39809705381808075	1.94771836961333	0.9790972432596183	0.8232445520581114
-1	-1	-1	-1	-1
0	0.47396278381347656	21.26415751530574	0.6114476075105997	0.7142857142857143
1	0.43301522731781006	22.30926735126055	0.5863113264688068	0.5399515738498789
2	0.42034419377644855	20.34187388420105	0.62961841308298	0.6271186440677966
3	0.4148244261741638	20.227730352144974	0.6380981223500909	0.6803874092009685
4	0.4112556457519531	19.628279190797073	0.6665657177468202	0.6876513317191283
5	0.4098258813222249	19.091174682745567	0.6783767413688674	0.6997578692493946
6	0.40822039331708637	19.00060699077753	0.6847365233192004	0.711864406779661
7	0.40719014406204224	18.848078984480637	0.6892792247122955	0.5907990314769975
8	0.4073653750949436	18.482941774221565	0.7026044821320412	0.7167070217917676
9	0.40621337890625	18.780959097238686	0.6938219261053906	0.6682808716707022
10	0.4047894694588401	18.294424602618584	0.7074500302846759	0.6997578692493946
11	0.40360931555430096	17.732082568682156	0.7189582071471835	0.7046004842615012
12	0.402630640910222	17.64444281275456	0.7183525136281042	0.7239709443099274
13	0.40153561319623676	17.452348484442783	0.7189582071471835	0.6997578692493946
14	0.4006053606669108	17.027620890965828	0.743488794669897	0.7409200968523002
15	0.40038052201271057	16.41826213323153	0.7489400363416111	0.7336561743341404
16	0.40024399757385254	16.643339239634	0.7501514233797698	0.7433414043583535
17	0.400240871641371	15.94123197060365	0.7631738340399757	0.7554479418886199
18	0.40011626795718547	15.461412746172686	0.7719563900666263	0.7554479418886199
19	0.39987835884094236	15.419728049865135	0.7743791641429437	0.738498789346247
20	0.399679388318743	14.9302362123361	0.773167777104785	0.7433414043583535
21	0.39960419047962537	14.744036651574648	0.7789218655360388	0.7602905569007264
22	0.39931225776672363	14.623648661833544	0.7886129618413082	0.7651331719128329
23	0.3989669978618622	13.651541338517116	0.8128407026044822	0.7651331719128329
24	0.3990285873413086	13.694098779788384	0.8049666868564507	0.7578692493946732
25	0.398938380754911	13.066998495505405	0.8198061780738947	0.7772397094430993
26	0.3988124441217493	12.891484439373016	0.8246517262265294	0.7554479418886199
27	0.3987366386822292	12.245677604125095	0.8258631132646881	0.7602905569007264
28	0.3983658428849845	11.936296506569935	0.8349485160508783	0.7869249394673123
29	0.3982819636662801	11.681409247792685	0.8355542095699576	0.7651331719128329
30	0.39817647011049334	11.008736128990467	0.8570563294972744	0.7651331719128329
31	0.3980410322546959	10.528777858385673	0.8594791035735918	0.784503631961259
32	0.3979137088313247	10.064891021985273	0.8649303452453059	0.7820823244552058
33	0.39769313615911145	9.278319826492897	0.8731072077528771	0.7917675544794189
34	0.3976248468671526	8.953129220467348	0.8855239248940037	0.784503631961259
35	0.39773837063047623	8.543623592991095	0.8867353119321624	0.784503631961259
36	0.39788451065888275	7.723980654460879	0.9033918837068443	0.7869249394673123
37	0.3978796507182874	7.884135061731706	0.8976377952755905	0.7675544794188862
38	0.3979473664210393	6.857813113583968	0.9188370684433677	0.7869249394673123
39	0.3983508050441742	6.231655440078332	0.9242883101150817	0.7772397094430993
40	0.3982960421864579	5.215443421441775	0.9354936402180497	0.7917675544794189
41	0.39821678683871314	4.655894249104536	0.9439733494851605	0.7820823244552058
42	0.3982063226921614	4.3074051683338785	0.9494245911568746	0.7990314769975787
43	0.39819363030520355	3.905598854126695	0.9530587522713507	0.7893462469733656
44	0.39798726505703397	3.952247180411807	0.9560872198667474	0.7917675544794189
45	0.39793575846630597	2.5584346144818344	0.9733494851605088	0.7941888619854721
46	0.39789567095168094	2.6324194921897006	0.9700181708055724	0.7990314769975787
47	0.39782043794790906	2.191788861528039	0.9788007268322229	0.7796610169491526
48	0.3977224486214774	1.734611620947432	0.9803149606299213	0.7893462469733656
49	0.39771294593811035	1.6690858932785118	0.985160508782556	0.7917675544794189
50	0.39763761969173655	1.5680152515952404	0.9860690490611751	0.7990314769975787
51	0.3976044563146738	1.391670174108675	0.9854633555420957	0.801452784503632
52	0.397583340698818	1.0687155961238135	0.9900060569351908	0.7990314769975787
53	0.39750520829801206	1.0150014876316373	0.9915202907328892	0.7917675544794189
54	0.39723304401744497	0.7220492529181334	0.9945487583282859	0.8038740920096852
55	0.3970314732619694	0.8254060077614178	0.9927316777710479	0.8087167070217918
56	0.39683124057033603	0.47185258681957537	0.9969715324046032	0.7966101694915254
57	0.3966816170462247	0.33673120515987437	0.9978800726832223	0.7966101694915254
58	0.3965000904212564	0.5054374599041274	0.9969715324046032	0.8087167070217918
59	0.396271808942159	0.5155949348968883	0.9966686856450636	0.7893462469733656
60	0.3960991609291952	0.49532150163745076	0.9966686856450636	0.8038740920096852
61	0.3958925201046851	0.40332081281163623	0.9960629921259843	0.8087167070217918
62	0.3957262644692073	0.3343182440596418	0.9969715324046032	0.801452784503632
63	0.39560603350400925	0.2661189200511077	0.9984857662023017	0.8087167070217918
64	0.3955102847172664	0.34488096107872057	0.9975772259236826	0.8038740920096852
65	0.3953206611402107	0.43674161079613544	0.9963658388855239	0.8087167070217918
66	0.39520276838274143	0.38074015340456613	0.9978800726832223	0.8038740920096852
67	0.39507985816282387	0.3182776009601254	0.9978800726832223	0.8062953995157385
68	0.3949595948924189	0.22003964500842044	0.9981829194427619	0.7990314769975787
69	0.39492186478206087	0.39243090618513704	0.997274379164143	0.8087167070217918
70	0.3948669903714892	0.33600620932758407	0.997274379164143	0.7990314769975787
71	0.3951463003953298	0.25805820982294303	0.997274379164143	0.8062953995157385
72	0.39504325226561665	0.27757588532180166	0.997274379164143	0.801452784503632
73	0.39500326401478536	0.22715265706826288	0.9981829194427619	0.8062953995157385
74	0.3949807071685791	0.2295056252489583	0.9978800726832223	0.8135593220338984
75	0.3949580004340724	0.2286499958443948	0.9981829194427619	0.801452784503632
76	0.39481043505978275	0.18729047490342055	0.9978800726832223	0.8087167070217918
77	0.39468169823671	0.2755942918481126	0.9978800726832223	0.8038740920096852
78	0.39457467236096344	0.21912077806840757	0.9978800726832223	0.8038740920096852
79	0.39448338449001313	0.20145649294359969	0.9975772259236826	0.8135593220338984
80	0.39440671308541003	0.27406910980957594	0.9975772259236826	0.7966101694915254
81	0.3944177278658239	0.19223548485558695	0.9978800726832223	0.8062953995157385
82	0.394395069903638	0.17522637210025166	0.9981829194427619	0.8038740920096852
83	0.3943411707878113	0.17839075484125017	0.9981829194427619	0.8038740920096852
84	0.3942264332490809	0.26119604895491366	0.997274379164143	0.801452784503632
85	0.39425526663314464	0.18829778001124325	0.9978800726832223	0.8038740920096852
86	0.3941608434435965	0.19641107393097348	0.9975772259236826	0.8062953995157385
87	0.3940900645472787	0.199295859020472	0.9975772259236826	0.8062953995157385
88	0.3939988639917267	0.1646500757196918	0.9978800726832223	0.801452784503632
89	0.3939058330323961	0.15182205323190617	0.9978800726832223	0.8062953995157385
90	0.3937913349696568	0.16015889572624403	0.9975772259236826	0.801452784503632
91	0.3937439840772878	0.143082607537508	0.9981829194427619	0.7990314769975787
92	0.39370071503423876	0.18883350874295082	0.997274379164143	0.801452784503632
93	0.39368147545672477	0.1510028428008529	0.9975772259236826	0.801452784503632
94	0.3936854864421644	0.14450266798779082	0.9978800726832223	0.801452784503632
-1	-1	-1	-1	-1
0	0.5229983329772949	20.855851984941044	0.6351801392673327	0.6650485436893204
1	0.45436739921569824	20.763055613407722	0.6064184075083258	0.6699029126213593
2	0.4306332270304362	20.269977058355625	0.6318498334847109	0.6820388349514563
3	0.4202829599380493	18.629436410390415	0.6972449288525583	0.7135922330097088
4	0.41739325523376464	19.214839050403008	0.6733272782319104	0.6747572815533981
5	0.4130649169286092	18.53400679735037	0.6924008477141992	0.7160194174757282
6	0.4130141394478934	18.571982787205624	0.6966394187102634	0.662621359223301
7	0.41020068526268005	18.610982567071915	0.6905843172873145	0.7402912621359223
8	0.4081102212270101	17.936456533578728	0.7151074780502573	0.6820388349514563
9	0.4063692092895508	17.9808366390375	0.7148047229791099	0.7378640776699029
10	0.40500151027332654	17.526298926426815	0.7226763548289434	0.7402912621359223
11	0.40383464097976685	17.66998801781581	0.7235846200423857	0.7135922330097088
12	0.402437503521259	17.223363445355343	0.7329700272479565	0.7766990291262136
13	0.4033764600753784	16.810502384717648	0.7426581895246746	0.7378640776699029
14	0.4027139981587728	16.467572501072517	0.7499243112322131	0.7597087378640777
15	0.40151330828666687	16.211687253071712	0.755979412655162	0.75
16	0.40110165932599234	15.791638046503067	0.7647593097184378	0.7718446601941747
17	0.40105271339416504	15.445108473300934	0.7665758401453224	0.7014563106796117
18	0.4006590717717221	15.654753100413542	0.760823493793521	0.779126213592233
19	0.40027881860733033	15.035460339142727	0.774447471995156	0.7888349514563107
20	0.4002236865815662	14.8061268054522	0.7856494096276113	0.7839805825242718
21	0.40001712062142114	14.326418110957512	0.7941265516197397	0.8009708737864077
22	0.3999144719994586	13.711108354421762	0.8116863457462913	0.779126213592233
23	0.39976122975349426	13.657201207601107	0.8038147138964578	0.7936893203883495
24	0.3996082210540772	13.098807287903933	0.8192552225249773	0.7815533980582524
25	0.39939608023716855	12.462474926159931	0.8250075688767787	0.7766990291262136
26	0.39931783852753816	12.258832443218965	0.8295488949439903	0.7839805825242718
27	0.3991261976105826	12.147120285492678	0.8356039963669392	0.8228155339805825
28	0.39887178355249864	11.179391090686504	0.8537693006357856	0.7936893203883495
29	0.39866870244344077	10.874327797156115	0.8528610354223434	0.8203883495145631
30	0.39846262624186857	10.594641718726892	0.8610354223433242	0.7985436893203883
31	0.3983699679374695	9.41733068227768	0.8731456251892219	0.8058252427184466
32	0.39826396017363574	8.641882756581673	0.8870723584620043	0.7839805825242718
33	0.39809033449958353	8.284831184607286	0.8925219497426582	0.7985436893203883
34	0.39805480412074495	7.579153062059329	0.901301846805934	0.7912621359223301
35	0.39788664711846244	7.0586631298065186	0.9106872540115047	0.7524271844660194
36	0.397815059971165	6.716199094286332	0.9212836815016652	0.7864077669902912
37	0.39777733777698715	6.379931009159638	0.9240084771419921	0.8106796116504854
38	0.39769338338803023	5.549850936979055	0.9346049046321526	0.8155339805825242
39	0.3975324273109436	4.613262779437578	0.9509536784741145	0.7888349514563107
40	0.39736577359641473	4.479113986285833	0.9473206176203451	0.808252427184466
41	0.3972287234805879	3.9645493970467496	0.9542839842567363	0.8228155339805825
42	0.39708583853965584	3.2392661065722885	0.9594308204662428	0.8155339805825242
43	0.39692907441746106	2.7297360432835727	0.9688162276718135	0.7864077669902912
44	0.39678930706448023	2.72710616972584	0.9691189827429609	0.8009708737864077
45	0.39668472953464673	1.9461329566458097	0.9800181653042689	0.8058252427184466
46	0.3964957277825538	1.8602082561701536	0.9806236754465637	0.8106796116504854
47	0.3962889760732651	1.6811137584826121	0.9827429609445958	0.7961165048543689
-1	-1	-1	-1	-1
0	0.4722464084625244	22.967379845105686	0.5140781108083561	0.6116504854368932
1	0.431506872177124	21.991045942673317	0.5749318801089919	0.5339805825242718
2	0.4175291061401367	20.866461520011608	0.5970330003027551	0.6504854368932039
3	0.4110891819000244	19.811055976610916	0.6563729942476536	0.6796116504854369
4	0.40665831565856936	19.652993156359745	0.6618225855283076	0.5364077669902912
5	0.40425411860148114	19.233143691833202	0.6718135028761731	0.6723300970873787
6	0.4033082553318569	18.390554256164112	0.696336663639116	0.6286407766990292
7	0.4021480977535248	18.68635052901048	0.699061459279443	0.7014563106796117
8	0.4004269970787896	18.139876205187576	0.7163184983348471	0.7014563106796117
9	0.399390435218811	17.96511747745367	0.7102633969118983	0.7063106796116505
10	0.39862712946805084	17.61109820008278	0.7229791099000908	0.7014563106796117
11	0.39829160769780475	17.426473406644966	0.7181350287617317	0.7063106796116505
12	0.39784565338721645	17.759041423981007	0.7151074780502573	0.7063106796116505
13	0.39726621764046804	16.614217904897835	0.7490160460187708	0.7257281553398058
14	0.3971953550974528	16.467776878521992	0.7502270663033606	0.7281553398058253
15	0.3972559720277786	15.861512266672575	0.7623372691492583	0.720873786407767
16	0.3971056236940272	15.74212430532162	0.7671813502876174	0.720873786407767
17	0.3969486289554172	15.800919006650265	0.7686951256433545	0.7354368932038835
18	0.39673438825105367	15.260649334925871	0.7783832879200726	0.7548543689320388
19	0.39638649225234984	15.090270079099215	0.7829246139872843	0.7475728155339806
20	0.39610088439214797	14.767466678069187	0.7859521646987587	0.7330097087378641
21	0.395762714472684	14.314926832914352	0.7953375719043294	0.75
22	0.39557211295418115	14.378700907413776	0.7944293066908871	0.75
23	0.39547892411549884	14.11604320544463	0.7983651226158038	0.7427184466019418
24	0.39533076286315916	13.838277044204565	0.8104753254617015	0.7548543689320388
25	0.39514809388380784	12.919859756643955	0.8174386920980926	0.7645631067961165
26	0.39447792371114093	12.89349072942367	0.818346957311535	0.7742718446601942
27	0.3941380637032645	12.528695954153171	0.8316681804420224	0.7694174757281553
28	0.39388429707494277	11.936937373418074	0.838934302149561	0.7645631067961165
29	0.3934605280558268	11.784970783270323	0.8477141992128369	0.7864077669902912
30	0.39326942351556593	10.973645330621647	0.8546775658492279	0.7888349514563107
31	0.3929227292537689	10.545105260725204	0.8604299122010294	0.779126213592233
32	0.3928208062143037	10.261310568222633	0.8604299122010294	0.779126213592233
33	0.39284224369946646	9.923866810706945	0.8695125643354527	0.7742718446601942
34	0.3930745942252023	9.51650247665552	0.8795034816833182	0.7694174757281553
35	0.393060823281606	9.027314513921738	0.8843475628216773	0.7961165048543689
36	0.3929786037754368	8.22044319143662	0.8928247048138056	0.7742718446601942
37	0.3929000277268259	7.634904674612558	0.9022101120193763	0.7766990291262136
38	0.392779821004623	6.92694052724311	0.9152285800787163	0.779126213592233
39	0.39278063774108884	6.391726803321105	0.9206781713593702	0.7864077669902912
40	0.3928063090254621	6.685178216833335	0.9134120496518316	0.8033980582524272
41	0.3928221237091791	5.364576019919836	0.9373297002724795	0.779126213592233
42	0.3928967187570971	4.8151759680073996	0.9461095973357554	0.7936893203883495
43	0.39292856779965485	4.277814708363551	0.9482288828337875	0.7985436893203883
44	0.39290878507826066	3.841868331226019	0.9585225552528005	0.7888349514563107
45	0.392866269401882	3.3825487887056975	0.9633666363911596	0.7815533980582524
46	0.3928986407340841	3.098498829282247	0.9651831668180442	0.8009708737864077
47	0.3929476539293925	2.5703249542185893	0.9700272479564033	0.7839805825242718
48	0.3930297043858742	2.503754551594074	0.9715410233121404	0.779126213592233
49	0.39310005664825437	2.3783291541039944	0.9730547986678777	0.7718446601941747
50	0.3931582628511915	2.052684859587596	0.978807145019679	0.7839805825242718
51	0.3931194222890414	1.4830139233247162	0.9857705116560702	0.7766990291262136
52	0.39309885816754037	1.2074873940302775	0.9863760217983651	0.8033980582524272
53	0.3931678666008843	0.8554825135864891	0.9915228580078717	0.7888349514563107
54	0.3932100469415838	0.9959144460646292	0.9903118377232819	0.779126213592233
55	0.3932433809552874	1.2698929084984298	0.9863760217983651	0.779126213592233
56	0.3933506137446353	0.858189180564995	0.9930366333636088	0.779126213592233
57	0.39342412044262065	0.6216722419127249	0.9960641840750832	0.7912621359223301
58	0.3934430429490946	0.629235279862769	0.9948531637904935	0.7864077669902912
59	0.39348295132319133	0.6710821169321067	0.9933393884347563	0.7766990291262136
60	0.3935345743523269	0.5199341002780085	0.9951559188616409	0.7912621359223301
-1	-1	-1	-1	-1
0	0.5252707004547119	20.980360812865772	0.6262870987280436	0.6189320388349514
1	0.4634488821029663	21.375629145365494	0.5978195033313144	0.6359223300970874
2	0.44749649365743	19.255457864357876	0.678679588128407	0.6820388349514563
3	0.43835002183914185	18.94543623007261	0.676862507571169	0.6796116504854369
4	0.4288487911224365	18.627988778627834	0.6886735311932163	0.6771844660194175
5	0.4223886728286743	18.374688368577225	0.6992731677771048	0.6432038834951457
6	0.4178222928728376	17.68627279767623	0.7162325863113265	0.7087378640776699
7	0.4150632619857788	17.547991125629498	0.7238037552998183	0.6990291262135923
8	0.41279289457533097	17.180418459268715	0.7398546335554209	0.720873786407767
9	0.41121640205383303	16.57869590016512	0.7504542701393095	0.7111650485436893
10	0.40992253476923163	17.091676601996788	0.7383403997577226	0.7135922330097088
11	0.4087258776028951	16.318089324694412	0.7525741974560872	0.7135922330097088
12	0.40772216136638934	15.783549675574669	0.7628709872804361	0.7014563106796117
13	0.4070573534284319	15.420630280788128	0.7698364627498486	0.7257281553398058
14	0.40660454432169596	14.988910225721506	0.7913385826771654	0.7233009708737864
15	0.40645453333854675	14.606682944756288	0.7928528164748637	0.7378640776699029
16	0.4055170732385972	14.39095225242468	0.7958812840702605	0.7402912621359223
17	0.4049695332845052	13.978002263949467	0.80557238037553	0.7402912621359223
18	0.4042930477543881	13.604212616498653	0.8107207752877045	0.7548543689320388
19	0.40321849584579467	13.157973569173079	0.8176862507571169	0.75
20	0.4025455997103736	12.899096666620327	0.8246517262265294	0.7645631067961165
21	0.402140736579895	12.69494299705212	0.8207147183525136	0.7427184466019418
22	0.4021552023680314	12.749157570875608	0.8273773470623864	0.7766990291262136
23	0.4016338586807251	12.151984088695967	0.8400969109630527	0.7572815533980582
24	0.4010771083831787	11.497585624456406	0.8528164748637189	0.7621359223300971
25	0.40066981315612793	11.434637745985619	0.8479709267110842	0.7621359223300971
26	0.4002079522168195	10.603423273907257	0.8603876438522108	0.7815533980582524
27	0.3999877912657602	10.332701488183094	0.8682616596002423	0.7839805825242718
28	0.400000366671332	10.02582589078408	0.8706844336765597	0.7669902912621359
29	0.4002925554911296	9.359051922479502	0.8815869170199879	0.7669902912621359
30	0.39990829652355564	8.865334423688742	0.8909751665657177	0.7669902912621359
31	0.39969452470541	8.29579851604425	0.8988491823137492	0.7475728155339806
32	0.3992646246245413	7.76768061117484	0.905511811023622	0.7669902912621359
33	0.39851286130792957	7.320320959274586	0.9115687462144155	0.7718446601941747
34	0.39809112548828124	6.844697850254866	0.9164142943670502	0.7815533980582524
35	0.3979160851902432	6.423706408160237	0.9230769230769231	0.7572815533980582
36	0.39759579220333613	5.521963078815204	0.93519079345851	0.7597087378640777
37	0.39737496250554133	5.372828366378179	0.9367050272562084	0.7694174757281553
38	0.39726873544546276	4.536594006304558	0.9442761962447002	0.779126213592233
39	0.39724026918411254	4.715439093800692	0.9433676559660812	0.7766990291262136
40	0.39720878368470725	3.702732259980761	0.955481526347668	0.779126213592233
41	0.3971787066686721	3.0727215514589963	0.9645669291338582	0.7524271844660194
42	0.3970526318217433	2.7883711057500196	0.9645669291338582	0.779126213592233
43	0.39690297842025757	2.6114039808655014	0.9718352513628105	0.7766990291262136
44	0.39676058027479383	2.2417649617060444	0.9751665657177468	0.7815533980582524
45	0.39673168244569196	2.0454639114726048	0.9769836462749849	0.7839805825242718
46	0.3965828114367546	1.7946428936691239	0.9784978800726832	0.7864077669902912
47	0.39649784564971924	1.7792036080589662	0.9818291944276196	0.7864077669902912
48	0.39644136720774126	1.321662973612547	0.9884918231374924	0.7839805825242718
49	0.3964292573928833	1.2423816004481454	0.9863718958207147	0.7936893203883495
50	0.3963198568306717	0.9241336492212633	0.9915202907328892	0.7864077669902912
51	0.39620423775452834	0.633216221172076	0.9945487583282859	0.7912621359223301
52	0.39615986931998776	0.6410673997422867	0.9957601453664445	0.7839805825242718
53	0.39614782068464494	0.5040207735980332	0.9951544518473653	0.779126213592233
54	0.39620436321605335	0.4357823649233235	0.997274379164143	0.7864077669902912
55	0.39614362376076834	0.4268979670596309	0.997274379164143	0.7961165048543689
56	0.3961422736184639	0.4307955599237735	0.9966686856450636	0.7815533980582524
57	0.39611441513587686	0.5011673431297543	0.9960629921259843	0.7839805825242718
58	0.39603300013784637	0.3515235625225334	0.9966686856450636	0.7815533980582524
59	0.396041202545166	0.37850865264744454	0.997274379164143	0.7815533980582524
60	0.3960564136505127	0.284445423735843	0.9969715324046032	0.7961165048543689
61	0.39611227666178056	0.24875679390914648	0.9981829194427619	0.7742718446601942
62	0.3961366396101694	0.27154243912082165	0.997274379164143	0.7864077669902912
63	0.3960602842271328	0.22070516723593195	0.9978800726832223	0.7742718446601942
64	0.3961238274207482	0.21237956321475884	0.9981829194427619	0.7961165048543689
65	0.39610007676211273	0.2426614416225885	0.9981829194427619	0.7888349514563107
66	0.39606900713337	0.1939554978329957	0.9984857662023017	0.7839805825242718
67	0.3959989863283494	0.23581919528707937	0.9978800726832223	0.7864077669902912
68	0.39593481671982916	0.2093365729893916	0.9981829194427619	0.779126213592233
69	0.3958854675292969	0.2083077609044127	0.9975772259236826	0.7936893203883495
70	0.39586455721250724	0.22870714243841717	0.9969715324046032	0.7936893203883495
71	0.395853943294949	0.21509315927218828	0.9978800726832223	0.7888349514563107
72	0.39578349622961595	0.17624921391521078	0.9978800726832223	0.7912621359223301
73	0.3957620504740122	0.16141777494116327	0.9978800726832223	0.7985436893203883
74	0.39578377723693847	0.1956862888403588	0.9978800726832223	0.7961165048543689
75	0.39578738965486226	0.20080909803576874	0.9975772259236826	0.7961165048543689
76	0.3957562167923172	0.15541380054771883	0.9981829194427619	0.7912621359223301
77	0.3957154811956944	0.1569737400856796	0.9981829194427619	0.7936893203883495
78	0.395678776728956	0.13530406080679733	0.9984857662023017	0.7912621359223301
79	0.39566015899181367	0.15387938977217067	0.9981829194427619	0.7864077669902912
80	0.3956685713779779	0.1480709760384903	0.9981829194427619	0.7839805825242718
81	0.39565445737140936	0.13981565563573475	0.9978800726832223	0.7815533980582524
82	0.39565787257918394	0.13944698049118204	0.9978800726832223	0.7864077669902912
83	0.39563338529495967	0.15493658075418074	0.997274379164143	0.7864077669902912
84	0.3956077631782083	0.16684560718599292	0.9975772259236826	0.7912621359223301
85	0.3956138145091922	0.14677858645266567	0.9975772259236826	0.7864077669902912
86	0.3955997488964563	0.14127789274873345	0.9975772259236826	0.7864077669902912
87	0.3955991132692857	0.12525156979245367	0.9978800726832223	0.7864077669902912
88	0.3955854271235091	0.12055182034740798	0.9984857662023017	0.7864077669902912
89	0.39553607834710014	0.1331060942063162	0.9978800726832223	0.7839805825242718
90	0.39549549595340266	0.1251264773969664	0.9981829194427619	0.7864077669902912
91	0.39545564288678375	0.11298586530532563	0.9984857662023017	0.7864077669902912
92	0.3954223176484467	0.10837490244361667	0.9981829194427619	0.7864077669902912
93	0.39541803268676107	0.11866469692904502	0.9978800726832223	0.7864077669902912
-1	-1	-1	-1	-1
0	0.47729039192199707	20.651359755259293	0.6319297182671918	0.6682808716707022
1	0.42947936058044434	20.25997801583547	0.6416237503786731	0.5326876513317191
2	0.4124331474304199	19.89332575064439	0.6498030899727355	0.6731234866828087
3	0.40475159883499146	19.097743634994213	0.6767646167827931	0.6610169491525424
4	0.40326566696166993	18.380291425264797	0.7040290820963344	0.7070217917675545
5	0.4028536081314087	18.177351979108956	0.706149651620721	0.7336561743341404
6	0.4021460328783308	17.779574229167057	0.7285671008785216	0.7167070217917676
7	0.40938130021095276	17.8523891384785	0.7215995152983944	0.6973365617433414
8	0.4079936875237359	17.41541197666755	0.7306876704029082	0.6513317191283293
9	0.40706324577331543	17.680364678685482	0.7176613147531051	0.7191283292978208
10	0.40604671564969147	17.157519051661858	0.7400787640109058	0.7360774818401937
11	0.40516863266626996	16.39551220031885	0.7434110875492275	0.7070217917675545
12	0.4045927341167743	16.687038662341926	0.7524992426537412	0.7263922518159807
13	0.4036085946219308	16.113117472483562	0.7552256891850955	0.7070217917675545
14	0.4033201694488525	16.1255564391613	0.7585580127234172	0.7191283292978208
15	0.40287813544273376	15.53096200640385	0.7697667373523175	0.7046004842615012
16	0.40244096868178425	15.047048869041296	0.7779460769463798	0.7336561743341404
17	0.40195756488376194	14.993101362998669	0.7770372614359286	0.738498789346247
18	0.4014590915880705	14.32589835845507	0.7897606785822479	0.7288135593220338
19	0.40112756490707396	14.26629650592804	0.7903665555892154	0.7433414043583535
20	0.4007455848512195	13.866361597409615	0.7985458951832778	0.7239709443099274
21	0.40059328079223633	13.505781328448883	0.802484095728567	0.7360774818401937
22	0.40032054030376935	13.135041191027714	0.8115722508330809	0.7506053268765133
23	0.4000657796859741	12.8261033479984	0.814298697364435	0.7554479418886199
24	0.3997329330444336	12.519162219304304	0.8239927294759164	0.774818401937046
25	0.3996042013168335	12.060754652206715	0.8327779460769463	0.7675544794188862
26	0.3993795801092077	11.784698348778944	0.8379279006361708	0.7796610169491526
27	0.39920948232923237	11.223487832511847	0.8433807936988791	0.7578692493946732
28	0.3990217488387535	11.015465903740663	0.8524689488033929	0.7820823244552058
29	0.39870719114939374	10.487357104626986	0.8606482883974553	0.7796610169491526
30	0.39832125171538324	9.281814554562935	0.8794304756134504	0.7772397094430993
31	0.3981158286333084	9.352419612499384	0.8836716146622235	0.7869249394673123
32	0.3979014411117091	8.48516650383289	0.8894274462284156	0.7796610169491526
33	0.39789752399220185	8.082097816925783	0.8966979703120267	0.7893462469733656
34	0.39786620140075685	7.170690447665178	0.9109360799757649	0.7869249394673123
35	0.39788156747817993	7.161731564081633	0.9088155104513783	0.801452784503632
36	0.3978374326551283	6.1123938623529215	0.9227506816116329	0.7796610169491526
37	0.3977218991831729	5.541370378090785	0.9318388367161466	0.7966101694915254
38	0.3975826165614984	4.828080588951707	0.9451681308694335	0.7772397094430993
39	0.3975266873836517	4.7255421957144375	0.9469857618903362	0.7893462469733656
40	0.3974561051624577	3.8493549445858943	0.9536504089669797	0.774818401937046
41	0.3973804485230219	3.168427052079306	0.96485913359588	0.8062953995157385
42	0.39730994091477506	2.6845753306809526	0.9706149651620721	0.7917675544794189
43	0.3971043987707658	2.2675183148911366	0.9748561042108452	0.7941888619854721
44	0.39717690149943036	2.160498838280686	0.9763707967282642	0.801452784503632
45	0.39716741831406305	2.7126659997380695	0.9666767646167828	0.7820823244552058
46	0.39723958867661496	1.7386936521193443	0.9836413208118752	0.7941888619854721
47	0.3972374697526296	1.3157334336294577	0.9863677673432293	0.7869249394673123
48	0.39714752897924305	1.2503782303359072	0.9860648288397456	0.7917675544794189
49	0.39704916477203367	0.7802407511167425	0.9933353529233565	0.8038740920096852
50	0.3968507495580935	0.6508821877024065	0.9936382914268403	0.7941888619854721
51	0.3967554890192472	0.592917621568911	0.9948500454407755	0.7917675544794189
52	0.3967465589631279	0.43707671113616714	0.9963647379581945	0.7917675544794189
53	0.39677043314333316	0.43145300344958043	0.9963647379581945	0.7893462469733656
54	0.39675683108243076	0.532482150859533	0.9954559224477431	0.7820823244552058
55	0.3965292828423636	0.42858456178062343	0.996970614965162	0.801452784503632
56	0.39644802662364226	0.38041328652672324	0.9963647379581945	0.7966101694915254
57	0.39611270920983677	0.3836284002152472	0.9975764919721296	0.784503631961259
58	0.3958574755717132	0.3973373720644024	0.9966676764616783	0.7917675544794189
59	0.3956001321474711	0.35169759683776647	0.9972735534686459	0.7966101694915254
60	0.3957473762699815	0.2889893136811085	0.9972735534686459	0.7941888619854721
61	0.3957664620491766	0.2538351381260257	0.998485307482581	0.8038740920096852
-1	-1	-1	-1	-1
0	0.47647714614868164	21.15503217623784	0.6201151166313238	0.6319612590799032
1	0.43264663219451904	21.127692360144394	0.6031505604362315	0.6029055690072639
2	0.4176764488220215	20.00084221133819	0.6525295365040896	0.648910411622276
3	0.4114682078361511	19.31840281990858	0.6749469857618904	0.6828087167070218
4	0.4077216625213623	18.708993467000816	0.68130869433505	0.6876513317191283
5	0.40567219257354736	18.709022618257084	0.6949409269918206	0.5835351089588378
6	0.40361418042864117	18.34062227836022	0.7016055740684641	0.6101694915254238
7	0.4017254710197449	18.306405665782783	0.7006967585580127	0.6924939467312349
8	0.40033525890774196	18.112834866230305	0.711905483186913	0.7215496368038741
9	0.3993238925933838	17.22743166410006	0.7318994244168434	0.6973365617433414
10	0.3989997777071866	17.014547646045685	0.745531657073614	0.6997578692493946
11	0.3986058433850606	16.95482641000014	0.745531657073614	0.7215496368038741
12	0.3983944012568547	16.52393729870136	0.7497727961223871	0.7457627118644068
13	0.3979560817990984	16.332647603291733	0.747046349591033	0.774818401937046
14	0.39752856890360516	16.309700472996784	0.7524992426537412	0.7506053268765133
15	0.39710788428783417	15.638854239995663	0.7785519539533474	0.7796610169491526
16	0.3969171888688031	15.207758917831457	0.7815813389881854	0.7481840193704601
17	0.3967681990729438	15.110378441902308	0.7873371705543775	0.7966101694915254
18	0.39676332473754883	14.552039882311455	0.792487125113602	0.784503631961259
19	0.396626341342926	14.346357486568964	0.8046046652529536	0.7893462469733656
20	0.39631116957891555	14.238510590333204	0.8052105422599213	0.7627118644067796
21	0.3959697051481767	13.705360424060087	0.8094516813086944	0.7893462469733656
22	0.3957386535146962	13.110558764292644	0.8233868524689488	0.7941888619854721
23	0.39558423558870953	12.652846476206413	0.8300514995455922	0.7917675544794189
24	0.39551104545593263	12.606033703455559	0.8321720690699788	0.7966101694915254
25	0.3954481069858258	11.868262229057459	0.8455013632232656	0.7941888619854721
26	0.3953334402154993	11.492986336923563	0.8430778551953954	0.8135593220338984
27	0.3951055748122079	10.81554959829037	0.8615571039079067	0.7917675544794189
28	0.39500115657674856	10.798057556152344	0.8615571039079067	0.8256658595641646
29	0.3949419975280762	10.090747599418346	0.8727658285368071	0.8280871670702179
30	0.39481688314868557	9.745134596641247	0.8730687670402908	0.8159806295399515
31	0.3947712406516075	9.279768934616676	0.8776128445925477	0.8305084745762712
32	0.394698056307706	8.972422449634625	0.8827627991517721	0.8038740920096852
33	0.3946487552979413	8.262349927654633	0.8951832777946077	0.7966101694915254
34	0.3946464470454625	7.512536882351224	0.9073008179339594	0.8401937046004843
35	0.3945791655116611	6.976485596253322	0.9142684035140867	0.8208232445520581
36	0.3946111975489436	6.591541983903601	0.9157830960315057	0.8232445520581114
37	0.39464479371121053	6.037316161852616	0.9242653741290519	0.8280871670702179
38	0.39467913676530886	6.15380088182596	0.928506513177825	0.8208232445520581
39	0.3947031080722809	5.055579733390075	0.944562253862466	0.8159806295399515
40	0.39465540211375166	4.7280534992997465	0.9451681308694335	0.8280871670702179
41	0.3946144978205363	3.9104292386283097	0.9539533474704635	0.8159806295399515
42	0.3946210173673408	3.3269296967639375	0.9691002726446531	0.7990314769975787
43	0.394618343223225	3.146654126019432	0.9651620720993638	0.8184019370460048
44	0.3946423053741455	2.7809173910377116	0.9721296576794911	0.801452784503632
45	0.39462766958319623	2.258587336884095	0.9754619812178128	0.8135593220338984
46	0.39454099979806456	2.0397490568888874	0.9815207512874886	0.8062953995157385
47	0.3944715013106664	1.3389406909879584	0.9872765828536807	0.8062953995157385
48	0.39438634989212973	1.4176509839032336	0.9833383823083914	0.8159806295399515
49	0.3943632173538208	1.7359784106329943	0.9784913662526508	0.8062953995157385
50	0.39438093409818764	1.9558359139527266	0.9790972432596183	0.8135593220338984
51	0.3943512256328876	1.1593664353274038	0.9903059678885187	0.8208232445520581
52	0.3943152517642615	0.8070668981840404	0.9933353529233565	0.8159806295399515
53	0.39422549141777885	0.4829509241553751	0.996970614965162	0.8135593220338984
54	0.39416002360257235	0.47786607512702733	0.9963647379581945	0.7990314769975787
-1	-1	-1	-1	-1
0	0.4781937599182129	21.01082425392591	0.6222356861557103	0.5956416464891041
1	0.4399465322494507	20.784752772404598	0.6131475310511966	0.6295399515738499
2	0.4251863956451416	20.88308404500668	0.6049681914571342	0.6634382566585957
3	0.4179224371910095	19.45233426644252	0.6704029082096334	0.6755447941888619
4	0.4132226467132568	19.38615301824533	0.6661617691608603	0.6924939467312349
5	0.4101690848668416	19.14900470009217	0.6788851863071796	0.6973365617433414
6	0.409524815423148	18.80505779156318	0.691608603453499	0.6682808716707022
7	0.40810292959213257	18.18000779243616	0.7088760981520751	0.6803874092009685
8	0.406227986017863	18.147199296034298	0.7143289912147834	0.7215496368038741
9	0.4050132751464844	17.885801416177017	0.7182671917600727	0.6876513317191283
10	0.4041101932525635	17.926520377397537	0.7125113601938806	0.7288135593220338
11	0.4031979441642761	17.214179132993404	0.73401999394123	0.6198547215496368
12	0.40250356380756086	17.302999523969795	0.7361405634656165	0.738498789346247
13	0.4017127411706107	16.4171603505428	0.7543168736746441	0.7433414043583535
14	0.40099743207295735	16.16767917573452	0.7637079672826417	0.7627118644067796
15	0.4004359245300293	16.07219203389608	0.7555286276885792	0.7506053268765133
16	0.3999438005335191	15.511080916111286	0.7770372614359286	0.7554479418886199
17	0.3995499743355645	15.008202543625465	0.7827930930021205	0.7651331719128329
18	0.3991441475717645	14.558846346460856	0.7891548015752802	0.7602905569007264
19	0.39861105680465697	14.481531773622219	0.792487125113602	0.7675544794188862
20	0.3981008529663086	13.958628063018505	0.8033929112390185	0.7699757869249395
21	0.3977311199361628	13.820912235058271	0.8012723417146319	0.7578692493946732
22	0.3977079495139744	13.435447361606817	0.8136928203574675	0.7723970944309927
23	0.39760854840278625	12.873635083436966	0.8161163283853378	0.7699757869249395
24	0.3975737285614014	12.443892500721491	0.8249015449863678	0.7481840193704601
25	0.39742458783663237	12.047328459528776	0.8355043926083006	0.7675544794188862
26	0.39710534060442887	11.395281076431274	0.846410178733717	0.7796610169491526
27	0.3966749310493469	11.102665919523973	0.8515601332929416	0.774818401937046
28	0.3963437984729635	10.526440251332064	0.8606482883974553	0.7820823244552058
29	0.39621601104736326	9.97105962725786	0.8730687670402908	0.7869249394673123
30	0.39614647434603784	9.30324344451611	0.883065737655256	0.7796610169491526
31	0.3960418999195099	9.15270938552343	0.8891245077249318	0.801452784503632
32	0.39579607501174463	8.257631300733639	0.8915480157528022	0.7820823244552058
33	0.3956124221577364	8.009342124112523	0.900636170857316	0.7917675544794189
34	0.3953573771885463	6.656052426649974	0.9197212965767949	0.8184019370460048
35	0.3952725330988566	6.8838377732497	0.9157830960315057	0.7893462469733656
36	0.3951450489662789	5.765690583449143	0.9251741896395032	0.7966101694915254
37	0.39493366919065775	5.091090545631372	0.9366858527718873	0.784503631961259
38	0.3952774818126972	5.159754619002342	0.9363829142684035	0.784503631961259
39	0.3952917575836182	4.3969274289332905	0.9481975159042715	0.7893462469733656
40	0.39522674607067576	4.034532970533921	0.9530445319600122	0.8038740920096852
41	0.3951472100757417	3.3744608704739503	0.9612238715540745	0.7990314769975787
42	0.39516936346542003	2.9281216457199593	0.9672826416237503	0.7917675544794189
43	0.39506772973320703	2.4550705515564633	0.9730384731899424	0.784503631961259
44	0.3949085235595703	1.7842674288403941	0.9797031202665859	0.7893462469733656
45	0.39475978457409405	1.517179049551487	0.9848530748258104	0.7893462469733656
46	0.3949109949964158	1.5462838015160882	0.9860648288397456	0.7893462469733656
47	0.3948737333218257	1.8527899158406609	0.980914874280521	0.7941888619854721
48	0.3948299446884467	1.3475606138997067	0.985458951832778	0.7820823244552058
49	0.3948050880432129	1.1026518291623337	0.9887912753710997	0.7820823244552058
50	0.3947282304950789	0.7434090886112804	0.9933353529233565	0.7893462469733656
51	0.3946415919523973	0.9119816068738985	0.9927294759163889	0.7966101694915254
52	0.39463982941969383	0.6554898529564246	0.9951529839442593	0.7966101694915254
53	0.3946703451651114	0.3871612165105314	0.996970614965162	0.7941888619854721
54	0.3946945840662176	0.4159409494369846	0.9966676764616783	0.7869249394673123
-1	-1	-1	-1	-1
0	0.4792776107788086	21.31498497953782	0.6101181460163587	0.6561743341404358
1	0.436431884765625	21.42345017194748	0.5801272341714632	0.6416464891041163
2	0.42297546068827313	20.020761998800133	0.6479854589518328	0.6585956416464891
3	0.4158351421356201	20.021810421576866	0.6561647985458952	0.6416464891041163
4	0.4116682052612305	19.351829822246845	0.6688882156922145	0.7530266343825666
5	0.4087175528208415	18.181852525243393	0.71644956073917	0.7893462469733656
6	0.4071379729679653	18.053353818563316	0.7067555286276885	0.7772397094430993
7	0.40597113966941833	17.88303507749851	0.7158436837322024	0.7820823244552058
8	0.4047091272142198	18.104169964790344	0.7073614056346562	0.7917675544794189
9	0.4033311367034912	17.350038892947712	0.729475916388973	0.801452784503632
10	0.40229563279585406	16.794713611786182	0.744016964556195	0.7578692493946732
11	0.40151768922805786	16.818753739389088	0.7443199030596789	0.7966101694915254
12	0.4011839353121244	16.430297998281624	0.7497727961223871	0.7917675544794189
13	0.4003700869424002	16.027519298287537	0.7612844592547713	0.8111380145278451
14	0.39961676597595214	15.949331698509363	0.7579521357164496	0.8184019370460048
15	0.3990153819322586	15.716471635378324	0.7694637988488336	0.8135593220338984
16	0.39831774375017953	15.326099602075724	0.7755225689185096	0.8135593220338984
17	0.3976466920640733	14.695688339380117	0.792487125113602	0.8087167070217918
18	0.3971480068407561	14.146582802900902	0.7970312026658588	0.7723970944309927
19	0.3967540979385376	13.984193122157684	0.8046046652529536	0.8184019370460048
20	0.39643729300726027	13.590418378894146	0.8088458043017267	0.8135593220338984
21	0.39624092795632104	12.900474016483013	0.826113299000303	0.8159806295399515
22	0.39600349509197735	12.80684451873486	0.8224780369584974	0.8256658595641646
23	0.3958083987236023	12.339275444929417	0.8309603150560436	0.8329297820823245
24	0.39571640014648435	11.835574257832308	0.8430778551953954	0.8353510895883777
25	0.39568312351520246	11.735264512208792	0.8388367161466223	0.8184019370460048
26	0.39563493375424985	11.01676202737368	0.8615571039079067	0.8111380145278451
27	0.3955791933195932	10.81478059062591	0.8606482883974553	0.8353510895883777
28	0.3955056749541184	10.175368714791079	0.8676158739775826	0.8280871670702179
29	0.39542060693105063	9.892931426946934	0.8718570130263557	0.8353510895883777
30	0.3953363972325479	9.265410950550667	0.878521660102999	0.8450363196125908
31	0.39541132748126984	8.803949227699867	0.8863980611935777	0.847457627118644
32	0.3951737880706787	8.094462832579246	0.8973038473189943	0.8280871670702179
33	0.3952660280115464	7.9372836692402	0.8966979703120267	0.8329297820823245
34	0.3952818938664028	7.5426322645865955	0.9036655558921539	0.8256658595641646
35	0.3951488667064243	6.910461421482838	0.9142684035140867	0.8305084745762712
36	0.3951167802552919	6.105770747535503	0.9227506816116329	0.8280871670702179
37	0.39508517164933055	6.016778417504751	0.9266888821569221	0.8353510895883777
38	0.39511764966524565	5.061427243340474	0.9354740987579522	0.8450363196125908
39	0.39507138133049013	4.814819937339053	0.9382005452893063	0.8498789346246973
40	0.3956635172774152	4.148801731948669	0.944562253862466	0.8523002421307506
41	0.39568690458933514	3.9106322610034394	0.9539533474704635	0.8305084745762712
42	0.39577257910440133	3.402367541853052	0.9609209330505907	0.837772397094431
43	0.39579578963193024	2.575072151702233	0.9706149651620721	0.8426150121065376
44	0.3957717259724935	2.2206429965220966	0.9763707967282642	0.8498789346246973
45	0.3958079348439756	1.8423264416230198	0.9794001817631021	0.8329297820823245
46	0.3958965413113858	1.7765578811701674	0.9790972432596183	0.847457627118644
47	0.39597589274247486	1.4883228753091875	0.9842471978188427	0.8305084745762712
48	0.39598762745759924	1.2618404334554305	0.9860648288397456	0.8280871670702179
49	0.3959381294250488	1.0132872299828495	0.9900030293850348	0.8450363196125908
50	0.3959338805254768	0.8797493423111379	0.9921235989094214	0.8619854721549637
51	0.39589885564950794	0.6766520301797965	0.9948500454407755	0.8426150121065376
52	0.39592299371395473	0.6853577707213565	0.9930324144198728	0.8329297820823245
53	0.39594184910809554	0.4182398499553808	0.9972735534686459	0.847457627118644
54	0.3959529356522994	0.30577260001938644	0.9981823689790973	0.8523002421307506
55	0.3959003601755415	0.2976912487538357	0.9978794304756134	0.8498789346246973
56	0.39568300414503665	0.33032955618378207	0.9978794304756134	0.8547215496368039
57	0.39561332916391306	0.28540371480406834	0.9978794304756134	0.8547215496368039
58	0.39556941339525126	0.24123910420334702	0.9978794304756134	0.8498789346246973
59	0.39551408688227335	0.20669268050831027	0.998485307482581	0.8547215496368039
60	0.39544970871972257	0.24562141868507473	0.9975764919721296	0.8595641646489104
61	0.39535851632395097	0.2633102622035389	0.9972735534686459	0.8547215496368039
62	0.3951941066318088	0.1550766029954852	0.9987882459860649	0.8426150121065376
63	0.3950234167277813	0.17039496880002283	0.998485307482581	0.8595641646489104
64	0.39499948574946475	0.16696577399292997	0.998485307482581	0.8547215496368039
65	0.3949548186677875	0.21569437710590697	0.9978794304756134	0.8595641646489104
66	0.3949113354754092	0.15800319963101664	0.998485307482581	0.8595641646489104
67	0.3948522595798268	0.18035905277177405	0.9981823689790973	0.8547215496368039
68	0.3947691433671592	0.15595738138318455	0.9981823689790973	0.8571428571428571
69	0.3947296415056501	0.15114153863620372	0.9978794304756134	0.8619854721549637
70	0.3947088751994388	0.1358212141177109	0.998485307482581	0.847457627118644
-1	-1	-1	-1	-1
0	0.5318119525909424	21.866666722756165	0.5798242956679794	0.6707021791767555
1	0.46440911293029785	22.453077600552486	0.5446834292638595	0.5012106537530266
2	0.44248302777608234	19.987076873962696	0.6392002423508027	0.6101694915254238
3	0.4311029314994812	19.837931321217464	0.659497122084217	0.6610169491525424
4	0.42490649223327637	18.76194566488266	0.6970614965162072	0.6803874092009685
5	0.4210013151168823	18.890329111080902	0.6882762799151773	0.6585956416464891
6	0.4178307056427002	18.356905836325424	0.69887912753711	0.6682808716707022
7	0.4157622456550598	18.23150776899778	0.7031202665858831	0.6029055690072639
8	0.413986153072781	17.934533895208286	0.7094819751590428	0.648910411622276
9	0.41377737522125246	17.313003468971985	0.727961223871554	0.7215496368038741
10	0.4123810854825107	17.112173770482723	0.7370493789760678	0.7191283292978208
11	0.4109109044075012	17.300268941200695	0.7273553468645865	0.7142857142857143
12	0.40963343473581165	16.464809619463406	0.7570433202059982	0.7094430992736077
13	0.408712489264352	16.35727421137003	0.7491669191154195	0.7070217917675545
14	0.4073556582132975	16.17964308193097	0.7437140260527113	0.7457627118644068
15	0.40615636110305786	16.075703393954498	0.7567403817025143	0.7602905569007264
16	0.4053429575527416	15.116971070949848	0.782187215995153	0.7820823244552058
17	0.40458329518636066	15.288609667466236	0.7827930930021205	0.7796610169491526
18	0.40373666662918894	14.638075310450334	0.7952135716449561	0.7723970944309927
19	0.4037576198577881	14.147020300993553	0.8052105422599213	0.8087167070217918
20	0.4034377960931687	13.65938932620562	0.8061193577703726	0.7990314769975787
21	0.40294898640025745	13.306309988865486	0.8176310209027567	0.7941888619854721
22	0.4023463207742442	13.184441772791056	0.8242956679794002	0.7820823244552058
23	0.4022090633710225	12.781657464229143	0.8267191760072705	0.7941888619854721
24	0.4018884181976318	12.118991148013334	0.8361102696152681	0.7941888619854721
25	0.4017510964320256	11.882958130194591	0.8409572856710088	0.7966101694915254
26	0.4014525501816361	11.531214587963545	0.847924871251136	0.7917675544794189
27	0.40132847002574373	11.167766723495264	0.8558012723417147	0.7796610169491526
28	0.40121208388229895	10.70846012693185	0.8603453498939715	0.8135593220338984
29	0.4010491371154785	10.188830804939453	0.8645864889427446	0.7966101694915254
30	0.40094853985694145	9.67640162832462	0.8754922750681612	0.8232445520581114
31	0.40083035826683044	9.499024716707376	0.8809451681308694	0.8135593220338984
32	0.4010797847401012	8.688266254388369	0.8891245077249318	0.801452784503632
33	0.4010302739984849	8.276189925005802	0.8948803392911239	0.801452784503632
34	0.4009000165121896	7.3707162737846375	0.9069978794304756	0.7966101694915254
35	0.40088463491863674	6.886052202146787	0.9127537109966677	0.8087167070217918
36	0.4008722176422944	6.483668853457157	0.9169948500454408	0.7917675544794189
37	0.4008531695918033	6.026415789356599	0.926991820660406	0.8159806295399515
38	0.40071986883114546	5.179112262164171	0.9354740987579522	0.8329297820823245
39	0.4006329715251923	4.825630496327694	0.9366858527718873	0.7893462469733656
40	0.40039011327231805	4.4458396297234755	0.9451681308694335	0.8087167070217918
41	0.40016786257425946	3.7043718346215497	0.9597091790366555	0.8038740920096852
42	0.3999181348224019	3.0282249419878307	0.9633444410784611	0.8062953995157385
43	0.39954140511426056	2.642753025731788	0.9700090881551046	0.8159806295399515
44	0.39912365277608236	2.5982144687038202	0.9691002726446531	0.8062953995157385
45	0.3990086576213007	1.9441618953759854	0.9790972432596183	0.8135593220338984
46	0.39864880480664844	1.4596856797848328	0.9848530748258104	0.801452784503632
47	0.39814382791519165	1.1642319304295456	0.9924265374129052	0.8159806295399515
48	0.39777760116421446	1.1489554815567458	0.9893971523780672	0.7990314769975787
49	0.3974237060546875	1.0316215726270106	0.9915177219024538	0.7966101694915254
50	0.3971565050237319	0.802273581532063	0.9930324144198728	0.8062953995157385
51	0.39709778473927426	0.7168843236107093	0.9942441684338079	0.8111380145278451
52	0.3969690799713135	0.6278371441339214	0.9942441684338079	0.8062953995157385
53	0.39696728741681137	0.6017732284374409	0.9957588609512269	0.8087167070217918
54	0.39685407118363814	0.4311120649262403	0.9966676764616783	0.8135593220338984
55	0.3967803120613098	0.623806667451399	0.9963647379581945	0.8159806295399515
56	0.3967473757894416	0.4877580323910269	0.996970614965162	0.8038740920096852
57	0.39665723669117897	0.38696507728533247	0.9972735534686459	0.801452784503632
58	0.39653432167182534	0.346548606343836	0.9975764919721296	0.8208232445520581
-1	-1	-1	-1	-1
0	0.478238582611084	20.45082722260402	0.64616782793093	0.6852300242130751
1	0.43508851528167725	21.99810613118685	0.5704332020599818	0.576271186440678
2	0.4197661876678467	19.758622274949	0.656467737049379	0.639225181598063
3	0.41307586431503296	19.98037761449814	0.6482883974553165	0.6295399515738499
4	0.40802717208862305	19.24410125040091	0.6697970312026659	0.6828087167070218
5	0.40505552291870117	19.120070558327896	0.6819145713420176	0.6537530266343826
6	0.4028660569872175	18.42518415588599	0.69009391093608	0.6828087167070218
7	0.4008531868457794	17.96947277509249	0.7212965767949107	0.6707021791767555
8	0.39953287442525226	18.167807367558662	0.7079672826416238	0.6561743341404358
9	0.39861373901367186	17.399725721432613	0.7361405634656165	0.6997578692493946
10	0.39875767447731714	17.508230663262882	0.7237200848227809	0.6731234866828087
11	0.39851562182108563	16.821173832966732	0.7425022720387762	0.7239709443099274
12	0.39800939193138707	16.358574752624218	0.7540139351711602	0.7457627118644068
13	0.3977333647864206	16.242535014565174	0.7612844592547713	0.7433414043583535
14	0.3973142941792806	16.177618549420284	0.7597697667373523	0.639225181598063
15	0.3972311466932297	16.01841960962002	0.7737049378976067	0.7360774818401937
16	0.39713037715238686	15.448823087490522	0.7764313844289609	0.7239709443099274
17	0.3969396750132243	15.241549134254456	0.7758255074219933	0.7360774818401937
18	0.3967874050140381	14.88520097732544	0.7927900636170857	0.774818401937046
19	0.3965457081794739	14.746286229445385	0.7927900636170857	0.7530266343825666
20	0.39626260030837285	14.35686823954949	0.7979400181763102	0.7675544794188862
21	0.3960923823443326	13.868875361405886	0.7991517721902454	0.7627118644067796
22	0.39587317342343536	14.069947494910313	0.8006664647076643	0.7627118644067796
23	0.3957645495732625	13.449133553183996	0.8127840048470161	0.7699757869249395
24	0.39568281173706055	12.912168271266497	0.8233868524689488	0.7917675544794189
25	0.39541727762955886	12.438024951861454	0.8309603150560436	0.7966101694915254
26	0.39525976887455694	12.162784257760414	0.8327779460769463	0.7820823244552058
27	0.3951431172234671	11.702191564899225	0.8394425931535898	0.8111380145278451
28	0.395197843683177	11.431030252805122	0.8409572856710088	0.8087167070217918
29	0.3953072230021159	10.640175807934542	0.8539836413208118	0.8111380145278451
30	0.3953237610478555	10.065347598149227	0.8745834595577098	0.8038740920096852
31	0.395408071577549	9.752254701004578	0.8776128445925477	0.7966101694915254
32	0.3952813581986861	9.052909972289434	0.880036352620418	0.801452784503632
33	0.39538949377396526	8.39166178038487	0.8936685852771887	0.8135593220338984
34	0.3953903947557722	7.937686185424145	0.9003332323538322	0.8062953995157385
35	0.3952403995725844	7.02844092135246	0.9124507724931838	0.784503631961259
36	0.3952152406847155	6.863481710736568	0.9121478339897001	0.801452784503632
37	0.3951113035804347	6.099955000556433	0.9230536201151166	0.8087167070217918
38	0.39500728020301235	5.581534118033373	0.9294153286882763	0.8038740920096852
39	0.3949151337146759	4.896346187935426	0.9363829142684035	0.8184019370460048
40	0.3948246095238662	4.770917158287305	0.9436534383520145	0.8087167070217918
41	0.3947783992404029	4.095938776834653	0.9512269009391093	0.8111380145278451
42	0.39476358058840727	3.4449693619345245	0.9603150560436231	0.7990314769975787
43	0.3947263630953702	2.875773034703273	0.9703120266585883	0.801452784503632
44	0.3946778456370036	2.5590963306693504	0.9733414116934263	0.8159806295399515
45	0.39463229801343835	2.92191258044197	0.9691002726446531	0.8159806295399515
46	0.3945687324442762	2.1564962823266307	0.9754619812178128	0.8184019370460048
47	0.3945397088925044	1.5088466070592403	0.9860648288397456	0.8159806295399515
48	0.39456821461113134	1.287705727888701	0.9878824598606483	0.8232445520581114
49	0.39461605072021483	0.9590028253061553	0.9909118448954862	0.8184019370460048
50	0.39468590418497723	0.8962730929275634	0.9936382914268403	0.8232445520581114
51	0.3946177179996784	0.8313864337352033	0.9948500454407755	0.8159806295399515
52	0.3946146110318742	0.8080066971731588	0.9927294759163889	0.8256658595641646
53	0.3946271781568174	0.7053024978533637	0.9948500454407755	0.8159806295399515
54	0.39466161294416946	0.525595534630366	0.9954559224477431	0.8280871670702179
55	0.39470729657581877	0.5234608119085001	0.9972735534686459	0.8111380145278451
56	0.3947203033848813	0.5424962217847888	0.9978794304756134	0.8135593220338984
57	0.3947473846632859	0.3030379412498755	0.9978794304756134	0.8184019370460048
58	0.3946371684640141	0.36521946399002797	0.9981823689790973	0.8208232445520581
59	0.394610865910848	0.36245516241223624	0.9981823689790973	0.8159806295399515
60	0.39464484668168864	0.279818031614503	0.9987882459860649	0.8135593220338984
61	0.3946050290138491	0.24055929187138994	0.9987882459860649	0.8353510895883777
62	0.39464759826660156	0.43296163065735105	0.9981823689790973	0.8256658595641646
63	0.39460742473602295	0.2677514620826024	0.998485307482581	0.8135593220338984
64	0.3946121619297908	0.23057369708924222	0.998485307482581	0.8256658595641646
65	0.3945716908483794	0.1798687929762169	0.9990911844895486	0.8232445520581114
66	0.39455651881089854	0.24460439675637574	0.9978794304756134	0.8208232445520581
67	0.3946044409976286	0.21849235700193065	0.9993941229930324	0.8135593220338984
68	0.3946490736975186	0.13452938121753716	0.9993941229930324	0.8184019370460048
69	0.39469288417271203	0.16012686998314726	0.9993941229930324	0.8232445520581114
70	0.39470707866507515	0.18277400022802445	0.9990911844895486	0.8329297820823245
71	0.39472343855433994	0.18507539186080416	0.9990911844895486	0.8232445520581114
72	0.3947198848201804	0.16399444931616577	0.9990911844895486	0.8256658595641646
73	0.39475440979003906	0.2166209487701193	0.9990911844895486	0.8184019370460048
74	0.39477605183919273	0.14096935669210955	0.9990911844895486	0.8184019370460048
75	0.39479229952159683	0.14210752619860265	0.9993941229930324	0.8232445520581114
76	0.39476568667919604	0.19780247589985195	0.9990911844895486	0.8159806295399515
77	0.39475683065561146	0.1697889485392527	0.9990911844895486	0.8232445520581114
78	0.3946350707283503	0.10049927052358935	0.9993941229930324	0.8184019370460048
79	0.3944534927606583	0.18891726745110085	0.9987882459860649	0.8184019370460048
80	0.39429304334852433	0.14735374339327847	0.9990911844895486	0.8208232445520581
81	0.39416036954740197	0.15078720135408302	0.9990911844895486	0.8159806295399515
-1	-1	-1	-1	-1
0	0.5175645351409912	22.49267250070205	0.5493640218049667	0.6513317191283293
1	0.4519895315170288	20.320491490455773	0.6320411871592974	0.6513317191283293
2	0.4296860694885254	19.64166935819846	0.6592973955178679	0.5423728813559322
3	0.41835343837738037	19.049004598305775	0.67595396729255	0.6924939467312349
4	0.41175055503845215	18.898127500827496	0.7004845548152635	0.6174334140435835
5	0.4077233076095581	18.46405675778022	0.6950333131435493	0.6707021791767555
6	0.40461536816188265	18.047568362492783	0.7107813446396124	0.7142857142857143
7	0.40212100744247437	17.313589504131905	0.7419745608721987	0.7312348668280871
8	0.4003259340922038	17.397091017319607	0.7359176256814052	0.7070217917675545
9	0.398622727394104	17.18036798101205	0.7325863113264688	0.7263922518159807
10	0.39739311825145374	17.192508596640366	0.7371290127195639	0.7070217917675545
11	0.3967229723930359	16.478618126649124	0.7525741974560872	0.7167070217917676
12	0.39610809546250564	16.072332716905155	0.7634766807995155	0.711864406779661
13	0.3955787079674857	15.707564846827434	0.7698364627498486	0.7239709443099274
14	0.3949161370595296	15.807865450015434	0.7586311326468806	0.7288135593220338
15	0.3942909836769104	15.19436066884261	0.7722592368261659	0.7215496368038741
16	0.39382021567400766	15.154964043543888	0.7783161720169595	0.7263922518159807
17	0.39347566498650444	14.780775568806208	0.7846759539672925	0.7530266343825666
18	0.39294784947445516	14.04960061953618	0.8010296789824349	0.7070217917675545
19	0.39267740249633787	13.837847915979532	0.8001211387038158	0.7360774818401937
20	0.39222690037318636	13.562563836574554	0.8067837674136886	0.7481840193704601
21	0.3918745517730713	12.795059155959349	0.8216232586311326	0.7433414043583535
22	0.3915814316791037	12.665894102591734	0.8228346456692913	0.7530266343825666
23	0.39131497343381244	11.996384608057829	0.8291944276196245	0.7651331719128329
24	0.39093656539916993	11.5173986187348	0.841611144760751	0.7602905569007264
25	0.39067096893603986	11.01639090019923	0.8555420956995761	0.7651331719128329
26	0.3902653588189019	10.484946293899647	0.8582677165354331	0.7554479418886199
27	0.39004188776016235	10.064670948454967	0.8679588128407026	0.774818401937046
28	0.38984759922685297	9.399258843981302	0.8758328285887341	0.7481840193704601
29	0.3897476434707642	9.255662347261723	0.8746214415505754	0.774818401937046
30	0.38962650299072266	8.466354413674427	0.8933979406420351	0.7651331719128329
31	0.3894573301076889	7.790176436878168	0.9021804966686856	0.7651331719128329
32	0.38919103506839636	7.433341679664759	0.9064203513022411	0.7651331719128329
33	0.38910071288838105	6.696665346622467	0.9164142943670502	0.7820823244552058
34	0.3890463215964181	6.445326906557266	0.9258025439127802	0.7723970944309927
35	0.3890115287568834	5.171552442587339	0.9388249545729861	0.7869249394673123
36	0.3889360298981538	4.88313025309561	0.9439733494851605	0.7699757869249395
37	0.3888249961953414	4.080533106166583	0.9533615990308903	0.7554479418886199
38	0.38866112171075284	4.092918078486736	0.952755905511811	0.7869249394673123
39	0.3885951519012451	3.2871660696199307	0.964869775893398	0.7723970944309927
40	0.38855060716954676	2.86391831189394	0.967595396729255	0.7627118644067796
41	0.3884457236244565	3.0518224958616953	0.9651726226529376	0.7772397094430993
42	0.38830848072850427	2.0342192870493117	0.9778921865536039	0.774818401937046
43	0.3881681832400235	1.3662911206662942	0.9857662023016354	0.7699757869249395
44	0.3880170769161648	1.4711609593214234	0.9872804360993337	0.774818401937046
45	0.3879422312197478	1.1890893979893566	0.9897032101756511	0.774818401937046
46	0.38790320842824083	1.7646875326485874	0.9854633555420957	0.774818401937046
47	0.3878386269013087	1.694274221546948	0.9806178073894609	0.774818401937046
48	0.38779389128393055	1.1622671686614363	0.9912174439733494	0.7820823244552058
49	0.3876466178894043	0.6367543712969144	0.9948516050878256	0.7941888619854721
50	0.38756455159654807	0.5600166809207832	0.997274379164143	0.7893462469733656
51	0.3874601721763611	0.5160257023084202	0.9966686856450636	0.7869249394673123
52	0.38741179232327444	0.38522437866665243	0.9981829194427619	0.7917675544794189
53	0.38732737082022206	0.362614306643641	0.9975772259236826	0.784503631961259
54	0.3872637878764759	0.4148754606050296	0.9969715324046032	0.774818401937046
55	0.3871606503214155	0.34182844299357384	0.9975772259236826	0.7772397094430993
56	0.387097906648067	0.37358317763517757	0.9969715324046032	0.7772397094430993
57	0.3870586156845093	0.3008478585688863	0.9981829194427619	0.7869249394673123
58	0.38703897847967633	0.3546186457841451	0.9981829194427619	0.7893462469733656
59	0.38694382905960084	0.32643752080128674	0.9978800726832223	0.7893462469733656
60	0.3868263784002085	0.2751547047071374	0.9981829194427619	0.7941888619854721
61	0.38673946934361614	0.20738423941656947	0.9987886129618413	0.7723970944309927
62	0.38669315973917645	0.2191183643802875	0.9984857662023017	0.774818401937046
63	0.386643223464489	0.22465407394114523	0.9984857662023017	0.7820823244552058
64	0.38661412459153394	0.18843085057205128	0.9981829194427619	0.7723970944309927
65	0.3865600282495672	0.2073146389422898	0.9987886129618413	0.7796610169491526
66	0.38646270979696246	0.19087909102717487	0.9984857662023017	0.7796610169491526
67	0.38659821888979745	0.17585971724138988	0.9987886129618413	0.7772397094430993
68	0.38675212169039075	0.20339046365720256	0.9984857662023017	0.774818401937046
69	0.3868906463895525	0.1702312653964887	0.9987886129618413	0.7820823244552058
-1	-1	-1	-1	-1
0	0.4721035957336426	21.165893183304714	0.6118679987889797	0.7063106796116505
1	0.4332622289657593	20.939904923622425	0.6130790190735694	0.6868932038834952
2	0.41904457410176593	20.134882800854168	0.6400242204056918	0.633495145631068
3	0.4126899838447571	19.687125909786957	0.6578867696033909	0.6771844660194175
4	0.4093014717102051	19.225056522167645	0.6763548289433848	0.6674757281553398
5	0.4061235586802165	18.88569621397899	0.680593399939449	0.6990291262135923
6	0.4043841702597482	18.293306473356026	0.7138964577656676	0.7427184466019418
7	0.401310533285141	18.547447397158695	0.6981531940660006	0.720873786407767
8	0.3984786404503716	18.706043584988667	0.6893732970027248	0.7475728155339806
9	0.3977743864059448	17.387949136587288	0.7250983953981229	0.7451456310679612
10	0.396095102483576	17.85871557547496	0.7138964577656676	0.7645631067961165
11	0.3951227863629659	16.78557401895523	0.7523463518013926	0.7694174757281553
12	0.39637044759897083	16.713883798856003	0.7453829851650016	0.779126213592233
13	0.3964107036590576	16.18064350119004	0.755979412655162	0.7912621359223301
14	0.39635438919067384	15.796323446127085	0.7593097184377838	0.7694174757281553
15	0.3958802819252014	15.85187746469791	0.7626400242204057	0.7718446601941747
16	0.39499714795280905	15.5635662147632	0.7693006357856494	0.8058252427184466
17	0.3943895763821072	14.988293783022808	0.7865576748410535	0.8058252427184466
18	0.3942320848766126	14.770260790219673	0.7853466545564638	0.7864077669902912
19	0.39362249374389646	14.433341702589622	0.7898879806236755	0.7864077669902912
20	0.39354223296755836	14.20494168996811	0.8007871631849833	0.8033980582524272
21	0.3932383385571567	13.739151661212627	0.8062367544656373	0.8106796116504854
22	0.3930430619612984	13.106007085396694	0.8132001211020284	0.8058252427184466
23	0.39291897416114807	12.812233072060804	0.8301544050862852	0.7839805825242718
24	0.3930959224700928	12.276568232820583	0.8356039963669392	0.7961165048543689
25	0.39315372246962327	12.096983829369911	0.8334847108689071	0.8033980582524272
26	0.39293140835232204	11.670003161980556	0.8477141992128369	0.8009708737864077
27	0.3929892693247114	11.020351707935333	0.8513472600666061	0.8252427184466019
28	0.3927414746120058	10.950811344270523	0.8546775658492279	0.8179611650485437
29	0.3926400661468506	9.902632571183718	0.8755676657584015	0.8033980582524272
30	0.3926205481252363	9.297696486115456	0.8846503178928247	0.8252427184466019
31	0.39263762533664703	8.975058110860678	0.8931274598849531	0.8228155339805825
32	0.39415550231933594	8.636897868835009	0.8907054193157735	0.8131067961165048
33	0.394059279385735	7.658998959339582	0.9055404178019982	0.8106796116504854
34	0.3938628469194685	7.03709808192574	0.9149258250075689	0.7888349514563107
35	0.3935704231262207	6.770234647851724	0.9164396003633061	0.8252427184466019
36	0.39354873347926783	6.374664220672387	0.92188919164396	0.8106796116504854
37	0.3936937482733476	5.711775953953083	0.9318801089918256	0.8203883495145631
38	0.393751309468196	5.268202342092991	0.937632455343627	0.8325242718446602
39	0.3938455045223236	4.143140093638347	0.9497426581895246	0.7985436893203883
40	0.3938054689546911	4.408433302090718	0.9485316379049349	0.8131067961165048
41	0.3938464437212263	4.480325059965253	0.9442930669088707	0.8058252427184466
42	0.39384402230728505	3.4038345217704773	0.9612473508931274	0.7961165048543689
43	0.39388302781365137	2.4172375483008532	0.9742658189524674	0.8252427184466019
44	0.39397532675001357	1.9470602001708288	0.9785043899485316	0.8058252427184466
45	0.39406989968341327	1.8880317710483303	0.9782016348773842	0.8179611650485437
46	0.3941474772514181	1.979924152748516	0.9803209203754163	0.8106796116504854
47	0.3941151350736618	1.5714010396399176	0.9860732667272177	0.8106796116504854
48	0.39402899936753877	1.3406527377306843	0.9884953072963972	0.8106796116504854
49	0.39399954319000247	0.980778535294051	0.9918256130790191	0.808252427184466
50	0.39397161147173715	0.8705552089601182	0.9927338782924614	0.8228155339805825
51	0.39398227288172794	0.8628544905961741	0.9918256130790191	0.8203883495145631
52	0.39406384612029455	0.6306786968154763	0.9936421435059037	0.808252427184466
53	0.39407927018624767	0.8131517394750307	0.9927338782924614	0.8203883495145631
54	0.39392602226950907	0.4829554219166032	0.9951559188616409	0.8106796116504854
55	0.39387937102999004	0.49114834300528926	0.9966696942173782	0.8106796116504854
56	0.3938224190159848	0.44129955703213525	0.997275204359673	0.8203883495145631
57	0.3938674104624781	0.3879575716491672	0.9966696942173782	0.8155339805825242
58	0.39391744338859946	0.4483937614736183	0.9966696942173782	0.8228155339805825
-1	-1	-1	-1	-1
0	0.4927639961242676	21.355943718781838	0.6000605510142295	0.662621359223301
1	0.44577860832214355	20.73517549954928	0.6239782016348774	0.6140776699029126
2	0.4303404490152995	20.199150433907143	0.6412352406902816	0.6941747572815534
3	0.424349308013916	19.495499757620003	0.6630336058128974	0.5364077669902912
4	0.4166858673095703	19.03374356489915	0.6815016651528913	0.6796116504854369
5	0.4123251438140869	18.740779512203655	0.6948228882833788	0.7402912621359223
6	0.41039586067199707	18.701698835079487	0.6975476839237057	0.7378640776699029
7	0.40807750821113586	18.386861931819183	0.6887677868604299	0.7111650485436893
8	0.40711095598008895	18.309746265411377	0.7051165607023918	0.7548543689320388
9	0.406207275390625	17.133430275779503	0.7329700272479565	0.7766990291262136
10	0.4050585356625644	16.872661952789013	0.7459884953072964	0.7815533980582524
11	0.4046195149421692	16.814509133879955	0.7396306388132001	0.75
12	0.4042108975923978	16.378985583782196	0.7541628822282773	0.7063106796116505
13	0.4037444421223232	16.01383278461603	0.7644565546472903	0.7621359223300971
14	0.40347795486450194	16.116193698002743	0.7453829851650016	0.7718446601941747
15	0.40281152725219727	15.428410782263828	0.7750529821374508	0.7864077669902912
16	0.40248854020062613	15.10891571870217	0.7783832879200726	0.7694174757281553
17	0.40211711989508736	14.804289487692026	0.7886769603390856	0.7451456310679612
18	0.40191543729681717	14.338165835692333	0.7926127762640024	0.7766990291262136
19	0.40176302194595337	14.053743518315828	0.8050257341810475	0.7766990291262136
20	0.4017743269602458	13.565078208079704	0.8077505298213745	0.7742718446601942
21	0.40168708020990546	13.446173353837086	0.8050257341810475	0.7888349514563107
22	0.40166999982750934	12.99370999705906	0.8240993036633364	0.7694174757281553
23	0.4013986786206563	12.78924630009211	0.8292461398728429	0.779126213592233
24	0.4011398696899414	12.351854182206667	0.8340902210112019	0.779126213592233
25	0.401104789513808	11.575163756425564	0.8510445049954587	0.7936893203883495
26	0.40118246608310276	11.447968022754559	0.8468059339993945	0.7766990291262136
27	0.40108294997896465	10.891960934950756	0.8558885861338178	0.7718446601941747
28	0.40105836144809065	10.309406328659792	0.8634574629125038	0.7864077669902912
29	0.40101131598154705	9.524770066142082	0.8686042991220103	0.7888349514563107
30	0.4009650061207433	9.193806504973999	0.8873751135331517	0.7766990291262136
31	0.40078137814998627	8.855632199690891	0.885558583106267	0.7888349514563107
32	0.4006398518880208	7.7666226619711285	0.9009990917347865	0.7936893203883495
33	0.4005567957373226	7.563717724039004	0.9049349076597033	0.7888349514563107
34	0.40054339000156947	6.891421201137396	0.9164396003633061	0.779126213592233
35	0.40055061048931545	6.14801120528808	0.9188616409324856	0.7936893203883495
36	0.4005219678621034	5.3307758668580885	0.9346049046321526	0.8009708737864077
37	0.4003362781123111	4.891220722204218	0.9385407205570694	0.8058252427184466
38	0.4002581315162854	4.534610893720617	0.9427792915531336	0.808252427184466
39	0.4001959443092346	3.887720779157602	0.9557977596124735	0.7888349514563107
40	0.40023617046635324	2.99674278153823	0.963669391462307	0.808252427184466
41	0.4001773652576265	3.1529671051897683	0.9642749016046018	0.779126213592233
42	0.400077598039494	2.7361938509230432	0.9700272479564033	0.7839805825242718
43	0.3998348821293224	2.143389373158033	0.9772933696639419	0.7839805825242718
44	0.3996191660563151	2.143525815353944	0.9791099000908265	0.7742718446601942
45	0.39940729348555853	1.839834899856494	0.9806236754465637	0.7839805825242718
46	0.39925031459077875	1.4355877972478852	0.9866787768695126	0.7888349514563107
47	0.399063100417455	1.2332139359070704	0.98698153194066	0.8009708737864077
48	0.39894535590191277	1.2970515587367117	0.9906145927944293	0.7936893203883495
49	0.3988505268096924	0.9757256675780249	0.9912201029367242	0.7864077669902912
50	0.398657387378169	1.0341026911941857	0.9903118377232819	0.7621359223300971
51	0.39849017216609073	0.7234904107351142	0.9927338782924614	0.7815533980582524
52	0.39834791309428663	0.8267430475948808	0.9921283681501665	0.7694174757281553
53	0.398219938631411	1.1950419852151895	0.9900090826521344	0.7839805825242718
54	0.39813909964127975	0.813574643447422	0.9930366333636088	0.7864077669902912
55	0.3980697137968881	0.6385042836459783	0.9942476536481986	0.7742718446601942
56	0.39797784571062056	0.5181842352724814	0.9945504087193461	0.7766990291262136
57	0.39781740205041294	0.6869631419610344	0.9939448985770512	0.7961165048543689
58	0.3977131762747037	0.6084418160115512	0.9954586739327884	0.7669902912621359
-1	-1	-1	-1	-1
0	0.4754965305328369	22.138682218698357	0.5772259236826166	0.6432038834951457
1	0.43541061878204346	21.07392980502202	0.5917625681405209	0.616504854368932
2	0.42104355494181317	20.70700783912952	0.6220472440944882	0.6699029126213593
3	0.4149264693260193	19.37617079111246	0.6692913385826772	0.6893203883495146
4	0.41140007972717285	18.94339024103605	0.6871592973955178	0.6553398058252428
5	0.4081443150838216	18.665625620346802	0.690793458509994	0.6456310679611651
6	0.40643484251839773	18.715084270789074	0.6920048455481527	0.6601941747572816
7	0.40510305762290955	18.30179978792484	0.696244700181708	0.7063106796116505
8	0.40380700429280597	17.80001425972352	0.7135069654754694	0.7160194174757282
9	0.40288543701171875	17.368362419880352	0.7235009085402786	0.6456310679611651
10	0.40230022777210583	17.36945329950406	0.7347062386432465	0.7524271844660194
11	0.4017382065455119	16.706556258293297	0.7428831011508177	0.7475728155339806
12	0.40095208241389346	16.364071029883164	0.7504542701393095	0.6601941747572816
13	0.4003387859889439	16.363094005447167	0.7622652937613568	0.7184466019417476
14	0.3998663266499837	15.958358436822891	0.7628709872804361	0.7233009708737864
15	0.3995155990123749	15.441554796237211	0.7761962447001817	0.7524271844660194
16	0.3992653594297521	15.606439702785933	0.7707450030284676	0.7014563106796117
17	0.3989770809809367	15.17526865693239	0.7813446396123561	0.75
18	0.39880022249723734	14.462185630431541	0.7937613567534827	0.7548543689320388
19	0.3983762264251709	14.575786567651308	0.7895215021199273	0.7451456310679612
20	0.3980187347957066	14.188490156943981	0.7992125984251969	0.7451456310679612
21	0.3978334665298462	14.305461505284676	0.8025439127801333	0.7548543689320388
22	0.3976564511008885	13.450752260593267	0.8104179285281647	0.7597087378640777
23	0.39754846692085266	13.181476333966621	0.8219261053906723	0.7572815533980582
24	0.397392578125	12.789795162586065	0.8198061780738947	0.7766990291262136
25	0.39710283279418945	12.298585813779097	0.8294972743791641	0.7888349514563107
26	0.3968174722459581	11.95241063260115	0.8391883706844336	0.7621359223300971
27	0.3966266001973833	11.71565547814736	0.8449424591156874	0.7888349514563107
28	0.3965023386067358	11.099645204268969	0.8543307086614174	0.7912621359223301
29	0.3964482625325521	10.546104699373245	0.8631132646880678	0.8058252427184466
30	0.39631458251707014	9.929657627756779	0.8700787401574803	0.7961165048543689
31	0.39615598320961	9.746948677759905	0.8770442156268928	0.7864077669902912
32	0.3959928570371686	9.274341290386824	0.8885523924894003	0.7864077669902912
33	0.3958709169836605	8.127386901241083	0.8970321017565112	0.7766990291262136
34	0.39577231407165525	7.95607313227195	0.9052089642640824	0.8009708737864077
35	0.39571458101272583	7.3697595447301865	0.9121744397334949	0.8009708737864077
36	0.3956351666837125	6.847263707564427	0.9152029073288915	0.8058252427184466
37	0.3955778448205245	6.260097582896169	0.9248940036341611	0.7669902912621359
38	0.39539394623193985	6.536172128067567	0.9206541490006057	0.7961165048543689
39	0.3952673077583313	5.468103371560574	0.937007874015748	0.8058252427184466
40	0.39522083212689657	4.548240329210575	0.9457904300423986	0.7985436893203883
41	0.39511676629384357	4.014388457083931	0.955481526347668	0.7718446601941747
42	0.3950842313988264	3.610521275263566	0.9609327680193822	0.7985436893203883
43	0.39498625018379907	3.4479623906887493	0.9624470018170805	0.8033980582524272
44	0.3948488235473633	2.975613903827392	0.973046638400969	0.808252427184466
45	0.39470230496448017	2.8111252879294066	0.9682010902483343	0.7985436893203883
46	0.3947616029292979	3.053146253841428	0.970321017565112	0.7718446601941747
47	0.3947429309288661	1.981320820712986	0.9791035735917626	0.7718446601941747
48	0.3948082875232307	1.607725001208914	0.985160508782556	0.8033980582524272
49	0.3948649740219116	1.4295054972171783	0.987886129618413	0.7864077669902912
50	0.39487092167723414	1.307733499731582	0.9869775893397941	0.8058252427184466
51	0.39479034680586594	0.843247131856445	0.9930345245305875	0.8009708737864077
52	0.3947176168549736	0.9246902238127614	0.9924288310115081	0.808252427184466
53	0.39465862733346446	0.9046676790027189	0.9918231374924288	0.7815533980582524
54	0.3945971965789795	0.9346480281719078	0.9918231374924288	0.7912621359223301
55	0.3945684858730861	0.6322710167598695	0.9954572986069049	0.7912621359223301
56	0.3944840807663767	0.8239791246686274	0.9945487583282859	0.8058252427184466
57	0.3943908378995698	0.5505392150595211	0.9957601453664445	0.8009708737864077
58	0.39427811008388713	0.5251447382324841	0.9966686856450636	0.7961165048543689
59	0.3942386428515116	0.5501430620340846	0.9954572986069049	0.7961165048543689
60	0.39420462045513216	0.458863190939435	0.9951544518473653	0.7864077669902912
61	0.39419390693787604	0.4401937013474078	0.9969715324046032	0.7961165048543689
62	0.3941248522864448	0.43908646834405285	0.997274379164143	0.8009708737864077
63	0.39400753006339073	0.4540961889165024	0.997274379164143	0.7839805825242718
64	0.3939296979170579	0.45101906220392823	0.997274379164143	0.8058252427184466
-1	-1	-1	-1	-1
0	0.47540903091430664	22.608085127977226	0.5674038170251439	0.6803874092009685
1	0.4340987205505371	21.543350886840088	0.5758860951226901	0.6271186440677966
2	0.4203050136566162	21.301962733268738	0.5940624053317176	0.612590799031477
3	0.41305238008499146	19.722191918354767	0.6573765525598304	0.6973365617433414
4	0.4093494892120361	19.20417058467865	0.6849439563768555	0.7046004842615012
5	0.4060661395390828	19.079165855279335	0.6764616782793093	0.6755447941888619
6	0.4026158537183489	18.380748386566456	0.6994850045440776	0.6464891041162227
7	0.3998710513114929	17.894608726868263	0.7176613147531051	0.7094430992736077
8	0.39766891797383624	17.705327111941116	0.7206906997879431	0.7360774818401937
9	0.3971248149871826	17.15132696582721	0.7352317479551651	0.711864406779661
10	0.3964530337940563	16.672144174575806	0.744016964556195	0.7336561743341404
11	0.3957698941230774	16.394961930238285	0.7549227506816116	0.7336561743341404
12	0.39495442463801456	16.031276661616104	0.7606785822478037	0.7312348668280871
13	0.3944811650684902	15.948330370279459	0.7600727052408361	0.7360774818401937
14	0.3941020647684733	16.00664259837224	0.7594668282338686	0.7312348668280871
15	0.393873393535614	15.712966928115257	0.7730990608906392	0.7481840193704601
16	0.39380432577694163	15.49905211191911	0.7743108149045743	0.7506053268765133
17	0.39353827635447186	14.867657010371868	0.7843077855195395	0.7578692493946732
18	0.3935496681614926	14.641749989527922	0.7912753710996667	0.7651331719128329
19	0.3937495708465576	14.260314811880772	0.7958194486519237	0.7651331719128329
20	0.3937805380140032	13.864476700241749	0.803998788245986	0.7506053268765133
21	0.39404134316877887	13.528990636651333	0.8115722508330809	0.7675544794188862
22	0.3942657035330068	13.094698419937721	0.8224780369584974	0.7578692493946732
23	0.39443784952163696	13.021024266114601	0.8194486519236595	0.7675544794188862
24	0.3943823051452637	12.291355249973444	0.8273250530142381	0.7796610169491526
25	0.39415695117070126	11.877238372197517	0.8415631626779764	0.7675544794188862
26	0.39382049772474503	11.304238588764118	0.8470160557406846	0.774818401937046
27	0.393659199987139	10.794426128268242	0.8533777643138443	0.7723970944309927
28	0.3932376565604374	10.306530750714815	0.8612541654044229	0.7990314769975787
29	0.3928546826044718	9.937792897224426	0.8764010905786126	0.7966101694915254
30	0.3924642301374866	9.042789580730291	0.8788245986064829	0.7893462469733656
31	0.39229749143123627	8.78092276236902	0.8876098152075129	0.7941888619854721
32	0.3919960152019154	8.229989983141422	0.8909421387458346	0.7990314769975787
33	0.3917960138881908	7.538344893747797	0.9069978794304756	0.8159806295399515
34	0.3915780408041818	6.916818363950229	0.9091184489548622	0.7869249394673123
35	0.3913179569774204	6.2227520530040445	0.9227506816116329	0.7917675544794189
36	0.39110256530143117	5.928762322435012	0.9257800666464707	0.8087167070217918
37	0.3909873711435418	5.50593114629961	0.9339594062405332	0.7917675544794189
38	0.39091973427014476	4.534077348044286	0.9494092699182066	0.8208232445520581
39	0.39074271321296694	3.8815693482756615	0.9551651014843987	0.7941888619854721
40	0.3905454670510641	3.5656113762121935	0.9563768554983338	0.7941888619854721
41	0.39017356577373685	3.166397857479751	0.9645561950923962	0.8111380145278451
42	0.389899026515872	2.3914305882958264	0.9745531657073614	0.7941888619854721
43	0.3897419409318404	2.698699672348224	0.9721296576794911	0.8329297820823245
44	0.38945677545335555	2.0471909396493664	0.9745531657073614	0.8111380145278451
45	0.3892249698224275	1.7858766352384499	0.9818236897909725	0.8135593220338984
46	0.38905657098648394	1.898908462948524	0.9794001817631021	0.837772397094431
47	0.3888763238986333	1.3726158032838542	0.9857618903362617	0.8135593220338984
48	0.3887937896105708	0.9358160350709043	0.9921235989094214	0.8184019370460048
49	0.3887423276901245	0.8322438588365912	0.9921235989094214	0.8208232445520581
50	0.3886717113794065	0.9622886086760375	0.9903059678885187	0.8184019370460048
51	0.38861741010959333	0.8799539477421114	0.9921235989094214	0.8184019370460048
52	0.38852634519900914	0.754834136639077	0.9939412299303242	0.8256658595641646
53	0.38842265252713803	0.5548740817332425	0.9948500454407755	0.8184019370460048
54	0.38836916143243966	0.4305642020439721	0.9972735534686459	0.8256658595641646
55	0.3883718763078962	0.5660623764762479	0.9954559224477431	0.8280871670702179
56	0.38831599971704317	0.41457747531016	0.9963647379581945	0.8135593220338984
57	0.38828658646550673	0.7245469586207316	0.9939412299303242	0.8208232445520581
58	0.38816116219860014	0.6210503547212843	0.9951529839442593	0.8256658595641646
59	0.38816127777099607	0.3732037668322356	0.9975764919721296	0.8208232445520581
60	0.38809773570201433	0.40475538468588357	0.996970614965162	0.8280871670702179
61	0.3882594108581543	0.30463355022052735	0.9978794304756134	0.8159806295399515
62	0.38838671881055076	0.3101420868188143	0.996970614965162	0.8256658595641646
63	0.38851498067379	0.2534790283881683	0.9975764919721296	0.8232445520581114
64	0.38860928828899677	0.3718019732712911	0.9972735534686459	0.8232445520581114
65	0.3885748133514867	0.28300069216773127	0.9975764919721296	0.8184019370460048
66	0.3886479726478235	0.23448792582292718	0.9978794304756134	0.8184019370460048
-1	-1	-1	-1	-1
0	0.53190016746521	22.981351648385708	0.5358982126628294	0.6585956416464891
1	0.4651435613632202	22.056759912234085	0.5646773704937897	0.6440677966101694
2	0.4429309368133545	20.78475321485446	0.6089063920024235	0.6900726392251816
3	0.43526679277420044	20.25115036047422	0.6307179642532565	0.5811138014527845
4	0.42615499496459963	19.767250184829418	0.6619206301120872	0.6876513317191283
5	0.42071576913197833	19.16274776825538	0.6737352317479551	0.7409200968523002
6	0.4169226714542934	19.02538609275451	0.6746440472584065	0.6561743341404358
7	0.4136587679386139	18.81754271686077	0.6876704029082097	0.6440677966101694
8	0.4115382300482856	19.111141810050377	0.6707058467131173	0.7094430992736077
9	0.4098065853118896	18.60193164532001	0.6897909724325961	0.7239709443099274
10	0.4081007784063166	18.136774620184532	0.7103907906694941	0.6852300242130751
11	0.40655942757924396	18.17028385630021	0.7031202665858831	0.711864406779661
12	0.4049866566291222	17.266749338461803	0.7282641623750379	0.7699757869249395
13	0.40368757929120747	17.16911471119294	0.7382611329900031	0.7481840193704601
14	0.4030336856842041	17.009781296436604	0.7394728870039382	0.7602905569007264
15	0.40227626264095306	16.903886831723728	0.7412905180248409	0.7530266343825666
16	0.4019807226517621	16.261688855978157	0.7564374431990306	0.7602905569007264
17	0.4013267225689358	15.660174816846848	0.7691608603453499	0.7699757869249395
18	0.40023510079634816	15.46685804082797	0.7761284459254771	0.7723970944309927
19	0.39888763427734375	15.113978133751797	0.7849136625265071	0.7723970944309927
20	0.3983491375332787	14.73658102693466	0.7849136625265071	0.7796610169491526
21	0.3975814472545277	14.447564167472033	0.7943047561345047	0.7796610169491526
22	0.3970251808995786	14.112916144040915	0.7997576491972129	0.7796610169491526
23	0.3964059849580129	13.893121652878248	0.8088458043017267	0.774818401937046
24	0.3960037136077881	13.428176796207062	0.8121781278400485	0.8038740920096852
25	0.39536527486947864	13.273833160216991	0.8133898818539836	0.7990314769975787
26	0.39510038163926864	12.790436050066582	0.8197515904271433	0.7796610169491526
27	0.3951530797140939	12.406344668223309	0.8297485610421085	0.8184019370460048
28	0.3953797735016921	12.009505410607044	0.8309603150560436	0.8111380145278451
29	0.3956318934758504	11.868476781707544	0.8403514086640412	0.8062953995157385
30	0.3956813273891326	11.070556538609358	0.8503483792790064	0.8401937046004843
31	0.39580386877059937	10.948166037981327	0.8518630717964253	0.801452784503632
32	0.3957548430471709	10.489970205494991	0.8612541654044229	0.8280871670702179
33	0.39587334324331847	9.847010121895718	0.8703423205089367	0.8256658595641646
34	0.3959908894130162	9.741129118662615	0.8788245986064829	0.8256658595641646
35	0.3961048324902852	9.043052102510746	0.8860951226900939	0.8353510895883777
36	0.39619488973875305	8.6112745816891	0.8888215692214481	0.8280871670702179
37	0.3963490536338405	8.190837834890072	0.8948803392911239	0.8280871670702179
38	0.39636922493959087	7.87096910064037	0.9024538018782188	0.8305084745762712
39	0.3969180643558502	7.202885597657699	0.9118448954862163	0.8305084745762712
40	0.3969594211113162	6.624278833086674	0.9124507724931838	0.8184019370460048
41	0.3969437735421317	6.622794786038307	0.9179036655558922	0.8208232445520581
42	0.3968785474466723	5.978694206533524	0.922447743108149	0.8232445520581114
43	0.3968438777056607	5.445233796364986	0.9339594062405332	0.8111380145278451
44	0.3968232419755724	4.9280021110406285	0.944562253862466	0.8159806295399515
45	0.3967816570530767	4.644667059183121	0.9436534383520145	0.8280871670702179
46	0.39676200075352447	4.236251814763259	0.9481975159042715	0.8159806295399515
47	0.39688220123449963	3.990943468825068	0.9566797940018177	0.8280871670702179
48	0.396911552974156	3.482929085023128	0.960617994547107	0.8208232445520581
49	0.39702763080596926	3.1440798307840643	0.96485913359588	0.8232445520581114
50	0.39712172863530176	2.613061306317552	0.9700090881551046	0.8280871670702179
-1	-1	-1	-1	-1
0	0.48123812675476074	20.738637302930538	0.6398061193577703	0.639225181598063
1	0.4364269971847534	20.371263845608784	0.6304150257497728	0.6368038740920097
2	0.42303864161173504	19.721528287117298	0.6467737049378977	0.6707021791767555
3	0.4155488610267639	19.736210369146786	0.6434413813995759	0.6876513317191283
4	0.41075310707092283	18.56129818237745	0.6946379884883369	0.6900726392251816
5	0.4079129695892334	18.998640729830814	0.6816116328385338	0.5472154963680388
6	0.40580824443272184	18.801395893096924	0.6779763707967282	0.6658595641646489
7	0.40482309460639954	18.134204561893757	0.7009996970614966	0.7142857142857143
8	0.4036108652750651	18.40037727355957	0.706149651620721	0.6828087167070218
9	0.4025497198104858	17.691580414772034	0.7152378067252347	0.6440677966101694
10	0.40186158093539154	17.326553179667545	0.7322023629203271	0.7506053268765133
11	0.4012399911880493	16.71198074863507	0.747046349591033	0.738498789346247
12	0.4006510697878324	17.245597511529922	0.729475916388973	0.7409200968523002
13	0.40012875625065397	16.152874703590687	0.7609815207512874	0.7336561743341404
14	0.3995159784952799	15.96876475902704	0.7618903362617389	0.7433414043583535
15	0.39901648461818695	15.552047142615685	0.7655255983035444	0.7651331719128329
16	0.39867591857910156	15.237910229426165	0.780672523477734	0.7869249394673123
17	0.39833739068773055	14.834624245762825	0.7812784004847017	0.7820823244552058
18	0.39814864961724533	14.45594661969405	0.7976370796728264	0.7651331719128329
19	0.3979206204414368	14.186771633533331	0.7967282641623751	0.7772397094430993
20	0.39767294838314965	13.882294233028706	0.7985458951832778	0.7917675544794189
21	0.39726364612579346	13.795675007196573	0.808542865798243	0.784503631961259
22	0.39682822642119037	12.982577030475323	0.821569221448046	0.7990314769975787
23	0.3965955972671509	12.604889502892128	0.8276279915177219	0.801452784503632
24	0.3964428520202637	12.141272771816988	0.8418661011814602	0.801452784503632
25	0.3963008293738732	11.83452872129587	0.8427749166919115	0.801452784503632
26	0.39610587226019967	11.364729615358206	0.8512571947894577	0.7893462469733656
27	0.3958700554711478	11.185601668862196	0.8521660102999091	0.8038740920096852
28	0.3957839587639118	10.219629169656681	0.8648894274462284	0.8208232445520581
29	0.39598514238993326	10.129474270802278	0.8667070584671311	0.7893462469733656
30	0.39609694480895996	9.677618966652798	0.8712511360193881	0.8159806295399515
31	0.3962509408593178	8.910646858123632	0.8827627991517721	0.8135593220338984
32	0.3961831439625133	8.297426538971754	0.8966979703120267	0.8232445520581114
33	0.3961064885644352	8.093489537445398	0.8912450772493183	0.7869249394673123
34	0.39585469790867395	7.5500993482195415	0.9060890639200242	0.8305084745762712
35	0.3957579731941223	7.041088622349959	0.9112390184792487	0.7796610169491526
36	0.39570845139993205	5.939115829192675	0.9272947591638897	0.8280871670702179
37	0.39569041603489924	5.566649961643494	0.9339594062405332	0.8232445520581114
38	0.3957518858787341	5.469435017126111	0.932747652226598	0.8401937046004843
39	0.39573705196380615	4.378263272524166	0.9460769463798849	0.8256658595641646
40	0.39559003783435354	4.265392364504246	0.9481975159042715	0.8280871670702179
41	0.39542805013202487	3.7315529810193064	0.9554680399878824	0.8401937046004843
42	0.3953735606614934	2.831651460809203	0.9669797031202666	0.8353510895883777
43	0.3952394886450334	3.0395629374453654	0.9639503180854286	0.8329297820823245
44	0.39511797163221574	2.468575907441286	0.9687973341411693	0.8426150121065376
45	0.39502901616303815	1.7764105998839324	0.9800060587700696	0.837772397094431
46	0.39504466158278445	1.5353077571982374	0.983944259315359	0.8256658595641646
47	0.3950555423895518	2.00988023645746	0.9757649197212965	0.8329297820823245
48	0.3949387268144257	1.2007871414713849	0.9890942138745834	0.8305084745762712
49	0.3949179315567017	0.6209005913697183	0.9936382914268403	0.837772397094431
50	0.39494765973558615	0.5163240807954795	0.996970614965162	0.8305084745762712
51	0.39505112629670364	0.4753570171462623	0.9960617994547107	0.837772397094431
52	0.3950845070605008	0.29553429588112035	0.9981823689790973	0.8426150121065376
53	0.3950804825182314	0.3329611126055869	0.9972735534686459	0.8426150121065376
54	0.3949853073466908	0.24001329255117282	0.998485307482581	0.837772397094431
55	0.39501888837133137	0.3393224868341349	0.996970614965162	0.8353510895883777
56	0.3951482814654969	0.24642817389730437	0.9975764919721296	0.8426150121065376
57	0.3952077503862052	0.20583381962765437	0.998485307482581	0.837772397094431
58	0.39519324141033624	0.14840607011529544	0.9987882459860649	0.8329297820823245
59	0.39520678917566937	0.1790192048182899	0.998485307482581	0.8305084745762712
60	0.39513612575218326	0.11364335242475275	0.9990911844895486	0.8280871670702179
61	0.39505175621278826	0.21826679023864087	0.9981823689790973	0.8305084745762712
62	0.3951074093107193	0.14155661985233353	0.998485307482581	0.8280871670702179
63	0.39518511295318604	0.15227914397865577	0.9987882459860649	0.8329297820823245
64	0.3952060002547044	0.13853627943451732	0.9990911844895486	0.8353510895883777
-1	-1	-1	-1	-1
0	0.5241479873657227	21.302391923390903	0.6237503786731293	0.6731234866828087
1	0.46032488346099854	19.76174374956351	0.6655558921538928	0.5907990314769975
2	0.43988505999247235	19.452812424072853	0.6670705846713118	0.6513317191283293
3	0.42967498302459717	19.57477259979798	0.6673735231747955	0.6561743341404358
4	0.42406325340270995	18.822414822303333	0.6897909724325961	0.7167070217917676
5	0.4204917748769124	18.380044244802914	0.7052408361102697	0.7239709443099274
6	0.4181459971836635	18.170879854605747	0.7055437746137534	0.7481840193704601
7	0.41630610823631287	17.97170738073496	0.7170554377461376	0.6997578692493946
8	0.4146374331580268	17.25857513455244	0.73401999394123	0.738498789346247
9	0.41464576721191404	17.125606273229305	0.7267494698576189	0.7263922518159807
10	0.41360781409523706	17.07535341840524	0.7322023629203271	0.7457627118644068
11	0.412287970383962	16.351966183919174	0.7534080581641927	0.7578692493946732
12	0.41117101449232835	16.55039037649448	0.7443199030596789	0.7602905569007264
13	0.41033283301762175	16.123101697518276	0.7576491972129658	0.7554479418886199
14	0.4108016808827718	16.152044548438145	0.7615873977582551	0.7820823244552058
15	0.41000470519065857	15.480262648600798	0.7700696758558013	0.7893462469733656
16	0.40934669270234947	15.120565407551252	0.7837019085125719	0.7723970944309927
17	0.40871233410305446	14.507670340629724	0.7921841866101181	0.7966101694915254
18	0.40804430058127955	14.378862418234348	0.7933959406240533	0.774818401937046
19	0.4077416181564331	13.662627554856813	0.8061193577703726	0.7506053268765133
20	0.407046704065232	13.48600290944943	0.8124810663435322	0.774818401937046
21	0.4064897515557029	13.216351230557148	0.8130869433504998	0.7990314769975787
22	0.4060844442118769	12.762579352523272	0.8273250530142381	0.784503631961259
23	0.4056528906027476	12.28067336518031	0.8321720690699788	0.7820823244552058
24	0.40512043952941895	12.243280043968788	0.8297485610421085	0.7651331719128329
25	0.40453522021953875	11.43237574513142	0.8412602241744925	0.7772397094430993
26	0.40399244979575827	10.754924563834301	0.8594365343835202	0.7796610169491526
27	0.4036412920270647	10.65326138299245	0.8609512269009391	0.7966101694915254
28	0.4033666808029701	9.725422970950603	0.8715540745228718	0.7893462469733656
29	0.4030750354131063	8.889162793755531	0.8821569221448046	0.7941888619854721
30	0.4027439932669363	8.478159909064953	0.8897303847318995	0.774818401937046
31	0.4023542180657387	8.056571072110764	0.9027567403817025	0.7820823244552058
32	0.4020260608557499	7.666980089476476	0.9069978794304756	0.774818401937046
33	0.4016647969975191	6.969304126615707	0.916691911541957	0.7820823244552058
34	0.4014093807765416	6.017576772433061	0.9233565586186004	0.7941888619854721
35	0.40123626920912003	6.030688947783067	0.9230536201151166	0.8087167070217918
36	0.40095986546696843	5.070208608459395	0.9357770372614359	0.7966101694915254
37	0.4006038653223138	4.664727927113955	0.9442593153589821	0.774818401937046
38	0.40022874489808696	4.339598946273327	0.9454710693729172	0.8062953995157385
39	0.39999800324440005	3.575443539625177	0.9584974250227204	0.7796610169491526
40	0.3997913221033608	2.564945336610365	0.9709179036655559	0.7796610169491526
41	0.39956787086668466	2.0345333156963954	0.9778854892456831	0.774818401937046
42	0.3994148442911547	1.9761253439937718	0.9787943047561345	0.7796610169491526
43	0.39920663833618164	1.7214317465774143	0.9818236897909725	0.7675544794188862
44	0.3989910655551486	1.0234754670841189	0.9906089063920024	0.7869249394673123
45	0.3987923705059549	0.6862465587372963	0.9936382914268403	0.7796610169491526
46	0.3986601930983523	0.5770449339179322	0.9960617994547107	0.7869249394673123
47	0.3985905895630519	0.4922949310589152	0.9957588609512269	0.7796610169491526
48	0.3984454651268161	0.44736189384443253	0.9960617994547107	0.7820823244552058
49	0.3983327960968018	0.45331166801445133	0.996970614965162	0.784503631961259
50	0.39816921365027336	0.22633944698519862	0.9990911844895486	0.7869249394673123
51	0.39801228504914504	0.21641960419947281	0.9981823689790973	0.784503631961259
52	0.39787915517699046	0.18403126346828896	0.9987882459860649	0.7917675544794189
53	0.39778392844729954	0.19338968568655007	0.998485307482581	0.7893462469733656
54	0.3977142160589045	0.1917164351638908	0.998485307482581	0.7796610169491526
55	0.3976086676120758	0.17118845042736772	0.998485307482581	0.7869249394673123
-1	-1	-1	-1	-1
0	0.4753897190093994	22.26534248315371	0.581944865192366	0.6464891041162227
1	0.43456411361694336	22.222269324155953	0.5474098757952136	0.6440677966101694
2	0.4199380079905192	20.34127930035958	0.6352620418055135	0.6440677966101694
3	0.412620484828949	19.940580014999096	0.647682520448349	0.576271186440678
4	0.4084634780883789	19.11485524590199	0.6891850954256286	0.7263922518159807
5	0.40606455008188885	19.08380163862155	0.6800969403211148	0.6755447941888619
6	0.404170172555106	18.53925531873336	0.6949409269918206	0.7021791767554479
7	0.40223073959350586	18.241697361836067	0.7106937291729779	0.6731234866828087
8	0.4006376796298557	18.010149034170006	0.7173583762496213	0.6198547215496368
9	0.39962334632873536	18.05243009328842	0.7082702211451075	0.7457627118644068
10	0.39879736033352936	17.957175417588306	0.7167524992426537	0.7215496368038741
11	0.3982071280479431	17.08009944856167	0.7361405634656165	0.7506053268765133
12	0.3976296644944411	16.823014048429634	0.7503786731293547	0.7021791767554479
13	0.39702423981257845	16.733775599644733	0.7491669191154195	0.738498789346247
14	0.396420160929362	15.980453757139353	0.7673432293244471	0.7433414043583535
15	0.3959815949201584	16.156424215206734	0.7609815207512874	0.7675544794188862
16	0.3956734713386087	15.537284805224491	0.774916691911542	0.7506053268765133
17	0.3955425024032593	15.361014063541706	0.7761284459254771	0.7675544794188862
18	0.39532397922716644	15.049395547463345	0.7830960315056044	0.7796610169491526
19	0.3952048897743225	14.232883068231436	0.8003635262041805	0.738498789346247
20	0.39493883223760695	13.727858699285067	0.8046046652529536	0.7869249394673123
21	0.39469697258689185	13.377511455462528	0.815813389881854	0.7869249394673123
22	0.3944000886834186	13.028519871143194	0.8146016358679188	0.7602905569007264
23	0.3941323657830556	12.713128092197271	0.826113299000303	0.7772397094430993
24	0.39416353225708006	12.62799812050966	0.8288397455316571	0.7893462469733656
25	0.39426345091599685	12.110297244328718	0.8367161466222357	0.7772397094430993
26	0.3945552243126763	11.64335753596746	0.8430778551953954	0.7433414043583535
27	0.3941061667033604	11.205367926221628	0.8470160557406846	0.7941888619854721
28	0.39348922104671086	11.019109803896685	0.8539836413208118	0.7966101694915254
29	0.39334694544474286	10.261269819277983	0.8700393820054529	0.7917675544794189
30	0.39334276414686636	9.8078933266493	0.8724628900333232	0.7893462469733656
31	0.39334409683942795	9.655054729718428	0.8727658285368071	0.7917675544794189
32	0.39327567273920233	8.712542022650059	0.8909421387458346	0.7820823244552058
33	0.3932221496806425	8.453374954370352	0.8930627082702212	0.7772397094430993
34	0.39323901448931015	8.021830374231705	0.9030596788851863	0.7941888619854721
35	0.3932282593515184	7.314255921385036	0.909421387458346	0.801452784503632
36	0.39329947007668986	7.474375177747929	0.909421387458346	0.801452784503632
37	0.39332909333078486	6.721222024697524	0.9157830960315057	0.7917675544794189
38	0.39324301939744216	6.3502878569639645	0.9242653741290519	0.7796610169491526
39	0.393163925409317	5.542088505167228	0.9303241441987277	0.7869249394673123
40	0.393100273318407	4.537333516260753	0.9424416843380794	0.7917675544794189
41	0.39306894938151044	4.481186365851989	0.9497122084216904	0.7796610169491526
42	0.3930908524712851	3.886454052936572	0.9545592244774311	0.7723970944309927
43	0.39302199537103827	3.9125383484822054	0.9527415934565283	0.774818401937046
44	0.3929211934407552	3.277780788664061	0.960617994547107	0.7772397094430993
45	0.3927377358726833	2.4152813992964535	0.975159042714329	0.7699757869249395
46	0.3938891532573294	2.158847102196887	0.9763707967282642	0.7869249394673123
47	0.3938705623149872	1.9493582370476081	0.9803089972735535	0.7893462469733656
48	0.3937200332174496	2.0543592254846144	0.9781884277491669	0.7941888619854721
49	0.39356043815612796	1.7172440299047873	0.983944259315359	0.7554479418886199
50	0.3935083314484241	1.432661295008774	0.9881853983641321	0.7869249394673123
51	0.3934732904801002	1.1865839830492264	0.9909118448954862	0.7917675544794189
52	0.39342519472230153	0.8031932142061683	0.9942441684338079	0.7796610169491526
53	0.39337813412701644	0.6981484776792618	0.9954559224477431	0.7772397094430993
54	0.3933869275179776	0.7302284628654329	0.9936382914268403	0.7772397094430993
55	0.3934012694018228	0.7173475657781148	0.9960617994547107	0.7869249394673123
-1	-1	-1	-1	-1
0	0.47635865211486816	21.27004784804124	0.6201151166313238	0.7191283292978208
1	0.4353564977645874	20.857198380506954	0.6025446834292638	0.6973365617433414
2	0.41886305809020996	20.35732747041262	0.638897303847319	0.6973365617433414
3	0.40942198038101196	19.542397143749092	0.6664647076643442	0.7409200968523002
4	0.40423154830932617	18.633908945780533	0.6979703120266586	0.6029055690072639
5	0.403209129969279	18.158952735937557	0.7097849136625265	0.6198547215496368
6	0.4008054052080427	18.511548335735615	0.6928203574674341	0.7263922518159807
7	0.39884915947914124	18.28520362652265	0.69887912753711	0.7506053268765133
8	0.3967757489946153	17.58082650372615	0.7264465313541351	0.7191283292978208
9	0.3951009511947632	16.99887665418478	0.7334141169342624	0.7554479418886199
10	0.3950598456642844	17.18021239684178	0.7352317479551651	0.7481840193704601
11	0.39507216215133667	16.778275650281174	0.7458345955770979	0.7675544794188862
12	0.39498310822706956	16.438952081478558	0.7512874886398061	0.7506053268765133
13	0.39494144916534424	16.539868735350094	0.7506816116328385	0.7602905569007264
14	0.39467506408691405	15.835507019208027	0.7670402908209634	0.7675544794188862
15	0.3941947817802429	15.844392991982973	0.7685549833383823	0.7530266343825666
16	0.3939497751348159	15.244892170796028	0.7803695849742502	0.8038740920096852
17	0.39392680592007107	15.027440759998102	0.7849136625265071	0.7723970944309927
18	0.39380099898890447	14.489989546629099	0.7976370796728264	0.784503631961259
19	0.3939066886901855	14.11389779815307	0.8003635262041805	0.7917675544794189
20	0.39358999615623835	13.652095776337843	0.8124810663435322	0.7602905569007264
21	0.3931543827056885	13.361252385836382	0.8058164192668889	0.784503631961259
22	0.39308901455091394	13.168740820426207	0.8188427749166919	0.8038740920096852
23	0.3931211630503337	12.281493353155943	0.8345955770978492	0.7941888619854721
24	0.39310508728027344	12.001819303402534	0.8300514995455922	0.7723970944309927
25	0.39296777431781477	12.0298996086304	0.8324750075734626	0.7966101694915254
26	0.39292394673382797	11.014523309010725	0.8451984247197819	0.7893462469733656
27	0.3926469257899693	10.715411202838787	0.8542865798242957	0.8159806295399515
28	0.3924440597665721	10.049125687434124	0.8679188124810664	0.8062953995157385
29	0.3924613873163859	9.579786415283497	0.8739775825507422	0.8111380145278451
30	0.39250896053929485	9.038503031318005	0.880036352620418	0.8159806295399515
31	0.39237312227487564	8.227374080855112	0.8960920933050591	0.8062953995157385
32	0.3922080126675693	7.935688633185166	0.8933656467737049	0.8280871670702179
33	0.3919850377475514	6.989628431888727	0.9109360799757649	0.8135593220338984
34	0.39178181375776017	6.460278963813415	0.9160860345349894	0.7966101694915254
35	0.3916431797875298	6.074955333310824	0.9242653741290519	0.801452784503632
36	0.39153081661946065	5.551727068538849	0.9318388367161466	0.801452784503632
37	0.39154987586172	4.597541753202677	0.9412299303241441	0.7990314769975787
38	0.3915708126165928	4.7024430816348355	0.9436534383520145	0.7941888619854721
39	0.39148697853088377	3.9362406266423373	0.9475916388973038	0.8232445520581114
40	0.3914428396922786	3.9001574158453596	0.9494092699182066	0.8111380145278451
41	0.39138264315468924	3.2038337983764134	0.9581944865192366	0.8208232445520581
42	0.3915186039237089	2.831213961427028	0.9660708876098152	0.8111380145278451
43	0.3916170759634538	1.9086965631621962	0.9790972432596183	0.8111380145278451
44	0.3917083634270562	1.8163823272423962	0.980914874280521	0.7990314769975787
45	0.39168215834576153	1.7607271901976604	0.9821266282944562	0.8256658595641646
46	0.39168418214676226	1.7488525953734866	0.9836413208118752	0.8111380145278451
47	0.39206579327583313	1.0971733273651738	0.99121478339897	0.8111380145278451
48	0.392224341022725	1.152646775643986	0.9906089063920024	0.8038740920096852
49	0.3923156452178955	0.8577475328347646	0.9918206604059376	0.7941888619854721
50	0.39233654620600683	1.3298988727709422	0.9872765828536807	0.8159806295399515
51	0.39233555702062756	1.0257993521406137	0.9927294759163889	0.8062953995157385
52	0.39243062037341997	0.6338553002119275	0.9942441684338079	0.8038740920096852
-1	-1	-1	-1	-1
0	0.47567272186279297	22.766712291882587	0.5602665051483949	0.6343825665859564
1	0.4355524778366089	20.906432039462604	0.5899454875832829	0.6949152542372882
2	0.42185505231221515	19.514714788932068	0.6671714112658994	0.6852300242130751
3	0.41484546661376953	19.77515148658019	0.6523319200484555	0.6949152542372882
4	0.4105353355407715	18.635920208234054	0.6913991520290733	0.7142857142857143
5	0.4076574246088664	18.111549877203426	0.7053301029678982	0.6634382566585957
6	0.40599158832005094	18.196797204705383	0.7107813446396124	0.7360774818401937
7	0.4039502441883087	17.68891135775126	0.7186553603876439	0.7191283292978208
8	0.4019465446472168	17.794613849658234	0.7162325863113265	0.7578692493946732
9	0.4066633701324463	17.148056195332455	0.7401574803149606	0.7409200968523002
10	0.4056849479675293	17.185146735264706	0.7304663840096911	0.7820823244552058
11	0.4049063523610433	16.42816989009197	0.7465172622652938	0.7941888619854721
12	0.40388283362755406	16.088815974501465	0.7601453664445791	0.7602905569007264
13	0.40270095212118967	15.907235649915842	0.7677165354330708	0.7941888619854721
14	0.4017200787862142	15.463264817228684	0.7722592368261659	0.7990314769975787
15	0.4009299725294113	15.00801901633923	0.7855844942459116	0.774818401937046
16	0.40019068998448987	14.270323984898054	0.8019382192610539	0.7820823244552058
17	0.3995959891213311	14.826681620799578	0.7886129618413082	0.7772397094430993
18	0.39911305276971115	14.149026836340244	0.8025439127801333	0.7772397094430993
19	0.39845929145812986	14.21738209690039	0.794367050272562	0.7675544794188862
20	0.3978181225912912	13.657088040159298	0.8119321623258631	0.7723970944309927
21	0.39738396081057464	13.05364934526957	0.8164748637189582	0.7506053268765133
22	0.39679742896038556	12.877271255621544	0.8179890975166566	0.7772397094430993
23	0.3964395523071289	12.543692919497307	0.8298001211387038	0.7941888619854721
24	0.39582335472106933	11.713849555987577	0.8513022410660206	0.8111380145278451
25	0.39570234372065616	11.716608038315407	0.8400969109630527	0.7820823244552058
26	0.39552296532524955	11.389738473754663	0.8440339188370685	0.7869249394673123
27	0.395243125302451	10.960374151284878	0.8561477892186553	0.7966101694915254
28	0.3952215211144809	10.708677720565062	0.8628104179285282	0.8038740920096852
29	0.3949221849441528	10.320922947846926	0.8658388855239249	0.7966101694915254
30	0.39474470384659305	9.897464267336405	0.8725015142337977	0.7869249394673123
31	0.394474595785141	9.496763128500719	0.8715929739551787	0.8087167070217918
32	0.39414509859952057	9.245832122289217	0.8800726832222895	0.7869249394673123
33	0.3940240565468283	8.945987295645933	0.884312537855845	0.8159806295399515
34	0.3938192844390869	8.40860293748287	0.8943064809206541	0.8111380145278451
35	0.39366039964887833	8.058731927321507	0.8976377952755905	0.8087167070217918
36	0.3937341135901374	7.391455504756707	0.90732889158086	0.8062953995157385
37	0.3937541685606304	7.18722976042101	0.9121744397334949	0.8280871670702179
38	0.39356435262239897	6.62721614081126	0.9179285281647487	0.8038740920096852
39	0.39335092306137087	6.61816116479727	0.9191399152029073	0.8159806295399515
40	0.3932067301215195	5.541296253410669	0.934282253179891	0.8305084745762712
41	0.39307948521205355	5.322435308820927	0.9388249545729861	0.8062953995157385
42	0.39310452549956565	5.00973359008248	0.9376135675348274	0.8184019370460048
43	0.39310646598989313	5.215836879152518	0.9354936402180497	0.8280871670702179
44	0.393111154768202	4.564314005466608	0.9497274379164143	0.8232445520581114
45	0.3930044692495595	3.579744407351917	0.9585099939430648	0.8256658595641646
46	0.3926162618271848	3.251782660959109	0.9651726226529376	0.8208232445520581
47	0.3924410541852315	2.8272700479540687	0.9718352513628105	0.8305084745762712
48	0.3923208032335554	2.6982950128328342	0.9712295578437311	0.8062953995157385
49	0.39218703269958494	2.4568562331394506	0.9754694124772865	0.8159806295399515
50	0.39202172615948844	2.193542368996602	0.9754694124772865	0.8280871670702179
51	0.3920476115666903	1.8090605387663414	0.982434887946699	0.8062953995157385
52	0.3920182057146756	1.4931649894525225	0.9854633555420957	0.8111380145278451
53	0.3920579398119891	1.6885181811544148	0.98152634766808	0.8329297820823245
54	0.39202245365489613	1.3269960603479727	0.9872804360993337	0.8353510895883777
55	0.39186306084905353	0.9823223121392612	0.9909145972138098	0.8305084745762712
56	0.39162612797921165	0.9702070348788626	0.9903089036947305	0.8184019370460048
57	0.3914299586723591	0.9402179598378447	0.9918231374924288	0.8232445520581114
58	0.3912370083695751	0.7972874352708459	0.9936402180496668	0.8256658595641646
59	0.3911802053451538	0.8323460875782565	0.9933373712901272	0.8232445520581114
60	0.3910312183567735	0.6645719077653036	0.9951544518473653	0.8305084745762712
61	0.3909061416502922	0.756919452254736	0.9933373712901272	0.8159806295399515
62	0.3907981789301312	0.6161536076464332	0.9951544518473653	0.8280871670702179
63	0.39078476652503014	0.5572097828575912	0.9957601453664445	0.8111380145278451
64	0.390685250208928	0.5198955768747999	0.9966686856450636	0.8280871670702179
65	0.3906001900181626	0.5174860739402553	0.9963658388855239	0.8280871670702179
66	0.39053038696744546	0.4046090435362063	0.997274379164143	0.8256658595641646
67	0.39049893617630005	0.4758086097443153	0.9966686856450636	0.8280871670702179
68	0.39038384479025134	0.3351966172732808	0.9969715324046032	0.8159806295399515
69	0.39033661910465783	0.34179085714724633	0.997274379164143	0.8305084745762712
70	0.3902111523587939	0.4214133054080706	0.9975772259236826	0.8280871670702179
71	0.39007288217544556	0.3072354981066802	0.9975772259236826	0.8256658595641646
72	0.3898880220439336	0.3771150254268342	0.9978800726832223	0.8232445520581114
73	0.38967514682460475	0.3562033002515533	0.9975772259236826	0.8208232445520581
74	0.3895421123504639	0.3142684625837809	0.9975772259236826	0.8256658595641646
-1	-1	-1	-1	-1
0	0.4579782485961914	20.80918740079953	0.6448683015440508	0.6771844660194175
1	0.4231739044189453	20.06811239169194	0.6324553436270057	0.6796116504854369
2	0.41078956921895343	19.247068230922405	0.6790796245837117	0.6504854368932039
3	0.4049045443534851	18.771087596049675	0.6869512564335453	0.6601941747572816
4	0.40094642639160155	18.821094253888496	0.6811989100817438	0.6553398058252428
5	0.3984787066777547	18.04351558593603	0.7129881925522252	0.6941747572815534
6	0.39573672839573454	18.300612933360615	0.6972449288525583	0.6650485436893204
7	0.39346620440483093	17.87538991524623	0.716924008477142	0.6456310679611651
8	0.39211225509643555	17.013618173507545	0.7408416590977899	0.6990291262135923
9	0.3909682035446167	16.371474937750744	0.7508325764456555	0.7111650485436893
10	0.38988674770702014	16.92871242073866	0.7444747199515592	0.7305825242718447
11	0.3892524242401123	16.373975889040874	0.755979412655162	0.7305825242718447
12	0.3903701121990497	15.918732166290283	0.7623372691492583	0.7184466019417476
13	0.39120609419686453	15.685994411890324	0.7702089009990918	0.7014563106796117
14	0.3918554464975993	15.080963476346088	0.7856494096276113	0.7063106796116505
15	0.39228934049606323	14.800094375243553	0.7865576748410535	0.7451456310679612
16	0.3924981706282672	14.757783880600563	0.7865576748410535	0.7427184466019418
17	0.392463829782274	14.489786721192873	0.7932182864062973	0.75
18	0.3923279737171374	13.94088166493636	0.8065395095367848	0.7378640776699029
19	0.3923473596572876	13.634298113676218	0.8068422646079322	0.7524271844660194
20	0.39244264648074195	13.200273935611431	0.8201634877384196	0.7718446601941747
21	0.39270658926530316	12.577640319099793	0.8310626702997275	0.7621359223300971
22	0.3928491861923881	12.336379807728987	0.8331819557977597	0.7572815533980582
23	0.393473615248998	12.138317772975334	0.8404480775052983	0.7815533980582524
24	0.3934227085113525	11.388995585533289	0.8474114441416893	0.779126213592233
25	0.39334399883563703	10.657583605784636	0.8634574629125038	0.75
26	0.39318199510927554	10.141230878921656	0.8737511353315168	0.7645631067961165
27	0.3932265979903085	10.088471182263815	0.8725401150469271	0.7961165048543689
28	0.3932951729873131	9.135267287492752	0.8907054193157735	0.7815533980582524
29	0.3933720509211222	8.678864848155241	0.8943384801695429	0.75
30	0.39327096169994724	8.65903931741531	0.8897971541023312	0.7718446601941747
31	0.39327576756477356	7.574888342275069	0.9028156221616712	0.7669902912621359
32	0.3933287172606497	6.840134432467703	0.9137148047229791	0.7718446601941747
33	0.3933727320502786	6.366248178940553	0.9200726612170754	0.7864077669902912
34	0.39338477679661343	5.768292106114901	0.9303663336360884	0.779126213592233
35	0.39336321089002824	5.0595258852610225	0.9370269452013321	0.7839805825242718
36	0.39325342307219635	4.767201145681051	0.9409627611262489	0.7912621359223301
37	0.39319216577630295	3.78601083617944	0.9500454132606722	0.8009708737864077
38	0.39319718189728564	3.785026297832911	0.9542839842567363	0.7936893203883495
39	0.39319201111793517	3.2487643183423924	0.9594308204662428	0.779126213592233
40	0.39318832537023035	2.7608604906843257	0.9688162276718135	0.7912621359223301
41	0.393096163159325	2.5227591755011907	0.9733575537390251	0.7912621359223301
42	0.393099075139955	2.4514708920883446	0.97396306388132	0.779126213592233
43	0.3929849050261758	1.9004357577695583	0.9803209203754163	0.7936893203883495
44	0.3929487811194526	1.7298403314064041	0.9812291855888586	0.7864077669902912
45	0.392964041751364	0.9583429489642955	0.9912201029367242	0.7839805825242718
46	0.39296751833976584	0.861731437393106	0.9930366333636088	0.7766990291262136
47	0.39297225574652356	2.376392045846352	0.9733575537390251	0.7815533980582524
48	0.39298917322742694	1.193785037057331	0.98698153194066	0.8009708737864077
49	0.39291500091552733	0.5358685795396853	0.9963669391462306	0.7912621359223301
50	0.3929152628954719	0.5072043471109982	0.9960641840750832	0.8033980582524272
51	0.39297234553557175	0.3613677048034823	0.9981834695731153	0.7961165048543689
52	0.39301944228838076	0.309602587698722	0.9969724492885256	0.7985436893203883
53	0.39306275491361264	0.3361565957938393	0.9978807145019679	0.7985436893203883
54	0.39310544620860705	0.2445441405288875	0.9975779594308205	0.8009708737864077
55	0.39316358310835703	0.2702729720899347	0.9981834695731153	0.7961165048543689
56	0.3931735022026196	0.23159333691032422	0.9978807145019679	0.7985436893203883
57	0.39320429029135867	0.22561542568907428	0.9978807145019679	0.7985436893203883
58	0.39324190657017594	0.3003571291155822	0.9975779594308205	0.8009708737864077
59	0.39320353269577024	0.282697520770643	0.997275204359673	0.7961165048543689
60	0.39323274815668824	0.2313765245847977	0.997275204359673	0.8009708737864077
61	0.3932524881055278	0.3867327726464002	0.9975779594308205	0.8009708737864077
62	0.3932289055415562	0.1848659229088718	0.9981834695731153	0.8033980582524272
63	0.39321450889110565	0.15729334643485623	0.9987889797154103	0.7912621359223301
64	0.39325143740727353	0.19026627779441277	0.9978807145019679	0.8009708737864077
65	0.3932941537914854	0.20375648616013328	0.9978807145019679	0.8058252427184466
66	0.39334548053456775	0.15574436938466255	0.9981834695731153	0.8033980582524272
67	0.3933766203768113	0.18017782167813634	0.9978807145019679	0.8033980582524272
68	0.3934049744536911	0.15331909950327827	0.9984862246442628	0.8009708737864077
69	0.39338606425694056	0.15662702697311312	0.9984862246442628	0.8009708737864077
70	0.39338429545013	0.16186445684378178	0.9981834695731153	0.8033980582524272
71	0.3933999604649014	0.1384561822118345	0.9984862246442628	0.8033980582524272
72	0.39340686798095703	0.12422009371948661	0.9984862246442628	0.7985436893203883
73	0.39343404125522924	0.14770677552951383	0.9984862246442628	0.7985436893203883
74	0.3935173797607422	0.13251484874116123	0.9984862246442628	0.8009708737864077
75	0.3936060667037964	0.130012742089233	0.9987889797154103	0.7985436893203883
76	0.39368405280175145	0.1414849982852152	0.9981834695731153	0.7985436893203883
77	0.3937490047552647	0.12941357677097515	0.9984862246442628	0.8009708737864077
78	0.3938306675681585	0.13154505862453683	0.9981834695731153	0.8033980582524272
79	0.3938677042722702	0.11328698300111192	0.9984862246442628	0.8009708737864077
80	0.3938177426656087	0.1465557028143219	0.9981834695731153	0.8033980582524272
81	0.3936957411649751	0.12554924581351	0.9978807145019679	0.8033980582524272
82	0.39355273993618517	0.12624715782182577	0.9978807145019679	0.8009708737864077
83	0.3933807100568499	0.10387732437587917	0.9987889797154103	0.8009708737864077
84	0.39327330589294435	0.10679730111643529	0.9984862246442628	0.8009708737864077
85	0.3932277241418528	0.11780185409910561	0.9981834695731153	0.8009708737864077
-1	-1	-1	-1	-1
0	0.5305666923522949	20.750066890166355	0.6376021798365122	0.5825242718446602
1	0.4629324674606323	20.367996458823864	0.6369966696942174	0.6820388349514563
2	0.4393962224324544	19.381974422014675	0.6654556463820769	0.6553398058252428
3	0.4264439344406128	18.5692972105283	0.7029972752043597	0.6796116504854369
4	0.4179924488067627	18.458488409335796	0.7008779897063275	0.6747572815533981
5	0.41376984119415283	18.16458139052758	0.7193460490463215	0.6262135922330098
6	0.4109453133174351	18.44018879532814	0.6996669694217378	0.7330097087378641
7	0.4087568521499634	17.376214320843037	0.7356948228882834	0.7305825242718447
8	0.40702592002020943	17.19773707481531	0.7414471692400848	0.7160194174757282
9	0.40506751537323	17.28474725668247	0.7378141083863154	0.7354368932038835
10	0.40371231599287555	16.510250261196724	0.7550711474417197	0.7305825242718447
11	0.4025675257047017	16.295626741189224	0.7577959430820467	0.7257281553398058
12	0.4020248009608342	16.30734056692857	0.7596124735089312	0.7305825242718447
13	0.4015080417905535	15.812277738864605	0.7735392067817136	0.7014563106796117
14	0.40095246632893883	15.486361987315691	0.7774750227066304	0.7402912621359223
15	0.40051813423633575	15.101333869191317	0.7838328792007266	0.7451456310679612
16	0.3996657203225529	14.786357716872143	0.789585225552528	0.75
17	0.39896314673953587	14.610943395357866	0.7926127762640024	0.75
18	0.39834521946154144	14.45498870427792	0.799878897971541	0.7475728155339806
19	0.3977184295654297	13.585453069553925	0.8110808356039964	0.7766990291262136
20	0.39732545898074195	13.15701965185312	0.8201634877384196	0.7645631067961165
21	0.39705523577603424	12.817180799750181	0.8201634877384196	0.779126213592233
22	0.3965376460033914	12.399708358141092	0.8280351195882532	0.7572815533980582
23	0.3962312738100688	12.27991871191905	0.8334847108689071	0.7912621359223301
24	0.3960470390319824	11.566147487897139	0.8452921586436573	0.779126213592233
25	0.39590763128720796	10.824318977502676	0.85679685134726	0.779126213592233
26	0.3958072309140806	10.700761357179054	0.8577051165607024	0.8058252427184466
27	0.3956949199948992	10.142575445083471	0.8689070541931577	0.808252427184466
28	0.3956662786417994	9.57914311152238	0.8801089918256131	0.7985436893203883
29	0.39567453861236573	9.048202868264456	0.8831365425370875	0.7888349514563107
30	0.39570190060523247	8.319158342022162	0.8904026642446261	0.8131067961165048
31	0.39575405418872833	7.692403086102926	0.9052376627308507	0.8155339805825242
32	0.39581087863806524	7.02530366067703	0.911595519224947	0.7888349514563107
33	0.3958522291744457	6.736980184912682	0.9137148047229791	0.7888349514563107
34	0.395806782586234	6.2643949905267124	0.9194671510747805	0.808252427184466
35	0.39561476310094196	5.242074049865971	0.937632455343627	0.8131067961165048
36	0.3955527705115241	4.815853286534548	0.9433848016954284	0.808252427184466
37	0.3955041483828896	3.941016487777233	0.9503481683318196	0.808252427184466
38	0.3953711314079089	3.69788477025353	0.9554950045413261	0.8179611650485437
39	0.3951913595199585	2.7364714772512135	0.9709355131698456	0.8106796116504854
40	0.3951702234221668	3.301029110613924	0.9633666363911596	0.8228155339805825
41	0.3949766556421916	2.427551558178563	0.9700272479564033	0.8058252427184466
42	0.394809273786323	1.899045149007669	0.9800181653042689	0.8155339805825242
43	0.3946017189459367	1.5795638450922875	0.9833484710868907	0.8252427184466019
44	0.39459189309014214	1.431265682389494	0.9851650015137754	0.8009708737864077
45	0.3945546875829282	1.1322948111651034	0.9875870420829549	0.8058252427184466
46	0.39447823991166786	0.8229503974569246	0.9930366333636088	0.8252427184466019
47	0.3944292366504669	0.7998918961429109	0.9927338782924614	0.7961165048543689
48	0.39431170541412974	0.5931128318166324	0.9957614290039358	0.8325242718446602
49	0.39439766883850097	0.5714732156887364	0.9957614290039358	0.8106796116504854
50	0.39444582135069606	0.509811318519776	0.997275204359673	0.8155339805825242
51	0.39434024462333095	0.41243678823901486	0.997275204359673	0.808252427184466
52	0.39425234524708874	0.43811514795435447	0.9969724492885256	0.8155339805825242
53	0.394150177637736	0.4234758018417499	0.9969724492885256	0.8203883495145631
54	0.39399941184303977	0.3399893610442702	0.997275204359673	0.8276699029126213
55	0.39387757011822294	0.2981964691627162	0.9978807145019679	0.808252427184466
56	0.39384585514403225	0.2705161749752453	0.997275204359673	0.8106796116504854
57	0.39389504235366296	0.334737845199505	0.9969724492885256	0.8033980582524272
58	0.39389695555476817	0.2965208043326409	0.9969724492885256	0.8228155339805825
59	0.3939179976781209	0.30827250502557035	0.997275204359673	0.8325242718446602
60	0.3938687707557053	0.31358288688800084	0.9969724492885256	0.8033980582524272
61	0.39392420553391977	0.3064670598071713	0.9966696942173782	0.8131067961165048
62	0.39397604881771026	0.18114328657303794	0.9981834695731153	0.8179611650485437
63	0.39392029866576195	0.24210130342264444	0.9969724492885256	0.8252427184466019
64	0.39391132501455456	0.15714606794454783	0.9981834695731153	0.8300970873786407
65	0.3938843011856079	0.16269173419389588	0.9981834695731153	0.8300970873786407
66	0.3939294601554301	0.1677648945142909	0.9981834695731153	0.8300970873786407
67	0.3938810895471012	0.12679615412623838	0.9987889797154103	0.8252427184466019
68	0.39365185516467993	0.18774602533029303	0.9978807145019679	0.8179611650485437
-1	-1	-1	-1	-1
0	0.459667444229126	21.949144420715477	0.5923682616596002	0.5946601941747572
1	0.42292797565460205	20.588537585276825	0.6244700181708056	0.6771844660194175
2	0.4116562207539876	20.024416098227867	0.6444579043004239	0.6868932038834952
3	0.40482163429260254	19.044934511184692	0.6895820714718353	0.6504854368932039
4	0.400938606262207	19.337024207298573	0.6626287098728043	0.7063106796116505
5	0.39849992593129474	18.61041842057155	0.6968503937007874	0.6529126213592233
6	0.3976063387734549	18.291837192498722	0.7032101756511205	0.7281553398058253
7	0.39756903052330017	18.12848923298029	0.711992731677771	0.7281553398058253
8	0.397664917839898	17.891408218787266	0.7135069654754694	0.7063106796116505
9	0.3974186658859253	17.21929753972934	0.7334948516050879	0.7354368932038835
10	0.39739283648404206	17.248845776686302	0.7383403997577226	0.7063106796116505
11	0.39622976382573444	16.63244120662029	0.7428831011508177	0.7742718446601942
12	0.3956275536463811	16.576527916468105	0.7404603270745003	0.7742718446601942
13	0.3957449878965105	16.168107670087082	0.7586311326468806	0.7233009708737864
14	0.395770788192749	15.757411681115627	0.7674136886735312	0.7402912621359223
15	0.39552877843379974	15.423224893900064	0.7707450030284676	0.7645631067961165
16	0.3950682387632482	15.129910955062279	0.774076317383404	0.779126213592233
17	0.39445894294314915	14.78727978009444	0.7870987280436099	0.7766990291262136
18	0.3942320221348813	14.60889643889207	0.7858873410054512	0.7864077669902912
19	0.39397225379943845	14.75020081263322	0.7934585099939431	0.7815533980582524
20	0.393502984728132	14.474611387803005	0.7901271956390067	0.7815533980582524
21	0.3928541595285589	13.838985287226164	0.8070866141732284	0.7839805825242718
22	0.39252266676529596	13.378737210654295	0.8107207752877045	0.7985436893203883
23	0.3920845886071523	12.944535482388277	0.8176862507571169	0.8058252427184466
24	0.3919844055175781	12.46084544979609	0.8322228952150212	0.8009708737864077
25	0.3918777429140531	12.2240000802737	0.8313143549364022	0.8033980582524272
26	0.3918618537761547	11.89261974279697	0.8428225317989098	0.7936893203883495
27	0.3919843520436968	11.309495641635014	0.8470623864324651	0.7694174757281553
28	0.3921212163464776	10.912755986818901	0.8579648697758934	0.7936893203883495
29	0.39239875475565594	10.657568991184235	0.8558449424591157	0.7888349514563107
30	0.3922890386273784	10.249768391251564	0.8676559660811629	0.7888349514563107
31	0.39224158972501755	9.61202105994408	0.8773470623864325	0.808252427184466
32	0.39213063500144263	8.903627176697437	0.886129618413083	0.8106796116504854
33	0.39217816380893483	8.577763941712105	0.889763779527559	0.8203883495145631
34	0.39180479049682615	7.882124164929757	0.9006662628709873	0.7815533980582524
35	0.39142435789108276	7.2768860796036625	0.90732889158086	0.808252427184466
36	0.391092925458341	6.825181494825161	0.9142943670502726	0.8009708737864077
37	0.39082291251734685	6.677625838380593	0.919442761962447	0.7888349514563107
38	0.390519808500241	5.936762969081219	0.9309509388249546	0.8009708737864077
39	0.39028809070587156	5.698618896878683	0.9312537855844942	0.8033980582524272
40	0.39000878101441916	4.736148127569602	0.9430648092065415	0.8179611650485437
41	0.3896181129273914	4.154634125817281	0.951847365233192	0.7912621359223301
42	0.3894131349962811	3.8204617680838475	0.9539672925499697	0.8155339805825242
43	0.3892973065376282	2.8170145113880816	0.9688067837674137	0.8058252427184466
44	0.38920226097106936	2.770102716122682	0.9688067837674137	0.8033980582524272
45	0.38921121929002844	3.1214463816812406	0.9642640823743186	0.8155339805825242
46	0.38946133471549826	2.1259270295357475	0.9778921865536039	0.8009708737864077
47	0.3897937387228012	1.7536984583219657	0.9803149606299213	0.8252427184466019
48	0.3900585271874253	1.988421187736094	0.9797092671108419	0.8106796116504854
49	0.3901643753051758	1.4531507590928903	0.9866747425802543	0.7985436893203883
50	0.3899502286724016	0.9289843743093885	0.9924288310115081	0.8106796116504854
51	0.38980553241876453	0.6654910085937724	0.9945487583282859	0.8033980582524272
52	0.38967655739694274	0.6262781202005079	0.9951544518473653	0.808252427184466
53	0.38944370216793484	0.4991634848097769	0.9954572986069049	0.8033980582524272
54	0.3897763945839622	0.45001330695903075	0.997274379164143	0.7985436893203883
55	0.389947520835059	0.40373553462812706	0.9969715324046032	0.8033980582524272
56	0.39008255590472307	0.35176635595360917	0.9969715324046032	0.8058252427184466
57	0.39024484157562256	0.3471347955592836	0.9966686856450636	0.8155339805825242
58	0.39040713391061554	0.28926156851454066	0.997274379164143	0.808252427184466
59	0.39053083658218385	0.21010973740619823	0.9981829194427619	0.8058252427184466
60	0.3905217764807529	0.2157786824413611	0.9984857662023017	0.8228155339805825
61	0.39034824217519454	0.2324537657863962	0.9981829194427619	0.7839805825242718
62	0.39023592736985946	0.2994302217221747	0.9969715324046032	0.8009708737864077
63	0.3901417963206768	0.19004020377850303	0.9984857662023017	0.8106796116504854
64	0.390018525490394	0.17343429722062026	0.9984857662023017	0.7936893203883495
65	0.3898974657058716	0.1550192329674386	0.999091459721381	0.8106796116504854
66	0.389788798431852	0.13613005637531528	0.9987886129618413	0.8179611650485437
67	0.3896661541041206	0.12943659787728953	0.9987886129618413	0.808252427184466
-1	-1	-1	-1	-1
0	0.5196409225463867	21.831820364181812	0.6092093305059073	0.639225181598063
1	0.4490467309951782	20.994348558095787	0.5976976673735231	0.6537530266343826
2	0.4257493813832601	20.408144728495525	0.6146622235686156	0.4963680387409201
3	0.4133472442626953	19.586765848673306	0.6555589215389276	0.6755447941888619
4	0.4053537368774414	19.022105308679436	0.679794001817631	0.6295399515738499
5	0.40145063400268555	18.818714804374256	0.6861557103907907	0.6464891041162227
6	0.39851042202540804	18.024158163712574	0.7152378067252347	0.6924939467312349
7	0.39631474018096924	18.149017913983418	0.7031202665858831	0.6295399515738499
8	0.3944213655259874	17.613603828045036	0.7312935474098758	0.7070217917675545
9	0.39306938648223877	17.477350363364586	0.7255377158436838	0.711864406779661
10	0.39174916527488013	16.96955374112496	0.735534686458649	0.7021791767554479
11	0.39096593856811523	16.762101841660645	0.7437140260527113	0.6803874092009685
12	0.39013009804945725	16.333930783546887	0.7579521357164496	0.7094430992736077
13	0.3895386627742222	16.169584792393906	0.7588609512269009	0.6900726392251816
14	0.38910139401753746	15.668835782087767	0.7682520448348985	0.7336561743341404
15	0.3886229544878006	15.838300469976206	0.7697667373523175	0.7070217917675545
16	0.3879815410165226	15.369795065659742	0.7782490154498637	0.7070217917675545
17	0.387768374549018	15.11061657506686	0.7840048470160558	0.7191283292978208
18	0.38747493844283254	15.173617181869654	0.7837019085125719	0.7239709443099274
19	0.3872839331626892	14.350532371264238	0.7933959406240533	0.7457627118644068
20	0.38683722132728215	13.8565545486143	0.8106634353226295	0.7433414043583535
21	0.38660895824432373	13.467876993692839	0.8115722508330809	0.7312348668280871
22	0.3862327285434889	13.1422533759704	0.8233868524689488	0.7481840193704601
23	0.3861223061879476	12.855625997369106	0.8209633444410784	0.7481840193704601
24	0.38593058586120604	12.627551381404583	0.8279309300212057	0.7481840193704601
25	0.3859550586113563	12.23761329284081	0.8291426840351409	0.7336561743341404
26	0.38616287266766586	11.629615096518627	0.8473189942441685	0.7288135593220338
27	0.38638670103890554	10.909339409608107	0.8561042108451984	0.7288135593220338
28	0.38649286894962703	10.795062673206512	0.8542865798242957	0.7312348668280871
29	0.38669846057891843	10.072363343376379	0.8691305664950015	0.7481840193704601
30	0.38684532719273723	9.737910140019197	0.8721599515298395	0.7506053268765133
31	0.38703546673059464	9.114487714492357	0.8788245986064829	0.7433414043583535
32	0.3871302604675293	8.406876415014267	0.8933656467737049	0.738498789346247
33	0.3873031980851117	8.080816778605087	0.8970009088155104	0.7699757869249395
34	0.3874509402683803	7.677425783414107	0.9045743714026053	0.7578692493946732
35	0.38773993651072186	6.645895028343568	0.9118448954862163	0.7869249394673123
36	0.387980132489591	6.35103366115632	0.9203271735837625	0.7627118644067796
37	0.38816810909070465	5.32445712444874	0.9297182671917601	0.7966101694915254
38	0.3882462428166316	5.355806327783144	0.9348682217509845	0.7506053268765133
39	0.38846325874328613	4.335424602031708	0.9463798848833687	0.7675544794188862
40	0.3886107119118295	4.1979563402441835	0.9512269009391093	0.801452784503632
41	0.38872365724472774	3.301849172378962	0.9603150560436231	0.7941888619854721
42	0.38872946694839833	2.908150404852887	0.9669797031202666	0.7917675544794189
43	0.388789870522239	2.7584858184250503	0.9654650106028476	0.7869249394673123
44	0.38874501122368704	2.5720054522299995	0.967888518630718	0.7796610169491526
45	0.3886526408402816	1.6772641463635058	0.9803089972735535	0.7675544794188862
46	0.38857330667211654	1.3228847931783934	0.9857618903362617	0.7917675544794189
47	0.38854601482550305	0.9563679802679241	0.9900030293850348	0.7941888619854721
48	0.3885068893432617	0.7213575538780088	0.9939412299303242	0.7917675544794189
49	0.3885003089904785	1.093891789716928	0.9909118448954862	0.784503631961259
50	0.3885391693489224	2.369040997340702	0.9760678582247804	0.7966101694915254
51	0.3885606343929584	1.7420753142975558	0.9848530748258104	0.7917675544794189
52	0.3886159905847513	0.8908868552758716	0.9915177219024538	0.7966101694915254
53	0.38869115158363626	0.792790781142405	0.9921235989094214	0.784503631961259
54	0.3887726480310613	0.5259307986483551	0.9960617994547107	0.7966101694915254
55	0.38889632906232563	0.3866595866319795	0.9975764919721296	0.7941888619854721
56	0.3889712325313635	0.3259759408583005	0.9972735534686459	0.784503631961259
57	0.3891174752136757	0.42252704418765813	0.9963647379581945	0.7990314769975787
58	0.3892260486796751	0.3992499465910861	0.9957588609512269	0.8038740920096852
59	0.38933186133702596	0.397063120886182	0.996970614965162	0.7917675544794189
60	0.38937900105460743	0.3489714999114557	0.9966676764616783	0.7917675544794189
61	0.3893289143039334	0.4282560785068199	0.9954559224477431	0.7893462469733656
62	0.3893295280517094	0.3843975313625728	0.9963647379581945	0.7917675544794189
63	0.38927460834383965	0.36084293248131843	0.9957588609512269	0.7917675544794189
64	0.3891878861647386	0.3156420157935757	0.9966676764616783	0.7917675544794189
65	0.3891667055361199	0.3816751138432525	0.9963647379581945	0.7893462469733656
66	0.38913423979460304	0.2236941582232248	0.9975764919721296	0.7893462469733656
67	0.3891114592552185	0.28097530509918356	0.996970614965162	0.7966101694915254
68	0.38906855859618256	0.24441002616031954	0.9972735534686459	0.7917675544794189
69	0.3889880214418684	0.3580703703829873	0.9960617994547107	0.7917675544794189
70	0.38895323242939694	0.22812472254400534	0.9966676764616783	0.7990314769975787
71	0.38883548312717015	0.22169970130870262	0.9966676764616783	0.7917675544794189
72	0.3888667152352529	0.24519664466004962	0.9975764919721296	0.7966101694915254
73	0.38930036892762054	0.22921014453682942	0.9975764919721296	0.7893462469733656
74	0.38933477401733396	0.19113742179111937	0.9975764919721296	0.7917675544794189
75	0.3894086417398955	0.1908093772659553	0.9981823689790973	0.7917675544794189
76	0.389413003797655	0.2568543378483285	0.9972735534686459	0.7893462469733656
77	0.3894279033709795	0.1651520484413665	0.9978794304756134	0.7941888619854721
78	0.38950025582615333	0.19038371939621762	0.9975764919721296	0.7966101694915254
-1	-1	-1	-1	-1
0	0.47582578659057617	20.640229619466343	0.6382914268403515	0.7021791767554479
1	0.4360603094100952	20.517229435535576	0.6352620418055135	0.6174334140435835
2	0.4216128985087077	19.495718144453487	0.6610118146016358	0.6150121065375302
3	0.4139169454574585	19.421473028568123	0.6661617691608603	0.7070217917675545
4	0.40901527404785154	19.390367725720772	0.6655558921538928	0.7191283292978208
5	0.4057626724243164	18.729146343011124	0.7058467131172372	0.7263922518159807
6	0.40401128360203337	18.290574410786995	0.7028173280823993	0.5569007263922519
7	0.4024719297885895	18.415333738693825	0.695849742502272	0.6876513317191283
8	0.4013941287994385	17.590217294601295	0.7182671917600727	0.7239709443099274
9	0.39995689392089845	17.34042978286743	0.7318994244168434	0.7506053268765133
10	0.39856392687017267	16.80536675682435	0.744016964556195	0.7602905569007264
11	0.3974319100379944	16.28652962583762	0.7549227506816116	0.7554479418886199
12	0.3968781324533316	16.444436967372894	0.750075734625871	0.7481840193704601
13	0.3959113529750279	15.699993452200523	0.771887306876704	0.7481840193704601
14	0.3948582013448079	15.662501071508114	0.7709784913662526	0.7554479418886199
15	0.3937895894050598	15.423964564616863	0.7730990608906392	0.7869249394673123
16	0.3927670086131376	15.075783284810873	0.7843077855195395	0.7457627118644068
17	0.39158263471391463	14.761743522607363	0.7840048470160558	0.774818401937046
18	0.39086959236546565	14.208016539995487	0.7915783096031506	0.7772397094430993
19	0.39016045331954957	13.979440803711231	0.8033929112390185	0.8062953995157385
20	0.3896928514753069	13.740981207444118	0.8097546198121781	0.7869249394673123
21	0.38892987641421234	13.516128168656277	0.8170251438957892	0.7796610169491526
22	0.38873174916143005	12.782293555828241	0.823083913965465	0.7772397094430993
23	0.38850025335947674	12.285921822373684	0.8306573765525598	0.7796610169491526
24	0.38819921493530274	12.060983882500576	0.8330808845804302	0.7651331719128329
25	0.38796688043154204	11.354205186550434	0.8433807936988791	0.801452784503632
26	0.3873908254835341	10.870920113072945	0.8591335958800363	0.8038740920096852
27	0.3871593049594334	10.38737533069574	0.8657982429566798	0.8208232445520581
28	0.38717089850327063	10.07441104318087	0.874280521054226	0.8232445520581114
29	0.3870970408121745	8.775697852556522	0.8851863071796425	0.8184019370460048
30	0.3869841867877591	8.62247879573932	0.8960920933050591	0.8062953995157385
31	0.38687727600336075	7.935363725006867	0.9051802484095729	0.8111380145278451
32	0.3867533712676077	6.9948121561453895	0.9176007270524084	0.8062953995157385
33	0.38665304464452405	6.503885812627582	0.9169948500454408	0.774818401937046
34	0.3867922510419573	6.382725102397112	0.9221448046046653	0.8087167070217918
35	0.38704578744040596	5.238325535677946	0.9342623447440169	0.7869249394673123
36	0.3873128697678849	4.535037914147744	0.9424416843380794	0.8159806295399515
37	0.3876177511717144	4.375405196387034	0.9475916388973038	0.7820823244552058
38	0.38788462296510356	4.179026618456612	0.9524386549530446	0.8087167070217918
39	0.3880719840526581	2.9956395321239073	0.9666767646167828	0.8087167070217918
40	0.3881433591610048	2.6819278198795824	0.9687973341411693	0.8087167070217918
41	0.38829210258665536	2.706268961326434	0.9724325961829748	0.7966101694915254
42	0.38841108943140784	2.409336001683886	0.9754619812178128	0.7917675544794189
43	0.38848800550807605	2.0714749766708476	0.9794001817631021	0.7990314769975787
44	0.388509119881524	1.4236988524834697	0.9857618903362617	0.8111380145278451
45	0.38851755080015765	1.230336345638744	0.9884883368676158	0.8159806295399515
46	0.38855725653628087	1.1619960286726172	0.9887912753710997	0.801452784503632
47	0.3886333207289378	0.9806305351017867	0.99121478339897	0.8062953995157385
48	0.38871078588524643	1.2596229346325765	0.9921235989094214	0.7966101694915254
-1	-1	-1	-1	-1
0	0.515373706817627	20.340339202147263	0.6407149348682217	0.6634382566585957
1	0.44786083698272705	21.339229519550617	0.6043623144501666	0.6755447941888619
2	0.4250922203063965	19.79665968280572	0.6491972129657679	0.6319612590799032
3	0.4124164581298828	20.005382363612835	0.6425325658891246	0.6319612590799032
4	0.40577497482299807	18.913140191481663	0.679794001817631	0.6924939467312349
5	0.40330950419108075	18.469881103588985	0.6919115419569827	0.7046004842615012
6	0.4003779206957136	18.252282853309925	0.7073614056346562	0.6900726392251816
7	0.3975766897201538	17.991496881613365	0.7146319297182672	0.7167070217917676
8	0.39552508460150826	17.53883409041625	0.7282641623750379	0.7021791767554479
9	0.39305689334869387	17.154434497539814	0.7349288094516813	0.7336561743341404
10	0.391591570594094	17.103265846004852	0.7315964859133596	0.7360774818401937
11	0.3911316196123759	16.643215286043976	0.7549227506816116	0.7239709443099274
12	0.3903226118821364	16.274084540513847	0.7524992426537412	0.738498789346247
13	0.3898092338017055	16.021100866106842	0.7658285368070282	0.7627118644067796
14	0.38852787017822266	15.679497204147852	0.7667373523174795	0.7336561743341404
15	0.388235405087471	15.317506674390573	0.7776431384428961	0.7409200968523002
16	0.3880501494688146	15.15946914599492	0.7752196304150257	0.7675544794188862
17	0.38785134421454537	14.711243402499418	0.7849136625265071	0.784503631961259
18	0.38772111189992803	14.450665086507797	0.7958194486519237	0.7457627118644068
19	0.38752291202545164	14.401836120165312	0.794001817631021	0.7772397094430993
20	0.38709354400634766	13.72467577457428	0.8136928203574675	0.7893462469733656
21	0.38712532953782514	13.121601406198282	0.8106634353226295	0.7796610169491526
22	0.3870699405670166	12.545673169768774	0.8270221145107544	0.7869249394673123
23	0.3869820435841878	12.536593707708212	0.8264162375037867	0.774818401937046
24	0.38692258834838866	11.948740516717617	0.8358073311117843	0.7917675544794189
25	0.38677040430215687	11.02594539293876	0.8548924568312632	0.7966101694915254
26	0.38672210552074293	10.607341310152641	0.8618600424113905	0.7869249394673123
27	0.38670046840395245	10.412067672381035	0.8606482883974553	0.801452784503632
28	0.3867463243418726	9.703087930495922	0.8751893365646773	0.8062953995157385
29	0.3872950633366903	9.126759526821283	0.8863980611935777	0.7772397094430993
30	0.3876208028485698	8.752752396636284	0.8891245077249318	0.7820823244552058
31	0.38802651315927505	7.982908486746824	0.8970009088155104	0.8135593220338984
32	0.38834765463164356	7.443871570034669	0.9051802484095729	0.8232445520581114
33	0.38862066409167123	6.933029057887884	0.9088155104513783	0.8062953995157385
34	0.3889660903385707	6.703439934322467	0.9206301120872463	0.8135593220338984
35	0.3894084559546577	5.771221821268018	0.9315358982126628	0.8305084745762712
36	0.3896571301125191	5.534884689519038	0.9333535292335656	0.8426150121065376
37	0.3896992708507337	4.752591399189371	0.9409269918206604	0.7990314769975787
38	0.38966835462130034	4.059300077935824	0.9481975159042715	0.8208232445520581
39	0.38962087631225584	3.865455848666338	0.9554680399878824	0.8208232445520581
40	0.38957927285171134	3.5607734753821907	0.9563768554983338	0.8256658595641646
41	0.3898774101620629	2.4722850741102147	0.9727355346864587	0.8329297820823245
42	0.39012664972349653	1.965018060953858	0.9794001817631021	0.8135593220338984
43	0.3903113603591919	2.2907143196520896	0.975159042714329	0.8280871670702179
44	0.39052851465013294	1.484196842683909	0.983944259315359	0.801452784503632
45	0.3905525207519531	1.1817816773120564	0.9863677673432293	0.8159806295399515
46	0.3905601400010129	1.2891471476200071	0.9890942138745834	0.8159806295399515
47	0.3906400203704834	1.8163709431671753	0.9821266282944562	0.8087167070217918
48	0.3907506514568718	1.1301889236156757	0.9881853983641321	0.8232445520581114
49	0.39080377578735354	0.8011310103779229	0.9942441684338079	0.8135593220338984
50	0.39087581167034074	0.6245368715423795	0.9954559224477431	0.8159806295399515
51	0.39087618314302885	0.7213459976841338	0.9948500454407755	0.8111380145278451
52	0.3909540851161165	0.5106673221627296	0.9957588609512269	0.8232445520581114
53	0.3909133584411056	0.4324615763213772	0.996970614965162	0.8159806295399515
54	0.3907566807486794	0.26703066470844744	0.9981823689790973	0.8111380145278451
55	0.3907014472143991	0.32625568348717376	0.996970614965162	0.8159806295399515
56	0.3905268468354878	0.5282161783297152	0.9966676764616783	0.8208232445520581
-1	-1	-1	-1	-1
0	0.4692726135253906	22.346132050339993	0.5725537715843684	0.6271186440677966
1	0.4303356409072876	22.796758715923016	0.5446834292638595	0.5980629539951574
2	0.41504693031311035	20.99377100284283	0.5989094213874584	0.5375302663438256
3	0.40805190801620483	20.19632935982484	0.622841563162678	0.5351089588377724
4	0.40419740676879884	19.756688244067707	0.6643441381399576	0.6634382566585957
5	0.4031776189804077	19.236633892242725	0.675552862768858	0.6585956416464891
6	0.4019654818943569	18.949722019525673	0.675552862768858	0.6585956416464891
7	0.4010026156902313	18.739968648323647	0.6882762799151773	0.6900726392251816
8	0.39942582448323566	18.46778686459248	0.6940321114813692	0.6828087167070218
9	0.3982891321182251	18.104139094169323	0.7085731596485914	0.7070217917675545
10	0.39767068082636053	17.74089592236739	0.722205392305362	0.6779661016949152
11	0.3972668449083964	17.27644586104613	0.732505301423811	0.7215496368038741
12	0.3968929327451266	16.961235642433167	0.7385640714934868	0.7409200968523002
13	0.3970333848680769	16.541120416842976	0.7512874886398061	0.6198547215496368
14	0.3972171147664388	16.9278786193866	0.7421993335352923	0.7433414043583535
15	0.39716775715351105	16.452883917551773	0.7543168736746441	0.7142857142857143
16	0.39740698477801156	15.715897233440327	0.7643138442896092	0.7602905569007264
17	0.3973066276974148	15.91250504209445	0.7664344138139958	0.7239709443099274
18	0.3969723048963045	15.605517584543962	0.773401999394123	0.738498789346247
19	0.39685758352279665	14.961681885214952	0.7843077855195395	0.738498789346247
20	0.39704242206755136	14.651932906645994	0.7858224780369585	0.7288135593220338
21	0.39705226638100366	14.10102386199511	0.8006664647076643	0.7651331719128329
22	0.39697268734807556	13.826360224531246	0.803998788245986	0.7481840193704601
23	0.3972625732421875	13.257975682616234	0.8109663738261133	0.7481840193704601
24	0.3973785591125488	13.347362557282814	0.8076340502877916	0.7360774818401937
25	0.3995889058479896	12.582394023354237	0.826113299000303	0.7796610169491526
26	0.39912136395772296	12.227180542854162	0.8285368070281732	0.774818401937046
27	0.3987532598631723	11.761749391372387	0.8403514086640412	0.7941888619854721
28	0.39852568198894633	11.279463981779722	0.8473189942441685	0.7602905569007264
29	0.39828726450602214	10.387390100038969	0.8582247803695849	0.7941888619854721
30	0.3981122201488864	9.725031684510983	0.8715540745228718	0.7723970944309927
31	0.39798347651958466	9.267771062942652	0.8776128445925477	0.8038740920096852
32	0.3978354569637414	8.841634358351047	0.8873068767040291	0.7917675544794189
33	0.3977217814501594	7.986072384537413	0.897606785822478	0.7796610169491526
34	0.39736030442374093	7.870010430423113	0.9027567403817025	0.8087167070217918
35	0.3970269030994839	7.11270391367949	0.916691911541957	0.7869249394673123
36	0.3969341548713478	6.1838584909072285	0.9206301120872463	0.7796610169491526
37	0.3968328112050107	5.614315344737126	0.9321417752196304	0.784503631961259
38	0.3967901682242369	5.21964834515865	0.9336564677370494	0.8038740920096852
39	0.3967419505119324	4.775922396435187	0.950318085428658	0.8111380145278451
40	0.3966982248352795	4.076116018140545	0.9554680399878824	0.7893462469733656
41	0.3967089482716152	2.8697755245778422	0.9684943956376856	0.7917675544794189
42	0.3967844164648721	2.553590557466333	0.9700090881551046	0.784503631961259
43	0.3964644291184165	3.662739461717697	0.9615268100575584	0.7723970944309927
44	0.3961269537607829	2.5145496600665727	0.9742502272038777	0.7869249394673123
45	0.3958073336145152	1.950045507401228	0.9812178127840049	0.7869249394673123
46	0.395482433603165	2.1683433069757974	0.9763707967282642	0.7893462469733656
47	0.395097091794014	1.418628979116105	0.9869736443501969	0.7917675544794189
48	0.3948262321705721	1.0879270502941485	0.9906089063920024	0.7966101694915254
49	0.3944700241088867	0.7327652357053012	0.9948500454407755	0.7820823244552058
50	0.39431162441478057	0.7071789798971552	0.9951529839442593	0.784503631961259
51	0.39408769057347226	0.8092504347531269	0.9948500454407755	0.8038740920096852
52	0.3938643842373254	0.5287179401269756	0.9960617994547107	0.7796610169491526
53	0.3936598433388604	0.7919265187710363	0.9948500454407755	0.7941888619854721
54	0.393500449440696	0.6909205713130248	0.996970614965162	0.7820823244552058
55	0.39333260485104155	0.6162866989795405	0.9957588609512269	0.7966101694915254
56	0.3931617151226914	0.46427564721698916	0.9972735534686459	0.7869249394673123
57	0.39298281998469914	0.4378594790065948	0.9966676764616783	0.7869249394673123
58	0.3927519483081365	0.45463113479155043	0.9975764919721296	0.7893462469733656
59	0.3926045854886373	0.30266595876757774	0.998485307482581	0.7893462469733656
-1	-1	-1	-1	-1
0	0.46590518951416016	21.21785581111908	0.6040593759466828	0.5932203389830508
1	0.4295659065246582	21.289416125187508	0.5758860951226901	0.6610169491525424
2	0.41755183537801105	21.073721603705334	0.5873977582550742	0.6949152542372882
3	0.411835253238678	20.146478089002464	0.6331414722811269	0.6973365617433414
4	0.40822534561157225	19.918295161082195	0.6482883974553165	0.7021791767554479
5	0.4054913918177287	18.844354909199936	0.6858527718873069	0.6731234866828087
6	0.40350140844072613	17.70772875730808	0.7146319297182672	0.7312348668280871
7	0.4023565948009491	17.918549484931507	0.7179642532565889	0.7263922518159807
8	0.4013056490156386	18.146937544529255	0.713420175704332	0.7215496368038741
9	0.4003687858581543	17.231062791668453	0.73401999394123	0.7070217917675545
10	0.3995760570872914	16.929941296577454	0.7391699485004544	0.7530266343825666
11	0.399009903271993	16.50521040077393	0.7446228415631627	0.7506053268765133
12	0.39841787631695086	16.45167509867595	0.7494698576189034	0.7312348668280871
13	0.39728682381766184	15.975256612667671	0.7546198121781278	0.7215496368038741
14	0.39585237503051757	15.215697682820833	0.7764313844289609	0.7578692493946732
15	0.3948797285556793	15.326449497387959	0.7794607694637988	0.774818401937046
16	0.3938135259291705	14.888863345178274	0.7861254165404423	0.7409200968523002
17	0.3926800224516127	14.488742929238539	0.7958194486519237	0.7917675544794189
18	0.3919453746394107	14.250415132595943	0.7964253256588912	0.7699757869249395
19	0.39117774963378904	13.80895706323477	0.8049076037564374	0.7796610169491526
20	0.3904459590003604	13.344829261302948	0.8167222053923053	0.7772397094430993
21	0.3901383009823886	13.135008775270903	0.8191457134201757	0.7627118644067796
22	0.3895832870317542	13.304421714865244	0.8149045743714026	0.7941888619854721
23	0.3892914950847626	12.34132040463961	0.8321720690699788	0.784503631961259
24	0.38898382186889646	11.855840307015638	0.8424719781884278	0.8062953995157385
25	0.38872703222128063	11.52309782229937	0.8467131172372009	0.7966101694915254
26	0.38880929240473994	11.513249337673187	0.8439866707058468	0.784503631961259
27	0.38896909781864714	10.846324922946783	0.8606482883974553	0.8111380145278451
28	0.3890811821510052	10.440988873633055	0.8667070584671311	0.8087167070217918
29	0.3889884869257609	9.935244417534424	0.8718570130263557	0.7917675544794189
30	0.38907957077026367	9.525417137031372	0.8854892456831264	0.8087167070217918
31	0.38917652517557144	9.332652482848902	0.8824598606482884	0.8184019370460048
32	0.38937708825776074	8.745562651982674	0.8876098152075129	0.8111380145278451
33	0.38957496250376983	8.532975365622686	0.8921538927597698	0.8062953995157385
34	0.38967347145080566	7.862651740129177	0.9015449863677674	0.7941888619854721
35	0.38972010877397323	7.398995851381467	0.9118448954862163	0.7893462469733656
36	0.38985695065678777	6.9701828094056015	0.9115419569827325	0.7966101694915254
37	0.3899667325772737	6.258939628560956	0.9227506816116329	0.7966101694915254
38	0.3900924951602251	5.679080193432478	0.9288094516813087	0.8038740920096852
39	0.3902028977870941	5.900132858982453	0.9236594971220842	0.7917675544794189
40	0.3903482251050996	5.217352105877721	0.9382005452893063	0.8111380145278451
41	0.3904610247839065	4.386348563318069	0.9439563768554984	0.8184019370460048
42	0.39059477074201715	4.0642342524459725	0.9545592244774311	0.8062953995157385
43	0.39066937836733734	3.8508191211149096	0.9530445319600122	0.8062953995157385
44	0.3908134566413032	3.7091583406122832	0.9584974250227204	0.8038740920096852
45	0.3909078888271166	3.220409455064398	0.9615268100575584	0.7966101694915254
46	0.39105901819594363	2.7516489705572336	0.9715237806725234	0.8038740920096852
47	0.39117210110028583	2.3940681593062787	0.9739472887003938	0.8062953995157385
48	0.39128020831516813	2.2328633175840458	0.9754619812178128	0.8038740920096852
49	0.39132771015167234	1.8662952630279155	0.980914874280521	0.8159806295399515
50	0.3912784165027095	1.9602239078533155	0.9797031202665859	0.7990314769975787
51	0.3912241688141456	1.5247977765706868	0.9827325053014239	0.7990314769975787
-1	-1	-1	-1	-1
0	0.47540736198425293	21.25467031277143	0.6058770069675856	0.612590799031477
1	0.43545544147491455	21.32591885099044	0.5961829748561042	0.5569007263922519
2	0.4415828386942546	20.37130383344797	0.6282944562253863	0.6707021791767555
3	0.43009084463119507	19.686299949884415	0.6576794910633141	0.711864406779661
4	0.422283935546875	19.18240463962922	0.6749469857618904	0.7021791767554479
5	0.41633594036102295	19.372281257922833	0.6758558012723417	0.6610169491525424
6	0.41242899213518414	18.0600225008451	0.7170554377461376	0.585956416464891
7	0.40932774543762207	18.52673939558176	0.7013026355649803	0.6852300242130751
8	0.4071856604682075	17.59421178469291	0.7228112693123296	0.6246973365617433
9	0.4057249307632446	18.491450000840885	0.6997879430475613	0.6803874092009685
10	0.4045205766504461	17.03854982669537	0.7349288094516813	0.738498789346247
11	0.40361183881759644	16.932298224705917	0.7358376249621327	0.7312348668280871
12	0.4023731305049016	16.574150012089657	0.7567403817025143	0.7288135593220338
13	0.4016686677932739	16.168107454593365	0.7591638897303847	0.7288135593220338
14	0.40110642115275064	16.240321058493393	0.7621932747652227	0.7409200968523002
15	0.40035103261470795	15.606638992061981	0.7703726143592851	0.7312348668280871
16	0.3998754164751838	15.325942226327383	0.7800666464707664	0.7288135593220338
17	0.3999272584915161	14.822964354203297	0.7830960315056044	0.7530266343825666
18	0.39934692884746353	14.417270201903124	0.8000605877006968	0.7506053268765133
19	0.3989075183868408	13.851542931336622	0.8006664647076643	0.7506053268765133
20	0.39880527768816265	13.857962015729685	0.8118751893365647	0.7409200968523002
21	0.398703856901689	13.787277398201136	0.8027870342320509	0.7481840193704601
22	0.3984401848005212	13.016812964127613	0.8209633444410784	0.774818401937046
23	0.39813487728436786	12.480107412888454	0.823083913965465	0.7602905569007264
24	0.397677640914917	12.525373380917769	0.8258103604968191	0.7336561743341404
25	0.3971936060832097	11.639339162753178	0.8421690396849439	0.7433414043583535
26	0.3973001550745081	11.300853654742241	0.849439563768555	0.7820823244552058
27	0.3972696491650173	10.744381918356968	0.8573159648591336	0.738498789346247
28	0.397155342430904	9.924170661431093	0.8694335049984853	0.7651331719128329
29	0.39693988958994547	9.579389790502878	0.880036352620418	0.7772397094430993
30	0.3968026407303349	8.73379823852044	0.8900333232353832	0.7578692493946732
31	0.39671294391155243	8.332816332578659	0.8933656467737049	0.8062953995157385
32	0.3966070016225179	7.7255087076471405	0.9024538018782188	0.7772397094430993
33	0.39656179792740764	7.395257277987325	0.9115419569827325	0.7820823244552058
34	0.3965917587280273	6.4854416233988905	0.9215389275976976	0.7772397094430993
35	0.39665718211068046	6.125709639145778	0.9272947591638897	0.7820823244552058
36	0.39668194667713064	5.163132397457957	0.9382005452893063	0.7554479418886199
37	0.3966960216823377	4.323448822475397	0.9497122084216904	0.7772397094430993
38	0.3966517448425293	3.931618775276897	0.9539533474704635	0.784503631961259
39	0.3965771019458771	3.5391002082480836	0.9581944865192366	0.7602905569007264
40	0.39661940132699364	2.6845360429456027	0.9691002726446531	0.7651331719128329
41	0.3966540154956636	2.997226432377759	0.9597091790366555	0.774818401937046
42	0.39661717969317767	2.0233346504660754	0.9772796122387155	0.7675544794188862
43	0.3966557275165211	2.0070545103114386	0.9797031202665859	0.7699757869249395
44	0.39663009113735626	1.6471028832020238	0.9827325053014239	0.7796610169491526
45	0.3966333555138629	1.4830635526719003	0.9860648288397456	0.7675544794188862
46	0.3966466061612393	0.9677973312612337	0.9903059678885187	0.784503631961259
47	0.396637424826622	0.9881260404363275	0.9909118448954862	0.7675544794188862
48	0.3965405979935004	0.7033180877243956	0.9942441684338079	0.7699757869249395
49	0.3965476083755493	0.5141176321687033	0.9954559224477431	0.7820823244552058
50	0.3965381313772762	0.5612110553280707	0.9951529839442593	0.7869249394673123
51	0.3965007250125592	0.46470146915481353	0.9963647379581945	0.7675544794188862
-1	-1	-1	-1	-1
0	0.47872161865234375	20.651316344738007	0.643549364021805	0.6440677966101694
1	0.4372410774230957	21.099608400693306	0.5996365838885523	0.5690072639225182
2	0.42395734786987305	19.52398197582135	0.6589945487583283	0.6779661016949152
3	0.4174234867095947	19.142339614721443	0.6807995154451847	0.648910411622276
4	0.41331634521484373	18.53253219448603	0.7013930950938825	0.7481840193704601
5	0.410018523534139	18.480358646466183	0.7010902483343429	0.7215496368038741
6	0.4079385144369943	17.843890050282845	0.7171411265899454	0.6416464891041163
7	0.40630054473876953	18.194952675929436	0.7141126589945488	0.6610169491525424
8	0.4054592980278863	18.02629453402299	0.7189582071471835	0.7457627118644068
9	0.403955864906311	17.420929143062004	0.7301635372501514	0.7675544794188862
10	0.40280086343938654	17.313448476103638	0.7359176256814052	0.7336561743341404
11	0.4023781617482503	16.483966866364845	0.7471229557843732	0.7457627118644068
12	0.4019491489116962	16.25812912904299	0.7631738340399757	0.7288135593220338
13	0.4009744780404227	16.034434139728546	0.7634766807995155	0.7409200968523002
14	0.4003321965535482	15.707794809570679	0.7692307692307693	0.7772397094430993
15	0.39937345683574677	14.986914572807459	0.7825560266505148	0.7506053268765133
16	0.3986533810110653	14.783032953739166	0.7819503331314355	0.7578692493946732
17	0.39818618032667374	14.552932796569971	0.7934585099939431	0.7651331719128329
18	0.3978838293175948	14.003285898612095	0.7980012113870382	0.7288135593220338
19	0.39796870946884155	13.826185219562971	0.8052695336159903	0.738498789346247
20	0.3976585410890125	13.365446835756302	0.8146577831617202	0.8184019370460048
21	0.3974154754118486	12.950183937182793	0.821320411871593	0.8135593220338984
22	0.3974159800488016	12.58280461682723	0.8301029678982434	0.8159806295399515
23	0.39737169941266376	12.134824633598328	0.8382798304058147	0.7772397094430993
24	0.39742101669311525	11.195143883904585	0.8476680799515445	0.8184019370460048
25	0.3974232398546659	11.134003403095099	0.8519079345851	0.7990314769975787
26	0.3972469612404152	10.84852292904487	0.8591762568140521	0.801452784503632
27	0.39704438618251253	10.32615859233416	0.8625075711689885	0.8208232445520581
28	0.396879113953689	9.4537173303274	0.8743185947910357	0.7772397094430993
29	0.39667091369628904	8.82508767912021	0.8906723198061781	0.8087167070217918
30	0.3964873436958559	8.560904349272068	0.8940036341611145	0.8135593220338984
31	0.3963727205991745	8.026794192309563	0.8964264082374318	0.8184019370460048
32	0.3962557749314742	7.5497222657387075	0.905511811023622	0.8062953995157385
33	0.39611723142511707	6.965639790663352	0.9145972138098122	0.8208232445520581
34	0.3961500372205462	6.169580850463647	0.9182313749242883	0.8305084745762712
35	0.39612873395284015	5.947221215671072	0.9227740763173834	0.8087167070217918
36	0.3961399761406151	5.606176534524331	0.9309509388249546	0.8232445520581114
37	0.39616378984953227	4.841575051156374	0.9391278013325257	0.847457627118644
38	0.39601560739370495	4.279600273817778	0.9497274379164143	0.8062953995157385
39	0.3958133578300476	4.010090483495822	0.9503331314354937	0.8232445520581114
40	0.3957160042553413	3.044997670329534	0.9663840096910963	0.8159806295399515
41	0.39578827789851595	2.5209851442621303	0.9712295578437311	0.7966101694915254
42	0.39589185492936957	3.0803572745420613	0.9672925499697154	0.8232445520581114
43	0.39603859186172485	2.019555935063041	0.9775893397940641	0.8135593220338984
44	0.39605391290452746	2.5787630745639594	0.9736523319200484	0.7917675544794189
45	0.39604460156482196	1.695228030083364	0.9806178073894609	0.8305084745762712
46	0.3959766753176425	1.2830736252586716	0.9890975166565718	0.8111380145278451
47	0.3959296941757202	1.001592196022662	0.9918231374924288	0.8232445520581114
48	0.39582755614300164	0.9193862187676132	0.9924288310115081	0.8305084745762712
49	0.3957531976699829	0.666274088067719	0.9939430648092066	0.8111380145278451
50	0.39566829625297995	0.7699672613234725	0.9942459115687462	0.8159806295399515
51	0.395569200699146	0.559870484345503	0.9945487583282859	0.8184019370460048
52	0.39542963819683724	0.659040890660925	0.9942459115687462	0.8159806295399515
53	0.395315029003002	0.6248000233228175	0.9951544518473653	0.8135593220338984
54	0.39523820877075194	0.45809860746018016	0.9960629921259843	0.8111380145278451
55	0.3952034967286246	0.5720861926171122	0.9954572986069049	0.8038740920096852
56	0.3951530749337715	0.37824288446706933	0.997274379164143	0.8184019370460048
57	0.39513175651944915	0.4155439436211824	0.9957601453664445	0.8232445520581114
-1	-1	-1	-1	-1
0	0.4712941646575928	21.18689218392739	0.6073266727217681	0.6796116504854369
1	0.430070161819458	20.37433961033821	0.6385104450499546	0.6577669902912622
2	0.4157992998758952	19.330212054344322	0.6715107478050257	0.662621359223301
3	0.40984970331192017	19.202568737360146	0.6760520738722373	0.6990291262135923
4	0.4061920166015625	18.46124425301185	0.6966394187102634	0.7184466019417476
5	0.40404240290323895	18.403848962141918	0.6996669694217378	0.7257281553398058
6	0.40310498646327425	18.389786011897602	0.7048138056312443	0.7354368932038835
7	0.4019680917263031	17.648064388678623	0.724492885255828	0.662621359223301
8	0.40086693233913845	17.60770296591979	0.719648804117469	0.7402912621359223
9	0.39995858669281004	17.226204872131348	0.7293369663941871	0.6868932038834952
10	0.3996899994936856	17.059089743174038	0.7338782924613987	0.6966019417475728
11	0.3994760910669963	16.849269243387077	0.7323645171056615	0.7742718446601942
12	0.39933213820824254	16.641289660563835	0.7414471692400848	0.7694174757281553
13	0.3991124289376395	15.893640843721537	0.7568876778686043	0.7888349514563107
14	0.3987500349680583	16.02011619622891	0.7720254314259763	0.7645631067961165
15	0.39779986441135406	15.741626975628046	0.7568876778686043	0.7888349514563107
16	0.3972518864799948	15.21450187609746	0.7756584922797457	0.7766990291262136
17	0.3970024585723877	15.05308941235909	0.7783832879200726	0.7864077669902912
18	0.39660948201229695	14.537169633003382	0.7877686951256434	0.7766990291262136
19	0.39635303020477297	14.725338461307379	0.7917045110505601	0.8033980582524272
20	0.3960393610454741	13.707528054714203	0.8116863457462913	0.8033980582524272
21	0.39560405774550006	13.530236122699884	0.8147138964577657	0.7961165048543689
22	0.39629059252531634	12.953990459442139	0.8253103239479261	0.7936893203883495
23	0.39624764521916706	12.724364713980602	0.8307599152285801	0.7912621359223301
24	0.39628861427307127	12.193033401782696	0.8383287920072662	0.7694174757281553
25	0.3963232132104727	12.094939545943188	0.8365122615803815	0.7936893203883495
26	0.39634782296639903	11.486563469354923	0.8471086890705419	0.808252427184466
27	0.3962995069367545	11.068784427184324	0.8549803209203755	0.7936893203883495
28	0.3962687048418769	10.591517133208422	0.8586133817741447	0.7888349514563107
29	0.3963366746902466	10.380268018979292	0.8695125643354527	0.8228155339805825
30	0.3963844391607469	9.766795876507576	0.8792007266121707	0.8106796116504854
31	0.39629968255758286	9.405092489260893	0.8822282773236452	0.8276699029126213
32	0.39640360167532257	8.775702215158022	0.8943384801695429	0.8106796116504854
33	0.39640160167918487	8.510924614392794	0.8982742960944596	0.7936893203883495
34	0.39645229748317173	7.689343029203323	0.9082652134423251	0.8033980582524272
35	0.3964033325513204	6.973723141046671	0.9191643960036331	0.808252427184466
36	0.39630849296982223	6.468742362581766	0.9300635785649409	0.8131067961165048
37	0.3963231224762766	6.195258620839852	0.9243112322131396	0.8009708737864077
38	0.3963317687694843	5.395418560848786	0.9361186799878898	0.8179611650485437
39	0.3963040769100189	4.832150764763355	0.940357250983954	0.8155339805825242
40	0.39630927690645545	4.55280360694115	0.945806842264608	0.8179611650485437
41	0.3960719789777483	3.679409375270972	0.9548894943990311	0.7936893203883495
42	0.39584077790726063	3.4317631740123034	0.9576142900393582	0.8058252427184466
43	0.39584740183570166	2.9991590613499284	0.9666969421737814	0.8228155339805825
44	0.39594051043192546	2.506753958851242	0.9727520435967303	0.8155339805825242
45	0.3961071553437606	1.838455204350444	0.9797154102331214	0.8058252427184466
46	0.3962450991285608	1.3377016635181813	0.9878897971541023	0.8228155339805825
47	0.396346315741539	1.14493786285703	0.9884953072963972	0.7985436893203883
48	0.3963742596762521	1.1533190839332887	0.9912201029367242	0.8155339805825242
49	0.3963839769363403	0.6585643812655829	0.9936421435059037	0.8106796116504854
50	0.39648715187521544	0.7127743883756921	0.9918256130790191	0.8033980582524272
51	0.3964398136505714	0.6116987335531471	0.9951559188616409	0.8228155339805825
-1	-1	-1	-1	-1
0	0.48395609855651855	21.702706951361435	0.6033908567968513	0.7063106796116505
1	0.44216394424438477	21.677436338021206	0.5607023917650621	0.6116504854368932
2	0.42816948890686035	20.186342652027424	0.6342718740538904	0.691747572815534
3	0.4207382798194885	20.165496587753296	0.6406297305479867	0.5533980582524272
4	0.41518468856811525	19.81530230320417	0.6590977898879806	0.6771844660194175
5	0.41244884332021076	19.17545148042532	0.6745382985165002	0.6019417475728155
6	0.41059718813214985	18.91336260850613	0.6854374810778081	0.7111650485436893
7	0.4096248149871826	18.499466139536636	0.698455949137148	0.6893203883495146
8	0.4088231457604302	17.737141953064846	0.7226763548289434	0.6577669902912622
9	0.4081060171127319	17.911379399207924	0.7102633969118983	0.6553398058252428
10	0.407421892339533	17.443203100791344	0.7275204359673024	0.7330097087378641
11	0.40643082062403363	17.59214586019516	0.7247956403269755	0.6456310679611651
12	0.4055369817293607	17.21261026767584	0.7399333938843475	0.7378640776699029
13	0.40521086965288433	16.713489988675484	0.7414471692400848	0.7475728155339806
14	0.40489465395609536	16.36764273276696	0.7514380865879503	0.7330097087378641
15	0.4045541435480118	16.15302436856123	0.7544656372994247	0.7402912621359223
16	0.4037168586955351	15.805852610331316	0.7614290039358159	0.7669902912621359
17	0.4026019175847371	15.262987430279072	0.7708144111413866	0.75
18	0.4014158499868293	15.276527870159883	0.7705116560702392	0.75
19	0.4004523277282715	15.138489154668955	0.7789887980623675	0.7815533980582524
20	0.39963120505923316	14.466022120072292	0.7889797154102332	0.7888349514563107
21	0.39925064823844214	14.282586120642149	0.7904934907659703	0.7645631067961165
22	0.39900190933890967	13.833400639203878	0.802603693611868	0.7912621359223301
23	0.39823763569196063	13.431351125240326	0.8032092037541629	0.7815533980582524
24	0.39792637825012206	13.28283661718552	0.8132001211020284	0.7888349514563107
25	0.39770052983210635	12.565971913246008	0.8292461398728429	0.7815533980582524
26	0.39704370498657227	12.007738484786106	0.8395398122918559	0.7839805825242718
27	0.3966548613139561	12.145691903737875	0.8343929760823494	0.7742718446601942
28	0.39654933995214003	11.68165687758189	0.8425673630033303	0.8179611650485437
29	0.39652963479359943	10.687132253096653	0.8564940962761126	0.8009708737864077
30	0.3961902280007639	10.477427235016457	0.8558885861338178	0.8155339805825242
31	0.39663710445165634	9.744432857403389	0.8707235846200424	0.7815533980582524
32	0.3964089046825062	9.427783499543484	0.8782924613987284	0.8131067961165048
33	0.3958453571095186	8.968305422709538	0.8822282773236452	0.7985436893203883
34	0.39551422255379814	8.04601700260089	0.9016046018770815	0.8300970873786407
35	0.3951638340950012	7.994546962472109	0.8979715410233121	0.8155339805825242
36	0.39476028004208125	7.097633356371751	0.9103844989403572	0.8106796116504854
37	0.39460140152981404	6.2164687147507305	0.9176506206478958	0.8106796116504854
38	0.39431098179939467	6.008634818287996	0.9240084771419921	0.7961165048543689
39	0.39403344988822936	5.465518123828447	0.9352104147744474	0.8179611650485437
40	0.3937953158122737	5.117478198730028	0.935513169845595	0.8058252427184466
41	0.39343323026384625	4.047519539411251	0.9485316379049349	0.8203883495145631
42	0.39304688919422237	4.0981659682897424	0.9545867393278837	0.8155339805825242
43	0.392796435139396	2.4917191499127793	0.9727520435967303	0.8058252427184466
44	0.39260092311435274	2.3546923791559844	0.9748713290947624	0.8009708737864077
45	0.392383943433347	2.8941424610809636	0.9694217378141083	0.8058252427184466
46	0.3921205743830255	2.249274214837127	0.9742658189524674	0.7985436893203883
47	0.3917713612318039	1.218708694052811	0.9900090826521344	0.8033980582524272
48	0.391457985858528	0.8079764634872285	0.9939448985770512	0.8131067961165048
49	0.3912626552581787	1.1549376796465367	0.9900090826521344	0.8058252427184466
50	0.3910435321284275	1.4804046124649735	0.9848622464426279	0.7912621359223301
51	0.39081043004989624	0.9640313694611765	0.9921283681501665	0.7864077669902912
52	0.3905674061685238	0.5082604236757526	0.997275204359673	0.8106796116504854
53	0.3903292814890544	0.3493989821783124	0.9987889797154103	0.8033980582524272
54	0.3901603091846813	0.24404028806692132	0.9987889797154103	0.8058252427184466
-1	-1	-1	-1	-1
0	0.5254237651824951	20.916753872082783	0.6256814052089643	0.6601941747572816
1	0.45133447647094727	21.134353206707882	0.5896426408237432	0.7257281553398058
2	0.4277065594991048	19.72452085981002	0.6450635978195033	0.5485436893203883
3	0.4161573648452759	19.205669985367702	0.6774682010902483	0.7087378640776699
4	0.4088078498840332	18.446039855480194	0.7019987886129618	0.7160194174757282
5	0.4042954047520955	18.614988824495903	0.6889763779527559	0.7160194174757282
6	0.40195703506469727	18.834619499169865	0.6898849182313749	0.75
7	0.3998259902000427	18.101777261266342	0.7044215626892792	0.7524271844660194
8	0.39815489451090497	17.430162388544815	0.7395517867958813	0.7524271844660194
9	0.39687583446502683	17.88971056158726	0.7189582071471835	0.7427184466019418
10	0.3953522118655118	17.633064503853138	0.7356147789218656	0.7548543689320388
11	0.39440470933914185	16.86967648909642	0.7474258025439128	0.7354368932038835
12	0.3938303177173321	16.23557371359605	0.758328285887341	0.7912621359223301
13	0.3930011476789202	16.175958232237743	0.7543912780133253	0.779126213592233
14	0.39241596857706706	15.82658160649813	0.7722592368261659	0.7766990291262136
15	0.39143580198287964	15.49880093565354	0.7737734706238644	0.7597087378640777
16	0.39046789618099437	15.179056488550627	0.7846759539672925	0.7597087378640777
17	0.39019571410285103	15.119335344204536	0.7804360993337371	0.7572815533980582
18	0.38978816333569977	14.621910296953642	0.7986069049061175	0.7694174757281553
19	0.38955111503601075	14.338032733935576	0.7973955178679588	0.7645631067961165
20	0.3891868477775937	14.380839815506569	0.7992125984251969	0.7621359223300971
21	0.388761812990362	13.820544664676373	0.8061780738946094	0.7742718446601942
22	0.38867127377053967	13.826783362489481	0.807389460932768	0.7597087378640777
23	0.38832910855611164	13.267541259527206	0.8195033313143549	0.7888349514563107
24	0.3881364345550537	12.712836063825167	0.8313143549364022	0.7888349514563107
25	0.387832549902109	12.748481741318336	0.8325257419745609	0.7742718446601942
26	0.3875378767649333	12.4782928193991	0.8276801938219261	0.7888349514563107
27	0.38718961817877634	11.91833408520772	0.8431253785584494	0.7839805825242718
28	0.3868977201396021	11.308457755125486	0.8528164748637189	0.8009708737864077
29	0.3867861111958822	11.372287241312174	0.8549364021804967	0.7985436893203883
30	0.38668697111068234	10.831985580233427	0.8585705632949727	0.7621359223300971
31	0.3866536170244217	10.511685935350565	0.8628104179285282	0.7912621359223301
32	0.38657328576752636	10.209074731056507	0.8673531193216233	0.7936893203883495
33	0.3867303553749533	9.601861651127155	0.8788612961841308	0.7985436893203883
34	0.3865674018859863	9.090458046931486	0.88885523924894	0.8009708737864077
35	0.3865826527277629	8.914413093374325	0.8924894003634161	0.7718446601941747
36	0.386431056099969	8.597058197626701	0.8882495457298607	0.8106796116504854
37	0.386321274857772	7.816297285831892	0.8979406420351302	0.7912621359223301
38	0.3861992114629501	7.3476457595825195	0.9076317383403998	0.8009708737864077
39	0.38597995042800903	6.820092347952036	0.9182313749242883	0.7936893203883495
40	0.38603062746001454	6.183964599783604	0.9200484554815264	0.8106796116504854
41	0.3860345284144084	5.914586600919183	0.9258025439127802	0.8033980582524272
42	0.38607081701589185	5.194502596152374	0.9348879466989704	0.8131067961165048
43	0.38601355119185016	4.662421450018883	0.9424591156874621	0.7912621359223301
44	0.38592620955573187	4.101492543060046	0.9473046638400969	0.8106796116504854
45	0.38580988801043964	3.6283059395992985	0.9539672925499697	0.8033980582524272
46	0.3857920829285967	3.1686448105252705	0.9651726226529376	0.8131067961165048
47	0.3856171617905299	2.8525377175269218	0.9636583888552392	0.8131067961165048
48	0.38558221836479345	2.5615369527994725	0.9682010902483343	0.8131067961165048
49	0.38548102378845217	2.7223905198849163	0.9682010902483343	0.8131067961165048
50	0.38535963320264627	1.9194784801310072	0.98152634766808	0.8228155339805825
51	0.38522894107378447	1.4864004290877626	0.9866747425802543	0.8131067961165048
52	0.3853000020081142	1.2675537440495996	0.9860690490611751	0.8228155339805825
53	0.38529417249891496	1.3435777438303025	0.9875832828588734	0.8058252427184466
54	0.38529033660888673	1.3112743465329773	0.9875832828588734	0.8276699029126213
55	0.3852097434656961	0.9784831827184042	0.9912174439733494	0.8009708737864077
56	0.38508774104871246	0.8100591118340023	0.9927316777710479	0.8203883495145631
57	0.3850186117764177	0.9119698243717161	0.9936402180496668	0.808252427184466
58	0.38492152246378236	0.6264771370809356	0.9954572986069049	0.8058252427184466
59	0.3848265369733175	0.5653879216854245	0.9963658388855239	0.8155339805825242
60	0.3847260123393575	0.5131196733351456	0.9957601453664445	0.8155339805825242
61	0.3846138754198628	0.5276328669592308	0.9960629921259843	0.8131067961165048
62	0.3846043102324955	0.3863342760462099	0.9975772259236826	0.8033980582524272
63	0.38459549471735954	0.38408309676182956	0.9969715324046032	0.8058252427184466
64	0.38455203496492824	0.3567948083912667	0.9963658388855239	0.808252427184466
65	0.3845292329788208	0.38631253166330193	0.9966686856450636	0.808252427184466
66	0.38444156077370717	0.27515428262463854	0.9978800726832223	0.8131067961165048
67	0.384502112865448	0.3271571157159857	0.9978800726832223	0.8106796116504854
68	0.38452886498492694	0.32438929398911287	0.9975772259236826	0.8058252427184466
69	0.3845177956989833	0.27648825697822477	0.9975772259236826	0.8155339805825242
70	0.3844667219779861	0.24641033111653926	0.9984857662023017	0.808252427184466
71	0.3843730323844486	0.21810222305178356	0.9987886129618413	0.808252427184466
72	0.38431493550130763	0.20344645886395413	0.9984857662023017	0.8106796116504854
73	0.38426490732141444	0.232183966168892	0.9981829194427619	0.8106796116504854
74	0.3841922156016032	0.23367827612558428	0.9978800726832223	0.808252427184466
-1	-1	-1	-1	-1
0	0.4642648696899414	21.44818142056465	0.6137534080581641	0.5544794188861986
1	0.4217257499694824	20.3538798896166	0.6425325658891246	0.648910411622276
2	0.40704981486002606	19.35243905049104	0.6688882156922145	0.5786924939467313
3	0.40122735500335693	18.883481445220802	0.68130869433505	0.6513317191283293
4	0.40041213035583495	19.646549990543953	0.6588912450772493	0.7021791767554479
5	0.4007818301518758	18.24746923377881	0.7122084216903969	0.7021791767554479
6	0.39996494565691265	18.046781808137894	0.7097849136625265	0.6949152542372882
7	0.39841532707214355	17.660811580144443	0.7270524083611027	0.6876513317191283
8	0.39713724454243976	17.676378467908272	0.7297788548924569	0.6416464891041163
9	0.39665708541870115	17.60799421484654	0.7246289003332324	0.6900726392251816
10	0.39618596163662995	16.994798061939385	0.7443199030596789	0.7215496368038741
11	0.39588483174641925	16.786111341072964	0.7537109966676765	0.711864406779661
12	0.3959040091587947	16.269303113222122	0.7658285368070282	0.7360774818401937
13	0.3959153550011771	15.911848141596867	0.7670402908209634	0.6949152542372882
14	0.39594767888387045	15.777261759226139	0.7688579218418661	0.7360774818401937
15	0.395785316824913	15.358700903562399	0.7767343229324447	0.7578692493946732
16	0.39566613646114573	14.981137197751265	0.7815813389881854	0.7409200968523002
17	0.3954773611492581	14.740990483990082	0.7837019085125719	0.7481840193704601
18	0.39548078336213766	14.2064898953988	0.8033929112390185	0.7578692493946732
19	0.3954593539237976	14.181354083693945	0.8027870342320509	0.7796610169491526
20	0.3954294182005383	13.728213058068203	0.8073311117843078	0.7312348668280871
21	0.3949909643693404	13.436917549142471	0.8127840048470161	0.7409200968523002
22	0.39559554017108417	13.12821757277617	0.8218721599515298	0.7675544794188862
23	0.39513249198595685	12.766476777883677	0.8206604059375947	0.738498789346247
24	0.39489676475524904	12.241489169689325	0.8394425931535898	0.7699757869249395
25	0.3946051322496854	11.867807583167004	0.8442896092093305	0.7360774818401937
26	0.3943230046166314	11.739064289973332	0.8412602241744925	0.7796610169491526
27	0.3941605346543448	11.18606587098195	0.8515601332929416	0.7796610169491526
28	0.39393077225520695	10.411435362811272	0.867009996970615	0.7772397094430993
29	0.3937953551610311	10.025910209004696	0.8745834595577098	0.7772397094430993
30	0.39360244043411746	9.67714041012984	0.8730687670402908	0.7869249394673123
31	0.3934541717171669	8.933864544217403	0.8927597697667373	0.7772397094430993
32	0.39339396447846386	8.083273753523827	0.9003332323538322	0.774818401937046
33	0.3931762891657212	7.927495390176773	0.9030596788851863	0.8038740920096852
34	0.3929626192365374	7.107681111074411	0.9118448954862163	0.784503631961259
35	0.3929152290026347	6.479177498473571	0.9212359890942139	0.7893462469733656
36	0.3928294632885907	6.018934354186058	0.9275976976673735	0.7772397094430993
37	0.39279814770347193	5.347775332844601	0.9324447137231142	0.774818401937046
38	0.39279615573393994	4.586466174859267	0.9475916388973038	0.7869249394673123
39	0.3927585959434509	4.637712076019782	0.9466828233868525	0.784503631961259
40	0.39269727032359053	3.8003194644474068	0.9536504089669797	0.784503631961259
41	0.3926095905758086	3.4295195126906037	0.9588003635262042	0.7917675544794189
42	0.3925488605055698	2.8856357611142673	0.9651620720993638	0.7796610169491526
43	0.39253370328383014	1.9457093087050732	0.9769766737352318	0.7941888619854721
44	0.3925823052724203	1.8135231765202031	0.9806119357770373	0.801452784503632
45	0.3926199830096701	1.865134329176866	0.9815207512874886	0.7893462469733656
46	0.39249775764789985	1.6218230520160153	0.9842471978188427	0.7990314769975787
47	0.3924059371153514	1.3480025949135706	0.9872765828536807	0.7893462469733656
48	0.39237622825466856	1.0937021910750235	0.9878824598606483	0.7796610169491526
49	0.3923295021057129	1.1808318484556646	0.9909118448954862	0.7966101694915254
50	0.3923060566771264	0.9330838369921997	0.9930324144198728	0.7941888619854721
51	0.3922964517886822	0.6612550443521916	0.9936382914268403	0.8087167070217918
52	0.3922333132545903	0.5052966023078904	0.9960617994547107	0.7820823244552058
53	0.39216340912712944	0.6221757076586633	0.9957588609512269	0.7966101694915254
54	0.3920931686054577	0.5505600396293	0.9963647379581945	0.801452784503632
55	0.3920662615980421	0.4496489814034878	0.9960617994547107	0.7941888619854721
56	0.39210878757008333	0.4681104042616565	0.9966676764616783	0.7990314769975787
57	0.39208340644836426	0.40036363177394096	0.9960617994547107	0.8087167070217918
58	0.3920725725464902	0.3189649416980011	0.9963647379581945	0.801452784503632
59	0.39199716647466026	0.28235768428735003	0.9978794304756134	0.8038740920096852
60	0.3919355752038174	0.26096057252456933	0.9975764919721296	0.8038740920096852
61	0.39191726330787907	0.28690176563787434	0.9975764919721296	0.7990314769975787
62	0.3919067344968281	0.28656182049934825	0.9966676764616783	0.8111380145278451
63	0.3919123448431492	0.29125093348781006	0.9978794304756134	0.7966101694915254
64	0.39189453491797815	0.27907220486360107	0.9972735534686459	0.8038740920096852
65	0.3918852119734793	0.19355858606146426	0.9981823689790973	0.7990314769975787
66	0.39180065980598106	0.26774046981546024	0.996970614965162	0.7990314769975787
67	0.3917201652246363	0.26257293033100165	0.9975764919721296	0.7966101694915254
68	0.39169658785280975	0.19462399677230188	0.9978794304756134	0.8087167070217918
69	0.39168905871255055	0.23162601323341592	0.9978794304756134	0.7966101694915254
70	0.39166380318117816	0.19651704736371847	0.996970614965162	0.7966101694915254
71	0.3916441765096452	0.17958757565793348	0.9975764919721296	0.7990314769975787
72	0.3915841808057811	0.18107129722976914	0.9975764919721296	0.7990314769975787
73	0.391522681390917	0.1768663681765387	0.9981823689790973	0.8038740920096852
74	0.3914956792195638	0.16217084059434667	0.9975764919721296	0.8038740920096852
75	0.3915023615485744	0.16684278787579387	0.9975764919721296	0.801452784503632
76	0.3914974200261104	0.184026210203928	0.9972735534686459	0.7990314769975787
77	0.39144766330718994	0.13540406419571566	0.9975764919721296	0.7990314769975787
78	0.3913782850096497	0.12451670838904559	0.998485307482581	0.8062953995157385
79	0.39129177331924436	0.19362151074053074	0.9972735534686459	0.8038740920096852
80	0.39129869437512055	0.1592405962594337	0.996970614965162	0.8062953995157385
81	0.39127830179726203	0.1287795921668406	0.998485307482581	0.8062953995157385
82	0.39115818724574813	0.15307511929355455	0.9972735534686459	0.8087167070217918
-1	-1	-1	-1	-1
0	0.5182681083679199	20.493487367263207	0.6482883974553165	0.6343825665859564
1	0.4472310543060303	21.199187342937176	0.5983035443804907	0.5811138014527845
2	0.4263867537180583	20.278633564710617	0.6322326567706755	0.6029055690072639
3	0.41730964183807373	19.311133987628498	0.6676764616782793	0.5907990314769975
4	0.41186251640319826	19.84546540792172	0.6570736140563466	0.6900726392251816
5	0.40787971019744873	18.50156870025855	0.69009391093608	0.6198547215496368
6	0.4052132878984724	18.751399324490475	0.6906997879430475	0.7021791767554479
7	0.4031394422054291	17.799608622605984	0.7109966676764616	0.6440677966101694
8	0.40130194028218585	17.673061253932808	0.7273553468645865	0.7021791767554479
9	0.40005974769592284	17.533288600353096	0.7243259618297485	0.6828087167070218
10	0.3991529724814675	17.486114783928944	0.7349288094516813	0.7481840193704601
11	0.39791202545166016	17.024561569094658	0.7385640714934868	0.7481840193704601
12	0.3976052724398099	16.825850097032692	0.7434110875492275	0.7167070217917676
13	0.39593078408922466	16.405577355852493	0.748561042108452	0.7481840193704601
14	0.39450736045837403	16.532990269936047	0.7443199030596789	0.7360774818401937
15	0.39398716390132904	16.179973253836998	0.7591638897303847	0.7312348668280871
16	0.3934362074908088	15.604170182576546	0.7706755528627689	0.7433414043583535
17	0.3932525846693251	15.508041191559572	0.7621932747652227	0.7506053268765133
18	0.39288528341996043	15.048920574096533	0.7727961223871554	0.7506053268765133
19	0.3925190806388855	14.71425961301877	0.7815813389881854	0.7723970944309927
20	0.39212316558474586	14.184151965838213	0.7912753710996667	0.774818401937046
21	0.3918495611710982	13.937233145420368	0.7976370796728264	0.7578692493946732
22	0.391681256501571	13.525250437167974	0.810057558315662	0.7699757869249395
23	0.39165644844373065	13.427886504393358	0.7991517721902454	0.7602905569007264
24	0.3914817237854004	12.91552397264884	0.8161163283853378	0.7506053268765133
25	0.3912157462193416	12.619583904743195	0.8191457134201757	0.7941888619854721
26	0.3910166422526042	11.963667961267324	0.8403514086640412	0.7651331719128329
27	0.3908905642373221	11.406802414128414	0.8448954862162981	0.7602905569007264
28	0.3907977383712242	11.172966927863085	0.849439563768555	0.7506053268765133
29	0.3907366434733073	10.081749328053915	0.8688276279915177	0.7820823244552058
30	0.3906518490083756	9.607554809405254	0.8715540745228718	0.7941888619854721
31	0.3905259221792221	8.595421380721605	0.8915480157528022	0.7966101694915254
32	0.39036679990363843	7.989569066808774	0.9003332323538322	0.7966101694915254
33	0.3902706679175882	7.573474343006428	0.9012420478642835	0.8111380145278451
34	0.39016395296369283	6.879978229220097	0.915177219024538	0.7796610169491526
35	0.3901676469379001	6.127679989888118	0.9218418661011815	0.7869249394673123
36	0.39013948956051386	5.574037719231385	0.932747652226598	0.8062953995157385
37	0.39002363305342824	4.94685678757154	0.940018176310209	0.7893462469733656
38	0.3899199962615967	4.9188724504067345	0.9363829142684035	0.8038740920096852
39	0.38978121876716615	4.589392272898784	0.9436534383520145	0.7966101694915254
40	0.3897579646692043	3.4656746585208635	0.9609209330505907	0.7966101694915254
41	0.3897307713826497	2.6588321947134457	0.9700090881551046	0.7723970944309927
42	0.38969614339429276	2.7030825834148207	0.9684943956376856	0.7917675544794189
43	0.3896135145967657	2.3856473688703352	0.9739472887003938	0.784503631961259
44	0.3899160279168023	2.089320345757117	0.9772796122387155	0.7869249394673123
45	0.3898413803266442	2.009718340391723	0.9794001817631021	0.7917675544794189
46	0.38974478904237136	2.1410270638477344	0.9778854892456831	0.7990314769975787
47	0.38983095188935596	1.2781228185720885	0.9893971523780672	0.7772397094430993
48	0.38980382802535074	1.0753911488237253	0.9900030293850348	0.7941888619854721
49	0.3895196676254272	0.8460083313895246	0.9918206604059376	0.7772397094430993
50	0.38927583133473115	0.7283911548360126	0.9936382914268403	0.7869249394673123
51	0.38921905022401077	0.8492816787732479	0.9918206604059376	0.7893462469733656
52	0.38923356218158073	0.7857016109830091	0.9930324144198728	0.7941888619854721
53	0.3892732593748305	0.7267938243726698	0.9936382914268403	0.7966101694915254
-1	-1	-1	-1	-1
0	0.47115445137023926	22.793869140056465	0.5446834292638595	0.6537530266343826
1	0.43161165714263916	21.959729701280594	0.5577097849136625	0.5738498789346247
2	0.41721359888712567	20.740703413119682	0.6137534080581641	0.6852300242130751
3	0.4089391827583313	20.059220435527656	0.6343532262950621	0.6900726392251816
4	0.404571008682251	19.335249112202572	0.67252347773402	0.6852300242130751
5	0.4018273750940959	18.896320480566757	0.6807028173280824	0.711864406779661
6	0.39999314716884066	18.98125661794956	0.6919115419569827	0.7263922518159807
7	0.39808547496795654	18.372215821192814	0.6985761890336262	0.7288135593220338
8	0.39677590794033474	19.171982226463463	0.6773704937897607	0.7506053268765133
9	0.39561402797698975	18.070692534630115	0.7034232050893668	0.648910411622276
10	0.3949106606570157	17.955798318752876	0.7082702211451075	0.7627118644067796
11	0.3943069577217102	17.489072781342728	0.7243259618297485	0.7288135593220338
12	0.3940028410691481	17.18022578037702	0.7246289003332324	0.6537530266343826
13	0.3936485392706735	17.85579123863807	0.7034232050893668	0.7457627118644068
14	0.39309598604838053	16.964930094205418	0.7388670099969706	0.7554479418886199
15	0.3926415741443634	16.51040569177041	0.7406846410178733	0.7457627118644068
16	0.3922451383927289	15.873711244991192	0.757346258709482	0.7602905569007264
17	0.3919472032123142	15.923295123072771	0.7667373523174795	0.7651331719128329
18	0.3919509586535002	15.54520571231842	0.7700696758558013	0.7457627118644068
19	0.3918322563171387	15.341254718028582	0.7721902453801878	0.7893462469733656
20	0.3914851574670701	14.887858986854553	0.789457740078764	0.7917675544794189
21	0.39114867557178845	14.417464352571047	0.7936988791275371	0.774818401937046
22	0.3908649009207021	14.197372601582455	0.7930930021205695	0.8038740920096852
23	0.3907045026620229	13.825155459917509	0.8088458043017267	0.7990314769975787
24	0.3906214237213135	13.622579925335371	0.8097546198121781	0.7893462469733656
25	0.39046790966620815	13.158516643139032	0.8164192668888216	0.7990314769975787
26	0.3902755490055791	12.69827448634001	0.8191457134201757	0.8087167070217918
27	0.39006994451795307	12.338494028036411	0.8324750075734626	0.8038740920096852
28	0.3898415483277419	12.12917048082902	0.8324750075734626	0.784503631961259
29	0.3897717555363973	11.764550977028334	0.8367161466222357	0.7990314769975787
30	0.3897176481062366	11.194664056484516	0.8455013632232656	0.8159806295399515
31	0.38970399647951126	10.669038586891615	0.8615571039079067	0.8208232445520581
32	0.3895753730427135	10.153543601815517	0.8676158739775826	0.8280871670702179
33	0.3894236789030187	9.435585098197826	0.8770069675855802	0.8256658595641646
34	0.38932297570364816	9.00237550557806	0.8770069675855802	0.8184019370460048
35	0.3892057008213467	8.375149415089535	0.8933656467737049	0.8232445520581114
36	0.38918884380443675	7.659863297755901	0.9024538018782188	0.8135593220338984
37	0.3891102012835051	7.197448308651264	0.9076037564374432	0.8232445520581114
38	0.3890724304394844	6.370014913380146	0.9154801575280218	0.837772397094431
39	0.38905736804008484	5.75020007789135	0.9297182671917601	0.8184019370460048
40	0.38908664773150187	5.973380941037949	0.926991820660406	0.8450363196125908
41	0.3892689602715628	4.919338204360638	0.9372917297788549	0.8280871670702179
42	0.3893809096757756	4.252435076695222	0.9491063314147228	0.8256658595641646
43	0.38942696289582684	4.131565830455377	0.948803392911239	0.8232445520581114
44	0.38943273226420083	3.460194995196966	0.9588003635262042	0.8305084745762712
45	0.3892892547275709	3.3535609422967982	0.9581944865192366	0.8329297820823245
46	0.3893302197151996	2.572128593778381	0.9681914571342017	0.8329297820823245
47	0.3892706086238225	2.3675600648991977	0.9742502272038777	0.8232445520581114
48	0.38921491467222874	2.0241250716722927	0.9772796122387155	0.8256658595641646
49	0.3891611194610596	1.5341342464984895	0.9845501363223266	0.8329297820823245
50	0.38909415637745576	1.452454877497915	0.9848530748258104	0.8208232445520581
51	0.3890352707642775	1.1296859179027916	0.9866707058467131	0.8184019370460048
52	0.3889568166912727	0.9588137110695243	0.9897000908815511	0.8329297820823245
53	0.3889133223780879	0.8667663874668785	0.9927294759163889	0.8280871670702179
54	0.38889678608287465	0.7208623834437906	0.9939412299303242	0.8232445520581114
55	0.388870256287711	0.6140350408229727	0.996970614965162	0.8305084745762712
56	0.38880644346538346	0.5402320589189633	0.9960617994547107	0.8256658595641646
57	0.3887399147296774	0.3370474440066923	0.9978794304756134	0.8280871670702179
58	0.3887114605661166	0.3667648954522939	0.9972735534686459	0.8401937046004843
59	0.38871777852376305	0.36905833340894717	0.998485307482581	0.8353510895883777
60	0.38873758472380093	0.5051898443220685	0.9966676764616783	0.8353510895883777
-1	-1	-1	-1	-1
0	0.4716956615447998	20.99111716563885	0.6382914268403515	0.7263922518159807
1	0.43183743953704834	21.951446606562687	0.5652832475007573	0.6004842615012107
2	0.4184667269388835	20.009376253073032	0.6437443199030597	0.576271186440678
3	0.4112091660499573	19.590758346594296	0.65495304453196	0.5375302663438256
4	0.4074747562408447	18.904474574785965	0.6816116328385338	0.7021791767554479
5	0.4048091173171997	19.13501941699248	0.6803998788245986	0.6973365617433414
6	0.40325587136404856	18.2689528465271	0.7100878521660103	0.6900726392251816
7	0.40198254585266113	18.515020890877796	0.6994850045440776	0.7215496368038741
8	0.4009399943881565	17.46427372097969	0.73401999394123	0.7094430992736077
9	0.40019426345825193	17.64503387877574	0.7246289003332324	0.7360774818401937
10	0.3990245515649969	16.851019204809116	0.747046349591033	0.7312348668280871
11	0.3985934058825175	16.57614637567447	0.7549227506816116	0.7312348668280871
12	0.39856582421522874	16.316006930974815	0.7521963041502575	0.7506053268765133
13	0.3980927807944162	15.914710757824091	0.764616782793093	0.7288135593220338
14	0.397863515218099	15.481676463897411	0.7737049378976067	0.774818401937046
15	0.39735543727874756	15.24052383349492	0.7730990608906392	0.7530266343825666
16	0.397049721549539	14.84653378679202	0.7846107240230233	0.7433414043583535
17	0.3965904712677002	14.424481420562817	0.7952135716449561	0.7699757869249395
18	0.39647109884964793	14.120517143836388	0.7970312026658588	0.7530266343825666
19	0.39620921611785886	13.491780161857605	0.8139957588609512	0.7796610169491526
20	0.3959684031350272	13.035385578870773	0.8194486519236595	0.7699757869249395
21	0.39553426612507214	12.50052946805954	0.8336867615873977	0.784503631961259
22	0.395283087440159	12.423741865616579	0.830354438049076	0.784503631961259
23	0.3953576485315959	11.696981929815733	0.8403514086640412	0.7820823244552058
24	0.395055513381958	11.757512959150167	0.8415631626779764	0.7796610169491526
25	0.3948008372233464	10.94407677421203	0.8564071493486822	0.7796610169491526
26	0.3944749920456498	10.195879681752277	0.8730687670402908	0.7941888619854721
27	0.3940298301833017	9.477008748513002	0.8760981520751288	0.7917675544794189
28	0.39372500880011196	9.392678210368523	0.880036352620418	0.7554479418886199
29	0.39361836115519205	8.391520478404486	0.8912450772493183	0.784503631961259
30	0.3934369241037676	8.328807613597466	0.8930627082702212	0.7651331719128329
31	0.39332905411720276	7.534043362507453	0.9000302938503484	0.8135593220338984
32	0.39327226263104065	6.6818155978734675	0.9136625265071191	0.7506053268765133
33	0.39325981981614055	6.234034858070887	0.9221448046046653	0.7578692493946732
34	0.3932966027941023	5.928783751486872	0.926991820660406	0.7675544794188862
35	0.3932577835188972	5.220506478101015	0.9388064222962739	0.7699757869249395
36	0.3933448533754091	4.2016429001322155	0.9497122084216904	0.7506053268765133
37	0.39339674146551834	3.749602228976213	0.9581944865192366	0.7893462469733656
38	0.39342249356783354	3.9027633904837646	0.9524386549530446	0.7772397094430993
39	0.39333264231681825	3.146793538561234	0.9666767646167828	0.7651331719128329
40	0.39313269243007753	3.0521718287983766	0.9645561950923962	0.784503631961259
41	0.39295742057618643	2.3236343155686674	0.9772796122387155	0.7627118644067796
42	0.39281234630318573	2.0028556953273857	0.9778854892456831	0.7578692493946732
43	0.39282084053212946	1.5674060042231128	0.9797031202665859	0.7723970944309927
44	0.3927963097890218	1.9959508223602405	0.9778854892456831	0.7578692493946732
45	0.392775561498559	1.0936513939836563	0.9881853983641321	0.7627118644067796
46	0.39284703072081223	0.9543496910572196	0.9915177219024538	0.774818401937046
47	0.39278176923592883	0.7436869072793902	0.9939412299303242	0.7651331719128329
48	0.3927216383875633	0.8391299226607841	0.9927294759163889	0.7627118644067796
49	0.3926309633255005	0.6986702954253325	0.9936382914268403	0.7530266343825666
50	0.39257560524286006	0.47429413955587035	0.9951529839442593	0.774818401937046
51	0.3925170577489413	0.42273839622234494	0.9957588609512269	0.7675544794188862
-1	-1	-1	-1	-1
0	0.46976184844970703	20.825645786065323	0.6479854589518328	0.5980629539951574
1	0.431140661239624	20.72419178027373	0.6098152075128749	0.5714285714285714
2	0.4162908395131429	19.278532805351112	0.6752499242653741	0.7312348668280871
3	0.41016584634780884	19.190121465004406	0.674038170251439	0.6682808716707022
4	0.4060391426086426	18.66188056423114	0.6903968494395638	0.7070217917675545
5	0.40332313378651935	18.398758608561295	0.6982732505301423	0.6900726392251816
6	0.40176524434770855	17.933101697609974	0.7079672826416238	0.7167070217917676
7	0.4010075330734253	17.943455627331367	0.7088760981520751	0.6973365617433414
8	0.4005361927880181	17.163851733391102	0.7388670099969706	0.6585956416464891
9	0.3994520902633667	17.098038971424103	0.7337170554377461	0.7191283292978208
10	0.39855204929005017	16.923081890894817	0.7497727961223871	0.7506053268765133
11	0.39811726411183673	16.14094167489272	0.7521963041502575	0.6924939467312349
12	0.39778406803424543	16.004837029255352	0.7652226598000605	0.7312348668280871
13	0.39728609153202604	15.787384450435638	0.7706755528627689	0.6585956416464891
14	0.39624671936035155	15.58325138917336	0.7740078764010906	0.7554479418886199
15	0.39589624106884	14.710922221724804	0.7885489245683126	0.7554479418886199
16	0.39559072606703816	14.664860578683706	0.794001817631021	0.7627118644067796
17	0.3955460654364692	13.825924474459429	0.8061193577703726	0.7869249394673123
18	0.39553607137579666	13.902609932881136	0.8021811572250833	0.7869249394673123
19	0.39539448022842405	13.289489205066975	0.8133898818539836	0.7869249394673123
20	0.3950197242555164	12.905823788963831	0.8218721599515298	0.7772397094430993
21	0.3947309363972057	12.521916921322163	0.8297485610421085	0.7772397094430993
22	0.39464184512262757	12.090160961334522	0.8385337776431384	0.7893462469733656
23	0.3946174581845601	11.462320496256535	0.8506513177824901	0.7869249394673123
24	0.39455930709838866	11.216386149709042	0.856710087852166	0.7869249394673123
25	0.3944300871628981	10.841770552671873	0.8651923659497122	0.7869249394673123
26	0.3940631725169994	10.646981574021853	0.863980611935777	0.784503631961259
27	0.39384946652821134	9.982949199584814	0.8733717055437746	0.7820823244552058
28	0.3937284042095316	9.491673756963932	0.8818539836413208	0.8111380145278451
29	0.39358474413553873	9.11568208439992	0.8827627991517721	0.7869249394673123
30	0.3936350576339229	8.629682002159266	0.8900333232353832	0.7966101694915254
31	0.3937375396490097	8.17936393733208	0.897606785822478	0.7796610169491526
32	0.3938330086794766	7.536592790713677	0.9069978794304756	0.8111380145278451
33	0.3937761012245627	7.069656616363388	0.9091184489548622	0.7966101694915254
34	0.3937250205448696	6.900495830063637	0.9124507724931838	0.801452784503632
35	0.3935680256949531	6.300645086341179	0.9245683126325356	0.7941888619854721
36	0.39358740883904536	6.049003621849876	0.9263859436534384	0.7966101694915254
37	0.39346803489484283	4.911126072500617	0.9412299303241441	0.7627118644067796
38	0.393354458686633	4.759420273503145	0.9409269918206604	0.7990314769975787
39	0.393178915977478	3.9049638989471043	0.9557709784913663	0.7941888619854721
40	0.3928675709701166	3.643869139254093	0.9581944865192366	0.7893462469733656
41	0.3926804406302316	3.491237699985504	0.959103302029688	0.7966101694915254
42	0.39253259814062785	2.5052455362792196	0.9733414116934263	0.7917675544794189
43	0.39248533140529285	2.523484052051432	0.9745531657073614	0.7893462469733656
44	0.3924370447794596	2.477354654469169	0.9727355346864587	0.7820823244552058
45	0.3923137395278267	2.071256793915661	0.9781884277491669	0.7699757869249395
46	0.39232265695612484	1.4783112798244333	0.9869736443501969	0.7772397094430993
47	0.39222511649131775	1.8553078812367927	0.9830354438049076	0.7602905569007264
48	0.3922410741144297	2.549691279920248	0.9742502272038777	0.7820823244552058
-1	-1	-1	-1	-1
0	0.470278263092041	20.57926837985332	0.6367767343229325	0.6343825665859564
1	0.4300020933151245	21.45405797316478	0.6128445925477128	0.5278450363196125
2	0.4159820079803467	19.371674145643528	0.6664647076643442	0.648910411622276
3	0.40810567140579224	19.330120118764732	0.6819145713420176	0.6755447941888619
4	0.4037186622619629	18.741778440200367	0.68130869433505	0.6828087167070218
5	0.40116361776987713	18.155002887432392	0.7031202665858831	0.6440677966101694
6	0.3993326255253383	17.747728962164658	0.7106937291729779	0.7046004842615012
7	0.39797449111938477	17.22574554498379	0.7237200848227809	0.6537530266343826
8	0.39678525924682617	17.375546246767044	0.7273553468645865	0.6779661016949152
9	0.39549210071563723	17.122068813213936	0.7300817933959406	0.711864406779661
10	0.3944856036793102	16.73262800161655	0.7428052105422599	0.6997578692493946
11	0.3937676747639974	16.34583486731236	0.7488639806119358	0.7094430992736077
12	0.39346786645742565	16.5674977136346	0.7443199030596789	0.7239709443099274
13	0.39316749572753906	16.231681031676437	0.750075734625871	0.7142857142857143
14	0.39294516245524086	15.59455421108466	0.7685549833383823	0.7191283292978208
15	0.39265064895153046	15.625502526760101	0.7703726143592851	0.7070217917675545
16	0.3922373266781078	15.463039288154015	0.7691608603453499	0.7288135593220338
17	0.3921268648571438	14.736983008109606	0.7824901544986368	0.7627118644067796
18	0.39194539973610326	14.239118406405815	0.790972432596183	0.738498789346247
19	0.39184788465499876	14.195232721475454	0.7973341411693426	0.7530266343825666
20	0.39162562006995794	13.801711359849342	0.808542865798243	0.7191283292978208
21	0.3913828568025069	13.458993212534832	0.8109663738261133	0.7360774818401937
22	0.39128340845522674	12.878324568271637	0.8146016358679188	0.7360774818401937
23	0.3913981815179189	12.753629767550873	0.824598606482884	0.7409200968523002
24	0.39137771606445315	11.885620809518374	0.8470160557406846	0.774818401937046
25	0.3923557629952064	11.680875681913816	0.8397455316570737	0.7602905569007264
26	0.3934738812623201	11.052571461750912	0.849439563768555	0.7772397094430993
27	0.39363032579421997	10.430543229557001	0.8606482883974553	0.7554479418886199
28	0.3934688650328538	10.019220423239927	0.8712511360193881	0.784503631961259
29	0.39337678750356037	9.365054971323563	0.8791275371099667	0.7893462469733656
30	0.39315560556227164	8.865824334896528	0.8827627991517721	0.7578692493946732
31	0.3931475728750229	8.623124389694286	0.8851863071796425	0.7869249394673123
32	0.39317666400562634	7.797303582613285	0.9042714328991215	0.7917675544794189
33	0.39324650343726664	6.807751053227828	0.916691911541957	0.7966101694915254
34	0.39316302708217077	6.630013928963588	0.9157830960315057	0.8087167070217918
35	0.3930327031347487	5.449384915140959	0.9372917297788549	0.7893462469733656
36	0.3930040114634746	5.623357963103515	0.9306270827022115	0.8135593220338984
37	0.39305084630062703	5.154515062387173	0.9391093607997576	0.8111380145278451
38	0.3930237965706067	4.050433342559979	0.9512269009391093	0.8111380145278451
39	0.39303089380264283	3.5729275827224436	0.9584974250227204	0.7917675544794189
40	0.39293970712801307	3.4576547847917447	0.9651620720993638	0.7869249394673123
41	0.39283030941372826	2.8755195156599465	0.9691002726446531	0.8135593220338984
42	0.39304643453553667	1.9319679853864586	0.9803089972735535	0.7869249394673123
43	0.3931486118923534	2.8554077927882853	0.9721296576794911	0.8062953995157385
44	0.3932007047865126	1.6833932164053504	0.9797031202665859	0.7990314769975787
45	0.3932822735413261	1.2635943279288209	0.9878824598606483	0.7990314769975787
46	0.39343712684956	1.1665195511421433	0.9893971523780672	0.8159806295399515
47	0.3934573382139206	0.9747699689334974	0.99121478339897	0.8038740920096852
48	0.39355869195899185	0.9131910972870313	0.9936382914268403	0.8184019370460048
49	0.39361660957336425	0.9337220813434285	0.99121478339897	0.8062953995157385
50	0.3937489051444858	0.6694568306937492	0.9936382914268403	0.8111380145278451
51	0.39379946085122913	0.5866057442304177	0.9945471069372918	0.8208232445520581
52	0.39375045614422494	0.45581230185416644	0.996970614965162	0.8280871670702179
53	0.393767100793344	0.4815052774994491	0.9954559224477431	0.8280871670702179
54	0.3936936248432506	0.4266992960071478	0.9966676764616783	0.8208232445520581
55	0.3936637852873121	0.3930800507883899	0.9960617994547107	0.8184019370460048
56	0.39367530220433283	0.436882959092215	0.9963647379581945	0.8038740920096852
57	0.39369030245419206	0.388309064173462	0.996970614965162	0.8208232445520581
58	0.39367626481137036	0.4929674610838657	0.9957588609512269	0.8208232445520581
59	0.3937687357266744	0.33749053223380965	0.996970614965162	0.8184019370460048
60	0.39379770638512784	0.30282221156924677	0.9966676764616783	0.8184019370460048
61	0.3936635448086646	0.3593865789343209	0.9963647379581945	0.8256658595641646
62	0.3935659612928118	0.30551702320987645	0.9972735534686459	0.8305084745762712
63	0.393557645380497	0.2579259961001718	0.9972735534686459	0.8256658595641646
64	0.3935120876018818	0.17920810903083642	0.9978794304756134	0.8232445520581114
65	0.393528219425317	0.2959441565460642	0.996970614965162	0.8184019370460048
66	0.39355263781191696	0.26492597557864006	0.9972735534686459	0.8232445520581114
67	0.3935120386235854	0.2803648968983907	0.9972735534686459	0.8159806295399515
68	0.39369870959848596	0.21679956855503127	0.9972735534686459	0.8305084745762712
69	0.3937795809337071	0.21172788835470924	0.9978794304756134	0.8135593220338984
70	0.39373691988662934	0.16902482361940832	0.9978794304756134	0.8184019370460048
71	0.3937572373284234	0.2082168465769008	0.9978794304756134	0.8184019370460048
72	0.3937668310452814	0.1845133011497987	0.9975764919721296	0.8159806295399515
73	0.3938024946161219	0.23041412151024604	0.9975764919721296	0.8184019370460048
74	0.3938176409403483	0.19660877874182112	0.9981823689790973	0.8232445520581114
75	0.39373784316213506	0.1535264106339757	0.9981823689790973	0.8232445520581114
76	0.39368604375170424	0.1572262420130965	0.9978794304756134	0.8232445520581114
77	0.39362401228684646	0.18018263395226944	0.9975764919721296	0.8184019370460048
78	0.3935907188850113	0.1473110706899311	0.9975764919721296	0.8208232445520581
79	0.3935301214456558	0.15131251528789738	0.9978794304756134	0.8232445520581114
80	0.39336034692363975	0.1349320603252496	0.9981823689790973	0.8208232445520581
81	0.39328958930038826	0.16678214592796464	0.9981823689790973	0.8208232445520581
82	0.39320294541048717	0.1353741854769536	0.9978794304756134	0.8232445520581114
-1	-1	-1	-1	-1
0	0.5270037651062012	20.8885488143334	0.6284070260448213	0.6779661016949152
1	0.4571363925933838	20.329749524593353	0.6271956390066626	0.5447941888619855
2	0.4300188223520915	19.629147703831013	0.6623258631132647	0.5351089588377724
3	0.41601502895355225	19.28959062924752	0.6738340399757723	0.585956416464891
4	0.40905017852783204	19.487507549616005	0.6674742580254391	0.6852300242130751
5	0.40514997641245526	18.419444343218437	0.6983646274984857	0.6876513317191283
6	0.40233966282435824	18.384520943348225	0.7047244094488189	0.7336561743341404
7	0.39967960119247437	18.07764699138128	0.7104784978800727	0.6803874092009685
8	0.39809317058987087	17.33965501647729	0.7277407631738341	0.6755447941888619
9	0.39667794704437254	17.416786858668694	0.7325863113264688	0.7433414043583535
10	0.395413875579834	16.972560830987415	0.7383403997577226	0.7021791767554479
11	0.39449230829874676	17.040893288759086	0.7431859479103574	0.7530266343825666
12	0.393309263082651	16.66149149261988	0.7513628104179285	0.7651331719128329
13	0.39278619629996164	16.29407424193162	0.7537855844942459	0.7627118644067796
14	0.39230047861735023	15.84272234256451	0.7634766807995155	0.7554479418886199
15	0.39190708100795746	15.27976485169851	0.7752877044215627	0.7796610169491526
16	0.39127079178305235	15.41430582335362	0.7734706238643246	0.7627118644067796
17	0.3911617067125108	14.721454175618979	0.7901271956390067	0.7869249394673123
18	0.3908319222299676	14.236568583891941	0.7980012113870382	0.7869249394673123
19	0.39057188034057616	14.13782548216673	0.8049666868564507	0.738498789346247
20	0.3900242078871954	13.50410462801273	0.8104179285281647	0.7433414043583535
21	0.38925981521606445	13.194401899209389	0.8113264688067837	0.801452784503632
22	0.38886614467786706	12.427966768925007	0.8285887341005451	0.7869249394673123
23	0.388791302839915	12.272434569322145	0.8313143549364022	0.801452784503632
24	0.38874623298645017	11.782339983261549	0.8382798304058147	0.7602905569007264
25	0.38856865809513974	11.439326914457174	0.8428225317989098	0.7941888619854721
26	0.38815136309023257	11.215949363433397	0.8500908540278619	0.7941888619854721
27	0.3879299078668867	10.584190648335676	0.8594791035735918	0.8280871670702179
28	0.387641742311675	10.035570273032555	0.8643246517262265	0.784503631961259
29	0.3873472054799398	9.267642763944773	0.8752271350696548	0.7869249394673123
30	0.38711207912814233	8.770990523581322	0.8891580860084797	0.7917675544794189
31	0.38687798380851746	8.070932450775917	0.8921865536038764	0.8256658595641646
32	0.38661134604251746	7.625920761090058	0.9043004239854634	0.8450363196125908
33	0.3862184145871331	6.714775080864246	0.9136886735311932	0.8280871670702179
34	0.38606967926025393	6.984778395065894	0.9164142943670502	0.8305084745762712
35	0.3857557972272237	6.011038264402976	0.922168382798304	0.8305084745762712
36	0.3856255234898748	5.563113922683092	0.931556632344034	0.8038740920096852
37	0.3855083365189402	4.769129218963476	0.9376135675348274	0.8184019370460048
38	0.38549313178429234	4.334404613249577	0.9445790430042399	0.8135593220338984
39	0.38547855615615845	3.3981132194972954	0.9606299212598425	0.8208232445520581
40	0.3852588607043755	2.784918373020796	0.9669897032101756	0.7990314769975787
41	0.385077056430635	2.767529394477606	0.967595396729255	0.8232445520581114
42	0.3847779673199321	2.0374523686388364	0.9754694124772865	0.7917675544794189
43	0.3846481442451477	1.9944089799402998	0.9791035735917626	0.8087167070217918
44	0.3847427527109782	2.8298761071637273	0.9672925499697154	0.8256658595641646
45	0.38485771676768427	1.8974876929468547	0.9784978800726832	0.7966101694915254
46	0.3848023313157102	1.321257231506304	0.9884918231374924	0.8232445520581114
47	0.38496918976306915	0.8554497137665749	0.9906117504542702	0.7990314769975787
48	0.3851052984899404	0.7197622222324404	0.9939430648092066	0.8087167070217918
49	0.3851080083847046	0.589248532140538	0.9963658388855239	0.8159806295399515
50	0.3851964800965552	0.3955882280491866	0.997274379164143	0.8329297820823245
51	0.3853577467111441	0.6481331336129258	0.9942459115687462	0.8038740920096852
52	0.38547543759615915	0.6033393152219315	0.9933373712901272	0.8062953995157385
-1	-1	-1	-1	-1
0	0.4658384323120117	21.327980087353634	0.6055101422948834	0.633495145631068
1	0.42742621898651123	20.486908621512928	0.6218589161368453	0.6432038834951457
2	0.41446487108866376	19.498192477684753	0.667574931880109	0.6359223300970874
3	0.40769243240356445	19.179260205764038	0.6745382985165002	0.6844660194174758
4	0.4038554668426514	18.507004137222584	0.7045110505600969	0.6601941747572816
5	0.40177929401397705	17.99705812564263	0.7063275809869816	0.6820388349514563
6	0.4000359262738909	18.213113748110256	0.7063275809869816	0.6699029126213593
7	0.3986169099807739	17.186848138387386	0.7366030881017257	0.6432038834951457
8	0.3979294564988878	17.31485037620251	0.7350893127459885	0.6771844660194175
9	0.3975593090057373	17.03626653781304	0.7329700272479565	0.6893203883495146
10	0.39718554236672143	17.118834114991703	0.729942476536482	0.6990291262135923
11	0.39687226215998334	16.516372861770485	0.7426581895246746	0.7111650485436893
12	0.39660813258244443	16.197360795277817	0.7590069633666364	0.7014563106796117
13	0.39616196496146067	16.006944809968655	0.7714199212836815	0.7038834951456311
14	0.395878267288208	16.010944293095516	0.7614290039358159	0.7160194174757282
15	0.3951127678155899	15.1337530624408	0.784135634271874	0.7014563106796117
16	0.39454252579632926	15.199149461892935	0.7786860429912201	0.7038834951456311
17	0.39404646555582684	15.008502416885817	0.7817135937026946	0.7135922330097088
18	0.3936922173751028	15.014717019521273	0.7805025734181048	0.7257281553398058
19	0.39351598024368284	14.431325706151815	0.7941265516197397	0.7111650485436893
20	0.3933388619195847	14.012078807904171	0.7974568574023615	0.7160194174757282
21	0.3932777426459573	13.99118121770712	0.8065395095367848	0.7378640776699029
22	0.3931305719458539	13.269459323241161	0.812897366030881	0.7475728155339806
23	0.39300502339998883	13.138292296574665	0.8198607326672722	0.75
24	0.3928051948547363	12.690242175872509	0.8228882833787466	0.75
25	0.39297455090742844	12.002827832332024	0.828640629730548	0.75
26	0.39248010847303605	11.653452903032303	0.8431728731456252	0.7718446601941747
27	0.39186668395996094	11.471134717647846	0.8398425673630033	0.7961165048543689
28	0.39168093122284986	10.71719141648366	0.8555858310626703	0.7742718446601942
29	0.39224793910980227	10.340936220609224	0.8598244020587344	0.8009708737864077
30	0.39230485116281816	9.60364030645444	0.8728428701180745	0.779126213592233
31	0.3922964483499527	9.01626075231112	0.8822282773236452	0.7936893203883495
32	0.3922756512959798	8.10594717012002	0.8982742960944596	0.7694174757281553
33	0.3921460684608011	7.806656695329226	0.9003935815924917	0.7694174757281553
34	0.39216538837977816	7.639755279112321	0.901301846805934	0.7597087378640777
35	0.3920360538694594	6.724059225848088	0.917045110505601	0.7936893203883495
36	0.3920652930800979	6.111612717119547	0.9237057220708447	0.779126213592233
37	0.392151487501044	5.957314984156535	0.9249167423554344	0.7912621359223301
38	0.39236790094620144	5.647712313785003	0.9324856191341205	0.7888349514563107
39	0.392366623878479	4.755425708798262	0.940357250983954	0.7815533980582524
40	0.392401067222037	3.980540993408515	0.950650923402967	0.7839805825242718
41	0.39261167957669213	3.8507728527944822	0.9488343929760823	0.7548543689320388
42	0.39271437290102934	3.369850306556775	0.9573115349682108	0.7524271844660194
43	0.39280175078998913	2.983371788922411	0.9618528610354223	0.7815533980582524
44	0.3928164852990044	2.2898121835090794	0.9748713290947624	0.7888349514563107
45	0.39277334835218347	2.315932411987048	0.9757795943082047	0.7912621359223301
46	0.3926019871488531	2.343822276363006	0.9748713290947624	0.7888349514563107
47	0.3925481935342153	1.779426443318908	0.982137450802301	0.7888349514563107
48	0.3926057961522316	1.369778198284061	0.9842567363003331	0.7766990291262136
49	0.3925571727752686	1.173387293739674	0.98698153194066	0.7864077669902912
-1	-1	-1	-1	-1
0	0.5305273532867432	21.77238363944567	0.6027853466545564	0.5242718446601942
1	0.4555476903915405	22.330302243049328	0.5407205570693309	0.5412621359223301
2	0.4299146334330241	20.88485540793492	0.6021798365122616	0.6723300970873787
3	0.4170440435409546	19.68314054837594	0.6557674841053588	0.6820388349514563
4	0.40894327163696287	19.88783906514828	0.657281259461096	0.6504854368932039
5	0.4042035738627116	20.409331949857567	0.6351801392673327	0.6941747572815534
6	0.40045039994376047	19.25647264260512	0.680593399939449	0.6990291262135923
7	0.39987295866012573	19.734859970899727	0.6733272782319104	0.662621359223301
8	0.39922308921813965	18.446195969214806	0.6981531940660006	0.6966019417475728
9	0.3982189655303955	19.04982559956037	0.688162276718135	0.6966019417475728
10	0.39740852876143024	18.261240367706005	0.698455949137148	0.6796116504854369
11	0.3966526389122009	18.27354932289857	0.7033000302755071	0.7330097087378641
12	0.3955568533677321	17.942588886389366	0.7166212534059946	0.7063106796116505
13	0.39487648010253906	17.255144293491657	0.7302452316076294	0.7330097087378641
14	0.39419891039530436	16.93369219624079	0.7417499243112322	0.7402912621359223
15	0.3939417153596878	16.573587706455818	0.7499243112322131	0.7427184466019418
16	0.3937857852262609	16.218961282418324	0.7584014532243415	0.75
17	0.39359670215182835	15.910487991112928	0.7696033908567969	0.7548543689320388
18	0.3934810412557502	15.613685167752779	0.7702089009990918	0.7572815533980582
19	0.39356825351715086	15.625340585525219	0.773841961852861	0.7548543689320388
20	0.393470219203404	14.947342015229738	0.7874659400544959	0.7402912621359223
21	0.39376339045437897	14.776114942935797	0.7917045110505601	0.7669902912621359
22	0.3935707652050516	14.364379988266872	0.7977596124735089	0.7694174757281553
23	0.393455704053243	13.998535729371584	0.8035119588253103	0.7645631067961165
24	0.3934232044219971	13.650284748810988	0.8038147138964578	0.8058252427184466
25	0.3936092211649968	13.13521564236054	0.8201634877384196	0.7815533980582524
26	0.39366210831536186	13.069847306379906	0.8237965485921889	0.7694174757281553
27	0.3934980971472604	12.60616038281184	0.8325764456554647	0.7621359223300971
28	0.3932884808244376	12.38527803696119	0.8386315470784136	0.7839805825242718
29	0.3931007226308187	12.095037393845045	0.836209506509234	0.7985436893203883
30	0.39310429173131145	11.6554146363185	0.8407508325764457	0.7888349514563107
31	0.3932277113199234	10.948155815784748	0.849833484710869	0.8058252427184466
32	0.39316111622434674	10.70456374150056	0.8561913412049652	0.7936893203883495
33	0.3930733274011051	10.123246466884247	0.8716318498334847	0.8106796116504854
34	0.39293362753731864	9.70448147562834	0.8734483802603693	0.8276699029126213
35	0.39281611972384983	9.581992362554256	0.8692098092643051	0.7888349514563107
36	0.3927088621500376	8.80950277012128	0.8834392976082349	0.8179611650485437
37	0.39267492294311523	8.23767519226441	0.8976687859521647	0.8252427184466019
38	0.3926718540680714	8.079961468393986	0.9019073569482289	0.8106796116504854
39	0.39264159798622134	7.549029655181444	0.9043293975174084	0.8155339805825242
40	0.3925362621865621	6.695142807868811	0.9182561307901907	0.8300970873786407
41	0.3924898590360369	6.397304525169043	0.9227974568574023	0.8106796116504854
42	0.3924608618714089	5.8922631946893835	0.9231002119285499	0.8131067961165048
43	0.39235419034957886	5.318677158882985	0.9343021495610051	0.8228155339805825
44	0.3923671722412109	4.694532237373865	0.9415682712685437	0.8228155339805825
45	0.392340468323749	4.46712243055495	0.9479261277626401	0.8325242718446602
46	0.39239739357156955	4.202411763943159	0.9479261277626401	0.8228155339805825
47	0.392443910241127	3.625322514715103	0.9573115349682108	0.8106796116504854
48	0.39256211689540316	3.292043753613073	0.9579170451105056	0.7985436893203883
49	0.39266089916229246	2.641943220335704	0.9703300030275507	0.8252427184466019
50	0.3927065017176609	2.311065837740898	0.9754768392370572	0.8252427184466019
51	0.39279183057638317	2.3501792484177995	0.9760823493793521	0.8228155339805825
52	0.3928371600384982	2.14197093140907	0.9775961247350893	0.808252427184466
53	0.3929143525935985	1.4295395443645806	0.9866787768695126	0.8155339805825242
54	0.3928364797071977	1.7005725920630188	0.9818346957311535	0.8203883495145631
55	0.3929477504321507	1.075041411643794	0.9915228580078717	0.8155339805825242
56	0.3928718190444143	0.9282116827984842	0.9930366333636088	0.8203883495145631
57	0.3927936101781911	1.3224488239592085	0.9887980623675446	0.8179611650485437
58	0.39277007216114107	0.8867982573126658	0.9936421435059037	0.8155339805825242
59	0.3927412986755371	0.709366961444315	0.9951559188616409	0.808252427184466
60	0.3926568304906126	1.0339624460141819	0.992431123221314	0.8203883495145631
61	0.39262578179759366	0.8116192691959441	0.9939448985770512	0.8179611650485437
62	0.39257252405560206	0.722684217366175	0.9948531637904935	0.8155339805825242
63	0.39257677644491196	0.7051657552365214	0.9963669391462306	0.8106796116504854
64	0.39255035106952374	0.5395950760665493	0.9957614290039358	0.8325242718446602
65	0.392464355988936	0.6331215807451651	0.9945504087193461	0.8228155339805825
-1	-1	-1	-1	-1
0	0.467557430267334	21.381991844910843	0.6011508176862508	0.587378640776699
1	0.43046045303344727	21.164303719997406	0.6126589945487583	0.5121359223300971
2	0.4178479512532552	19.926057765117058	0.6429436705027256	0.6966019417475728
3	0.4116804003715515	19.652081209879654	0.6553603876438522	0.7135922330097088
4	0.4081239700317383	18.78242444075071	0.69442761962447	0.6723300970873787
5	0.40517465273539227	18.4011152272041	0.7050272562083586	0.6456310679611651
6	0.4033290318080357	18.437747953029778	0.7038158691701999	0.7160194174757282
7	0.4016689956188202	18.0266123849612	0.7225923682616596	0.691747572815534
8	0.4003913137647841	18.23105877867112	0.7141126589945488	0.7038834951456311
9	0.3997295618057251	17.17217093706131	0.7374318594791036	0.6820388349514563
10	0.3989204926924272	17.23892267506856	0.7341005451241672	0.7402912621359223
11	0.3985527753829956	17.43383811070369	0.7322834645669292	0.7402912621359223
12	0.39797375752375674	16.781164898322178	0.7468201090248334	0.7184466019417476
13	0.3968648229326521	16.218229394692642	0.7525741974560872	0.7184466019417476
14	0.3963288148244222	16.093586820822495	0.7601453664445791	0.7621359223300971
15	0.3958434760570526	15.906440755495659	0.7652937613567535	0.7621359223300971
16	0.3956905112547033	15.175188571214676	0.7801332525741974	0.7475728155339806
17	0.39559204048580593	14.966421535381905	0.7801332525741974	0.7524271844660194
18	0.3951454288081119	14.446933517089256	0.7931556632344033	0.7645631067961165
19	0.39452887773513795	14.397964085523899	0.7892186553603876	0.7742718446601942
20	0.39399501255580355	13.898592343697182	0.803755299818292	0.7839805825242718
21	0.39354448968713934	13.436097126740675	0.807389460932768	0.7669902912621359
22	0.3931888082753057	12.938929580725157	0.8164748637189582	0.7985436893203883
23	0.39302146434783936	12.288789176023924	0.824954572986069	0.7864077669902912
24	0.39278033256530764	12.217325885708515	0.8355542095699576	0.7912621359223301
25	0.39247485307546764	11.549147216173319	0.8385826771653543	0.7669902912621359
26	0.39219216064170553	11.071162001444744	0.8494851605087825	0.8058252427184466
27	0.3919309547969273	10.760308666871143	0.857359176256814	0.7815533980582524
28	0.391747943286238	10.32750853896141	0.8600847970926712	0.7961165048543689
29	0.3918045202891032	9.304746029468683	0.8758328285887341	0.7985436893203883
30	0.3918936406412432	8.895451110142927	0.8855239248940037	0.7912621359223301
31	0.391848549246788	8.052093812192862	0.8958207147183526	0.7912621359223301
32	0.39162830872969195	8.035319446371151	0.8964264082374318	0.7839805825242718
33	0.3914749061360079	7.311647578214224	0.9033918837068443	0.7864077669902912
34	0.3914045129503523	6.604614266982446	0.9133858267716536	0.8131067961165048
35	0.39129166470633614	6.20028575653067	0.9197456087219866	0.8203883495145631
36	0.3913171420226226	5.321983587283355	0.9376135675348274	0.7936893203883495
37	0.3913654402682656	4.824192661505479	0.9439733494851605	0.7766990291262136
38	0.39148665085816997	4.385720838917992	0.9442761962447002	0.7888349514563107
39	0.3916035771369934	3.868749882524403	0.9515445184736523	0.7912621359223301
40	0.3916212930911925	3.2235696378808756	0.9597213809812235	0.7961165048543689
41	0.39169247377486455	2.454248419461342	0.9697153240460327	0.7985436893203883
42	0.3918040408644565	2.869215169778237	0.9642640823743186	0.7888349514563107
43	0.3918587457049977	2.436399206519127	0.9712295578437311	0.8131067961165048
44	0.39192769792344834	2.1444345536426854	0.9760751059963658	0.7815533980582524
45	0.3920109116512796	2.0597625399688977	0.9757722592368262	0.7815533980582524
46	0.39205028655681207	1.215456748417077	0.9869775893397941	0.8203883495145631
47	0.39205828805764514	0.7022152264387562	0.9945487583282859	0.7936893203883495
48	0.39207516884317206	0.8268559637945145	0.9912174439733494	0.7961165048543689
49	0.39207268714904786	0.8366871033526527	0.9912174439733494	0.7912621359223301
50	0.3920129093469358	0.7300556871229603	0.9951544518473653	0.7888349514563107
51	0.3918618101340074	0.44850989536812097	0.9981829194427619	0.7985436893203883
52	0.39178740303471404	0.34678089138021906	0.9975772259236826	0.7839805825242718
53	0.3917655591611509	0.45677488486846696	0.9954572986069049	0.7888349514563107
54	0.3917293461886319	0.4749974532404359	0.9966686856450636	0.7985436893203883
55	0.39177234683718	0.264979850299334	0.9978800726832223	0.7864077669902912
-1	-1	-1	-1	-1
0	0.5149617195129395	20.35596860372103	0.6449560739169948	0.7094430992736077
1	0.45293664932250977	23.213592909849606	0.5625568009694032	0.6707021791767555
2	0.431099812189738	19.935503469063686	0.6522265980006059	0.648910411622276
3	0.4206995368003845	19.650315573582283	0.6640411996364738	0.7288135593220338
4	0.41446490287780763	19.53260994072144	0.6658588306573765	0.7239709443099274
5	0.41109025478363037	19.066950807204613	0.6822175098455013	0.7288135593220338
6	0.40912011691502165	18.78385881964977	0.6919115419569827	0.711864406779661
7	0.40745115280151367	18.063133744093086	0.7052408361102697	0.7070217917675545
8	0.40566428502400714	18.322573508207615	0.7052408361102697	0.7312348668280871
9	0.40507194995880125	17.82099449634552	0.7194789457740078	0.6973365617433414
10	0.40387829867276276	17.990395186039116	0.7140260527112996	0.7433414043583535
11	0.4038691322008769	17.548233098708668	0.7288700393820055	0.7263922518159807
12	0.4031713008880615	17.26026474397916	0.7297788548924569	0.7506053268765133
13	0.4022963387625558	16.693743183062626	0.7452287185701303	0.7651331719128329
14	0.4016065756479899	16.279821643462547	0.7518933656467737	0.7602905569007264
15	0.40103138983249664	16.71780875325203	0.7506816116328385	0.7288135593220338
16	0.40049198094536276	15.616794744363197	0.7752196304150257	0.7263922518159807
17	0.4002823167377048	15.270228131459309	0.7794607694637988	0.738498789346247
18	0.3997057488090114	14.953258835352385	0.7855195395334748	0.7167070217917676
19	0.3991861462593079	14.687135798999897	0.7903665555892154	0.7481840193704601
20	0.39895481155032203	14.550542327073904	0.790972432596183	0.7457627118644068
21	0.3990164344960993	13.991858962636728	0.8061193577703726	0.7627118644067796
22	0.3989816541257112	13.833324182492037	0.8046046652529536	0.7941888619854721
23	0.39891669154167175	12.907594751853209	0.8167222053923053	0.774818401937046
24	0.3988880920410156	13.100870107228939	0.8170251438957892	0.7554479418886199
25	0.39888906478881836	12.24085507885768	0.8342926385943653	0.7699757869249395
26	0.39884346502798573	12.21215010377077	0.8358073311117843	0.7869249394673123
27	0.3985708270754133	11.26714128198532	0.8497425022720387	0.7772397094430993
28	0.3984885051332671	10.798536270856857	0.8570130263556498	0.7966101694915254
29	0.39837729930877686	10.303877704418623	0.8651923659497122	0.7457627118644068
30	0.39826634622389273	10.360860682450808	0.8630717964253256	0.8087167070217918
31	0.39812571555376053	9.331443002590767	0.8797334141169343	0.7966101694915254
32	0.3980336839502508	8.916291335454353	0.8873068767040291	0.7699757869249395
33	0.3979235747281243	8.051713848343262	0.8912450772493183	0.7433414043583535
34	0.39796152796064105	7.845307552470611	0.9027567403817025	0.7796610169491526
35	0.397933648692237	7.374738981804023	0.9082096334444107	0.7869249394673123
36	0.39790259825216756	6.400813335982653	0.9185095425628598	0.801452784503632
37	0.39777010365536336	5.91175307562718	0.9260830051499546	0.7772397094430993
38	0.39770026084704274	5.109216804687794	0.9363829142684035	0.7869249394673123
39	0.3976796865463257	4.893648186716466	0.9412299303241441	0.8062953995157385
40	0.39759252129531486	4.5910198813877425	0.9454710693729172	0.7990314769975787
41	0.39738567102523076	3.780777296767785	0.9545592244774311	0.7869249394673123
42	0.39721421862757483	3.610790410795464	0.957588609512269	0.7869249394673123
43	0.39717106927524914	2.7549793714514146	0.9718267191760073	0.7869249394673123
44	0.3971198664771186	2.2075238845382747	0.9769766737352318	0.7966101694915254
45	0.3971035117688386	1.694190358968906	0.9845501363223266	0.774818401937046
46	0.3970147244473721	1.4014643693987567	0.9866707058467131	0.7893462469733656
47	0.3968737721443176	1.3373561395385947	0.9875795213571645	0.7941888619854721
48	0.3966585762646733	1.3663516201150532	0.9866707058467131	0.8038740920096852
49	0.39647109985351564	1.0884953965074742	0.9890942138745834	0.8111380145278451
50	0.39638709086997836	0.4988254640215578	0.9957588609512269	0.8038740920096852
51	0.39630597829818726	0.5205106476071075	0.9957588609512269	0.801452784503632
52	0.3962062124936086	0.6843299521984031	0.9954559224477431	0.801452784503632
53	0.3960986049086959	0.5008455154723449	0.9963647379581945	0.784503631961259
54	0.395979491147128	0.451245069707511	0.996970614965162	0.8111380145278451
55	0.3960034889834268	0.5053607869687347	0.9963647379581945	0.8087167070217918
56	0.3959823951386569	0.6180940894410014	0.9960617994547107	0.8087167070217918
57	0.395855582993606	0.3814007701226868	0.9978794304756134	0.8062953995157385
58	0.39580337071822863	0.4089564614562103	0.9972735534686459	0.7966101694915254
59	0.3957383672396342	0.4285617737283736	0.9975764919721296	0.8062953995157385
60	0.3956211394950992	0.2896647163691411	0.9972735534686459	0.8135593220338984
61	0.39554172946560767	0.27182213235265895	0.998485307482581	0.8038740920096852
62	0.39550942087930346	0.36952555248374735	0.9978794304756134	0.8111380145278451
63	0.3954509422183037	0.2515530480439058	0.9978794304756134	0.8062953995157385
64	0.39544065915621246	0.29430006625345695	0.9978794304756134	0.8038740920096852
65	0.39541040406082617	0.3103127425509648	0.9975764919721296	0.8111380145278451
66	0.39533524370905176	0.22771810305018264	0.9978794304756134	0.7941888619854721
67	0.3952372354619643	0.2586477489631551	0.9978794304756134	0.8135593220338984
68	0.39516282081604004	0.34969342679967386	0.9972735534686459	0.7966101694915254
69	0.3951116289411272	0.18289458279748663	0.9981823689790973	0.8159806295399515
70	0.3950670134853309	0.22773637976255345	0.9981823689790973	0.7990314769975787
71	0.3950564165910085	0.19495908819280097	0.9981823689790973	0.8087167070217918
72	0.39500492239651613	0.2357113379671668	0.9975764919721296	0.7966101694915254
73	0.3950257816830197	0.19367076503560662	0.9981823689790973	0.8087167070217918
74	0.3950686899820964	0.20722220807622832	0.9972735534686459	0.8062953995157385
75	0.3950643351203517	0.15820875019282818	0.9981823689790973	0.8135593220338984
76	0.3951020457527854	0.16972521377969174	0.9975764919721296	0.8159806295399515
77	0.39510660599439573	0.1511577735386359	0.9975764919721296	0.8111380145278451
78	0.39512244659134105	0.16541219675967184	0.9981823689790973	0.8087167070217918
79	0.3951178967952728	0.20679690498778094	0.9975764919721296	0.8087167070217918
80	0.3949955510504452	0.15825410280367053	0.9978794304756134	0.8087167070217918
81	0.394887767186979	0.1021158783741367	0.998485307482581	0.8087167070217918
82	0.39481581837297924	0.12453183236242073	0.9981823689790973	0.8087167070217918
83	0.3947609521093823	0.11373742159972047	0.9978794304756134	0.8087167070217918
84	0.3947249861324535	0.10843840897499692	0.998485307482581	0.8062953995157385
85	0.39468290916709015	0.10415870047066934	0.9981823689790973	0.8087167070217918
86	0.3945948337686473	0.12104701287731026	0.9981823689790973	0.7990314769975787
87	0.39454560388218274	0.11328528154854212	0.9981823689790973	0.8087167070217918
88	0.39451498128055185	0.08613917653845139	0.9987882459860649	0.8087167070217918
89	0.39450367026858857	0.10629681022412395	0.998485307482581	0.8087167070217918
-1	-1	-1	-1	-1
0	0.4748349189758301	20.897416011645245	0.6355649803089972	0.6295399515738499
1	0.43576526641845703	20.692053097944992	0.6307179642532565	0.576271186440678
2	0.4214123884836833	21.29409011739951	0.5864889427446228	0.6319612590799032
3	0.41331005096435547	19.71228622014706	0.6598000605877007	0.6464891041162227
4	0.4084775447845459	18.936443033126686	0.6834292638594366	0.6634382566585957
5	0.4057220220565796	18.583878081578476	0.7013026355649803	0.6610169491525424
6	0.40357974597385954	18.417725383089138	0.7000908815510452	0.6707021791767555
7	0.40198925137519836	17.796581630523388	0.7082702211451075	0.6997578692493946
8	0.40059542655944824	17.608657229405182	0.7225083308088458	0.6900726392251816
9	0.3995432615280151	17.60113362165598	0.7194789457740078	0.6707021791767555
10	0.3984587409279563	16.676147660383812	0.7428052105422599	0.7070217917675545
11	0.3984926740328471	16.294070546443645	0.7621932747652227	0.6997578692493946
12	0.39814541890070987	16.08433467722856	0.763102090275674	0.6682808716707022
13	0.3978404998779297	15.694331584068445	0.7679491063314148	0.7046004842615012
14	0.39780915578206383	15.545588722595802	0.7697667373523175	0.7433414043583535
15	0.39766277372837067	14.824358637516315	0.786428355043926	0.7578692493946732
16	0.39720815770766316	15.252660755927746	0.7767343229324447	0.7409200968523002
17	0.3971450196372138	14.566153639784226	0.7936988791275371	0.7530266343825666
18	0.3971691508042185	14.189315552894886	0.7967282641623751	0.7360774818401937
19	0.39711192846298216	14.000504479958462	0.8009694032111482	0.7675544794188862
20	0.3970330669766381	13.468512317309013	0.8118751893365647	0.7433414043583535
21	0.3970465118234808	13.029957161499905	0.8206604059375947	0.7796610169491526
22	0.3968627245529838	12.727160710554857	0.8276279915177219	0.7772397094430993
23	0.3965364297231038	11.971305198967457	0.8342926385943653	0.7893462469733656
24	0.39621434211730955	11.5198614104436	0.8500454407755226	0.7917675544794189
25	0.39613411059746373	11.129615740134167	0.8482278097546199	0.7796610169491526
26	0.3958918430187084	10.587264826664558	0.8627688579218419	0.7917675544794189
27	0.39600798061915804	10.544725622122105	0.8630717964253256	0.7893462469733656
28	0.3958138679635936	9.985783942043781	0.8724628900333232	0.8087167070217918
29	0.3955889860788981	9.15261040513332	0.8842774916691911	0.784503631961259
30	0.39532701430782197	8.539571647460644	0.8873068767040291	0.7966101694915254
31	0.3950246423482895	8.10343243009769	0.8912450772493183	0.8062953995157385
32	0.3948038491335782	7.8448816916117305	0.9000302938503484	0.8038740920096852
33	0.3945484511992511	7.051001751652131	0.9103302029687973	0.801452784503632
34	0.3942750726427351	6.545532870751161	0.9148742805210542	0.7990314769975787
35	0.39401065640979344	5.875823227258829	0.926991820660406	0.7990314769975787
36	0.39368387815114614	4.939805097304857	0.9433504998485307	0.8305084745762712
37	0.39353941616259125	4.354252722400886	0.9466828233868525	0.8256658595641646
38	0.39332927190340483	4.679359156351823	0.9418358073311118	0.8038740920096852
39	0.39313879013061526	3.8790771975943175	0.9521357164495607	0.8111380145278451
40	0.39296060655175186	2.9494897531918607	0.9672826416237503	0.8184019370460048
41	0.3926748207637242	3.309538095043256	0.9594062405331718	0.8038740920096852
42	0.39256386424219886	2.2217158030432005	0.97364435019691	0.8038740920096852
43	0.39237628741697833	2.1603725842209176	0.9748561042108452	0.7941888619854721
44	0.39225815137227377	1.6691500917077065	0.9800060587700696	0.7966101694915254
45	0.3921015677244767	1.5404807041900663	0.9836413208118752	0.7966101694915254
46	0.39197389115678505	1.2772956777793856	0.9869736443501969	0.8111380145278451
47	0.3918260931968689	1.2797256352093358	0.9866707058467131	0.8135593220338984
48	0.3917516494283871	0.9578989156199476	0.99121478339897	0.8111380145278451
49	0.39162742614746093	1.0266447244480683	0.9887912753710997	0.8087167070217918
50	0.39150720016629087	0.5787958629678962	0.9945471069372918	0.8111380145278451
51	0.3913843585894658	0.555316328400155	0.9942441684338079	0.8062953995157385
52	0.3912698952656872	0.45353474942609096	0.9963647379581945	0.8111380145278451
53	0.3911433661425555	0.4221571749344898	0.9963647379581945	0.8062953995157385
54	0.39103710001165215	0.4285393300816885	0.9960617994547107	0.8111380145278451
55	0.39091430817331585	0.3814115949185529	0.9981823689790973	0.8087167070217918
56	0.3908258404648095	0.38333700330195614	0.996970614965162	0.8111380145278451
-1	-1	-1	-1	-1
0	0.47464990615844727	21.751269762332623	0.61102696152681	0.5520581113801453
1	0.43502938747406006	20.69488509113972	0.6101181460163587	0.6053268765133172
2	0.42003758748372394	19.38783734692977	0.6704029082096334	0.6198547215496368
3	0.41355085372924805	19.493655500503685	0.6640411996364738	0.6343825665859564
4	0.4097012996673584	19.294154348281715	0.68130869433505	0.7046004842615012
5	0.40726232528686523	18.53973123201957	0.6967585580127235	0.6828087167070218
6	0.4053205762590681	18.476397689718468	0.7006967585580127	0.7263922518159807
7	0.40458136796951294	18.08708965549102	0.7112996061799455	0.7215496368038741
8	0.4039854208628337	17.612099507680306	0.7158436837322024	0.7433414043583535
9	0.40264286994934084	17.883763615901653	0.7185701302635565	0.7723970944309927
10	0.40377766435796564	17.315700745353332	0.7249318388367162	0.7651331719128329
11	0.40333807468414307	16.863399507907722	0.7391699485004544	0.7651331719128329
12	0.40284191645108736	16.2353299672787	0.7537109966676765	0.7578692493946732
13	0.402758138520377	15.914874985240973	0.7649197212965768	0.7675544794188862
14	0.40258676211039224	16.0206939967779	0.7649197212965768	0.7554479418886199
15	0.402214452624321	15.520893358267271	0.780672523477734	0.7602905569007264
16	0.4017938445596134	15.366581546572538	0.7712814298697365	0.7869249394673123
17	0.40115200148688424	14.766803482404121	0.787943047561345	0.7990314769975787
18	0.4007625454350522	14.407914939981241	0.7930930021205695	0.7651331719128329
19	0.4002752542495728	14.079463367278759	0.8030899727355347	0.784503631961259
20	0.3997384025937035	13.707342899762667	0.8033929112390185	0.7893462469733656
21	0.3993565711108121	13.753148823976517	0.8091487428052105	0.7772397094430993
22	0.39905549132305645	13.133319540092579	0.8149045743714026	0.7941888619854721
23	0.3984895348548889	12.622204968562492	0.8267191760072705	0.7820823244552058
24	0.3989392852783203	12.21907531298124	0.8294456225386246	0.7820823244552058
25	0.3991039532881517	12.033908032453978	0.8379279006361708	0.7675544794188862
26	0.39877933926052517	11.613325467476479	0.8436837322023629	0.7941888619854721
27	0.3985717807497297	10.940440945900404	0.8588306573765525	0.801452784503632
28	0.3983388275935732	10.462205439805984	0.8618600424113905	0.8038740920096852
29	0.39802805582682294	10.146506994962692	0.8712511360193881	0.801452784503632
30	0.39793665178360477	9.347972187858362	0.8791275371099667	0.7966101694915254
31	0.3978690803050995	8.932723618470705	0.8809451681308694	0.8208232445520581
32	0.3976986986218077	7.967776591961201	0.8982126628294457	0.8184019370460048
33	0.39746928916257973	7.329883790933168	0.906392002423508	0.801452784503632
34	0.39747859409877234	6.980537830637052	0.9066949409269918	0.8135593220338984
35	0.3974529637230767	6.152982943333113	0.9200242350802788	0.8062953995157385
36	0.3975168563224174	6.007403917037523	0.9227506816116329	0.7893462469733656
37	0.39746877394224467	5.171219273541983	0.9333535292335656	0.837772397094431
38	0.39765017460554075	4.659084100401602	0.9439563768554984	0.8280871670702179
39	0.3978015840053558	4.2927828919715605	0.9491063314147228	0.8038740920096852
40	0.3978096508398289	3.7018575232762556	0.9557709784913663	0.7941888619854721
41	0.3977184636252267	3.5967435530171943	0.9548621629809149	0.8256658595641646
42	0.39761211151300474	2.456724795584495	0.9660708876098152	0.8038740920096852
43	0.3975017450072549	2.446331494718414	0.9730384731899424	0.8184019370460048
44	0.3973690456814236	2.3259337031497407	0.9730384731899424	0.8184019370460048
45	0.39745458830957825	1.4988603715229636	0.9851560133292941	0.8087167070217918
46	0.3974412552853848	1.0938944479164023	0.9906089063920024	0.8232445520581114
47	0.3973897248506546	1.7616466807846267	0.9818236897909725	0.8184019370460048
48	0.3974536973602918	1.1530805647265738	0.9887912753710997	0.8208232445520581
49	0.3973336696624756	1.04016746454111	0.9924265374129052	0.8280871670702179
50	0.39722329494999903	0.7075479097922932	0.9930324144198728	0.8111380145278451
51	0.3970556075756366	0.580289499358864	0.9957588609512269	0.8184019370460048
52	0.3969180224076757	0.5248907790967048	0.9966676764616783	0.8256658595641646
53	0.39682890309227836	0.44390020903653327	0.996970614965162	0.8184019370460048
54	0.39671906557950104	0.5992114520631731	0.9957588609512269	0.8232445520581114
55	0.39653815967696054	0.8752940716938331	0.9936382914268403	0.8280871670702179
56	0.3963750705384372	0.3382313992672327	0.9972735534686459	0.8256658595641646
57	0.3963026712680685	0.31841470050858334	0.9972735534686459	0.8184019370460048
-1	-1	-1	-1	-1
0	0.5332651138305664	21.245781334546898	0.6176916086034535	0.5932203389830508
1	0.4642491340637207	21.060557906444256	0.6246591941835807	0.6101694915254238
2	0.44096533457438153	20.65806746024352	0.6104210845198424	0.6852300242130751
3	0.42875558137893677	19.418706783881554	0.6649500151469252	0.6610169491525424
4	0.42206516265869143	19.000471614874325	0.6782793093002121	0.6174334140435835
5	0.41775786876678467	18.92021894684205	0.6922144804604665	0.6924939467312349
6	0.4142671653202602	18.301637848982445	0.7022114510754317	0.7094430992736077
7	0.4120536744594574	18.065991594241215	0.7067555286276885	0.7360774818401937
8	0.4099264144897461	18.06355160704026	0.7161466222356861	0.7263922518159807
9	0.40844154357910156	17.69916021136137	0.7258406543471675	0.7336561743341404
10	0.4074814969843084	17.38760898892696	0.7300817933959406	0.711864406779661
11	0.40660661458969116	16.993873462080956	0.7406846410178733	0.7263922518159807
12	0.405791502732497	16.8926374568389	0.7464404725840654	0.738498789346247
13	0.4050825153078352	16.294380994943474	0.7579521357164496	0.7409200968523002
14	0.4043935775756836	16.01547663945418	0.7637079672826417	0.738498789346247
15	0.4036712944507599	15.716702786775736	0.7724931838836716	0.7481840193704601
16	0.40322205599616556	15.422269942668768	0.7727961223871554	0.7530266343825666
17	0.40277304914262557	15.374724697608213	0.7752196304150257	0.738498789346247
18	0.40198717619243424	14.89300128359061	0.7858224780369585	0.7506053268765133
19	0.401626455783844	14.522473901510239	0.7946076946379885	0.7336561743341404
20	0.4011663482302711	14.057887606895887	0.8012723417146319	0.7215496368038741
21	0.40060721744190564	14.078817220834585	0.7988488336867616	0.7651331719128329
22	0.4000492717908776	13.501187505630346	0.8118751893365647	0.7893462469733656
23	0.39942340056101483	13.258195794545687	0.8152075128748864	0.7893462469733656
24	0.3987275791168213	12.652144336929688	0.8188427749166919	0.7941888619854721
25	0.39826011657714844	12.445856458865679	0.8285368070281732	0.7820823244552058
26	0.39775845739576554	11.66471517773775	0.8385337776431384	0.7772397094430993
27	0.3972989746502468	11.288300759517229	0.8439866707058468	0.7869249394673123
28	0.39691069208342455	11.198158763922178	0.8515601332929416	0.7990314769975787
29	0.39651862780253094	10.420023657381535	0.8651923659497122	0.7966101694915254
30	0.39608217054797756	9.6815825597598	0.8709481975159042	0.7723970944309927
31	0.3958130106329918	9.848142032439892	0.8706452590124205	0.8038740920096852
32	0.3955323912880637	8.98249405894715	0.8836716146622235	0.8038740920096852
33	0.39531678311965046	8.338008586603861	0.8960920933050591	0.784503631961259
34	0.39516778673444475	8.021878641385298	0.899121478339897	0.801452784503632
35	0.3949557277891371	8.040829205455688	0.900636170857316	0.7966101694915254
36	0.3946612139005919	6.5682217719463205	0.9182066040593759	0.7966101694915254
37	0.39452869013736125	6.370340497304614	0.9176007270524084	0.8062953995157385
38	0.3943610619275998	5.628609334047024	0.9333535292335656	0.8111380145278451
39	0.3941406846046448	5.322274287159626	0.9351711602544683	0.8038740920096852
40	0.3939857308457537	4.77604593250614	0.941532868827628	0.8135593220338984
41	0.39381779943193707	4.535400587492264	0.9436534383520145	0.8111380145278451
42	0.3936044559922329	4.3928838057013655	0.943047561345047	0.8062953995157385
43	0.39341049844568426	2.953531091602949	0.9630415025749772	0.7990314769975787
44	0.3933878421783447	2.391045880647233	0.9730384731899424	0.8111380145278451
45	0.39334768316020136	2.3075015606501927	0.97364435019691	0.8038740920096852
46	0.3933342822054599	2.612610826179242	0.97364435019691	0.8062953995157385
47	0.393317515651385	1.997903186111496	0.980914874280521	0.8232445520581114
48	0.39328912812836314	1.5086130529346589	0.983944259315359	0.8184019370460048
49	0.393279504776001	1.1589819536557815	0.9875795213571645	0.8305084745762712
50	0.39312228502011765	0.9074507186977336	0.9936382914268403	0.8280871670702179
51	0.39310495670025164	0.8558463711076632	0.9933353529233565	0.8184019370460048
52	0.3930272876091723	1.1646885428434381	0.9893971523780672	0.8135593220338984
53	0.39299373273496274	0.6416738530533621	0.9945471069372918	0.8184019370460048
54	0.39294912164861506	0.5757318313341014	0.9954559224477431	0.8208232445520581
55	0.3928648403712681	0.42773330851923674	0.996970614965162	0.8256658595641646
56	0.392823666857	0.9479178828097736	0.9936382914268403	0.8184019370460048
57	0.3928074466771093	0.6632776205392125	0.9957588609512269	0.8232445520581114
58	0.39281177116652666	0.4295584952434673	0.9966676764616783	0.8256658595641646
59	0.3928179343541463	0.5478487148334702	0.9957588609512269	0.8208232445520581
60	0.3927947224163618	0.5517502263801362	0.9963647379581945	0.8232445520581114
61	0.392788048713438	0.39774737157411155	0.9966676764616783	0.8353510895883777
62	0.39276647567749023	0.3448140977147537	0.9972735534686459	0.8208232445520581
63	0.39275043830275536	0.3863202813350094	0.9978794304756134	0.8280871670702179
64	0.39273083760188177	0.36098739720182493	0.9975764919721296	0.8208232445520581
65	0.3927227222558224	0.31787971653885994	0.9978794304756134	0.8208232445520581
66	0.3926607708432781	0.21750697512246775	0.9987882459860649	0.8256658595641646
67	0.3926415829097523	0.24986105517116533	0.9981823689790973	0.8184019370460048
68	0.3926400965538578	0.25743041511920567	0.998485307482581	0.8256658595641646
69	0.39263948713030133	0.2305790697931885	0.9981823689790973	0.8159806295399515
70	0.3926258993820405	0.21356002383310205	0.9981823689790973	0.8280871670702179
71	0.39263375600179035	0.3075790035072714	0.9975764919721296	0.8305084745762712
72	0.39263080570795766	0.24232385106817952	0.998485307482581	0.8184019370460048
73	0.3925797520457087	0.16163623662522206	0.9987882459860649	0.8305084745762712
74	0.3925729274749756	0.2550342998015192	0.9978794304756134	0.8208232445520581
75	0.3926456758850499	0.16353850867464922	0.998485307482581	0.8280871670702179
76	0.39269405526000184	0.2390262959838415	0.9978794304756134	0.8208232445520581
77	0.3927281391926301	0.20082627492509067	0.9981823689790973	0.8280871670702179
78	0.3927806027327912	0.19807180512725608	0.9981823689790973	0.8305084745762712
79	0.39284768998622893	0.1924450604498046	0.9981823689790973	0.8256658595641646
80	0.3927286112750018	0.13870338332218615	0.9987882459860649	0.8232445520581114
81	0.39263326656527636	0.19061928927056634	0.9981823689790973	0.8256658595641646
-1	-1	-1	-1	-1
0	0.4704256057739258	21.161881281779362	0.6222356861557103	0.576271186440678
1	0.43056321144104004	21.326621064772972	0.5813389881853983	0.6368038740920097
2	0.4177204767862956	20.265018696968372	0.6376855498333838	0.6198547215496368
3	0.41173309087753296	19.476220321196777	0.6658588306573765	0.6416464891041163
4	0.4075764179229736	18.711785243107723	0.6934262344744017	0.6803874092009685
5	0.4051618178685506	18.89021602846109	0.6831263253559527	0.6924939467312349
6	0.40372276306152344	18.19762394290704	0.7049378976067858	0.7360774818401937
7	0.40219131112098694	17.814041907970722	0.7182671917600727	0.7094430992736077
8	0.40074626604715985	17.53063217034707	0.7273553468645865	0.6876513317191283
9	0.3993158578872681	17.555594224196213	0.7285671008785216	0.7336561743341404
10	0.3979142362421209	17.111119050246018	0.7449257800666464	0.7070217917675545
11	0.39708195130030316	16.695749865128445	0.7528021811572251	0.7602905569007264
12	0.3967810043921837	16.440026849508286	0.7564374431990306	0.7336561743341404
13	0.3965843234743391	15.93453948543622	0.7600727052408361	0.738498789346247
14	0.39613978068033856	15.96839596445744	0.7627991517721903	0.7578692493946732
15	0.39612841606140137	15.385219882314022	0.7782490154498637	0.7530266343825666
16	0.39617085456848145	14.997669396492151	0.7770372614359286	0.7651331719128329
17	0.3961002826690674	14.675997958733486	0.7897606785822479	0.7651331719128329
18	0.39606961451078715	14.415879222062918	0.7955165101484398	0.7651331719128329
19	0.39606361389160155	14.210613089112135	0.803998788245986	0.7651331719128329
20	0.39600183850242976	13.617552489042282	0.8109663738261133	0.7723970944309927
21	0.39573880759152497	13.329652855029472	0.8067252347773401	0.7675544794188862
22	0.39555040649745776	12.736695097042965	0.8221750984550137	0.7627118644067796
23	0.39503539601961773	12.646494765694325	0.821569221448046	0.7796610169491526
24	0.3948171424865723	12.177530497885668	0.8342926385943653	0.7723970944309927
25	0.39470990804525524	11.434469174880247	0.8412602241744925	0.7820823244552058
26	0.39457209904988605	11.21993692104633	0.8439866707058468	0.7941888619854721
27	0.3944938864026751	10.466648303545439	0.8597394728870039	0.7941888619854721
28	0.39439087078489105	10.021749267211327	0.8642835504392609	0.801452784503632
29	0.3940683523813883	9.353078857350807	0.8760981520751288	0.7990314769975787
30	0.3936832412596672	8.72696043092471	0.8818539836413208	0.8087167070217918
31	0.3936096206307411	8.081846542656422	0.8945774007876401	0.801452784503632
32	0.39349551634355023	7.707803400663229	0.8988185398364132	0.8087167070217918
33	0.3934472168193144	6.935874650111566	0.9103302029687973	0.8135593220338984
34	0.39350190162658694	6.092883829887096	0.9176007270524084	0.8087167070217918
35	0.3934700025452508	6.03942756412121	0.9233565586186004	0.8159806295399515
36	0.393453649572424	5.134978718482531	0.9351711602544683	0.801452784503632
37	0.39381280070857	4.7157546797624	0.9409269918206604	0.8087167070217918
38	0.39378758577200085	4.000523549432938	0.9539533474704635	0.7990314769975787
39	0.39371304512023925	3.5137953523259897	0.9600121175401394	0.8208232445520581
40	0.39367898499093407	2.9101044570024195	0.9645561950923962	0.8038740920096852
41	0.393623153368632	3.1573107738155297	0.9633444410784611	0.8159806295399515
42	0.39335890703423076	1.874599363296651	0.9797031202665859	0.8135593220338984
43	0.39332212101329456	1.942246483101581	0.980914874280521	0.7869249394673123
44	0.39317500326368543	2.3131013329212484	0.9803089972735535	0.8087167070217918
45	0.3929534684056821	1.3820802737027407	0.9857618903362617	0.8256658595641646
46	0.39284344936939	1.2212974444891398	0.9869736443501969	0.801452784503632
47	0.39276327192783356	1.0100594526604534	0.9906089063920024	0.8087167070217918
48	0.392578801330255	0.6864601070097146	0.9951529839442593	0.7990314769975787
49	0.3924260950088501	0.9125169780678474	0.99121478339897	0.784503631961259
50	0.3923136673721613	0.7167945516725572	0.9933353529233565	0.8087167070217918
51	0.3922039224551274	0.6472959246289415	0.9951529839442593	0.8087167070217918
52	0.3921580404605506	0.4860669872454869	0.9960617994547107	0.8062953995157385
53	0.3920209054593687	0.45670238462760326	0.9966676764616783	0.8062953995157385
54	0.3918444503437389	0.3440525928507178	0.9972735534686459	0.8111380145278451
55	0.3917847914355142	0.27994856112994826	0.9978794304756134	0.8111380145278451
56	0.39166883418434545	0.40863605169579387	0.9978794304756134	0.8087167070217918
57	0.3915823985790384	0.31528134733469837	0.9978794304756134	0.8062953995157385
58	0.39148576380842826	0.43316064120517694	0.9975764919721296	0.801452784503632
59	0.39146477381388345	0.369708808208368	0.996970614965162	0.8111380145278451
60	0.39138267470187826	0.3596733448122485	0.996970614965162	0.8038740920096852
61	0.3915032571361911	0.3514392548106396	0.9978794304756134	0.8062953995157385
62	0.39157332314385307	0.28744108279575953	0.9972735534686459	0.8087167070217918
63	0.3916582427918911	0.2847667172900401	0.9975764919721296	0.8062953995157385
64	0.39173067533052885	0.3820042916212025	0.9975764919721296	0.8184019370460048
65	0.39172692371137213	0.2513715165975135	0.998485307482581	0.801452784503632
-1	-1	-1	-1	-1
0	0.5224087238311768	22.378769108882317	0.5534686458648894	0.6464891041162227
1	0.4573676586151123	21.31793771111048	0.5674038170251439	0.6852300242130751
2	0.434647798538208	19.70946279855875	0.6616176916086035	0.6779661016949152
3	0.4235466718673706	20.306778884851017	0.6428355043926083	0.7142857142857143
4	0.41558036804199217	19.52221416739317	0.6667676461678279	0.6973365617433414
5	0.4108988841374715	18.45526197208808	0.6943350499848531	0.612590799031477
6	0.407524721963065	19.010259832327183	0.6873674644047258	0.6997578692493946
7	0.4046439826488495	17.994131571971455	0.7085731596485914	0.5883777239709443
8	0.4023078547583686	17.88183587617599	0.70766434413814	0.7360774818401937
9	0.4009284496307373	17.4292014332918	0.7243259618297485	0.7506053268765133
10	0.3996835838664662	17.167072456616623	0.744016964556195	0.7481840193704601
11	0.3988027771313985	16.86142158279052	0.7421993335352923	0.7554479418886199
12	0.39789350216205305	16.540452565138157	0.7503786731293547	0.7627118644067796
13	0.39697822502681185	16.109290992984405	0.7564374431990306	0.7506053268765133
14	0.3961803913116455	15.907602273500883	0.7600727052408361	0.7627118644067796
15	0.39555002748966217	15.678649281079952	0.7682520448348985	0.6779661016949152
16	0.395137253929587	15.604942656480349	0.7673432293244471	0.7699757869249395
17	0.39488253328535294	15.09292159630702	0.7761284459254771	0.7675544794188862
18	0.3945527202204654	14.297620612841387	0.7952135716449561	0.7772397094430993
19	0.39407756328582766	14.32870359145678	0.7897606785822479	0.7796610169491526
20	0.3940203416915167	13.900828092144085	0.8000605877006968	0.7796610169491526
21	0.39365046674555	13.372336302812283	0.8103604968191457	0.7820823244552058
22	0.3933843011441438	13.082064823462414	0.814298697364435	0.7990314769975787
23	0.3932761649290721	12.65034731878684	0.8227809754619813	0.7869249394673123
24	0.3930850696563721	12.149263651325153	0.8339897000908816	0.8062953995157385
25	0.3929021725287804	11.89458106114314	0.8403514086640412	0.7917675544794189
26	0.3926376148506447	11.62871818187145	0.8433807936988791	0.7941888619854721
27	0.3923783983503069	11.098951724859385	0.8533777643138443	0.8087167070217918
28	0.3923148286753687	10.467427297280384	0.8636776734322933	0.8038740920096852
29	0.392302934328715	10.154477671075325	0.8691305664950015	0.8256658595641646
30	0.3922455157003095	9.50514746285402	0.8757952135716449	0.8038740920096852
31	0.3921702057123184	9.525274940408194	0.874280521054226	0.8159806295399515
32	0.392026474981597	8.885871530725407	0.883065737655256	0.8087167070217918
33	0.3919031059040743	8.230283659238081	0.8948803392911239	0.8087167070217918
34	0.3917954853602818	7.543131788762716	0.9051802484095729	0.8184019370460048
35	0.39177482657962376	7.278149001873457	0.9112390184792487	0.8087167070217918
36	0.3917653045138797	6.985212851029176	0.9163889730384732	0.8208232445520581
37	0.39168120057959305	6.217109857718102	0.9248712511360194	0.8184019370460048
38	0.3915318953685271	5.717912123466913	0.9297182671917601	0.7990314769975787
39	0.39149418473243713	5.369866567162367	0.9342623447440169	0.8038740920096852
40	0.3916430589629383	5.013106296841915	0.9421387458345956	0.784503631961259
41	0.3918133917308989	5.191632240903205	0.9342623447440169	0.7941888619854721
42	0.39197020752485406	3.793723116413905	0.9509239624356256	0.7820823244552058
43	0.3920990933071483	3.813131349304548	0.9557709784913663	0.7917675544794189
44	0.39210256470574273	3.2752148606814444	0.9627385640714935	0.8038740920096852
45	0.39207880393318506	2.651129501191183	0.9706149651620721	0.8208232445520581
46	0.39213032925382574	2.321186617876475	0.9766737352317479	0.8135593220338984
47	0.3921854843695958	1.8463426645880996	0.9806119357770373	0.8184019370460048
48	0.3922619868297966	3.1757205637136043	0.96485913359588	0.8038740920096852
49	0.39237093925476074	2.164810353746781	0.9763707967282642	0.8184019370460048
-1	-1	-1	-1	-1
0	0.47413086891174316	21.6931604880553	0.5860084797092671	0.6440677966101694
1	0.43593692779541016	20.18261167865533	0.6384009691096305	0.6343825665859564
2	0.42241493860880536	19.30193937283296	0.677771047849788	0.7021791767554479
3	0.4144027829170227	18.53693180817824	0.7013930950938825	0.6707021791767555
4	0.4108144283294678	18.66914518521382	0.693519079345851	0.6464891041162227
5	0.40837689240773517	17.63133795444782	0.7144155057540884	0.6997578692493946
6	0.4061731610979353	17.920810273060432	0.7104784978800727	0.7360774818401937
7	0.40546271204948425	17.346953080250668	0.7328891580860085	0.6440677966101694
8	0.4041990704006619	17.149790007334488	0.7310720775287705	0.7409200968523002
9	0.4032334804534912	16.956654587617287	0.7374318594791036	0.7312348668280871
10	0.40260340950705786	16.5612531717007	0.7483343428225318	0.738498789346247
11	0.4024769862492879	16.349347855036076	0.7528770442156268	0.7360774818401937
12	0.4014762181502122	16.15620835469319	0.7477286493034525	0.7554479418886199
13	0.40086439677647184	15.835514527100782	0.7577225923682617	0.7360774818401937
14	0.40037962595621746	15.459018308382769	0.7695336159903089	0.7409200968523002
15	0.39982742071151733	14.713607925635118	0.7771047849788008	0.7602905569007264
16	0.39949773339664235	14.606402241266691	0.7877044215626893	0.7627118644067796
17	0.398984882566664	14.475098985892076	0.7883101150817686	0.7627118644067796
18	0.39877772331237793	14.146120401529165	0.7995154451847365	0.7433414043583535
19	0.3985696792602539	13.946161995713528	0.7934585099939431	0.7506053268765133
20	0.3982012612479074	13.605311187414022	0.8046638400969109	0.7723970944309927
21	0.39768356626684015	13.14765240595891	0.8110236220472441	0.7506053268765133
22	0.3975011991417926	12.680788141030531	0.8195033313143549	0.7699757869249395
23	0.39758411049842834	12.978005421849398	0.8219261053906723	0.7796610169491526
24	0.3976480579376221	12.09611586194772	0.8373712901271957	0.7627118644067796
25	0.39701981727893537	11.710635276941153	0.8419139915202908	0.774818401937046
26	0.3963763448927138	11.290656956915672	0.84251968503937	0.774818401937046
27	0.39579564332962036	11.069341892233261	0.8506965475469412	0.7820823244552058
28	0.3951543775098077	10.645444251023806	0.8628104179285282	0.7869249394673123
29	0.3947996775309245	10.086613707817518	0.8728043609933374	0.7990314769975787
30	0.39446244701262445	9.636524967276133	0.8761356753482737	0.7966101694915254
31	0.394123911857605	9.346354120052778	0.8767413688673531	0.784503631961259
32	0.39372218016422156	8.862129046366764	0.8894609327680194	0.7941888619854721
33	0.39337510221144734	8.320955016292059	0.8982434887946699	0.7869249394673123
34	0.3930503640856062	7.507629473048907	0.9043004239854634	0.7602905569007264
35	0.39278001917733085	7.252219524521094	0.9076317383403998	0.7966101694915254
36	0.3924793294958166	6.506830992893531	0.9200484554815264	0.784503631961259
37	0.39225846842715617	6.3593148703758535	0.9218655360387644	0.801452784503632
38	0.39203371757116073	5.899412247997064	0.9264082374318595	0.7893462469733656
39	0.39175123572349546	5.336614962953788	0.9318594791035736	0.7990314769975787
40	0.3916959820724115	5.239525339924372	0.9376135675348274	0.774818401937046
41	0.3916776861463274	4.3752691591015225	0.9445790430042399	0.7796610169491526
42	0.3916814881701802	3.6593245692694416	0.9579043004239854	0.7966101694915254
43	0.39168020811947907	3.4480795142455745	0.9572986069049061	0.7941888619854721
44	0.39162491162618	3.294825004843565	0.9618413082980012	0.7820823244552058
45	0.3916341273680977	2.54626587835642	0.9715324046032707	0.7941888619854721
46	0.39155033801464323	2.156466574049913	0.9742580254391278	0.8159806295399515
47	0.39160342514514923	1.8946209543456252	0.9791035735917626	0.7966101694915254
48	0.39161265626245617	1.4736791007364025	0.9857662023016354	0.7990314769975787
49	0.39161034107208254	1.2968415945338516	0.9854633555420957	0.784503631961259
50	0.39153476789885877	1.2572488221698082	0.9903089036947305	0.7966101694915254
51	0.39138956711842465	1.0124922720715404	0.9912174439733494	0.7917675544794189
52	0.39128191516084493	0.7532072746409819	0.9936402180496668	0.7893462469733656
53	0.39118196346141676	0.9246115320151708	0.9927316777710479	0.7966101694915254
54	0.3911252108487216	0.6575612159985422	0.9954572986069049	0.7893462469733656
55	0.3910753088338034	0.9724832270115328	0.9921259842519685	0.7966101694915254
56	0.3910402038641143	0.7415337502786945	0.9954572986069049	0.7869249394673123
57	0.39094256532603294	0.5642199402612348	0.9954572986069049	0.7941888619854721
58	0.3908811383328195	0.45570018197185375	0.9969715324046032	0.7893462469733656
59	0.390829070409139	0.4651455348312783	0.9966686856450636	0.7941888619854721
60	0.3910306086305712	0.4399980151138152	0.9963658388855239	0.7917675544794189
61	0.3909827316960981	0.4275304664714405	0.9975772259236826	0.7990314769975787
62	0.3909225350334531	0.3462795445722385	0.9975772259236826	0.7966101694915254
63	0.3908143937587738	0.3570617814044593	0.997274379164143	0.7990314769975787
64	0.3907805186051589	0.39948698903026525	0.9963658388855239	0.801452784503632
65	0.39088980356852215	0.311565312519983	0.9969715324046032	0.801452784503632
66	0.39081211588275966	0.23121559178868595	0.9981829194427619	0.801452784503632
-1	-1	-1	-1	-1
0	0.5230116844177246	21.585846382838028	0.6067211625794732	0.6771844660194175
1	0.45730578899383545	20.553163239589104	0.6227671813502876	0.6432038834951457
2	0.4332896868387858	19.761162567597168	0.6527399333938844	0.6771844660194175
3	0.4209511876106262	19.07454579610091	0.6796851347260067	0.6868932038834952
4	0.4135432720184326	19.128541937241188	0.6845292158643658	0.6116504854368932
5	0.40906469027201336	19.087626613103428	0.6818044202240388	0.7233009708737864
6	0.4057919297899519	18.23904591340285	0.701180744777475	0.720873786407767
7	0.4033784568309784	17.97436425777582	0.7105661519830457	0.7184466019417476
8	0.4014401435852051	17.755068467213558	0.7323645171056615	0.7087378640776699
9	0.3995586633682251	17.060549992781418	0.7475022706630337	0.6504854368932039
10	0.3981686288660223	17.130522407018223	0.7444747199515592	0.7354368932038835
11	0.3972569505373637	16.706289055255745	0.7496215561610657	0.7111650485436893
12	0.39650454887977016	16.180699536433586	0.7629427792915532	0.7524271844660194
13	0.3958808694566999	16.102601257654335	0.7641537995761429	0.7718446601941747
14	0.39524110158284503	16.04669249516267	0.7574931880108992	0.7621359223300971
15	0.3945392817258835	15.194395934159939	0.7759612473508931	0.75
16	0.3941922047558953	15.06758761864442	0.7832273690584317	0.7548543689320388
17	0.3939012024137709	14.768460090343769	0.7832273690584317	0.7305825242718447
18	0.3937416955044395	14.366050043931374	0.7959430820466242	0.7742718446601942
19	0.3938577890396118	14.023993973548595	0.8029064486830154	0.7645631067961165
20	0.39392151151384625	14.00451346544119	0.8095670602482592	0.7572815533980582
21	0.39382571523839777	13.167635913078602	0.8113835906751438	0.7936893203883495
22	0.3936778980752696	12.801580795874962	0.8283378746594006	0.7621359223300971
23	0.3936552206675212	12.530280807843575	0.8219800181653043	0.7597087378640777
24	0.3936645984649658	11.76982065032308	0.8431728731456252	0.7839805825242718
25	0.39381272059220535	11.660092321725992	0.8489252194974266	0.7864077669902912
26	0.3938607198220712	10.815448680749306	0.8580078716318499	0.7669902912621359
27	0.39383357763290405	10.59899064210745	0.8643657281259461	0.7815533980582524
28	0.3937965672591637	10.303807088961968	0.8695125643354527	0.7985436893203883
29	0.393815811475118	9.574119358681715	0.8870723584620043	0.7936893203883495
30	0.39383542153143114	8.922942869938337	0.8907054193157735	0.8009708737864077
31	0.3938179090619087	8.314409213570448	0.9006963366636391	0.7718446601941747
32	0.39384685863148083	7.927509958927448	0.9006963366636391	0.8106796116504854
33	0.39384861553416534	7.197702743972723	0.9128065395095368	0.8033980582524272
34	0.39377501351492744	7.080933725604644	0.9167423554344535	0.8009708737864077
35	0.3936971094873216	6.136867334063236	0.9227974568574023	0.8033980582524272
36	0.3934853527996991	5.362231545723402	0.9379352104147745	0.8058252427184466
37	0.39332715461128637	4.776425546751573	0.9379352104147745	0.8033980582524272
38	0.39321486766521746	4.510959861943355	0.9400544959128065	0.8033980582524272
39	0.3930885851383209	3.8698269105874576	0.9545867393278837	0.8228155339805825
40	0.39293106009320516	3.498981642608459	0.9585225552528005	0.7961165048543689
41	0.39270784741356257	2.5906170534972963	0.971843778383288	0.8058252427184466
42	0.3925460216610931	2.308576973441702	0.9742658189524674	0.8033980582524272
43	0.3924290646206249	2.279220947570418	0.9742658189524674	0.7839805825242718
44	0.3923670980665419	2.1379961541925487	0.9763851044504995	0.7864077669902912
45	0.3922571099322775	1.8535368008485351	0.9806236754465637	0.7985436893203883
46	0.3920893415491632	1.173421382546971	0.9887980623675446	0.779126213592233
47	0.3919994831085205	1.200151051573742	0.9881925522252498	0.7936893203883495
48	0.39188877417116746	1.0302196480871106	0.9894035725098396	0.8009708737864077
49	0.3919509744644165	0.685131779889791	0.9942476536481986	0.7912621359223301
50	0.39200780438441857	0.7434103793392961	0.9936421435059037	0.7815533980582524
51	0.3920227105800922	1.4466243784588118	0.9860732667272177	0.7742718446601942
52	0.39205301032876066	0.8961932068996248	0.9915228580078717	0.7864077669902912
53	0.3920220666461521	0.6585251935130845	0.9951559188616409	0.7936893203883495
54	0.39199606722051444	0.4655273247092107	0.9960641840750832	0.7888349514563107
55	0.39204834188733784	0.5010415675978248	0.9969724492885256	0.7839805825242718
56	0.39206166852984514	0.43696889365897873	0.9975779594308205	0.7912621359223301
57	0.39205792032439135	0.33167467225128067	0.9969724492885256	0.7864077669902912
58	0.3919965372247211	0.41359628300863105	0.9969724492885256	0.7864077669902912
59	0.39200539588928224	0.34101519936946434	0.997275204359673	0.7888349514563107
-1	-1	-1	-1	-1
0	0.46732139587402344	20.94011758841001	0.6270057523463518	0.6529126213592233
1	0.42961740493774414	20.82269760278555	0.6070239176506207	0.6504854368932039
2	0.4172184467315674	19.66618591088515	0.6624280956706025	0.5266990291262136
3	0.41045016050338745	19.336260923972496	0.6754465637299425	0.6456310679611651
4	0.4067582607269287	18.72341885933509	0.6969421737814109	0.691747572815534
5	0.40549516677856445	19.138464306409542	0.6724190130184681	0.6699029126213593
6	0.4041494301387242	18.86832104279445	0.6784741144414169	0.6990291262135923
7	0.4018612802028656	17.808541073248936	0.719648804117469	0.7014563106796117
8	0.4002011881934272	17.49814830835049	0.7208598244020588	0.6893203883495146
9	0.398756742477417	17.18027362915186	0.7332727823191039	0.7063106796116505
10	0.39819899472323333	17.071133370582874	0.7363003330305783	0.6844660194174758
11	0.3974143664042155	17.33817845812211	0.7275204359673024	0.7063106796116505
12	0.39635658264160156	16.49358694599225	0.7553739025128671	0.7378640776699029
13	0.3958185911178589	16.387006901777706	0.7611262488646685	0.7354368932038835
14	0.3956881523132324	16.275264827104714	0.7544656372994247	0.75
15	0.3954750746488571	15.452440979389044	0.776566757493188	0.7669902912621359
16	0.39551977550282197	14.940200278392204	0.7920072661217076	0.7766990291262136
17	0.3955228063795302	14.579883712988634	0.7980623675446564	0.779126213592233
18	0.39541687463459213	14.137115194247318	0.8077505298213745	0.8058252427184466
19	0.39492695331573485	13.653361084369513	0.8138056312443234	0.8033980582524272
20	0.3944754373459589	13.671171848590557	0.8095670602482592	0.7742718446601942
21	0.39408671855926514	13.262633176950308	0.8213745080230094	0.8033980582524272
22	0.3938222968060037	12.512101989526014	0.8316681804420224	0.7864077669902912
23	0.39371179540952045	12.847206793152369	0.823191038449894	0.8131067961165048
24	0.39358762741088865	11.671173627559956	0.8449894035725098	0.7766990291262136
25	0.3933397623208853	11.632044219053709	0.8404480775052983	0.8155339805825242
26	0.3930746007848669	11.200491192822273	0.8516500151377535	0.8009708737864077
27	0.3928387590817043	10.414743094490124	0.8634574629125038	0.7839805825242718
28	0.39252286943896064	10.133342761259813	0.867090523766273	0.8228155339805825
29	0.3923261404037476	9.396712988041914	0.8788979715410233	0.7888349514563107
30	0.39214264192888815	9.244510187552525	0.8852558280351196	0.808252427184466
31	0.3919479325413704	8.47169233743961	0.8937329700272479	0.8349514563106796
32	0.39177034117958764	7.696782174018713	0.9052376627308507	0.7961165048543689
33	0.3916328233831069	7.309485320861523	0.9112927641537996	0.8203883495145631
34	0.39158665793282643	6.498092606663704	0.9237057220708447	0.8179611650485437
35	0.39157408475875854	5.718389170602537	0.932182864062973	0.8228155339805825
36	0.39152691815350504	5.510106501670984	0.9318801089918256	0.8058252427184466
37	0.39143010189658717	5.107910263710297	0.937632455343627	0.8252427184466019
38	0.3912631120437231	4.542364239979249	0.9482288828337875	0.8131067961165048
39	0.3912749469280243	3.937622968537303	0.9509536784741145	0.8106796116504854
40	0.39132445033003643	4.569291094318032	0.9479261277626401	0.8106796116504854
41	0.39133264337267193	2.7553624304441304	0.9715410233121404	0.8179611650485437
42	0.391372375710066	2.6970983169113216	0.9697244928852559	0.8155339805825242
43	0.39122328433123504	2.025412516381878	0.9775961247350893	0.8300970873786407
44	0.3911785655551486	1.5553362888570588	0.981531940660006	0.8252427184466019
45	0.3912401251170946	1.7600007767144303	0.9797154102331214	0.8155339805825242
46	0.391328050735149	1.655373755412606	0.982137450802301	0.8058252427184466
47	0.39141761263211566	1.370575147179457	0.9854677565849228	0.7912621359223301
48	0.3915172596367038	0.926296125295966	0.9906145927944293	0.8131067961165048
49	0.3915898370742798	0.9461902124234117	0.9900090826521344	0.8009708737864077
50	0.39159738316255455	0.8240157759372289	0.9906145927944293	0.8009708737864077
51	0.39162860008386463	0.5678403387207184	0.9954586739327884	0.8155339805825242
-1	-1	-1	-1	-1
0	0.4778118133544922	21.14020741902865	0.6184130829800121	0.6844660194174758
1	0.43741726875305176	21.133022436728844	0.6035735917625682	0.7014563106796117
2	0.4230434099833171	19.534365961184868	0.6714112658994549	0.5898058252427184
3	0.4167868494987488	19.00208434691796	0.6923076923076923	0.75
4	0.41141533851623535	18.364011970850136	0.7035130224106602	0.7184466019417476
5	0.40809329350789386	18.823251556891663	0.6829194427619625	0.7281553398058253
6	0.4055030345916748	18.503400527513943	0.7026044821320412	0.7669902912621359
7	0.403685063123703	18.123555664832775	0.7026044821320412	0.6966019417475728
8	0.40254855155944824	17.77919544164951	0.7147183525136281	0.6796116504854369
9	0.4013758420944214	17.545724323162666	0.7304663840096911	0.7402912621359223
10	0.4003591970963912	17.329565843710533	0.7331920048455481	0.7063106796116505
11	0.39924152692159015	17.531942113087727	0.7386432465172623	0.7548543689320388
12	0.39812185214116025	16.538675454946663	0.7634766807995155	0.7572815533980582
13	0.39762420313698904	16.377994349369636	0.7622652937613568	0.7597087378640777
14	0.3970357894897461	15.742608581597988	0.7734706238643246	0.75
15	0.3969539552927017	15.68462253992374	0.7771047849788008	0.7694174757281553
16	0.39689501594094667	15.154345968594917	0.7837674136886735	0.7669902912621359
17	0.3967008855607774	14.862942998225872	0.7910357359176257	0.7742718446601942
18	0.3964007402721204	14.486289002574408	0.8001211387038158	0.7839805825242718
19	0.3961148142814636	14.061090786583149	0.8043609933373713	0.7888349514563107
20	0.39604952221825007	14.116991251707077	0.8016353725015143	0.7888349514563107
21	0.39607689597389917	13.622523344480074	0.8188976377952756	0.8155339805825242
22	0.39615062008733337	13.152460680558132	0.8207147183525136	0.8033980582524272
23	0.39625216523806256	13.084589185623022	0.8261659600242277	0.7766990291262136
24	0.3962461566925049	12.550184123791182	0.8243488794669896	0.7936893203883495
25	0.3961235193105844	12.316630506744751	0.8367655966081163	0.7936893203883495
26	0.39609164661831325	12.069582419899794	0.8367655966081163	0.8131067961165048
27	0.3960292509623936	11.467228586857136	0.8446396123561478	0.8106796116504854
28	0.3959156809182003	11.04489705654291	0.8606904906117504	0.8009708737864077
29	0.3958241860071818	10.828198779087801	0.8612961841308298	0.808252427184466
30	0.3958217713140672	10.263266834502037	0.8706844336765597	0.7888349514563107
31	0.3956717476248741	9.361092186891115	0.886129618413083	0.7839805825242718
32	0.39548402844053326	9.058810027746054	0.8797698364627499	0.8179611650485437
33	0.39546744963702035	8.658802520770292	0.8876438522107813	0.8179611650485437
34	0.3952991553715297	8.467951144593266	0.8900666262870988	0.8009708737864077
35	0.39526457256740993	7.529626320187862	0.9058146577831617	0.7888349514563107
36	0.395124880043236	6.999423247117263	0.9079345850999394	0.8033980582524272
37	0.3949090744319715	6.78729719725939	0.9121744397334949	0.8203883495145631
38	0.39463006533109224	5.819555625892603	0.9309509388249546	0.8131067961165048
39	0.39437306523323057	5.358124161568972	0.934282253179891	0.8033980582524272
40	0.39418899140706876	4.8568458674618835	0.9433676559660812	0.7888349514563107
41	0.3940583864847819	4.409175906330347	0.9448818897637795	0.8058252427184466
42	0.3938949329908504	4.133375982252451	0.9497274379164143	0.8106796116504854
43	0.3937345201318914	3.259181894361973	0.9624470018170805	0.7864077669902912
44	0.3936356438530816	2.8875844176285543	0.9654754694124773	0.7936893203883495
45	0.3934664311616317	2.7276123685296625	0.9727437916414294	0.7961165048543689
46	0.39348789986143723	1.9133836350654467	0.9797092671108419	0.8033980582524272
47	0.3934134393930435	1.9312635384983599	0.9766807995154452	0.7888349514563107
48	0.3933148092153121	1.6811859005056948	0.9827377347062386	0.7985436893203883
49	0.393165283203125	1.583661946700886	0.9875832828588734	0.7936893203883495
50	0.39313798324734556	1.1264892810454161	0.9903089036947305	0.7985436893203883
51	0.39304850651667667	0.8695335206933893	0.9930345245305875	0.8009708737864077
52	0.3930587408677587	0.8770820138116295	0.9939430648092066	0.7961165048543689
53	0.39309624830881756	0.6921558981188215	0.9969715324046032	0.8009708737864077
54	0.3929650566794656	0.7778761826204852	0.9942459115687462	0.7985436893203883
55	0.3928642783846174	0.5630135327944747	0.9954572986069049	0.7839805825242718
56	0.39272839144656535	0.7579860252937158	0.9930345245305875	0.7961165048543689
57	0.3926867698800975	0.6590261290321695	0.9942459115687462	0.8009708737864077
-1	-1	-1	-1	-1
0	0.4728965759277344	21.41404367180971	0.6219327476522266	0.6246973365617433
1	0.4343301057815552	20.97943654197913	0.6089063920024235	0.612590799031477
2	0.42098379135131836	21.132608044605988	0.5886095122690094	0.648910411622276
3	0.41330069303512573	19.87397373181123	0.6510148439866708	0.6779661016949152
4	0.4088778495788574	18.863344041200783	0.6831263253559527	0.6610169491525424
5	0.4062134822209676	18.893300955112164	0.6919115419569827	0.6900726392251816
6	0.4058800424848284	18.29762341425969	0.7022114510754317	0.6997578692493946
7	0.4047449827194214	18.144980520009995	0.7143289912147834	0.6731234866828087
8	0.40340479214986164	18.146609129814003	0.713420175704332	0.639225181598063
9	0.4020618200302124	18.24531842653568	0.7064525901242048	0.6755447941888619
10	0.40111338008533826	17.68472389762218	0.7249318388367162	0.7215496368038741
11	0.4005138079325358	16.94796064037543	0.7446228415631627	0.6924939467312349
12	0.39921197524437535	16.758926906264744	0.7446228415631627	0.7457627118644068
13	0.3983294112341745	16.179335137972465	0.7534080581641927	0.7167070217917676
14	0.3974609851837158	15.874594354858765	0.7637079672826417	0.738498789346247
15	0.39672741293907166	15.613354545373182	0.7724931838836716	0.7530266343825666
16	0.39614110834458294	15.308406568490541	0.7761284459254771	0.7457627118644068
17	0.3958233462439643	15.26468818462812	0.7773401999394123	0.7142857142857143
18	0.39547826114453766	14.767719759390904	0.7888518630717964	0.7457627118644068
19	0.39512206315994264	14.362019765835543	0.7952135716449561	0.7457627118644068
20	0.39479565620422363	14.053539702525505	0.803998788245986	0.7167070217917676
21	0.3946074572476474	13.701802503604155	0.8073311117843078	0.738498789346247
22	0.3944171096967614	13.21733578810325	0.814298697364435	0.7409200968523002
23	0.3942923943201701	12.992735266685486	0.8209633444410784	0.7554479418886199
24	0.39410035133361815	12.535725841155418	0.826113299000303	0.7699757869249395
25	0.3940068850150475	11.998566096791855	0.8294456225386246	0.7796610169491526
26	0.3937392499711778	11.587656701986607	0.8397455316570737	0.7554479418886199
27	0.3939208132880075	11.31492527631613	0.8421690396849439	0.7360774818401937
28	0.3939673489537732	10.790671346279291	0.8521660102999091	0.784503631961259
29	0.3940798997879028	10.171674375350658	0.8606482883974553	0.7796610169491526
30	0.3941751372429632	9.364136353708231	0.8730687670402908	0.7796610169491526
31	0.3942977115511894	8.760336501094011	0.8827627991517721	0.7699757869249395
32	0.3944419225056966	8.499747175436754	0.8909421387458346	0.7675544794188862
33	0.3945176461163689	7.595033856538626	0.8985156013329294	0.7578692493946732
34	0.3946175507136754	6.797996112360404	0.9124507724931838	0.7578692493946732
35	0.39475079377492267	6.666595380466718	0.9097243259618297	0.774818401937046
36	0.3948981826369827	5.922488805193168	0.9245683126325356	0.7699757869249395
37	0.3950202841507761	5.974258440331771	0.9294153286882763	0.7796610169491526
38	0.3950956295698117	4.932227564474138	0.940018176310209	0.7578692493946732
39	0.3951911926269531	4.478267479401368	0.9451681308694335	0.7893462469733656
40	0.39517652116170743	3.6877416406686487	0.9584974250227204	0.7699757869249395
41	0.3952330123810541	2.956838429833834	0.9651620720993638	0.7917675544794189
42	0.39534935840340546	2.846956339172231	0.9706149651620721	0.8087167070217918
43	0.39549358866431494	2.43060292235504	0.97364435019691	0.7820823244552058
44	0.3955228063795302	2.1446773589660344	0.9775825507421994	0.7941888619854721
45	0.39559260658595874	1.5528843837808102	0.9842471978188427	0.7820823244552058
46	0.3955856485569731	1.7774286253395706	0.9815207512874886	0.7820823244552058
47	0.39568160474300385	1.4969861285331159	0.985458951832778	0.7941888619854721
48	0.39562814576285227	1.095922058654161	0.9915177219024538	0.7820823244552058
49	0.39559852600097656	1.2886801176579097	0.9887912753710997	0.7820823244552058
50	0.39554964327344705	0.9651070387425045	0.9924265374129052	0.774818401937046
51	0.3954748327915485	0.666407314411257	0.9945471069372918	0.7893462469733656
52	0.3954662331994974	0.5713802071359868	0.9954559224477431	0.7917675544794189
53	0.3954691798598678	0.5358676240855578	0.996970614965162	0.8038740920096852
54	0.39544028802351516	0.497792621420768	0.9960617994547107	0.7893462469733656
55	0.39549255796841215	0.4091538536774281	0.9966676764616783	0.784503631961259
56	0.3954976483395225	0.8499925831296983	0.9924265374129052	0.7990314769975787
57	0.3952557835085639	0.5132747575049647	0.9957588609512269	0.801452784503632
58	0.3950104955899513	0.4467196170366011	0.9966676764616783	0.784503631961259
59	0.395003068447113	0.3831027217540675	0.9966676764616783	0.7893462469733656
60	0.39494917822665854	0.3043693428268083	0.9975764919721296	0.7941888619854721
61	0.39492934749972436	0.28211352929233374	0.9978794304756134	0.7869249394673123
62	0.39487194258069236	0.27543121550339633	0.996970614965162	0.7941888619854721
-1	-1	-1	-1	-1
0	0.4736182689666748	23.169993602312527	0.5089366858527719	0.6949152542372882
1	0.4345054626464844	20.934445961163593	0.6086034534989397	0.6876513317191283
2	0.42096296946207684	19.939050527719353	0.6561647985458952	0.7021791767554479
3	0.4116900563240051	19.528709753201557	0.6664647076643442	0.6803874092009685
4	0.4056094169616699	19.36686086654663	0.6788851863071796	0.5714285714285714
5	0.4016931851704915	19.137855543540073	0.6743411087549227	0.7433414043583535
6	0.39896702766418457	18.33634689450264	0.6970614965162072	0.6949152542372882
7	0.39674854278564453	18.55751469043585	0.6940321114813692	0.7481840193704601
8	0.39507624838087296	18.38797794167812	0.6952438654953045	0.6731234866828087
9	0.3937207221984863	17.8117418300647	0.7197818842774917	0.738498789346247
10	0.39268775419755414	17.64206244166081	0.7200848227809754	0.7578692493946732
11	0.3916960557301839	16.99118059185835	0.7412905180248409	0.7167070217917676
12	0.3913529652815599	17.447728026371735	0.7288700393820055	0.7578692493946732
13	0.3906360013144357	16.384814630334194	0.7600727052408361	0.7772397094430993
14	0.3900394121805827	16.001260496102848	0.7621932747652227	0.7869249394673123
15	0.3895418345928192	15.643549827428965	0.7755225689185096	0.7917675544794189
16	0.38910625962650075	15.393903814829313	0.7818842774916692	0.801452784503632
17	0.3887295855416192	14.804732244748335	0.7891548015752802	0.7941888619854721
18	0.3883139961644223	14.562937516432543	0.7933959406240533	0.7820823244552058
19	0.38797253370285034	14.29686027765274	0.7979400181763102	0.774818401937046
20	0.3878428368341355	13.810787578041737	0.807028173280824	0.774818401937046
21	0.3879147551276467	13.661926843799078	0.8106634353226295	0.8087167070217918
22	0.3877968580826469	13.17982929944992	0.8167222053923053	0.7990314769975787
23	0.38769620656967163	12.713492888670702	0.8209633444410784	0.8111380145278451
24	0.3878279209136963	12.376480033764473	0.8315661920630112	0.8353510895883777
25	0.38776372029231143	12.086563587761843	0.8315661920630112	0.8087167070217918
26	0.3878395645706742	11.526527040279829	0.8427749166919115	0.8208232445520581
27	0.38791052784238544	11.05460528914745	0.8530748258103605	0.8135593220338984
28	0.3878846086304763	10.439637953272232	0.8548924568312632	0.801452784503632
29	0.3882543325424194	10.128493671233837	0.8676158739775826	0.8208232445520581
30	0.38861643114397604	9.783888353751255	0.8700393820054529	0.8159806295399515
31	0.38893983513116837	9.092133436925137	0.8764010905786126	0.8135593220338984
32	0.38923477404045337	8.542173692240166	0.8915480157528022	0.8329297820823245
33	0.38923289495355945	8.162853181362152	0.8915480157528022	0.8208232445520581
34	0.3895011493137905	7.201676483337696	0.9054831869130566	0.8208232445520581
35	0.3896133104960124	6.758153540583757	0.9145713420175704	0.8208232445520581
36	0.38973749006116715	6.2815806819842415	0.9218418661011815	0.8135593220338984
37	0.3897315828423751	6.153791933105542	0.9197212965767949	0.8256658595641646
38	0.38975148934584397	5.264036818192555	0.9348682217509845	0.7990314769975787
39	0.38980156779289243	4.923581250011921	0.9421387458345956	0.7966101694915254
40	0.3898514189371249	4.3810145512062055	0.9466828233868525	0.8087167070217918
41	0.38999587013607934	3.910689529031515	0.9521357164495607	0.8135593220338984
42	0.3901513232741245	3.5475663941067	0.9636473795819449	0.7990314769975787
43	0.3901692141186107	2.8244092005949755	0.9709179036655559	0.7941888619854721
44	0.39019609027438695	2.54307861898381	0.9694032111481369	0.8087167070217918
-1	-1	-1	-1	-1
0	0.5338962078094482	21.949033342874966	0.5919418358073311	0.7481840193704601
1	0.46492671966552734	21.506887830220737	0.5976976673735231	0.5835351089588378
2	0.44294261932373047	19.92218660391294	0.651923659497122	0.6852300242130751
3	0.43163418769836426	19.613635374949528	0.6455619509239624	0.6053268765133172
4	0.4248364925384521	19.995087806995098	0.6625265071190548	0.6053268765133172
5	0.4206966559092204	19.390218216639298	0.6722205392305362	0.7288135593220338
6	0.41702304567609516	19.224535625714523	0.6722205392305362	0.6174334140435835
7	0.41478756070137024	19.010613319965508	0.6882762799151773	0.7336561743341404
8	0.41311367352803546	18.408813760830807	0.7070584671311724	0.7602905569007264
9	0.41119382381439207	18.244149485459694	0.7037261435928507	0.7627118644067796
10	0.40957639434120874	17.933395739931328	0.7143289912147834	0.711864406779661
11	0.4083528717358907	17.980800724946537	0.7231142078158134	0.7651331719128329
12	0.4073759592496432	17.594398739246223	0.7331111784307786	0.7820823244552058
13	0.40637842246464323	17.441343302910145	0.7255377158436838	0.7360774818401937
14	0.40544867515563965	16.878784032968376	0.7446228415631627	0.784503631961259
15	0.4046831429004669	16.555890337778973	0.755831566192063	0.801452784503632
16	0.403623524834128	16.340450382003418	0.7634050287791578	0.7893462469733656
17	0.40253592862023246	16.143429169288048	0.7609815207512874	0.7796610169491526
18	0.40124704963282537	16.083141987140362	0.7603756437443199	0.7869249394673123
19	0.4002408027648926	15.720852279892334	0.7685549833383823	0.7530266343825666
20	0.39934556824820383	15.575069741560863	0.7679491063314148	0.7941888619854721
21	0.39873084154996	14.958829120947765	0.786428355043926	0.8135593220338984
22	0.39819567099861475	14.675306697304432	0.7867312935474099	0.7966101694915254
23	0.397766908009847	14.413446351885796	0.7936988791275371	0.8087167070217918
24	0.3971924495697021	14.020158102879158	0.8091487428052105	0.8111380145278451
25	0.3965849509605995	14.197230710433079	0.7955165101484398	0.7893462469733656
26	0.39608928009315775	13.186975696912178	0.8139957588609512	0.8401937046004843
27	0.3956991604396275	12.8513128975263	0.8191457134201757	0.8208232445520581
28	0.3952741787351411	12.558005440693636	0.8221750984550137	0.8232445520581114
29	0.3948826789855957	12.16500771848055	0.8330808845804302	0.8159806295399515
30	0.3944780211294851	11.525929414308989	0.8400484701605574	0.8062953995157385
31	0.39411134272813797	11.28024369248977	0.8403514086640412	0.8111380145278451
32	0.39390232346274634	10.749289132081545	0.8521660102999091	0.8256658595641646
33	0.3935437623192282	10.301317116388908	0.8630717964253256	0.8159806295399515
34	0.39326603072030203	9.759053438901901	0.8715540745228718	0.847457627118644
35	0.39303378926383126	9.412491383460852	0.8733717055437746	0.8329297820823245
36	0.3927446378243936	8.735453539169752	0.8857921841866101	0.8208232445520581
37	0.3924538148076911	8.300322011113167	0.8966979703120267	0.8232445520581114
38	0.3921793485299135	7.396122680260585	0.9054831869130566	0.8184019370460048
39	0.3918804883956909	7.16902868822217	0.9088155104513783	0.8208232445520581
40	0.39162789321527247	6.593255016666192	0.922447743108149	0.8135593220338984
41	0.391326972416469	5.686244814441754	0.9297182671917601	0.8159806295399515
42	0.3909999880679818	4.993889707785386	0.9366858527718873	0.8159806295399515
43	0.39088735255328094	4.2763246687558985	0.9491063314147228	0.8208232445520581
44	0.39077645407782663	4.802977304619092	0.9448651923659497	0.7966101694915254
45	0.39066296556721564	4.136407510305826	0.9542562859739473	0.8232445520581114
46	0.3905818563826541	3.4571493646273246	0.9594062405331718	0.8305084745762712
47	0.39049121737480164	2.574931315253847	0.9718267191760073	0.8256658595641646
48	0.3903836912038375	2.208850664713492	0.9748561042108452	0.8280871670702179
49	0.3903270101547241	1.6852264130317893	0.9833383823083914	0.8111380145278451
50	0.39023680312960757	1.7266095742010152	0.983944259315359	0.8111380145278451
51	0.3900894751915565	1.6365518532693386	0.9845501363223266	0.8038740920096852
52	0.3900367853776464	1.0138904493517027	0.9915177219024538	0.8087167070217918
53	0.3899215503975197	1.0495322493549724	0.9909118448954862	0.8135593220338984
54	0.3897721594030207	1.203550727178271	0.9903059678885187	0.8184019370460048
-1	-1	-1	-1	-1
0	0.46440553665161133	20.49629403077639	0.6473795819448652	0.6537530266343826
1	0.42160356044769287	20.107555861656483	0.6334444107846108	0.5956416464891041
2	0.4083712895711263	19.519723057746887	0.6643441381399576	0.6150121065375302
3	0.4016391634941101	18.8616794187289	0.6876704029082097	0.6803874092009685
4	0.396829891204834	18.01225414986794	0.7197818842774917	0.6731234866828087
5	0.3937399387359619	17.94229538165606	0.7209936382914268	0.6949152542372882
6	0.3930987971169608	17.928790573890392	0.7258406543471675	0.6707021791767555
7	0.39185330271720886	17.43017209951694	0.7282641623750379	0.7021791767554479
8	0.3912373118930393	17.238797954641857	0.7394728870039382	0.6731234866828087
9	0.3908588409423828	16.90597888598075	0.7458345955770979	0.6924939467312349
10	0.39014263586564496	16.6122864484787	0.7476522265980006	0.711864406779661
11	0.3892999490102132	17.48509574853457	0.7285671008785216	0.7142857142857143
12	0.3891115922194261	16.587214676233437	0.7521963041502575	0.7094430992736077
13	0.39049826349530903	16.041321869079884	0.7700696758558013	0.6803874092009685
14	0.390775458017985	15.990581401265585	0.7649197212965768	0.738498789346247
15	0.39099548757076263	15.125798042003925	0.7779460769463798	0.738498789346247
16	0.391097952337826	14.784883118592775	0.7867312935474099	0.7530266343825666
17	0.3910674916373359	14.845802960487513	0.7830960315056044	0.7506053268765133
18	0.3910713823218095	14.123455479741096	0.7979400181763102	0.7457627118644068
19	0.39117499589920046	13.877187701372	0.8064222962738564	0.7481840193704601
20	0.3909496125720796	13.370164637382214	0.8149045743714026	0.7336561743341404
21	0.391190994869579	12.995752192460573	0.8233868524689488	0.774818401937046
22	0.39147245365640393	12.353415220975876	0.8276279915177219	0.7481840193704601
23	0.3914685348669688	12.102838695049286	0.8312632535595275	0.7917675544794189
24	0.39179774284362795	11.63724367435162	0.8461072402302333	0.7796610169491526
25	0.3919016122817993	10.658699674675098	0.8588306573765525	0.7990314769975787
26	0.3918024610590052	10.31346647727948	0.8688276279915177	0.784503631961259
27	0.3917823008128575	10.130479209984724	0.8645864889427446	0.774818401937046
28	0.3916831509820346	9.609171282786589	0.8779157830960315	0.7990314769975787
29	0.39153246879577636	9.360691718757153	0.8745834595577098	0.8135593220338984
30	0.3913732805559712	8.655155163544874	0.8906392002423508	0.8184019370460048
31	0.3913496807217598	8.343335227324413	0.8945774007876401	0.8135593220338984
32	0.3914985873482444	7.213088247638482	0.9133595880036353	0.7966101694915254
33	0.3915273582234102	6.846842299287136	0.9100272644653136	0.8062953995157385
34	0.39137071200779505	6.252505144820764	0.9236594971220842	0.8038740920096852
35	0.3911034133699205	5.6355068397063475	0.9297182671917601	0.8111380145278451
36	0.3911484834310171	5.3568744625036535	0.9345652832475008	0.8208232445520581
37	0.39118864034351547	5.005463091799846	0.9348682217509845	0.7893462469733656
38	0.39117911534431654	4.169413033586282	0.9494092699182066	0.8135593220338984
39	0.3912356853485107	3.779471090206733	0.9557709784913663	0.8135593220338984
40	0.3912702013806599	3.1204517746451668	0.9615268100575584	0.8208232445520581
41	0.3913696777252924	2.945605202828749	0.966373826113299	0.8280871670702179
42	0.3914203311121741	2.7712745065817637	0.9675855801272342	0.8087167070217918
43	0.3926708427342502	2.100341570160638	0.9754619812178128	0.8426150121065376
44	0.3927708254920112	1.6985419826456705	0.9794001817631021	0.8305084745762712
45	0.39276312226834503	1.6815187357222805	0.9830354438049076	0.8329297820823245
46	0.39280850329297656	1.4464472850175718	0.9848530748258104	0.8305084745762712
47	0.39279567698637646	1.2750549007099694	0.9857618903362617	0.8329297820823245
48	0.3929163047245571	1.3484164864080062	0.9845501363223266	0.8232445520581114
49	0.3928398323059082	0.9725925329929361	0.9897000908815511	0.8208232445520581
50	0.3927723239449894	0.6574613206948225	0.9942441684338079	0.8208232445520581
51	0.3927615743417006	0.829068256685367	0.9927294759163889	0.8208232445520581
52	0.39274860777944887	0.9135002482997572	0.99121478339897	0.8353510895883777
53	0.3927527136272854	0.5606097234704066	0.9960617994547107	0.8280871670702179
54	0.39273972077803176	0.4014334025246521	0.9966676764616783	0.8329297820823245
55	0.3926720363753183	0.3349356643201855	0.9972735534686459	0.8256658595641646
56	0.39262679166961134	0.35459129125005207	0.9975764919721296	0.8353510895883777
57	0.3926291136906065	0.43037693119661596	0.9966676764616783	0.8353510895883777
58	0.3926168619576147	0.35482345405482474	0.9972735534686459	0.8256658595641646
59	0.3926296869913737	0.3056855324749939	0.9975764919721296	0.8305084745762712
60	0.39266060610286524	0.2802928333952038	0.9981823689790973	0.8305084745762712
61	0.3926785838219427	0.33597089978530464	0.9978794304756134	0.8280871670702179
62	0.39266195372929646	0.2508971728227782	0.9981823689790973	0.8184019370460048
63	0.3926471583545208	0.25515269254369216	0.9978794304756134	0.8305084745762712
-1	-1	-1	-1	-1
0	0.524803876876831	21.16132951241273	0.6310209027567404	0.6585956416464891
1	0.46027326583862305	19.9618310882495	0.6446531354135111	0.5641646489104116
2	0.4375266234079997	19.721575727829567	0.6607088760981521	0.6731234866828087
3	0.42640918493270874	18.74520456103178	0.695849742502272	0.6949152542372882
4	0.4192965030670166	18.911504034812634	0.6888821569221448	0.7021791767554479
5	0.414051095644633	17.88170903004133	0.706149651620721	0.711864406779661
6	0.4102542059762137	17.566714195104744	0.7264465313541351	0.6585956416464891
7	0.4075999855995178	17.77747245476796	0.7194789457740078	0.711864406779661
8	0.4057494534386529	17.356510650653107	0.7334141169342624	0.6513317191283293
9	0.4044187545776367	17.31118852358598	0.7367464404725841	0.738498789346247
10	0.40328567678278143	16.73797054703419	0.7443199030596789	0.7312348668280871
11	0.4022855758666992	16.44570140196727	0.7524992426537412	0.7094430992736077
12	0.4012726086836595	16.28176063528428	0.7509845501363224	0.7288135593220338
13	0.40050009318760466	16.59803398985129	0.7434110875492275	0.7336561743341404
14	0.3999900817871094	15.769080503628803	0.7585580127234172	0.7481840193704601
15	0.3995594382286072	15.922769243900593	0.7670402908209634	0.7481840193704601
16	0.39931493646958294	15.235230134083675	0.7740078764010906	0.7191283292978208
17	0.3990408314598931	14.925639106677128	0.7803695849742502	0.7239709443099274
18	0.3986637341348748	14.790431545330929	0.7840048470160558	0.7433414043583535
19	0.39835851192474364	14.067002452336824	0.794001817631021	0.738498789346247
20	0.39824321156456355	13.754061359625597	0.8067252347773401	0.7554479418886199
21	0.39808348092165863	13.388059781147884	0.8121781278400485	0.784503631961259
22	0.39796675806460174	13.006345965541326	0.8191457134201757	0.7723970944309927
23	0.3978097438812256	12.75744763475198	0.824598606482884	0.7675544794188862
24	0.39765366554260256	12.304223115627583	0.8336867615873977	0.774818401937046
25	0.3974387737420889	11.705808461858677	0.8433807936988791	0.774818401937046
26	0.3972201170744719	11.042229065528282	0.8558012723417147	0.7796610169491526
27	0.3968461496489389	10.386040219893822	0.8676158739775826	0.7699757869249395
28	0.3963873715236269	10.026693495420309	0.8718570130263557	0.784503631961259
29	0.3960752884546916	9.6987345419251	0.8727658285368071	0.8062953995157385
30	0.3957637279264389	8.855048507452011	0.8912450772493183	0.8087167070217918
31	0.39516597241163254	8.515391903714491	0.8873068767040291	0.8038740920096852
32	0.39472749016501685	8.027739248596705	0.897606785822478	0.8087167070217918
33	0.394378150210661	7.066978510755759	0.9121478339897001	0.7869249394673123
34	0.3940852437700544	7.195252705222139	0.9091184489548622	0.7869249394673123
35	0.3937043812539842	5.866279706645471	0.9218418661011815	0.7675544794188862
36	0.39336495786099823	5.276297369828591	0.9363829142684035	0.8135593220338984
37	0.393074537578382	4.745519050611899	0.9388064222962739	0.801452784503632
38	0.39297079428648335	4.242570156661364	0.9485004544077552	0.784503631961259
39	0.39286777973175047	3.503657031517762	0.9578915480157528	0.8208232445520581
40	0.39299572386392734	3.280099037174995	0.9615268100575584	0.7990314769975787
41	0.3930568354470389	2.4970815244775553	0.9718267191760073	0.7917675544794189
42	0.3930151074431663	2.091181233811837	0.9769766737352318	0.7966101694915254
43	0.3930096843025901	1.9204620067030191	0.9784913662526508	0.8062953995157385
44	0.3928693718380398	1.494817273659954	0.9842471978188427	0.8135593220338984
45	0.3929013428480729	1.08422874351247	0.9872765828536807	0.8062953995157385
46	0.3928985798612554	0.8728386603268938	0.9930324144198728	0.801452784503632
47	0.3929676065842311	0.8628934887081134	0.9918206604059376	0.8062953995157385
48	0.39296833836302464	1.3086625480881104	0.9872765828536807	0.8184019370460048
49	0.3929993772506714	0.7307968532460598	0.9951529839442593	0.8038740920096852
50	0.3930398108912449	0.5476950619071991	0.9957588609512269	0.8062953995157385
51	0.3929792229945843	0.5472448055918974	0.9966676764616783	0.8184019370460048
52	0.39293824051910975	0.4532771078475679	0.9972735534686459	0.801452784503632
53	0.3928876143914682	0.3104122986820025	0.996970614965162	0.8111380145278451
54	0.3928149006583474	0.4299732512042191	0.9975764919721296	0.8159806295399515
55	0.3927249993596758	0.24889388988510922	0.998485307482581	0.8087167070217918
56	0.39265180052372445	0.23055144250303364	0.9987882459860649	0.8087167070217918
57	0.392615112765082	0.2976030273354039	0.9981823689790973	0.8184019370460048
58	0.3926081657409668	0.20588109969573382	0.998485307482581	0.8184019370460048
59	0.3926396171251933	0.28093032766572346	0.998485307482581	0.8062953995157385
-1	-1	-1	-1	-1
0	0.47057676315307617	21.41836124085463	0.6222356861557103	0.648910411622276
1	0.4323253631591797	21.15835565328598	0.5922447743108149	0.6271186440677966
2	0.4180894692738851	19.939849353753605	0.6455619509239624	0.6634382566585957
3	0.41100847721099854	19.83687446667598	0.6491972129657679	0.6997578692493946
4	0.4087306022644043	19.16899236348959	0.6822175098455013	0.6755447941888619
5	0.40529529253641766	18.70585101384383	0.6894880339291124	0.6731234866828087
6	0.40342140197753906	18.08767466361706	0.7025143895789154	0.639225181598063
7	0.40192386507987976	17.859443983206383	0.7200848227809754	0.7239709443099274
8	0.40074650446573895	17.41142242229902	0.7203877612844592	0.5956416464891041
9	0.3995804786682129	17.586423204495357	0.7143289912147834	0.7142857142857143
10	0.3986227729103782	17.273758209668674	0.7328082399272947	0.7288135593220338
11	0.398095965385437	16.99470757979613	0.7346258709481975	0.7288135593220338
12	0.3972208499908447	16.08692593184801	0.7528021811572251	0.6779661016949152
13	0.39701216561453684	16.245427305881794	0.7552256891850955	0.7433414043583535
14	0.396601406733195	16.03298059793619	0.7603756437443199	0.738498789346247
15	0.39648760855197906	15.442369117186619	0.7694637988488336	0.7336561743341404
16	0.39610158695894127	14.845003737853123	0.7867312935474099	0.7360774818401937
17	0.39572076002756756	15.14289860198131	0.7779460769463798	0.7578692493946732
18	0.39558887481689453	14.589595187168856	0.7876401090578613	0.7530266343825666
19	0.39533874988555906	14.353737074595232	0.7912753710996667	0.7578692493946732
20	0.3950101761590867	13.754187299655033	0.7997576491972129	0.7699757869249395
21	0.39475602453405206	13.463108500609032	0.8088458043017267	0.7457627118644068
22	0.3945822197458018	13.069368102229559	0.8152075128748864	0.7554479418886199
23	0.39435989658037823	12.377556493649116	0.831869130566495	0.7409200968523002
24	0.394232006072998	12.277310424126112	0.8279309300212057	0.7627118644067796
25	0.39417484173407924	11.550721843655293	0.8455013632232656	0.7772397094430993
26	0.39429284908153395	11.16925029341991	0.8527718873068767	0.7820823244552058
27	0.3944088135446821	10.323348252819134	0.867009996970615	0.801452784503632
28	0.3945008064138478	9.703783347056461	0.8760981520751288	0.7917675544794189
29	0.39453622500101726	9.788105714779634	0.8739775825507422	0.7893462469733656
30	0.39458945489698843	8.808117408018846	0.8842774916691911	0.8111380145278451
31	0.3946766033768654	8.339093447877811	0.8924568312632536	0.8135593220338984
32	0.3947561292937308	7.515061882825998	0.9036655558921539	0.7990314769975787
33	0.3947915189406451	7.1297822869741	0.9085125719478946	0.8062953995157385
34	0.3945829050881522	6.447247231235871	0.9200242350802788	0.7966101694915254
35	0.39439712630377877	5.760671517023673	0.926991820660406	0.8038740920096852
36	0.3942328079326733	5.151109028034485	0.9366858527718873	0.7820823244552058
37	0.39412623330166463	5.473335660420931	0.9324447137231142	0.8135593220338984
38	0.39409285936600125	4.47720969411043	0.9451681308694335	0.8111380145278451
39	0.39414204359054567	3.4356065512849736	0.9609209330505907	0.8087167070217918
40	0.3942151418546351	3.201247080587424	0.9624356255680097	0.8038740920096852
41	0.3943381025677636	3.0006944183797506	0.9642532565889125	0.8159806295399515
42	0.39424899012543435	2.2686860448179336	0.9742502272038777	0.8135593220338984
43	0.39419270103627985	1.9317328634743507	0.9806119357770373	0.8232445520581114
44	0.3941665914323595	1.6935933418885374	0.980914874280521	0.8159806295399515
45	0.3941487695859826	1.456959000430382	0.985458951832778	0.8159806295399515
46	0.3940739073651902	1.2420989429721465	0.9878824598606483	0.8135593220338984
47	0.3939620852470398	0.9768890871738012	0.99121478339897	0.8232445520581114
48	0.39389515896232763	0.5777037224705475	0.9966676764616783	0.8184019370460048
49	0.39394412994384764	0.5598998555125525	0.9960617994547107	0.8087167070217918
50	0.39398597735984653	0.6015634875108774	0.9948500454407755	0.8184019370460048
51	0.39404783799098086	0.44008701864200145	0.9981823689790973	0.8184019370460048
52	0.3941054883992897	0.5885407531588078	0.9942441684338079	0.8232445520581114
53	0.39411761584105315	0.4519147848388037	0.996970614965162	0.8159806295399515
54	0.3941324450752952	0.2677678134910261	0.9975764919721296	0.8184019370460048
55	0.39413462792124065	0.2997514857203126	0.9978794304756134	0.8062953995157385
56	0.39414166567618386	0.2733927383201612	0.9975764919721296	0.8111380145278451
57	0.3941285569092323	0.4127045526670722	0.9954559224477431	0.8111380145278451
58	0.3941547062437413	0.35482640098780394	0.9966676764616783	0.8135593220338984
59	0.39424418210983275	0.3836976830810823	0.9972735534686459	0.8111380145278451
60	0.394219699453135	0.254427169857081	0.9975764919721296	0.8184019370460048
61	0.3941651275081019	0.14612139133998006	0.9987882459860649	0.8159806295399515
62	0.39411929675510954	0.2710621243638273	0.9981823689790973	0.8159806295399515
63	0.39410680904984474	0.29542202744946383	0.9981823689790973	0.8135593220338984
-1	-1	-1	-1	-1
0	0.4795413017272949	22.102505012200428	0.5899454875832829	0.6174334140435835
1	0.4370931386947632	20.890443964646412	0.6117504542701393	0.5520581113801453
2	0.4234623114267985	19.452315798172584	0.6662628709872804	0.5932203389830508
3	0.41666179895401	19.220389989706185	0.6780738946093277	0.7239709443099274
4	0.4121405124664307	19.082290172576904	0.6901877649909146	0.7457627118644068
5	0.4086005687713623	18.821361248309795	0.6780738946093277	0.6852300242130751
6	0.4063070501599993	18.335930354320087	0.6998788612961842	0.7336561743341404
7	0.4049709141254425	17.691827971201675	0.7216838279830405	0.5956416464891041
8	0.40371391508314347	18.467066439298485	0.6956390066626287	0.7191283292978208
9	0.40260579586029055	17.568386375904083	0.7389460932768019	0.7263922518159807
10	0.4022383689880371	17.249352702727684	0.7265293761356754	0.7312348668280871
11	0.402013639609019	17.486806825949596	0.7225923682616596	0.7602905569007264
12	0.4017628523019644	16.916240701308617	0.7419745608721987	0.7627118644067796
13	0.4015751736504691	16.14412650695214	0.7607510599636584	0.7554479418886199
14	0.4012838045756022	16.653466685460163	0.7510599636583889	0.7554479418886199
15	0.4009849280118942	15.804911955044819	0.7562083585705633	0.7530266343825666
16	0.4008859466103947	15.787329646257254	0.7652937613567535	0.7627118644067796
17	0.40058371755811906	15.286399064155725	0.774984857662023	0.7941888619854721
18	0.4001245749624152	15.165889508449114	0.7792247122955784	0.7288135593220338
19	0.3997107982635498	14.77151675407703	0.788007268322229	0.7772397094430993
20	0.3994497912270682	14.344391286373138	0.7861901877649909	0.7966101694915254
21	0.39949926463040436	13.940548708805672	0.7986069049061175	0.8135593220338984
22	0.3995757310286812	13.837649230773632	0.7998182919442762	0.711864406779661
23	0.3995800018310547	13.384284454756058	0.8125378558449424	0.8062953995157385
24	0.39961747169494627	12.8970356629445	0.8176862507571169	0.7627118644067796
25	0.3994809939311101	12.627437930840712	0.8237431859479104	0.8159806295399515
26	0.3994093559406422	12.353411708886807	0.8255602665051484	0.8353510895883777
27	0.3996989812169756	11.636404734391432	0.84251968503937	0.8111380145278451
28	0.3993671598105595	11.2449609625798	0.857359176256814	0.7966101694915254
29	0.39916373093922936	11.035114467144012	0.8522107813446396	0.8353510895883777
30	0.3989772258266326	10.356386537735279	0.8673531193216233	0.8256658595641646
31	0.398964561522007	9.630154963869314	0.8691701998788613	0.8256658595641646
32	0.3987892107530074	9.269192989055927	0.8764385221078135	0.8305084745762712
33	0.3984974272110883	8.708546879199835	0.8837068443367656	0.7917675544794189
34	0.3982577119554792	8.188569078651758	0.8927922471229558	0.801452784503632
35	0.3979955580499437	7.974683579917137	0.9006662628709873	0.8184019370460048
36	0.3979788213162809	7.285659112179508	0.9100545124167171	0.8208232445520581
37	0.39795690461208943	6.41481057038674	0.917625681405209	0.8135593220338984
38	0.39789550121013934	5.907884621849427	0.9254996971532404	0.8087167070217918
39	0.39785378575325014	5.037388513867672	0.937916414294367	0.8038740920096852
40	0.39781927480930235	4.648542684431259	0.9424591156874621	0.7990314769975787
41	0.3976982037226359	3.97948093038912	0.9485160508782556	0.7893462469733656
42	0.39765053571656694	3.3770499791090307	0.9560872198667474	0.7917675544794189
43	0.39795842495831574	3.0057658828221836	0.967595396729255	0.7966101694915254
44	0.39794634183247884	2.7634175839618993	0.9678982434887947	0.801452784503632
45	0.39780331694561505	2.3363489736981977	0.9733494851605088	0.8184019370460048
46	0.39761494575662815	2.217053281461211	0.9736523319200484	0.8256658595641646
-1	-1	-1	-1	-1
0	0.47525691986083984	21.736710025713993	0.5964274901604601	0.633495145631068
1	0.4351249933242798	21.075463377512417	0.5879503481683318	0.5339805825242718
2	0.41979225476582843	20.100848803153404	0.6394187102633969	0.5970873786407767
3	0.41247522830963135	19.366992285618416	0.6687859521646987	0.6286407766990292
4	0.40798377990722656	18.889171953384693	0.6857402361489555	0.6432038834951457
5	0.40447866916656494	18.840551504722008	0.690887072358462	0.6504854368932039
6	0.40196694646562847	18.590957476542545	0.7008779897063275	0.6383495145631068
7	0.4001343250274658	17.85653938009189	0.7172267635482894	0.6504854368932039
8	0.39851811197068954	17.550098203695736	0.7257039055404177	0.6359223300970874
9	0.3977736711502075	17.032261486236866	0.7366030881017257	0.6966019417475728
10	0.3972822536121715	16.77408724106275	0.735392067817136	0.6941747572815534
11	0.3969472050666809	16.44812587132821	0.7538601271571299	0.662621359223301
12	0.3959989364330585	16.286051511764526	0.7544656372994247	0.6480582524271845
13	0.3954101800918579	16.20800046966626	0.7538601271571299	0.7111650485436893
14	0.3947789510091146	15.791395179354227	0.7553739025128671	0.6553398058252428
15	0.3982040286064148	15.662865918416243	0.7693006357856494	0.6844660194174758
16	0.3978421547833611	15.211253262483156	0.7771722676354829	0.6796116504854369
17	0.3974282344182332	15.283659224326794	0.7756584922797457	0.6771844660194175
18	0.3968893226824309	15.019682652675188	0.7759612473508931	0.6941747572815534
19	0.39652620553970336	14.577201531483578	0.7892824704813806	0.7063106796116505
20	0.3961194469815209	14.276824245086082	0.7968513472600666	0.7063106796116505
21	0.3957374962893399	13.99617867744886	0.8050257341810475	0.7038834951456311
22	0.39542036471159564	13.905780125122805	0.7980623675446564	0.7063106796116505
23	0.39516303936640423	13.645275913752043	0.8065395095367848	0.7305825242718447
24	0.395225305557251	13.34141262448751	0.8092643051771117	0.6990291262135923
25	0.3951310102756207	13.074628055095673	0.8068422646079322	0.7111650485436893
26	0.39526963233947754	12.68387313760244	0.8165304268846503	0.720873786407767
27	0.3957206351416452	12.550577392944923	0.8222827732364517	0.7063106796116505
28	0.39596192590121565	12.331348281640272	0.8234937935210415	0.6990291262135923
29	0.3962183952331543	11.866849498106884	0.8328792007266121	0.7427184466019418
30	0.39647073130453786	11.15441418152589	0.8458976687859522	0.7354368932038835
31	0.39659635722637177	11.13522594020917	0.8516500151377535	0.7402912621359223
32	0.3967941168582801	10.605590556676571	0.8592188919164396	0.7330097087378641
33	0.3970453037935145	9.769869079956642	0.8698153194066001	0.7305825242718447
34	0.39725888116019115	9.301247996779589	0.880714501967908	0.75
35	0.3974735935529073	9.242452912605726	0.8770814411141387	0.7427184466019418
36	0.397605206515338	8.470109585099495	0.8849530729639722	0.7524271844660194
37	0.3977265797163311	7.878053539074385	0.9055404178019982	0.7305825242718447
38	0.39775554339090985	7.520152219212973	0.8973660308810173	0.7305825242718447
39	0.3977311193943024	7.032573564694478	0.9082652134423251	0.7524271844660194
40	0.3975872528262255	6.729963345596423	0.9155313351498637	0.7572815533980582
41	0.39742634409949895	6.054562045404544	0.9203754162882228	0.7548543689320388
42	0.39734712866849675	5.034318554859895	0.940357250983954	0.7645631067961165
43	0.39725764231248334	4.765590990965183	0.9409627611262489	0.7645631067961165
44	0.39712799390157066	4.500448412620104	0.9427792915531336	0.7402912621359223
45	0.3969798139903856	3.948647277859541	0.9479261277626401	0.7572815533980582
46	0.39680725970166797	3.701427338215021	0.9579170451105056	0.7524271844660194
47	0.3966828982035319	3.2869860847982078	0.9573115349682108	0.7548543689320388
48	0.3965851968648482	3.134522082713934	0.9657886769603391	0.7475728155339806
49	0.39654811382293703	2.636575466165176	0.9666969421737814	0.7742718446601942
50	0.3965316894007664	2.200476222886489	0.9754768392370572	0.7597087378640777
51	0.39652676307238066	1.9479855476036811	0.9772933696639419	0.75
52	0.39641974557120846	1.450657375397126	0.9854677565849228	0.7475728155339806
53	0.39630385239919025	1.352117923995068	0.9857705116560702	0.7645631067961165
54	0.396245509927923	1.3490211769508629	0.9854677565849228	0.7548543689320388
55	0.3963070682116917	1.3127762457588688	0.9860732667272177	0.7548543689320388
56	0.3962718060142116	1.514184588709703	0.98698153194066	0.7475728155339806
57	0.3962718166154006	1.5901981987274036	0.9839539812291855	0.7451456310679612
58	0.39621840493153715	0.7012023618198537	0.9936421435059037	0.7524271844660194
59	0.39616715908050537	0.5796066769577849	0.9954586739327884	0.75
60	0.39618598828550244	0.49554637523900824	0.997275204359673	0.7451456310679612
61	0.39619906102457353	0.49287965072793527	0.9960641840750832	0.7378640776699029
62	0.39614965045262895	0.40107370406174314	0.997275204359673	0.7742718446601942
63	0.3960660807788372	0.4226874513685918	0.9969724492885256	0.7669902912621359
64	0.3960167407989502	0.3313372476796548	0.9978807145019679	0.7645631067961165
65	0.39595661380074243	0.3059619273273991	0.9975779594308205	0.7572815533980582
66	0.3958806066370722	0.2544054153032413	0.9981834695731153	0.7524271844660194
67	0.3958183421808131	0.2906877479130904	0.9978807145019679	0.7524271844660194
68	0.3957589778347292	0.2778411260806024	0.9975779594308205	0.7621359223300971
69	0.39571805000305177	0.2983229325461882	0.9975779594308205	0.7597087378640777
-1	-1	-1	-1	-1
0	0.4692709445953369	20.986831701718845	0.6161065697850439	0.6262135922330098
1	0.43023788928985596	21.413732922994175	0.5891613684529216	0.6893203883495146
2	0.41494520505269367	20.43482573215778	0.6300333030578262	0.6601941747572816
3	0.40828388929367065	19.27243095407119	0.6769603390856797	0.6529126213592233
4	0.40424609184265137	18.95395986850445	0.6942173781410839	0.6213592233009708
5	0.40168563524882	18.700385258747982	0.6872540115046927	0.6820388349514563
6	0.40082836151123047	18.08854814676138	0.7102633969118983	0.6771844660194175
7	0.3998008966445923	18.294628906708496	0.698455949137148	0.6868932038834952
8	0.3991850217183431	18.070382783046135	0.7036027853466545	0.6868932038834952
9	0.39880738258361814	17.743868928689224	0.7151074780502573	0.7135922330097088
10	0.3980815193869851	18.04063440286196	0.7078413563427187	0.7135922330097088
11	0.3975786566734314	17.328697012020992	0.7217680896155011	0.7330097087378641
12	0.3970926358149602	16.74059420824051	0.742960944595822	0.7233009708737864
13	0.3968153510774885	16.245522364974022	0.7587042082954889	0.7354368932038835
14	0.39665514628092446	16.110343829943584	0.763548289433848	0.7572815533980582
15	0.3965323567390442	15.71915389941289	0.7632455343627006	0.7475728155339806
16	0.3965014149160946	15.225443606193249	0.7732364517105661	0.7597087378640777
17	0.396057923634847	14.832497706780067	0.7907962458371177	0.7766990291262136
18	0.3956947201176694	14.5911282988695	0.782016348773842	0.7742718446601942
19	0.3954064965248108	13.94194632768631	0.8001816530426885	0.7815533980582524
20	0.3950789315359933	13.758905206735317	0.805328489252195	0.7548543689320388
21	0.3946685249155218	13.325053409888195	0.8086587950348169	0.7912621359223301
22	0.3944182084954303	13.295319972129969	0.8135028761731758	0.7572815533980582
23	0.3945106069246928	12.821001566373385	0.8186497123826824	0.7524271844660194
24	0.39444503784179685	12.196588685879341	0.8301544050862852	0.7669902912621359
25	0.39457086416391224	11.552976890252186	0.8425673630033303	0.7888349514563107
26	0.39461142045480235	11.340733317228464	0.846503178928247	0.7839805825242718
27	0.3945750764438084	10.814344788973148	0.8549803209203755	0.7985436893203883
28	0.39459589432025777	10.620166434691502	0.8522555252800484	0.7742718446601942
29	0.3945807933807373	9.857020909969624	0.8655767484105359	0.7985436893203883
30	0.39452135947442823	9.217019463960941	0.8801089918256131	0.8058252427184466
31	0.394462950527668	9.223105405385677	0.8795034816833182	0.8058252427184466
32	0.3944214401823102	8.046174640838917	0.8967605207387224	0.8106796116504854
33	0.39435549343333526	7.388496055052831	0.9037238873751136	0.8106796116504854
34	0.39434521538870676	7.122298389100111	0.9112927641537996	0.7912621359223301
35	0.3944757713211907	6.480142411131125	0.9188616409324856	0.8106796116504854
36	0.39459689887794286	6.161005725654272	0.9252194974265819	0.7985436893203883
37	0.39471441821048137	6.153741842565628	0.9237057220708447	0.7985436893203883
38	0.3947945619240785	4.61295612442952	0.9464123524069028	0.7815533980582524
39	0.394890570640564	3.9817200515132685	0.9530729639721466	0.7888349514563107
40	0.3950785660162205	4.518907410021011	0.9445958219800181	0.7888349514563107
41	0.395239858400254	3.4806877543719916	0.9588253103239479	0.808252427184466
42	0.39536234389903935	3.0379917922501383	0.9669996972449288	0.779126213592233
43	0.39547559348019684	2.8172703113836737	0.9691189827429609	0.7961165048543689
44	0.39547231992085774	1.9775151108893065	0.9769906145927945	0.779126213592233
45	0.39543493415998376	2.04213297381424	0.9757795943082047	0.7839805825242718
46	0.39545990051107205	1.9326375668438582	0.9791099000908265	0.7815533980582524
47	0.395463024576505	1.7805970589307925	0.978807145019679	0.779126213592233
48	0.395433065842609	1.18253218755126	0.9860732667272177	0.7936893203883495
49	0.39551630973815916	0.8131558730338628	0.992431123221314	0.7961165048543689
50	0.3955559543534821	0.7911764043025099	0.9930366333636088	0.8009708737864077
51	0.39558653648083025	0.5909251540791817	0.9954586739327884	0.7742718446601942
52	0.39567133165755364	0.5014307672345939	0.9963669391462306	0.7839805825242718
-1	-1	-1	-1	-1
0	0.5341465473175049	21.186991739731567	0.6093276801938219	0.6140776699029126
1	0.46671414375305176	20.903171741045437	0.5990308903694731	0.6480582524271845
2	0.4424690405527751	20.286787088100727	0.6356753482737735	0.6674757281553398
3	0.43072813749313354	19.450860197727497	0.6635372501514234	0.6043689320388349
4	0.4230219841003418	18.974711482341473	0.6732283464566929	0.6456310679611651
5	0.41778353850046795	18.67433860668769	0.6910963052695336	0.6820388349514563
6	0.4147094658442906	17.811987510094276	0.7135069654754694	0.6941747572815534
7	0.4126349091529846	18.0877533188233	0.7138098122350091	0.6966019417475728
8	0.4111105865902371	17.930894993818722	0.7135069654754694	0.6966019417475728
9	0.40962517261505127	17.275811690550583	0.7256208358570563	0.6941747572815534
10	0.4080837206407027	17.065857981260006	0.7353119321623258	0.7014563106796117
11	0.40685494740804035	16.96381389407011	0.7398546335554209	0.7111650485436893
12	0.4060068680689885	16.256171011007748	0.756511205330103	0.7330097087378641
13	0.40517827442714144	16.012612232795128	0.7598425196850394	0.7063106796116505
14	0.404544464747111	15.90462454694968	0.7646880678376742	0.7427184466019418
15	0.4032380133867264	15.245194893616896	0.7746820109024833	0.7111650485436893
16	0.40177418203914866	15.01359119782081	0.7807389460932768	0.7135922330097088
17	0.4008587598800659	14.796397967980457	0.7822531798909752	0.7160194174757282
18	0.3998310691431949	14.29049208531013	0.7989097516656571	0.7184466019417476
19	0.39891122579574584	14.165172407260307	0.8067837674136886	0.6747572815533981
20	0.3981121154058547	13.918812364339828	0.8079951544518473	0.7427184466019418
21	0.3971530632539229	13.321621963611015	0.8198061780738947	0.7233009708737864
22	0.3963067116944686	12.947274980636744	0.821320411871593	0.7427184466019418
23	0.39600470662117004	13.034269097332771	0.8164748637189582	0.7694174757281553
24	0.3959742736816406	12.480034385736172	0.8310115081768625	0.7548543689320388
25	0.39593156484457165	12.219131173995825	0.8394912174439734	0.7572815533980582
26	0.3955396899470576	11.837479082437662	0.8379769836462749	0.7451456310679612
27	0.39519254650388447	11.342404067516327	0.8516050878255602	0.7669902912621359
28	0.39490829665085364	11.086227414699701	0.8488794669897032	0.7548543689320388
29	0.3946373701095581	10.565234318375587	0.8631132646880678	0.779126213592233
30	0.3943869529231902	9.749218344688416	0.8658388855239249	0.7766990291262136
31	0.39417651295661926	9.38728615641594	0.8767413688673531	0.7742718446601942
32	0.394014683636752	9.021149923021976	0.8794669897032101	0.7718446601941747
33	0.3937070089228013	8.42398973611685	0.8906723198061781	0.7961165048543689
34	0.3933992317744664	8.039796675627048	0.901877649909146	0.7718446601941747
35	0.39314203129874337	7.190803935894599	0.9115687462144155	0.779126213592233
36	0.3928606574599807	7.032826424791263	0.9130829800121139	0.7815533980582524
37	0.3926345047197844	6.350609221137487	0.9200484554815264	0.7621359223300971
38	0.39248132094358784	6.11148852453782	0.9254996971532404	0.7694174757281553
39	0.39235464930534364	5.560131350388894	0.9360993337371291	0.7936893203883495
40	0.39225821960263135	5.057804520886678	0.9364021804966687	0.7888349514563107
41	0.39212176345643546	4.319304237572046	0.9476075105996365	0.7597087378640777
42	0.3919637591339821	3.97149196639657	0.9524530587522714	0.8033980582524272
43	0.39179580320011487	3.784712808851439	0.9557843731072078	0.7936893203883495
44	0.3915932231479221	3.319837025151803	0.9615384615384616	0.779126213592233
45	0.3914643577907396	2.8017656085475418	0.9706238643246518	0.7742718446601942
46	0.39135521016222363	2.4180696027783246	0.9739551786795881	0.8009708737864077
47	0.39121093849341076	2.1475166473537683	0.9766807995154452	0.7524271844660194
48	0.3911144733428955	1.908715769648552	0.9775893397940641	0.7766990291262136
49	0.3910665798187256	1.3175146706187382	0.9857662023016354	0.7961165048543689
50	0.3909298391903148	1.2664408264681697	0.987886129618413	0.7961165048543689
51	0.39082087920262265	1.4933034580988953	0.9875832828588734	0.7912621359223301
52	0.39068222495744814	1.6599470506458043	0.9848576620230164	0.7815533980582524
53	0.390528851085239	1.150627732133636	0.9894003634161115	0.7645631067961165
54	0.3903870452534069	0.7354096599782889	0.9945487583282859	0.8009708737864077
55	0.3902517982891628	0.742051436179631	0.9936402180496668	0.7912621359223301
56	0.390145176335385	0.5402756374186048	0.9960629921259843	0.8033980582524272
57	0.3900033030016669	0.4763453592671655	0.997274379164143	0.7936893203883495
58	0.38991325992648884	0.5046896111005201	0.9948516050878256	0.7742718446601942
59	0.38983365694681804	0.5979097719805745	0.9954572986069049	0.7961165048543689
60	0.3897362068051197	0.4402051679946733	0.9969715324046032	0.7961165048543689
61	0.3896772861480713	0.35770732746459105	0.9969715324046032	0.7888349514563107
62	0.38953602124774267	0.49063916308268046	0.9966686856450636	0.7961165048543689
-1	-1	-1	-1	-1
0	0.4625244140625	21.69753025816037	0.5928506513177825	0.6997578692493946
1	0.4196387529373169	20.44998131807034	0.6252650711905483	0.6973365617433414
2	0.40725866953531903	20.137531120043533	0.6443501969100273	0.7263922518159807
3	0.4016979932785034	19.859365972188805	0.64616782793093	0.7530266343825666
4	0.39720807075500486	19.25794720191222	0.6728264162375038	0.774818401937046
5	0.3945298989613851	18.79112937129461	0.6852468948803393	0.6803874092009685
6	0.3934847967965262	18.36663041665004	0.6879733414116934	0.7142857142857143
7	0.3923371732234955	17.803444894460533	0.7146319297182672	0.7457627118644068
8	0.3915478653377957	17.67503389945397	0.7188730687670403	0.6585956416464891
9	0.39092490673065183	17.392063338022965	0.7255377158436838	0.784503631961259
10	0.39017402042042126	17.059017616968887	0.7421993335352923	0.7554479418886199
11	0.3893554409344991	16.993798551651146	0.7276582853680703	0.7554479418886199
12	0.3889929881462684	16.34059212872615	0.7537109966676765	0.7990314769975787
13	0.388410108430045	16.155187322543217	0.7549227506816116	0.7966101694915254
14	0.3881426970163981	15.760297532265003	0.7685549833383823	0.7869249394673123
15	0.38780950009822845	15.68105056652656	0.7667373523174795	0.7966101694915254
16	0.38749156278722424	15.286911322520329	0.7791578309603151	0.7869249394673123
17	0.38683131006028915	14.723215107734386	0.7918812481066344	0.7893462469733656
18	0.38664427556489644	14.456019023290047	0.7927900636170857	0.7893462469733656
19	0.38649749755859375	14.006012734885399	0.7943047561345047	0.7772397094430993
20	0.38626257578531903	13.657541949015398	0.8006664647076643	0.7699757869249395
21	0.38601748509840533	13.19621721139321	0.8130869433504998	0.784503631961259
22	0.38586054677548615	12.99022139264987	0.8191457134201757	0.7723970944309927
23	0.38568296035130817	12.351956978440285	0.8321720690699788	0.8159806295399515
24	0.3857444763183594	11.995896754356531	0.8336867615873977	0.8135593220338984
25	0.3857520818710327	11.466361567378044	0.8473189942441685	0.801452784503632
26	0.3856913337001094	10.822553655275932	0.8503483792790064	0.7675544794188862
27	0.38571477787835257	10.514048021573286	0.8564071493486822	0.7820823244552058
28	0.385578492592121	9.924757255957676	0.8694335049984853	0.7941888619854721
29	0.3856436570485433	9.295211703731464	0.8824598606482884	0.8038740920096852
30	0.3856574719951999	8.84577964246273	0.884580430172675	0.7966101694915254
31	0.38568465411663055	8.471288894231503	0.897606785822478	0.7941888619854721
32	0.3856080517624364	7.750789864705159	0.9060890639200242	0.801452784503632
33	0.3854227416655597	6.995739717752888	0.9124507724931838	0.8062953995157385
34	0.38538186209542413	6.919740919883434	0.9133595880036353	0.8159806295399515
35	0.38543403810924953	5.676010851676647	0.9333535292335656	0.8087167070217918
36	0.3854468642054377	5.294161351182713	0.9348682217509845	0.7990314769975787
37	0.385745412424991	4.69132184344702	0.9436534383520145	0.8087167070217918
38	0.3861155876746544	4.12427674108543	0.9515298394425932	0.7917675544794189
39	0.3864536643028259	3.801173449995426	0.9509239624356256	0.7820823244552058
40	0.3867390679150093	3.615309732178083	0.9569827325053014	0.774818401937046
41	0.3866947094599406	3.052847046118516	0.9621326870645259	0.7917675544794189
42	0.38649086065070576	2.350183503773923	0.9730384731899424	0.7893462469733656
43	0.3862996372309598	1.9952984927938535	0.9794001817631021	0.7990314769975787
-1	-1	-1	-1	-1
0	0.5074963569641113	21.978117885497902	0.5710390790669494	0.6779661016949152
1	0.4439704418182373	22.355353933114273	0.5610421084519842	0.6513317191283293
2	0.4203147888183594	19.878140937823517	0.651923659497122	0.6779661016949152
3	0.4084829092025757	19.50767469864625	0.6622235686155711	0.6924939467312349
4	0.40389094352722166	19.096959077394924	0.6891850954256286	0.6755447941888619
5	0.40142714977264404	19.000445685707607	0.6867615873977583	0.7191283292978208
6	0.4010493414742606	18.99763704721744	0.6819145713420176	0.6295399515738499
7	0.40064188838005066	17.88882432763393	0.7091790366555589	0.6997578692493946
8	0.4002548058827718	17.727736014586227	0.713420175704332	0.6828087167070218
9	0.3999255418777466	17.72221448673652	0.7179642532565889	0.7360774818401937
10	0.39892779697071423	17.153615965293003	0.7273553468645865	0.6682808716707022
11	0.3981644908587138	17.227143736986015	0.7285671008785216	0.7433414043583535
12	0.3971545512859638	16.79938326890652	0.7431081490457437	0.7288135593220338
13	0.3955305985042027	16.729632526636124	0.7349288094516813	0.7457627118644068
14	0.3939216454823812	16.317944545012253	0.7567403817025143	0.7433414043583535
15	0.39272089302539825	16.4822978159556	0.7491669191154195	0.7602905569007264
16	0.391981279148775	15.90232639358594	0.7591638897303847	0.7869249394673123
17	0.39177918434143066	15.449215953166668	0.7658285368070282	0.7602905569007264
18	0.39192229823062297	15.2109525845601	0.7785519539533474	0.7627118644067796
19	0.39200602769851683	14.723970835025494	0.7824901544986368	0.7675544794188862
20	0.39162755012512207	14.783112231928568	0.7912753710996667	0.774818401937046
21	0.3914743011648005	14.401760614835299	0.7891548015752802	0.7941888619854721
22	0.3916893005371094	13.997050288778086	0.8058164192668889	0.7917675544794189
23	0.39177751541137695	13.509995339008478	0.8127840048470161	0.8135593220338984
24	0.3918743515014648	13.180623397231102	0.8136928203574675	0.7893462469733656
25	0.39142894744873047	13.333372197472132	0.8091487428052105	0.801452784503632
26	0.3909741331029821	12.776608485441942	0.8264162375037867	0.8135593220338984
27	0.3909973587308611	12.578202696946951	0.8255074219933354	0.7990314769975787
28	0.3909012284772149	11.896950939526924	0.831869130566495	0.7723970944309927
29	0.3911187489827474	11.879791983045065	0.8376249621326871	0.784503631961259
30	0.3913516690654139	11.34023580298974	0.8476219327476522	0.8184019370460048
31	0.39162052422761917	10.897110663927519	0.8564071493486822	0.7990314769975787
32	0.3918420907222863	10.337646942872267	0.8633747349288095	0.7820823244552058
33	0.3918988213819616	10.139639309965647	0.8648894274462284	0.784503631961259
34	0.3918703624180385	9.888594597578049	0.8691305664950015	0.8062953995157385
35	0.39194828934139675	9.232381275066963	0.8836716146622235	0.7893462469733656
36	0.39214785034592087	8.77669597703677	0.8848833686761587	0.7941888619854721
37	0.39224034234097127	8.328702041736015	0.8885186307179642	0.8038740920096852
38	0.39243769034361226	8.238703438474868	0.891850954256286	0.7869249394673123
39	0.39261497259140016	7.282254266624268	0.9060890639200242	0.801452784503632
40	0.392657285783349	6.888042679772927	0.9115419569827325	0.801452784503632
41	0.39252272106352304	6.0483378469944	0.922447743108149	0.7869249394673123
42	0.3925879223402156	5.833805089959731	0.923962435625568	0.774818401937046
43	0.3926677324555137	5.240739458191316	0.93850348379279	0.7869249394673123
44	0.3926675796508789	5.093430782166811	0.9357770372614359	0.8038740920096852
45	0.392704030741816	3.672041279765276	0.9566797940018177	0.7723970944309927
46	0.3926650361811861	3.7348569333553314	0.9554680399878824	0.784503631961259
47	0.392674520611763	3.2556679632801275	0.9615268100575584	0.7966101694915254
48	0.3926698772274718	2.543811355359279	0.9706149651620721	0.784503631961259
49	0.39270581722259523	2.2063500556284383	0.9772796122387155	0.7893462469733656
50	0.392801420361388	2.023240097981985	0.9757649197212965	0.7941888619854721
-1	-1	-1	-1	-1
0	0.4706230163574219	20.649716338286034	0.621326870645259	0.6029055690072639
1	0.43171238899230957	22.386538494091766	0.5674038170251439	0.6537530266343826
2	0.4162093798319499	19.64556042964642	0.6585883065737655	0.6416464891041163
3	0.40869206190109253	19.689137062201134	0.66373826113299	0.6876513317191283
4	0.4044851303100586	18.51335123869089	0.6949409269918206	0.6731234866828087
5	0.40135780970255536	17.945807097049858	0.7100878521660103	0.6755447941888619
6	0.3998356887272426	17.671228415690937	0.7146319297182672	0.6852300242130751
7	0.3980656862258911	17.857456104113506	0.7182671917600727	0.7070217917675545
8	0.3968126244015164	17.778890075591896	0.7155407452287186	0.7215496368038741
9	0.39567229747772215	17.042560222057197	0.7361405634656165	0.7046004842615012
10	0.39523800936612213	16.795527623249935	0.7403817025143896	0.7288135593220338
11	0.3948812286059062	16.324079009202812	0.7546198121781278	0.7481840193704601
12	0.3942457896012526	16.399624755749336	0.7506816116328385	0.7506053268765133
13	0.39378746918269564	15.887119854872044	0.7634050287791578	0.7578692493946732
14	0.39324084917704266	15.389203449854485	0.7746137534080582	0.7070217917675545
15	0.39311985671520233	15.007712150422426	0.7785519539533474	0.7191283292978208
16	0.392899751663208	14.780174920192131	0.7855195395334748	0.7627118644067796
17	0.39299537075890434	14.302926810888144	0.7988488336867616	0.7772397094430993
18	0.39285443958483246	14.343955562664913	0.8003635262041805	0.7578692493946732
19	0.3925534009933472	13.64117364012278	0.808542865798243	0.7627118644067796
20	0.39222467513311476	12.902813056340584	0.824598606482884	0.7869249394673123
21	0.3920208215713501	12.757747244376402	0.8227809754619813	0.7772397094430993
22	0.39205662063930347	12.664270038215014	0.8233868524689488	0.784503631961259
23	0.3921020527680715	11.87472058718021	0.8376249621326871	0.7820823244552058
24	0.39219242095947265	11.701971717751944	0.8409572856710088	0.784503631961259
25	0.39223113426795375	11.44289055466652	0.8488336867615874	0.7917675544794189
26	0.3921364501670555	10.742240998034294	0.8570130263556498	0.7966101694915254
27	0.39206441811152865	10.597198041585775	0.8588306573765525	0.7893462469733656
28	0.3920984021548567	9.732923379311195	0.8703423205089367	0.7651331719128329
29	0.392114512125651	9.55310353407493	0.8788245986064829	0.7651331719128329
30	0.39207751520218387	9.060283495829655	0.8848833686761587	0.7869249394673123
31	0.3920193091034889	8.820074464552677	0.8848833686761587	0.7820823244552058
32	0.39193113644917804	8.44551445199893	0.8924568312632536	0.7917675544794189
33	0.3918678970897899	7.669224672592604	0.9009391093607998	0.7990314769975787
34	0.3917900630405971	7.216166990880783	0.9051802484095729	0.774818401937046
35	0.3917444613244798	6.809394847888213	0.9100272644653136	0.8111380145278451
36	0.391772663271105	6.676355465100362	0.9188124810663435	0.7941888619854721
37	0.3919095051916022	5.560314395106756	0.9318388367161466	0.7893462469733656
38	0.3919699925642747	5.975106984950029	0.9297182671917601	0.801452784503632
39	0.3919532001018524	4.78456528370197	0.9418358073311118	0.7796610169491526
40	0.39185451298225216	4.395606859578178	0.9442593153589821	0.7917675544794189
41	0.39191224461510066	3.8218187005259097	0.9533474704634959	0.7820823244552058
42	0.39208066740701364	3.7070138342678547	0.9554680399878824	0.7893462469733656
43	0.39224841919812287	2.890025419236806	0.9660708876098152	0.7893462469733656
44	0.39233034981621634	3.057309188665106	0.9672826416237503	0.8111380145278451
45	0.39241575158160663	2.097816238609644	0.9766737352317479	0.784503631961259
46	0.39250743135492855	2.0246919204409304	0.9778854892456831	0.7820823244552058
47	0.3925702025492986	1.829517692864801	0.9827325053014239	0.7893462469733656
48	0.39253336556103763	1.2428503660126948	0.9890942138745834	0.7869249394673123
49	0.392419695854187	1.4673062926874711	0.9848530748258104	0.774818401937046
50	0.39236854571922153	1.231866060756147	0.9881853983641321	0.7796610169491526
51	0.3923070522455069	1.0461948203424423	0.9903059678885187	0.8038740920096852
52	0.3922221435690826	0.9443337909447459	0.9939412299303242	0.7990314769975787
53	0.39219311431602194	0.8404661005703159	0.9939412299303242	0.7869249394673123
54	0.3921962217851119	0.7514513982958027	0.9942441684338079	0.7893462469733656
55	0.3921875144754137	0.6792457140803051	0.9951529839442593	0.801452784503632
-1	-1	-1	-1	-1
0	0.5294821262359619	21.0794418660494	0.6122387155407453	0.6803874092009685
1	0.45670080184936523	20.67270035124742	0.609512269009391	0.7046004842615012
2	0.4330138365427653	19.742950393603397	0.65495304453196	0.6707021791767555
3	0.42325669527053833	18.864628833073837	0.691608603453499	0.6682808716707022
4	0.41652708053588866	19.287084166820232	0.6758558012723417	0.7167070217917676
5	0.4125979741414388	18.59789068882282	0.6952438654953045	0.648910411622276
6	0.4094774382455008	18.324388128060562	0.7013026355649803	0.6852300242130751
7	0.40711113810539246	17.58712548475999	0.7228112693123296	0.7409200968523002
8	0.40532128016153973	17.126576774395428	0.7391699485004544	0.7094430992736077
9	0.40374279022216797	17.48659663246228	0.7234171463192972	0.7094430992736077
10	0.40217002955350006	17.147001277941925	0.732505301423811	0.7167070217917676
11	0.40095025300979614	16.693791774603035	0.7449257800666464	0.7312348668280871
12	0.4000701170701247	16.308434550578777	0.7591638897303847	0.7336561743341404
13	0.39930248260498047	15.999914870812344	0.7618903362617389	0.7530266343825666
14	0.39869434038798013	15.465508823211376	0.7655255983035444	0.7336561743341404
15	0.3981902301311493	15.469176844908642	0.7712814298697365	0.7263922518159807
16	0.39752013543072867	15.0172129708987	0.7788548924568313	0.7578692493946732
17	0.3970618512895372	14.689853319754967	0.789457740078764	0.774818401937046
18	0.3968603485508969	14.040855070719353	0.8027870342320509	0.7191283292978208
19	0.3966529369354248	14.09517257488691	0.8003635262041805	0.7820823244552058
20	0.3966750530969529	13.50345372236692	0.807028173280824	0.7723970944309927
21	0.397167368368669	13.118658873897333	0.8161163283853378	0.7869249394673123
22	0.3967479000920835	12.855151492815752	0.8188427749166919	0.774818401937046
23	0.39643996953964233	12.621929213977777	0.8227809754619813	0.7699757869249395
24	0.39617608070373533	12.12760822646893	0.8367161466222357	0.7481840193704601
25	0.3958450464101938	11.501757754729343	0.8482278097546199	0.7820823244552058
26	0.3957043577123571	10.846567168258703	0.8515601332929416	0.738498789346247
27	0.3954524142401559	10.738850733408562	0.8536807028173281	0.7893462469733656
28	0.39533740898658487	9.973604194819927	0.868524689488034	0.774818401937046
29	0.3952257871627808	9.738383361926445	0.8773099060890639	0.7796610169491526
30	0.3952068436530329	9.001539058410204	0.8876098152075129	0.801452784503632
31	0.39510273188352585	8.439871308322136	0.8882156922144805	0.784503631961259
32	0.3949830098585649	8.321195446527922	0.8879127537109966	0.7530266343825666
33	0.39486514119540944	8.037240716127249	0.8936685852771887	0.7990314769975787
34	0.3945125034877232	6.855331538961484	0.9182066040593759	0.7966101694915254
35	0.39445719454023576	6.537096652417229	0.9179036655558922	0.7990314769975787
36	0.3943720314953778	6.3673724079361325	0.9221448046046653	0.7990314769975787
37	0.39428235982593735	5.1777502713868255	0.9348682217509845	0.7893462469733656
38	0.39421392098451274	4.6407646466351045	0.9436534383520145	0.8087167070217918
39	0.3941466987133026	4.404987841557998	0.940018176310209	0.8111380145278451
40	0.3940866109801502	4.0709678797194595	0.9491063314147228	0.7941888619854721
41	0.39400955608912874	4.126839641624918	0.9478945774007876	0.7917675544794189
42	0.3938836607822152	3.247584288796553	0.9642532565889125	0.7941888619854721
43	0.3938221877271479	2.73838808781539	0.9672826416237503	0.8062953995157385
44	0.39377728038363985	2.4161305328934057	0.9706149651620721	0.8111380145278451
45	0.39376895324043604	2.6993730686640798	0.9697061496516207	0.801452784503632
46	0.3937365450757615	1.7281125528478207	0.983944259315359	0.8111380145278451
47	0.3936062455177307	1.5552087887548482	0.9833383823083914	0.7966101694915254
48	0.39359794830789374	1.3395575975211194	0.9842471978188427	0.7990314769975787
49	0.3935286664962769	1.552953422455735	0.9845501363223266	0.801452784503632
50	0.39348719634261786	1.1432836775560504	0.9860648288397456	0.8135593220338984
51	0.39331339872800386	1.0060619724815927	0.9909118448954862	0.8111380145278451
52	0.39315514294606335	0.9281416129983532	0.9906089063920024	0.8135593220338984
53	0.3929692727548105	0.8426115866929579	0.9903059678885187	0.8062953995157385
54	0.39288694208318536	0.6096850148538718	0.9942441684338079	0.8087167070217918
55	0.3927963546344212	0.6811663089566327	0.9936382914268403	0.801452784503632
56	0.3926424269090619	0.4793056592864629	0.9972735534686459	0.8062953995157385
57	0.3924561821181199	0.5033368179888035	0.9963647379581945	0.8111380145278451
58	0.3922749616331973	0.4009995689579787	0.9966676764616783	0.8038740920096852
59	0.39201532999674477	0.40988988898998985	0.996970614965162	0.7990314769975787
60	0.3917754126376793	0.4549097891823084	0.9960617994547107	0.7966101694915254
61	0.39160188551872005	0.349738812427229	0.996970614965162	0.8038740920096852
62	0.3916227249872117	0.2852087848933969	0.9975764919721296	0.801452784503632
63	0.3917517513036728	0.26737061492615166	0.9978794304756134	0.8087167070217918
64	0.39185898854182316	0.3333374736696267	0.9972735534686459	0.801452784503632
65	0.39192012223330414	0.28484086392004077	0.996970614965162	0.801452784503632
66	0.39197837416805437	0.31011768132814793	0.9972735534686459	0.7917675544794189
67	0.39192240027820363	0.30501068012269494	0.996970614965162	0.7990314769975787
68	0.3918852771537891	0.2601585528452863	0.9972735534686459	0.801452784503632
69	0.39187907491411483	0.26099626239962304	0.9972735534686459	0.8062953995157385
70	0.3918805256695815	0.25136599618529615	0.9978794304756134	0.8038740920096852
-1	-1	-1	-1	-1
0	0.4748823642730713	22.375638821950325	0.5407452287185701	0.4891041162227603
1	0.43541669845581055	20.98408783857639	0.5986064828839746	0.6852300242130751
2	0.42167242368062335	20.116175101353573	0.6455619509239624	0.612590799031477
3	0.41482317447662354	19.520469262049748	0.6670705846713118	0.7046004842615012
4	0.41081833839416504	19.10900320685827	0.6837322023629203	0.6803874092009685
5	0.40776034196217853	18.948760408621567	0.6764616782793093	0.6416464891041163
6	0.4047631195613316	18.11774304279914	0.7006967585580127	0.7046004842615012
7	0.4023827314376831	18.279678271367	0.7043320205998183	0.6174334140435835
8	0.40108095275031197	17.97971543440452	0.7109966676764616	0.7530266343825666
9	0.3996332406997681	17.237714533622448	0.7379581944865192	0.7433414043583535
10	0.3986076224933971	17.569048711886772	0.7264465313541351	0.7167070217917676
11	0.3979026476542155	17.620826294788948	0.7243259618297485	0.7530266343825666
12	0.3971457848182091	16.882157396811706	0.7415934565283248	0.7433414043583535
13	0.39643904141017366	16.549371586396145	0.7509845501363224	0.7651331719128329
14	0.39564963976542156	15.998279271217493	0.7576491972129658	0.7772397094430993
15	0.39517639577388763	15.333788211529072	0.7755225689185096	0.7796610169491526
16	0.3947474816266228	15.462285096828754	0.7743108149045743	0.7433414043583535
17	0.39506954616970485	14.933858672013649	0.7830960315056044	0.7675544794188862
18	0.3951965884158486	14.860857097002176	0.7861254165404423	0.6949152542372882
19	0.3954050660133362	14.622132318524214	0.780672523477734	0.7433414043583535
20	0.3955604916527158	13.981967880175663	0.803998788245986	0.7506053268765133
21	0.3953435095873746	13.640675205450792	0.8064222962738564	0.7966101694915254
22	0.39524847528208856	13.000409034582285	0.8185398364132082	0.8111380145278451
23	0.39521926641464233	12.815856095689993	0.821569221448046	0.7941888619854721
24	0.39521787643432615	11.974995727722462	0.8418661011814602	0.8159806295399515
25	0.39507725605597865	11.979301676154137	0.8397455316570737	0.8111380145278451
26	0.39490279444941767	11.4889211333715	0.8485307482581036	0.7820823244552058
27	0.3947198135512216	11.015590216104801	0.8564071493486822	0.8232445520581114
28	0.39458730303007983	9.9795005436127	0.8712511360193881	0.8523002421307506
29	0.3945787270863851	9.854900775047449	0.8679188124810664	0.7941888619854721
30	0.39454524747786984	10.113541359225145	0.8661011814601636	0.8208232445520581
31	0.3945421800017357	8.918761431024624	0.8870039382005452	0.8280871670702179
32	0.3948147874889952	8.137094597976942	0.8979097243259618	0.8353510895883777
33	0.39503482510061827	7.955250119933715	0.8933656467737049	0.8305084745762712
34	0.39530055182320734	7.606012784517729	0.9003332323538322	0.8280871670702179
35	0.39535998635821873	6.273213532108527	0.922447743108149	0.8426150121065376
36	0.3954359582952551	6.324427073893066	0.922447743108149	0.8305084745762712
37	0.3955501819911756	5.655726303274815	0.9248712511360194	0.837772397094431
38	0.39568736614325106	4.8518861174010315	0.9375946682823387	0.8305084745762712
39	0.3956583678722382	4.372848219596422	0.9457740078764011	0.8305084745762712
40	0.3955866360082859	3.90701944889644	0.9518327779460769	0.8111380145278451
41	0.3955302635828654	4.093310512029207	0.9500151469251742	0.8159806295399515
42	0.3955105016397875	3.3211836657271934	0.9621326870645259	0.8498789346246973
43	0.39547331766648725	2.514968477189541	0.9691002726446531	0.8135593220338984
44	0.395478343963623	2.2497997779058867	0.9772796122387155	0.8329297820823245
45	0.39561493500419287	2.6191555832226117	0.9787943047561345	0.8232445520581114
46	0.39576065793950505	2.3319308114453006	0.9790972432596183	0.8305084745762712
47	0.3958766808112462	1.6508181589261557	0.9836413208118752	0.8135593220338984
48	0.39603061578711685	1.2481211241549597	0.9890942138745834	0.8256658595641646
-1	-1	-1	-1	-1
0	0.5223274230957031	22.149920504826767	0.5749772796122388	0.5690072639225182
1	0.4592236280441284	20.581582339910362	0.6176916086034535	0.6707021791767555
2	0.43791667620340985	20.047902022416775	0.6410178733717056	0.6634382566585957
3	0.4275110960006714	19.60574233531952	0.67252347773402	0.7167070217917676
4	0.42073864936828614	19.761173385840195	0.6707058467131173	0.7312348668280871
5	0.41621657212575275	18.6091527732519	0.6952438654953045	0.6779661016949152
6	0.4125537531716483	18.601715315993015	0.6949409269918206	0.7263922518159807
7	0.4099627435207367	17.937192036555363	0.7215995152983944	0.6852300242130751
8	0.4082740412818061	17.968496148402874	0.7079672826416238	0.7578692493946732
9	0.4068648099899292	17.475326464726376	0.730990608906392	0.7263922518159807
10	0.4055323600769043	17.188971010538246	0.7358376249621327	0.7409200968523002
11	0.40439359347025555	16.53221378876613	0.748561042108452	0.7481840193704601
12	0.40329753435575044	16.5570791971225	0.7552256891850955	0.7602905569007264
13	0.40243853841509136	16.186162911928616	0.7582550742199333	0.7554479418886199
14	0.40158336957295737	15.737392243284445	0.7694637988488336	0.774818401937046
15	0.4008307158946991	15.54403243615077	0.7755225689185096	0.7869249394673123
16	0.4004511692944695	14.967085872705166	0.780672523477734	0.7893462469733656
17	0.39996953805287677	14.922341051009985	0.7849136625265071	0.7772397094430993
18	0.39950001867193924	14.525172715003674	0.7943047561345047	0.774818401937046
19	0.39899885654449463	14.209606997095621	0.8000605877006968	0.7820823244552058
20	0.39864043962387813	13.72103274327058	0.8079369887912754	0.7481840193704601
21	0.3984027775851163	13.546518110311949	0.8076340502877916	0.784503631961259
22	0.39825785678365955	13.0262555204905	0.8097546198121781	0.7820823244552058
23	0.39816651741663617	13.018598373119648	0.8179339594062406	0.7723970944309927
24	0.3980427932739258	11.963754390294735	0.8352014541048167	0.7990314769975787
25	0.39809054594773513	11.752537749134577	0.8376249621326871	0.7723970944309927
26	0.39792550051653824	11.272365547716618	0.8485307482581036	0.774818401937046
27	0.3977125201906477	10.694198901836689	0.8588306573765525	0.7893462469733656
28	0.39759290629419786	9.801906170753332	0.8764010905786126	0.7990314769975787
29	0.39745345115661623	9.685466259717941	0.8724628900333232	0.7990314769975787
30	0.3973109722137451	9.187903503385874	0.8776128445925477	0.7917675544794189
31	0.3970414102077484	8.005748858818642	0.8988185398364132	0.7772397094430993
32	0.396748094847708	7.984454138347735	0.9018479248712511	0.7772397094430993
33	0.39658962979036216	6.544268611818552	0.9191154195698273	0.8087167070217918
34	0.3964578969138009	6.111903829213518	0.9218418661011815	0.8038740920096852
35	0.39633434348636204	6.100146888397061	0.9260830051499546	0.801452784503632
36	0.39628939370851257	4.994549081553346	0.93850348379279	0.7966101694915254
37	0.39621910923405695	4.055075817956374	0.950318085428658	0.7893462469733656
38	0.3960685913379376	4.2027621557331605	0.9457740078764011	0.8087167070217918
39	0.39591857194900515	3.3820152459800457	0.9572856710087853	0.7893462469733656
40	0.3958600846732535	3.5060127386106896	0.959103302029688	0.7966101694915254
41	0.3957551547459194	2.999796715600846	0.9657679491063315	0.7893462469733656
42	0.3956736686617829	2.1573521114814165	0.9794001817631021	0.7893462469733656
43	0.39570726589723065	1.8089497013089175	0.9821266282944562	0.8062953995157385
44	0.3957558419969347	1.967583931570586	0.9815207512874886	0.8038740920096852
45	0.3955377703127654	1.5928726964271986	0.9863677673432293	0.7990314769975787
46	0.395365299062526	1.287662487763625	0.9890942138745834	0.7917675544794189
47	0.39522484441598255	1.0551464470425196	0.9903059678885187	0.7990314769975787
48	0.3951036638143111	1.0522303405629758	0.9887912753710997	0.8135593220338984
49	0.39501572608947755	0.8703030754829972	0.9918206604059376	0.7966101694915254
50	0.3949887565537995	0.6532661857692381	0.9945471069372918	0.8111380145278451
51	0.3948052158722511	0.47809324827260125	0.9963647379581945	0.8111380145278451
52	0.3946474948019352	0.39439177985947865	0.9975764919721296	0.7990314769975787
53	0.394536296526591	0.3239455208845007	0.9975764919721296	0.8038740920096852
54	0.39422615224664864	0.3094734583909695	0.996970614965162	0.7966101694915254
55	0.39394639645303997	0.2149881603769385	0.9987882459860649	0.8111380145278451
56	0.3935731377517968	0.32032098470573633	0.9975764919721296	0.7966101694915254
57	0.3932352435999903	0.27274876371554385	0.9978794304756134	0.7893462469733656
58	0.39298149286690404	0.31288120224892807	0.9978794304756134	0.7893462469733656
59	0.3928033192952474	0.24071976137481846	0.9981823689790973	0.801452784503632
60	0.39276943832147315	0.24404679284914613	0.9978794304756134	0.7917675544794189
61	0.3928711337427939	0.19561766336734693	0.9987882459860649	0.8062953995157385
62	0.39292335510253906	0.2870923299745348	0.9978794304756134	0.7869249394673123
63	0.39290012791752815	0.23274925284204073	0.9978794304756134	0.801452784503632
64	0.3929293302389292	0.1976616314428751	0.9981823689790973	0.7966101694915254
65	0.3929189443588257	0.20070711156586185	0.996970614965162	0.8062953995157385
66	0.39299894090908677	0.20363111288371818	0.9981823689790973	0.7966101694915254
67	0.39306264765122356	0.17630459435503537	0.998485307482581	0.801452784503632
68	0.3931337785029757	0.16372324570448443	0.9981823689790973	0.7917675544794189
-1	-1	-1	-1	-1
0	0.47300076484680176	20.629708354289715	0.6411265899454875	0.7070217917675545
1	0.43426787853240967	21.528668041412647	0.59267110841914	0.6319612590799032
2	0.42295241355895996	20.055922315670895	0.6471835251362811	0.6440677966101694
3	0.4125446677207947	19.560657588335182	0.6650514839491217	0.6319612590799032
4	0.4061715126037598	19.418536140368534	0.67595396729255	0.6997578692493946
5	0.4026496807734172	18.72379340346043	0.6868564506359782	0.6682808716707022
6	0.39941607202802387	18.94661916219271	0.6774682010902483	0.7094430992736077
7	0.39683637022972107	18.321724309371067	0.7035130224106602	0.7457627118644068
8	0.39547938770718044	17.84607399885471	0.7113870381586918	0.6198547215496368
9	0.39395904541015625	18.04508861899376	0.7150211992731678	0.6295399515738499
10	0.39278665455904876	17.33601715702277	0.7289521502119928	0.7263922518159807
11	0.3917197386423747	17.42709747186074	0.7313749242883101	0.7360774818401937
12	0.39065821354205793	16.76336122246889	0.7419745608721987	0.7602905569007264
13	0.39017590454646517	16.278892086102413	0.7540884312537856	0.7602905569007264
14	0.3895910104115804	15.962370207676521	0.7671108419139915	0.7530266343825666
15	0.3890303373336792	15.491889999463009	0.7746820109024833	0.7433414043583535
16	0.3887625021093032	15.358826182209528	0.7752877044215627	0.7433414043583535
17	0.38837997118632	15.125994416383596	0.7792247122955784	0.7167070217917676
18	0.3884705242357756	14.748226480988356	0.7861901877649909	0.7627118644067796
19	0.38845272064208985	14.240905569149898	0.7992125984251969	0.7723970944309927
20	0.3885940597170875	14.355272141786722	0.7964869775893398	0.7990314769975787
21	0.3886450312354348	14.082810528003252	0.8049666868564507	0.7893462469733656
22	0.38877120225325873	13.46499160046761	0.8170805572380375	0.784503631961259
23	0.38878901799519855	12.761872314489805	0.8258631132646881	0.7699757869249395
24	0.3889961051940918	12.449658616231037	0.8294972743791641	0.801452784503632
25	0.3892511404477633	12.066978190380793	0.8431253785584494	0.7820823244552058
26	0.3891358463852494	11.65545322230229	0.8452453058752272	0.8305084745762712
27	0.3891066993985857	11.019788875029636	0.853725015142338	0.8208232445520581
28	0.3891271393874596	10.570414569515448	0.8652331920048455	0.7917675544794189
29	0.38910091718037926	10.097761023503084	0.868564506359782	0.8426150121065376
30	0.3890084143607847	9.378941014409065	0.8791641429436705	0.8159806295399515
31	0.38889846205711365	9.289467116961113	0.8809812235009086	0.8111380145278451
32	0.39053637331182306	8.493396024291332	0.887946698970321	0.801452784503632
33	0.390757259200601	8.154785016408333	0.8979406420351302	0.801452784503632
34	0.3907181535448347	7.179050719508758	0.9076317383403998	0.8111380145278451
35	0.39075445466571385	6.732912005426792	0.9188370684433677	0.8087167070217918
36	0.3908735739218222	6.5285599151482945	0.9136886735311932	0.8232445520581114
37	0.39104488648866353	5.495828760931125	0.9309509388249546	0.8305084745762712
38	0.3910707877232478	5.176263326062606	0.9376135675348274	0.8062953995157385
39	0.3910302758216858	4.130887674884154	0.9463961235614778	0.8159806295399515
40	0.39098598898910897	3.732292216557723	0.9582071471835252	0.8329297820823245
41	0.3909829060236613	3.1779119661794257	0.9663840096910963	0.8135593220338984
42	0.3909596454265506	2.845811875537038	0.9663840096910963	0.8232445520581114
43	0.3908716223456643	2.265322664967523	0.9736523319200484	0.8111380145278451
44	0.39080914391411675	2.1026055497618823	0.9766807995154452	0.8062953995157385
45	0.3907234305920808	2.4082170087271013	0.9763779527559056	0.8401937046004843
46	0.3906651811396822	2.0792315238818095	0.9775893397940641	0.8159806295399515
47	0.3906950106223424	1.3460128349968448	0.9884918231374924	0.8353510895883777
48	0.3907601882000359	1.065612571958739	0.9930345245305875	0.8111380145278451
49	0.3908316993713379	1.2083721316706102	0.9900060569351908	0.8232445520581114
-1	-1	-1	-1	-1
0	0.47969865798950195	21.73539768732511	0.5837117771722676	0.5946601941747572
1	0.43364453315734863	22.56093644637328	0.5040871934604905	0.5825242718446602
2	0.4191492398579915	20.843477895626656	0.5997577959430821	0.5
3	0.41237372159957886	19.85274985203376	0.6509234029669997	0.5995145631067961
4	0.40870189666748047	19.680611938238144	0.662125340599455	0.5946601941747572
5	0.4068446159362793	19.401639961279354	0.6751438086587951	0.6310679611650486
6	0.40545736040387836	18.759315266058994	0.6890705419315774	0.6893203883495146
7	0.4044147729873657	18.33944551532085	0.7023917650620648	0.6310679611650486
8	0.40300944116380477	18.16482283289616	0.7008779897063275	0.6650485436893204
9	0.40167651176452634	17.852828585184536	0.719648804117469	0.6650485436893204
10	0.40095010670748626	17.7246973835505	0.7308507417499243	0.6844660194174758
11	0.4003527760505676	17.209975503958187	0.7341810475325462	0.691747572815534
12	0.4003047209519606	16.969065751020725	0.7438692098092643	0.7087378640776699
13	0.4000488689967564	16.545505560361423	0.755979412655162	0.7184466019417476
14	0.39952902793884276	16.05136918104612	0.7620345140781108	0.7305825242718447
15	0.39887940883636475	15.58582529425621	0.7680896155010597	0.7160194174757282
16	0.39862338234396544	15.59135122024096	0.7747502270663034	0.7354368932038835
17	0.3983788755204942	15.207458159098259	0.774447471995156	0.7427184466019418
18	0.3981272546868575	14.948361676472883	0.7826218589161369	0.7524271844660194
19	0.39817831516265867	15.249821892151466	0.7789887980623675	0.7378640776699029
20	0.39803297179085867	14.24852868456107	0.7974568574023615	0.7427184466019418
21	0.39797980135137384	13.752307596114965	0.8016954283984257	0.7548543689320388
22	0.39809263270834216	13.425465029019575	0.8089615501059643	0.7597087378640777
23	0.3981618881225586	13.041099974742302	0.8125946109597336	0.7402912621359223
24	0.39788830757141114	12.759129494428635	0.8225855283075991	0.7524271844660194
25	0.39754292598137486	12.080053230890861	0.8340902210112019	0.7621359223300971
26	0.3974230201156051	12.237048044227636	0.8225855283075991	0.7548543689320388
27	0.3971670866012573	11.37739587861758	0.8398425673630033	0.7621359223300971
28	0.3973708974904028	10.797580535595234	0.8510445049954587	0.779126213592233
29	0.3973804155985514	10.582882152153896	0.85679685134726	0.7669902912621359
30	0.3973194091550766	9.730876461817669	0.870420829548895	0.7888349514563107
31	0.39721905440092087	9.078685094530766	0.8828337874659401	0.7985436893203883
32	0.3971352649457527	8.79164643929555	0.8840448077505298	0.779126213592233
33	0.3969600060406853	8.079031509848742	0.8949439903118377	0.7742718446601942
34	0.39677497318812777	7.606926813721657	0.9043293975174084	0.8033980582524272
35	0.3965803053643968	7.079430951521947	0.9058431728731456	0.7936893203883495
36	0.3965617643820273	6.341410466111624	0.9131092945806842	0.8033980582524272
37	0.39648037835171346	6.346535871665065	0.9149258250075689	0.8155339805825242
38	0.3964513937632243	5.4547353111780605	0.9306690887072359	0.7936893203883495
39	0.39639911651611326	5.030611692426296	0.9339993944898577	0.8009708737864077
40	0.39616602804602646	4.540743630092877	0.9485316379049349	0.7985436893203883
41	0.39591171060289654	4.198727290790814	0.9448985770511656	0.7961165048543689
42	0.39573521392289984	3.614484033905543	0.9548894943990311	0.7864077669902912
43	0.39560559121045197	2.7475169162051034	0.9666969421737814	0.7961165048543689
44	0.39548488193088105	2.4934426540365586	0.9691189827429609	0.8203883495145631
45	0.3954630312712296	2.1504697288888006	0.9785043899485316	0.8009708737864077
46	0.3953544383353375	1.9655559062241361	0.979412655161974	0.7985436893203883
47	0.39532190064589184	1.8272461594942098	0.9772933696639419	0.8033980582524272
48	0.39535500078785174	1.4527814581703682	0.9872842870118075	0.8009708737864077
49	0.395303807258606	1.2058229377636542	0.9881925522252498	0.7864077669902912
50	0.3952966905107685	1.081493251133137	0.9884953072963972	0.8058252427184466
51	0.3953575767003573	0.7867751388229618	0.9909173478655767	0.7961165048543689
52	0.39529146788255226	0.7495521472301334	0.9939448985770512	0.7936893203883495
53	0.3951815499199761	0.8745284422229116	0.9945504087193461	0.8009708737864077
54	0.3949656703255393	0.6854234263838197	0.9930366333636088	0.8033980582524272
55	0.3948104126112802	0.41840855042951614	0.9957614290039358	0.8009708737864077
56	0.3947168191274007	0.42810782619254983	0.9966696942173782	0.8033980582524272
57	0.3946831925161954	0.3361181306972867	0.997275204359673	0.8009708737864077
58	0.39459447537438347	0.33087687850750697	0.9969724492885256	0.8009708737864077
59	0.39452139139175413	0.37055733549081754	0.9960641840750832	0.8033980582524272
60	0.3944171178536337	0.35879008202419543	0.9966696942173782	0.7888349514563107
61	0.39440891050523325	0.6197847138167932	0.9957614290039358	0.7961165048543689
62	0.39430163398621576	0.30613118612023543	0.997275204359673	0.7985436893203883
63	0.3941924385726452	0.1787257273826981	0.9990917347865577	0.8033980582524272
64	0.39407989795391374	0.16669985633164358	0.9987889797154103	0.8033980582524272
-1	-1	-1	-1	-1
0	0.5282237529754639	20.94737684268218	0.6357856494096276	0.7063106796116505
1	0.46043860912323	20.44342938065529	0.6321525885558583	0.6868932038834952
2	0.4370141824086507	18.989863028893105	0.6875567665758402	0.6941747572815534
3	0.42465007305145264	19.261641688071766	0.6818044202240388	0.6359223300970874
4	0.41837682723999026	18.702044207316177	0.6954283984256736	0.7281553398058253
5	0.41438881556193036	18.304079413414	0.703905540417802	0.6650485436893204
6	0.41123080253601074	18.295756333149395	0.695731153496821	0.7257281553398058
7	0.4072320759296417	17.689084965449112	0.7214653345443536	0.6286407766990292
8	0.4045250680711534	18.81825260244883	0.6996669694217378	0.7233009708737864
9	0.40191762447357177	17.169567520801838	0.7366030881017257	0.7014563106796117
10	0.4001424312591553	16.750168951658104	0.7459884953072964	0.7281553398058253
11	0.3988763491312663	16.5926697070782	0.7514380865879503	0.7305825242718447
12	0.3971445377056415	16.437279114356407	0.7626400242204057	0.7378640776699029
13	0.39546734946114676	16.16832256775636	0.7644565546472903	0.7548543689320388
14	0.39469946225484215	16.25801069002885	0.755979412655162	0.720873786407767
15	0.3940867632627487	15.854342082372078	0.7638510445049954	0.7597087378640777
16	0.3933376143960392	15.54697267825787	0.7753557372085983	0.7766990291262136
17	0.3928028874927097	15.074286738267311	0.7777777777777778	0.7281553398058253
18	0.39218124590421977	14.616896863167103	0.7889797154102332	0.7572815533980582
19	0.3916440010070801	14.560873315884518	0.7980623675446564	0.7839805825242718
20	0.3912855443500337	14.304570028415093	0.7938237965485921	0.7475728155339806
21	0.39099803837862884	13.957592982512255	0.799878897971541	0.7742718446601942
22	0.39079671320707904	13.41191170995052	0.8141083863154708	0.7572815533980582
23	0.3907454013824463	13.019150678928082	0.8195579775961247	0.7718446601941747
24	0.39042097091674804	12.76649469939562	0.8265213442325159	0.7645631067961165
25	0.3904436551607572	12.19421311066701	0.8322736905843173	0.779126213592233
26	0.39052145569412794	11.665837152646137	0.8431728731456252	0.7621359223300971
27	0.39055859191077097	11.85213707960569	0.8401453224341507	0.7645631067961165
28	0.39067584070666084	11.469830428178494	0.8525582803511959	0.7936893203883495
29	0.39085676670074465	10.518710397757017	0.8613381774144717	0.7645631067961165
30	0.39076132159079274	10.489267312563383	0.8598244020587344	0.7839805825242718
31	0.3905615881085396	9.85424414735574	0.8716318498334847	0.7742718446601942
32	0.3905584378675981	9.497585784930449	0.8785952164698758	0.7742718446601942
33	0.39044774279874916	8.93751887174753	0.8858613381774145	0.8009708737864077
34	0.3903986522129604	8.324793447668736	0.9003935815924917	0.7888349514563107
35	0.390445245636834	7.819271339819982	0.8970632758098698	0.7961165048543689
36	0.390455690590111	7.080734187593827	0.9134120496518316	0.7815533980582524
37	0.39046593716270045	6.807201908184932	0.9167423554344535	0.7864077669902912
38	0.39042082811013246	6.507596976481951	0.9215864365728126	0.7961165048543689
39	0.390425318479538	6.05384013400628	0.927338782924614	0.7864077669902912
40	0.3904990975449725	5.562235336894026	0.9303663336360884	0.7961165048543689
41	0.39055496738070533	5.182671630038665	0.9318801089918256	0.7912621359223301
42	0.39070232524428256	4.61063585545008	0.9406600060551015	0.7888349514563107
43	0.3907447944987904	3.6366113825486255	0.9548894943990311	0.7815533980582524
44	0.39085396660698785	4.242705797060178	0.9488343929760823	0.7912621359223301
45	0.3908473667891129	3.8234753259099445	0.9554950045413261	0.8033980582524272
46	0.3908747358525053	3.0474999408022714	0.9648804117468968	0.7888349514563107
47	0.39092692732810974	2.896121801235355	0.9660914320314865	0.7742718446601942
48	0.3909912693257235	2.055708134260315	0.9760823493793521	0.7961165048543689
49	0.39100481986999513	1.769334346199265	0.979412655161974	0.7936893203883495
50	0.39103395331139656	1.641752018306691	0.9800181653042689	0.7742718446601942
51	0.39099193994815534	1.5169410513570676	0.9857705116560702	0.8009708737864077
52	0.39105925470028285	1.0363669403461524	0.9887980623675446	0.7888349514563107
53	0.39118547792787906	0.8643333951297861	0.9900090826521344	0.7936893203883495
54	0.3913266355341131	1.0088208278264994	0.9903118377232819	0.8009708737864077
55	0.3914253371102469	0.8435516769532114	0.9912201029367242	0.7912621359223301
56	0.39151547666181596	0.7176258374602185	0.9945504087193461	0.7912621359223301
57	0.39151093877595045	0.4876981545956089	0.9969724492885256	0.7961165048543689
58	0.39154595035617634	0.6427617168519646	0.9945504087193461	0.7888349514563107
59	0.39158651828765867	0.3705307917287847	0.9975779594308205	0.7839805825242718
60	0.39158481066344214	0.4127481381091317	0.997275204359673	0.7864077669902912
61	0.39155341348340433	0.37344118899356826	0.9981834695731153	0.7839805825242718
62	0.39154235521952313	0.2924941409056863	0.9975779594308205	0.7936893203883495
63	0.39154354110360146	0.23303121543274477	0.9978807145019679	0.7864077669902912
64	0.3915508820460393	0.2712238608846047	0.9984862246442628	0.779126213592233
65	0.3915345741040779	0.2086365041232319	0.9990917347865577	0.8009708737864077
-1	-1	-1	-1	-1
0	0.4733622074127197	19.47117028786586	0.661114476075106	0.7111650485436893
1	0.43476390838623047	18.375545045504204	0.7059357964869776	0.6966019417475728
2	0.42049407958984375	17.359314368321346	0.7238037552998183	0.6674757281553398
3	0.41293585300445557	16.78881605084126	0.7462144155057541	0.7766990291262136
4	0.40866661071777344	16.69458156824112	0.7489400363416111	0.7718446601941747
5	0.40600069363911945	15.635164302129011	0.7662023016353725	0.7548543689320388
6	0.4037809031350272	15.92384326687226	0.758328285887341	0.7669902912621359
7	0.4022672176361084	15.781538215967325	0.7613567534827377	0.7839805825242718
8	0.40133796797858345	14.760452767977348	0.7834645669291339	0.808252427184466
9	0.40067877769470217	14.537467872867218	0.7901271956390067	0.7597087378640777
10	0.4004561034115878	13.835680122558887	0.8004239854633556	0.7694174757281553
11	0.39998432000478107	13.248987236848244	0.8188976377952756	0.7864077669902912
12	0.40014164264385516	12.947215389746885	0.8128407026044822	0.7961165048543689
13	0.3998455490384783	12.315785481379582	0.8288915808600847	0.7864077669902912
14	0.3996115207672119	11.662429628463892	0.8352513628104179	0.8155339805825242
15	0.39910684525966644	11.182752596644255	0.8519079345851	0.8058252427184466
16	0.39847856409409466	10.618688779954727	0.8606904906117504	0.8009708737864077
17	0.39789966742197674	9.82648683969791	0.8709872804360993	0.808252427184466
18	0.3973905287290874	9.366193546698643	0.8761356753482737	0.7815533980582524
19	0.3975155472755432	8.964388732726757	0.8815869170199879	0.7936893203883495
20	0.39750510170346215	7.917588609342392	0.8997577225923683	0.8058252427184466
21	0.39705369689247827	7.476713524988065	0.9024833434282253	0.7961165048543689
22	0.3970054336216139	6.539803555378547	0.9197456087219866	0.8058252427184466
23	0.3966439366340637	6.551050082995341	0.919442761962447	0.7985436893203883
24	0.39630541801452634	5.951027053479965	0.9300423985463355	0.7961165048543689
25	0.39588787922492397	4.763017423450947	0.9430648092065415	0.7839805825242718
26	0.39508385128445095	4.314627233534479	0.9488188976377953	0.8033980582524272
27	0.3947711246354239	3.8420887533575296	0.9563900666262871	0.8009708737864077
28	0.3946094759579363	3.7664368307361236	0.9563900666262871	0.8203883495145631
29	0.3943102200826009	2.9899693827789564	0.964869775893398	0.7936893203883495
30	0.3939456247514294	3.100382673052641	0.967595396729255	0.8131067961165048
31	0.39373762160539627	2.5725272936083807	0.9724409448818898	0.8179611650485437
32	0.39344713904640893	2.3033965199899216	0.9775893397940641	0.8131067961165048
33	0.3933616105247946	1.8629782070907264	0.98152634766808	0.8106796116504854
34	0.39318428720746723	1.1961930433753878	0.9900060569351908	0.8106796116504854
35	0.3929881188604567	1.085835802870301	0.9915202907328892	0.7961165048543689
36	0.39274316220670136	0.8464466790811946	0.9939430648092066	0.8179611650485437
37	0.39255439607720627	0.8975403911362474	0.9945487583282859	0.8058252427184466
38	0.3921203063084529	1.6335044207517058	0.9827377347062386	0.808252427184466
39	0.3919179856777191	0.7733088300766002	0.9942459115687462	0.779126213592233
40	0.3918400508601491	0.8537338762185894	0.9915202907328892	0.8058252427184466
41	0.3920281728108724	0.7765213258636112	0.9951544518473653	0.8058252427184466
42	0.39223346599312714	0.6073380910003414	0.9960629921259843	0.8155339805825242
43	0.39241850917989557	0.41523233279664196	0.9978800726832223	0.7961165048543689
44	0.3925759103563097	0.5504444802645594	0.9963658388855239	0.8033980582524272
45	0.3926811477412348	0.3878476281847375	0.9975772259236826	0.8058252427184466
46	0.3926976741628444	0.4382653320924594	0.9966686856450636	0.8155339805825242
47	0.392794872323672	0.46185786857341343	0.9963658388855239	0.8033980582524272
48	0.3927549877945258	0.25764754162922215	0.9978800726832223	0.808252427184466
-1	-1	-1	-1	-1
0	0.5255703926086426	19.67508449806617	0.6522265980006059	0.7336561743341404
1	0.46088922023773193	18.072888924525333	0.7097849136625265	0.7627118644067796
2	0.4383839766184489	17.49350093992857	0.7219024538018782	0.7481840193704601
3	0.4259997606277466	16.558958324102257	0.7431081490457437	0.7772397094430993
4	0.4186657428741455	16.018600928095672	0.7579521357164496	0.7723970944309927
5	0.4142270088195801	15.391953280338875	0.7709784913662526	0.7602905569007264
6	0.41146789278302875	15.284438658219118	0.7688579218418661	0.7941888619854721
7	0.40975308418273926	14.597406226855059	0.7967282641623751	0.7917675544794189
8	0.4082086616092258	14.564108417584347	0.7867312935474099	0.8062953995157385
9	0.406988263130188	13.776289788576273	0.8021811572250833	0.7506053268765133
10	0.4060815247622403	13.746788153281578	0.7964253256588912	0.784503631961259
11	0.40560829639434814	13.599086270882534	0.8112693123295971	0.784503631961259
12	0.4049680049602802	12.657134422889122	0.8258103604968191	0.8087167070217918
13	0.40502892221723286	11.786367409504377	0.8385337776431384	0.7869249394673123
14	0.4051187038421631	11.432807694547451	0.8473189942441685	0.7990314769975787
15	0.4049347937107086	10.629838851781992	0.8591335958800363	0.8087167070217918
16	0.40446340336519127	10.371343658520626	0.8618600424113905	0.801452784503632
17	0.4042881462309096	9.773630616756586	0.8736746440472584	0.8184019370460048
18	0.40397047996520996	9.51148309157445	0.8791275371099667	0.7966101694915254
19	0.4032544016838074	8.520854555643522	0.8873068767040291	0.8232445520581114
20	0.40272372109549387	8.215603223213783	0.8982126628294457	0.8087167070217918
21	0.40215626629916107	7.353186413645744	0.9136625265071191	0.8256658595641646
22	0.4016097110250722	6.855677593785983	0.9182066040593759	0.8208232445520581
23	0.40105822682380676	6.258181747335654	0.9242653741290519	0.8184019370460048
24	0.40088194847106934	5.618699138554243	0.9312329597091791	0.8329297820823245
25	0.4008873334297767	4.923210671314826	0.9469857618903362	0.8280871670702179
26	0.40088159066659435	4.638296710757109	0.9472887003938201	0.8208232445520581
27	0.40092518499919344	3.8855711618044344	0.95607391699485	0.8159806295399515
28	0.40083391913052263	2.7751161628044567	0.9706149651620721	0.8087167070217918
29	0.40066258907318114	3.7217275070456357	0.957588609512269	0.8159806295399515
30	0.4005260313710859	2.516007363509673	0.9754619812178128	0.8208232445520581
31	0.4003721997141838	2.135323957934116	0.9803089972735535	0.8184019370460048
32	0.4001864953474565	2.0695518183235366	0.9784913662526508	0.8208232445520581
33	0.4000456894145292	1.9447410628020476	0.9842471978188427	0.8087167070217918
34	0.3999324594225202	2.004160177320815	0.9815207512874886	0.8087167070217918
35	0.39974650409486556	1.4084070996703724	0.9863677673432293	0.8256658595641646
36	0.39953194437800227	1.1364378224915037	0.9915177219024538	0.837772397094431
37	0.399336061979595	0.8347271583043039	0.9906089063920024	0.8135593220338984
38	0.39925210903852415	1.0913029816449404	0.9909118448954862	0.8256658595641646
39	0.39905654191970824	0.7035358007997274	0.9963647379581945	0.8280871670702179
40	0.39885544776916504	0.6622391483710649	0.9960617994547107	0.8208232445520581
41	0.398724601382301	0.6857498018269745	0.9951529839442593	0.8135593220338984
42	0.39846808965816055	0.6728572067647922	0.9957588609512269	0.8280871670702179
43	0.398349485614083	0.6079342945013195	0.9951529839442593	0.8280871670702179
44	0.39836738374498154	0.6197522176999672	0.9939412299303242	0.8208232445520581
45	0.39832487313643744	0.48313407143219733	0.9966676764616783	0.8280871670702179
46	0.39817767447613656	0.5891992507184534	0.9951529839442593	0.8256658595641646
47	0.39820468922456104	0.4045453807518173	0.9963647379581945	0.8256658595641646
48	0.39792051607248735	0.45918599183026415	0.996970614965162	0.8280871670702179
49	0.3977590274810791	0.40503608961052334	0.9966676764616783	0.8256658595641646
50	0.39747024984920726	0.5597132411158572	0.9960617994547107	0.8208232445520581
51	0.3972347562129681	0.38749068855451274	0.9963647379581945	0.8280871670702179
52	0.3969880994760765	0.35658343667343545	0.9963647379581945	0.8329297820823245
53	0.39702157621030454	0.2484554877692762	0.998485307482581	0.8208232445520581
54	0.3969905896620317	0.30868614084409696	0.9975764919721296	0.8280871670702179
55	0.3969289575304304	0.36599767275709805	0.996970614965162	0.8280871670702179
56	0.3970439559534976	0.24223998575829542	0.9978794304756134	0.8305084745762712
-1	-1	-1	-1	-1
0	0.47229743003845215	19.43782337812277	0.669494092699182	0.6513317191283293
1	0.433430552482605	18.139591478384457	0.706149651620721	0.6803874092009685
2	0.4197588761647542	17.412115136018166	0.7282641623750379	0.7094430992736077
3	0.4124895930290222	16.39481888826077	0.745531657073614	0.7239709443099274
4	0.4074146270751953	16.14836419774936	0.7506816116328385	0.7433414043583535
5	0.403985857963562	15.582104533910751	0.7703726143592851	0.7215496368038741
6	0.401278018951416	15.119904559392195	0.7752196304150257	0.7288135593220338
7	0.4001626968383789	14.556941218101061	0.7927900636170857	0.7167070217917676
8	0.3991230328877767	14.454956929271038	0.7961223871554075	0.7506053268765133
9	0.3980982542037964	14.300763739989353	0.7888518630717964	0.7602905569007264
10	0.39718127250671387	13.582004647988539	0.802484095728567	0.7409200968523002
11	0.3964033325513204	13.562124502773468	0.807028173280824	0.7554479418886199
12	0.3957953086266151	13.078931409579058	0.8149045743714026	0.7602905569007264
13	0.3956548997334072	12.614577307150913	0.8258103604968191	0.7409200968523002
14	0.39551838239034015	11.249076364132074	0.8445925477128143	0.7457627118644068
15	0.39549218118190765	10.885606074849001	0.8542865798242957	0.774818401937046
16	0.3957774358637193	10.024813418204968	0.8645864889427446	0.7457627118644068
17	0.39589455392625594	9.689282551407814	0.8718570130263557	0.774818401937046
18	0.3959016172509444	9.209443858036629	0.8773099060890639	0.7917675544794189
19	0.39571768045425415	8.323578246510946	0.8966979703120267	0.7602905569007264
20	0.39553227878752206	7.832082072129617	0.9036655558921539	0.7893462469733656
21	0.3954145041379062	7.135456126469832	0.9160860345349894	0.7941888619854721
22	0.3950768864673117	6.732655457579172	0.915177219024538	0.7772397094430993
23	0.39477699995040894	5.603855956059236	0.9345652832475008	0.7820823244552058
24	0.39456377029418943	5.591162504485021	0.9321417752196304	0.7869249394673123
25	0.39448957259838396	4.826186643196986	0.9454710693729172	0.7941888619854721
26	0.3940917209342674	4.265686430037022	0.9563768554983338	0.7990314769975787
27	0.39358431100845337	3.816404001500744	0.9627385640714935	0.7820823244552058
28	0.3934066131197173	2.9595509960065383	0.9675855801272342	0.801452784503632
29	0.3933801015218099	2.96491623039429	0.9709179036655559	0.7699757869249395
30	0.3934749095670639	3.060714678122447	0.9675855801272342	0.7966101694915254
31	0.39343470335006714	2.307008717244921	0.975159042714329	0.8135593220338984
32	0.39341197591839416	1.579727662899621	0.9875795213571645	0.8087167070217918
33	0.39342532438390393	1.6306992082928236	0.9845501363223266	0.7990314769975787
34	0.3934690611703055	1.446519525439586	0.9881853983641321	0.8135593220338984
35	0.3935050434536404	0.9028771571241893	0.9933353529233565	0.8111380145278451
36	0.393238589570329	0.7914883059521134	0.9942441684338079	0.801452784503632
37	0.3932572665967439	0.7640773523061608	0.9945471069372918	0.7917675544794189
38	0.39312336995051456	0.7821276660901136	0.9945471069372918	0.7941888619854721
39	0.3930027008056641	0.7417846977925644	0.9951529839442593	0.7893462469733656
40	0.3930556483385039	0.877862203391627	0.9948500454407755	0.8087167070217918
41	0.3930703004201253	0.7050146260298789	0.9954559224477431	0.7990314769975787
42	0.3930116697799328	0.5074870173568622	0.9960617994547107	0.801452784503632
43	0.3929386355660178	0.45703861430788845	0.9972735534686459	0.7893462469733656
44	0.3929342958662245	0.42752377792763024	0.9972735534686459	0.7917675544794189
45	0.39294657499893854	0.3889264452412205	0.9972735534686459	0.801452784503632
46	0.39334746117287495	0.3937122935715776	0.9963647379581945	0.8038740920096852
47	0.3934383491675059	0.36383760715118396	0.9975764919721296	0.7990314769975787
48	0.3934517344649957	0.30119088865089555	0.9978794304756134	0.801452784503632
49	0.3933885145187378	0.31364652533263254	0.9975764919721296	0.7966101694915254
50	0.3933301486221014	0.2965706728159253	0.9975764919721296	0.7990314769975787
51	0.39329344034194946	0.28783872586469583	0.9981823689790973	0.7941888619854721
-1	-1	-1	-1	-1
0	0.5293533802032471	20.04278944318111	0.6522265980006059	0.7627118644067796
1	0.46311843395233154	18.319693363629856	0.7031202665858831	0.7457627118644068
2	0.4416017532348633	17.436285711251774	0.7215995152983944	0.7554479418886199
3	0.43091630935668945	17.027246168026558	0.7391699485004544	0.7893462469733656
4	0.4235386848449707	16.30879886792256	0.747046349591033	0.7796610169491526
5	0.418287992477417	15.954785553308634	0.763102090275674	0.7820823244552058
6	0.4145756789616176	15.347869194470919	0.7785519539533474	0.7869249394673123
7	0.4120522439479828	15.018722061927502	0.7852166010299909	0.801452784503632
8	0.4102206759982639	14.67196014065009	0.7861254165404423	0.7699757869249395
9	0.4089315176010132	14.399725063489033	0.7921841866101181	0.8062953995157385
10	0.40790330279957165	14.77487623003813	0.7782490154498637	0.8111380145278451
11	0.4067261219024658	13.639611993844692	0.8073311117843078	0.8087167070217918
12	0.4052867155808669	12.923392353149561	0.8188427749166919	0.8329297820823245
13	0.40443543025425505	12.175052223297266	0.8330808845804302	0.8184019370460048
14	0.40375590324401855	12.185275479004932	0.8327779460769463	0.7941888619854721
15	0.4031617343425751	11.347960960406523	0.8542865798242957	0.8208232445520581
16	0.4028172072242288	10.651980494077389	0.8545895183277794	0.8426150121065376
17	0.4022478395038181	10.382625339122919	0.8621629809148743	0.837772397094431
18	0.4016601286436382	9.24933099402831	0.8824598606482884	0.8184019370460048
19	0.4012364029884338	8.633486492129473	0.8876098152075129	0.8232445520581114
20	0.4009825615655808	7.893048511674771	0.9012420478642835	0.8062953995157385
21	0.4007085995240645	7.445213874945273	0.9085125719478946	0.7990314769975787
22	0.40059632840363874	6.704113227673448	0.9176007270524084	0.7966101694915254
23	0.4004289408524831	6.430221173625726	0.9212359890942139	0.8353510895883777
24	0.4001352310180664	4.92522937976397	0.9427446228415631	0.8135593220338984
25	0.39982644411233753	4.936574614964998	0.93850348379279	0.847457627118644
26	0.39958999775074144	4.793697580695152	0.9433504998485307	0.7941888619854721
27	0.3994565010070801	3.899760999931739	0.9530445319600122	0.8353510895883777
28	0.39925306418846396	3.300412647569409	0.9651620720993638	0.8087167070217918
29	0.3992079416910807	3.45018569036172	0.9600121175401394	0.8159806295399515
30	0.3990438830467962	2.2401367847162943	0.975159042714329	0.8401937046004843
31	0.3985317274928093	2.2984739589289975	0.9787943047561345	0.8208232445520581
32	0.39780222285877576	1.7981304755398573	0.9818236897909725	0.8280871670702179
33	0.3974610356723561	1.5980610527151908	0.9875795213571645	0.8208232445520581
34	0.39716288702828545	1.4795398049665471	0.9906089063920024	0.8329297820823245
35	0.39682943953408134	1.0767468376658285	0.9893971523780672	0.8280871670702179
36	0.39659723075660497	0.810985336259294	0.9948500454407755	0.8450363196125908
37	0.39643769515188115	0.7206567622219714	0.9957588609512269	0.8305084745762712
38	0.3962895320012019	1.0691977214569657	0.9939412299303242	0.8305084745762712
39	0.3961507260799408	0.7148718879952167	0.9951529839442593	0.8232445520581114
40	0.39604095133339484	0.7107768528915656	0.9948500454407755	0.837772397094431
41	0.39586801755995976	0.87253784839637	0.9933353529233565	0.8256658595641646
42	0.3957295584124188	0.5890540510344391	0.9954559224477431	0.8353510895883777
43	0.395693762735887	0.5598243715402742	0.9963647379581945	0.8329297820823245
44	0.3955014334784614	0.3684265092910769	0.9978794304756134	0.8305084745762712
45	0.39542151534039044	0.6178822760792593	0.9957588609512269	0.837772397094431
-1	-1	-1	-1	-1
0	0.4720268249511719	19.124330030037807	0.6861557103907907	0.7578692493946732
1	0.43047142028808594	18.062271365752586	0.7152378067252347	0.7215496368038741
2	0.41900285085042316	17.098014804033134	0.732505301423811	0.7651331719128329
3	0.4129841923713684	16.287051583711918	0.757346258709482	0.7772397094430993
4	0.4088017463684082	16.049647693450634	0.7652226598000605	0.7481840193704601
5	0.40583376089731854	15.465516856083504	0.780672523477734	0.7506053268765133
6	0.40370781081063406	14.977314852751219	0.7758255074219933	0.7602905569007264
7	0.40233534574508667	14.924481219970263	0.7888518630717964	0.7772397094430993
8	0.40142665969000924	14.424327721962563	0.792487125113602	0.8062953995157385
9	0.4006738901138306	13.949227200677761	0.8058164192668889	0.7554479418886199
10	0.4000543464313854	14.327893759195621	0.7964253256588912	0.7820823244552058
11	0.3992111881573995	13.09235800229586	0.8112693123295971	0.7506053268765133
12	0.39853939643272984	12.297026799275326	0.833383823083914	0.7966101694915254
13	0.39804026058741976	11.819774965827282	0.8430778551953954	0.7917675544794189
14	0.3977509498596191	11.109639891494925	0.8506513177824901	0.8038740920096852
15	0.3975903391838074	10.750814515810747	0.8609512269009391	0.8280871670702179
16	0.39729849029989805	10.351278891930214	0.8667070584671311	0.8159806295399515
17	0.3968190749486287	9.523127134029682	0.8809451681308694	0.8208232445520581
18	0.39723393791600276	8.696420862124516	0.8960920933050591	0.8184019370460048
19	0.3974782109260559	7.9671106453125295	0.8970009088155104	0.7820823244552058
20	0.39774099985758465	7.70613708633643	0.909421387458346	0.8184019370460048
21	0.39790417931296607	7.938873956982906	0.9021508633747349	0.8159806295399515
22	0.3980860710144043	6.847266051631707	0.9136625265071191	0.8305084745762712
23	0.39826688170433044	5.94123662263155	0.9288094516813087	0.8305084745762712
24	0.398239049911499	5.129325087253864	0.9354740987579522	0.8038740920096852
25	0.3978779224249033	4.5644161053575	0.9481975159042715	0.8256658595641646
26	0.39796962561430754	4.11068547058564	0.9548621629809149	0.8208232445520581
27	0.39800725664411274	3.64822258026554	0.9609209330505907	0.8305084745762712
28	0.39806986677235573	3.3748120887634845	0.9624356255680097	0.8305084745762712
29	0.3981152931849162	3.0086180409416556	0.967888518630718	0.8111380145278451
30	0.3982059801778486	2.5115987811452496	0.9745531657073614	0.8305084745762712
31	0.398162841796875	1.974299903314274	0.9818236897909725	0.8135593220338984
32	0.3981632102619518	1.7230839961423323	0.9848530748258104	0.8208232445520581
33	0.3979811107411104	1.8335365312747085	0.9830354438049076	0.8256658595641646
34	0.39789881706237795	1.4758945942784731	0.9878824598606483	0.8256658595641646
35	0.39791390630933976	1.3182437075660205	0.9900030293850348	0.8184019370460048
36	0.39783646609332113	1.7744097366141012	0.9857618903362617	0.8159806295399515
37	0.39775576089557846	1.3642637851433113	0.9875795213571645	0.8256658595641646
38	0.3976170283097487	0.9617613087623165	0.9930324144198728	0.8159806295399515
39	0.3975184321403503	0.8502745598827739	0.9942441684338079	0.8087167070217918
40	0.3973744380764845	0.7668140221816989	0.9951529839442593	0.8401937046004843
41	0.39699428989773705	0.6126113308262295	0.9972735534686459	0.8305084745762712
42	0.3966612982195477	0.5779057028054152	0.9972735534686459	0.8256658595641646
43	0.3965438225052573	0.6070092796312215	0.9963647379581945	0.8159806295399515
44	0.39642316500345864	0.4783094989073176	0.9975764919721296	0.8329297820823245
45	0.39631808322408923	0.6424416625299133	0.9957588609512269	0.8184019370460048
46	0.39626349794103743	0.5522402736051635	0.9966676764616783	0.8135593220338984
47	0.39620207250118256	0.6155980185430963	0.9960617994547107	0.8280871670702179
48	0.39618320367774185	0.5704412529723868	0.9963647379581945	0.8256658595641646
49	0.3961263036727905	0.3462092032512793	0.9975764919721296	0.8184019370460048
50	0.39600124546125826	0.3909025077546875	0.9972735534686459	0.8256658595641646
51	0.39595227058117205	0.4154852384336454	0.9975764919721296	0.8208232445520581
52	0.3959325079648	0.42499902910696197	0.9972735534686459	0.8208232445520581
53	0.3956833238954897	0.36890463383707145	0.996970614965162	0.8280871670702179
54	0.39551496505737305	0.3089712460328323	0.9981823689790973	0.8208232445520581
55	0.3953422691140856	0.33503096034445873	0.9975764919721296	0.8256658595641646
56	0.3951224737000047	0.2828246197761753	0.9975764919721296	0.8280871670702179
57	0.39493556680350467	0.27727909948533547	0.9975764919721296	0.8159806295399515
58	0.3949969461408712	0.3374728321169431	0.9975764919721296	0.8184019370460048
59	0.39507904450098674	0.33867592888418585	0.9972735534686459	0.8184019370460048
60	0.3951219457094787	0.33366068184841424	0.9978794304756134	0.8184019370460048
-1	-1	-1	-1	-1
0	0.5252504348754883	18.936070792950115	0.691608603453499	0.6997578692493946
1	0.45689499378204346	17.822206595769295	0.7167524992426537	0.7191283292978208
2	0.43531211217244464	17.360382318496704	0.7203877612844592	0.6828087167070218
3	0.4246666431427002	16.684727084178192	0.7503786731293547	0.6900726392251816
4	0.41948394775390624	15.694244233461527	0.7709784913662526	0.7070217917675545
5	0.41490451494852704	15.504673561224571	0.7685549833383823	0.7046004842615012
6	0.4116870675768171	15.05840819157087	0.7840048470160558	0.738498789346247
7	0.40956002473831177	14.624276308486095	0.7861254165404423	0.7433414043583535
8	0.4087249173058404	14.228676761572178	0.7997576491972129	0.7312348668280871
9	0.40762150287628174	14.128261113396057	0.7985458951832778	0.7167070217917676
10	0.40679862282492896	13.914747552229809	0.8018782187215995	0.738498789346247
11	0.40562353531519574	13.234995507276976	0.8109663738261133	0.774818401937046
12	0.40471163162818324	12.612251818180084	0.8242956679794002	0.7627118644067796
13	0.4039522409439087	11.576392884437855	0.8455013632232656	0.7409200968523002
14	0.40338826179504395	11.761190455693464	0.8461072402302333	0.7675544794188862
15	0.40285006165504456	10.779116403598051	0.8573159648591336	0.7651331719128329
16	0.4020126707413617	10.001480062420551	0.8703423205089367	0.7723970944309927
17	0.4012884431415134	9.773066759109497	0.8718570130263557	0.7627118644067796
18	0.40037606891832855	8.729346828391918	0.8891245077249318	0.7723970944309927
19	0.40020114183425903	8.799847284188637	0.8888215692214481	0.7554479418886199
20	0.40017259688604445	7.5615134216271915	0.9091184489548622	0.774818401937046
21	0.39988592537966644	7.045063152909279	0.9160860345349894	0.7675544794188862
22	0.39949454431948456	6.195701062679291	0.928506513177825	0.7675544794188862
23	0.39882229765256244	5.616405982237596	0.9378976067858225	0.7239709443099274
24	0.39862722396850586	5.305400848961794	0.9403211148136928	0.7699757869249395
25	0.39843051250164324	4.751205858702843	0.9433504998485307	0.7627118644067796
26	0.39817108931364836	4.747338509903504	0.944562253862466	0.784503631961259
27	0.39777736152921406	3.7223142196352663	0.9609209330505907	0.7627118644067796
28	0.3973556962506524	2.927949990504063	0.9630415025749772	0.7530266343825666
29	0.39698075453440346	3.366396089299367	0.9615268100575584	0.7554479418886199
30	0.3966185738963465	2.418534569728833	0.9769766737352318	0.7578692493946732
31	0.39626043289899826	1.6934091362815638	0.9860648288397456	0.7723970944309927
32	0.3961797338543516	1.2612511535676627	0.9893971523780672	0.7772397094430993
33	0.3960426274467917	1.4820141796327124	0.9890942138745834	0.784503631961259
34	0.3957580634525844	1.2547543054231658	0.9909118448954862	0.7602905569007264
35	0.39545004897647434	1.1842295365193143	0.9893971523780672	0.7602905569007264
36	0.39521976419397303	1.2574781860368183	0.9921235989094214	0.7723970944309927
37	0.39504021092465047	0.875289621471893	0.9927294759163889	0.7723970944309927
38	0.3949648172427446	0.8695941460856165	0.9954559224477431	0.7433414043583535
39	0.39480167627334595	0.7137847644894814	0.9954559224477431	0.7723970944309927
40	0.39469467139825587	0.5128383525074102	0.9966676764616783	0.784503631961259
41	0.3944623413540068	0.47663373431155026	0.996970614965162	0.7627118644067796
42	0.39432027173596756	0.3853394630221793	0.9975764919721296	0.7675544794188862
43	0.39422926577654754	0.3944497535793254	0.9981823689790973	0.774818401937046
44	0.3942232025994195	0.3169458089217257	0.998485307482581	0.7723970944309927
45	0.3941884248153023	0.3740827426797925	0.9981823689790973	0.774818401937046
46	0.39425421775655545	0.25392794218630743	0.9987882459860649	0.774818401937046
-1	-1	-1	-1	-1
0	0.46718788146972656	19.295497334920444	0.6807028173280824	0.7409200968523002
1	0.4257415533065796	18.40685916863955	0.7067555286276885	0.7239709443099274
2	0.4114585717519124	17.236218412335102	0.7315964859133596	0.7336561743341404
3	0.4048358201980591	16.466443916926018	0.7494698576189034	0.7215496368038741
4	0.40042672157287595	16.04887540294574	0.7588609512269009	0.7530266343825666
5	0.3985949754714966	15.911065097038563	0.7637079672826417	0.7627118644067796
6	0.39640692302158903	15.65780409024312	0.7685549833383823	0.7506053268765133
7	0.39497944712638855	14.887811387960728	0.7743108149045743	0.7602905569007264
8	0.39411817656622994	14.74424038025049	0.7849136625265071	0.784503631961259
9	0.393230676651001	14.356539937166067	0.7949106331414723	0.774818401937046
10	0.3926093578338623	13.894327379763126	0.8036958497425023	0.7506053268765133
11	0.39217068751653034	13.254987689164969	0.8130869433504998	0.784503631961259
12	0.3917277776277982	13.314483923407701	0.8139957588609512	0.7869249394673123
13	0.39116229329790386	12.027111399632235	0.833383823083914	0.784503631961259
14	0.3906944910685221	12.094184990112598	0.8361102696152681	0.7941888619854721
15	0.3909480571746826	11.255952917612516	0.8518630717964253	0.8087167070217918
16	0.39071425269631777	10.424048310289017	0.8636776734322933	0.801452784503632
17	0.39066533247629803	10.043656562383358	0.8736746440472584	0.7966101694915254
18	0.3903918642746775	9.624522170195213	0.8782187215995153	0.8087167070217918
19	0.3899227499961853	8.678608521819115	0.8885186307179642	0.7869249394673123
20	0.3903446878705706	8.51097294000479	0.8948803392911239	0.8087167070217918
21	0.39044647867029364	7.540963671528376	0.9051802484095729	0.8232445520581114
22	0.3901314113451087	7.142839124515796	0.9124507724931838	0.774818401937046
23	0.39012741049130756	6.659250954022775	0.916691911541957	0.8087167070217918
24	0.3897954750061035	6.269913323796713	0.926991820660406	0.8159806295399515
25	0.38961714047652024	5.349712236569478	0.9403211148136928	0.8159806295399515
26	0.3899268839094374	5.650070950388908	0.9360799757649197	0.8135593220338984
27	0.3898636869021824	4.236769255537253	0.9494092699182066	0.7990314769975787
28	0.3897307001311204	3.308955593751027	0.9633444410784611	0.8208232445520581
29	0.3901057799657186	3.2011247724294662	0.9636473795819449	0.7941888619854721
30	0.3904869402608564	3.427588354008129	0.9566797940018177	0.7869249394673123
31	0.3906187117099762	2.4828170228821156	0.975159042714329	0.8135593220338984
32	0.39048707123958704	2.528106297215205	0.9730384731899424	0.8087167070217918
33	0.39010953201967125	1.8424141137645795	0.980914874280521	0.8111380145278451
34	0.38980464254106795	1.4810749970806332	0.9851560133292941	0.8087167070217918
35	0.38976778586705524	1.6834135142495283	0.9851560133292941	0.8087167070217918
36	0.3897868298195504	1.715420688627861	0.9833383823083914	0.8208232445520581
37	0.3896154980910452	1.2498311731391227	0.9906089063920024	0.8208232445520581
38	0.3894476768298027	0.8494198863000537	0.9933353529233565	0.8038740920096852
39	0.38959117531776427	0.9057658151007042	0.9930324144198728	0.8305084745762712
40	0.38969839491495273	0.7688216391789655	0.9942441684338079	0.8329297820823245
41	0.39002210185641334	0.802708548028022	0.9921235989094214	0.8329297820823245
42	0.39019815311875455	0.701902787022006	0.9945471069372918	0.8184019370460048
43	0.3901222619143399	0.8906321714345652	0.9930324144198728	0.8256658595641646
44	0.3899969630771213	0.5121413360511025	0.9951529839442593	0.8208232445520581
45	0.3898971650911414	0.6066241844628866	0.9954559224477431	0.8184019370460048
46	0.38999398718488976	0.4843331287825444	0.9966676764616783	0.8135593220338984
47	0.3899325281381607	0.3278476012772164	0.9963647379581945	0.8184019370460048
48	0.3898905004773821	0.4692593116040091	0.9957588609512269	0.8256658595641646
49	0.38980544567108155	0.49689140992100317	0.9960617994547107	0.8256658595641646
50	0.3897963785657696	0.3507960645455079	0.9975764919721296	0.8208232445520581
51	0.3898607309047992	0.37085403306767917	0.996970614965162	0.8208232445520581
52	0.38992211503802604	0.32593637225979294	0.9972735534686459	0.8305084745762712
53	0.3900274877195005	0.28073938762813316	0.9975764919721296	0.8111380145278451
54	0.3900988275354559	0.37734387767537	0.996970614965162	0.8159806295399515
55	0.390146655695779	0.2880231527199682	0.996970614965162	0.8256658595641646
56	0.3900846933063708	0.345425563165918	0.996970614965162	0.8256658595641646
57	0.3910382780535468	0.3656288750314091	0.9960617994547107	0.8232445520581114
58	0.3911245030871892	0.34018696820399225	0.9963647379581945	0.8232445520581114
59	0.39110841751098635	0.3662995230740937	0.9966676764616783	0.8232445520581114
60	0.3911933468990639	0.377088190475031	0.9966676764616783	0.8111380145278451
-1	-1	-1	-1	-1
0	0.47663211822509766	18.887153992286095	0.6804966686856451	0.7288135593220338
1	0.4379483461380005	17.637271725214443	0.7225923682616596	0.7215496368038741
2	0.4220643838246663	17.195211846094864	0.7331920048455481	0.7481840193704601
3	0.4149820804595947	16.834294367295044	0.7440944881889764	0.7627118644067796
4	0.41019787788391116	15.972479444283705	0.7586311326468806	0.7602905569007264
5	0.4071914354960124	15.412103939514894	0.7668079951544519	0.7723970944309927
6	0.4055276598249163	14.892895480761162	0.7789218655360388	0.7602905569007264
7	0.4042249023914337	14.521912414294023	0.7904300423985463	0.7723970944309927
8	0.40315694279140896	14.248428750496645	0.7946698970321018	0.7409200968523002
9	0.4020706653594971	14.24529365163583	0.8013325257419746	0.7675544794188862
10	0.4013750769875266	13.68741171176617	0.8049666868564507	0.7506053268765133
11	0.40077783664067584	13.391216875268864	0.8137492428831011	0.7723970944309927
12	0.40018855608426607	12.503191640743843	0.8270745003028468	0.7723970944309927
13	0.3999878338405064	12.012818354826708	0.838885523924894	0.7796610169491526
14	0.39952193895975746	11.780625375417562	0.8452453058752272	0.7627118644067796
15	0.3989492207765579	11.148018992864168	0.8449424591156874	0.8038740920096852
16	0.39850720237283144	10.423350416696989	0.8655360387643852	0.8062953995157385
17	0.398171345392863	9.534559581715326	0.8770442156268928	0.7990314769975787
18	0.3978622838070518	9.562019375654367	0.8737129012719564	0.7917675544794189
19	0.39758661985397337	8.52548497227522	0.88885523924894	0.8038740920096852
20	0.39759505362737746	8.406604503209774	0.8891580860084797	0.8256658595641646
21	0.3976708108728582	7.109062735850994	0.9079345850999394	0.8062953995157385
22	0.3977040415224822	6.602727284511695	0.9164142943670502	0.7966101694915254
23	0.39765384793281555	5.993098543527035	0.9333737129012719	0.7893462469733656
24	0.39733154296875	5.5556506514549255	0.9400363416111448	0.7869249394673123
25	0.3969224691390991	5.156401070264669	0.9364021804966687	0.7772397094430993
26	0.396761903056392	4.4623046935750885	0.9582071471835252	0.7796610169491526
27	0.3965500167437962	3.6538570382130833	0.9591156874621442	0.8280871670702179
28	0.3963326750130489	3.3019514000759673	0.9657783161720169	0.7893462469733656
29	0.3961169799168905	3.3828810634664617	0.9636583888552392	0.7990314769975787
30	0.3960052074924592	3.171385674809034	0.9682010902483343	0.8087167070217918
31	0.3959209993481636	2.2732910450297195	0.9794064203513022	0.8062953995157385
32	0.39582285014065827	2.262269185354503	0.9812235009085403	0.8062953995157385
33	0.39572057303260355	1.974056978781636	0.9812235009085403	0.7772397094430993
34	0.39534692764282225	2.1303488977539997	0.9788007268322229	0.7893462469733656
35	0.3951886296272278	1.5392907009674952	0.9881889763779528	0.7966101694915254
36	0.3950908441801329	1.13896095725851	0.9894003634161115	0.801452784503632
37	0.39514215996390895	1.0830027893937837	0.9903089036947305	0.8062953995157385
38	0.39494845806024015	0.7722476464338027	0.9948516050878256	0.8111380145278451
39	0.3948912024497986	0.9104297595062795	0.9927316777710479	0.8111380145278451
40	0.3948979610350074	0.8245201945448151	0.9942459115687462	0.8038740920096852
41	0.39499813602084205	0.8093247501114652	0.9951544518473653	0.8087167070217918
42	0.3950581661490507	0.608809063399139	0.9957601453664445	0.8135593220338984
43	0.39493227005004883	0.7309402322638422	0.9951544518473653	0.8135593220338984
44	0.3948437054951986	0.8396486091570785	0.9948516050878256	0.8159806295399515
45	0.3947596549987793	0.6027184260657612	0.9951544518473653	0.8111380145278451
46	0.39479020808605436	0.5450930657814472	0.9960629921259843	0.8062953995157385
47	0.39478379984696704	0.6322443199964115	0.9951544518473653	0.8135593220338984
-1	-1	-1	-1	-1
0	0.47808337211608887	19.14469963312149	0.6830154405086285	0.6237864077669902
1	0.43833768367767334	18.65388649243575	0.7026945201332122	0.7354368932038835
2	0.424803892771403	17.28427647627317	0.7232818649712383	0.7354368932038835
3	0.41816312074661255	16.848359720065044	0.7381168634574629	0.7281553398058253
4	0.414060640335083	16.25710995380695	0.7577959430820467	0.7524271844660194
5	0.4103286663691203	15.627958678282225	0.7659703300030275	0.75
6	0.4076447827475412	15.668804498819204	0.7677868604299122	0.7694174757281553
7	0.41194042563438416	14.828790605068207	0.7786860429912201	0.7815533980582524
8	0.40989814864264595	15.131100528515303	0.782016348773842	0.7645631067961165
9	0.4081890344619751	14.402101626762978	0.7965485921889192	0.7451456310679612
10	0.407045689496127	14.024357167574076	0.8050257341810475	0.75
11	0.4058706760406494	13.370735906637632	0.8095670602482592	0.808252427184466
12	0.40520534148583043	12.903242168518213	0.8186497123826824	0.7572815533980582
13	0.40493176664624897	12.42832673054475	0.8316681804420224	0.808252427184466
14	0.4045811812082926	11.83100651548459	0.8377232818649712	0.7961165048543689
15	0.4043041616678238	10.964014075123346	0.8516500151377535	0.7572815533980582
16	0.4040125257828656	10.575065372081903	0.8534665455646382	0.808252427184466
17	0.40355944633483887	10.039678352383467	0.8707235846200424	0.7839805825242718
18	0.40328535280729594	9.3351849512412	0.8792007266121707	0.7888349514563107
19	0.4030116438865662	8.481715676876215	0.8946412352406903	0.7742718446601942
20	0.40275838261558894	8.060894952370571	0.8973660308810173	0.8155339805825242
21	0.4022739367051558	7.258619820842376	0.9079624583711777	0.7864077669902912
22	0.40188113502834155	6.572480801063088	0.9227974568574023	0.8131067961165048
23	0.4015844662984212	6.039524841767091	0.9258250075688768	0.7694174757281553
24	0.4013192081451416	5.724276523177441	0.9330911292764154	0.8252427184466019
25	0.4011007180580726	4.425760813630545	0.9494399031183772	0.8276699029126213
26	0.40075053992094817	4.150127609761862	0.9527702089009991	0.8106796116504854
27	0.4004935026168823	3.5252730875061107	0.963669391462307	0.7961165048543689
28	0.40016855864689266	3.506307495614657	0.9633666363911596	0.8179611650485437
29	0.399983541170756	2.5526941736730246	0.9742658189524674	0.8131067961165048
30	0.3998370555139357	2.5718399008306174	0.9724492885255828	0.8106796116504854
31	0.39968129992485046	2.2111314861820293	0.979412655161974	0.8131067961165048
32	0.3995974136121345	2.1476864341932993	0.9782016348773842	0.8131067961165048
33	0.39949455681969137	1.6427154801785946	0.9845594913714805	0.8009708737864077
34	0.3992293766566685	1.290005550128766	0.9875870420829549	0.8228155339805825
35	0.3990599248144362	1.224372560158372	0.9884953072963972	0.8252427184466019
36	0.3989838136209024	1.177016064667931	0.9909173478655767	0.8131067961165048
37	0.3988934127908004	1.1768596958656696	0.9915228580078717	0.8058252427184466
38	0.3987684311010899	0.8125232820972227	0.9933393884347563	0.8155339805825242
39	0.3985215425491333	0.6476938974542114	0.9957614290039358	0.8155339805825242
40	0.39838460015087596	0.5226150307661066	0.9957614290039358	0.8252427184466019
41	0.3981753076825823	0.6705052540662739	0.9954586739327884	0.8106796116504854
42	0.3980558805687483	0.7456257430514177	0.9930366333636088	0.8203883495145631
43	0.39815181493759155	0.6233680160859456	0.9957614290039358	0.8276699029126213
44	0.3977840688493517	0.5253629222906266	0.9951559188616409	0.8131067961165048
45	0.3978651606518289	0.43901952340484757	0.9957614290039358	0.8106796116504854
-1	-1	-1	-1	-1
0	0.47263002395629883	19.421649566063515	0.6587950348168332	0.7475728155339806
1	0.43289244174957275	18.314670095076927	0.7072358462004239	0.7451456310679612
2	0.4185012976328532	17.065054861398842	0.7326672721768089	0.7645631067961165
3	0.4122923016548157	16.379734745392433	0.753254617014835	0.7038834951456311
4	0.40806117057800295	15.787282226177362	0.7683923705722071	0.720873786407767
5	0.4051401615142822	15.72062346797723	0.7596124735089312	0.7427184466019418
6	0.4036011355263846	15.384029193566395	0.7753557372085983	0.7475728155339806
7	0.40245071053504944	14.527799756481098	0.7871631849833485	0.7621359223300971
8	0.4014132287767198	14.373192126934345	0.7995761429003936	0.7233009708737864
9	0.399906063079834	14.164582690367332	0.802603693611868	0.779126213592233
10	0.39913092960010876	13.564052950877409	0.8107780805328489	0.75
11	0.3987385829289754	12.714127658651424	0.823191038449894	0.7281553398058253
12	0.3985762596130371	12.652027123249495	0.831365425370875	0.7742718446601942
13	0.3978616510118757	12.003716617822647	0.8437783832879201	0.7669902912621359
14	0.3971213976542155	11.186021490738941	0.8474114441416893	0.7936893203883495
15	0.39706194400787354	10.880921110510826	0.859521646987587	0.7961165048543689
16	0.3965928274042466	9.978604949437655	0.8713290947623372	0.7912621359223301
17	0.39596735106574166	8.974505565487421	0.8852558280351196	0.7888349514563107
18	0.39562973223234477	8.769882818827263	0.8810172570390554	0.779126213592233
19	0.39549835920333865	8.080529437615322	0.8976687859521647	0.779126213592233
20	0.39525708698091055	7.51751128756083	0.9019073569482289	0.7985436893203883
21	0.39508296142924915	6.725805344776465	0.9182561307901907	0.7888349514563107
22	0.39487441726352857	6.010801920524011	0.9270360278534665	0.7912621359223301
23	0.39454007148742676	5.445102348493842	0.932788374205268	0.808252427184466
24	0.39430506706237795	5.571960014219467	0.9324856191341205	0.8009708737864077
25	0.3941213075931256	4.16772094512215	0.9530729639721466	0.8203883495145631
26	0.39427505599127877	3.923484254341859	0.9539812291855888	0.7985436893203883
27	0.3938904915537153	3.572267154088387	0.9582198001816531	0.8106796116504854
28	0.393721054340231	2.791927637675634	0.9685134726006661	0.7961165048543689
29	0.3934714635213216	2.3207448239868076	0.9763851044504995	0.7766990291262136
30	0.39326303235946164	2.631793619563373	0.971843778383288	0.779126213592233
31	0.3930855020880699	2.4602169322852907	0.971238268240993	0.7864077669902912
32	0.39304970249985205	1.6684382390230894	0.9860732667272177	0.7912621359223301
33	0.3927891184301937	1.0636922863598626	0.9900090826521344	0.808252427184466
34	0.3925882543836321	1.480020708619402	0.9866787768695126	0.7936893203883495
35	0.3925605747434828	1.3181131484273534	0.98698153194066	0.7815533980582524
36	0.3925759405703158	0.8411395976033348	0.9933393884347563	0.779126213592233
37	0.3929017092052259	0.7261242161576564	0.9939448985770512	0.8009708737864077
38	0.392971307803423	0.6956779320831769	0.9945504087193461	0.7985436893203883
39	0.39298124313354493	0.7032412255827624	0.9954586739327884	0.7864077669902912
40	0.39302329319279367	0.5231952243305457	0.9957614290039358	0.7839805825242718
41	0.3931333961940947	0.5532470346571734	0.9957614290039358	0.7888349514563107
42	0.3931363626968029	0.45765451445745736	0.9966696942173782	0.7864077669902912
43	0.39315515756607056	0.3617204589984165	0.9978807145019679	0.7985436893203883
44	0.3932441446516249	0.4331104754506109	0.9963669391462306	0.7815533980582524
45	0.39332007325213886	0.4156990024801836	0.9966696942173782	0.808252427184466
-1	-1	-1	-1	-1
0	0.47832584381103516	19.588879970403816	0.6571774682010902	0.6893203883495146
1	0.43669915199279785	18.74042121034402	0.7050272562083586	0.6844660194174758
2	0.42184170087178546	17.258499200527485	0.7359176256814052	0.7038834951456311
3	0.41571301221847534	17.241043587143604	0.7347062386432465	0.7135922330097088
4	0.4120494842529297	15.849174262239384	0.7686250757116899	0.7378640776699029
5	0.4092112382253011	15.838109092070507	0.7607510599636584	0.7038834951456311
6	0.4073713847569057	15.22788602572221	0.7789218655360388	0.7621359223300971
7	0.4055746793746948	14.652626340205853	0.7840702604482132	0.7475728155339806
8	0.4037567244635688	14.266548010019156	0.7922471229557844	0.7305825242718447
9	0.4023465633392334	14.52643235371663	0.7937613567534827	0.7524271844660194
10	0.40125116434964264	14.10981931594702	0.7961841308298001	0.7597087378640777
11	0.4006089965502421	13.23541403046021	0.8149606299212598	0.779126213592233
12	0.40009414232694185	12.917559643204395	0.8164748637189582	0.7597087378640777
13	0.3996088334492275	12.457191107364801	0.8301029678982434	0.7621359223300971
14	0.39917580286661786	11.742752735431377	0.8455481526347668	0.779126213592233
15	0.3986157476902008	10.895193265034603	0.854633555420957	0.7864077669902912
16	0.39813563402961283	10.556536151812626	0.8588734100545125	0.7572815533980582
17	0.397582213083903	10.001874378094307	0.8697758933979406	0.7742718446601942
18	0.39740733096474096	9.140439514930431	0.8815869170199879	0.7912621359223301
19	0.397197949886322	9.161885893115631	0.8864324651726226	0.8033980582524272
20	0.3968901747748965	7.9999001903029585	0.8958207147183526	0.8155339805825242
21	0.3966953754425049	7.436774439536608	0.9076317383403998	0.7839805825242718
22	0.39635696618453314	6.997652508891546	0.9145972138098122	0.7839805825242718
23	0.3965591589609782	6.540673192877036	0.9182313749242883	0.7888349514563107
24	0.3966625022888184	6.059994616187536	0.9273167777104785	0.7985436893203883
25	0.3967601244266217	4.99281385082465	0.9406420351302242	0.7864077669902912
26	0.3967033933710169	4.743012287868903	0.9451847365233192	0.8058252427184466
27	0.3967930930001395	4.658340991689609	0.9457904300423986	0.7985436893203883
28	0.3969231556201803	3.4573253714121304	0.9594185342216839	0.779126213592233
29	0.3970216194788615	3.171710290014744	0.9657783161720169	0.8106796116504854
30	0.39723160189967	2.878836314802846	0.969412477286493	0.779126213592233
31	0.39737217128276825	2.8758252412080765	0.9688067837674137	0.7936893203883495
32	0.397573167627508	2.3579831468657804	0.9751665657177468	0.8058252427184466
33	0.39780914783477783	1.7312092173558016	0.983343428225318	0.7815533980582524
34	0.3979428631918771	1.2431847468161812	0.9900060569351908	0.7839805825242718
35	0.3978642423947652	1.3779695738966649	0.9875832828588734	0.8058252427184466
36	0.3976699403814367	1.4914208609754076	0.9839491217443973	0.7815533980582524
37	0.3975422696063393	1.7432313163836415	0.9839491217443973	0.7815533980582524
38	0.39742388480748886	0.9728491756205375	0.9930345245305875	0.7961165048543689
39	0.3973903954029083	0.9814183543153027	0.9918231374924288	0.7912621359223301
40	0.3972301308701678	0.6718686130793335	0.9954572986069049	0.7936893203883495
-1	-1	-1	-1	-1
0	0.4702894687652588	19.76364916792283	0.6588912450772493	0.7239709443099274
1	0.431756854057312	18.474790214346005	0.6961526810057558	0.738498789346247
2	0.4191594918568929	17.39656104720556	0.7337170554377461	0.7457627118644068
3	0.41311758756637573	16.567489850979584	0.750075734625871	0.7409200968523002
4	0.4097583770751953	16.048595444514202	0.7564374431990306	0.7651331719128329
5	0.4076311190923055	15.695258828309866	0.7655255983035444	0.7651331719128329
6	0.4056945187704904	15.237940517755655	0.7770372614359286	0.7699757869249395
7	0.4042445719242096	14.691101115483503	0.7827930930021205	0.7263922518159807
8	0.4032079643673367	14.526824745421226	0.7897606785822479	0.7675544794188862
9	0.40236127376556396	14.543399238815674	0.7891548015752802	0.7893462469733656
10	0.401596416126598	13.576087887470539	0.8076340502877916	0.7675544794188862
11	0.4012282093365987	13.963838174939156	0.7976370796728264	0.7990314769975787
12	0.4010432500105638	12.523398727178574	0.8276279915177219	0.7651331719128329
13	0.4004811559404646	12.168420523405075	0.8276279915177219	0.7869249394673123
14	0.39984386761983237	11.186026747410114	0.8476219327476522	0.7941888619854721
15	0.3992544710636139	10.931691424204754	0.8536807028173281	0.7820823244552058
16	0.39883027357213635	10.602847952109117	0.8533777643138443	0.7433414043583535
17	0.39858388900756836	9.922867958075726	0.8679188124810664	0.7966101694915254
18	0.39833142882899236	9.204678933207806	0.884580430172675	0.784503631961259
19	0.39830446243286133	8.89832829282834	0.883065737655256	0.7481840193704601
20	0.3981736841655913	7.969657039413085	0.9024538018782188	0.7893462469733656
21	0.3979236537759954	7.284189790952951	0.9100272644653136	0.7772397094430993
22	0.3976758044698964	6.574140157192373	0.9188124810663435	0.7772397094430993
23	0.39746804038683575	6.377288608596875	0.923962435625568	0.7627118644067796
24	0.39727067947387695	5.7284706716354075	0.9306270827022115	0.784503631961259
25	0.3970701602789072	4.901051492072069	0.93850348379279	0.7820823244552058
26	0.39633570777045357	4.210056373276389	0.9518327779460769	0.7820823244552058
27	0.39587452581950594	3.341577736230997	0.9660708876098152	0.7675544794188862
28	0.39572340044482	3.955950509183682	0.9557709784913663	0.7723970944309927
29	0.3956683953603109	2.552091504017321	0.9739472887003938	0.7675544794188862
30	0.3955363073656636	2.338391757928408	0.9766737352317479	0.7772397094430993
31	0.39535076171159744	1.6689243160922511	0.9833383823083914	0.7651331719128329
-1	-1	-1	-1	-1
0	0.4687538146972656	19.47222762612196	0.6810057558315662	0.7263922518159807
1	0.4322800636291504	17.961661178332108	0.7082702211451075	0.7336561743341404
2	0.41764481862386066	17.157658796470898	0.7306876704029082	0.6997578692493946
3	0.4120107889175415	16.33795950962947	0.7524992426537412	0.7263922518159807
4	0.4192843437194824	16.09358850350747	0.7579521357164496	0.7433414043583535
5	0.4155679941177368	15.547640277789188	0.7688579218418661	0.7651331719128329
6	0.41222974232264925	14.939539663493633	0.7721902453801878	0.7675544794188862
7	0.40964967012405396	14.993714600801468	0.7797637079672827	0.7263922518159807
8	0.40797000461154515	14.665565103292465	0.7888518630717964	0.7796610169491526
9	0.4060267686843872	14.268843280008205	0.7927900636170857	0.7966101694915254
10	0.40446190400557086	13.53109352176006	0.8091487428052105	0.7893462469733656
11	0.4036725163459778	13.80257369692509	0.8079369887912754	0.7917675544794189
12	0.4028779910160945	12.953728471811	0.8149045743714026	0.7699757869249395
13	0.40221519129616873	12.313988285569044	0.8373220236292033	0.8232445520581114
14	0.40109745661417645	11.606773830377138	0.8521660102999091	0.801452784503632
15	0.39950399100780487	11.19850924381843	0.8470160557406846	0.8038740920096852
16	0.39793818137224984	10.901396986383658	0.8488336867615874	0.8062953995157385
17	0.39710606469048393	9.880358579067083	0.8736746440472584	0.8135593220338984
18	0.3963810644651714	9.387503832578659	0.8782187215995153	0.8208232445520581
19	0.3958180069923401	9.127636863635136	0.8873068767040291	0.8087167070217918
20	0.3953531923748198	8.01621093486364	0.8966979703120267	0.837772397094431
21	0.39458761431954126	7.2552205599271336	0.9045743714026053	0.8280871670702179
22	0.3940354533817457	7.023420910422619	0.9112390184792487	0.8208232445520581
23	0.39350029826164246	6.5233766218790645	0.915177219024538	0.8184019370460048
24	0.3930835437774658	6.2349046766757965	0.926991820660406	0.8111380145278451
25	0.39265501499176025	5.105791611131281	0.93850348379279	0.8087167070217918
26	0.3922163557123255	4.423439639692123	0.950318085428658	0.8159806295399515
27	0.3920920320919582	4.004337391457879	0.9548621629809149	0.7941888619854721
28	0.39222270866920206	3.577601266881594	0.9639503180854286	0.8305084745762712
29	0.39219801425933837	3.5007762977710137	0.9612238715540745	0.8256658595641646
30	0.39241196263221	3.1761808721348643	0.9675855801272342	0.8111380145278451
31	0.392339326441288	2.6793429963827995	0.9721296576794911	0.8062953995157385
32	0.3922694379633123	1.9618740073190286	0.9797031202665859	0.801452784503632
33	0.39235930583056283	1.4862916844968612	0.9890942138745834	0.8135593220338984
34	0.3925891058785575	1.7914431517084057	0.9842471978188427	0.8062953995157385
35	0.3925817476378547	1.1918045020339867	0.9903059678885187	0.7990314769975787
36	0.3924659587241508	0.925141831953974	0.9936382914268403	0.7941888619854721
37	0.3924652714478342	0.9063659919103464	0.9939412299303242	0.8159806295399515
38	0.3924812047909468	0.6533400571161809	0.9966676764616783	0.8038740920096852
39	0.3924598515033722	0.5649791068325822	0.9960617994547107	0.8159806295399515
40	0.39246079398364553	0.9484523420105688	0.99121478339897	0.801452784503632
-1	-1	-1	-1	-1
0	0.4777529239654541	19.131602589900677	0.6819145713420176	0.7263922518159807
1	0.4379234313964844	18.03644655071772	0.7049378976067858	0.6561743341404358
2	0.42592914899190265	16.78023282839702	0.7376552559830355	0.7336561743341404
3	0.4190029501914978	16.075370002251404	0.7664344138139958	0.7360774818401937
4	0.41286277770996094	15.666210834796612	0.7637079672826417	0.738498789346247
5	0.41006267070770264	15.580395444081379	0.7685549833383823	0.7457627118644068
6	0.40754703113010954	14.881295898785957	0.7837019085125719	0.7312348668280871
7	0.4057444930076599	14.821703154307146	0.782187215995153	0.7820823244552058
8	0.40582839647928876	13.805153832985805	0.8000605877006968	0.7530266343825666
9	0.4047170400619507	13.867125174173943	0.8018782187215995	0.784503631961259
10	0.4034054929559881	13.24016800064307	0.8185398364132082	0.7675544794188862
11	0.4028770327568054	12.800767307098095	0.824598606482884	0.7675544794188862
12	0.40258530470041126	11.772970671837147	0.8348985156013329	0.7457627118644068
13	0.4015001228877476	11.56460156578284	0.8470160557406846	0.784503631961259
14	0.400740114847819	11.237820290602171	0.850954256285974	0.7723970944309927
15	0.4005429446697235	11.125084546896128	0.8476219327476522	0.7796610169491526
16	0.400085028480081	10.136699959062613	0.867009996970615	0.7869249394673123
17	0.3997608820597331	8.854676973934357	0.8794304756134504	0.8038740920096852
18	0.3994010373165733	8.275463647567308	0.8948803392911239	0.7627118644067796
19	0.3991671442985535	8.367225039463777	0.8945774007876401	0.801452784503632
20	0.3990098408290318	7.830736498420055	0.9024538018782188	0.7966101694915254
21	0.39907111904837866	6.801122303049151	0.9142684035140867	0.7990314769975787
22	0.3990259481512982	6.312610413592595	0.9257800666464707	0.8062953995157385
23	0.3989984691143036	5.439385958015919	0.936988791275371	0.7869249394673123
24	0.3989051151275635	5.498738201764914	0.9318388367161466	0.801452784503632
25	0.39880120754241943	4.767763328093749	0.9448651923659497	0.8184019370460048
26	0.39855960563377096	4.248741402075841	0.9509239624356256	0.7675544794188862
27	0.39830184834344046	3.787678308641681	0.959103302029688	0.7917675544794189
28	0.3982270586079565	3.4115215769180884	0.9615268100575584	0.801452784503632
29	0.39811890920003257	2.910162573465361	0.9666767646167828	0.8135593220338984
30	0.39804945453520746	2.4554777185504255	0.97364435019691	0.8135593220338984
31	0.3978509232401848	2.44247095587735	0.9766737352317479	0.7893462469733656
32	0.39760917605775775	2.480012317546285	0.9739472887003938	0.8111380145278451
33	0.3973446733811322	1.800057034366406	0.9851560133292941	0.8087167070217918
34	0.3970897538321359	1.0506733685302048	0.99121478339897	0.8159806295399515
35	0.39688123597039116	1.3447887177182845	0.9884883368676158	0.8184019370460048
36	0.3967055114539894	1.1694832489324303	0.9906089063920024	0.8280871670702179
37	0.3967224924187911	1.052886151834033	0.9915177219024538	0.8159806295399515
38	0.3968075666672144	1.0440644257558653	0.9915177219024538	0.7966101694915254
39	0.39683317542076113	0.9038807712316227	0.9939412299303242	0.8062953995157385
40	0.3968610356493694	0.8000179421729766	0.9951529839442593	0.7941888619854721
41	0.39671329089573454	0.6568195363864876	0.9963647379581945	0.8353510895883777
42	0.3965760718944461	0.5844632654513519	0.9966676764616783	0.8184019370460048
43	0.39640934900804	0.5912329950011693	0.9972735534686459	0.8208232445520581
44	0.39622610410054526	0.46814570813260686	0.9975764919721296	0.8087167070217918
45	0.39599759164063825	0.4519272996829106	0.9975764919721296	0.8087167070217918
46	0.39578347510479867	0.41456760858328867	0.9972735534686459	0.7966101694915254
47	0.39563587804635364	0.5839869554441136	0.9960617994547107	0.8208232445520581
48	0.3954635882864193	0.3949236476014798	0.9975764919721296	0.8232445520581114
49	0.3953944444656372	0.4253394842290014	0.9975764919721296	0.8159806295399515
50	0.3953794404572132	0.4151628999612652	0.9972735534686459	0.8159806295399515
51	0.3952847673342778	0.3976738206768529	0.9966676764616783	0.8208232445520581
52	0.39520551573555424	0.3737986261851172	0.9972735534686459	0.8232445520581114
53	0.395107075020119	0.38912656891625375	0.9972735534686459	0.8159806295399515
54	0.39505597027865325	0.41500985166595245	0.9963647379581945	0.8087167070217918
55	0.39505758030073984	0.3639392759024094	0.9975764919721296	0.8087167070217918
56	0.3950635759454024	0.3326391373904279	0.9975764919721296	0.8159806295399515
57	0.3950781698884635	0.28344363479230267	0.9972735534686459	0.7990314769975787
58	0.3950114573462535	0.47502209685850316	0.9963647379581945	0.8038740920096852
59	0.3949699878692627	0.3231094177060116	0.9972735534686459	0.801452784503632
60	0.39494018476517473	0.3028178099820462	0.9972735534686459	0.8087167070217918
61	0.3949090050112817	0.33108297485607463	0.9975764919721296	0.8208232445520581
-1	-1	-1	-1	-1
0	0.4715919494628906	19.650321676180912	0.6631323841260224	0.7530266343825666
1	0.4611093997955322	18.25517426660428	0.711905483186913	0.711864406779661
2	0.43975361188252765	17.39683868850653	0.7243259618297485	0.7070217917675545
3	0.4273079037666321	16.836625145031856	0.735534686458649	0.7263922518159807
4	0.41992754936218263	16.138355667774494	0.7597697667373523	0.7481840193704601
5	0.415291428565979	15.487779729641401	0.7715843683732202	0.7554479418886199
6	0.41256717273167204	15.122673174509636	0.7724931838836716	0.7578692493946732
7	0.41029080748558044	15.10289102104994	0.7840048470160558	0.7869249394673123
8	0.40835433536105686	14.764488232823519	0.786428355043926	0.7675544794188862
9	0.40739314556121825	14.134593697694632	0.7991517721902454	0.784503631961259
10	0.4050954688679088	13.772347076581074	0.7985458951832778	0.7820823244552058
11	0.4033682346343994	13.504217020594156	0.8103604968191457	0.7530266343825666
12	0.40181952256422776	12.689856045521223	0.8164192668888216	0.7772397094430993
13	0.40053772926330566	12.101236723936521	0.8330808845804302	0.8135593220338984
14	0.39933969179789225	11.649747121219452	0.8442896092093305	0.8135593220338984
15	0.3981529325246811	11.129334342021208	0.8536807028173281	0.774818401937046
16	0.3974795621984145	10.271818480812586	0.868524689488034	0.7990314769975787
17	0.39688485198550755	9.991015687011755	0.8688276279915177	0.8256658595641646
18	0.39648044736761795	9.490709391924051	0.8715540745228718	0.7893462469733656
19	0.39637433290481566	9.140617996454239	0.884580430172675	0.8111380145278451
20	0.3963716597784133	8.463695092270008	0.8882156922144805	0.7966101694915254
21	0.39605182951146906	7.484821066260338	0.9091184489548622	0.7796610169491526
22	0.3952203418897546	7.288639937455837	0.9088155104513783	0.7893462469733656
23	0.3948221306006114	5.955307330577993	0.926991820660406	0.801452784503632
24	0.3949123859405518	6.0714582330905476	0.9230536201151166	0.8038740920096852
25	0.39509453223301816	5.603545797558931	0.9345652832475008	0.8062953995157385
26	0.39502033480891474	4.4735346880669775	0.9478945774007876	0.7990314769975787
27	0.3949380602155413	3.7472014100505757	0.9569827325053014	0.8135593220338984
28	0.3946532545418575	4.458891585899087	0.9478945774007876	0.8256658595641646
29	0.3945935726165771	3.1460185195677557	0.9669797031202666	0.8135593220338984
30	0.3944203545970301	2.464556515736219	0.9718267191760073	0.8232445520581114
31	0.3943205997347832	3.158372344592443	0.9672826416237503	0.8087167070217918
32	0.3943444815548984	1.925742289624535	0.98242956679794	0.8038740920096852
33	0.3942391381544225	1.6164932066144853	0.9827325053014239	0.8232445520581114
34	0.3939858300345285	2.1787165818593794	0.9797031202665859	0.8159806295399515
35	0.3937939869032966	1.7044973188581376	0.9848530748258104	0.8087167070217918
36	0.3936253173931225	1.806672044384938	0.9845501363223266	0.8135593220338984
37	0.39380572344127457	1.169348571771899	0.9909118448954862	0.8232445520581114
-1	-1	-1	-1	-1
0	0.4777193069458008	19.34695061812034	0.6625265071190548	0.7409200968523002
1	0.42826521396636963	18.381055176258087	0.7122084216903969	0.7046004842615012
2	0.4117145538330078	17.103601792683968	0.7282641623750379	0.7312348668280871
3	0.4024313688278198	16.663985117123676	0.7524992426537412	0.7457627118644068
4	0.39845781326293944	16.126421876824818	0.7594668282338686	0.7627118644067796
5	0.39576927820841473	15.335670189215588	0.7755225689185096	0.7820823244552058
6	0.3938346249716623	15.274357401407682	0.7797637079672827	0.7723970944309927
7	0.3927474021911621	14.908661892780891	0.7837019085125719	0.7651331719128329
8	0.3916175365447998	14.622913007552807	0.8009694032111482	0.7627118644067796
9	0.39038589000701907	13.886000729524172	0.8094516813086944	0.7820823244552058
10	0.3897196813063188	13.909252417775301	0.8076340502877916	0.8087167070217918
11	0.389024277528127	12.94354062813979	0.8221750984550137	0.7772397094430993
12	0.3886248882000263	12.560744256927418	0.8327779460769463	0.7869249394673123
13	0.3880340371813093	12.448843338168585	0.8236897909724326	0.8135593220338984
14	0.38708747227986656	11.401011178126701	0.8524689488033929	0.8111380145278451
15	0.3866030275821686	10.943801568104671	0.8579218418661012	0.7651331719128329
16	0.3866728894850787	10.492112767237883	0.8615571039079067	0.8135593220338984
17	0.3869786262512207	9.654340526232353	0.8770069675855802	0.7941888619854721
18	0.38752721485338715	9.653415181888985	0.8754922750681612	0.7820823244552058
19	0.38796337842941286	8.905947492672848	0.8867009996970615	0.8111380145278451
20	0.3880833444141206	7.679493238146488	0.9030596788851863	0.8038740920096852
21	0.3879860206083818	7.471049328262989	0.8988185398364132	0.8062953995157385
22	0.38793040358501935	6.511205457724058	0.9203271735837625	0.7893462469733656
23	0.38785767555236816	6.254550876955573	0.9257800666464707	0.8062953995157385
24	0.3878664207458496	5.4783271585519495	0.9300212056952438	0.8329297820823245
25	0.3879076884343074	4.263344867298236	0.9512269009391093	0.8184019370460048
26	0.3879399123015227	4.282809396202747	0.9481975159042715	0.8062953995157385
27	0.3882541571344648	4.356158985004115	0.9512269009391093	0.8184019370460048
28	0.38838898724523085	3.6539576146930743	0.9588003635262042	0.801452784503632
29	0.3886989752451579	2.766368637327105	0.9694032111481369	0.7990314769975787
30	0.38887857621715916	2.450591031461954	0.975159042714329	0.8256658595641646
31	0.38895538449287415	2.0557501760956187	0.9772796122387155	0.8208232445520581
32	0.3889530861016476	1.8948928205511317	0.9815207512874886	0.8135593220338984
33	0.38893646352431355	1.2370012669752424	0.9884883368676158	0.8062953995157385
34	0.38886631556919643	0.9381363898999273	0.9939412299303242	0.8184019370460048
35	0.3888700736893548	1.2543432698226893	0.9893971523780672	0.8256658595641646
36	0.3888922188733075	1.2456635787832335	0.9897000908815511	0.8038740920096852
37	0.38889088756159734	1.3749271091252853	0.9893971523780672	0.8135593220338984
38	0.3888729413350423	0.7219056749913412	0.9954559224477431	0.8256658595641646
39	0.3887993931770325	0.5875460950729365	0.9960617994547107	0.8280871670702179
40	0.38872826390150117	0.44868918945296454	0.9972735534686459	0.8208232445520581
41	0.38872753438495455	0.6375522199624146	0.9957588609512269	0.8305084745762712
42	0.3887539907943371	0.4780235293034751	0.9966676764616783	0.8159806295399515
43	0.3887578248977661	0.4674035792883772	0.9975764919721296	0.8305084745762712
44	0.3887443807390001	0.4216077235726586	0.9966676764616783	0.8329297820823245
-1	-1	-1	-1	-1
0	0.47205305099487305	19.17266307427333	0.6828233868524689	0.7288135593220338
1	0.428560733795166	17.8290336223749	0.7100878521660103	0.6924939467312349
2	0.4332108497619629	17.655726552009583	0.7315964859133596	0.7263922518159807
3	0.42257899045944214	16.748743247527344	0.7491669191154195	0.7312348668280871
4	0.4160515785217285	16.166798992798878	0.7597697667373523	0.7578692493946732
5	0.41222767035166424	15.631941951238192	0.7676461678279309	0.6900726392251816
6	0.4094980103628976	15.28821814002899	0.7782490154498637	0.7457627118644068
7	0.4069434702396393	15.269358183902044	0.7788548924568313	0.7772397094430993
8	0.40449825922648114	14.524109256382172	0.7921841866101181	0.774818401937046
9	0.40304977893829347	13.723884816353138	0.802484095728567	0.7627118644067796
10	0.4018276604739102	13.736823414380734	0.8073311117843078	0.7796610169491526
11	0.4007333715756734	13.563920356619816	0.8118751893365647	0.7675544794188862
12	0.39968833556542027	12.771801427006721	0.824598606482884	0.7602905569007264
13	0.39856861318860737	12.106991315117249	0.8418661011814602	0.7893462469733656
14	0.39760746955871584	11.367179130705503	0.8485307482581036	0.7723970944309927
15	0.3968098610639572	11.189984138195332	0.8582247803695849	0.7772397094430993
16	0.3964842487783993	10.489118001781977	0.8673129354740987	0.7723970944309927
17	0.39602270391252303	9.76113148377492	0.8760981520751288	0.7627118644067796
18	0.39556917391325297	9.129857102265724	0.8863980611935777	0.7990314769975787
19	0.39512994289398196	8.728217724424143	0.8900333232353832	0.8062953995157385
20	0.3947828383672805	7.492328513270388	0.907906694940927	0.7941888619854721
21	0.39436438950625335	6.691043053682034	0.9197212965767949	0.7796610169491526
22	0.3942186625107475	7.024678206214538	0.9097243259618297	0.7869249394673123
23	0.3940652012825012	5.704641929899271	0.9312329597091791	0.7941888619854721
24	0.3938584232330322	5.385757872691522	0.9406240533171766	0.7941888619854721
25	0.3933310875525841	4.740122803701804	0.9463798848833687	0.7990314769975787
26	0.393295235104031	4.2374029855261774	0.9542562859739473	0.8087167070217918
27	0.39323885100228445	3.133707961210838	0.9660708876098152	0.8038740920096852
28	0.3931942890430319	2.7715089636353345	0.9712208421690397	0.7820823244552058
29	0.3930913686752319	2.50876634559021	0.97364435019691	0.7941888619854721
30	0.3930842722615888	2.8741982728242874	0.9733414116934263	0.8038740920096852
31	0.3931802809238434	2.357177766613089	0.9745531657073614	0.801452784503632
32	0.3931427001953125	1.8814662037274013	0.9818236897909725	0.7941888619854721
33	0.3931725445915671	1.913558310470902	0.9818236897909725	0.7917675544794189
34	0.39312604495457243	1.2324230631526847	0.9897000908815511	0.7893462469733656
35	0.3931562436951531	1.503716776577326	0.9884883368676158	0.8062953995157385
36	0.3932221129133895	0.856176558523797	0.9948500454407755	0.7917675544794189
37	0.39321169727726984	0.7461275032614	0.9951529839442593	0.8062953995157385
38	0.39328397237337553	0.6666283074121636	0.9963647379581945	0.8038740920096852
39	0.39335915446281433	0.511191435265713	0.9966676764616783	0.8135593220338984
40	0.3933285387550912	0.6595819707458409	0.9960617994547107	0.7893462469733656
41	0.3932594458262126	0.9318327392952946	0.9942441684338079	0.784503631961259
42	0.39328025662621785	0.5709843411683463	0.9951529839442593	0.8062953995157385
43	0.3931962685151534	0.5418607455570824	0.9963647379581945	0.8038740920096852
44	0.39295714696248374	0.5670202864298167	0.9957588609512269	0.801452784503632
45	0.3929077905157338	0.6155217304431762	0.9957588609512269	0.8087167070217918
46	0.39288504580233957	0.32244796618425214	0.9975764919721296	0.7966101694915254
47	0.3928234924872716	0.48030639975331724	0.9966676764616783	0.8208232445520581
48	0.3927831941721391	0.4765947367816877	0.9966676764616783	0.8135593220338984
49	0.39284286499023435	0.43000257351937204	0.9966676764616783	0.8087167070217918
50	0.3928243833429673	0.35035070037254346	0.9975764919721296	0.8135593220338984
51	0.39282001898838925	0.3471351622115785	0.9972735534686459	0.7990314769975787
52	0.39286388991014015	0.2592246325041812	0.9975764919721296	0.8159806295399515
53	0.39302415759475146	0.35221065792967027	0.9972735534686459	0.7966101694915254
54	0.3931623849001798	0.3257281620833947	0.9963647379581945	0.7966101694915254
55	0.39329710602760315	0.2467313331972736	0.9975764919721296	0.8038740920096852
56	0.3933858076731364	0.2847670134774839	0.9978794304756134	0.7966101694915254
57	0.39319762279247417	0.26886068874423824	0.9978794304756134	0.801452784503632
58	0.3930532366542493	0.3303514291378983	0.9972735534686459	0.8062953995157385
59	0.39291678269704183	0.3134135360440688	0.9966676764616783	0.7990314769975787
60	0.3927954533061043	0.279673661094141	0.9972735534686459	0.8038740920096852
61	0.3926452898210095	0.3330903211916358	0.9972735534686459	0.801452784503632
62	0.3925508052583725	0.3326964495273177	0.9972735534686459	0.7966101694915254
63	0.3923591561615467	0.36196817221039407	0.9972735534686459	0.8038740920096852
64	0.39232744436997635	0.227911794717399	0.9978794304756134	0.8038740920096852
65	0.39232188282590924	0.31416658179995677	0.9972735534686459	0.801452784503632
66	0.39229216504452835	0.27993488657879284	0.9981823689790973	0.7941888619854721
67	0.3922717851750991	0.3618930364251495	0.996970614965162	0.8087167070217918
-1	-1	-1	-1	-1
0	0.4756739139556885	19.55677101933039	0.6662628709872804	0.7263922518159807
1	0.43263018131256104	18.156748856489475	0.7053301029678982	0.6900726392251816
2	0.4159608681996663	17.262596804362076	0.7368261659600243	0.6973365617433414
3	0.4086422324180603	16.225003916483658	0.7580254391278013	0.7554479418886199
4	0.40519304275512696	15.812173002041304	0.7634766807995155	0.7336561743341404
5	0.40313998858133954	15.54350992349478	0.7722592368261659	0.7070217917675545
6	0.40130771909441265	15.512704606239613	0.7704421562689279	0.7457627118644068
7	0.39969807863235474	14.48914263340143	0.7883101150817686	0.7239709443099274
8	0.3980533281962077	14.030801614889732	0.7986069049061175	0.7554479418886199
9	0.3968912839889526	13.967067819375258	0.7946698970321018	0.6973365617433414
10	0.39657319675792346	13.63683466040171	0.8061780738946094	0.7554479418886199
11	0.39643508195877075	13.03086170554161	0.8204118715929739	0.7578692493946732
12	0.39601601087130034	12.72657099710061	0.8255602665051484	0.7409200968523002
13	0.3958303928375244	11.99090339644597	0.8334342822531798	0.7820823244552058
14	0.395535675684611	11.37581354723527	0.8522107813446396	0.7820823244552058
15	0.39529672265052795	11.037340386555744	0.8597819503331314	0.7675544794188862
16	0.3961762820973116	10.04175778077199	0.8676559660811629	0.774818401937046
17	0.39606136745876735	9.442236927839426	0.8773470623864325	0.7723970944309927
18	0.3959560645254035	9.48157894038237	0.8803755299818292	0.7723970944309927
19	0.39539690017700196	8.95128412430103	0.8885523924894003	0.7772397094430993
20	0.3948067142849877	7.44680798225678	0.9094488188976378	0.784503631961259
21	0.39436699043620715	7.765027856597533	0.9033918837068443	0.7966101694915254
22	0.3941894406857698	6.416869288453689	0.9245911568746215	0.7966101694915254
23	0.3943153917789459	6.435829436549773	0.9248940036341611	0.7869249394673123
24	0.39437758445739746	5.398616035397236	0.9360993337371291	0.8038740920096852
25	0.39414134392371547	5.338383048772812	0.9400363416111448	0.784503631961259
26	0.39365303074872054	4.443862669743025	0.9463961235614778	0.8062953995157385
27	0.39313723359789166	3.6286164184029284	0.9612356147789218	0.8111380145278451
28	0.39255889530839594	3.2442464223131537	0.9591156874621442	0.7820823244552058
29	0.39223244190216067	3.0337785897919765	0.9712295578437311	0.7820823244552058
30	0.3916954840383222	2.813764093300471	0.9691096305269533	0.7941888619854721
31	0.39134160429239273	2.0923918989988475	0.9806178073894609	0.784503631961259
32	0.3908168041344845	1.9713485126311963	0.9830405814657783	0.784503631961259
33	0.3907201640746173	1.6130064889215505	0.9854633555420957	0.801452784503632
34	0.3905709879738944	1.2566260683636825	0.9887946698970321	0.801452784503632
35	0.39035651418897843	1.2479939480097249	0.9887946698970321	0.7869249394673123
36	0.3901402950286865	1.1574361264848938	0.9936402180496668	0.7966101694915254
37	0.3898969574978477	1.0070100837172224	0.9933373712901272	0.7820823244552058
38	0.38968503169524366	0.8647447626572102	0.9936402180496668	0.8038740920096852
39	0.3895070970058441	0.7655660583136173	0.9945487583282859	0.7966101694915254
40	0.3892940718953202	0.8129236220534389	0.9936402180496668	0.7869249394673123
41	0.38898524783906485	1.0254097105039714	0.9912174439733494	0.7966101694915254
42	0.3888360455978748	0.7508538455988926	0.9963658388855239	0.7966101694915254
43	0.38866419141942804	0.5079037389861276	0.9969715324046032	0.7893462469733656
44	0.3885378572675917	0.5020914844113017	0.9969715324046032	0.801452784503632
45	0.3883981860202292	0.6137896539965788	0.9966686856450636	0.7893462469733656
46	0.38830911859552913	0.4424265418559886	0.9969715324046032	0.8087167070217918
47	0.3882472018400828	0.5236654688845962	0.9966686856450636	0.8038740920096852
-1	-1	-1	-1	-1
0	0.5193977355957031	19.409075842453884	0.6787768695125643	0.7111650485436893
1	0.450514554977417	18.30552969987576	0.7008779897063275	0.6941747572815534
2	0.42610645294189453	17.047708181234505	0.7381168634574629	0.7305825242718447
3	0.41478192806243896	16.702593995974613	0.7453829851650016	0.75
4	0.40724940299987794	16.162742220438442	0.7596124735089312	0.6893203883495146
5	0.40498459339141846	15.971297667576717	0.7580986981531941	0.7063106796116505
6	0.40363359451293945	15.389708330998054	0.7729336966394187	0.6966019417475728
7	0.4023069739341736	14.942676429565136	0.7823191038449894	0.7548543689320388
8	0.4005942874484592	14.054736476678114	0.8013926733272783	0.7402912621359223
9	0.39911704063415526	14.188643923172584	0.8004844081138359	0.7281553398058253
10	0.39841537042097613	13.658880573052626	0.8059339993944898	0.7402912621359223
11	0.39777179559071857	12.874593056165255	0.8240993036633364	0.7718446601941747
12	0.397517937880296	12.415660147483532	0.8265213442325159	0.7427184466019418
13	0.3969547748565674	11.658788261505274	0.8359067514380866	0.75
14	0.3965587615966797	11.26138620880934	0.8537693006357856	0.779126213592233
15	0.39634476602077484	10.730722454878	0.8570996064184075	0.7451456310679612
16	0.39620312522439394	9.731687488464209	0.877989706327581	0.7621359223300971
17	0.39618390136294895	8.969642629990211	0.8907054193157735	0.75
18	0.39608901425411824	8.346860362933231	0.8928247048138056	0.7815533980582524
19	0.3961787700653076	8.189051708349815	0.8946412352406903	0.7669902912621359
20	0.39587979089646114	7.531953357160091	0.9073569482288828	0.7961165048543689
21	0.3951961560682817	6.7476744170372305	0.9155313351498637	0.7548543689320388
22	0.3946589801622474	6.101895135182601	0.9258250075688768	0.7864077669902912
23	0.39408066868782043	5.187278900008935	0.9397517408416591	0.7742718446601942
24	0.3935574150085449	4.916412567863097	0.9412655161973963	0.7621359223300971
25	0.3930897345909706	4.7627610346445675	0.945806842264608	0.8033980582524272
26	0.39260807743778936	4.001886627421929	0.9545867393278837	0.7888349514563107
27	0.3921530076435634	3.325882151722908	0.963669391462307	0.7694174757281553
28	0.3917989895261567	2.846853715009414	0.9682107175295186	0.7864077669902912
29	0.3916206200917562	3.1387624545739246	0.9660914320314865	0.7912621359223301
30	0.3914031751694218	2.2312179216398644	0.9760823493793521	0.7694174757281553
31	0.39123068004846573	2.1236604479356456	0.9797154102331214	0.7985436893203883
32	0.391158811973803	1.8432149792519898	0.9845594913714805	0.8058252427184466
33	0.3911274320939008	1.5978865663592632	0.9860732667272177	0.8106796116504854
34	0.3912263257162912	1.2648480498554329	0.9903118377232819	0.8106796116504854
35	0.39090390337838066	0.951703859349856	0.9930366333636088	0.7985436893203883
36	0.39043784785915064	1.060857534301109	0.992431123221314	0.8009708737864077
37	0.3901089931789197	0.8213411112900268	0.9948531637904935	0.7961165048543689
38	0.389910312799307	0.688239495914716	0.9951559188616409	0.7936893203883495
39	0.39005097150802615	0.8003902058743944	0.9930366333636088	0.7961165048543689
40	0.38993891274056786	0.7124153319029853	0.9939448985770512	0.8009708737864077
41	0.389918877964928	0.5789537648133074	0.9963669391462306	0.8058252427184466
42	0.39042626425277355	0.6050835831019168	0.9951559188616409	0.7985436893203883
43	0.3906517028808594	0.563957333815499	0.9957614290039358	0.8106796116504854
44	0.3907161553700765	0.6060809678971194	0.9954586739327884	0.8058252427184466
45	0.39073751802029816	0.42613977581808843	0.9969724492885256	0.8058252427184466
46	0.3907816156427911	0.5601570252329111	0.9960641840750832	0.8033980582524272
47	0.39081598818302155	0.3971233573706391	0.9969724492885256	0.8033980582524272
48	0.39094439331366093	0.4705269322014199	0.9957614290039358	0.808252427184466
49	0.391012544631958	0.4327454313797017	0.9963669391462306	0.8033980582524272
50	0.39089472153607535	0.34500021560905647	0.9969724492885256	0.7912621359223301
51	0.39068666788247913	0.35832904460123527	0.9969724492885256	0.8033980582524272
52	0.3907270296564642	0.37227704101888565	0.9966696942173782	0.8009708737864077
53	0.3908747302161323	0.29411683596509436	0.997275204359673	0.8058252427184466
-1	-1	-1	-1	-1
0	0.47440218925476074	19.200575727682846	0.6681804420224039	0.7572815533980582
1	0.4317668676376343	18.493547985186943	0.7081441114138661	0.7233009708737864
2	0.41841793060302734	17.175963851121757	0.7317590069633666	0.7936893203883495
3	0.4110081195831299	16.83080599628962	0.7435664547381169	0.7524271844660194
4	0.40710153579711916	16.555194763036873	0.7471995155918861	0.7766990291262136
5	0.40470393498738605	15.742783525815376	0.7632455343627006	0.8131067961165048
6	0.4029115268162319	15.623797616133324	0.7720254314259763	0.7985436893203883
7	0.4018506705760956	15.161536849462069	0.7844383893430215	0.8203883495145631
8	0.4009808169470893	14.919679572949043	0.7883742052679382	0.8131067961165048
9	0.39987261295318605	14.394618797760744	0.7932182864062973	0.7742718446601942
10	0.3992893479087136	13.970603686112623	0.8019981834695731	0.8155339805825242
11	0.3986895680427551	13.561866145867567	0.8138056312443234	0.8398058252427184
12	0.39809529597942644	12.822797789023472	0.8253103239479261	0.8446601941747572
13	0.3971647875649588	12.285259709908413	0.8253103239479261	0.8422330097087378
14	0.3966662565867106	11.923553731579046	0.8337874659400545	0.7888349514563107
15	0.39581938087940216	11.036741465330124	0.8489252194974266	0.8058252427184466
16	0.39564331840066347	10.453085348010063	0.8555858310626703	0.8567961165048543
17	0.39581298828125	9.969912006304813	0.867696033908568	0.8058252427184466
18	0.39581269966928584	9.915246862631578	0.8725401150469271	0.8300970873786407
19	0.3957693338394165	9.187576657304398	0.8843475628216773	0.8495145631067961
20	0.3956789970397949	7.758480345973601	0.9009990917347865	0.7961165048543689
21	0.39544637636704877	7.407919850486976	0.9082652134423251	0.8349514563106796
22	0.39507459557574726	6.802848396392969	0.9152285800787163	0.8276699029126213
23	0.39469430843989056	6.0755087541273	0.9285498032092038	0.8592233009708737
24	0.3944217586517334	5.66466683951708	0.9297608234937935	0.8276699029126213
25	0.39429294146024263	4.93392280374582	0.9461095973357554	0.8203883495145631
26	0.3948769216184263	4.731245424885016	0.9445958219800181	0.8349514563106796
27	0.3950207233428955	3.383697333244177	0.9642749016046018	0.8325242718446602
28	0.39500324479464827	2.95227951126603	0.9679079624583712	0.7936893203883495
29	0.3948540449142456	3.3232471673534465	0.9642749016046018	0.7961165048543689
30	0.39462455626456966	2.9759096526182613	0.9669996972449288	0.8398058252427184
31	0.3943479210138321	1.8446013370098977	0.9827429609445958	0.8422330097087378
32	0.3942084890423399	1.5406607863708184	0.9851650015137754	0.8300970873786407
33	0.39411477481617646	1.5518371362525682	0.9881925522252498	0.8398058252427184
34	0.3939976555960519	1.963543956526197	0.9766878595216469	0.8276699029126213
35	0.39378414551417035	1.7754533769061358	0.98698153194066	0.837378640776699
36	0.39353715406881795	1.3033344873871942	0.989706327580987	0.8446601941747572
37	0.3934003302925511	1.08757181548012	0.9915228580078717	0.8398058252427184
38	0.3932489309555445	0.7446165461666309	0.9948531637904935	0.8640776699029126
39	0.3931352198123932	0.7595226318718722	0.9933393884347563	0.8519417475728155
40	0.3929845588963206	0.5821389890849017	0.9960641840750832	0.837378640776699
41	0.3929535945256551	0.7363958006496362	0.9957614290039358	0.8300970873786407
42	0.39296693025633345	0.8796528052323713	0.9915228580078717	0.8446601941747572
43	0.39296113361011853	0.818332627057456	0.992431123221314	0.8228155339805825
44	0.39294036229451496	0.7515391774941236	0.9960641840750832	0.8519417475728155
45	0.3929469585418701	0.5962134770905743	0.9948531637904935	0.8422330097087378
46	0.3930022919431646	0.5972845525606177	0.9960641840750832	0.8495145631067961
47	0.3929998030265172	0.5590595264892237	0.9948531637904935	0.8422330097087378
48	0.39299910409109934	0.5139586046391812	0.9957614290039358	0.8470873786407767
49	0.3930422639846802	0.502742461179598	0.9957614290039358	0.8446601941747572
50	0.3930824737922818	0.4499665046146569	0.9957614290039358	0.8567961165048543
51	0.39309640572621274	0.3935311731721203	0.9960641840750832	0.8422330097087378
52	0.3931377203959339	0.3615343521456592	0.9969724492885256	0.8422330097087378
53	0.39311780752959075	0.3492673342384828	0.9963669391462306	0.8470873786407767
54	0.3930316621607	0.34188829864769316	0.997275204359673	0.8567961165048543
55	0.39307701587677	0.3421935244696215	0.9957614290039358	0.8422330097087378
56	0.3931091542829547	0.40108836534916636	0.9954586739327884	0.8543689320388349
57	0.3930742781737755	0.44110326529125116	0.9957614290039358	0.8519417475728155
58	0.39318025314201743	0.49727191013069105	0.9948531637904935	0.8543689320388349
-1	-1	-1	-1	-1
0	0.5286011695861816	19.619697437836574	0.6726226529376136	0.7572815533980582
1	0.4621337652206421	18.389370349737312	0.7095699576014537	0.7378640776699029
2	0.4390230178833008	17.04864878150133	0.7419745608721987	0.7451456310679612
3	0.42665940523147583	16.685890699808414	0.7477286493034525	0.7597087378640777
4	0.4199525356292725	15.97157471225812	0.7643852210781344	0.7572815533980582
5	0.4153381586074829	15.368471608712124	0.774076317383404	0.7038834951456311
6	0.4122200012207031	14.985322729899334	0.7780133252574197	0.7718446601941747
7	0.40970778465270996	14.475971404176493	0.790732889158086	0.7718446601941747
8	0.4078270064459907	14.301704262311642	0.7946698970321018	0.7766990291262136
9	0.40609169006347656	13.892328956952461	0.8052695336159903	0.7985436893203883
10	0.40462047403508966	13.461671760449043	0.8110236220472441	0.7888349514563107
11	0.4036405086517334	12.61430064875346	0.8319200484554815	0.7912621359223301
12	0.40274616388174206	12.543088216048021	0.8234403391883707	0.8033980582524272
13	0.4019791739327567	11.757115829449434	0.8391883706844336	0.8033980582524272
14	0.4014155387878418	11.039051353931427	0.854633555420957	0.8033980582524272
15	0.40074795484542847	10.490547706301395	0.857359176256814	0.7572815533980582
16	0.4003565030939439	10.633823245763779	0.8655360387643852	0.8325242718446602
17	0.3999405304590861	9.795698387118486	0.8725015142337977	0.8009708737864077
18	0.3995015997635691	8.867247346502085	0.8827983040581466	0.7961165048543689
19	0.39939171075820923	8.431888039868612	0.8958207147183526	0.7888349514563107
20	0.3992696489606585	7.603331059217453	0.9043004239854634	0.808252427184466
21	0.3990109617059881	6.809551873459266	0.918534221683828	0.8155339805825242
22	0.3985081962917162	6.2784601375460625	0.9224712295578438	0.8058252427184466
23	0.39813608924547833	5.976216363648955	0.9282253179890975	0.8276699029126213
24	0.397796049118042	5.272175655342066	0.9382192610539067	0.8106796116504854
25	0.39752156000870925	5.125224745617463	0.9406420351302242	0.8203883495145631
26	0.3974311528382478	4.416574900826583	0.9506359781950333	0.808252427184466
27	0.39725048201424734	3.8326012681309996	0.9585099939430648	0.8228155339805825
28	0.39715086180588294	2.6890772426357636	0.9712295578437311	0.8203883495145631
29	0.3968422571818034	2.2448727498547387	0.9763779527559056	0.8203883495145631
30	0.39661597436474216	2.152127867134718	0.9778921865536039	0.8203883495145631
31	0.39649347215890884	2.2338362386060626	0.9784978800726832	0.8106796116504854
32	0.39631109526663116	1.7648734463414608	0.9812235009085403	0.8300970873786407
33	0.3961523420670453	1.8934624557598279	0.9806178073894609	0.8155339805825242
34	0.39607319150652204	2.0786148066130967	0.9821320411871592	0.8179611650485437
35	0.3959248926904466	1.3840415342710912	0.9854633555420957	0.8276699029126213
36	0.3958032388944884	0.82263979945296	0.9933373712901272	0.8252427184466019
-1	-1	-1	-1	-1
0	0.4716520309448242	19.391461789608	0.6785822478036958	0.6610169491525424
1	0.4352174997329712	18.420585066080093	0.7137231142078159	0.6658595641646489
2	0.42057204246520996	17.147198810027195	0.7258406543471675	0.6876513317191283
3	0.41357725858688354	16.98522129196387	0.7337170554377461	0.6997578692493946
4	0.4096993446350098	16.778842861835773	0.7449257800666464	0.6997578692493946
5	0.40623613198598224	15.557068839669228	0.7679491063314148	0.6973365617433414
6	0.4043748038155692	15.386755848160156	0.7758255074219933	0.7167070217917676
7	0.402620404958725	14.72388823903524	0.786428355043926	0.7263922518159807
8	0.4013871086968316	14.289993227674412	0.7973341411693426	0.7167070217917676
9	0.40029006004333495	14.407200512977747	0.7900636170857316	0.7433414043583535
10	0.39931702613830566	13.875851404208403	0.7967282641623751	0.7506053268765133
11	0.3988400499025981	12.929543426403633	0.8136928203574675	0.7288135593220338
12	0.3980432840494009	12.936902817625265	0.8227809754619813	0.7723970944309927
13	0.3975282907485962	12.438112981044329	0.8285368070281732	0.7530266343825666
14	0.39711338678995767	11.757654313857739	0.8427749166919115	0.7409200968523002
15	0.3968498408794403	11.810955487764799	0.8412602241744925	0.7554479418886199
16	0.3965738100164077	10.296596025045101	0.8682217509845501	0.7554479418886199
17	0.39628950754801434	9.872586431411596	0.8673129354740987	0.7627118644067796
18	0.39610544003938375	9.200112385818592	0.8857921841866101	0.7481840193704601
19	0.3958577632904053	9.027244572456066	0.8915480157528022	0.7457627118644068
20	0.3956453346070789	7.8828225158728085	0.8988185398364132	0.7554479418886199
21	0.39535798809745093	7.744091572669836	0.8997273553468645	0.7602905569007264
22	0.39516698795816174	7.281956580825723	0.9082096334444107	0.774818401937046
23	0.3947897752126058	6.661837616792092	0.9169948500454408	0.7723970944309927
24	0.39431297302246093	6.156664547438805	0.9248712511360194	0.7506053268765133
25	0.3939504256615272	5.216615679172369	0.9388064222962739	0.7699757869249395
26	0.39366428057352704	4.773400346820171	0.9466828233868525	0.7360774818401937
27	0.39335120575768606	3.9428227538099656	0.9572856710087853	0.7627118644067796
28	0.3931742947677086	3.6377494962026296	0.9581944865192366	0.7602905569007264
29	0.3931204398473104	3.2466478560549707	0.9639503180854286	0.7723970944309927
30	0.39290833473205566	2.9400070627721457	0.9691002726446531	0.7554479418886199
31	0.3928786665201187	2.272996662614437	0.9787943047561345	0.7602905569007264
32	0.39300178036545264	1.9924632286509643	0.9797031202665859	0.7433414043583535
33	0.39308057111852307	1.7213844110329564	0.985458951832778	0.7602905569007264
34	0.393228885105678	1.5883268751562214	0.9857618903362617	0.7554479418886199
35	0.39334623018900555	1.7134392992593348	0.9848530748258104	0.7433414043583535
36	0.39336108517002416	1.2703473914163903	0.9890942138745834	0.7530266343825666
37	0.39334216870759664	1.3022866763102894	0.9900030293850348	0.7506053268765133
38	0.3932633216564472	0.8819406390763246	0.9918206604059376	0.7288135593220338
39	0.3933282375335693	0.7441541899282199	0.9954559224477431	0.7433414043583535
40	0.39342679628511756	0.6674345589347538	0.9954559224477431	0.7578692493946732
41	0.39352006571633474	0.6848489128046472	0.9945471069372918	0.7627118644067796
42	0.3935812628546426	0.48918463206903723	0.9957588609512269	0.774818401937046
-1	-1	-1	-1	-1
0	0.5275850296020508	19.210791936287514	0.6770675552862769	0.7360774818401937
1	0.4607778787612915	17.97193982394842	0.7182671917600727	0.738498789346247
2	0.43681009610493976	17.533731558001957	0.7346258709481975	0.7699757869249395
3	0.4255749583244324	16.71263395364468	0.7464404725840654	0.7215496368038741
4	0.4214728355407715	16.06608569392791	0.7552256891850955	0.7675544794188862
5	0.4154198169708252	15.63851797236846	0.7794607694637988	0.784503631961259
6	0.41136275018964497	15.062430613889145	0.7752196304150257	0.7772397094430993
7	0.4082409143447876	14.662761892263706	0.7827930930021205	0.7820823244552058
8	0.4058894051445855	14.296467262964983	0.794001817631021	0.7796610169491526
9	0.40386114120483396	14.156009472333468	0.7991517721902454	0.7990314769975787
10	0.4022978652607311	13.496191701063744	0.8118751893365647	0.8062953995157385
11	0.4008872111638387	13.211865562659044	0.8149045743714026	0.7917675544794189
12	0.399934145120474	12.355833209477938	0.8306573765525598	0.8208232445520581
13	0.39890263761792866	11.977170815834633	0.831869130566495	0.8062953995157385
14	0.3980790456136068	11.322459564759182	0.8491366252650712	0.7990314769975787
15	0.3975236117839813	11.31051736496962	0.8518630717964253	0.8159806295399515
16	0.39734505204593434	10.075135444219296	0.8657982429566798	0.8038740920096852
17	0.3971697621875339	9.43516398851688	0.8833686761587398	0.8135593220338984
18	0.3971351573341771	8.898256934606112	0.890336261738867	0.8280871670702179
19	0.39692690372467043	8.21215918717476	0.8948803392911239	0.8353510895883777
20	0.396542163122268	7.548682686228019	0.9045743714026053	0.837772397094431
21	0.39659553224390204	6.533813667411987	0.9230536201151166	0.8232445520581114
22	0.3965812455052915	6.0922188850549555	0.9236594971220842	0.8232445520581114
23	0.3964730501174927	5.168394462706951	0.9403211148136928	0.8401937046004843
24	0.39630209922790527	4.988406215149623	0.9391093607997576	0.8426150121065376
25	0.3963122001061073	4.631927538734789	0.9418358073311118	0.8208232445520581
26	0.39620929294162327	4.256591435808402	0.9469857618903362	0.8111380145278451
27	0.39600588594164166	3.8005744084142723	0.9581944865192366	0.8232445520581114
28	0.39575506078785866	3.214927170282373	0.96485913359588	0.847457627118644
29	0.3955607175827026	2.3493407824291634	0.9757649197212965	0.847457627118644
30	0.395456729396697	2.31071441505964	0.9709179036655559	0.8450363196125908
31	0.3955085948109627	2.450984593624106	0.9778854892456831	0.8305084745762712
32	0.3954558444745613	1.90590434636061	0.98242956679794	0.8498789346246973
33	0.3956129691180061	1.3830527392430947	0.9887912753710997	0.8159806295399515
34	0.39563567297799246	1.4800146635388955	0.9890942138745834	0.8523002421307506
35	0.39554952250586617	1.6671444225536947	0.9857618903362617	0.837772397094431
36	0.39551479751999313	0.8936360041754177	0.9933353529233565	0.8450363196125908
37	0.39543914794921875	0.8462154702462542	0.9951529839442593	0.8450363196125908
38	0.39539279693212265	0.7139852709638385	0.9957588609512269	0.847457627118644
39	0.3952161371707916	0.7915549372197487	0.9948500454407755	0.837772397094431
40	0.3951000643939507	0.6822918183170259	0.9963647379581945	0.847457627118644
41	0.39504899297441753	0.6715928858074431	0.9954559224477431	0.8426150121065376
42	0.39507314216258915	0.6746276575140655	0.9957588609512269	0.8450363196125908
43	0.3950489109212702	0.6124555586765592	0.9966676764616783	0.837772397094431
44	0.39482056299845375	0.5680699581638552	0.996970614965162	0.8426150121065376
45	0.3946724974590799	0.5562205602719377	0.9966676764616783	0.847457627118644
46	0.3944226021462299	0.4541519473865404	0.9972735534686459	0.8450363196125908
47	0.3942518134911855	0.48927703828443414	0.996970614965162	0.8450363196125908
48	0.3941548308547662	0.5082869959565309	0.9966676764616783	0.8426150121065376
49	0.39400750160217285	0.41551763811506903	0.9975764919721296	0.8450363196125908
50	0.39398998840182436	0.30254375084041385	0.9978794304756134	0.8547215496368039
51	0.394013748719142	0.5179385499840674	0.9960617994547107	0.8498789346246973
52	0.39391905856582354	0.44011356699495363	0.9966676764616783	0.847457627118644
53	0.3938860098520915	0.337492507967489	0.9972735534686459	0.847457627118644
54	0.39388660084117544	0.3525373611706667	0.9966676764616783	0.8426150121065376
55	0.393920008625303	0.3627568268194199	0.996970614965162	0.847457627118644
56	0.39390546397158976	0.34835493159838593	0.9963647379581945	0.8401937046004843
57	0.3938837133604905	0.3064048343982834	0.9972735534686459	0.8498789346246973
58	0.39388500229787016	0.3259466958706281	0.9972735534686459	0.847457627118644
59	0.3938619653383891	0.36120753482772183	0.996970614965162	0.8498789346246973
60	0.393849286876741	0.35553386067756665	0.9972735534686459	0.8426150121065376
61	0.39383094541488156	0.3538570600660303	0.996970614965162	0.8498789346246973
62	0.39382032364133807	0.4008215384898134	0.9966676764616783	0.8426150121065376
63	0.39379697665572166	0.3968480651640745	0.9963647379581945	0.8498789346246973
64	0.39381773655231184	0.42453317203594804	0.9966676764616783	0.8450363196125908
65	0.39379357207905163	0.38471776260345136	0.996970614965162	0.8401937046004843
66	0.3937725309115737	0.40759218082040694	0.9963647379581945	0.8523002421307506
67	0.3938039155567394	0.4893478474740942	0.9945471069372918	0.8523002421307506
68	0.3937785176263339	0.33806712922299853	0.9972735534686459	0.847457627118644
69	0.3937678847994123	0.27988024340503703	0.9972735534686459	0.8401937046004843
70	0.39381856313893493	0.398454889441312	0.9963647379581945	0.8450363196125908
-1	-1	-1	-1	-1
0	0.4717237949371338	19.5926349736177	0.6749469857618904	0.6610169491525424
1	0.43064725399017334	18.90952681348874	0.691608603453499	0.7457627118644068
2	0.41753967603047687	17.39548945197692	0.7291729778854893	0.7191283292978208
3	0.41048574447631836	17.11750464141369	0.7446228415631627	0.6658595641646489
4	0.40662398338317873	16.476794724281017	0.7521963041502575	0.7336561743341404
5	0.4043550491333008	15.84524997151815	0.764616782793093	0.7046004842615012
6	0.40248264585222515	15.450230772678669	0.7685549833383823	0.6537530266343826
7	0.4010571241378784	15.256850925775675	0.7791578309603151	0.711864406779661
8	0.40027525689866805	14.841501648609455	0.7849136625265071	0.7481840193704601
9	0.3995403289794922	14.251992177504759	0.8015752802181157	0.7288135593220338
10	0.39890157092701306	14.137334007483263	0.8015752802181157	0.7506053268765133
11	0.39866365989049274	13.183371956531818	0.8118751893365647	0.7675544794188862
12	0.3983836540809044	12.927839478621117	0.8194486519236595	0.7675544794188862
13	0.3981293099267142	12.514376562375288	0.833383823083914	0.7869249394673123
14	0.3980504671732585	11.858343487748733	0.8370190851257194	0.7554479418886199
15	0.39762771129608154	11.318237671485313	0.8467131172372009	0.784503631961259
16	0.3971250197466682	10.758663444564892	0.8524689488033929	0.7796610169491526
17	0.396848373942905	9.666963689029217	0.8754922750681612	0.7263922518159807
18	0.3964877756018388	9.429215936706616	0.8818539836413208	0.7966101694915254
19	0.3959877371788025	8.551106557250023	0.8921538927597698	0.7796610169491526
20	0.39565121559869676	8.47829715678325	0.8927597697667373	0.801452784503632
21	0.3954318436709317	7.834570694428224	0.9024538018782188	0.7941888619854721
22	0.39526005413221277	7.384361720429017	0.9103302029687973	0.801452784503632
23	0.3951759338378906	6.166090310766147	0.9279006361708573	0.774818401937046
24	0.39533218383789065	5.8393088934513235	0.9294153286882763	0.7917675544794189
25	0.3953406260563777	4.984872459075772	0.9394122993032414	0.801452784503632
26	0.39505215927406595	4.690158277176893	0.9433504998485307	0.7893462469733656
27	0.39477416447230745	4.5418241161566515	0.9454710693729172	0.8111380145278451
28	0.394565146544884	4.251634567546157	0.9524386549530446	0.784503631961259
29	0.3944657484690348	3.1833177119618856	0.9633444410784611	0.7869249394673123
30	0.39456952771832865	3.085083507287961	0.9675855801272342	0.801452784503632
31	0.39468372613191605	2.6350971287823857	0.9718267191760073	0.801452784503632
32	0.39469448002901947	2.4269602502194734	0.9769766737352318	0.8232445520581114
33	0.3946291068020989	1.7013496531603427	0.9851560133292941	0.7966101694915254
34	0.39443799427577425	2.3087778117221136	0.9830354438049076	0.7990314769975787
35	0.3944534460703532	1.8311040329818542	0.9781884277491669	0.7699757869249395
36	0.39438087231404073	1.4170317803151333	0.9872765828536807	0.7893462469733656
37	0.39443675467842504	1.2865562754539916	0.99121478339897	0.8038740920096852
38	0.3946021886972281	0.9874539165041194	0.9945471069372918	0.7893462469733656
39	0.3946871876716614	1.1607979443640664	0.9936382914268403	0.7917675544794189
40	0.39467574328911015	0.9246980225524077	0.9936382914268403	0.7966101694915254
41	0.39452459130968365	0.6342310597582792	0.9963647379581945	0.801452784503632
42	0.39438430098600163	0.8128767055101119	0.9945471069372918	0.7966101694915254
43	0.3942567597736012	0.6559842606343759	0.9951529839442593	0.7941888619854721
44	0.39419894218444823	0.5990317737898574	0.9957588609512269	0.8038740920096852
45	0.3941608771033909	0.5865581407963943	0.9960617994547107	0.7990314769975787
46	0.3940571724100316	0.7292432184129631	0.9960617994547107	0.784503631961259
47	0.3940054029226303	0.4749184313516777	0.996970614965162	0.801452784503632
48	0.39396521996478645	0.44236207169104513	0.9972735534686459	0.7990314769975787
49	0.3939512825012207	0.5624502757175203	0.9975764919721296	0.7917675544794189
50	0.3940153823179357	0.3563222718389275	0.9978794304756134	0.7869249394673123
51	0.3938570160132188	0.36643658455264255	0.9975764919721296	0.7917675544794189
52	0.3938860758295599	0.4311912694695191	0.996970614965162	0.7869249394673123
-1	-1	-1	-1	-1
0	0.4686133861541748	19.563294942562397	0.6731293547409876	0.7215496368038741
1	0.43202054500579834	18.899675025389744	0.7009996970614966	0.7021791767554479
2	0.42206398646036786	17.40891256699195	0.7237200848227809	0.7651331719128329
3	0.4166172742843628	16.937915279315067	0.7358376249621327	0.7481840193704601
4	0.4126746654510498	16.080718900148685	0.7567403817025143	0.7481840193704601
5	0.41069944699605304	16.373800018659004	0.7521963041502575	0.7627118644067796
6	0.4091747828892299	15.548180887332329	0.7782490154498637	0.784503631961259
7	0.4072842597961426	15.148569299624516	0.780672523477734	0.7409200968523002
8	0.40603015157911515	14.440518661187244	0.7915783096031506	0.7651331719128329
9	0.40454370975494386	14.18128027365758	0.798242956679794	0.7796610169491526
10	0.4037842533805154	13.887275686630836	0.8073311117843078	0.7869249394673123
11	0.4031836191813151	13.373165571918854	0.8146016358679188	0.784503631961259
12	0.40259432792663574	12.820239420120533	0.8206604059375947	0.7796610169491526
13	0.4027650696890695	12.177628244345005	0.8397455316570737	0.8135593220338984
14	0.40162684122721354	11.42698612006811	0.8470160557406846	0.7796610169491526
15	0.4010481536388397	11.207881207649525	0.8476219327476522	0.7675544794188862
16	0.4015184851253734	10.562319118242998	0.8648894274462284	0.7820823244552058
17	0.4012646410200331	9.77423203163422	0.8721599515298395	0.7893462469733656
18	0.4010366013175563	9.064878291808641	0.8773099060890639	0.801452784503632
19	0.4006773829460144	8.712063107352991	0.8894274462284156	0.8038740920096852
20	0.4001641727629162	8.19693770316931	0.899121478339897	0.8038740920096852
21	0.39975220506841486	7.260093724498382	0.9076037564374432	0.8062953995157385
22	0.39951086044311523	6.890768088973486	0.9139654650106028	0.8111380145278451
23	0.3993210196495056	6.0752440461745625	0.9242653741290519	0.7941888619854721
24	0.39913551330566405	5.379427117223923	0.9354740987579522	0.8232445520581114
25	0.39906324790074277	4.639278335281863	0.9427446228415631	0.8062953995157385
26	0.39905524253845215	4.02083768036503	0.9524386549530446	0.8280871670702179
27	0.39881445680345806	4.387491328211931	0.9481975159042715	0.801452784503632
28	0.3985115495221368	3.453868369786785	0.966373826113299	0.7917675544794189
29	0.39825321833292643	2.8461990409459057	0.9730384731899424	0.7966101694915254
30	0.39800755439266083	2.641503908886359	0.9724325961829748	0.8159806295399515
31	0.3978528827428818	2.0224183524887147	0.9818236897909725	0.8305084745762712
32	0.3977551821506385	1.6403188899947474	0.9863677673432293	0.8159806295399515
33	0.3974676763310152	2.0301157698536723	0.9830354438049076	0.8135593220338984
34	0.3971304416656494	1.5500973619950504	0.9875795213571645	0.8087167070217918
35	0.39685631460613674	1.043369482593754	0.9918206604059376	0.8111380145278451
36	0.39666808618081584	1.5332855505582232	0.9851560133292941	0.8038740920096852
37	0.39661023491307307	1.0678986709278364	0.9918206604059376	0.8159806295399515
38	0.39637631025069797	0.9132055807142303	0.9930324144198728	0.8159806295399515
39	0.3960250675678253	0.5947116433033863	0.9954559224477431	0.8184019370460048
40	0.39581112745331554	0.6345444722268999	0.9960617994547107	0.8208232445520581
41	0.39559277466365267	0.49288631329098	0.9963647379581945	0.8232445520581114
42	0.39539113710092944	0.7309104482500026	0.9954559224477431	0.8184019370460048
43	0.39526367729360407	0.5496910718189051	0.9960617994547107	0.8087167070217918
44	0.3952355119917128	0.4941594949117504	0.9963647379581945	0.8256658595641646
45	0.3950724964556487	0.6419350558336681	0.9963647379581945	0.8135593220338984
46	0.3950578811320853	0.440402392056145	0.9975764919721296	0.8111380145278451
47	0.3949633836746216	0.3256874932446338	0.9981823689790973	0.8329297820823245
48	0.3949164663042341	0.35226847131898115	0.9975764919721296	0.8184019370460048
49	0.39488580226898196	0.34200811745540705	0.9975764919721296	0.8184019370460048
50	0.39484568670684217	0.3464051381093808	0.9981823689790973	0.8353510895883777
51	0.3948184664432819	0.41274710941629916	0.9966676764616783	0.8159806295399515
52	0.39480724874532447	0.3658148022480488	0.9975764919721296	0.8159806295399515
53	0.39476119147406685	0.3705912810596951	0.996970614965162	0.8232445520581114
54	0.39479290788823906	0.3673263821177758	0.9975764919721296	0.8329297820823245
55	0.39480204241616385	0.32060926673092094	0.996970614965162	0.8184019370460048
56	0.39475781039187785	0.22227128114228925	0.9981823689790973	0.8232445520581114
57	0.3946757152162749	0.35248002469933665	0.9975764919721296	0.8280871670702179
58	0.39458362126754504	0.3681366765567172	0.9975764919721296	0.8111380145278451
59	0.39437553882598875	0.3508007283291171	0.9972735534686459	0.8256658595641646
60	0.39464145801106437	0.33993591081310537	0.9978794304756134	0.8159806295399515
61	0.39456518234745147	0.37119448511377695	0.996970614965162	0.8280871670702179
62	0.39448496273585726	0.2813539081208336	0.9978794304756134	0.8159806295399515
63	0.39435895532369614	0.2950453498275377	0.9981823689790973	0.8305084745762712
64	0.3941982782804049	0.42562697071340294	0.9966676764616783	0.8232445520581114
65	0.39414067340619635	0.26918948115522096	0.9981823689790973	0.8232445520581114
66	0.394036011909371	0.31241990216613674	0.9981823689790973	0.8159806295399515
67	0.39400873815312104	0.24130103721892318	0.9978794304756134	0.8208232445520581
68	0.3940180453701296	0.3721314071176144	0.9972735534686459	0.8184019370460048
69	0.3940363986151559	0.2769379010212036	0.9981823689790973	0.8208232445520581
70	0.3940015745834565	0.33238677025376373	0.9972735534686459	0.8232445520581114
-1	-1	-1	-1	-1
0	0.4754815101623535	19.103870692161415	0.6728264162375038	0.7142857142857143
1	0.4312251806259155	18.036823167250706	0.7079672826416238	0.6561743341404358
2	0.4165242513020833	17.55317838031512	0.7240230233262648	0.7215496368038741
3	0.410497784614563	16.435613134732613	0.7434110875492275	0.7263922518159807
4	0.4069460391998291	15.89008081647066	0.7555286276885792	0.7433414043583535
5	0.40460391839345294	15.817975310178904	0.7658285368070282	0.7288135593220338
6	0.4017576149531773	15.01644951563615	0.7855195395334748	0.7360774818401937
7	0.39983421564102173	14.670353426383091	0.7888518630717964	0.7263922518159807
8	0.39953109953138566	14.471526925380413	0.7858224780369585	0.774818401937046
9	0.39895148277282716	14.116510642262606	0.7967282641623751	0.7675544794188862
10	0.3982656869021329	13.468011962679716	0.8088458043017267	0.7481840193704601
11	0.3979108730951945	13.250488705359972	0.810057558315662	0.7481840193704601
12	0.39819913644057053	12.81055698142602	0.8249015449863678	0.7457627118644068
13	0.3975792442049299	11.994199107472713	0.8339897000908816	0.7796610169491526
14	0.39738616943359373	11.69735345015159	0.8367161466222357	0.7723970944309927
15	0.3972395807504654	10.654367467531792	0.8536807028173281	0.7917675544794189
16	0.39698150578667135	10.383756490854116	0.8609512269009391	0.7651331719128329
17	0.3969414101706611	9.8633059850679	0.8636776734322933	0.7578692493946732
18	0.39688087764539215	8.685082025252855	0.8851863071796425	0.7820823244552058
19	0.39644110202789307	8.069463665668781	0.899121478339897	0.7506053268765133
20	0.3963198434738886	7.6332873444144544	0.9021508633747349	0.7675544794188862
21	0.3962924697182395	6.941133931852304	0.9121478339897001	0.7530266343825666
22	0.3961886219356371	6.305390999867366	0.9245683126325356	0.7820823244552058
23	0.39607136448224384	6.762119407837208	0.9118448954862163	0.7917675544794189
24	0.3960802364349365	5.192458415797983	0.932747652226598	0.774818401937046
25	0.3960584860581618	4.43950966745615	0.9472887003938201	0.7869249394673123
26	0.39563699121828433	3.8753392805273714	0.9554680399878824	0.7699757869249395
27	0.3952302932739258	3.6802307066435995	0.9621326870645259	0.7772397094430993
28	0.3949636508678568	2.8711050561127753	0.9700090881551046	0.7699757869249395
29	0.39478487173716226	2.0808609126565547	0.9784913662526508	0.7699757869249395
30	0.39461986480220673	2.7983895015114775	0.9687973341411693	0.7723970944309927
31	0.3944110572338104	2.209180997254757	0.9769766737352318	0.7723970944309927
32	0.39410591847968823	1.9875920973001764	0.9821266282944562	0.7723970944309927
33	0.3939473208259134	1.806419821885916	0.9827325053014239	0.7651331719128329
34	0.3938032286507743	1.2487967435557108	0.9897000908815511	0.774818401937046
35	0.39361750417285496	1.0288477301454315	0.9927294759163889	0.7917675544794189
-1	-1	-1	-1	-1
0	0.4695429801940918	20.638455743973072	0.6137534080581641	0.6973365617433414
1	0.42910492420196533	18.874303134588096	0.6891850954256286	0.7312348668280871
2	0.413912296295166	17.563904914718407	0.7155407452287186	0.7627118644067796
3	0.40636390447616577	16.812812397113213	0.739775825507422	0.7651331719128329
4	0.40281243324279786	16.292824264902336	0.7479551651014844	0.7820823244552058
5	0.4002069632212321	16.036344074285946	0.7546198121781278	0.7990314769975787
6	0.3986157008579799	15.099675442163761	0.7730990608906392	0.7554479418886199
7	0.397602379322052	14.950529923805824	0.7830960315056044	0.7530266343825666
8	0.39600205421447754	14.746187943678637	0.7837019085125719	0.8111380145278451
9	0.3947329521179199	14.10366769020374	0.7891548015752802	0.7820823244552058
10	0.39447712898254395	14.039908372438871	0.7994547106937292	0.8038740920096852
11	0.39394774039586383	13.704581535779512	0.802484095728567	0.8184019370460048
12	0.39379030007582444	12.667966368679817	0.8258103604968191	0.8087167070217918
13	0.3935320717947824	12.187841170109236	0.8306573765525598	0.7796610169491526
14	0.39352590243021646	11.393681887823801	0.8327779460769463	0.8135593220338984
15	0.3931632488965988	11.260066826756184	0.8536807028173281	0.8087167070217918
16	0.39287502625409293	10.455707340286327	0.8618600424113905	0.7966101694915254
17	0.3930250671174791	9.604125126050068	0.8757952135716449	0.8087167070217918
18	0.3930215835571289	9.451771994049732	0.8776128445925477	0.7966101694915254
19	0.39297555685043334	8.712639761658815	0.8857921841866101	0.8159806295399515
20	0.3929070858728318	8.04810710151035	0.8951832777946077	0.8208232445520581
21	0.3927428505637429	7.371696214836377	0.9036655558921539	0.8232445520581114
22	0.3926569067913553	6.075084186517275	0.9227506816116329	0.7699757869249395
23	0.3927960495154063	5.787403806184347	0.9315358982126628	0.774818401937046
24	0.39294890403747557	5.499903137867268	0.9339594062405332	0.784503631961259
25	0.3931008302248441	5.022531658464756	0.9409269918206604	0.8038740920096852
26	0.3930671215057373	4.150407352126562	0.9491063314147228	0.7990314769975787
27	0.39275205986840384	3.7175162761257243	0.9581944865192366	0.7893462469733656
28	0.39248956482985925	3.425795893399761	0.9572856710087853	0.8135593220338984
29	0.39223642349243165	3.577996081851709	0.9636473795819449	0.7966101694915254
30	0.39204305218112084	2.756911240518093	0.9715237806725234	0.7990314769975787
31	0.39195482432842255	1.8443793015769467	0.9815207512874886	0.7820823244552058
32	0.39181988167040277	1.595177998049901	0.9866707058467131	0.7966101694915254
33	0.39162512386546416	1.7434849204213465	0.9842471978188427	0.784503631961259
34	0.3914209433964321	1.358667312619778	0.9893971523780672	0.7820823244552058
35	0.39123861657248604	1.3199313746299595	0.9872765828536807	0.784503631961259
36	0.39114299335995234	1.27083141492823	0.9890942138745834	0.7820823244552058
37	0.3910772612220363	1.1294517815292169	0.9918206604059376	0.7966101694915254
38	0.39101695403074604	1.0603532809764147	0.99121478339897	0.7869249394673123
39	0.390841418504715	1.0992162946181803	0.9918206604059376	0.7723970944309927
40	0.390866046998559	0.9054876857103059	0.9930324144198728	0.7966101694915254
41	0.3908296993800572	0.6542754726520238	0.9957588609512269	0.7990314769975787
-1	-1	-1	-1	-1
0	0.4771766662597656	20.121336973630466	0.6459721380981224	0.6803874092009685
1	0.43458783626556396	18.622594938828396	0.6950333131435493	0.6924939467312349
2	0.4206549326578776	17.301710931154396	0.725015142337977	0.7191283292978208
3	0.42591768503189087	17.406627487677795	0.7341005451241672	0.7263922518159807
4	0.4192333698272705	15.942579588064781	0.7604482132041187	0.7263922518159807
5	0.4135981798171997	16.32531810265321	0.7525741974560872	0.7021791767554479
6	0.4095902442932129	15.924942791461945	0.7595396729254997	0.7239709443099274
7	0.40711063146591187	15.084021788377028	0.7801332525741974	0.7094430992736077
8	0.4051211145189073	15.036776897998957	0.7813446396123561	0.7481840193704601
9	0.40383551120758054	14.476864097210077	0.7867958812840703	0.7675544794188862
10	0.4022166512229226	14.176664425776554	0.7952755905511811	0.7360774818401937
11	0.4006945292154948	13.520985847482315	0.8058752271350696	0.7675544794188862
12	0.39978808623093826	13.207159493978207	0.8210175651120533	0.7699757869249395
13	0.3989074059895107	12.818506968709139	0.8210175651120533	0.774818401937046
14	0.3980811595916748	12.024665218133192	0.8331314354936402	0.7869249394673123
15	0.3974912017583847	11.615677583676119	0.838885523924894	0.7627118644067796
16	0.39714999759898467	10.991366721689701	0.8516050878255602	0.7869249394673123
17	0.39674225118425155	10.311864112432186	0.8709872804360993	0.7699757869249395
18	0.396513863613731	9.946076592573753	0.8709872804360993	0.7990314769975787
19	0.3964285492897034	9.146778097519508	0.8785584494245912	0.7990314769975787
20	0.39613997368585496	8.357098043681336	0.8982434887946699	0.7869249394673123
21	0.395853573625738	7.337882581811685	0.9085402786190188	0.7723970944309927
22	0.39546674230824347	7.354580623599199	0.9076317383403998	0.7893462469733656
23	0.39495233694712323	6.461908445335352	0.919442761962447	0.8062953995157385
24	0.394506664276123	6.361447230554544	0.9236826165960024	0.784503631961259
25	0.3942626531307514	5.654763659319053	0.9333737129012719	0.7723970944309927
26	0.3939775890774197	4.919738921981591	0.9406420351302242	0.8135593220338984
27	0.3937705159187317	4.125573796255944	0.9536644457904301	0.7869249394673123
28	0.39350438117980957	3.515792368696286	0.9624470018170805	0.7917675544794189
29	0.39318768978118895	3.3782330009226618	0.963961235614779	0.8087167070217918
30	0.3932765453092514	3.0135984237377462	0.9706238643246518	0.8135593220338984
31	0.3930268958210945	3.5538935526632347	0.9657783161720169	0.7941888619854721
32	0.39288545377326733	2.4283301811665297	0.9763779527559056	0.8062953995157385
33	0.3927489308749928	1.9808728827271038	0.9812235009085403	0.8062953995157385
34	0.3925934519086565	1.5989046879829123	0.9848576620230164	0.8135593220338984
35	0.39236083295610213	1.3832072427926154	0.9872804360993337	0.8062953995157385
36	0.3921573419828673	1.4882977864919946	0.9875832828588734	0.7917675544794189
37	0.3921092497675042	1.1522490795558462	0.9915202907328892	0.8159806295399515
38	0.39218764427380687	1.092943275705553	0.9921259842519685	0.8087167070217918
39	0.39225946068763734	0.9732255636660668	0.9930345245305875	0.8184019370460048
40	0.39294726674149677	0.6611999764751929	0.9960629921259843	0.8159806295399515
41	0.393014703478132	0.525759406781827	0.9966686856450636	0.8305084745762712
42	0.39296543875405954	0.7235687188266848	0.9948516050878256	0.8256658595641646
43	0.39280005476691504	0.5974988919109679	0.9960629921259843	0.8329297820823245
44	0.39266927507188587	0.39848241720420235	0.997274379164143	0.8256658595641646
45	0.3925534331280252	0.5231995881152286	0.9951544518473653	0.8159806295399515
46	0.3924647848656837	0.5581487365416251	0.9957601453664445	0.8232445520581114
47	0.39233682056268054	0.5926822325787865	0.9957601453664445	0.8280871670702179
48	0.39217508569055676	0.5746072474956656	0.9960629921259843	0.8232445520581114
49	0.39204452514648436	0.4048297079280019	0.997274379164143	0.8208232445520581
50	0.3919782030816172	0.4600341853130466	0.9969715324046032	0.8256658595641646
51	0.3919988824771001	0.3338721272974418	0.9969715324046032	0.8159806295399515
52	0.39212476532414275	0.3476846133058783	0.9969715324046032	0.8208232445520581
53	0.3921393332657991	0.42324700021652883	0.9969715324046032	0.8232445520581114
54	0.3920087597586892	0.37455546756637675	0.997274379164143	0.8208232445520581
55	0.39205774664878845	0.5191774435415237	0.9957601453664445	0.8087167070217918
56	0.39195002589309424	0.40902745807901597	0.9966686856450636	0.8184019370460048
57	0.39186997660275164	0.32837245467649506	0.9969715324046032	0.8256658595641646
58	0.3918216713404251	0.33757042318421343	0.997274379164143	0.8111380145278451
59	0.39209216435750327	0.4032203057252515	0.9966686856450636	0.8256658595641646
60	0.3921563195400551	0.4760948780682296	0.9969715324046032	0.8184019370460048
61	0.3922868928601665	0.43675608868495774	0.9963658388855239	0.8232445520581114
62	0.39217565173194524	0.3650537437150398	0.997274379164143	0.8256658595641646
63	0.39213063567876816	0.4116650530978894	0.9966686856450636	0.8208232445520581
-1	-1	-1	-1	-1
0	0.4708380699157715	19.75946167799143	0.6503178928247049	0.6990291262135923
1	0.4304466247558594	18.82488377736165	0.6860429912201029	0.7718446601941747
2	0.4161653518676758	17.42157018643159	0.72782319103845	0.7475728155339806
3	0.40856117010116577	16.964083559237995	0.7423554344535271	0.779126213592233
4	0.4036858081817627	15.997739049104544	0.7577959430820467	0.7718446601941747
5	0.40094419320424396	15.87086791717089	0.7702089009990918	0.7475728155339806
6	0.39894475255693707	15.646688328339504	0.7668785952164698	0.7451456310679612
7	0.3977527916431427	15.175757752015041	0.7741447169240084	0.8009708737864077
8	0.39660686916775173	14.515874997927593	0.7844383893430215	0.8033980582524272
9	0.39533581733703616	14.267327776321999	0.7865576748410535	0.7742718446601942
10	0.39429090239784936	13.953473870570843	0.7986678776869512	0.7985436893203883
11	0.39384692907333374	13.382103516505314	0.8189524674538299	0.8179611650485437
12	0.3933467681591327	13.034000373803652	0.8144111413866182	0.8228155339805825
13	0.39306790488106863	12.288913217874674	0.825915834090221	0.8276699029126213
14	0.3932823657989502	11.89196993983709	0.8328792007266121	0.8252427184466019
15	0.39294661581516266	11.164554467568031	0.8504389948531638	0.7815533980582524
16	0.3926243501551011	10.623991381663542	0.8628519527702089	0.8179611650485437
17	0.3922099272410075	9.708116921094748	0.8761731759006963	0.7936893203883495
18	0.393099634270919	9.426228997799067	0.8743566454738116	0.8058252427184466
19	0.3932699918746948	8.737555822500816	0.8846503178928247	0.8252427184466019
20	0.39324658257620676	8.05851438183051	0.901301846805934	0.7936893203883495
21	0.3932101834904064	7.27385559792702	0.9118982742960945	0.7742718446601942
22	0.39318405026974884	6.912901722682784	0.9158340902210113	0.7815533980582524
23	0.3932043214639028	5.9383402564204655	0.9237057220708447	0.7888349514563107
24	0.3932524585723877	5.667370918278511	0.9306690887072359	0.7888349514563107
25	0.3930216202369103	4.803038663302477	0.9436875567665758	0.7985436893203883
26	0.39301127857632107	4.366584141093951	0.9479261277626401	0.8106796116504854
27	0.39278358221054077	3.695599335317428	0.9594308204662428	0.7912621359223301
28	0.3925754448463177	3.68137505535896	0.9567060248259158	0.8009708737864077
29	0.39230828285217284	2.923086111075603	0.9676052073872238	0.7888349514563107
30	0.3921519248716293	2.1875050171063495	0.9782016348773842	0.7961165048543689
31	0.39228416234254837	3.041831395409715	0.9700272479564033	0.7888349514563107
32	0.39234808719519415	2.0241075293519177	0.9797154102331214	0.7985436893203883
33	0.39238827368792367	1.9407758509310393	0.9824402058734484	0.7936893203883495
-1	-1	-1	-1	-1
0	0.47438669204711914	19.113078300769512	0.6905843172873145	0.6771844660194175
1	0.4348667860031128	18.50042815850331	0.7029972752043597	0.6941747572815534
2	0.42014916737874347	17.015382328858742	0.7329700272479565	0.7257281553398058
3	0.4145249128341675	16.48746950351275	0.7468967605207387	0.7427184466019418
4	0.4112438201904297	16.10712033854081	0.7602179836512262	0.7451456310679612
5	0.4095497926076253	15.729008161104643	0.7632455343627006	0.7281553398058253
6	0.4087024416242327	14.97486893259562	0.779291553133515	0.7572815533980582
7	0.4080040156841278	14.64962681898704	0.7859521646987587	0.7475728155339806
8	0.4074750476413303	14.882568480876776	0.7835301241295791	0.7475728155339806
9	0.405858588218689	13.874875323130535	0.799878897971541	0.7475728155339806
10	0.4045081788843328	13.360316226115593	0.8150166515289131	0.7694174757281553
11	0.40404287974039715	13.643435863348154	0.815622161671208	0.7597087378640777
12	0.40311510746295637	13.127643266549477	0.8119891008174387	0.779126213592233
13	0.40252258096422466	12.255215275746126	0.8401453224341507	0.7597087378640777
14	0.40205485026041665	11.561562923284677	0.8422646079321828	0.7548543689320388
15	0.4015764594078064	11.167832798682726	0.8449894035725098	0.7985436893203883
16	0.40102194337283864	10.443206465015045	0.8555858310626703	0.7888349514563107
17	0.4006462097167969	9.305256091631376	0.8785952164698758	0.7888349514563107
18	0.40065888354652807	9.011605239831484	0.8801089918256131	0.808252427184466
19	0.4007011651992798	8.701547483985241	0.8831365425370875	0.8009708737864077
20	0.40073454947698683	7.872794883182416	0.9034211323039661	0.7888349514563107
21	0.40052797577597876	7.080908878491475	0.9128065395095368	0.7766990291262136
22	0.400273032810377	6.112916333171038	0.9215864365728126	0.7936893203883495
23	0.39988474051157635	5.291668668102759	0.9352104147744474	0.7888349514563107
24	0.3995761299133301	5.404472371133474	0.9358159249167424	0.8058252427184466
25	0.39934173914102405	5.30118950513693	0.9370269452013321	0.7742718446601942
26	0.39916501221833406	4.311652000133808	0.9491371480472298	0.7961165048543689
27	0.3990080101149423	3.925529763675653	0.9588253103239479	0.8106796116504854
28	0.3988688485375766	3.5164974136994434	0.9615501059642749	0.7839805825242718
29	0.39868388970692953	2.6631573618103106	0.9715410233121404	0.7985436893203883
30	0.3985098946479059	2.1109187631652904	0.9775961247350893	0.7888349514563107
31	0.3984327018260956	2.457188374004685	0.9754768392370572	0.7888349514563107
32	0.39835632208621863	1.8217030765058904	0.982137450802301	0.8009708737864077
33	0.39823351186864514	1.2887544192803593	0.9884953072963972	0.7888349514563107
34	0.3981630325317383	1.2392515348843658	0.9881925522252498	0.8009708737864077
35	0.39803145329157513	1.2427005838746061	0.9894035725098396	0.7912621359223301
36	0.3978657335848422	0.9235440007625864	0.9945504087193461	0.7985436893203883
37	0.3977258895572863	0.5477650715665032	0.997275204359673	0.7985436893203883
38	0.39763734890864444	0.5631099888123572	0.9966696942173782	0.7766990291262136
39	0.3976313829421997	0.808389495807485	0.9936421435059037	0.7888349514563107
40	0.3976549229970792	1.5241099043073167	0.9872842870118075	0.8033980582524272
41	0.3976567926860991	1.0914628436932197	0.9909173478655767	0.779126213592233
42	0.39754988426385923	0.45675318559201866	0.9963669391462306	0.7864077669902912
43	0.39741561629555444	0.4178515252379629	0.9975779594308205	0.808252427184466
44	0.3972261004977756	0.44937542504451883	0.9966696942173782	0.7961165048543689
45	0.3971061084581458	0.36114291450716196	0.997275204359673	0.7936893203883495
46	0.3970570868634163	0.33291862584435594	0.9969724492885256	0.8033980582524272
47	0.3970017085472743	0.30586542593888366	0.9969724492885256	0.7936893203883495
-1	-1	-1	-1	-1
0	0.47234129905700684	20.323603840974663	0.6408237431859479	0.6820388349514563
1	0.43445050716400146	17.97551111991589	0.7122955784373107	0.6699029126213593
2	0.4202729066212972	17.06833313061641	0.7413688673531194	0.7135922330097088
3	0.4134678840637207	16.5783675633944	0.7528770442156268	0.6990291262135923
4	0.4092545509338379	15.774959564208984	0.7680193821926106	0.7281553398058253
5	0.40626196066538495	15.48300420320951	0.7716535433070866	0.6990291262135923
6	0.40454680579049246	15.166024510677044	0.7755905511811023	0.7475728155339806
7	0.40332889556884766	14.641750653202717	0.788007268322229	0.7475728155339806
8	0.4020227591196696	14.409044877840923	0.8007268322228952	0.7257281553398058
9	0.4002717971801758	14.100169154313894	0.7992125984251969	0.7427184466019418
10	0.39941217682578345	13.494152495494255	0.8113264688067837	0.7427184466019418
11	0.39871052900950116	12.970600504141588	0.8225317989097517	0.7597087378640777
12	0.39810965611384463	12.37827846637139	0.8328285887341006	0.7597087378640777
13	0.39728028433663504	11.451333256868216	0.8500908540278619	0.7548543689320388
14	0.39681358337402345	10.840932364647205	0.8603876438522108	0.7597087378640777
15	0.39654552936553955	11.1512721238228	0.8543307086614174	0.7645631067961165
16	0.39642896371729236	9.816369680257944	0.8718958207147184	0.7645631067961165
17	0.3964043590757582	9.446558035337008	0.8758328285887341	0.7475728155339806
18	0.39637691096255656	9.053428085950705	0.8818897637795275	0.7645631067961165
19	0.39639322757720946	8.034679486201359	0.8985463355542096	0.7597087378640777
20	0.3963907105582101	7.495831537991762	0.9085402786190188	0.7742718446601942
21	0.3962228081443093	7.606770021411089	0.9064203513022411	0.7597087378640777
22	0.39606739127117657	6.605200553169618	0.9191399152029073	0.7815533980582524
23	0.39594095945358276	5.730128128941242	0.9354936402180497	0.7597087378640777
24	0.39581536293029784	5.045581408274861	0.9409448818897638	0.7815533980582524
25	0.3958021402359009	4.547619686676906	0.9451847365233192	0.7597087378640777
26	0.3957126670413547	4.416335995810536	0.9448818897637795	0.7912621359223301
27	0.3955378106662205	3.8376485166641383	0.9572986069049061	0.7645631067961165
28	0.39529788083043593	3.090952593833208	0.9657783161720169	0.7766990291262136
29	0.39511383374532066	2.270756432535843	0.9748637189582071	0.7815533980582524
30	0.3950235920567666	2.429028605612425	0.9727437916414294	0.7669902912621359
31	0.39462894201278687	1.656196682785566	0.982434887946699	0.7839805825242718
32	0.3945240324193781	1.57165779832464	0.9857662023016354	0.779126213592233
33	0.3943898046717924	1.613004895643546	0.9872804360993337	0.7718446601941747
34	0.3943610463823591	1.2272935090586543	0.9897032101756511	0.7742718446601942
35	0.3942323062154982	0.6968312604216268	0.9954572986069049	0.7936893203883495
36	0.39401199366595296	0.8266269789399723	0.9924288310115081	0.7961165048543689
37	0.3938671413220857	0.6082580726450453	0.9954572986069049	0.7839805825242718
38	0.3938007293603359	0.8146850323806015	0.9945487583282859	0.7936893203883495
39	0.39366878271102906	0.9586270617392774	0.9906117504542702	0.7718446601941747
40	0.39340153554590734	1.5049422773120638	0.9890975166565718	0.7985436893203883
41	0.3932383230754307	0.6298002215105674	0.9942459115687462	0.7864077669902912
42	0.393117860306141	0.627904691043883	0.9960629921259843	0.7985436893203883
43	0.3931759541684931	0.5076316964561836	0.9963658388855239	0.7864077669902912
44	0.3931978702545166	0.4521114264408915	0.9969715324046032	0.7961165048543689
45	0.3932292720545893	0.41062749953842004	0.9966686856450636	0.7985436893203883
46	0.3931379977692949	0.45124525813242566	0.9963658388855239	0.7961165048543689
47	0.3933519472678502	0.36374725437221617	0.9963658388855239	0.7961165048543689
48	0.39367134717046	0.32654817565344274	0.9978800726832223	0.7961165048543689
49	0.3934870910644531	0.42837688280269504	0.9960629921259843	0.7936893203883495
50	0.3933406109903373	0.37307597507830137	0.997274379164143	0.7912621359223301
51	0.3931259512901306	0.26049989663386863	0.9975772259236826	0.7912621359223301
52	0.3928946818945543	0.3227390982389737	0.9975772259236826	0.7961165048543689
53	0.3931536321286802	0.24027678163556104	0.9978800726832223	0.7888349514563107
54	0.393372765454379	0.24654939927299543	0.997274379164143	0.7985436893203883
55	0.39357432297297884	0.330216698451505	0.997274379164143	0.7912621359223301
56	0.3937578284949587	0.2345243013025118	0.9978800726832223	0.7985436893203883
57	0.39392390333372973	0.2832850811649293	0.9969715324046032	0.7912621359223301
58	0.3941222489890406	0.22177019236886947	0.9975772259236826	0.7961165048543689
59	0.39391688505808514	0.25846923797955523	0.9975772259236826	0.7936893203883495
60	0.3937614472185979	0.2868232972955761	0.9966686856450636	0.7936893203883495
-1	-1	-1	-1	-1
0	0.5226085186004639	19.29502089665486	0.6691911541956983	0.7263922518159807
1	0.4643888473510742	18.292831741846523	0.7067555286276885	0.7142857142857143
2	0.44435540835062665	16.836665355242214	0.7406846410178733	0.7142857142857143
3	0.4404523968696594	16.442742535701164	0.7425022720387762	0.738498789346247
4	0.4318215370178223	16.107499285386158	0.7582550742199333	0.7481840193704601
5	0.42608829339345294	15.474146867027649	0.7667373523174795	0.6610169491525424
6	0.4214792251586914	15.077710092067719	0.7785519539533474	0.7433414043583535
7	0.4175017774105072	14.81757367688876	0.7843077855195395	0.7506053268765133
8	0.4145681858062744	14.316891768803963	0.7897606785822479	0.7675544794188862
9	0.41243102550506594	13.795106791532957	0.7991517721902454	0.7506053268765133
10	0.41086506843566895	13.594877804701145	0.8094516813086944	0.6973365617433414
11	0.40934781233469647	13.385972496408682	0.802484095728567	0.7409200968523002
12	0.4078500270843506	12.51287919970659	0.8321720690699788	0.784503631961259
13	0.4067244529724121	12.160767990809221	0.8315661920630112	0.774818401937046
14	0.40552196502685545	11.410533767480116	0.8470160557406846	0.7578692493946732
15	0.4049469530582428	10.738198944009268	0.8648894274462284	0.7869249394673123
16	0.4044004889095531	10.139723786940941	0.865495304453196	0.7917675544794189
17	0.4040145476659139	9.553977058484005	0.8727658285368071	0.784503631961259
18	0.40352080997667816	9.306050712815845	0.8824598606482884	0.7820823244552058
19	0.4029774904251099	8.327311668258448	0.8921538927597698	0.7602905569007264
20	0.40250779333568754	7.387506590439723	0.9076037564374432	0.784503631961259
21	0.4019490588795055	7.076068753233323	0.9148742805210542	0.7796610169491526
22	0.40166520035785175	6.566342368721962	0.9221448046046653	0.784503631961259
23	0.40147729714711505	5.363344233196515	0.9324447137231142	0.8038740920096852
24	0.40129210472106935	4.591187721261611	0.9497122084216904	0.7796610169491526
25	0.40107460205371565	4.778150521791899	0.9451681308694335	0.7990314769975787
26	0.40075861083136666	4.021902874112129	0.9542562859739473	0.7893462469733656
27	0.40049300874982563	3.579933096296512	0.9645561950923962	0.8038740920096852
28	0.40029778973809604	3.192290343917333	0.9687973341411693	0.7893462469733656
29	0.4001425504684448	2.4346128288083353	0.9739472887003938	0.7699757869249395
30	0.4000864105839883	2.4406024067161174	0.9739472887003938	0.7869249394673123
31	0.3999354615807533	2.1067406449001282	0.9787943047561345	0.7917675544794189
32	0.40028282367821894	2.064425995779367	0.9806119357770373	0.7941888619854721
33	0.40010882826412425	1.8919738766808922	0.9836413208118752	0.7796610169491526
34	0.3998957974570138	1.6945954642186944	0.9833383823083914	0.801452784503632
35	0.3999260796440972	1.0103543281841736	0.9927294759163889	0.7796610169491526
36	0.399866568075644	0.6985427046087213	0.9939412299303242	0.7917675544794189
37	0.39973005495573344	0.7579605591555054	0.9948500454407755	0.7820823244552058
38	0.39960697981027454	0.6735656094880631	0.9942441684338079	0.7869249394673123
39	0.39940921068191526	0.6165997711153488	0.9957588609512269	0.7820823244552058
40	0.39914796992046075	0.6450061984360218	0.9942441684338079	0.7772397094430993
41	0.3991783687046596	0.5332298214645841	0.9957588609512269	0.7796610169491526
42	0.39919557682303497	0.3909735151638205	0.9972735534686459	0.7869249394673123
43	0.3992234468460083	0.36455798415520874	0.9975764919721296	0.7869249394673123
-1	-1	-1	-1	-1
0	0.47989320755004883	19.38944764320667	0.6831263253559527	0.7336561743341404
1	0.44167792797088623	18.607574870953194	0.6852468948803393	0.7312348668280871
2	0.43037978808085126	17.627748979971958	0.7331111784307786	0.7167070217917676
3	0.42205381393432617	17.01866398407863	0.7418963950318086	0.7433414043583535
4	0.41767239570617676	16.481957513552445	0.7446228415631627	0.7457627118644068
5	0.4154170751571655	16.258552592534286	0.7512874886398061	0.7602905569007264
6	0.41348419870649067	15.697599259706644	0.7640109057861254	0.7651331719128329
7	0.4119682013988495	15.072567249719913	0.7830960315056044	0.7506053268765133
8	0.41080941094292533	15.137429915941679	0.7746137534080582	0.7893462469733656
9	0.40970797538757325	14.513225032733036	0.7955165101484398	0.7602905569007264
10	0.4088268063285134	14.435892017988058	0.7882459860648289	0.7917675544794189
11	0.4078911741574605	13.703046622184607	0.8015752802181157	0.7675544794188862
12	0.40749375636761004	13.78414961695671	0.8049076037564374	0.7723970944309927
13	0.40696672030857634	12.958845906532728	0.8249015449863678	0.784503631961259
14	0.4062377134958903	12.036146778326769	0.8361102696152681	0.7917675544794189
15	0.4058544486761093	12.22572834789753	0.8300514995455922	0.7869249394673123
16	0.40562695615431843	11.187057519761415	0.8512571947894577	0.7941888619854721
17	0.4048289987776015	10.622715711593628	0.8545895183277794	0.801452784503632
18	0.40433876137984426	9.842314529304321	0.8657982429566798	0.8062953995157385
19	0.404797625541687	9.326819905867943	0.8794304756134504	0.801452784503632
20	0.4043678669702439	8.789918996966803	0.8863980611935777	0.8062953995157385
21	0.4035861383784901	8.19138289988041	0.9003332323538322	0.8062953995157385
22	0.4028897700102433	7.6708031136256	0.9088155104513783	0.784503631961259
23	0.40210142731666565	6.8187548495255985	0.9194183580733111	0.8087167070217918
24	0.4016568374633789	6.324597272735375	0.9203271735837625	0.8135593220338984
25	0.4010041585335365	6.115859114206755	0.9248712511360194	0.8401937046004843
26	0.400598614304154	5.610416718973563	0.9321417752196304	0.8256658595641646
27	0.4002189040184021	4.691240970475169	0.9424416843380794	0.8232445520581114
28	0.39981481946747877	4.448317439044611	0.9542562859739473	0.8329297820823245
29	0.3993513186772664	3.644092228836738	0.9594062405331718	0.8353510895883777
30	0.3988180006704023	2.4827510069769163	0.9742502272038777	0.8256658595641646
31	0.3987082615494728	2.6690072368543882	0.9691002726446531	0.8256658595641646
32	0.3985609141263095	2.130417262705473	0.9806119357770373	0.8305084745762712
33	0.3984737887102015	2.054883157941871	0.9787943047561345	0.8135593220338984
34	0.39823758942740306	2.1409263230430393	0.980914874280521	0.837772397094431
35	0.3978581693437364	1.3643810186857501	0.9887912753710997	0.847457627118644
36	0.39750469053113785	1.1871323885682683	0.9900030293850348	0.8062953995157385
37	0.3973323985149986	1.2717494442700767	0.9893971523780672	0.8401937046004843
38	0.39703918726016313	1.1153177904824798	0.9903059678885187	0.8498789346246973
39	0.3968772768974304	1.1124925930052996	0.9903059678885187	0.8523002421307506
40	0.3966961139585914	0.5107446336724724	0.9966676764616783	0.8305084745762712
41	0.39655622981843497	0.7373889247851017	0.9936382914268403	0.8426150121065376
42	0.39639744647713593	0.46726373021598333	0.9975764919721296	0.847457627118644
43	0.39625349369916046	0.4299426336639884	0.996970614965162	0.8401937046004843
44	0.39608280923631456	0.46441082059978867	0.9972735534686459	0.8159806295399515
45	0.395874111548714	0.47319414720046693	0.9951529839442593	0.8232445520581114
46	0.3957242762788813	0.5555815305516052	0.9966676764616783	0.8498789346246973
47	0.3955720414717992	0.4970438420557632	0.9963647379581945	0.8523002421307506
48	0.3953418731689453	0.3669717643195047	0.996970614965162	0.8498789346246973
49	0.3952256011962891	0.3571506440370845	0.9975764919721296	0.8619854721549637
50	0.39504601441177667	0.3832848043082497	0.9975764919721296	0.8523002421307506
51	0.3949264196249155	0.2839723174424412	0.9972735534686459	0.8353510895883777
52	0.39483301594572245	0.3277986121381848	0.9972735534686459	0.8619854721549637
53	0.3947967909000538	0.37147394904884723	0.9978794304756134	0.8426150121065376
54	0.3946406667882746	0.2785900586364173	0.9981823689790973	0.8547215496368039
55	0.39470672607421875	0.28122787693763923	0.9978794304756134	0.8498789346246973
56	0.39474134696157354	0.4499892502790317	0.996970614965162	0.8498789346246973
57	0.39478845842953386	0.33511148238232213	0.9972735534686459	0.837772397094431
58	0.3948546466180834	0.3270924987356501	0.996970614965162	0.8547215496368039
59	0.39486899773279827	0.35573372020063776	0.9972735534686459	0.8401937046004843
60	0.3948763042199807	0.33120182769982	0.9972735534686459	0.8523002421307506
61	0.39480836929813506	0.2861031364971915	0.9975764919721296	0.837772397094431
62	0.3947299321492513	0.3994107830434447	0.9972735534686459	0.8498789346246973
63	0.3946620188653469	0.3471459594483559	0.9966676764616783	0.8547215496368039
64	0.39465973193828874	0.2425786241516247	0.9978794304756134	0.8498789346246973
65	0.39471661322044604	0.34146927362487006	0.9975764919721296	0.8426150121065376
66	0.3948507700393449	0.26015791330975335	0.9981823689790973	0.8498789346246973
67	0.3949102864545934	0.2589593562917379	0.9975764919721296	0.8498789346246973
68	0.3949134418929833	0.315126395486284	0.9975764919721296	0.8571428571428571
69	0.39494425228663854	0.32239024282003254	0.9972735534686459	0.837772397094431
-1	-1	-1	-1	-1
0	0.5360317230224609	19.711235493421555	0.6704029082096334	0.711864406779661
1	0.47126877307891846	18.749515464672676	0.6970614965162072	0.7312348668280871
2	0.4483012358347575	17.211919109408672	0.7297788548924569	0.7409200968523002
3	0.43509262800216675	16.72832176777033	0.748561042108452	0.7554479418886199
4	0.42849292755126955	16.525879841584427	0.7488639806119358	0.7506053268765133
5	0.4235900640487671	16.009616277538814	0.7537109966676765	0.7530266343825666
6	0.4188246045793806	15.39907479744691	0.771887306876704	0.784503631961259
7	0.41590410470962524	15.020726857277063	0.773401999394123	0.7772397094430993
8	0.41397881507873535	14.768520274987587	0.7773401999394123	0.7675544794188862
9	0.4113024711608887	14.703229000935188	0.7797637079672827	0.7990314769975787
10	0.40925112637606537	13.467094529706698	0.8079369887912754	0.7506053268765133
11	0.40778740247090656	13.322921940913567	0.8046046652529536	0.7869249394673123
12	0.406341002537654	13.030273716610212	0.814298697364435	0.7990314769975787
13	0.4054779325212751	12.210414256040867	0.8327779460769463	0.8062953995157385
14	0.40536866188049314	11.728365633636713	0.8352014541048167	0.7651331719128329
15	0.40516263246536255	11.451456077969992	0.8352014541048167	0.784503631961259
16	0.4059942049138686	10.389685788979897	0.8633747349288095	0.7941888619854721
17	0.4059344662560357	10.24990973335046	0.868524689488034	0.8062953995157385
18	0.4059633455778423	9.377342703250738	0.8773099060890639	0.8184019370460048
19	0.40596369504928587	8.758233056618618	0.8857921841866101	0.7772397094430993
20	0.4056813716888428	8.33874903848538	0.8942744622841563	0.8159806295399515
21	0.405811916698109	7.385401224860778	0.9109360799757649	0.8038740920096852
22	0.4059274300285008	6.4263987598510885	0.9145713420175704	0.7917675544794189
23	0.40577571590741474	6.509367933640113	0.9227506816116329	0.8087167070217918
24	0.40587270736694336	5.422961845993996	0.9342623447440169	0.8208232445520581
25	0.40588396329146165	4.305747022995582	0.9509239624356256	0.7990314769975787
26	0.40594387937475135	4.741805252834008	0.9463798848833687	0.8111380145278451
27	0.4057260496275766	3.724897076877264	0.9615268100575584	0.8184019370460048
28	0.40548684679228686	3.1638440389472704	0.9672826416237503	0.7917675544794189
29	0.4053797642389933	3.102694812527401	0.9639503180854286	0.8208232445520581
30	0.40529088820180587	2.5747094438053093	0.9721296576794911	0.801452784503632
31	0.4052252471446991	2.391518145799637	0.9769766737352318	0.8087167070217918
32	0.4052651072993423	2.006383769070873	0.9775825507421994	0.8184019370460048
33	0.40526819930357094	1.6729273337494726	0.9857618903362617	0.8135593220338984
34	0.4052864279065813	1.3022339685390203	0.9878824598606483	0.8232445520581114
35	0.40522846910688615	1.1191744211738786	0.9909118448954862	0.8305084745762712
36	0.4052613168149381	1.0387463458240604	0.9918206604059376	0.8256658595641646
37	0.4052033675344367	1.137794838528722	0.9903059678885187	0.8135593220338984
38	0.4052745440067389	0.9986512514117819	0.9927294759163889	0.8280871670702179
39	0.40522963404655454	0.7689577180426568	0.9942441684338079	0.8280871670702179
40	0.4052016328020794	0.7634118039949009	0.9936382914268403	0.8184019370460048
41	0.4052771556945074	0.960171202791501	0.9930324144198728	0.8135593220338984
42	0.40524690650230233	0.7878028313548734	0.9951529839442593	0.8184019370460048
43	0.40517009930177167	0.5292146953467566	0.9963647379581945	0.8184019370460048
44	0.4055500931209988	0.5105872651956116	0.9963647379581945	0.8305084745762712
45	0.4054054591966712	0.38164620718005327	0.9978794304756134	0.8184019370460048
46	0.4051456096324515	0.5235766659920605	0.9963647379581945	0.8256658595641646
47	0.4049091190099716	0.6084836099829632	0.9960617994547107	0.7990314769975787
48	0.4047329279841209	0.4685150104521129	0.9966676764616783	0.8305084745762712
49	0.40458585262298585	0.38585462783577473	0.996970614965162	0.8184019370460048
50	0.40439332232755776	0.3563844749184612	0.996970614965162	0.8256658595641646
51	0.4041709120456989	0.29688661940655525	0.996970614965162	0.8280871670702179
52	0.40401838410575436	0.2810666579220057	0.9975764919721296	0.8159806295399515
53	0.40386694890481456	0.32170489269237107	0.996970614965162	0.8329297820823245
54	0.4037254420193759	0.2874562760564284	0.9972735534686459	0.8232445520581114
55	0.40357592701911926	0.288016539975965	0.996970614965162	0.8208232445520581
56	0.40322189163743405	0.3514646382995684	0.996970614965162	0.8208232445520581
57	0.40296888762506944	0.2290532152938585	0.9981823689790973	0.8208232445520581
58	0.4027054229025113	0.24960552837896663	0.9972735534686459	0.8256658595641646
59	0.40245234966278076	0.34302275612879807	0.9966676764616783	0.8135593220338984
60	0.40227295922451334	0.4301580508158972	0.9963647379581945	0.8232445520581114
61	0.4020270186085855	0.3124956906316444	0.996970614965162	0.8111380145278451
62	0.4017416106330024	0.3660076603499384	0.9960617994547107	0.8208232445520581
63	0.4015553705394268	0.3094910683934219	0.9972735534686459	0.8159806295399515
64	0.4015047366802509	0.3743101049554892	0.9963647379581945	0.8208232445520581
65	0.40149112181230023	0.3380879674805328	0.9975764919721296	0.8280871670702179
66	0.4013582129976643	0.2891269047171451	0.9975764919721296	0.8159806295399515
67	0.4012716868344475	0.34681329541266537	0.996970614965162	0.8184019370460048
68	0.40122251925261126	0.31593631389729965	0.9966676764616783	0.8208232445520581
69	0.40107475008283344	0.3122425138560105	0.996970614965162	0.8208232445520581
70	0.40099057681123973	0.26798917871649164	0.996970614965162	0.8305084745762712
71	0.4009166293674045	0.2660152593385786	0.9978794304756134	0.8305084745762712
72	0.4008508087837533	0.2619397164895557	0.9972735534686459	0.8184019370460048
73	0.40070792468818456	0.33084635258329886	0.9966676764616783	0.8062953995157385
-1	-1	-1	-1	-1
0	0.46825242042541504	19.546972962526176	0.6691911541956983	0.7191283292978208
1	0.4259093999862671	18.519463105843617	0.704634959103302	0.7578692493946732
2	0.41169508298238117	17.908392667770386	0.711905483186913	0.7699757869249395
3	0.40681731700897217	17.43262289579098	0.7291729778854893	0.7723970944309927
4	0.40279722213745117	16.300239906861233	0.7524992426537412	0.7990314769975787
5	0.4003152052561442	15.727445596685776	0.7682520448348985	0.7796610169491526
6	0.39946355138506207	15.924276489477892	0.7621932747652227	0.7723970944309927
7	0.39859911799430847	14.992594996323952	0.7827930930021205	0.8038740920096852
8	0.3969964186350505	14.90830541574038	0.7788548924568313	0.7699757869249395
9	0.39576015472412107	14.642938469464962	0.7897606785822479	0.8087167070217918
10	0.3949251825159246	14.021956755564762	0.7985458951832778	0.801452784503632
11	0.3948238492012024	13.988472019250576	0.8009694032111482	0.8353510895883777
12	0.39490923514732945	12.738955117188967	0.8267191760072705	0.8111380145278451
13	0.3950540338243757	12.80953708004493	0.823083913965465	0.8401937046004843
14	0.3949158191680908	11.952845743069282	0.8430778551953954	0.8426150121065376
15	0.3942026197910309	11.60589971450659	0.8400484701605574	0.8208232445520581
16	0.3944099510417265	10.782007400806133	0.856710087852166	0.8232445520581114
17	0.3945111566119724	10.421750442339825	0.8579218418661012	0.8038740920096852
18	0.39478946986951324	10.121242155535864	0.863980611935777	0.8353510895883777
19	0.39497411251068115	8.782714719955738	0.8882156922144805	0.8329297820823245
20	0.39501114118666875	8.494859645143151	0.8966979703120267	0.8256658595641646
21	0.3950332294810902	7.517454308959154	0.9009391093607998	0.8401937046004843
22	0.39485706453738006	6.784970609041361	0.9139654650106028	0.8305084745762712
23	0.3949497540791829	6.3397755943811855	0.9197212965767949	0.8401937046004843
24	0.39497528076171873	6.158160891670447	0.922447743108149	0.8498789346246973
25	0.3951316980215219	5.075919868926016	0.936988791275371	0.8426150121065376
26	0.395149239787349	4.059578725638298	0.9545592244774311	0.8401937046004843
27	0.3950656993048532	3.777774289536935	0.957588609512269	0.847457627118644
28	0.3950746552697543	3.78615787704117	0.9603150560436231	0.837772397094431
29	0.39494145711263023	3.0840180289859953	0.9666767646167828	0.8305084745762712
30	0.3948606829489431	3.080059336355099	0.9700090881551046	0.8256658595641646
31	0.39466819167137146	2.237083530196777	0.9794001817631021	0.8571428571428571
32	0.3946179115411007	1.7820483916080916	0.985458951832778	0.837772397094431
33	0.39480301211862	1.9361776633819459	0.9806119357770373	0.8401937046004843
34	0.39479973656790596	1.231564746974842	0.9897000908815511	0.8450363196125908
35	0.39462639888127643	1.0413212976418436	0.9918206604059376	0.837772397094431
36	0.39457636910515864	1.855028378777206	0.9790972432596183	0.8329297820823245
37	0.39461108885313334	1.3583017569214393	0.9893971523780672	0.8450363196125908
38	0.3946370956225273	0.9735358407577643	0.9939412299303242	0.8498789346246973
39	0.3946553111076355	0.7487941597265979	0.9945471069372918	0.847457627118644
40	0.3944597767620552	0.6700620291074022	0.9960617994547107	0.864406779661017
41	0.39430946963174	0.6577289556153119	0.9954559224477431	0.8426150121065376
42	0.394204716349757	1.033378982359024	0.9945471069372918	0.8571428571428571
43	0.3942100568251176	0.5454756725678005	0.9960617994547107	0.8547215496368039
44	0.3942430284288194	0.4855308622533742	0.996970614965162	0.8401937046004843
45	0.3943088832108871	0.38027427272698755	0.996970614965162	0.8595641646489104
46	0.3943407586280336	0.39139827967693025	0.9972735534686459	0.8595641646489104
47	0.3942526578903198	0.3606584549177289	0.9972735534686459	0.8619854721549637
48	0.3938833791382459	0.30168888565654367	0.9978794304756134	0.8571428571428571
49	0.39355686664581296	0.4294628866482526	0.9963647379581945	0.8595641646489104
50	0.3935539021211512	0.3759650584229698	0.9966676764616783	0.8595641646489104
51	0.3935911151079031	0.3565439704465322	0.9975764919721296	0.8547215496368039
52	0.3936251694301389	0.27523966772087777	0.9975764919721296	0.864406779661017
53	0.39363407647168197	0.25961588945084746	0.9975764919721296	0.8498789346246973
54	0.39370249834927645	0.2732136465302364	0.9972735534686459	0.8668280871670703
55	0.3937506377696991	0.27225686210714717	0.9975764919721296	0.8595641646489104
56	0.3936891388474849	0.3315189437763505	0.9972735534686459	0.8692493946731235
57	0.39364916291730156	0.2323601475576512	0.9981823689790973	0.8595641646489104
58	0.39358373011572884	0.23682910826731202	0.9978794304756134	0.8547215496368039
59	0.39345118204752605	0.322651695231728	0.9972735534686459	0.8595641646489104
60	0.3933793873083396	0.2636123308419393	0.9972735534686459	0.8571428571428571
61	0.3934438228607178	0.29534715476060786	0.9972735534686459	0.8619854721549637
62	0.3934749345930796	0.3442061566708547	0.9972735534686459	0.8619854721549637
63	0.3935621753334999	0.3066415716893971	0.9975764919721296	0.864406779661017
64	0.3936097475198599	0.37512863949142716	0.9963647379581945	0.8595641646489104
65	0.3936165137724443	0.35192225795561594	0.996970614965162	0.847457627118644
66	0.39363872115291765	0.45673061061937076	0.9972735534686459	0.8595641646489104
67	0.39362166909610524	0.32375610905448693	0.9972735534686459	0.8619854721549637
68	0.39365099478459015	0.21475039532770795	0.9978794304756134	0.864406779661017
69	0.3936753852026803	0.3117366303188716	0.996970614965162	0.864406779661017
70	0.39376149714832576	0.30233487374831525	0.9978794304756134	0.8547215496368039
71	0.3937942021422916	0.2744862421756037	0.9975764919721296	0.8668280871670703
72	0.3937427866948794	0.2527752184743384	0.9975764919721296	0.8619854721549637
73	0.3937364558915834	0.29583867485864457	0.9975764919721296	0.8595641646489104
74	0.39380879084269205	0.2248280862068686	0.9975764919721296	0.8595641646489104
75	0.39386092989068283	0.285749763626462	0.9972735534686459	0.864406779661017
76	0.39384551172132615	0.2378305990395557	0.9978794304756134	0.8619854721549637
-1	-1	-1	-1	-1
0	0.5346417427062988	19.92288382466023	0.6440472584065434	0.6828087167070218
1	0.46477389335632324	17.968027626092617	0.7161466222356861	0.6997578692493946
2	0.44020875295003253	17.304261468924008	0.7306876704029082	0.7215496368038741
3	0.42644399404525757	16.716349759927162	0.748561042108452	0.7481840193704601
4	0.4185797214508057	16.01776164999375	0.7479551651014844	0.7481840193704601
5	0.4134614070256551	15.71348235469598	0.7637079672826417	0.7723970944309927
6	0.4101473603929792	15.058094420112097	0.7773401999394123	0.7723970944309927
7	0.4083196222782135	14.979355536974394	0.782187215995153	0.7433414043583535
8	0.4064766830868191	14.774791929584284	0.7827930930021205	0.7772397094430993
9	0.4051726579666138	14.502042541137108	0.7967282641623751	0.7917675544794189
10	0.40443871238014917	14.031768617721704	0.7997576491972129	0.7651331719128329
11	0.40389229853947956	13.59156294969412	0.8076340502877916	0.7699757869249395
12	0.40279791905329776	12.885469796565863	0.8170251438957892	0.8159806295399515
13	0.4020282370703561	12.772449241234707	0.8236897909724326	0.801452784503632
14	0.40150543848673503	12.213747377579029	0.831869130566495	0.8305084745762712
15	0.4008401036262512	11.66427908035425	0.839139654650106	0.8062953995157385
16	0.40041839375215416	10.86092228614367	0.8554983338382308	0.8038740920096852
17	0.40020497639973956	10.290839191812735	0.8627688579218419	0.8329297820823245
18	0.3999421471043637	10.001900686667515	0.8667070584671311	0.8135593220338984
19	0.39986917972564695	9.328413190893256	0.874280521054226	0.7941888619854721
20	0.3999330543336414	8.930456065214598	0.8824598606482884	0.8135593220338984
21	0.3999754082072865	7.86210249708249	0.9003332323538322	0.8353510895883777
22	0.40002783485080884	7.050069007735986	0.9082096334444107	0.8280871670702179
23	0.39998281995455426	6.645350458530279	0.9188124810663435	0.8498789346246973
24	0.3998675537109375	6.153981959017424	0.9236594971220842	0.8184019370460048
25	0.39966151347527135	5.854122739285231	0.9303241441987277	0.7941888619854721
26	0.39921174225983797	5.437402126307671	0.9354740987579522	0.8305084745762712
27	0.3990477408681597	4.133079899045137	0.9509239624356256	0.8256658595641646
28	0.39896359114811336	4.018386667164473	0.9536504089669797	0.8159806295399515
29	0.3988824288050334	3.520229570567608	0.96485913359588	0.7966101694915254
30	0.39878671400008664	3.348152221359599	0.9669797031202666	0.7941888619854721
31	0.3987680524587631	2.6433347907777014	0.9687973341411693	0.8062953995157385
32	0.3986216169415098	2.6578473208042293	0.9727355346864587	0.8232445520581114
33	0.3983129333047306	2.1252121849594494	0.9818236897909725	0.7990314769975787
34	0.39816376141139437	1.9661316107958555	0.9821266282944562	0.7941888619854721
35	0.3980032205581665	1.4899806388689636	0.9869736443501969	0.7966101694915254
36	0.39775261363467657	1.0533548165829136	0.99121478339897	0.7990314769975787
37	0.3975459650943154	1.222371813088942	0.9890942138745834	0.8135593220338984
38	0.3974325167827117	0.8989116021458847	0.99121478339897	0.7893462469733656
39	0.3969271183013916	1.0232341118568842	0.9930324144198728	0.801452784503632
40	0.3969108011664414	0.9127943140024749	0.9939412299303242	0.7990314769975787
41	0.39661013512384324	0.7283846706940005	0.9954559224477431	0.8062953995157385
42	0.39616124020066373	0.8190465700149966	0.9951529839442593	0.8038740920096852
43	0.39583083716305817	0.7848204839974642	0.9924265374129052	0.8087167070217918
-1	-1	-1	-1	-1
0	0.4742288589477539	19.472714978914993	0.6619206301120872	0.7191283292978208
1	0.435713529586792	18.078769761782425	0.7116025446834293	0.6949152542372882
2	0.42147310574849445	17.320294857025146	0.722205392305362	0.7142857142857143
3	0.4140058159828186	16.66471304801794	0.7428052105422599	0.7142857142857143
4	0.41105165481567385	15.942035883665085	0.7591638897303847	0.7457627118644068
5	0.40838146209716797	15.442859422702055	0.7727961223871554	0.7530266343825666
6	0.40608722823006765	15.200727792886587	0.7758255074219933	0.7191283292978208
7	0.4044877588748932	14.557578089145514	0.7870342320508936	0.7263922518159807
8	0.4031805992126465	14.473796709225727	0.7912753710996667	0.7893462469733656
9	0.402245020866394	13.951402609164898	0.8012723417146319	0.7941888619854721
10	0.401251727884466	13.696744788151522	0.8036958497425023	0.7723970944309927
11	0.40026742219924927	13.234685457669771	0.8194486519236595	0.7675544794188862
12	0.3994212517371544	12.99028106377675	0.824598606482884	0.8087167070217918
13	0.3986813170569284	11.748081100674776	0.8382308391396547	0.7699757869249395
14	0.39818112055460614	11.20552604015057	0.8539836413208118	0.7990314769975787
15	0.3979361802339554	10.633313942414064	0.8676158739775826	0.8256658595641646
16	0.39760534903582406	10.695404456211971	0.8600424113904878	0.7893462469733656
17	0.397759477297465	9.371885306560076	0.8863980611935777	0.8038740920096852
18	0.39777768285650955	9.404987642971369	0.8809451681308694	0.7796610169491526
19	0.39745906591415403	8.633216542693285	0.8860951226900939	0.7966101694915254
20	0.39716717175074984	8.74857014303024	0.8912450772493183	0.7966101694915254
21	0.3969098221171986	7.609002799941943	0.8966979703120267	0.8208232445520581
22	0.3968079297438912	6.972273639761484	0.9179036655558922	0.8159806295399515
23	0.39665629466374713	5.933597683333433	0.926991820660406	0.8111380145278451
24	0.3964099597930908	6.099405047985224	0.925477128142987	0.8087167070217918
25	0.396156356884883	5.017282488540961	0.9433504998485307	0.8062953995157385
26	0.3959548385054977	4.037529662108192	0.9554680399878824	0.8329297820823245
27	0.39577691895621164	3.4475988211253514	0.9645561950923962	0.8184019370460048
28	0.3956866346556565	2.9398930434567423	0.9675855801272342	0.8087167070217918
29	0.3956031243006388	3.384225083085207	0.9624356255680097	0.8184019370460048
30	0.395422020266133	2.841301880490321	0.9694032111481369	0.8305084745762712
31	0.3953121230006218	2.640980467773401	0.9748561042108452	0.8111380145278451
32	0.39517233588478784	2.2241650389220853	0.9772796122387155	0.8038740920096852
33	0.3949795540641336	1.5992911655025988	0.9851560133292941	0.8038740920096852
34	0.3948764187949044	1.7767539473178868	0.9833383823083914	0.8232445520581114
35	0.39482371674643624	1.0648222179689373	0.9933353529233565	0.8280871670702179
36	0.3947515616545806	1.1478698774814033	0.9933353529233565	0.8280871670702179
37	0.39460056079061406	0.789053636853798	0.9954559224477431	0.8329297820823245
38	0.39479896349784654	0.7410230532718393	0.9960617994547107	0.8305084745762712
39	0.39488388895988463	0.6089758367026941	0.9966676764616783	0.8232445520581114
40	0.3949141327927752	0.8112128908889225	0.9963647379581945	0.8111380145278451
41	0.3948195888882592	0.43180736383566487	0.9978794304756134	0.8232445520581114
42	0.3947791332422301	0.5521141491436328	0.996970614965162	0.8159806295399515
43	0.3946786577051336	0.33519298411332643	0.9987882459860649	0.8111380145278451
44	0.3945733759138319	0.28118890253468776	0.998485307482581	0.8329297820823245
45	0.39451408904531726	0.41935759062471334	0.9978794304756134	0.8087167070217918
46	0.39450607908532975	0.4306513658330704	0.9981823689790973	0.8208232445520581
-1	-1	-1	-1	-1
0	0.5115752220153809	19.664286237496597	0.6695941853422168	0.6876513317191283
1	0.45255303382873535	18.19020727964548	0.7050272562083586	0.7046004842615012
2	0.43297282854715985	17.127922085615303	0.7295578437310721	0.6828087167070218
3	0.4242376685142517	16.59543278125616	0.7425802543912781	0.7167070217917676
4	0.4184365749359131	15.895324301261168	0.7522713506965475	0.7481840193704601
5	0.4145541588465373	15.792389865104969	0.7665051483949121	0.7263922518159807
6	0.4095947061266218	15.121426825339977	0.776801938219261	0.738498789346247
7	0.4073680639266968	15.064522770734934	0.7810417928528165	0.7336561743341404
8	0.40612684355841744	14.525471967000227	0.7989097516656571	0.7336561743341404
9	0.40346479415893555	13.693060315572298	0.8098122350090854	0.7481840193704601
10	0.40108836780894885	13.552556484937668	0.803755299818292	0.7312348668280871
11	0.4002091884613037	12.778490024117323	0.8207147183525136	0.7675544794188862
12	0.39957204231849086	12.274399661100828	0.8258631132646881	0.7530266343825666
13	0.39878383704594206	12.767578684366667	0.8170805572380375	0.7602905569007264
14	0.397685972849528	12.308286227858984	0.8376741368867353	0.7481840193704601
15	0.3973704129457474	11.032004673893635	0.8482737734706238	0.7820823244552058
16	0.39691881572498994	10.169019274700146	0.8622047244094488	0.7506053268765133
17	0.3965311050415039	9.995583545989716	0.8679588128407026	0.7723970944309927
18	0.396077319195396	9.209598594846634	0.8812840702604482	0.7554479418886199
19	0.39592530727386477	8.53828213421198	0.8955178679588128	0.7723970944309927
20	0.39585555167425246	7.541503380124386	0.9079345850999394	0.7433414043583535
21	0.39573496038263495	7.08583801984787	0.9097516656571775	0.7966101694915254
22	0.39557529532391095	6.704561338974879	0.9209569957601453	0.7651331719128329
23	0.3954009811083476	6.55837726048552	0.9212598425196851	0.7578692493946732
24	0.3952165985107422	5.2241067095444755	0.9385221078134464	0.7554479418886199
25	0.39511609077453613	5.041371567318072	0.9382192610539067	0.7869249394673123
26	0.39516883426242405	4.167935810410059	0.9521502119927316	0.7481840193704601
27	0.3951458079474313	3.8023343006005654	0.9557843731072078	0.7772397094430993
28	0.3950989493008318	3.238064624942266	0.9651726226529376	0.7554479418886199
29	0.3949437061945597	3.519287133159546	0.9597213809812235	0.7675544794188862
30	0.39443952806534305	3.025035505971083	0.970321017565112	0.7627118644067796
31	0.3940853774547577	1.9373587768238325	0.9809206541490006	0.7651331719128329
32	0.39358498833396216	1.75793513827599	0.985160508782556	0.7699757869249395
33	0.39317546872531667	1.827356224736342	0.983343428225318	0.7651331719128329
34	0.3926740918840681	1.2937857700655093	0.9875832828588734	0.7675544794188862
35	0.39219339688618976	1.5046203431601708	0.9869775893397941	0.7554479418886199
36	0.39189077068019557	1.208471420722512	0.9906117504542702	0.7796610169491526
37	0.39179178915525736	0.8437651400767768	0.9948516050878256	0.7723970944309927
38	0.39159670854226136	0.9633721202397003	0.9951544518473653	0.7796610169491526
39	0.39159409403800965	0.8741145987027826	0.9936402180496668	0.7772397094430993
40	0.3917571509756693	1.232473791144842	0.9903089036947305	0.7602905569007264
41	0.3916497798193069	0.7554681562603667	0.9948516050878256	0.774818401937046
-1	-1	-1	-1	-1
0	0.4617753028869629	19.53090435724992	0.6754465637299425	0.7451456310679612
1	0.42343175411224365	18.416496992111206	0.7029972752043597	0.6674757281553398
2	0.4139292240142822	17.586558474944187	0.7266121707538601	0.7669902912621359
3	0.4074978232383728	16.76206665084912	0.7468967605207387	0.7572815533980582
4	0.4024486064910889	16.315170526504517	0.7478050257341811	0.7669902912621359
5	0.4003397623697917	15.874449920195799	0.7614290039358159	0.7669902912621359
6	0.39969628197806223	15.642396317078518	0.7717226763548289	0.7524271844660194
7	0.39937344193458557	14.73871989433582	0.7871631849833485	0.7597087378640777
8	0.39887624316745335	14.523573568234077	0.7835301241295791	0.7912621359223301
9	0.3984368801116943	13.977588784236174	0.7932182864062973	0.7597087378640777
10	0.3966951153495095	14.08002964579142	0.7935210414774447	0.8033980582524272
11	0.3950528899828593	13.264724949231514	0.8132001211020284	0.7864077669902912
12	0.39405085490300107	13.176939936784597	0.8192552225249773	0.7815533980582524
13	0.39395170552389963	12.587363891876661	0.820466242809567	0.8131067961165048
14	0.3939574400583903	12.09701608809141	0.8419618528610354	0.808252427184466
15	0.39396652579307556	11.60160264143577	0.8410535876475931	0.8033980582524272
16	0.39427893302019906	10.517221462268095	0.8625491976990615	0.7961165048543689
17	0.39432873990800643	10.275425990040485	0.8652739933393885	0.7961165048543689
18	0.39437748256482574	9.416070038309464	0.8792007266121707	0.7961165048543689
19	0.39430034160614014	9.129698645610075	0.8897971541023312	0.8131067961165048
20	0.39434975669497535	8.057036686975222	0.8997880714501968	0.7985436893203883
21	0.39446810158816253	7.764838185447913	0.9058431728731456	0.8228155339805825
22	0.39448449922644574	6.944945774829159	0.9182561307901907	0.8228155339805825
23	0.39468516906102497	6.337727519182058	0.9231002119285499	0.8009708737864077
24	0.3973414516448975	5.922653641551733	0.9231002119285499	0.7936893203883495
25	0.39662382235893834	5.340708703948901	0.9358159249167424	0.808252427184466
26	0.396012094285753	4.073660461661907	0.9551922494701787	0.7888349514563107
27	0.3957828623907907	4.4570796976868925	0.9524674538298517	0.7985436893203883
28	0.3953799214856378	3.6920001654384227	0.9579170451105056	0.808252427184466
29	0.3949563105901082	3.14292331928244	0.9691189827429609	0.7839805825242718
30	0.3944034884052892	2.9692022915786276	0.9715410233121404	0.8252427184466019
31	0.3938947096467018	3.0047446088149	0.9706327580986982	0.8058252427184466
32	0.3937205545830004	2.0590368036109092	0.978807145019679	0.7985436893203883
33	0.39350273328668933	2.0673031878585997	0.9769906145927945	0.8252427184466019
34	0.3933333124433245	1.6234946260945156	0.9863760217983651	0.8106796116504854
35	0.39320941766103107	1.4308257181054125	0.9872842870118075	0.8276699029126213
36	0.3932447240159318	1.751126728244484	0.9827429609445958	0.8131067961165048
37	0.39318005662215383	1.959228788001033	0.9806236754465637	0.8155339805825242
38	0.3931379195971367	1.3204616167797492	0.989100817438692	0.8228155339805825
39	0.393093067407608	0.8313298284685096	0.9930366333636088	0.8131067961165048
40	0.3931064024204161	0.8657855034017792	0.9939448985770512	0.8228155339805825
41	0.3929735138302758	0.6499392646723069	0.9951559188616409	0.8349514563106796
42	0.39292294480079826	0.7495700791836358	0.9948531637904935	0.8300970873786407
43	0.39291918819600885	0.5317320827430544	0.9966696942173782	0.8203883495145631
44	0.3927939203050401	0.6047789394551029	0.9951559188616409	0.8349514563106796
45	0.3928063434103261	0.6682273677836817	0.9948531637904935	0.8155339805825242
46	0.3928487605236946	0.630260549342403	0.9951559188616409	0.8203883495145631
47	0.3928677091995875	0.5697342726903466	0.9966696942173782	0.8325242718446602
48	0.39285173221510283	0.7090247459172343	0.9927338782924614	0.8228155339805825
49	0.3927720260620117	0.5544125520928691	0.9942476536481986	0.8228155339805825
50	0.39271239673390107	0.6358092234631141	0.9945504087193461	0.8252427184466019
51	0.3926509664608882	0.3950195407960564	0.9966696942173782	0.8228155339805825
52	0.39260742349444694	0.45090219921145874	0.9960641840750832	0.8252427184466019
53	0.39258635927129676	0.45340743276308504	0.9957614290039358	0.8276699029126213
54	0.3925292058424516	0.34685900261124164	0.9963669391462306	0.8300970873786407
55	0.39241874643734526	0.5681460567284375	0.9948531637904935	0.8252427184466019
56	0.3923652339399907	0.47679639124096584	0.9951559188616409	0.8252427184466019
57	0.39229840245740166	0.4249507650786724	0.9966696942173782	0.8252427184466019
58	0.39222617472632454	0.40294952207477763	0.9966696942173782	0.8276699029126213
59	0.39232821464538575	0.42399202190482843	0.9951559188616409	0.8325242718446602
60	0.39243533181362467	0.4412713633411421	0.9954586739327884	0.8131067961165048
61	0.3924194151355374	0.5002937672588115	0.9954586739327884	0.8106796116504854
-1	-1	-1	-1	-1
0	0.46988773345947266	20.821744208152477	0.6327580986981532	0.720873786407767
1	0.4306079149246216	18.31617332651065	0.7063275809869816	0.6868932038834952
2	0.41721494992574054	17.440325643007572	0.7296397214653345	0.7718446601941747
3	0.411699116230011	16.879161247840294	0.7387223735997578	0.7330097087378641
4	0.40820927619934083	16.08237985464243	0.7602179836512262	0.7597087378640777
5	0.40629978974660236	15.505921056637398	0.774447471995156	0.7451456310679612
6	0.4040951728820801	15.338159673489058	0.7771722676354829	0.7718446601941747
7	0.40195685625076294	14.511013824206133	0.7898879806236755	0.7645631067961165
8	0.400375763575236	14.348662183834957	0.7968513472600666	0.7402912621359223
9	0.39895269870758054	14.463505341456486	0.7977596124735089	0.7694174757281553
10	0.3981700593774969	13.482586963818623	0.8189524674538299	0.7669902912621359
11	0.39785635471343994	12.696942117351751	0.8256130790190735	0.808252427184466
12	0.3977110752692589	12.382665073642364	0.8295488949439903	0.7572815533980582
13	0.3972184147153582	12.023404671595646	0.8340902210112019	0.7451456310679612
14	0.3965617179870605	11.795251763783968	0.8398425673630033	0.7524271844660194
15	0.39615003764629364	10.75131507561757	0.8598244020587344	0.8179611650485437
16	0.39583706855773926	9.875841110944748	0.8716318498334847	0.7864077669902912
17	0.3955899212095473	9.507868835559258	0.8767786860429913	0.7961165048543689
18	0.39562943107203435	9.383796205887428	0.8776869512564336	0.7864077669902912
19	0.39564300775527955	7.706332488701894	0.9037238873751136	0.8325242718446602
20	0.39577137856256395	7.272867592481466	0.9094762337269149	0.8228155339805825
21	0.39523240652951325	6.807907740657146	0.9212836815016652	0.7694174757281553
22	0.394971692043802	6.408512905240059	0.9315773539206782	0.7815533980582524
23	0.3947708010673523	5.589110110241633	0.9285498032092038	0.8106796116504854
24	0.3945177936553955	5.2811889396264	0.937632455343627	0.7936893203883495
25	0.3942103936122014	5.574236271902919	0.9385407205570694	0.8398058252427184
26	0.39392662048339844	4.534202927007125	0.9461095973357554	0.7985436893203883
27	0.393751323223114	3.5263685827644973	0.9606418407508326	0.8009708737864077
28	0.3936441026884934	3.2218216106725426	0.9685134726006661	0.8155339805825242
29	0.3934843301773071	2.68717000210801	0.9727520435967303	0.8155339805825242
30	0.3932711616639168	2.449848868096104	0.9769906145927945	0.8009708737864077
31	0.3930671215057373	2.140321815243134	0.9833484710868907	0.8033980582524272
32	0.3927746324828177	2.0009621871420396	0.9812291855888586	0.8179611650485437
33	0.3926032991970287	1.5149151948638833	0.9872842870118075	0.8228155339805825
34	0.39242303712027415	1.6113159908339953	0.98698153194066	0.8058252427184466
35	0.39246442582872176	1.2608516638238842	0.9915228580078717	0.779126213592233
36	0.3925047436275998	1.4284991515227234	0.989100817438692	0.8179611650485437
37	0.39248740673065186	1.2309432102170272	0.9903118377232819	0.8155339805825242
38	0.3924774634532439	1.0274606372874517	0.9921283681501665	0.8106796116504854
39	0.39258453249931335	0.8968210636566465	0.9939448985770512	0.8131067961165048
40	0.3926708698272705	0.7904955724504992	0.9951559188616409	0.8179611650485437
41	0.39281220663161504	0.6055992615695757	0.9957614290039358	0.8131067961165048
42	0.3929022245628889	0.5371577714999708	0.9963669391462306	0.8155339805825242
43	0.3931919444691051	0.637368746746618	0.9954586739327884	0.8155339805825242
44	0.39310625394185383	0.6868350442695933	0.9954586739327884	0.8033980582524272
45	0.39305483258288837	0.5223838955951998	0.9966696942173782	0.8009708737864077
-1	-1	-1	-1	-1
0	0.4773552417755127	20.350345212679642	0.6350696547546941	0.7233009708737864
1	0.43629229068756104	18.458361216462574	0.7186553603876439	0.7184466019417476
2	0.4227782090504964	17.219664621811646	0.7337976983646275	0.7184466019417476
3	0.42896413803100586	16.54812644995176	0.7513628104179285	0.7330097087378641
4	0.4225172996520996	16.038278217499073	0.7631738340399757	0.7475728155339806
5	0.4178376992543538	15.805888776595776	0.7634766807995155	0.7402912621359223
6	0.4139281341007778	15.253855684628853	0.7746820109024833	0.7548543689320388
7	0.41222235560417175	15.07634075329854	0.7801332525741974	0.7402912621359223
8	0.41127967834472656	14.786799815984873	0.7855844942459116	0.7694174757281553
9	0.4100621223449707	14.121990077770674	0.7995154451847365	0.7257281553398058
10	0.4093896909193559	13.683891906188084	0.8158691701998788	0.779126213592233
11	0.40889594952265423	13.544476481584402	0.8122350090854028	0.7548543689320388
12	0.40833524557260364	12.976573336582918	0.8179890975166566	0.6650485436893204
13	0.4076043537684849	12.367294770593826	0.8331314354936402	0.7888349514563107
14	0.4066059907277425	11.353694139764858	0.8470623864324651	0.7888349514563107
15	0.4058742821216583	11.340799230795641	0.8494851605087825	0.7961165048543689
16	0.40515652824850645	10.141546946305494	0.8628104179285282	0.7548543689320388
17	0.4046637349658542	9.675897951309498	0.8755299818291944	0.7961165048543689
18	0.40414845316033615	9.747857872110147	0.871290127195639	0.7839805825242718
19	0.4035515904426575	9.012461621027727	0.8837068443367656	0.7669902912621359
20	0.40281221980140325	7.732708151523884	0.9049061175045428	0.7839805825242718
21	0.40211551839655096	7.868497110330141	0.9009691096305269	0.7912621359223301
22	0.4015952711519988	6.845790767325805	0.9149000605693519	0.7888349514563107
23	0.40108397603034973	6.552055191535216	0.9239854633555421	0.7669902912621359
24	0.4007294750213623	5.933412987452287	0.9279224712295578	0.8106796116504854
25	0.40027379989624023	5.099262262766178	0.9394306480920654	0.8058252427184466
26	0.39972032441033256	4.464956506513632	0.9473046638400969	0.8058252427184466
27	0.3992262993540083	3.8379920142201276	0.9572986069049061	0.8009708737864077
28	0.39888311254567116	3.4383086195358863	0.9624470018170805	0.7815533980582524
29	0.3985642274220785	3.4227498838534722	0.964869775893398	0.7912621359223301
30	0.39836258272970876	3.4586806285839815	0.9618413082980012	0.7936893203883495
31	0.3980890139937401	3.1201977079304366	0.9669897032101756	0.7888349514563107
32	0.39773518388921564	2.1427751950418146	0.9763779527559056	0.7985436893203883
33	0.39763343334198	2.038043705182365	0.9803149606299213	0.7985436893203883
34	0.3975994178227016	1.8766571325966372	0.9818291944276196	0.808252427184466
35	0.39746294418970746	1.5600345126496484	0.9875832828588734	0.7936893203883495
36	0.3973932523985167	1.4842491771739263	0.9872804360993337	0.7961165048543689
37	0.39725062721653986	1.1185579536283443	0.9918231374924288	0.7961165048543689
38	0.3970488523825621	1.1047622881059607	0.9921259842519685	0.8033980582524272
39	0.39675418734550477	0.9568623903279121	0.9948516050878256	0.7864077669902912
40	0.39668147738386944	0.9500828119209752	0.9927316777710479	0.7864077669902912
41	0.3965444167455037	0.9156296393619134	0.9936402180496668	0.7985436893203883
42	0.3964214602182078	0.6927833218091669	0.9954572986069049	0.7985436893203883
43	0.3963257074356079	0.6706948406779423	0.9960629921259843	0.8033980582524272
44	0.39625741640726725	0.732537779204834	0.9957601453664445	0.7985436893203883
-1	-1	-1	-1	-1
0	0.4735124111175537	20.824477920165428	0.6295062102393214	0.6319612590799032
1	0.4313666820526123	18.74626592030892	0.6843380793698879	0.7215496368038741
2	0.4180909792582194	17.50961202956163	0.7240230233262648	0.6949152542372882
3	0.4138524532318115	16.97025317985278	0.7379581944865192	0.7506053268765133
4	0.4100064754486084	16.625371747292004	0.7437140260527113	0.6949152542372882
5	0.40673847993214923	16.003631216975357	0.7600727052408361	0.7917675544794189
6	0.40376332827976774	15.550914970728067	0.774916691911542	0.7312348668280871
7	0.4023018181324005	15.201604251678173	0.7903665555892154	0.7578692493946732
8	0.40223301781548393	14.55688223013511	0.7885489245683126	0.7263922518159807
9	0.39982948303222654	14.682078852103306	0.7958194486519237	0.7215496368038741
10	0.3977386951446533	14.004947662353516	0.7967282641623751	0.7627118644067796
11	0.39873023827870685	13.83500388264656	0.8012723417146319	0.7530266343825666
12	0.39904277141277605	13.097588374064518	0.8139957588609512	0.7651331719128329
13	0.398507867540632	12.531954847849333	0.8291426840351409	0.7869249394673123
14	0.3981262842814128	11.964498650569181	0.8312632535595275	0.801452784503632
15	0.39793626964092255	11.681399329350544	0.8445925477128143	0.7941888619854721
16	0.3978143018834731	10.468134664572203	0.8673129354740987	0.7966101694915254
17	0.3976762162314521	10.375432323950987	0.8645864889427446	0.7990314769975787
18	0.3983057172674882	9.971474293905954	0.8673129354740987	0.8087167070217918
19	0.39861652851104734	9.210546534795027	0.8833686761587398	0.7869249394673123
20	0.3981436661311558	8.406532295621359	0.8951832777946077	0.7990314769975787
21	0.39776608076962555	7.6204899197014475	0.9048773099060891	0.7893462469733656
22	0.3974553813105044	7.476254413620784	0.9048773099060891	0.7820823244552058
23	0.39731929699579877	6.882364834730442	0.9139654650106028	0.774818401937046
24	0.3971078395843506	6.28897439975005	0.9263859436534384	0.7990314769975787
25	0.3969426430188693	5.190465147392108	0.9409269918206604	0.801452784503632
26	0.3969976195582637	5.221624619685686	0.9394122993032414	0.8184019370460048
27	0.3967666115079607	4.737096912872333	0.9448651923659497	0.801452784503632
28	0.396622764653173	3.556213851731557	0.9594062405331718	0.8062953995157385
29	0.39650986194610593	3.126080952011622	0.9636473795819449	0.8062953995157385
30	0.396416348795737	3.120082231381765	0.9654650106028476	0.8062953995157385
31	0.396382212638855	2.973212849921905	0.9727355346864587	0.8111380145278451
32	0.39637710108901514	2.0393786653876305	0.98242956679794	0.801452784503632
33	0.39642174804911895	1.8953807581610118	0.9821266282944562	0.8135593220338984
34	0.3964882441929409	1.3533207801340792	0.9890942138745834	0.7869249394673123
35	0.39635346995459664	1.474432757983987	0.9872765828536807	0.8087167070217918
36	0.3962201556643924	1.2381841487681062	0.9893971523780672	0.7966101694915254
37	0.3961858310197529	1.7777661767859871	0.9863677673432293	0.801452784503632
38	0.39610428076524	1.6720916390992129	0.983944259315359	0.8232445520581114
39	0.39593682885169984	0.9893224742979958	0.9930324144198728	0.8159806295399515
40	0.39593935594326113	1.0057750298426702	0.9915177219024538	0.8159806295399515
41	0.39598374707358225	0.8429313476125782	0.9939412299303242	0.8038740920096852
42	0.39586117101270096	0.7162614093663601	0.9954559224477431	0.8062953995157385
43	0.39576174454255536	0.6920126041469092	0.9948500454407755	0.8038740920096852
44	0.3957001315222846	0.6430552369811966	0.9960617994547107	0.7966101694915254
45	0.39611737106157385	0.8262657026151339	0.9942441684338079	0.784503631961259
46	0.3960669649408219	0.6794370654970407	0.9951529839442593	0.7941888619854721
47	0.39601726333300274	0.7398450972440724	0.9954559224477431	0.8087167070217918
48	0.39598643536470374	0.48924682568758726	0.9957588609512269	0.7966101694915254
49	0.3959632349014282	0.548860203815051	0.9957588609512269	0.8135593220338984
50	0.3959991885166542	0.5209425307022264	0.9966676764616783	0.7893462469733656
51	0.396054955629202	0.4829013928549382	0.996970614965162	0.8062953995157385
52	0.3959425575328323	0.5015168370132764	0.9960617994547107	0.801452784503632
53	0.3958857015327171	0.4432629144206518	0.9963647379581945	0.7941888619854721
54	0.39579312151128593	0.36924365418067634	0.9972735534686459	0.7869249394673123
55	0.3958009353705815	0.42663337669980067	0.996970614965162	0.7990314769975787
56	0.39573006462632565	0.4430952695144627	0.9963647379581945	0.8159806295399515
57	0.3956176618049885	0.4072161902887807	0.9966676764616783	0.7966101694915254
58	0.3954708293332892	0.33146945713983417	0.9972735534686459	0.7893462469733656
-1	-1	-1	-1	-1
0	0.4681589603424072	19.80189667756741	0.6667676461678279	0.7288135593220338
1	0.4274643659591675	18.650196921366913	0.6949409269918206	0.7239709443099274
2	0.41426952679951984	17.11811821277325	0.7382611329900031	0.738498789346247
3	0.4077334403991699	16.405463172839237	0.7543168736746441	0.7796610169491526
4	0.4037128448486328	15.899484234360548	0.7673432293244471	0.7651331719128329
5	0.40116655826568604	15.706814187650497	0.7667373523174795	0.7530266343825666
6	0.3990715231214251	15.364430409211378	0.7688579218418661	0.7772397094430993
7	0.39727386832237244	14.53990364074707	0.7800666464707664	0.7651331719128329
8	0.3957606686486138	14.512487918138504	0.7952135716449561	0.7941888619854721
9	0.3950712442398071	14.20272509753704	0.7949106331414723	0.784503631961259
10	0.39441347122192383	13.67690263230067	0.8021811572250833	0.7917675544794189
11	0.39409565925598145	13.219449648490318	0.8152075128748864	0.8062953995157385
12	0.39362335205078125	12.95582606528814	0.8200545289306271	0.7990314769975787
13	0.3929758923394339	12.36566261603282	0.8194486519236595	0.8087167070217918
14	0.3925822099049886	11.433474081066938	0.8461072402302333	0.8062953995157385
15	0.39238764345645905	11.635170127909918	0.8379279006361708	0.8280871670702179
16	0.3921755902907428	10.298939204846437	0.8564071493486822	0.8111380145278451
17	0.3921105596754286	9.918294582802515	0.8606482883974553	0.8232445520581114
18	0.39202002475136205	9.506713732503927	0.8727658285368071	0.8523002421307506
19	0.3917156934738159	8.616387618848911	0.8882156922144805	0.8087167070217918
20	0.3914331481570289	8.021309108688282	0.8982126628294457	0.837772397094431
21	0.3912790688601407	7.505018337987936	0.9012420478642835	0.8329297820823245
22	0.3912911726080853	6.7289030230962315	0.9127537109966677	0.8426150121065376
23	0.39117221037546795	6.384676588269381	0.9212359890942139	0.8256658595641646
24	0.39105422973632814	5.813142699117844	0.9318388367161466	0.8256658595641646
25	0.3908824003659762	4.932094256465252	0.9421387458345956	0.8184019370460048
26	0.3906823352531151	4.644854633853986	0.9442593153589821	0.8353510895883777
27	0.3905244469642639	4.424066649033473	0.9500151469251742	0.8280871670702179
28	0.39041894057701376	3.7341242373849335	0.960617994547107	0.8329297820823245
29	0.39044928550720215	3.286925129019297	0.96485913359588	0.837772397094431
30	0.39038668140288324	2.383793863826073	0.9781884277491669	0.8353510895883777
31	0.39038020372390747	2.413499270494168	0.9766737352317479	0.8208232445520581
32	0.39025144866018585	1.9282049513780153	0.9848530748258104	0.8547215496368039
33	0.3901575383018045	2.153500499535137	0.9781884277491669	0.8329297820823245
34	0.3901174068450928	1.828378858188024	0.9818236897909725	0.8498789346246973
35	0.3902492986785041	1.6884878511325672	0.9866707058467131	0.8401937046004843
36	0.39050403156796015	1.1753481145804892	0.9927294759163889	0.8353510895883777
37	0.3908610594900031	1.149938568401222	0.9915177219024538	0.8329297820823245
38	0.3911986962342874	1.0523113561570285	0.9918206604059376	0.8498789346246973
39	0.3913474380970001	1.0666593184264808	0.9927294759163889	0.8571428571428571
40	0.39143554757281046	0.9233414976759098	0.9936382914268403	0.847457627118644
41	0.3914948304494222	0.7222857421550614	0.9954559224477431	0.8619854721549637
42	0.3915788129318592	0.7357460449521358	0.9942441684338079	0.8305084745762712
43	0.3916358134963296	0.8069070020708471	0.9939412299303242	0.8547215496368039
44	0.39186873965793184	0.674864204851194	0.9957588609512269	0.8571428571428571
45	0.3919662548148114	0.669345327899254	0.9957588609512269	0.837772397094431
46	0.39196845318408724	0.57850047672848	0.9960617994547107	0.847457627118644
47	0.3919934332370758	0.6114111489867076	0.9954559224477431	0.847457627118644
48	0.39214520065151914	0.5255985432391194	0.9966676764616783	0.8523002421307506
49	0.3924701690673828	0.5193261771995682	0.9957588609512269	0.8498789346246973
50	0.39261167657141594	0.42714921443705234	0.9963647379581945	0.8523002421307506
51	0.3925909399986267	0.4577552028036175	0.9960617994547107	0.8595641646489104
52	0.39250615857682136	0.4578091011260487	0.9951529839442593	0.8571428571428571
53	0.3926488161087036	0.4627047800190317	0.9963647379581945	0.8523002421307506
54	0.3928368178280917	0.40371143482983685	0.9963647379581945	0.8595641646489104
55	0.39308529666491915	0.36275203152147767	0.9966676764616783	0.8523002421307506
56	0.3932852494089227	0.43511760778402764	0.9954559224477431	0.8547215496368039
57	0.39346967072322453	0.4120741416879285	0.9957588609512269	0.8571428571428571
58	0.39357474698858746	0.38703752708478045	0.9963647379581945	0.8571428571428571
59	0.39363166093826296	0.44647861269864875	0.9960617994547107	0.8547215496368039
60	0.3936802754636671	0.5021527189259919	0.9951529839442593	0.8401937046004843
61	0.3937510521181168	0.5078669757438967	0.9951529839442593	0.8401937046004843
-1	-1	-1	-1	-1
0	0.48259544372558594	19.620102831950554	0.6537412905180249	0.7312348668280871
1	0.44107937812805176	18.14918167086748	0.7109966676764616	0.6949152542372882
2	0.42588075002034503	16.896924656171066	0.7346258709481975	0.7360774818401937
3	0.41850507259368896	16.315839755993622	0.7482581036049681	0.7433414043583535
4	0.4144791603088379	16.26538544549392	0.7482581036049681	0.7723970944309927
5	0.41130757331848145	15.788232248563032	0.7576491972129658	0.738498789346247
6	0.408883912222726	15.38101397569363	0.764616782793093	0.7675544794188862
7	0.40741676092147827	14.549198793677183	0.7815813389881854	0.7578692493946732
8	0.4061816798316108	14.643458054615902	0.7830960315056044	0.7602905569007264
9	0.40534586906433107	14.148656053611866	0.7997576491972129	0.784503631961259
10	0.40463636138222436	13.749479225621773	0.8043017267494699	0.7699757869249395
11	0.4041583140691121	12.911572185846476	0.8161163283853378	0.8159806295399515
12	0.40354090470534104	12.667513763675323	0.8200545289306271	0.7869249394673123
13	0.40307635920388357	11.634662488332161	0.8400484701605574	0.8087167070217918
14	0.40268845558166505	11.511307240678715	0.8415631626779764	0.8232445520581114
15	0.40239234268665314	10.886906157319363	0.8570130263556498	0.7917675544794189
16	0.40226037362042594	9.733932314583889	0.8703423205089367	0.8401937046004843
17	0.4020705620447795	9.35346263532455	0.8776128445925477	0.8426150121065376
18	0.40194971937882273	8.280768756683056	0.8876098152075129	0.8159806295399515
19	0.4013399600982666	8.11688484939245	0.8942744622841563	0.8184019370460048
20	0.4001897516704741	7.754206290611854	0.9045743714026053	0.8329297820823245
21	0.3995416489514438	6.8432578799816275	0.9185095425628598	0.7990314769975787
22	0.39908713879792584	5.975237658390632	0.9297182671917601	0.8256658595641646
23	0.3990267217159271	5.537249315243501	0.9309300212056952	0.8329297820823245
24	0.3986250972747803	5.431009333509092	0.9342623447440169	0.8353510895883777
25	0.39800251447237456	4.93821841213279	0.9418358073311118	0.847457627118644
26	0.39783484847457323	3.900379638832349	0.9512269009391093	0.8305084745762712
27	0.39764606952667236	4.018836271877472	0.9524386549530446	0.8401937046004843
28	0.39740337996647274	2.652353536624175	0.9706149651620721	0.8426150121065376
29	0.3971970796585083	3.1368251123393955	0.9687973341411693	0.8280871670702179
30	0.39700757303545553	2.39217034738081	0.9739472887003938	0.8353510895883777
31	0.3966975435614586	1.9787275943045433	0.980914874280521	0.8353510895883777
32	0.3964441978570187	1.6733891213169465	0.98242956679794	0.8232445520581114
33	0.3962504793615902	1.5787103360232253	0.9851560133292941	0.8256658595641646
34	0.39657468114580424	1.0973535210897143	0.9893971523780672	0.8329297820823245
35	0.39652128352059257	0.8795258655441365	0.9945471069372918	0.8208232445520581
36	0.396293408161885	0.9249830648589593	0.9921235989094214	0.8184019370460048
37	0.3959440996772365	0.5147362028692442	0.9954559224477431	0.8232445520581114
38	0.3957666005843725	0.30851988949311465	0.9990911844895486	0.8184019370460048
39	0.3955632567405701	0.4449722468852997	0.9972735534686459	0.8208232445520581
40	0.39537992710020486	0.3548941653078565	0.9972735534686459	0.8208232445520581
41	0.39527967430296396	0.44029129893393615	0.996970614965162	0.8184019370460048
42	0.39515002938204036	0.6083557573326218	0.9951529839442593	0.8232445520581114
43	0.3950845707546581	0.8985623485372903	0.9915177219024538	0.8208232445520581
44	0.3949680010477702	0.9481302684602829	0.9921235989094214	0.8305084745762712
45	0.3948327769403872	0.3736290684738868	0.9975764919721296	0.8232445520581114
-1	-1	-1	-1	-1
0	0.4728250503540039	19.475147416958443	0.674038170251439	0.7070217917675545
1	0.4370635747909546	18.86349892616272	0.6970614965162072	0.6707021791767555
2	0.4239432017008464	17.63428837977923	0.7258406543471675	0.7481840193704601
3	0.4175596237182617	16.899763877575214	0.7406846410178733	0.7167070217917676
4	0.4134182929992676	16.28982267012963	0.7479551651014844	0.7578692493946732
5	0.4100768168767293	16.068446059639637	0.7543168736746441	0.7457627118644068
6	0.40754055976867676	15.409877109986086	0.7585580127234172	0.7239709443099274
7	0.4057973027229309	15.251052342928373	0.7709784913662526	0.784503631961259
8	0.4028088516659207	14.814208947695219	0.7891548015752802	0.7578692493946732
9	0.4011160612106323	14.300985720295172	0.7967282641623751	0.7796610169491526
10	0.40121210705150256	13.889681335825186	0.8015752802181157	0.7675544794188862
11	0.4010734756787618	13.621836447945007	0.7991517721902454	0.7990314769975787
12	0.4001740308908316	12.84262560422604	0.8264162375037867	0.8062953995157385
13	0.3992000137056623	12.069164567268812	0.8330808845804302	0.7820823244552058
14	0.39799367586771645	11.586881608917164	0.8373220236292033	0.7796610169491526
15	0.3974800258874893	11.024089923271767	0.8515601332929416	0.7723970944309927
16	0.39716365758110495	10.752697084958736	0.8579218418661012	0.784503631961259
17	0.3968231810463799	9.803946336874596	0.8697364435019691	0.7893462469733656
18	0.39678798223796646	9.351565677386064	0.8764010905786126	0.7869249394673123
19	0.3969222068786621	8.456440248741554	0.8939715237806726	0.7941888619854721
20	0.39681829724993023	7.858313952787564	0.8951832777946077	0.7941888619854721
21	0.39656078815460205	7.663877111214858	0.9012420478642835	0.7675544794188862
22	0.3964276624762494	6.968346243867507	0.9097243259618297	0.8184019370460048
23	0.39626701672871906	5.85015504864546	0.9279006361708573	0.7772397094430993
24	0.3959797382354736	5.602512767108587	0.93850348379279	0.7530266343825666
25	0.3957699445577768	4.59479393530637	0.9485004544077552	0.7796610169491526
26	0.395595426912661	4.364197214599699	0.948803392911239	0.7820823244552058
27	0.39547376121793476	3.8254964725615888	0.9588003635262042	0.774818401937046
28	0.3952946005196407	3.5704883127831497	0.9603150560436231	0.784503631961259
29	0.3952000300089518	2.770748631312297	0.9703120266585883	0.7675544794188862
30	0.39514247832759736	2.1269871229305863	0.9790972432596183	0.7699757869249395
31	0.39502543210983276	2.107061175772777	0.9790972432596183	0.7675544794188862
32	0.39490956248659076	1.785167414838305	0.9818236897909725	0.774818401937046
33	0.3948611231411205	1.9620018548403795	0.9833383823083914	0.7651331719128329
34	0.3948004586356027	1.541112464136229	0.9863677673432293	0.7651331719128329
35	0.39484698242611355	1.2635951838993396	0.9915177219024538	0.7723970944309927
36	0.394804606566558	0.7889233811830099	0.9945471069372918	0.784503631961259
37	0.39456851858841746	0.6882642117830423	0.9948500454407755	0.7602905569007264
38	0.39441865529769504	0.7594791577340891	0.9948500454407755	0.784503631961259
39	0.39431263208389283	0.5225221779766378	0.9957588609512269	0.7869249394673123
40	0.3940855293739133	0.650624645766444	0.9939412299303242	0.7966101694915254
41	0.3941396645137242	0.7312343952765402	0.9939412299303242	0.7723970944309927
42	0.3942890222682509	0.7470306266063395	0.9948500454407755	0.7723970944309927
-1	-1	-1	-1	-1
0	0.46672987937927246	20.221653752602062	0.6401090578612542	0.6949152542372882
1	0.42402613162994385	18.425951914145397	0.7085731596485914	0.7215496368038741
2	0.4137756824493408	17.735990946109478	0.7219024538018782	0.7021791767554479
3	0.4097006320953369	16.849367247178005	0.7400787640109058	0.7094430992736077
4	0.4070447444915771	16.35666051736245	0.7570433202059982	0.7602905569007264
5	0.40552111466725665	16.337903108734352	0.7552256891850955	0.7360774818401937
6	0.4039422443934849	15.338914969792732	0.7703726143592851	0.774818401937046
7	0.4031098783016205	15.386430547787594	0.7743108149045743	0.7699757869249395
8	0.40317026774088544	14.690351197352776	0.7873371705543775	0.7820823244552058
9	0.4028521776199341	14.289190290065912	0.7906694940926992	0.7312348668280871
10	0.40213847160339355	14.134079937751476	0.7979400181763102	0.7772397094430993
11	0.40143807729085285	13.683213463196388	0.8097546198121781	0.7820823244552058
12	0.4013550281524658	13.182589947031094	0.8091487428052105	0.7990314769975787
13	0.4009886809757778	12.184023529291153	0.8355043926083006	0.7917675544794189
14	0.4003188451131185	12.238185336956612	0.8364132081187519	0.7772397094430993
15	0.39973558485507965	12.022365689277649	0.8324750075734626	0.7699757869249395
16	0.3993970225839054	10.853345736861229	0.8621629809148743	0.7869249394673123
17	0.39918680985768634	10.096460514916824	0.8691305664950015	0.7917675544794189
18	0.39892639611896713	9.941518742304583	0.8651923659497122	0.7869249394673123
19	0.39897664785385134	9.167313620448112	0.8776128445925477	0.7820823244552058
20	0.39881723267691477	8.257787061425356	0.8966979703120267	0.7917675544794189
21	0.398527437990362	8.479914368918308	0.8894274462284156	0.784503631961259
22	0.3982405558876369	6.682542587702091	0.9176007270524084	0.784503631961259
23	0.3977859318256378	6.8814830636748905	0.9118448954862163	0.7941888619854721
24	0.3975838565826416	5.932333203462454	0.9309300212056952	0.8184019370460048
25	0.397533838565533	5.1118036560141125	0.9421387458345956	0.7796610169491526
26	0.3975032435523139	4.422350039275793	0.9497122084216904	0.8038740920096852
27	0.397356493132455	4.465417689715441	0.9485004544077552	0.801452784503632
28	0.3971143262139682	4.182607024764786	0.957588609512269	0.7869249394673123
29	0.3969737450281779	3.0756154680767884	0.967888518630718	0.801452784503632
30	0.3968924860800466	3.049350426890529	0.966373826113299	0.801452784503632
31	0.39673012495040894	2.450423676807147	0.975159042714329	0.801452784503632
32	0.3967070290536592	2.7274402886485825	0.9739472887003938	0.8062953995157385
33	0.39666859542622285	2.032166038854764	0.9800060587700696	0.8111380145278451
34	0.39648685455322263	1.5416661251622896	0.9872765828536807	0.8062953995157385
35	0.39634160863028634	1.644112259821738	0.9863677673432293	0.7869249394673123
36	0.3962433531477645	1.516230166531526	0.9863677673432293	0.8062953995157385
37	0.39615360059236226	1.1530741743627004	0.9903059678885187	0.8038740920096852
38	0.39617452254662144	0.8663586689374194	0.9942441684338079	0.7917675544794189
39	0.39606195092201235	0.7717124939394685	0.9945471069372918	0.8111380145278451
40	0.39592140476878096	0.6042959954804525	0.9960617994547107	0.8087167070217918
41	0.395760871115185	0.7942482770348971	0.9942441684338079	0.801452784503632
42	0.39568906052168024	0.6753086047426152	0.9945471069372918	0.8087167070217918
43	0.39567137306386774	0.44592744070933593	0.9975764919721296	0.8062953995157385
44	0.39570185873243546	0.479494760869644	0.996970614965162	0.7796610169491526
-1	-1	-1	-1	-1
0	0.5351612567901611	19.552389410825874	0.6713117237200849	0.7602905569007264
1	0.4663451910018921	18.408205980291733	0.7094819751590428	0.7578692493946732
2	0.44391632080078125	17.744988987079033	0.7200848227809754	0.7772397094430993
3	0.4314901828765869	17.004932027596695	0.7446228415631627	0.7723970944309927
4	0.42280945777893064	16.030833274126053	0.7576491972129658	0.7675544794188862
5	0.41758739948272705	15.707617022670233	0.7624962132687064	0.7772397094430993
6	0.41380204473223003	15.360831572459293	0.7740078764010906	0.801452784503632
7	0.4110460579395294	15.004794015334202	0.7770372614359286	0.8062953995157385
8	0.4099388122558594	14.51174142727485	0.7849136625265071	0.7772397094430993
9	0.40912680625915526	14.36050509260251	0.7921841866101181	0.7627118644067796
10	0.4084029631181197	13.770784653150118	0.7988488336867616	0.7966101694915254
11	0.40776429573694867	13.29645629800283	0.8118751893365647	0.8280871670702179
12	0.4068015538729154	13.005760816427378	0.8221750984550137	0.8353510895883777
13	0.4063724790300642	12.167606766407307	0.8288397455316571	0.8208232445520581
14	0.40598748524983724	12.17189085483551	0.831869130566495	0.8111380145278451
15	0.4056493639945984	10.964714457209293	0.8530748258103605	0.8280871670702179
16	0.4053330000709085	11.210776186906374	0.8533777643138443	0.8523002421307506
17	0.40487690766652423	10.067809205788832	0.8673129354740987	0.8232445520581114
18	0.4042901867314389	9.569692573868311	0.8751893365646773	0.837772397094431
19	0.4035279870033264	8.980853384503952	0.8839745531657074	0.8305084745762712
20	0.40315611021859304	8.511623227825531	0.8839745531657074	0.8159806295399515
21	0.40256843783638696	7.784276257340725	0.9027567403817025	0.8232445520581114
22	0.4022122466045877	7.057260925093522	0.9145713420175704	0.8353510895883777
23	0.40184956789016724	5.921178024548751	0.9303241441987277	0.8305084745762712
24	0.4011975574493408	5.751147170766042	0.9288094516813087	0.8329297820823245
25	0.400720477104187	5.89013752513207	0.9306270827022115	0.7966101694915254
26	0.40030216287683557	5.157494734471234	0.9345652832475008	0.8159806295399515
27	0.3998840366091047	5.1447425077740965	0.9427446228415631	0.8401937046004843
28	0.39946018416306067	4.079840481997683	0.9542562859739473	0.8329297820823245
29	0.3991601785024007	3.1821473001574097	0.9654650106028476	0.8184019370460048
30	0.3988002730954078	2.6019558837780585	0.9724325961829748	0.8426150121065376
31	0.39856667071580887	3.0906892317132306	0.967888518630718	0.8329297820823245
32	0.3984198281259248	2.2965615073346552	0.9775825507421994	0.8426150121065376
33	0.398301362991333	2.5453939511834713	0.975159042714329	0.837772397094431
34	0.3982344491141183	1.6808567222279425	0.9827325053014239	0.837772397094431
35	0.39808332920074463	1.5157077927142382	0.9881853983641321	0.8305084745762712
36	0.39786512142903097	1.3567048758299138	0.9890942138745834	0.8111380145278451
-1	-1	-1	-1	-1
0	0.47613978385925293	19.671277043911125	0.6711084191399153	0.7554479418886199
1	0.4369560480117798	18.328551365778996	0.6983646274984857	0.7530266343825666
2	0.42412718137105304	17.018318098324997	0.7253179890975167	0.7433414043583535
3	0.4185248017311096	16.17667014323748	0.7543912780133253	0.7675544794188862
4	0.414368200302124	16.165397621118107	0.7562083585705633	0.7578692493946732
5	0.4122500816980998	15.704014553473545	0.7655966081162932	0.8038740920096852
6	0.41106421606881277	15.218705663314232	0.7783161720169595	0.7336561743341404
7	0.4096817970275879	14.907306235570173	0.7919442761962447	0.7941888619854721
8	0.4085308445824517	13.974412766786722	0.7983040581465778	0.7772397094430993
9	0.40784387588500975	13.89897769001814	0.8052695336159903	0.7530266343825666
10	0.40724793347445404	14.130288802660429	0.7980012113870382	0.784503631961259
11	0.40696444114049274	13.025528271037798	0.8216232586311326	0.784503631961259
12	0.40662501408503604	12.620308472560001	0.8225317989097517	0.7966101694915254
13	0.40635790143694195	11.813359198661951	0.8382798304058147	0.7602905569007264
14	0.4059718608856201	11.413067664091404	0.8470623864324651	0.7917675544794189
15	0.4057639539241791	10.734266184843504	0.8576620230163537	0.8135593220338984
16	0.40572717610527487	10.122542520555166	0.8688673531193216	0.7651331719128329
17	0.40554308891296387	9.551476822449612	0.874924288310115	0.7990314769975787
18	0.40552959944072525	8.651178842553726	0.8912780133252575	0.7893462469733656
19	0.4054375410079956	8.440887446586903	0.8921865536038764	0.8111380145278451
20	0.4054068610781715	7.364219040824817	0.90732889158086	0.8159806295399515
21	0.4052947868000377	6.965216916627609	0.9112658994548758	0.7941888619854721
22	0.40519462461056915	6.336718417130983	0.9200484554815264	0.801452784503632
23	0.40494637688000995	5.718833479743737	0.9339794064203513	0.8087167070217918
24	0.4048095703125	5.707105241715908	0.9279224712295578	0.8087167070217918
25	0.4046324949998122	5.147343013722163	0.9397334948516051	0.8256658595641646
26	0.4050483085491039	4.173756074733459	0.9494245911568746	0.8184019370460048
27	0.4046185868127005	3.2250135355414105	0.9645669291338582	0.7869249394673123
28	0.40404379778894883	3.2096246973826337	0.9624470018170805	0.8208232445520581
29	0.4037099599838257	2.5648556208381286	0.9709267110841914	0.801452784503632
30	0.40357481279680807	2.809690839969195	0.9733494851605088	0.8135593220338984
31	0.40339504927396774	2.08030848726272	0.9784978800726832	0.8159806295399515
32	0.4031826510573878	2.1942950681013125	0.9800121138703816	0.8159806295399515
33	0.4028957731583539	1.9199057073833852	0.9812235009085403	0.8038740920096852
34	0.4026454653058733	1.282282915754387	0.9887946698970321	0.8159806295399515
35	0.4024203419685364	1.037617250238187	0.9927316777710479	0.8062953995157385
36	0.40212716927399506	0.9963565011007282	0.9915202907328892	0.8184019370460048
37	0.401873927367361	0.8688393025300823	0.9933373712901272	0.8087167070217918
38	0.40162418438838077	0.715865558371521	0.9954572986069049	0.8111380145278451
39	0.40143383145332334	0.6944172466431225	0.9957601453664445	0.8062953995157385
40	0.4013330238621409	0.6779276244655753	0.9954572986069049	0.8135593220338984
41	0.4012610685257685	1.418999740961366	0.9881889763779528	0.7941888619854721
42	0.40100238489550216	0.9921103901086519	0.9918231374924288	0.8038740920096852
43	0.40074757554314355	1.025933208821628	0.9942459115687462	0.8135593220338984
44	0.400613186094496	0.5875928040522223	0.9957601453664445	0.8087167070217918
45	0.40046713663184125	0.5273938254417422	0.9966686856450636	0.8184019370460048
-1	-1	-1	-1	-1
0	0.5340478420257568	19.302242691700275	0.6772630941568272	0.6868932038834952
1	0.4654886722564697	17.8436106970677	0.7163184983348471	0.6868932038834952
2	0.44144447644551593	16.816116938224205	0.7417499243112322	0.7184466019417476
3	0.429865300655365	16.392251681822998	0.7541628822282773	0.6941747572815534
4	0.4217160701751709	15.588305693406324	0.7726309415682713	0.7524271844660194
5	0.41678667068481445	15.637776732444763	0.7686951256433545	0.7160194174757282
6	0.41355391911097933	15.130001806295835	0.7750529821374508	0.7427184466019418
7	0.4108903408050537	14.578677296638489	0.7907962458371177	0.7718446601941747
8	0.4090761873457167	14.559554480589354	0.7901907356948229	0.7281553398058253
9	0.4082319259643555	14.093486675849327	0.8001816530426885	0.7354368932038835
10	0.40655929392034357	13.167456489342909	0.8141083863154708	0.7233009708737864
11	0.4053329825401306	13.207729738492231	0.8074477747502271	0.7233009708737864
12	0.404662352341872	12.521233375255878	0.8292461398728429	0.7694174757281553
13	0.4043653522218977	11.474590975504656	0.8471086890705419	0.7427184466019418
14	0.40395045280456543	11.410518687504988	0.8392370572207084	0.7694174757281553
15	0.40369588136672974	11.110904216766357	0.8531637904934908	0.7694174757281553
16	0.40334615987889905	9.87955748404448	0.8698153194066001	0.7427184466019418
17	0.4025956392288208	9.952630987534157	0.8698153194066001	0.7912621359223301
18	0.4018919969859876	8.928012423790419	0.8879806236754466	0.7839805825242718
19	0.40132976770401	8.088404044508934	0.8973660308810173	0.7961165048543689
20	0.40082394509088426	7.7076613424489135	0.9034211323039661	0.7912621359223301
21	0.4004719690843062	6.578652346363435	0.9215864365728126	0.7718446601941747
22	0.40000270760577655	6.4522318203861895	0.9209809264305178	0.8033980582524272
23	0.39949677387873334	5.64673091757756	0.9282470481380564	0.7839805825242718
24	0.3990363788604736	5.06639865699869	0.9436875567665758	0.8009708737864077
25	0.398750506914579	4.751275681532347	0.9400544959128065	0.7936893203883495
26	0.39851280494972513	4.086359342130331	0.9545867393278837	0.7912621359223301
27	0.3982639057295663	3.8145617624888053	0.956100514683621	0.8009708737864077
28	0.3979929151206181	3.151391822271622	0.9663941871026339	0.7961165048543689
29	0.3978992621103922	2.605092143353361	0.9697244928852559	0.8033980582524272
30	0.39786841792445027	2.917286543462139	0.9694217378141083	0.7961165048543689
31	0.3978387415409088	2.215231948460524	0.978807145019679	0.7985436893203883
32	0.39762758486198657	1.5319031488436918	0.9860732667272177	0.8033980582524272
33	0.3977133316152236	1.5012630787319863	0.989706327580987	0.7766990291262136
34	0.3977685996464321	1.6639420422188078	0.98698153194066	0.7912621359223301
35	0.39781293604109025	1.2069371236989705	0.9903118377232819	0.8058252427184466
36	0.39773308264242635	0.9726936334941106	0.9918256130790191	0.7985436893203883
37	0.3977768546656558	1.0368573966955479	0.992431123221314	0.8009708737864077
38	0.39775995107797474	0.8236194675085314	0.992431123221314	0.8033980582524272
39	0.3976546168327332	0.7074740706728055	0.9954586739327884	0.8058252427184466
40	0.3975488383595536	0.8470537324006168	0.992431123221314	0.8106796116504854
41	0.3973785411743891	0.5297814784571528	0.9963669391462306	0.8131067961165048
42	0.3973010861596396	0.5278212095951088	0.9957614290039358	0.808252427184466
43	0.3971803675998341	0.5182504947655476	0.9966696942173782	0.808252427184466
44	0.39704829321967233	0.4873835364392457	0.9960641840750832	0.7912621359223301
45	0.39695872431216034	0.40875170721063536	0.9966696942173782	0.808252427184466
46	0.39684633498496197	0.4221326058345417	0.9969724492885256	0.7985436893203883
47	0.3968312591314316	0.3946662013007041	0.9963669391462306	0.8009708737864077
48	0.39680832746077555	0.39911207161807954	0.9963669391462306	0.8058252427184466
49	0.3967031717300415	0.33465593731783044	0.997275204359673	0.8058252427184466
50	0.3966633478800456	0.3256881157845223	0.9975779594308205	0.7985436893203883
51	0.3966017732253441	0.2725519114576925	0.9975779594308205	0.8058252427184466
52	0.39661252723549895	0.3427272746764804	0.9969724492885256	0.7961165048543689
53	0.3965855086291278	0.2960277411755389	0.997275204359673	0.8155339805825242
54	0.3964736678383567	0.3621863793232478	0.9966696942173782	0.8009708737864077
55	0.39637749109949383	0.26182746863028467	0.997275204359673	0.7985436893203883
56	0.3963639066930403	0.2820639157166275	0.9969724492885256	0.7985436893203883
57	0.3963071765570805	0.30979191234263664	0.997275204359673	0.7864077669902912
58	0.39616904420367743	0.3198891485427829	0.9969724492885256	0.7985436893203883
59	0.3961068391799927	0.3514212189027323	0.9966696942173782	0.7864077669902912
60	0.39611137499574756	0.3444333051671632	0.9975779594308205	0.8179611650485437
61	0.39607416814373386	0.3326709871359456	0.997275204359673	0.7985436893203883
62	0.396057613312252	0.2522942199407575	0.9975779594308205	0.8033980582524272
63	0.3960162363946438	0.2964148736231996	0.9975779594308205	0.7912621359223301
64	0.3960061806898851	0.331960694582309	0.9966696942173782	0.7985436893203883
65	0.3959769985892556	0.33608460039025745	0.9963669391462306	0.7985436893203883
66	0.3959864004334407	0.38169361496021825	0.9966696942173782	0.7912621359223301
67	0.39598362936693077	0.35502677234427	0.997275204359673	0.8033980582524272
68	0.39595707603122876	0.25847193636358357	0.9975779594308205	0.7815533980582524
69	0.395930814743042	0.29657027245803663	0.997275204359673	0.7961165048543689
70	0.39591484674265687	0.29175295970008636	0.9975779594308205	0.8033980582524272
71	0.39593955874443054	0.378225386243877	0.9975779594308205	0.8106796116504854
72	0.3959313320786986	0.3998382993494698	0.997275204359673	0.808252427184466
73	0.39594630615131277	0.650111900653708	0.9936421435059037	0.8033980582524272
74	0.39591630299886066	0.704957981289436	0.9948531637904935	0.7912621359223301
75	0.39585347238339874	0.2956706498785374	0.9975779594308205	0.8009708737864077
76	0.3958166946064342	0.297816598418509	0.997275204359673	0.7985436893203883
77	0.39580922860365647	0.27151517684643084	0.9978807145019679	0.8009708737864077
78	0.3958067562006697	0.21330159711830604	0.9981834695731153	0.8009708737864077
79	0.3958406537771225	0.1988126068877486	0.9978807145019679	0.8033980582524272
80	0.39582790857479894	0.2851851489574004	0.997275204359673	0.7912621359223301
-1	-1	-1	-1	-1
0	0.4802379608154297	19.831736906216694	0.6436572812594611	0.7038834951456311
1	0.44080424308776855	18.406300508058987	0.7023917650620648	0.7281553398058253
2	0.42614253362019855	17.349200301445446	0.7341810475325462	0.7427184466019418
3	0.4194256663322449	16.35516057564662	0.7599152285800788	0.7160194174757282
4	0.41647872924804685	16.205323212421856	0.7599152285800788	0.7402912621359223
5	0.4138745069503784	15.989174324732561	0.7590069633666364	0.7402912621359223
6	0.41227589334760395	15.431256784842564	0.7829246139872843	0.7548543689320388
7	0.4110957086086273	14.846988221773735	0.792310021192855	0.7572815533980582
8	0.40996551513671875	14.898469543227783	0.7829246139872843	0.7184466019417476
9	0.4081365346908569	14.08481550675172	0.7986678776869512	0.7669902912621359
10	0.4068888100710782	13.440450053948622	0.8165304268846503	0.7548543689320388
11	0.4060109257698059	12.865764815073748	0.8265213442325159	0.7936893203883495
12	0.40515940005962664	12.378171595243307	0.8292461398728429	0.779126213592233
13	0.4044203758239746	12.268397144400156	0.8386315470784136	0.8033980582524272
14	0.4035217761993408	11.425299806090502	0.8419618528610354	0.7888349514563107
15	0.40276041626930237	10.834001564062559	0.8586133817741447	0.8131067961165048
16	0.4019014695111443	10.232133375910612	0.8652739933393885	0.8106796116504854
17	0.4013040330674913	9.725185298002684	0.8689070541931577	0.8058252427184466
18	0.4008107310847232	9.100482055774101	0.8849530729639722	0.7742718446601942
19	0.40043187141418457	8.535985490450493	0.8928247048138056	0.8131067961165048
20	0.4001517409370059	8.125756406440185	0.8943384801695429	0.8058252427184466
21	0.39978505264629016	7.492359656554002	0.9043293975174084	0.7912621359223301
22	0.39955203429512354	6.670263143686148	0.9137148047229791	0.7912621359223301
23	0.39932872851689655	5.8963079418127355	0.9309718437783833	0.8106796116504854
24	0.3991656112670898	5.538342780218675	0.9349076597033	0.7936893203883495
25	0.3989012057964618	5.5190502760502005	0.9306690887072359	0.8106796116504854
26	0.398802916208903	4.0734378678294325	0.9530729639721466	0.8228155339805825
27	0.3987173352922712	3.359205608184521	0.9624583711777173	0.7985436893203883
28	0.3985993451085584	3.9648918096835795	0.9551922494701787	0.808252427184466
29	0.398372220993042	3.104458116997893	0.9660914320314865	0.7912621359223301
30	0.3981856684530935	2.902402523475198	0.9685134726006661	0.8009708737864077
31	0.3980599194765091	2.1453679295686574	0.9803209203754163	0.8058252427184466
32	0.3978866519349994	1.6161800049102077	0.9863760217983651	0.8179611650485437
33	0.3978098701028263	1.2852994203746606	0.989100817438692	0.8155339805825242
34	0.3977496828351702	1.6113516168239026	0.9854677565849228	0.7985436893203883
35	0.39756470256381565	1.868440125280848	0.9848622464426279	0.7936893203883495
36	0.3973969060021478	1.288879114937467	0.9881925522252498	0.8228155339805825
37	0.3972917355989155	1.0033186878292606	0.9927338782924614	0.8228155339805825
38	0.3971599493271265	1.0085418591132531	0.992431123221314	0.8300970873786407
39	0.39715821146965025	0.6923660178167316	0.9954586739327884	0.8203883495145631
40	0.39705990000468927	0.7565371695404443	0.9948531637904935	0.8252427184466019
41	0.39711768286568777	0.7304261120645186	0.9936421435059037	0.8228155339805825
42	0.3969248505525811	1.0390451902617666	0.9909173478655767	0.8033980582524272
43	0.3966717449101535	1.1238698217695435	0.9912201029367242	0.8179611650485437
44	0.3964846240149604	0.6520178612823097	0.9951559188616409	0.8252427184466019
45	0.3963834565618764	0.531947830477013	0.9957614290039358	0.8300970873786407
46	0.39627433330454725	0.47065694428657967	0.9960641840750832	0.8179611650485437
47	0.39608973264694214	0.3477950360572252	0.9975779594308205	0.8325242718446602
48	0.39601192668992646	0.37265781925704616	0.9969724492885256	0.8228155339805825
49	0.39596755504608155	0.40807510836300653	0.9969724492885256	0.8276699029126213
50	0.395952818440456	0.39435899549593717	0.9960641840750832	0.8155339805825242
51	0.3961204198690561	0.36841828067330284	0.9969724492885256	0.8300970873786407
52	0.3962352410802301	0.30669261436336315	0.997275204359673	0.8228155339805825
53	0.39636535556228075	0.3551517950388818	0.9960641840750832	0.8252427184466019
54	0.39655735275962134	0.35550990727139065	0.9963669391462306	0.8228155339805825
55	0.39658442565373014	0.3420309437922417	0.9954586739327884	0.837378640776699
56	0.39657803167376604	0.3122608550161553	0.9966696942173782	0.8300970873786407
57	0.39658938605209876	0.34200202559049314	0.9966696942173782	0.8203883495145631
58	0.3965946698592881	0.336380546755838	0.9960641840750832	0.8276699029126213
59	0.39655622641245525	0.3089936525972847	0.9969724492885256	0.8155339805825242
60	0.39652012996986263	0.3305411097736886	0.9969724492885256	0.8300970873786407
61	0.3964391254609631	0.3172029359400487	0.9975779594308205	0.8228155339805825
62	0.3964007884737045	0.2933918497919177	0.9969724492885256	0.8276699029126213
63	0.39631666988134384	0.30150807522631323	0.9975779594308205	0.8325242718446602
64	0.3962300520676833	0.35478551500441075	0.9966696942173782	0.8131067961165048
65	0.3961992697282271	0.3780772466964733	0.9969724492885256	0.8179611650485437
66	0.3961516423011894	0.3631102325005206	0.9966696942173782	0.8252427184466019
67	0.3960449590402491	0.26845581753877923	0.997275204359673	0.8300970873786407
68	0.39590870470240497	0.3216143954643765	0.9963669391462306	0.8179611650485437
69	0.3957970721381051	0.37822291835282856	0.997275204359673	0.8179611650485437
70	0.395826195327329	0.30306858628934535	0.9975779594308205	0.8325242718446602
71	0.3958669536643558	0.3186405720636965	0.997275204359673	0.8300970873786407
72	0.39583814960636504	0.35235978313721716	0.997275204359673	0.8252427184466019
73	0.39571492736404007	0.44789613873357526	0.9960641840750832	0.8155339805825242
74	0.3955541833241781	0.3148598021361977	0.997275204359673	0.8252427184466019
75	0.39539714863425807	0.3335035041583559	0.9966696942173782	0.8422330097087378
76	0.39525547275295503	0.3085279048492129	0.9966696942173782	0.8276699029126213
77	0.3951206818605081	0.34665935282828286	0.9963669391462306	0.8276699029126213
78	0.3949788371218911	0.6570278809835705	0.9945504087193461	0.8300970873786407
79	0.39485613703727723	0.44926967576611787	0.9957614290039358	0.8203883495145631
80	0.39474199730672954	0.5219264948475308	0.9951559188616409	0.8179611650485437
81	0.39465896966980724	0.4513946706160473	0.9945504087193461	0.8325242718446602
82	0.39461748284029674	0.2887354565318674	0.9966696942173782	0.8228155339805825
83	0.39458422717593966	0.3063367038893585	0.9960641840750832	0.8325242718446602
84	0.3945802015416762	0.2617422178221974	0.9975779594308205	0.8203883495145631
85	0.3945412802141766	0.25534724222066313	0.997275204359673	0.8252427184466019
86	0.3945343549224152	0.25628056346725386	0.9969724492885256	0.8300970873786407
87	0.394506879828193	0.31123699962895796	0.997275204359673	0.8203883495145631
88	0.394495500607437	0.20618580043530807	0.9969724492885256	0.8228155339805825
89	0.3944759474860297	0.24728859392836547	0.9963669391462306	0.8228155339805825
90	0.3944774460006546	0.2803505257067557	0.997275204359673	0.8300970873786407
91	0.394450395003609	0.2987951186145298	0.997275204359673	0.8349514563106796
92	0.3943898472734677	0.2752153159146054	0.997275204359673	0.8203883495145631
93	0.3943334995432103	0.24205566608893256	0.9969724492885256	0.8252427184466019
94	0.3942775374964664	0.2919435409466342	0.997275204359673	0.8179611650485437
95	0.39426229149103165	0.33214041103985015	0.9975779594308205	0.8325242718446602
-1	-1	-1	-1	-1
0	0.5278809070587158	19.18312148291331	0.681405208964264	0.6966019417475728
1	0.45959901809692383	18.109507620334625	0.7113870381586918	0.7669902912621359
2	0.4382522900899251	17.032399097314247	0.7341005451241672	0.7645631067961165
3	0.42784732580184937	16.329017320504555	0.7480314960629921	0.7475728155339806
4	0.4202587127685547	15.746257951626411	0.7643852210781344	0.691747572815534
5	0.4165201187133789	15.799840372342329	0.7652937613567535	0.779126213592233
6	0.41388256209237234	14.95849323272705	0.7819503331314355	0.7985436893203883
7	0.4119413495063782	14.781638796512897	0.791641429436705	0.7815533980582524
8	0.41033776601155597	14.139174486582096	0.7958812840702605	0.7645631067961165
9	0.4085674524307251	13.693405417868725	0.8107207752877045	0.7912621359223301
10	0.40728382630781695	13.499800943411314	0.8122350090854028	0.7135922330097088
11	0.40600218375523883	12.782865439469997	0.822228952150212	0.7718446601941747
12	0.405014129785391	12.349734448469603	0.8261659600242277	0.7718446601941747
13	0.4042008434023176	11.747980472846674	0.838885523924894	0.7815533980582524
14	0.4032386461893717	11.107367711571547	0.853725015142338	0.7645631067961165
15	0.40280114114284515	10.875299900770187	0.856450635978195	0.7839805825242718
16	0.40280890464782715	10.274490191386295	0.8609933373712901	0.8058252427184466
17	0.40272602770063615	9.45986965069404	0.8852210781344639	0.808252427184466
18	0.402329168821636	8.868181408024752	0.8852210781344639	0.8033980582524272
19	0.40184329748153685	9.063955887005879	0.8824954572986069	0.808252427184466
20	0.4011609327225458	7.832334195192043	0.9061175045427013	0.7815533980582524
21	0.4005930857224898	7.276251459350953	0.9097516656571775	0.7864077669902912
22	0.40031411336815875	6.105765045835422	0.9254996971532404	0.7839805825242718
23	0.39984480539957684	5.906263793890293	0.9288310115081768	0.8033980582524272
24	0.3993889045715332	5.752947586660202	0.9306480920654149	0.7936893203883495
25	0.39908664043133074	5.526685691223695	0.9318594791035736	0.8252427184466019
26	0.3986827885663068	4.812302231645355	0.9433676559660812	0.8009708737864077
27	0.3979699356215341	3.5857699708296704	0.9594185342216839	0.8155339805825242
28	0.39735857371626226	3.1137718248825808	0.9657783161720169	0.8106796116504854
29	0.3969233671824137	3.0567542899113436	0.9657783161720169	0.7864077669902912
30	0.39647579193115234	2.906042245718149	0.9733494851605088	0.8276699029126213
31	0.39623039960861206	2.0176953791569057	0.9803149606299213	0.8155339805825242
32	0.39584838260303845	1.7477216869592667	0.9854633555420957	0.7912621359223301
33	0.3954783046946806	2.3716518300083966	0.9742580254391278	0.8058252427184466
34	0.3949725151062012	1.4618075538444548	0.9872804360993337	0.8252427184466019
35	0.394454214307997	0.9909163911898549	0.9924288310115081	0.8033980582524272
36	0.3939616229083087	0.8254695216511698	0.9927316777710479	0.8179611650485437
37	0.3936500549316406	1.309230518545239	0.9872804360993337	0.8179611650485437
38	0.393340025192652	0.8860504079538469	0.9957601453664445	0.8203883495145631
39	0.3930521845817566	0.7657117038750305	0.9942459115687462	0.8155339805825242
40	0.3927391215068538	0.4064639547051719	0.997274379164143	0.8131067961165048
41	0.39231410480680917	0.3890741168892978	0.9975772259236826	0.8179611650485437
42	0.392101104869399	0.37712181581614107	0.997274379164143	0.8155339805825242
43	0.39185053651983087	0.2916384196231285	0.997274379164143	0.8106796116504854
44	0.3916376855638292	0.282872830866836	0.9978800726832223	0.808252427184466
45	0.3913399603055871	0.3809379047094038	0.9981829194427619	0.8131067961165048
46	0.39095281032805745	0.21736283624620859	0.9987886129618413	0.8131067961165048
47	0.3907710413138072	0.2895946145603935	0.9984857662023017	0.8203883495145631
48	0.39063850714235887	0.25424401274022573	0.9984857662023017	0.8203883495145631
49	0.39053007602691653	0.26087523944331154	0.9981829194427619	0.8106796116504854
50	0.39041823031855566	0.28726056004122186	0.9978800726832223	0.8203883495145631
-1	-1	-1	-1	-1
0	0.47145915031433105	19.406897173478054	0.6752499242653741	0.7070217917675545
1	0.42841124534606934	18.16843335215862	0.7167524992426537	0.7239709443099274
2	0.41342965761820477	16.840574680612637	0.7370493789760678	0.738498789346247
3	0.4066266417503357	16.061329149856018	0.7564374431990306	0.7094430992736077
4	0.40293288230895996	15.468517826153683	0.7712814298697365	0.7263922518159807
5	0.3999776840209961	15.542652192024084	0.7697667373523175	0.738498789346247
6	0.39742864881243023	14.630071575825031	0.798242956679794	0.7409200968523002
7	0.39527881145477295	14.690704746888233	0.7843077855195395	0.7288135593220338
8	0.39361511336432564	14.310989586206583	0.7949106331414723	0.7263922518159807
9	0.39268109798431394	14.223027641956623	0.8003635262041805	0.7167070217917676
10	0.3917852965268222	13.310689879724613	0.8149045743714026	0.7506053268765133
11	0.3912256360054016	12.688930699458489	0.8236897909724326	0.7360774818401937
12	0.3908700759594257	12.265730905991335	0.8352014541048167	0.7360774818401937
13	0.3899438721793039	11.97836489459643	0.8361102696152681	0.7796610169491526
14	0.3892415841420492	10.759954722454914	0.8582247803695849	0.7602905569007264
15	0.38912899792194366	10.181010901927948	0.8636776734322933	0.7409200968523002
16	0.3890165441176471	9.83398881325355	0.8736746440472584	0.7409200968523002
17	0.3886621925565932	9.251100109173702	0.8806422296273856	0.7457627118644068
18	0.3884234553889224	8.619455908353512	0.8900333232353832	0.7554479418886199
19	0.3878950595855713	7.779054885873427	0.9066949409269918	0.7530266343825666
20	0.38759438196818036	7.485895441128657	0.9069978794304756	0.7554479418886199
21	0.3872806267304854	7.192747128697542	0.9124507724931838	0.7530266343825666
22	0.3870207537775454	6.8840691561882315	0.9185095425628598	0.7723970944309927
23	0.38673203190167743	6.217806349006983	0.9279006361708573	0.7481840193704601
24	0.3863454055786133	5.074678708011141	0.9403211148136928	0.7699757869249395
25	0.38602603398836577	4.356281369064863	0.9509239624356256	0.7651331719128329
26	0.3858462439643012	4.375517615905175	0.9494092699182066	0.7772397094430993
27	0.38565934555871145	3.4596067304508042	0.9669797031202666	0.7651331719128329
28	0.38554240095204323	3.1171707262356696	0.96485913359588	0.7723970944309927
29	0.3853689511617025	2.760606823918911	0.9730384731899424	0.7578692493946732
30	0.3852493378423875	2.39910033173286	0.9757649197212965	0.7723970944309927
31	0.3850843086838722	2.785938492188087	0.9687973341411693	0.774818401937046
32	0.38499538826219964	2.17447937689632	0.9803089972735535	0.7627118644067796
33	0.3849162564558141	1.6335911612886076	0.983944259315359	0.7820823244552058
34	0.38478738921029226	1.888140228165027	0.980914874280521	0.7554479418886199
35	0.38506123092439437	1.668398101063828	0.9851560133292941	0.7893462469733656
36	0.3851189806654647	1.4281823435941567	0.9875795213571645	0.7578692493946732
37	0.38521521342428106	1.1369924173475459	0.99121478339897	0.7869249394673123
38	0.38534820996798	1.2711701659091676	0.9909118448954862	0.7627118644067796
39	0.38555235266685484	0.922716080255878	0.9933353529233565	0.7772397094430993
40	0.38571317021439716	1.0173456663234481	0.9918206604059376	0.7651331719128329
41	0.3858206669489543	0.6915117179777064	0.9957588609512269	0.7796610169491526
42	0.3858467645423357	0.6982720375526696	0.9951529839442593	0.774818401937046
43	0.385940129106695	0.7648789802781091	0.9957588609512269	0.7772397094430993
44	0.3860543780856662	0.5545331480948684	0.9948500454407755	0.7772397094430993
45	0.38616903450178064	0.7441339647599446	0.9939412299303242	0.774818401937046
46	0.38636304469818766	0.5177912030698141	0.9960617994547107	0.7917675544794189
47	0.3864978700876236	0.5513363910856872	0.9954559224477431	0.774818401937046
48	0.3865407875605992	0.4891618961522069	0.9966676764616783	0.7796610169491526
49	0.3866139793395996	0.4805422235602656	0.9960617994547107	0.7796610169491526
50	0.3866538861218621	0.47520346227527344	0.9963647379581945	0.7723970944309927
51	0.3866391640443068	0.5086919482654104	0.9966676764616783	0.7820823244552058
52	0.38656812793803663	0.37525301673807776	0.9966676764616783	0.7917675544794189
53	0.3864639865027534	0.36286827702420293	0.9972735534686459	0.7869249394673123
54	0.3863122810016979	0.375439446974689	0.9966676764616783	0.7941888619854721
55	0.386275338275092	0.34515803150581914	0.9966676764616783	0.784503631961259
56	0.3861751723707768	0.35320933980759806	0.996970614965162	0.7941888619854721
57	0.38609236273272285	0.4411046941531822	0.9954559224477431	0.774818401937046
58	0.3860209432698913	0.41337374460887916	0.9957588609512269	0.7796610169491526
59	0.3859079718589783	0.43478632908128334	0.9963647379581945	0.784503631961259
60	0.38584147124993995	0.43951013841671316	0.9960617994547107	0.7820823244552058
61	0.38572808234922346	0.3475049731249993	0.9966676764616783	0.7941888619854721
62	0.38560625485011507	0.4219797866591342	0.9966676764616783	0.7796610169491526
63	0.3855636529624462	0.39264353258588996	0.996970614965162	0.7772397094430993
64	0.3855704087477464	0.383816364642161	0.996970614965162	0.774818401937046
65	0.38549178658109723	0.34287415640854024	0.9972735534686459	0.7869249394673123
66	0.3854833183003895	0.4353003767856325	0.9966676764616783	0.774818401937046
67	0.38552071066463695	0.3565285745426081	0.9963647379581945	0.784503631961259
68	0.3855155136274255	0.4176894365183006	0.9963647379581945	0.7796610169491526
69	0.3855390753064837	0.4107096228242601	0.996970614965162	0.7772397094430993
70	0.3856238479345617	0.4284681081044255	0.9963647379581945	0.7820823244552058
71	0.38563234276241726	0.33401104693229383	0.996970614965162	0.784503631961259
72	0.38563475543505527	0.4002184707384843	0.9963647379581945	0.7796610169491526
73	0.3856635093688965	0.3701121337049139	0.9966676764616783	0.7796610169491526
74	0.38573017756144207	0.4014300178969279	0.9966676764616783	0.7796610169491526
-1	-1	-1	-1	-1
0	0.5207068920135498	19.31809841669523	0.6752499242653741	0.6997578692493946
1	0.45004260540008545	18.101028522619835	0.7128142986973645	0.6682808716707022
2	0.4280216693878174	16.945667162537575	0.7425022720387762	0.7263922518159807
3	0.4173489212989807	17.14306342831025	0.7358376249621327	0.7336561743341404
4	0.4103553295135498	16.02954580233647	0.7582550742199333	0.7457627118644068
5	0.40679768721262616	15.738915272630178	0.7655255983035444	0.7675544794188862
6	0.40434813499450684	15.490262363965694	0.771887306876704	0.7699757869249395
7	0.40285205841064453	15.069871150530302	0.7809754619812178	0.7820823244552058
8	0.4025308820936415	14.908673086991676	0.7858224780369585	0.7457627118644068
9	0.4012972354888916	14.031775488303257	0.8015752802181157	0.784503631961259
10	0.4003638354214755	13.778994193443886	0.802484095728567	0.7723970944309927
11	0.3995094895362854	13.28521444935065	0.8194486519236595	0.7941888619854721
12	0.39935542986943173	12.921148394162838	0.8252044834898515	0.7675544794188862
13	0.3990875652858189	12.043686577906975	0.8336867615873977	0.774818401937046
14	0.39884185791015625	12.256039033715542	0.8400484701605574	0.7990314769975787
15	0.3988473117351532	11.533737565462406	0.8473189942441685	0.7820823244552058
16	0.39859959658454447	10.604436837136745	0.8645864889427446	0.7893462469733656
17	0.3984124395582411	9.946935622737957	0.8709481975159042	0.7893462469733656
18	0.3984955862948769	9.184572889254643	0.8794304756134504	0.801452784503632
19	0.39829670190811156	8.611925574449392	0.8885186307179642	0.7820823244552058
20	0.3981250694819859	7.963639133251631	0.9003332323538322	0.8038740920096852
21	0.39854641394181684	7.109887635478606	0.9112390184792487	0.801452784503632
22	0.3983214938122293	7.2063337449844065	0.9091184489548622	0.8062953995157385
23	0.3980073034763336	6.175835659870734	0.9242653741290519	0.784503631961259
24	0.39781530380249025	5.778809010982513	0.9324447137231142	0.8135593220338984
25	0.3976280872638409	4.54557126817795	0.9448651923659497	0.7990314769975787
26	0.397440477653786	4.387010601384995	0.9497122084216904	0.7990314769975787
27	0.3973888669695173	4.425732102674933	0.950318085428658	0.7578692493946732
28	0.39718177400786303	3.806273869596995	0.9618297485610421	0.8111380145278451
29	0.39705069065093995	3.080967529032093	0.9681914571342017	0.7917675544794189
30	0.39690659892174507	3.445471657296786	0.9609209330505907	0.8038740920096852
31	0.3967721536755562	2.42639365247809	0.9775825507421994	0.8038740920096852
32	0.3969203631083171	2.076713812358391	0.9803089972735535	0.8232445520581114
33	0.3970659480375402	1.9193588935125332	0.983944259315359	0.801452784503632
34	0.39715493747166225	2.023731381847308	0.9790972432596183	0.7820823244552058
35	0.3973771929740906	1.5393773341694703	0.9863677673432293	0.8111380145278451
36	0.39742313204584895	1.0782743964630823	0.9924265374129052	0.801452784503632
37	0.39726489468624715	1.0455182204067779	0.9924265374129052	0.7966101694915254
38	0.3972145777482253	0.9921735444536003	0.9936382914268403	0.7990314769975787
39	0.39718020558357237	1.133767317693967	0.9909118448954862	0.7990314769975787
40	0.3972518037005169	0.9064209593746525	0.9942441684338079	0.8135593220338984
41	0.3973414216722761	0.8758315008778411	0.9936382914268403	0.7966101694915254
42	0.39718630147534745	0.7242103765109698	0.9945471069372918	0.8135593220338984
43	0.3969940218058499	0.7110402291425719	0.9954559224477431	0.8135593220338984
44	0.39672127299838594	0.6211830735779725	0.9966676764616783	0.8208232445520581
45	0.39665168264637823	0.5998196990873951	0.9960617994547107	0.8111380145278451
46	0.3966077185691671	0.5051495158113539	0.9963647379581945	0.8159806295399515
47	0.39641934633255005	0.5406027944364513	0.9963647379581945	0.8111380145278451
48	0.3963828622078409	0.4492391430181809	0.9975764919721296	0.8159806295399515
49	0.39630717754364014	0.46258533615260744	0.9966676764616783	0.7990314769975787
50	0.396238270927878	0.4246698211287506	0.9972735534686459	0.8111380145278451
51	0.3961306902078482	0.493635789428551	0.9957588609512269	0.8159806295399515
52	0.3959504973213628	0.46551234035891514	0.9972735534686459	0.8159806295399515
-1	-1	-1	-1	-1
0	0.4712398052215576	19.892794027924538	0.6537412905180249	0.6585956416464891
1	0.43281424045562744	18.200842667084473	0.7125113601938806	0.7360774818401937
2	0.41740616162618	16.930090532853054	0.7403817025143896	0.7167070217917676
3	0.4112547039985657	16.267953490408566	0.7546198121781278	0.6997578692493946
4	0.40668344497680664	16.04436554817053	0.7543168736746441	0.7288135593220338
5	0.40387483437856037	15.337378605053974	0.7724931838836716	0.7263922518159807
6	0.40172297613961355	15.338379814074589	0.7764313844289609	0.7578692493946732
7	0.40048858523368835	14.720397748626196	0.7891548015752802	0.784503631961259
8	0.3996788130866157	14.286416004483517	0.7952135716449561	0.7651331719128329
9	0.3981638431549072	14.029385433747219	0.7991517721902454	0.7869249394673123
10	0.397072662006725	13.606755762146069	0.8061193577703726	0.7966101694915254
11	0.39621903498967487	13.254901005671574	0.8185398364132082	0.8087167070217918
12	0.3954944060398982	12.61156545464809	0.8297485610421085	0.7893462469733656
13	0.39498112882886616	11.914383056072088	0.833383823083914	0.7941888619854721
14	0.39444058736165366	11.287274851248814	0.8442896092093305	0.8038740920096852
15	0.3937780112028122	11.243568030687479	0.8439866707058468	0.7723970944309927
16	0.3932025713079116	10.745792796978584	0.8570130263556498	0.7966101694915254
17	0.3928715255525377	9.907277837395668	0.8748863980611936	0.8038740920096852
18	0.3925618748915823	9.557084325414438	0.8709481975159042	0.8232445520581114
19	0.39246954917907717	8.735629196350391	0.8824598606482884	0.8111380145278451
20	0.3925968011220296	7.688342124223709	0.9030596788851863	0.7990314769975787
21	0.3925171765414151	7.5267436767999945	0.900636170857316	0.8184019370460048
22	0.3925871641739555	6.792999245799505	0.9130566495001514	0.7990314769975787
23	0.39283960064252216	6.758750599164229	0.9169948500454408	0.8232445520581114
24	0.3930531883239746	5.442282867546265	0.9312329597091791	0.8087167070217918
25	0.39331088616297794	4.97407105908944	0.9433504998485307	0.8256658595641646
26	0.3932832258718985	4.484639935195446	0.9454710693729172	0.8038740920096852
27	0.3930499127932957	4.083816766738892	0.9563768554983338	0.8208232445520581
28	0.393984761731378	3.604770023948871	0.9609209330505907	0.8159806295399515
29	0.39580037593841555	2.8219168417585583	0.9700090881551046	0.8401937046004843
30	0.3972760400464458	2.861269015894952	0.9669797031202666	0.8159806295399515
31	0.3983845114707947	2.682630736953937	0.9703120266585883	0.8232445520581114
32	0.39891915610342316	2.1946590848741696	0.9781884277491669	0.8305084745762712
33	0.3997191962073831	1.5359216133723608	0.9884883368676158	0.8232445520581114
34	0.400565733228411	1.6090532346055484	0.9869736443501969	0.8256658595641646
35	0.40145793226030135	1.3180972969052023	0.9869736443501969	0.8305084745762712
36	0.402466496905765	1.0711566261374033	0.9933353529233565	0.8208232445520581
37	0.4034454383348164	0.7923455205745995	0.9948500454407755	0.8426150121065376
38	0.4039936310205704	0.9307855271304456	0.9927294759163889	0.8353510895883777
39	0.4045059382915497	0.7219876947884376	0.9963647379581945	0.8329297820823245
40	0.4050377229364907	0.7948918054954937	0.9951529839442593	0.8159806295399515
41	0.40533573286873953	0.660735638328613	0.9966676764616783	0.8159806295399515
42	0.4057444916215054	0.8418296752296066	0.9951529839442593	0.8184019370460048
43	0.40758997201919556	0.5865614583912807	0.9963647379581945	0.8232445520581114
44	0.4080462349785699	0.7424277031409124	0.9957588609512269	0.8232445520581114
45	0.40843000619307807	0.6289912088093563	0.9966676764616783	0.8062953995157385
46	0.40877377733271175	0.510595998673055	0.996970614965162	0.8232445520581114
47	0.4090676009654999	0.6483285094145685	0.9957588609512269	0.8353510895883777
48	0.4095644658925582	0.5289573652553372	0.9966676764616783	0.8184019370460048
49	0.4100638866424561	0.4592993270175961	0.9966676764616783	0.8280871670702179
50	0.4104153315226237	0.38170630583324683	0.9978794304756134	0.8256658595641646
51	0.41058003443938035	0.37436593484688696	0.9972735534686459	0.8305084745762712
52	0.41076483366624367	0.4105327205109531	0.996970614965162	0.8280871670702179
53	0.41106975078582764	0.3229942617142045	0.9978794304756134	0.8232445520581114
54	0.4111075227910822	0.30131687278089186	0.9978794304756134	0.8232445520581114
55	0.4111643944467817	0.4578723283126377	0.9963647379581945	0.8280871670702179
56	0.4112927495387563	0.36019127315375954	0.9975764919721296	0.8208232445520581
57	0.411461826028495	0.30936525904465495	0.9975764919721296	0.8256658595641646
-1	-1	-1	-1	-1
0	0.5223410129547119	20.219390832460842	0.6501060284762193	0.7046004842615012
1	0.4775431156158447	18.259697249302498	0.7070584671311724	0.7215496368038741
2	0.4610143502553304	17.229939905496742	0.7425022720387762	0.7239709443099274
3	0.4538000226020813	16.470104309228752	0.747046349591033	0.7142857142857143
4	0.4554582118988037	15.819199657210937	0.7712814298697365	0.7360774818401937
5	0.45294618606567383	15.538635392601673	0.7627991517721903	0.7699757869249395
6	0.449669565473284	14.845413705477348	0.7830960315056044	0.7627118644067796
7	0.4475436806678772	14.452215026204403	0.7955165101484398	0.7506053268765133
8	0.4466275109185113	13.984026193618774	0.8052105422599213	0.7723970944309927
9	0.44456803798675537	13.773558208575615	0.8012723417146319	0.7699757869249395
10	0.44331715323708276	13.626420857814642	0.8112693123295971	0.7602905569007264
11	0.44391467173894245	12.886057321268778	0.8200545289306271	0.7627118644067796
12	0.4502895245185265	11.976195693016052	0.8433807936988791	0.7675544794188862
13	0.4487080914633615	11.57168634980917	0.8394425931535898	0.7941888619854721
14	0.44671586354573567	11.188214398347414	0.8524689488033929	0.7820823244552058
15	0.4455350637435913	10.295281070929308	0.8600424113904878	0.7530266343825666
16	0.4441244321710923	10.422748184547974	0.8642835504392609	0.7796610169491526
17	0.4429391225179036	9.33306031401914	0.8827627991517721	0.8062953995157385
18	0.44164072839837326	8.778710312568224	0.8885186307179642	0.8038740920096852
19	0.4403131723403931	8.338211128058342	0.8888215692214481	0.8111380145278451
20	0.4392085756574358	7.433534197509289	0.9066949409269918	0.801452784503632
21	0.43838094581257214	6.792125868969238	0.9176007270524084	0.7869249394673123
22	0.43755027522211487	6.110256618032088	0.9306270827022115	0.7820823244552058
23	0.4380474289258321	5.340019251291569	0.9397152378067253	0.7990314769975787
24	0.43748769760131834	5.196200252152407	0.9436534383520145	0.7966101694915254
25	0.4368768838735727	5.199229448818817	0.936988791275371	0.7699757869249395
26	0.4367732648496275	4.441318383512016	0.9466828233868525	0.8087167070217918
27	0.43627831765583586	3.2293873091156664	0.9615268100575584	0.7917675544794189
28	0.43587756156921387	3.1590106210743008	0.9645561950923962	0.7917675544794189
29	0.4352112611134847	2.683897881697004	0.9742502272038777	0.7917675544794189
30	0.43481499918045535	2.1783301410121987	0.9769766737352318	0.7966101694915254
31	0.4342629835009575	2.448505622549699	0.9742502272038777	0.8159806295399515
32	0.4342285647536769	2.53076503682398	0.9757649197212965	0.7917675544794189
33	0.4339060432770673	1.4510179987320533	0.9851560133292941	0.7966101694915254
34	0.43404617309570315	1.649377226148947	0.9815207512874886	0.8087167070217918
35	0.43356982204649186	0.9052032452018466	0.9930324144198728	0.8184019370460048
36	0.43317184577117096	0.7736301680964132	0.9939412299303242	0.8111380145278451
37	0.43283431780965703	0.8439635502962539	0.9939412299303242	0.8087167070217918
38	0.43238153213109726	0.7077427131858153	0.9936382914268403	0.8232445520581114
39	0.4323283672332764	0.7155124820195712	0.9951529839442593	0.8208232445520581
40	0.4320136686650718	1.108871329916068	0.9927294759163889	0.8111380145278451
41	0.43171689056214835	0.6949912501463237	0.9957588609512269	0.8159806295399515
42	0.4313279473504355	0.5607936838910413	0.9960617994547107	0.8087167070217918
43	0.4313087625937028	0.5072863785320666	0.996970614965162	0.8087167070217918
44	0.43111707899305557	0.35217872244762616	0.9978794304756134	0.8256658595641646
45	0.4317612751670506	0.44139800062671736	0.9978794304756134	0.8135593220338984
46	0.43233824790792263	0.4696915839797909	0.9972735534686459	0.8135593220338984
47	0.432128702600797	0.3311014620166344	0.9978794304756134	0.8135593220338984
48	0.4319028854370117	0.39772921890387525	0.9981823689790973	0.8256658595641646
49	0.4320691728591919	0.3994816645292583	0.9972735534686459	0.8232445520581114
50	0.4320644771351534	0.3278040944580705	0.9981823689790973	0.8232445520581114
51	0.43189059312526995	0.32751413544890684	0.9981823689790973	0.8232445520581114
52	0.4317533205140312	0.2826808368554339	0.9975764919721296	0.8087167070217918
53	0.4315268640164976	0.36580793763725805	0.9978794304756134	0.8208232445520581
54	0.4313111045143821	0.24620204334272644	0.998485307482581	0.8256658595641646
55	0.4312705951077597	0.30852218238578644	0.9972735534686459	0.8256658595641646
56	0.4310969344356604	0.3402326872411112	0.9975764919721296	0.8184019370460048
57	0.4308619375886588	0.3785074874176644	0.9972735534686459	0.8232445520581114
58	0.43081067780316884	0.24815715695373142	0.9978794304756134	0.8087167070217918
59	0.43073026339213055	0.2982338290178002	0.9972735534686459	0.8135593220338984
60	0.43063143042267343	0.2347769808503262	0.9981823689790973	0.8135593220338984
61	0.43080228374850366	0.37397740128038165	0.9975764919721296	0.8232445520581114
62	0.4308753429897248	0.2852032515309894	0.9978794304756134	0.8232445520581114
63	0.4310131333768368	0.3584238083914478	0.9975764919721296	0.8184019370460048
64	0.4309425023885874	0.3934670384758367	0.9975764919721296	0.8159806295399515
-1	-1	-1	-1	-1
0	0.5070061683654785	19.266051966410416	0.6716146622235686	0.7142857142857143
1	0.46398210525512695	18.02876574947284	0.71644956073917	0.7481840193704601
2	0.4724891980489095	17.204431630097904	0.7282641623750379	0.6852300242130751
3	0.4803386926651001	16.744488198023575	0.7458345955770979	0.7288135593220338
4	0.46831436157226564	16.07807285969074	0.7540139351711602	0.7578692493946732
5	0.46588027477264404	15.586795002222061	0.7743108149045743	0.784503631961259
6	0.462984561920166	14.935011249322157	0.7840048470160558	0.7288135593220338
7	0.4584345817565918	14.600771071819159	0.7964253256588912	0.7481840193704601
8	0.45461803012424046	14.107414135566124	0.7946076946379885	0.7723970944309927
9	0.4584555149078369	14.100640718753521	0.8000605877006968	0.784503631961259
10	0.45600099997086957	13.09974820453387	0.8164192668888216	0.7820823244552058
11	0.4535423119862874	13.137600637399233	0.8109663738261133	0.784503631961259
12	0.4521346642420842	12.684140890836716	0.8252044834898515	0.7893462469733656
13	0.45124644892556326	12.022575427706425	0.8373220236292033	0.8232445520581114
14	0.4573060035705566	11.625833076926378	0.846410178733717	0.8280871670702179
15	0.4555871933698654	11.01537712262227	0.8497425022720387	0.7796610169491526
16	0.45438392022076773	10.522337498573156	0.8521660102999091	0.8232445520581114
17	0.45306213696797687	9.569298498905622	0.8748863980611936	0.7966101694915254
18	0.4516092852542275	8.854300600118362	0.8870039382005452	0.8111380145278451
19	0.4511134624481201	8.747666397920021	0.8906392002423508	0.8208232445520581
20	0.45042023204621817	7.363111060255995	0.9082096334444107	0.784503631961259
21	0.44914980368180707	7.703851045897374	0.9024538018782188	0.801452784503632
22	0.4527965628582498	6.992087543292795	0.9124507724931838	0.784503631961259
23	0.4525005022684733	5.92546325434859	0.9275976976673735	0.8305084745762712
24	0.4560292339324951	5.250138076452108	0.9354740987579522	0.8184019370460048
25	0.4559563581760113	4.839341341302945	0.9448651923659497	0.8305084745762712
26	0.45510956093117044	4.391463868319988	0.9515298394425932	0.8280871670702179
27	0.4540617380823408	3.4134282962634015	0.9615268100575584	0.8111380145278451
28	0.4530279800809663	3.3282063768173638	0.9657679491063315	0.801452784503632
29	0.4521782318751017	2.8753608705905767	0.9706149651620721	0.774818401937046
30	0.4514756048879316	2.849432547433445	0.9703120266585883	0.8087167070217918
31	0.45091743767261505	2.3146691931268344	0.9787943047561345	0.8184019370460048
32	0.4502264947602243	1.7710144501179457	0.9812178127840049	0.7990314769975787
33	0.4496656305649701	1.3676137092809837	0.9869736443501969	0.7966101694915254
34	0.44908570562090194	1.6572010076085393	0.9851560133292941	0.8038740920096852
35	0.448344714111752	1.4464387437082433	0.9872765828536807	0.7990314769975787
36	0.44784609691516775	0.9595447904296004	0.9906089063920024	0.7990314769975787
37	0.4478693510356702	0.7371820356840124	0.9948500454407755	0.8208232445520581
38	0.44777664160117125	0.782614775825865	0.9936382914268403	0.8208232445520581
39	0.4475018918514252	0.5631864849263086	0.9951529839442593	0.7990314769975787
40	0.4469954327839177	0.7712663000789829	0.9951529839442593	0.7966101694915254
41	0.44630918048676993	0.5809953705622599	0.9951529839442593	0.8087167070217918
42	0.4456877264865609	0.6873408472165465	0.9930324144198728	0.7820823244552058
43	0.44561067494479095	0.43412942296037305	0.996970614965162	0.7990314769975787
-1	-1	-1	-1	-1
0	0.5279037952423096	19.73531426833226	0.6555589215389276	0.6876513317191283
1	0.4811009168624878	17.929939957765434	0.7185701302635565	0.6707021791767555
2	0.46288537979125977	16.808939177256363	0.745531657073614	0.7070217917675545
3	0.4778815507888794	16.75961911907563	0.7385640714934868	0.7094430992736077
4	0.4690105438232422	15.856622306200174	0.7615873977582551	0.7675544794188862
5	0.4605411688486735	15.52885717841295	0.7685549833383823	0.7530266343825666
6	0.4586352620806013	15.779095154542189	0.763102090275674	0.7578692493946732
7	0.4562540054321289	14.978690218466978	0.7785519539533474	0.7675544794188862
8	0.45502177874247235	14.647912344107262	0.787943047561345	0.784503631961259
9	0.4519757509231567	14.487006423565058	0.7870342320508936	0.6900726392251816
10	0.4496480334888805	13.960352122783661	0.7991517721902454	0.7990314769975787
11	0.4469635486602783	13.561248781589361	0.8152075128748864	0.7772397094430993
12	0.4452069172492394	12.925513471548374	0.8185398364132082	0.7966101694915254
13	0.4439500570297241	11.866493876163776	0.8427749166919115	0.7627118644067796
14	0.44279271761576333	11.577663905345476	0.8451984247197819	0.7554479418886199
15	0.44230006635189056	11.043510302901268	0.8524689488033929	0.7627118644067796
16	0.4419449217179242	10.6773345883076	0.8512571947894577	0.784503631961259
17	0.4407196707195706	9.793292852548452	0.8788245986064829	0.7796610169491526
18	0.4403586889568128	8.945093971032362	0.8821569221448046	0.7481840193704601
19	0.43987834453582764	8.65647897353539	0.8915480157528022	0.7675544794188862
20	0.4389227458408901	7.762032163257782	0.9012420478642835	0.7602905569007264
21	0.43853638388893823	7.254701943924794	0.906392002423508	0.7772397094430993
22	0.43803042950837506	6.333703209001285	0.9248712511360194	0.7917675544794189
23	0.43766409158706665	6.780283022958499	0.9133595880036353	0.7263922518159807
24	0.43695778846740724	6.17862937026299	0.9248712511360194	0.7990314769975787
25	0.4365383753409752	5.076652718851199	0.941532868827628	0.7869249394673123
26	0.4359770086076524	4.092784932026496	0.9518327779460769	0.7966101694915254
27	0.4362226980073111	4.346397697352446	0.9457740078764011	0.7796610169491526
28	0.435754471811755	3.280341132902182	0.9633444410784611	0.7990314769975787
29	0.43532397747039797	3.3001992971851277	0.9630415025749772	0.7772397094430993
30	0.43517493432567966	2.7609085900744854	0.9709179036655559	0.7772397094430993
-1	-1	-1	-1	-1
0	0.5180778503417969	19.125774557773884	0.6729254996971532	0.711864406779661
1	0.4728386402130127	18.142462489696648	0.7032101756511205	0.7481840193704601
2	0.45694875717163086	17.30796307325363	0.7347062386432465	0.7191283292978208
3	0.4487597942352295	16.955298114281433	0.7371290127195639	0.7554479418886199
4	0.4452332019805908	16.144591886263626	0.7537855844942459	0.7215496368038741
5	0.4422624111175537	15.758661415714483	0.7604482132041187	0.7578692493946732
6	0.44056258882795063	15.137217021905458	0.7828588734100546	0.7796610169491526
7	0.4384538531303406	14.839198648929596	0.7813446396123561	0.7554479418886199
8	0.4392338858710395	14.856208124986061	0.7774076317383404	0.7578692493946732
9	0.43759889602661134	14.567332460330082	0.7952755905511811	0.7893462469733656
10	0.43753478743813257	13.885886857142815	0.7983040581465778	0.7723970944309927
11	0.43667952219645184	13.441016479180409	0.8101150817686251	0.7481840193704601
12	0.43641178424541766	12.80063655284735	0.8188976377952756	0.7627118644067796
13	0.4349219288144793	12.381946524748436	0.8261659600242277	0.7820823244552058
14	0.43357219696044924	11.581867532088207	0.8358570563294972	0.7820823244552058
15	0.4327245503664017	11.147810663168247	0.8470623864324651	0.7481840193704601
16	0.43188856629764333	10.609537608921528	0.8567534827377347	0.8038740920096852
17	0.43123916784922284	10.243248843229734	0.8637189582071472	0.801452784503632
18	0.4306855829138505	9.436789643305998	0.8755299818291944	0.7820823244552058
19	0.4303146481513977	8.865337455501923	0.8821926105390673	0.7869249394673123
20	0.42985631170726957	8.154529383549324	0.8940036341611145	0.7917675544794189
21	0.42989661476828833	7.097502273435776	0.9085402786190188	0.7917675544794189
22	0.42952632904052734	6.576730622121921	0.9215626892792247	0.774818401937046
23	0.42935169736544293	6.272445895995658	0.9245911568746215	0.7917675544794189
24	0.42903575897216795	5.738978174729989	0.9312537855844942	0.7675544794188862
25	0.428616817180927	4.90570785334477	0.9376135675348274	0.8062953995157385
26	0.42864989351343225	4.685848254567156	0.9442761962447002	0.7893462469733656
27	0.4287459765161787	3.4344543870538473	0.9618413082980012	0.7893462469733656
28	0.42887945010744294	3.479708162064736	0.9615384615384616	0.784503631961259
29	0.42877703507741294	3.2879015682981563	0.9651726226529376	0.7820823244552058
30	0.4286324054964127	2.941088399491631	0.9706238643246518	0.7966101694915254
31	0.4282895550131798	2.334309489108049	0.9788007268322229	0.7796610169491526
32	0.42821180459224817	2.0248172200069976	0.9797092671108419	0.774818401937046
33	0.4279298431733075	1.3774853960001985	0.9887946698970321	0.784503631961259
34	0.42773978369576593	1.5923211130743415	0.9866747425802543	0.7820823244552058
35	0.42743225230111015	1.5116164522858946	0.9860690490611751	0.784503631961259
36	0.42721972594390045	1.3702948349169815	0.987886129618413	0.7966101694915254
37	0.42714613989779826	1.3960643944939455	0.9869775893397941	0.7869249394673123
38	0.42693289732321715	1.2138842125781453	0.9884918231374924	0.7820823244552058
39	0.426872318983078	1.2876698016547239	0.987886129618413	0.7820823244552058
40	0.42672768453272375	0.7249177727543821	0.9939430648092066	0.7772397094430993
41	0.4266561269760132	0.7036611832893238	0.9960629921259843	0.7893462469733656
42	0.4265375636344732	0.8468332751474988	0.9936402180496668	0.7893462469733656
43	0.42655153708024457	0.6184943936241325	0.9957601453664445	0.784503631961259
44	0.4264358043670654	0.8369527746063585	0.9936402180496668	0.8038740920096852
45	0.4264532638632733	0.6197875651459281	0.9945487583282859	0.7893462469733656
-1	-1	-1	-1	-1
0	0.5149481296539307	19.94035972540195	0.6587950348168332	0.7427184466019418
1	0.46972429752349854	18.17340470277346	0.7072358462004239	0.7378640776699029
2	0.451339324315389	17.364070342137264	0.7281259461095974	0.7694174757281553
3	0.4445279836654663	16.53641173014274	0.7517408416590978	0.7742718446601942
4	0.43963117599487306	16.11642001913144	0.7535573720859824	0.7864077669902912
5	0.43733441829681396	15.811128914356232	0.7577959430820467	0.7766990291262136
6	0.43570150647844585	15.41314613360625	0.7759612473508931	0.7694174757281553
7	0.43450167775154114	15.126652758855085	0.7817135937026946	0.7888349514563107
8	0.43303579754299587	14.425595758052973	0.7898879806236755	0.7888349514563107
9	0.43287723064422606	14.49600898531767	0.784135634271874	0.7839805825242718
10	0.43167422034523706	13.758068309380459	0.805328489252195	0.808252427184466
11	0.43085116147994995	13.304078936576843	0.8077505298213745	0.7815533980582524
12	0.4297921657562256	12.95361410998381	0.8171359370269452	0.808252427184466
13	0.4287776095526559	12.54459645656439	0.8237965485921889	0.7985436893203883
14	0.4277615706125895	11.900806145026134	0.8371177717226763	0.837378640776699
15	0.4272107630968094	11.259842544794083	0.8531637904934908	0.8252427184466019
16	0.426983819288366	10.501555252533693	0.859521646987587	0.7888349514563107
17	0.42642548349168563	9.729140421518913	0.8761731759006963	0.8252427184466019
18	0.42600373217934057	9.360456042564833	0.8782924613987284	0.8203883495145631
19	0.42560702562332153	9.204626279381605	0.8843475628216773	0.837378640776699
20	0.4253433318365188	8.032800392462658	0.8988798062367545	0.8349514563106796
21	0.42502355575561523	7.022696148031033	0.9100817438692098	0.8300970873786407
22	0.42477458456288214	7.027604548690411	0.9149258250075689	0.8543689320388349
23	0.4243908226490021	6.517323546684706	0.9185588858613382	0.8300970873786407
24	0.42426161766052245	5.4776634986584005	0.9339993944898577	0.8325242718446602
25	0.4242934355368981	4.41707028563206	0.9500454132606722	0.8543689320388349
26	0.4241529835595025	4.952094389268985	0.9388434756282168	0.8519417475728155
27	0.4245926993233817	3.755288420101771	0.9594308204662428	0.8300970873786407
28	0.42490747057158373	3.4516708300663876	0.9594308204662428	0.8592233009708737
29	0.425393025080363	3.0045592088538866	0.9651831668180442	0.837378640776699
30	0.4252262884570706	3.3070920144136133	0.9679079624583712	0.8567961165048543
31	0.4253644645214081	2.1251669437982716	0.9803209203754163	0.8325242718446602
32	0.42531681060791016	2.0623460060988483	0.979412655161974	0.8325242718446602
33	0.4254944044000962	1.9217781276943593	0.9827429609445958	0.837378640776699
34	0.42558392797197614	1.7708044053915029	0.9857705116560702	0.866504854368932
35	0.4254145556026035	1.5384769257731163	0.9857705116560702	0.8203883495145631
36	0.4252397047506796	1.1703312947913498	0.9918256130790191	0.8325242718446602
37	0.4250482822719373	1.5663699748424382	0.9860732667272177	0.837378640776699
38	0.4250959494175055	0.865443197867045	0.9939448985770512	0.8495145631067961
39	0.4250055968761444	0.8530830258073715	0.9945504087193461	0.8543689320388349
40	0.4250999020367134	1.1166434622584627	0.9927338782924614	0.8519417475728155
41	0.4249910797391619	0.7216915332604773	0.9957614290039358	0.8543689320388349
42	0.4249463746714037	0.6666984387780898	0.9960641840750832	0.8398058252427184
43	0.4248636690053073	0.553604586126032	0.9954586739327884	0.8398058252427184
44	0.4249686188167996	0.6623761684794982	0.9963669391462306	0.8495145631067961
45	0.4248590158379596	0.4709100937470794	0.9966696942173782	0.8446601941747572
46	0.4247977632157346	0.45657049477673495	0.9966696942173782	0.8398058252427184
47	0.42476819952329	0.4593957170145586	0.997275204359673	0.8446601941747572
48	0.4247389083005944	0.45599950251814264	0.9969724492885256	0.8495145631067961
49	0.4246694087982178	0.3697919544692223	0.997275204359673	0.8203883495145631
50	0.4245803543165618	0.3966127081971186	0.9960641840750832	0.8640776699029126
51	0.4245944848427406	0.3377534000364204	0.9969724492885256	0.8446601941747572
52	0.424476812470634	0.40728179236444145	0.9963669391462306	0.8519417475728155
53	0.4244128112439756	0.3790094858626477	0.9966696942173782	0.8470873786407767
54	0.424286413192749	0.3487369041943636	0.9969724492885256	0.8398058252427184
-1	-1	-1	-1	-1
0	0.5602543354034424	19.33391795708583	0.6757493188010899	0.7111650485436893
1	0.4912949800491333	18.58883038163185	0.6996669694217378	0.7330097087378641
2	0.4669355551401774	17.4893786242375	0.7229791099000908	0.7694174757281553
3	0.4540945291519165	16.69522517002546	0.745685740236149	0.7135922330097088
4	0.4478126525878906	16.23397707251402	0.7526491068725402	0.7548543689320388
5	0.44224778811136883	15.74677911744668	0.7647593097184378	0.7766990291262136
6	0.4395881380353655	15.454811676190449	0.766273085074175	0.7645631067961165
7	0.4372207522392273	15.227973172297844	0.776566757493188	0.7621359223300971
8	0.43589329719543457	14.494625551196245	0.7926127762640024	0.7694174757281553
9	0.4370840787887573	14.494404139427038	0.7935210414774447	0.7694174757281553
10	0.43564519015225495	14.489992072949043	0.7917045110505601	0.7669902912621359
11	0.43517611424128216	13.550253535692509	0.802603693611868	0.8009708737864077
12	0.4347806160266583	13.468038329711327	0.812897366030881	0.808252427184466
13	0.43511009216308594	12.701902454862228	0.8268240993036633	0.7742718446601942
14	0.43469144503275553	12.33465942969689	0.8268240993036633	0.7839805825242718
15	0.43374502658843994	11.526278211520268	0.8407508325764457	0.8009708737864077
16	0.43320605334113627	10.938006536318706	0.8534665455646382	0.808252427184466
17	0.4329972267150879	10.756466416212229	0.8580078716318499	0.8131067961165048
18	0.4323707756243254	9.571897304975069	0.8731456251892219	0.8203883495145631
19	0.4322746515274048	9.338675258251337	0.8788979715410233	0.8325242718446602
20	0.4316075188773019	8.913331854801912	0.885558583106267	0.8131067961165048
21	0.43134038014845416	7.884554244004763	0.9058431728731456	0.8276699029126213
22	0.4308403471241827	7.272983739582392	0.9106872540115047	0.8203883495145631
23	0.4305318593978882	6.1900469081906175	0.9264305177111717	0.8325242718446602
24	0.43004570007324217	5.6625241588514585	0.9282470481380564	0.8228155339805825
25	0.4298740075184749	4.8871574974977054	0.9445958219800181	0.8276699029126213
26	0.4296191798316108	5.143938198685646	0.9367241901301847	0.8203883495145631
27	0.42929077999932425	3.8068367363168645	0.9597335755373902	0.837378640776699
28	0.42906370656243686	4.087554564842811	0.9542839842567363	0.8155339805825242
29	0.4286595900853475	3.134066260777987	0.9654859218891917	0.837378640776699
30	0.42849858345523956	3.2886935306283145	0.9642749016046018	0.8300970873786407
31	0.42824482172727585	2.05731151252985	0.9797154102331214	0.8252427184466019
32	0.428160775791515	1.7264909187260156	0.9809264305177112	0.8495145631067961
33	0.4277934677460614	2.063132936779696	0.9809264305177112	0.7864077669902912
34	0.42772249494280135	2.0887032250443904	0.9785043899485316	0.837378640776699
35	0.42757502529356217	1.2700515195700484	0.9912201029367242	0.8276699029126213
36	0.4277972208487021	0.7998352373072591	0.9942476536481986	0.8495145631067961
37	0.4277480401490864	0.6764166200032028	0.9954586739327884	0.8470873786407767
38	0.4278106628320156	0.5015723038142403	0.997275204359673	0.8446601941747572
39	0.427691912651062	0.45518377647162056	0.997275204359673	0.8398058252427184
40	0.4275347895738555	0.47348206213120225	0.9975779594308205	0.8276699029126213
41	0.4274923460824149	0.4776988049539236	0.9975779594308205	0.837378640776699
42	0.4272355589755746	0.4747316466930967	0.9969724492885256	0.8398058252427184
43	0.4271450476212935	0.33292781532376325	0.9975779594308205	0.8422330097087378
44	0.4269523514641656	0.2414453843778644	0.9981834695731153	0.8446601941747572
45	0.4272990900537242	0.18743215773541194	0.9984862246442628	0.8470873786407767
46	0.4271905523665408	0.2782124858170461	0.9984862246442628	0.8398058252427184
47	0.42732753853003186	0.24569892845689678	0.9981834695731153	0.8470873786407767
48	0.42759168391325036	0.2103147773165032	0.9984862246442628	0.8422330097087378
49	0.4274777841567993	0.21637632279173255	0.9984862246442628	0.8398058252427184
50	0.42745815071405147	0.22543243998477508	0.9981834695731153	0.837378640776699
51	0.42776535566036517	0.177746106167503	0.9984862246442628	0.8446601941747572
52	0.4277728098743367	0.18244684870632438	0.9984862246442628	0.8446601941747572
-1	-1	-1	-1	-1
0	0.5237388610839844	19.57357228260774	0.6471835251362811	0.7572815533980582
1	0.49363720417022705	18.058191024340115	0.7074500302846759	0.7572815533980582
2	0.47907352447509766	17.368717305935345	0.7322834645669292	0.7378640776699029
3	0.46654176712036133	16.446532547473907	0.7540884312537856	0.8009708737864077
4	0.4592928409576416	15.980848488899378	0.7662023016353725	0.7815533980582524
5	0.45462608337402344	15.703027993440628	0.7655966081162932	0.7839805825242718
6	0.4508134978158133	15.474442468239712	0.771350696547547	0.7621359223300971
7	0.4473796784877777	14.545951017966637	0.7922471229557844	0.7694174757281553
8	0.44528698921203613	14.620028376579285	0.7964869775893398	0.7912621359223301
9	0.4427931547164917	13.980239450931549	0.7998182919442762	0.7621359223300971
10	0.44129902666265314	13.73626352731998	0.8007268322228952	0.7912621359223301
11	0.4398568073908488	13.103159065429981	0.8143549364021805	0.8009708737864077
12	0.44003983644338757	12.503781424118923	0.8310115081768625	0.8058252427184466
13	0.4391624246324812	12.411491316098433	0.8273773470623864	0.8228155339805825
14	0.43879404067993166	11.570934632649788	0.8497880072683223	0.8131067961165048
15	0.4377903342247009	11.335737877167189	0.8467595396729255	0.7742718446601942
16	0.436842259238748	11.067206068680836	0.8491823137492429	0.8155339805825242
17	0.4367060396406386	9.83905191375659	0.8667474258025439	0.8009708737864077
18	0.4359218572315417	9.720184420163815	0.871290127195639	0.8179611650485437
19	0.43538239002227785	9.23918778850482	0.8779527559055118	0.8228155339805825
20	0.43536224819365	7.988430594022457	0.8927922471229558	0.8252427184466019
21	0.4355779452757402	7.269768290221691	0.9082374318594791	0.8155339805825242
22	0.4361976125965948	6.970650697843387	0.9121744397334949	0.779126213592233
23	0.4362031817436218	6.503791817105734	0.9218655360387644	0.808252427184466
24	0.435539493560791	5.947108209133148	0.9288310115081768	0.8325242718446602
25	0.4352805247673622	5.410483198097119	0.937007874015748	0.8106796116504854
26	0.4353252516852485	4.870513358368323	0.9415505754088431	0.8252427184466019
27	0.43499947445733206	4.275304293403258	0.9542701393095094	0.8155339805825242
28	0.4344303936793886	3.3795921581868944	0.9624470018170805	0.8203883495145631
29	0.43395347595214845	2.8712105739575167	0.9697153240460327	0.7985436893203883
30	0.4337702643486761	2.82566983342314	0.9718352513628105	0.8033980582524272
31	0.4334462583065033	2.794899164340817	0.9712295578437311	0.8203883495145631
32	0.4333098657203443	2.022962571766514	0.9809206541490006	0.8276699029126213
33	0.4333297995960011	1.8778192304934447	0.98152634766808	0.8203883495145631
34	0.4333929811205183	1.4622309071799884	0.9869775893397941	0.8179611650485437
35	0.4333341717720032	1.3791943883451705	0.9894003634161115	0.8228155339805825
36	0.43364151104076487	1.2837332086637616	0.9897032101756511	0.8228155339805825
37	0.4336698118009065	1.1248715731960077	0.9930345245305875	0.808252427184466
38	0.4339583959334936	0.9461323206151764	0.9933373712901272	0.8276699029126213
39	0.4338250756263733	0.7563289588903829	0.9951544518473653	0.8203883495145631
40	0.43386170922256095	0.8875089623750403	0.9930345245305875	0.8106796116504854
41	0.4339469046819778	0.8334986746849609	0.9954572986069049	0.8228155339805825
42	0.4340360497319421	0.6017396570331095	0.9957601453664445	0.808252427184466
43	0.4340949762951244	0.7015847939138229	0.9942459115687462	0.8155339805825242
44	0.4340918223063151	0.8169391923785532	0.9936402180496668	0.8033980582524272
-1	-1	-1	-1	-1
0	0.5682990550994873	19.693727678977528	0.6731293547409876	0.7046004842615012
1	0.49618804454803467	18.21222342665379	0.7128142986973645	0.6610169491525424
2	0.4748109181722005	17.23240708387815	0.7349288094516813	0.738498789346247
3	0.46239423751831055	16.427044824912	0.7549227506816116	0.7021791767554479
4	0.4540700435638428	15.764323624280783	0.7712814298697365	0.738498789346247
5	0.44959064324696857	15.273826262125603	0.7782490154498637	0.7191283292978208
6	0.4469233240400042	14.867649662953157	0.780672523477734	0.7239709443099274
7	0.4463145434856415	14.634657004704842	0.7900636170857316	0.7312348668280871
8	0.44564565022786456	14.742642929920784	0.7888518630717964	0.7142857142857143
9	0.44505844116210935	13.957973608603844	0.8006664647076643	0.7530266343825666
10	0.444283203645186	13.653076315728518	0.807028173280824	0.7046004842615012
11	0.44353848695755005	13.250517547130585	0.8164192668888216	0.7312348668280871
12	0.4426118593949538	12.574084318601168	0.8267191760072705	0.7675544794188862
13	0.4412813356944493	11.82661073253705	0.8427749166919115	0.784503631961259
14	0.44001863797505697	11.578623653031313	0.840654347167525	0.7796610169491526
15	0.43988434970378876	11.168622562518486	0.8467131172372009	0.7820823244552058
16	0.4390857359942268	10.637767837024652	0.8603453498939715	0.7796610169491526
17	0.43796349896325004	9.944756989295666	0.8645864889427446	0.7675544794188862
18	0.4369385744396009	9.397087470843243	0.8791275371099667	0.7917675544794189
19	0.4357611298561096	8.348098385792513	0.897606785822478	0.8087167070217918
20	0.43507144564674016	7.8268288505765105	0.900636170857316	0.8062953995157385
21	0.4345894076607444	7.1618102720150585	0.9136625265071191	0.7966101694915254
22	0.4339128888171652	6.967375074441616	0.9133595880036353	0.8111380145278451
23	0.4331199824810028	6.499639516839614	0.9203271735837625	0.801452784503632
24	0.4323811340332031	5.006516638283546	0.9469857618903362	0.784503631961259
25	0.4318970808616051	4.839909407632569	0.9451681308694335	0.8184019370460048
26	0.43135583842242203	4.4745239563859425	0.9497122084216904	0.8232445520581114
27	0.43174030099596294	3.3174561439798427	0.96485913359588	0.7917675544794189
28	0.43166227998404666	4.288930281423605	0.9512269009391093	0.7941888619854721
29	0.43195823033650715	3.2554944831018267	0.96485913359588	0.8062953995157385
30	0.43190130110709896	2.715056056013474	0.9700090881551046	0.7796610169491526
31	0.4319600611925125	2.2396568412167164	0.9818236897909725	0.801452784503632
32	0.4317425742293849	1.9339429386533225	0.9830354438049076	0.801452784503632
33	0.4319133337806253	1.746447010538899	0.98242956679794	0.7990314769975787
34	0.431926999773298	1.4236207676227564	0.9881853983641321	0.7820823244552058
35	0.43216261598798966	2.353633465317006	0.9772796122387155	0.801452784503632
36	0.4321285647314948	1.9654645410572322	0.9842471978188427	0.7869249394673123
37	0.4321146011352539	1.0033663381249285	0.9924265374129052	0.7869249394673123
38	0.43189573287963867	0.83364855318975	0.9942441684338079	0.7893462469733656
39	0.4314549207687378	0.9179317987738893	0.9945471069372918	0.801452784503632
40	0.4312529970959919	0.7258436141822201	0.9954559224477431	0.784503631961259
41	0.4309371198926653	0.7231906607317237	0.9963647379581945	0.8038740920096852
42	0.4310490641483041	0.5807052529819955	0.9963647379581945	0.7966101694915254
43	0.4309112321246754	0.5581488004312493	0.9963647379581945	0.7869249394673123
44	0.4307459937201606	0.7099188103949508	0.9948500454407755	0.7941888619854721
45	0.4305336838183196	0.5853757067592457	0.9957588609512269	0.7966101694915254
46	0.43054035876659635	0.5973315323667171	0.9948500454407755	0.7941888619854721
-1	-1	-1	-1	-1
0	0.5068535804748535	19.43763256072998	0.6770675552862769	0.7070217917675545
1	0.46369481086730957	18.15655738573808	0.7131172372008482	0.738498789346247
2	0.4518301486968994	17.59629817192371	0.7306876704029082	0.7239709443099274
3	0.4443780779838562	16.753734331864578	0.7458345955770979	0.7409200968523002
4	0.44116978645324706	16.63537359008422	0.7479551651014844	0.7312348668280871
5	0.43917346000671387	15.792514977546839	0.7655255983035444	0.7651331719128329
6	0.43716355732509066	15.178627745463299	0.7743108149045743	0.7360774818401937
7	0.4365655183792114	14.706761158429659	0.7809754619812178	0.7820823244552058
8	0.43674082226223415	14.58416669185345	0.7888518630717964	0.7094430992736077
9	0.4362931489944458	14.22505894761819	0.7955165101484398	0.7796610169491526
10	0.4366634325547652	13.721247685643343	0.8076340502877916	0.7917675544794189
11	0.4361260135968526	13.07587735928022	0.8167222053923053	0.7869249394673123
12	0.43484862034137434	12.83198517646927	0.8173280823992729	0.7627118644067796
13	0.43499560015542166	11.881899335063421	0.8427749166919115	0.7578692493946732
14	0.43501351674397787	11.274328756790895	0.8545895183277794	0.7869249394673123
15	0.435196653008461	10.879935411306528	0.8548924568312632	0.7893462469733656
16	0.4349784570581773	9.99093203131969	0.8691305664950015	0.7772397094430993
17	0.4364524284998576	9.91641949575681	0.8664041199636474	0.7723970944309927
18	0.43602525560479416	9.053523619587605	0.8848833686761587	0.7966101694915254
19	0.43570737838745116	9.017933639196249	0.8824598606482884	0.7941888619854721
20	0.4353664034888858	7.732465018446629	0.9015449863677674	0.7796610169491526
21	0.43470739234577527	7.2283808554594335	0.9033626173886701	0.7651331719128329
22	0.4344937283059825	6.474754620415087	0.9148742805210542	0.7990314769975787
23	0.43388138214747113	6.234629832781279	0.9194183580733111	0.7796610169491526
24	0.4337704086303711	5.0019826973931725	0.9397152378067253	0.7869249394673123
25	0.4334582273776715	4.927213077075207	0.9421387458345956	0.784503631961259
26	0.43343545772411207	3.889239671711738	0.9612238715540745	0.8062953995157385
27	0.43302953243255615	3.349272158426734	0.9603150560436231	0.7917675544794189
28	0.43290281295776367	3.321596196351143	0.9624356255680097	0.7869249394673123
29	0.43295689423878986	2.8026541290948024	0.9675855801272342	0.7869249394673123
30	0.434078908735706	2.9389781054969015	0.9697061496516207	0.7772397094430993
31	0.4340519532561302	2.5282249811750193	0.9715237806725234	0.774818401937046
32	0.4338783928842256	1.7965782068383236	0.98242956679794	0.7699757869249395
33	0.43371809230131264	1.3026564041009316	0.9884883368676158	0.7917675544794189
34	0.43338324001857215	1.5006541695553237	0.9884883368676158	0.7917675544794189
35	0.4331137206819322	1.1787294447757841	0.9918206604059376	0.774818401937046
36	0.43340710691503576	0.9226761900443727	0.9951529839442593	0.774818401937046
37	0.4334411307385093	0.9382621299726173	0.9954559224477431	0.7917675544794189
38	0.43320100735395384	0.8396982520781211	0.9951529839442593	0.7941888619854721
39	0.43351263403892515	0.9558486665437858	0.9936382914268403	0.7869249394673123
40	0.43327774071111913	1.1687771380843164	0.9921235989094214	0.8038740920096852
41	0.4334110135123843	0.7799398751544336	0.9948500454407755	0.7966101694915254
42	0.4334140821944836	0.6704149019519369	0.9966676764616783	0.7893462469733656
43	0.43331397663463245	0.7048125363440844	0.9957588609512269	0.7869249394673123
44	0.43325111601087785	0.6184792932718455	0.9957588609512269	0.7893462469733656
45	0.43303298431894055	0.6512333208677143	0.9963647379581945	0.7893462469733656
46	0.43295464109867177	0.510589233013049	0.996970614965162	0.801452784503632
-1	-1	-1	-1	-1
0	0.5860879421234131	19.33411357036004	0.6770675552862769	0.7578692493946732
1	0.5089994668960571	18.13714483838815	0.7206906997879431	0.7046004842615012
2	0.4774768352508545	17.5100009395526	0.7264465313541351	0.6973365617433414
3	0.46233856678009033	17.065336355796227	0.7391699485004544	0.7409200968523002
4	0.4549288272857666	16.107963307545734	0.7579521357164496	0.784503631961259
5	0.449299693107605	15.73949653827227	0.7664344138139958	0.7554479418886199
6	0.44593753133501324	15.429999970472776	0.7758255074219933	0.7070217917675545
7	0.4430235028266907	15.318407381669832	0.7706755528627689	0.801452784503632
8	0.4410362243652344	15.128503251534243	0.7867312935474099	0.7893462469733656
9	0.4387741804122925	14.54711596094645	0.7888518630717964	0.7966101694915254
10	0.4379456043243408	13.731494394632486	0.7994547106937292	0.7723970944309927
11	0.4370390772819519	13.781523447770338	0.8049076037564374	0.8038740920096852
12	0.43790186368502104	12.904154372903017	0.8173280823992729	0.8184019370460048
13	0.4389596326010568	12.542282472436245	0.8324750075734626	0.837772397094431
14	0.4387084801991781	11.899652611750822	0.8415631626779764	0.8280871670702179
15	0.43838346004486084	11.047428082961302	0.8591335958800363	0.7917675544794189
16	0.438506519093233	10.915497841743322	0.8506513177824901	0.8062953995157385
17	0.43841273254818386	10.092332230164455	0.8682217509845501	0.8450363196125908
18	0.4376228232132761	9.69919434762918	0.874280521054226	0.8232445520581114
19	0.43718829154968264	8.632282953995924	0.8891245077249318	0.8038740920096852
20	0.43646332195826937	8.049906915197006	0.9030596788851863	0.8062953995157385
21	0.4357569000937722	7.397621977787751	0.9097243259618297	0.8184019370460048
22	0.43514128353284753	6.77559870825364	0.9185095425628598	0.8305084745762712
23	0.43508415420850116	6.086808739946439	0.9245683126325356	0.8184019370460048
24	0.43530328750610353	5.3495438219263	0.9382005452893063	0.8159806295399515
25	0.4356849927168626	4.778719710902526	0.9397152378067253	0.8450363196125908
26	0.43585142382869013	4.2769224253984595	0.9478945774007876	0.801452784503632
27	0.43612257071903776	4.321933018760039	0.9524386549530446	0.8184019370460048
28	0.43625741991503486	3.3010680881830363	0.967888518630718	0.837772397094431
29	0.435988195737203	3.042368571918744	0.9687973341411693	0.837772397094431
30	0.4374576845476704	2.6685321694956374	0.9706149651620721	0.837772397094431
31	0.4390719309449196	2.7568115678150207	0.9712208421690397	0.8111380145278451
32	0.43866082393761835	1.893539013950011	0.9827325053014239	0.8305084745762712
33	0.4383065630407894	1.2629116714681283	0.9875795213571645	0.8329297820823245
34	0.44041374751499723	1.1210095223325949	0.9878824598606483	0.8329297820823245
35	0.44104109207789105	1.3217470400178661	0.9903059678885187	0.8184019370460048
36	0.44074822760917043	1.2533806957273135	0.9893971523780672	0.8305084745762712
37	0.4420958569175319	0.9207183677488222	0.9921235989094214	0.8329297820823245
-1	-1	-1	-1	-1
0	0.5180604457855225	19.516042282948128	0.67252347773402	0.7239709443099274
1	0.4735766649246216	18.55018210869569	0.6879733414116934	0.7239709443099274
2	0.45653144518534344	17.377707582253677	0.7270524083611027	0.7215496368038741
3	0.45039892196655273	16.744911826573887	0.7446228415631627	0.7239709443099274
4	0.4508092403411865	16.266782567478142	0.7549227506816116	0.7021791767554479
5	0.45189674695332843	15.695363753117048	0.7682520448348985	0.7239709443099274
6	0.44871650423322407	14.938269894856672	0.7849136625265071	0.7481840193704601
7	0.4472369849681854	15.253390152867023	0.7712814298697365	0.7457627118644068
8	0.44554922315809464	14.795417883075201	0.7818842774916692	0.7578692493946732
9	0.444725489616394	14.116136092406053	0.7955165101484398	0.7481840193704601
10	0.44274932687932794	13.745191720815805	0.8079369887912754	0.7506053268765133
11	0.4420713384946187	13.380077152871168	0.808542865798243	0.774818401937046
12	0.44163984518784744	12.662539198994637	0.826113299000303	0.7917675544794189
13	0.44041296413966585	12.635903408894173	0.8233868524689488	0.7699757869249395
14	0.43893078168233235	12.031716699783619	0.839139654650106	0.7457627118644068
15	0.43770748376846313	10.994004897200144	0.8506513177824901	0.7820823244552058
16	0.4365098476409912	10.528194051522474	0.8661011814601636	0.7578692493946732
17	0.43590205245547825	9.687550487426611	0.880036352620418	0.7457627118644068
18	0.435669974276894	9.380212624485676	0.8803392911239019	0.7699757869249395
19	0.4350948452949524	8.169892716866274	0.8979097243259618	0.7651331719128329
20	0.43499583289736793	7.980751412419172	0.8970009088155104	0.7699757869249395
21	0.43425085327842017	7.262806981801987	0.9127537109966677	0.7578692493946732
22	0.43362836215807044	6.944084235108816	0.9136625265071191	0.7869249394673123
23	0.43323610226313275	6.646452359282053	0.9200242350802788	0.7651331719128329
24	0.433111400604248	5.50831761977707	0.9324447137231142	0.7602905569007264
25	0.43352539722736066	5.175384468757189	0.9378976067858225	0.7554479418886199
26	0.43325221980059586	4.278777480125427	0.9494092699182066	0.774818401937046
27	0.43272978918892996	3.764371509162279	0.9542562859739473	0.7820823244552058
28	0.43224107808080214	2.880382595727077	0.96485913359588	0.784503631961259
29	0.43192747433980305	2.9774496122621574	0.9700090881551046	0.784503631961259
30	0.4318275836206252	2.6548063905479817	0.9727355346864587	0.7699757869249395
31	0.43217459321022034	1.675851477166781	0.9848530748258104	0.7651331719128329
32	0.4323787905953147	2.1698432566168218	0.9763707967282642	0.7699757869249395
33	0.43227289704715505	1.3557480188946311	0.9900030293850348	0.7966101694915254
34	0.4318770544869559	1.3379075008516128	0.9900030293850348	0.7675544794188862
35	0.43176473511589897	1.818999869390749	0.9833383823083914	0.7530266343825666
36	0.431738196192561	1.890442461008206	0.9833383823083914	0.7481840193704601
37	0.4319058280242117	1.2159999373297279	0.9890942138745834	0.7917675544794189
38	0.4318418441674648	1.071450522545582	0.9909118448954862	0.7457627118644068
39	0.43166059255599976	0.7560629125039738	0.9957588609512269	0.7675544794188862
40	0.4314479478975622	0.6645607275780864	0.9963647379581945	0.7627118644067796
41	0.43157929465884254	0.6417253286434481	0.9954559224477431	0.7699757869249395
42	0.4317546944285548	0.6122417824450307	0.9963647379581945	0.774818401937046
43	0.4316026134924455	0.5529697046239073	0.9966676764616783	0.7506053268765133
44	0.4316125022040473	0.46966162973191017	0.9963647379581945	0.774818401937046
45	0.43149715402851935	0.47864311084189326	0.9975764919721296	0.7869249394673123
46	0.4317758286252935	0.48560319309651206	0.9975764919721296	0.774818401937046
47	0.4317018787066142	0.40838924403159094	0.9972735534686459	0.7723970944309927
48	0.4317575376860949	0.39862556421408396	0.9978794304756134	0.7723970944309927
49	0.4321665334701538	0.3417355988192587	0.9978794304756134	0.7893462469733656
50	0.43210139929079544	0.3675800226270579	0.9978794304756134	0.7627118644067796
51	0.43197431014134335	0.3925146694124963	0.9972735534686459	0.7602905569007264
52	0.4321666258685994	0.4122776166821915	0.996970614965162	0.7893462469733656
53	0.43207784052248355	0.3216611533246648	0.9981823689790973	0.7602905569007264
-1	-1	-1	-1	-1
0	0.5652344226837158	19.366470378178818	0.6785822478036958	0.7167070217917676
1	0.4987281560897827	18.916867655057175	0.6961526810057558	0.7263922518159807
2	0.47604958216349286	17.226640075445175	0.7328082399272947	0.7530266343825666
3	0.4648313522338867	16.774581253528595	0.7367464404725841	0.7602905569007264
4	0.45691623687744143	15.948149195084206	0.763102090275674	0.7142857142857143
5	0.4536679983139038	15.904321455038511	0.7643138442896092	0.7602905569007264
6	0.4511230673108782	15.440019512405762	0.7743108149045743	0.774818401937046
7	0.44790345430374146	14.884998862559979	0.7882459860648289	0.7820823244552058
8	0.4465945031907823	14.470017328858376	0.7988488336867616	0.7869249394673123
9	0.44364023208618164	14.230986582545134	0.8009694032111482	0.7772397094430993
10	0.44200849533081055	13.567641929938244	0.807028173280824	0.7554479418886199
11	0.44260642925898236	13.606890043387047	0.8121781278400485	0.7869249394673123
12	0.44227792666508603	13.191584841563152	0.8130869433504998	0.7796610169491526
13	0.4414170469556536	12.317561748509224	0.8339897000908816	0.7602905569007264
14	0.440568478902181	12.082520161683743	0.8400484701605574	0.7917675544794189
15	0.4403550624847412	11.589967705882513	0.8445925477128143	0.784503631961259
16	0.43996168585384593	10.447701600881723	0.8633747349288095	0.801452784503632
17	0.4389302200741238	9.833566365333704	0.8715540745228718	0.784503631961259
18	0.43817355758265447	9.728781623335985	0.8688276279915177	0.8087167070217918
19	0.4378280878067017	9.084491049441008	0.884580430172675	0.7820823244552058
20	0.43745002292451407	7.984669641806529	0.8994244168433808	0.8135593220338984
21	0.43726452914151276	7.654879819888335	0.900636170857316	0.784503631961259
22	0.4371575687242591	6.844781388457005	0.9115419569827325	0.7917675544794189
23	0.4371199111143748	6.292106199006621	0.9191154195698273	0.8062953995157385
24	0.4369526481628418	5.978104075560203	0.9291123901847925	0.7917675544794189
25	0.437054102237408	5.043501558785255	0.9357770372614359	0.7990314769975787
26	0.43649801501521357	4.476181144467914	0.9472887003938201	0.8087167070217918
27	0.43624114990234375	4.2057583483222585	0.9500151469251742	0.7893462469733656
28	0.43629231946221714	3.726603272308309	0.9539533474704635	0.7869249394673123
29	0.43628793557484946	3.8223071920757112	0.9533474704634959	0.801452784503632
30	0.4356666995633033	2.6595475647885065	0.9733414116934263	0.801452784503632
31	0.4351532384753227	2.3970050493685098	0.9757649197212965	0.8038740920096852
32	0.4348175453417229	2.712742311736712	0.9697061496516207	0.801452784503632
33	0.43429424482233386	1.919189397818767	0.9812178127840049	0.8062953995157385
34	0.4340414592197963	1.6375110130175017	0.9857618903362617	0.7966101694915254
35	0.4342668586307102	1.4129849480321774	0.9872765828536807	0.8038740920096852
36	0.4343261009938008	1.5400940464952817	0.9857618903362617	0.8062953995157385
37	0.43406985935411957	1.3179454347835138	0.9897000908815511	0.8062953995157385
38	0.4340037565964919	1.6796192555473402	0.9866707058467131	0.801452784503632
39	0.43433681726455686	0.9706930266379808	0.9921235989094214	0.8135593220338984
40	0.4345747668568681	0.8401663557071095	0.9933353529233565	0.8062953995157385
-1	-1	-1	-1	-1
0	0.5140900611877441	19.08892346230837	0.6800969403211148	0.6997578692493946
1	0.4677002429962158	18.20049086671609	0.7082702211451075	0.7239709443099274
2	0.4556138515472412	17.320237783285286	0.7297788548924569	0.7070217917675545
3	0.4514423608779907	16.94828778046828	0.7388670099969706	0.7360774818401937
4	0.4474190235137939	16.052319363905834	0.764616782793093	0.7239709443099274
5	0.4458392858505249	15.572753764115847	0.7643138442896092	0.7336561743341404
6	0.44430623735700336	15.226138511529335	0.7700696758558013	0.7021791767554479
7	0.442607045173645	14.913617747620894	0.7824901544986368	0.7506053268765133
8	0.4404475688934326	14.28961213105	0.7891548015752802	0.7433414043583535
9	0.4388387203216553	13.96433378985295	0.7955165101484398	0.7409200968523002
10	0.4368084127252752	14.088182831039795	0.7991517721902454	0.7167070217917676
11	0.43568644920984906	13.406384576112032	0.8170251438957892	0.7917675544794189
12	0.4341587286729079	12.740757152438164	0.8239927294759164	0.7796610169491526
13	0.43349855286734446	12.3826673288758	0.830354438049076	0.7699757869249395
14	0.4325037161509196	11.605784409321272	0.8473189942441685	0.774818401937046
15	0.4316958039999008	11.28397016800367	0.8442896092093305	0.7481840193704601
16	0.4307839449714212	10.611336685143984	0.8642835504392609	0.7675544794188862
17	0.4302586184607612	9.870660820832619	0.8721599515298395	0.774818401937046
18	0.4298486835078189	9.356912118884233	0.8806422296273856	0.7941888619854721
19	0.42918444871902467	8.909090610077747	0.881551045137837	0.7796610169491526
20	0.42886072113400414	8.030754239513325	0.9012420478642835	0.8062953995157385
21	0.4283988259055398	7.683579722849222	0.9057861254165405	0.7796610169491526
22	0.4282335198443869	7.501863790819278	0.9042714328991215	0.8062953995157385
23	0.4280131260553996	6.65020664036274	0.9145713420175704	0.774818401937046
24	0.4279417610168457	5.715568382006425	0.9348682217509845	0.7869249394673123
25	0.4279150045835055	5.391641950951173	0.936988791275371	0.7675544794188862
26	0.42788744855810096	4.305732047328582	0.9478945774007876	0.774818401937046
27	0.4275792155947004	4.183353800899708	0.9515298394425932	0.7820823244552058
28	0.42739668385735874	3.7609803553384085	0.9572856710087853	0.7941888619854721
29	0.4276597817738851	2.954557773737738	0.9687973341411693	0.7917675544794189
30	0.42775773232983005	2.573505342713011	0.9745531657073614	0.7966101694915254
31	0.428776316344738	2.317421469407586	0.9815207512874886	0.7796610169491526
32	0.4287624142386697	1.972292539753163	0.9800060587700696	0.7820823244552058
33	0.4286358777214499	1.9910633883152444	0.9815207512874886	0.774818401937046
34	0.42820026533944267	2.157163583028775	0.9784913662526508	0.7893462469733656
35	0.4278577963511149	1.6358491475335681	0.985458951832778	0.7772397094430993
36	0.4275294187906626	1.3908028460752506	0.9906089063920024	0.7917675544794189
37	0.42741693948444565	1.200400794426409	0.9903059678885187	0.801452784503632
38	0.42713382305243075	0.7830989134784502	0.9945471069372918	0.8038740920096852
39	0.4268931567668915	0.4311847506234279	0.996970614965162	0.7941888619854721
40	0.4268489000273914	0.5571441141219111	0.9966676764616783	0.7941888619854721
-1	-1	-1	-1	-1
0	0.5647482872009277	19.251232381050404	0.6756511205330104	0.7530266343825666
1	0.4903831481933594	18.286748393223835	0.7068443367655967	0.7820823244552058
2	0.4669945240020752	16.802418628564247	0.7462144155057541	0.7481840193704601
3	0.4547573924064636	16.238388730929447	0.7571168988491823	0.6585956416464891
4	0.449899959564209	16.20113655237051	0.7640823743185948	0.7820823244552058
5	0.4473201036453247	15.409987298341898	0.7783161720169595	0.8062953995157385
6	0.4444112777709961	15.427435471461369	0.7692307692307693	0.7070217917675545
7	0.4411076009273529	14.742387095322975	0.7864930345245306	0.7554479418886199
8	0.43962597846984863	14.013455285475803	0.7937613567534827	0.8135593220338984
9	0.4374110460281372	13.789870110841898	0.806480920654149	0.7820823244552058
10	0.43621600757945667	13.948300347878384	0.7995154451847365	0.8450363196125908
11	0.4345419605573018	13.124469225223248	0.8204118715929739	0.8329297820823245
12	0.43342474790719837	12.651133163617207	0.8316172016959419	0.8208232445520581
13	0.4327475002833775	12.027695481593792	0.8337371290127196	0.7941888619854721
14	0.43177607854207356	11.318351504894403	0.8473652331920049	0.8159806295399515
15	0.43094904720783234	10.806648414868574	0.8497880072683223	0.8280871670702179
16	0.43001580238342285	10.40091373370244	0.8664445790430042	0.8401937046004843
17	0.42997058232625324	9.610620221982781	0.8734100545124167	0.8038740920096852
18	0.4308944124924509	9.027227640151978	0.8831011508176863	0.801452784503632
19	0.4306832909584045	8.296680708917288	0.8903694730466384	0.8159806295399515
20	0.4303609416598365	7.658924055787233	0.9015748031496063	0.8159806295399515
21	0.4300744858655063	7.172163052054552	0.905511811023622	0.8208232445520581
22	0.42987910560939624	6.448255281035717	0.9200484554815264	0.7966101694915254
23	0.4296641945838928	5.393561638605136	0.9309509388249546	0.8305084745762712
24	0.4296995162963867	5.030952340708329	0.9460932768019382	0.7917675544794189
25	0.4299689256227933	4.640705299348785	0.9451847365233192	0.8087167070217918
26	0.4297779754356102	4.430617626469869	0.949121744397335	0.801452784503632
27	0.4294402684484209	3.816878652629944	0.9597213809812235	0.8087167070217918
28	0.42938325322907545	3.491814931711325	0.9633555420956996	0.8135593220338984
29	0.4292352914810181	3.0657381124507923	0.9700181708055724	0.8256658595641646
30	0.4289940172626126	2.182605991569849	0.9763779527559056	0.8353510895883777
-1	-1	-1	-1	-1
0	0.509329080581665	19.352907148691322	0.6718135028761731	0.6723300970873787
1	0.4636038541793823	18.670982674910473	0.6924008477141992	0.5533980582524272
2	0.44853512446085614	17.51525980463395	0.7178322736905843	0.6966019417475728
3	0.44086307287216187	16.51493004193673	0.7526491068725402	0.6796116504854369
4	0.43756861686706544	16.014264523983	0.7668785952164698	0.7281553398058253
5	0.4336361487706502	15.667764977766918	0.7671813502876174	0.7281553398058253
6	0.4318183149610247	15.063545676378103	0.7853466545564638	0.7451456310679612
7	0.4307363033294678	14.812192749518614	0.7892824704813806	0.691747572815534
8	0.4294558631049262	14.447117658761831	0.795034816833182	0.720873786407767
9	0.42981419563293455	14.096539836663466	0.8001816530426885	0.7378640776699029
10	0.42927601120688696	13.912629242126759	0.8065395095367848	0.7354368932038835
11	0.42862000068028766	12.857778118206905	0.8171359370269452	0.7451456310679612
12	0.42830734986525315	12.63673567886536	0.8240993036633364	0.7669902912621359
13	0.42843988963535856	11.730365294676561	0.8413563427187405	0.7621359223300971
14	0.4277921199798584	11.47343159180421	0.841659097789888	0.7475728155339806
15	0.427749365568161	11.022343793740639	0.8525582803511959	0.7572815533980582
16	0.42746559311361876	10.47324891961538	0.8586133817741447	0.7087378640776699
17	0.4270702070660061	10.20833371235774	0.8655767484105359	0.7912621359223301
18	0.4269625262210244	9.098934017694914	0.8831365425370875	0.7524271844660194
19	0.4266080975532532	8.640876061641253	0.8900999091734787	0.7621359223300971
20	0.42684567542303176	8.11698260788734	0.8940357250983954	0.779126213592233
21	0.42647690122777765	7.452938918883984	0.9106872540115047	0.7621359223300971
22	0.4262442070504893	6.767761562306148	0.9158340902210113	0.7766990291262136
23	0.42597628633181256	6.111077706401165	0.9252194974265819	0.7912621359223301
24	0.42564959526062013	5.47287862518659	0.9358159249167424	0.8106796116504854
25	0.42535128043248105	4.66010656608985	0.950650923402967	0.7961165048543689
26	0.42527588208516437	4.730575202462765	0.9439903118377233	0.7961165048543689
27	0.4249395302363804	3.9064947767899585	0.9548894943990311	0.7961165048543689
28	0.4247611391133276	3.928641270273007	0.9570087798970632	0.7839805825242718
29	0.4248888651529948	3.264056927596147	0.9682107175295186	0.7985436893203883
30	0.42465959056731195	1.9802865166790211	0.9803209203754163	0.8131067961165048
31	0.42473696172237396	1.905001982759971	0.9830457160157433	0.7888349514563107
32	0.42465436097347375	1.5994115251188095	0.9854677565849228	0.8106796116504854
33	0.42469857019536633	1.5148381017900716	0.9851650015137754	0.808252427184466
34	0.425021573475429	1.40765616340706	0.989100817438692	0.8058252427184466
35	0.4252495699458652	1.3992136382641127	0.9851650015137754	0.8009708737864077
36	0.42533677333110087	1.2973602086735458	0.9894035725098396	0.808252427184466
37	0.425132155418396	1.15786765053725	0.9900090826521344	0.8058252427184466
38	0.4250307938991449	0.6947183050752546	0.9942476536481986	0.8033980582524272
39	0.42515396475791933	0.616269964688959	0.9957614290039358	0.8252427184466019
40	0.4250980412087789	0.5419040790024715	0.9957614290039358	0.8179611650485437
41	0.42531756560007733	0.5973944366694643	0.9957614290039358	0.8155339805825242
42	0.42539973591649255	0.49957032172152627	0.9963669391462306	0.8131067961165048
43	0.42533768848939374	0.5236506319219748	0.9960641840750832	0.8155339805825242
44	0.4254054440392388	0.9837622288748837	0.9906145927944293	0.8058252427184466
45	0.42529590751813806	0.5964889130734193	0.9939448985770512	0.8009708737864077
46	0.4253520864121457	0.36431690466661865	0.9966696942173782	0.808252427184466
47	0.42516720791657764	0.416781983544262	0.9963669391462306	0.8228155339805825
48	0.42525291929439624	0.2750940465708621	0.997275204359673	0.8058252427184466
49	0.4252232265472412	0.3217856264314972	0.9975779594308205	0.8106796116504854
50	0.4251576638689228	0.2968427978429155	0.997275204359673	0.8058252427184466
51	0.4251956847997812	0.2609482852097314	0.9978807145019679	0.8106796116504854
52	0.4250458636373844	0.22554997842346963	0.9975779594308205	0.8131067961165048
53	0.42521834814990006	0.2368342763511464	0.9975779594308205	0.8131067961165048
54	0.42538367184725673	0.266216990367796	0.9969724492885256	0.8131067961165048
55	0.4254322222300938	0.23312112240147634	0.9978807145019679	0.808252427184466
56	0.4253195921579997	0.2663784339182222	0.9969724492885256	0.808252427184466
57	0.42532083083843364	0.3040878759571709	0.9969724492885256	0.8131067961165048
58	0.4252012139659817	0.21246045435635516	0.997275204359673	0.8131067961165048
59	0.42521509329477947	0.2815430143404788	0.9969724492885256	0.8106796116504854
-1	-1	-1	-1	-1
0	0.5686273574829102	19.601128358107346	0.6669694217378141	0.7063106796116505
1	0.49305689334869385	18.437389075756073	0.7014834998486225	0.7305825242718447
2	0.4693179130554199	17.29654612449499	0.735392067817136	0.7330097087378641
3	0.4576982259750366	16.784373693741284	0.7502270663033606	0.7548543689320388
4	0.45163884162902834	16.348120405123783	0.7508325764456555	0.7694174757281553
5	0.45047223567962646	15.80427878178083	0.773841961852861	0.7427184466019418
6	0.4481664385114397	15.531455548909994	0.7714199212836815	0.7330097087378641
7	0.44577035307884216	14.611223062643639	0.7850438994853164	0.7621359223300971
8	0.4431050618489583	14.592239652688686	0.7868604299122011	0.8058252427184466
9	0.4421689510345459	14.551108062267303	0.8004844081138359	0.7718446601941747
10	0.4416601874611594	14.106976684469442	0.7959430820466242	0.8058252427184466
11	0.4419863820075989	12.945579077188786	0.8150166515289131	0.8179611650485437
12	0.4412793012765738	13.107815466248072	0.8165304268846503	0.7985436893203883
13	0.4410360370363508	12.487942503048824	0.8256130790190735	0.8106796116504854
14	0.43932394981384276	11.76218162362392	0.8525582803511959	0.8179611650485437
15	0.43920956552028656	11.280854120850563	0.8471086890705419	0.8300970873786407
16	0.4385150741128361	11.384063000862415	0.8452921586436573	0.8203883495145631
17	0.43767086664835614	10.003368205749071	0.8655767484105359	0.8155339805825242
18	0.43685151401319	9.533173550780003	0.8749621556161066	0.8155339805825242
19	0.4372933506965637	8.749221473932266	0.8879806236754466	0.8058252427184466
20	0.4369523979368664	8.239562015693922	0.89585225552528	0.8131067961165048
21	0.436669338833202	7.64990169612261	0.9055404178019982	0.8179611650485437
22	0.4365400335063105	6.787950037763669	0.9206781713593702	0.8009708737864077
23	0.43595896164576214	6.742720275544203	0.9206781713593702	0.7936893203883495
24	0.4355269813537598	6.032828106329991	0.9276415379957614	0.8252427184466019
25	0.4352025343821599	5.24572029709816	0.9373297002724795	0.8106796116504854
26	0.4350688545792191	5.053801488417846	0.9442930669088707	0.8155339805825242
27	0.4347326840673174	4.193977044178889	0.9497426581895246	0.8300970873786407
28	0.4352983770699337	3.6218780594376416	0.9594308204662428	0.8349514563106796
29	0.43488065401713055	3.63537293077948	0.9603390856796852	0.8470873786407767
30	0.4346057522681452	2.7879988519618144	0.9685134726006661	0.8276699029126213
31	0.4349394366145134	2.3866998043914256	0.9772933696639419	0.8203883495145631
32	0.4349547371719823	2.559671346671306	0.9745685740236149	0.8058252427184466
33	0.4347127535763909	2.2964236323650065	0.9785043899485316	0.8470873786407767
34	0.4344043254852295	1.6475704104388849	0.98698153194066	0.8131067961165048
35	0.4341062969631619	1.2601429721197257	0.9903118377232819	0.8300970873786407
36	0.4337189197540283	1.2475840828309839	0.9900090826521344	0.808252427184466
37	0.43357738695646586	1.762899905299911	0.9848622464426279	0.8325242718446602
38	0.4333767340733455	1.379932785129103	0.989100817438692	0.837378640776699
39	0.43330278992652893	1.1483730800593128	0.9915228580078717	0.8398058252427184
40	0.43365641919577996	1.0914253164799168	0.9918256130790191	0.8349514563106796
41	0.43381041572207496	0.7350532151848221	0.9951559188616409	0.837378640776699
42	0.43403853926547736	0.653385123609601	0.9969724492885256	0.8398058252427184
43	0.4340130957690152	0.7862306410500494	0.9951559188616409	0.8300970873786407
44	0.433954201804267	0.5651461022565715	0.9963669391462306	0.8349514563106796
45	0.4338681801505711	0.4905604316781347	0.9969724492885256	0.8276699029126213
46	0.4339145041526632	0.4851829710488136	0.9960641840750832	0.8325242718446602
47	0.43380053838094074	0.5483437767968729	0.9966696942173782	0.8349514563106796
48	0.43358687478668834	0.5903135509042141	0.9966696942173782	0.8325242718446602
49	0.4334132671356201	0.43455033677701765	0.9960641840750832	0.8300970873786407
-1	-1	-1	-1	-1
0	0.5062856674194336	19.669502487549416	0.6589945487583283	0.6771844660194175
1	0.46178269386291504	18.456219035845535	0.6950333131435493	0.7184466019417476
2	0.4466927846272786	17.19261954151667	0.7401574803149606	0.6941747572815534
3	0.4398377537727356	16.83166793218026	0.743488794669897	0.6966019417475728
4	0.43506898880004885	16.286065865021484	0.7552998182919443	0.7402912621359223
5	0.43216919898986816	15.37059400173334	0.7761962447001817	0.7524271844660194
6	0.4298332759312221	15.652703431936411	0.7752877044215627	0.7233009708737864
7	0.4281805157661438	14.888626568592512	0.7895215021199273	0.7524271844660194
8	0.42677240901523167	14.858268545224117	0.7861901877649909	0.7524271844660194
9	0.425294303894043	13.899026499344753	0.806480920654149	0.75
10	0.42480186982588336	13.62202758513964	0.8101150817686251	0.7548543689320388
11	0.42446593443552655	13.247014440022982	0.8089036947304664	0.7524271844660194
12	0.4239815565255972	12.324400351597713	0.8301029678982434	0.7621359223300971
13	0.4234943560191563	12.209664532771477	0.8343428225317989	0.7621359223300971
14	0.4237845738728841	11.223046075839262	0.8494851605087825	0.7572815533980582
15	0.423733189702034	10.936674010295134	0.8591762568140521	0.7524271844660194
16	0.4243172196780934	9.918781800911976	0.871290127195639	0.7645631067961165
17	0.425704214307997	9.203574280326183	0.8831011508176863	0.7524271844660194
18	0.4255726462916324	8.914136148416079	0.8855239248940037	0.779126213592233
19	0.42567896842956543	8.291920489989794	0.8994548758328286	0.7548543689320388
20	0.4258886064801897	7.609617067071108	0.9085402786190188	0.7718446601941747
21	0.4258906732905995	6.901734035462141	0.9103573591762568	0.7961165048543689
22	0.4265947652899701	6.161607661499427	0.9242883101150817	0.7645631067961165
23	0.4268326958020528	5.725258705707697	0.9364021804966687	0.7694174757281553
24	0.42763431549072267	5.1495812724416075	0.9382192610539067	0.7694174757281553
25	0.4280215593484732	4.670709616003128	0.9424591156874621	0.7621359223300971
26	0.42809911127443667	4.0762887470997295	0.9530587522713507	0.7572815533980582
27	0.42832211937223164	4.474151721367469	0.9509388249545729	0.7524271844660194
28	0.4280513894969019	3.468742847729188	0.9618413082980012	0.7524271844660194
29	0.429032039642334	2.425035122352151	0.9772864930345245	0.7645631067961165
30	0.42903717102543	2.2649507138054243	0.9757722592368262	0.7718446601941747
31	0.4290773645043373	2.4612811386692695	0.9772864930345245	0.7597087378640777
32	0.42894260811083246	1.7523928811558738	0.9860690490611751	0.7742718446601942
33	0.42901917766122255	1.3555016098633552	0.9860690490611751	0.7742718446601942
34	0.4288374492100307	1.0152933510163655	0.9915202907328892	0.7669902912621359
35	0.4284780157936944	0.9270411506295204	0.9918231374924288	0.7718446601941747
36	0.42831745663204707	0.6412777331514428	0.9954572986069049	0.779126213592233
37	0.4279442209946482	2.2333954334832153	0.9827377347062386	0.7645631067961165
38	0.42874652300125515	1.2688905825108612	0.9921259842519685	0.7766990291262136
39	0.4286478817462921	0.6925267095928296	0.9957601453664445	0.7766990291262136
40	0.42844393195175545	0.7012273395935503	0.9957601453664445	0.7864077669902912
41	0.4281711181004842	0.4851873577214204	0.9960629921259843	0.7815533980582524
-1	-1	-1	-1	-1
0	0.5619869232177734	19.836434529377865	0.657982429566798	0.6949152542372882
1	0.49320852756500244	18.46163724935972	0.6982732505301423	0.7602905569007264
2	0.46788692474365234	17.22373103006528	0.7349288094516813	0.7651331719128329
3	0.4561319351196289	16.45077682687686	0.7537109966676765	0.7554479418886199
4	0.44901609420776367	16.12764468559852	0.755831566192063	0.7506053268765133
5	0.44431038697560626	15.77808455320505	0.7724931838836716	0.7699757869249395
6	0.4417313848223005	15.0271896227048	0.7800666464707664	0.7433414043583535
7	0.43885624408721924	15.734485940291332	0.7688579218418661	0.7239709443099274
8	0.437139007780287	14.522357663282982	0.7876401090578613	0.7723970944309927
9	0.43562612533569334	14.210870465407005	0.7936988791275371	0.7796610169491526
10	0.43695816126736725	13.514252100139856	0.8136928203574675	0.7917675544794189
11	0.4352909525235494	13.343786127292192	0.8109663738261133	0.7966101694915254
12	0.4345588684082031	12.799460993363308	0.8227809754619813	0.8038740920096852
13	0.4333454540797642	11.851512504311708	0.8394425931535898	0.801452784503632
14	0.4326734224955241	11.453779616034948	0.8488336867615874	0.7966101694915254
15	0.43162958323955536	10.752127240483578	0.8512571947894577	0.8062953995157385
16	0.4309213161468506	9.934444050376232	0.8648894274462284	0.7796610169491526
17	0.4303732713063558	9.626798006204458	0.8788245986064829	0.8159806295399515
18	0.42980456352233887	9.367296805748573	0.8885186307179642	0.8062953995157385
19	0.42954407930374144	8.361181978995983	0.8963950318085429	0.7941888619854721
20	0.4294433139619373	7.605176015255543	0.9088155104513783	0.7675544794188862
21	0.4291347156871449	7.317643551872327	0.906392002423508	0.8062953995157385
22	0.42928471772567084	6.207699494293103	0.9282035746743411	0.7651331719128329
23	0.42935270071029663	5.900838291415801	0.9236594971220842	0.801452784503632
24	0.4288104724884033	5.6408745887187814	0.9318388367161466	0.8305084745762712
25	0.42873109303987944	4.806629977260645	0.9463798848833687	0.837772397094431
26	0.42935993936326766	4.25023050663563	0.9491063314147228	0.8232445520581114
27	0.42968800238200594	3.9665742367506027	0.9542562859739473	0.8135593220338984
28	0.4300092253191718	3.298853773910266	0.9645561950923962	0.8184019370460048
29	0.4296688238779704	3.135549490259459	0.9657679491063315	0.8087167070217918
30	0.42979351935848115	2.945380950239129	0.9697061496516207	0.8159806295399515
31	0.430012583732605	2.544897236646368	0.9706149651620721	0.8087167070217918
32	0.43007484349337494	1.6286419668378165	0.985458951832778	0.8232445520581114
33	0.42990559690138874	1.3155314503864457	0.9878824598606483	0.7651331719128329
34	0.4300459316798619	1.5370858709256237	0.9842471978188427	0.8159806295399515
35	0.42981184853447807	1.2512885482440022	0.9878824598606483	0.8232445520581114
36	0.4297588838113321	0.9990024284656661	0.9906089063920024	0.8280871670702179
37	0.429927386735615	0.9501744928554847	0.99121478339897	0.8208232445520581
38	0.4301152657239865	0.7770599607521524	0.9936382914268403	0.8087167070217918
39	0.4300207018852234	0.7416636886437817	0.9948500454407755	0.8353510895883777
40	0.4304597028871862	0.5968213201357195	0.9960617994547107	0.8280871670702179
41	0.4304363897868565	0.37950612680371987	0.9978794304756134	0.8353510895883777
42	0.4302815781083218	0.33822346286615357	0.9972735534686459	0.8256658595641646
43	0.4302732998674566	0.4270364894674948	0.996970614965162	0.8256658595641646
44	0.43017954296535915	0.3764737815184232	0.9975764919721296	0.8280871670702179
45	0.43017813433771546	0.27859228745084974	0.9981823689790973	0.8111380145278451
-1	-1	-1	-1	-1
0	0.5091838836669922	19.525998543088253	0.6646470766434414	0.6416464891041163
1	0.49362003803253174	18.16645570901724	0.70766434413814	0.6924939467312349
2	0.4704302151997884	17.20469345496251	0.7303847318994244	0.7288135593220338
3	0.45777732133865356	16.55774629345307	0.7473492880945168	0.7191283292978208
4	0.45028023719787597	15.620002226187633	0.774916691911542	0.6682808716707022
5	0.4455289840698242	15.75693736397303	0.7640109057861254	0.6658595641646489
6	0.442976713180542	15.185007469012188	0.7764313844289609	0.7578692493946732
7	0.44034138321876526	14.802414573155916	0.780672523477734	0.7312348668280871
8	0.43976495001051163	14.360974942262356	0.790972432596183	0.7530266343825666
9	0.4380074977874756	13.916983840557245	0.8015752802181157	0.7820823244552058
10	0.43753320520574396	13.6434275668401	0.8106634353226295	0.7675544794188862
11	0.4372958143552144	13.212429147500258	0.8152075128748864	0.7796610169491526
12	0.43718895545372594	12.339504627081064	0.8342926385943653	0.7966101694915254
13	0.43632963725498747	12.008568727626251	0.8379279006361708	0.7481840193704601
14	0.43501388231913246	11.736037541180849	0.8433807936988791	0.801452784503632
15	0.4348277151584625	11.160902383235785	0.849439563768555	0.7966101694915254
16	0.4343528046327479	10.581002007310207	0.8591335958800363	0.8038740920096852
17	0.43518781661987305	9.45940872339102	0.883065737655256	0.7772397094430993
18	0.43522635259126363	9.12286244905912	0.8842774916691911	0.8062953995157385
19	0.43521604537963865	8.386196677501385	0.8915480157528022	0.7675544794188862
20	0.4345439388638451	8.410534549217958	0.8951832777946077	0.784503631961259
21	0.4340781190178611	7.651253041453087	0.9015449863677674	0.8062953995157385
22	0.4332362154255743	6.9645684490410185	0.9148742805210542	0.837772397094431
23	0.4328003724416097	6.182008484235177	0.9257800666464707	0.8184019370460048
24	0.43182384490966796	5.226623661242998	0.9366858527718873	0.801452784503632
25	0.4313268478100116	4.769802682961409	0.9448651923659497	0.8208232445520581
26	0.4311369878274423	4.567862052900287	0.9485004544077552	0.7869249394673123
27	0.4307808790888105	3.8992258390555015	0.9578915480157528	0.8062953995157385
28	0.43072651994639427	3.6847547822488615	0.9572856710087853	0.7941888619854721
29	0.43080930709838866	3.3464485729793805	0.9609209330505907	0.8087167070217918
30	0.43056264231281893	2.2441597363123527	0.9769766737352318	0.837772397094431
31	0.43021462112665176	2.274107691903527	0.9784913662526508	0.7917675544794189
32	0.43025147553646204	2.293222987594513	0.9745531657073614	0.8208232445520581
33	0.43003764573265524	1.8160771902364035	0.9803089972735535	0.8062953995157385
34	0.42989134107317245	1.538813355880288	0.9836413208118752	0.8232445520581114
35	0.42963409423828125	2.0282589577568264	0.980914874280521	0.7966101694915254
36	0.4294429663065317	1.6781449523091747	0.9836413208118752	0.8256658595641646
37	0.4293749834361829	0.9366953094274952	0.9933353529233565	0.8232445520581114
38	0.429215975296803	0.5621450157486834	0.9957588609512269	0.8232445520581114
39	0.4292880356311798	0.665883737974442	0.9954559224477431	0.8184019370460048
40	0.42904624124852625	0.5465637407301424	0.9960617994547107	0.8184019370460048
41	0.4288524105435326	0.46290862834295976	0.9972735534686459	0.8184019370460048
42	0.42874475412590557	0.569846724886492	0.9960617994547107	0.8232445520581114
-1	-1	-1	-1	-1
0	0.5082607269287109	19.182432458950924	0.6837322023629203	0.7094430992736077
1	0.46636080741882324	18.374171937887485	0.7049378976067858	0.7506053268765133
2	0.44985278447469074	17.22851454065396	0.732505301423811	0.7772397094430993
3	0.4428478479385376	16.386330728347485	0.7591638897303847	0.7723970944309927
4	0.4389049530029297	16.279401916723984	0.7531051196607089	0.7457627118644068
5	0.4365178346633911	15.705591447078264	0.763102090275674	0.7675544794188862
6	0.43636529786246164	15.43054294356933	0.7715843683732202	0.7530266343825666
7	0.43537551164627075	14.892789891132942	0.780672523477734	0.8038740920096852
8	0.4358350435892741	14.940119569118206	0.7815813389881854	0.6973365617433414
9	0.4354762315750122	14.446558492688032	0.7891548015752802	0.7554479418886199
10	0.436675028367476	14.167284212433374	0.8003635262041805	0.7772397094430993
11	0.4349883596102397	13.5357596129179	0.8043017267494699	0.7796610169491526
12	0.4345406385568472	13.029362483666493	0.821569221448046	0.801452784503632
13	0.4339726652417864	12.520698652817654	0.8379279006361708	0.8111380145278451
14	0.43369712829589846	11.899036136957315	0.8415631626779764	0.801452784503632
15	0.4324055165052414	11.224523143126415	0.8491366252650712	0.801452784503632
16	0.43186522932613597	10.817643805192066	0.8558012723417147	0.8208232445520581
17	0.43186432785458034	10.070126926669708	0.8724628900333232	0.801452784503632
18	0.4314453601837158	9.475519980375584	0.8748863980611936	0.8329297820823245
19	0.43091870546340943	8.909300916470015	0.8851863071796425	0.8232445520581114
20	0.4304342496962774	8.052057731610079	0.8979097243259618	0.8159806295399515
21	0.4311794367703525	7.6015412990863505	0.9042714328991215	0.8087167070217918
22	0.43091584288555645	6.77941674581514	0.9157830960315057	0.8401937046004843
23	0.4307847519715627	5.828383934039336	0.9272947591638897	0.8184019370460048
24	0.43039923667907715	5.774018379931267	0.9300212056952438	0.837772397094431
25	0.43034605796520525	5.203675507352902	0.9424416843380794	0.8256658595641646
26	0.42982825526484736	4.649994649816877	0.9442593153589821	0.8305084745762712
27	0.4295352186475481	4.649224811448501	0.9481975159042715	0.8208232445520581
28	0.42949805588557805	4.039262994550741	0.9548621629809149	0.8087167070217918
29	0.4299556414286296	3.431689173556291	0.9624356255680097	0.8256658595641646
30	0.42999203743473174	2.9713615362460795	0.9660708876098152	0.8280871670702179
31	0.4300965666770935	2.4976998169619877	0.9712208421690397	0.847457627118644
32	0.4301874204115434	1.8879862298759131	0.980914874280521	0.8256658595641646
33	0.43016961742849913	1.8978979591853344	0.9830354438049076	0.8450363196125908
34	0.43134871210370745	1.5945421336935117	0.9866707058467131	0.8232445520581114
35	0.4313784705268012	1.0759279153560504	0.9918206604059376	0.8498789346246973
36	0.4316082322919691	0.9343274864726342	0.9924265374129052	0.8498789346246973
37	0.43167003204948023	1.1239918662714234	0.9900030293850348	0.8401937046004843
38	0.4317159958374806	1.2511215054524096	0.9909118448954862	0.8450363196125908
39	0.4315189480781555	0.8126709663237517	0.9945471069372918	0.837772397094431
40	0.43143485232097345	0.6264693391634725	0.9966676764616783	0.847457627118644
41	0.4315839211146037	0.6591776612577422	0.9951529839442593	0.8450363196125908
42	0.4315687612045643	0.6532281009086336	0.9957588609512269	0.847457627118644
43	0.43152963573282416	0.5800656025620321	0.9966676764616783	0.8329297820823245
44	0.43149735662672256	0.5556571565819188	0.9960617994547107	0.8523002421307506
45	0.43151656441066577	0.4717108951881528	0.9966676764616783	0.8401937046004843
46	0.43163197091285216	0.3588188821987177	0.9972735534686459	0.8523002421307506
47	0.43164288997650146	0.4545537127593819	0.9960617994547107	0.847457627118644
48	0.4314842467405358	0.4347054217225657	0.996970614965162	0.847457627118644
49	0.43132446765899657	0.3531212641257578	0.996970614965162	0.837772397094431
50	0.43111245772417855	0.428023604156736	0.9960617994547107	0.8426150121065376
51	0.43103577998968273	0.4077282834601087	0.9966676764616783	0.8523002421307506
52	0.430831252403979	0.36084427527832585	0.9972735534686459	0.847457627118644
53	0.43076027322698524	0.3417124825041705	0.9963647379581945	0.8523002421307506
54	0.4304726470600475	0.40256142234340164	0.996970614965162	0.8523002421307506
55	0.4304297481264387	0.30703693627831924	0.9972735534686459	0.8401937046004843
56	0.4302078464574981	0.39895609525354725	0.9963647379581945	0.8401937046004843
57	0.43004264502689754	0.2851190550270705	0.9981823689790973	0.847457627118644
58	0.4299589617777679	0.2678863625777082	0.9975764919721296	0.8450363196125908
59	0.42971052328745524	0.3500283612968185	0.9975764919721296	0.8498789346246973
60	0.4295652967984559	0.36582989995188725	0.996970614965162	0.8523002421307506
61	0.4293988904645366	0.3667246289551258	0.9966676764616783	0.8523002421307506
62	0.42919631988283186	0.34779759517494735	0.9972735534686459	0.8450363196125908
63	0.4291148968040943	0.24671104110669917	0.9981823689790973	0.847457627118644
64	0.4289798516493577	0.34514149570783886	0.9966676764616783	0.8498789346246973
-1	-1	-1	-1	-1
0	0.5604779720306396	19.338801562786102	0.6791881248106635	0.7239709443099274
1	0.4894132614135742	18.374241528602745	0.7037261435928507	0.7288135593220338
2	0.46673059463500977	17.119679959920738	0.7425022720387762	0.7336561743341404
3	0.45403528213500977	16.834087419968384	0.7437140260527113	0.738498789346247
4	0.44687709808349607	15.674698417003338	0.7703726143592851	0.7651331719128329
5	0.4430418411890666	15.871240058770546	0.7712814298697365	0.7651331719128329
6	0.4399137156350272	15.01293734059884	0.7830960315056044	0.7554479418886199
7	0.4382365643978119	14.840970656046501	0.7858224780369585	0.7699757869249395
8	0.4360724290211995	14.544730034585182	0.7943047561345047	0.774818401937046
9	0.4349700689315796	13.957609417346807	0.8033929112390185	0.7675544794188862
10	0.4343815066597678	13.1701859327463	0.8188427749166919	0.7772397094430993
11	0.43492162227630615	13.130769515839907	0.815813389881854	0.7820823244552058
12	0.43481804774357724	12.44057841025866	0.8324750075734626	0.774818401937046
13	0.4348945277077811	12.239106426445337	0.8348985156013329	0.7966101694915254
14	0.4345486005147298	11.39148401755553	0.847924871251136	0.7966101694915254
15	0.4342275559902191	10.638981208778345	0.8627688579218419	0.8232445520581114
16	0.43338049159330483	10.233506349990002	0.8645864889427446	0.8135593220338984
17	0.43255696031782365	9.294431035335247	0.8754922750681612	0.7966101694915254
18	0.43220629190143783	9.07202487381605	0.881551045137837	0.8135593220338984
19	0.43235369920730593	8.377988637639927	0.8951832777946077	0.8111380145278451
20	0.43202378636314753	7.695314277536594	0.9054831869130566	0.8135593220338984
21	0.43150997161865234	6.840606619532291	0.9191154195698273	0.8232445520581114
22	0.4314872078273607	6.082489468730413	0.9315358982126628	0.8184019370460048
23	0.43097931146621704	5.970414104083409	0.9251741896395032	0.8208232445520581
24	0.43052881240844726	5.429770553197998	0.9394122993032414	0.8111380145278451
25	0.4300847420325646	4.826038712492356	0.9457740078764011	0.8305084745762712
26	0.4299357025711625	4.461105552430336	0.9542562859739473	0.8305084745762712
27	0.42953646183013916	3.7258656898943276	0.9597091790366555	0.8305084745762712
28	0.42920482569727403	3.432094358946555	0.9600121175401394	0.8256658595641646
29	0.4289923826853434	3.1745691299438477	0.9691002726446531	0.8256658595641646
30	0.4286799353937949	2.671419222194415	0.9748561042108452	0.8159806295399515
31	0.42865197360515594	2.4334499043851303	0.9763707967282642	0.8184019370460048
32	0.4285883975751472	1.8984691896705324	0.9797031202665859	0.8256658595641646
33	0.42865129779366884	1.9740167604042933	0.9821266282944562	0.8135593220338984
34	0.42852256638663155	2.065545202555278	0.9781884277491669	0.8062953995157385
35	0.4286476108762953	1.477872666361061	0.9869736443501969	0.8184019370460048
36	0.42834809664133433	1.7383150972108035	0.9872765828536807	0.8135593220338984
37	0.4282308126750745	1.1590138252537985	0.9918206604059376	0.8184019370460048
38	0.4282221121665759	0.95255953223946	0.9915177219024538	0.8426150121065376
39	0.42800421714782716	1.0444529561634857	0.9933353529233565	0.8426150121065376
40	0.42788690473975205	0.8311618347562706	0.9948500454407755	0.8353510895883777
41	0.4277264504205613	0.739607385180604	0.9939412299303242	0.8111380145278451
42	0.42787091676578964	0.7932153259081622	0.9939412299303242	0.8305084745762712
43	0.4278753833337264	0.8755121109290764	0.9945471069372918	0.8232445520581114
44	0.42794251441955566	0.7189267098527545	0.9942441684338079	0.8208232445520581
45	0.42770355162413226	0.7604546779408478	0.9948500454407755	0.8208232445520581
46	0.4276332500133109	0.5480071121576027	0.996970614965162	0.8280871670702179
47	0.4274900605281194	0.5808927357687096	0.9960617994547107	0.8256658595641646
48	0.42751168231574854	0.482973401912694	0.9963647379581945	0.8184019370460048
49	0.427347469329834	0.4484168128121662	0.996970614965162	0.8208232445520581
50	0.427167812983195	0.4948685429094789	0.996970614965162	0.8208232445520581
51	0.4271915784248939	0.38920615126307195	0.9966676764616783	0.8256658595641646
52	0.4270101898121384	0.4017104076097334	0.9972735534686459	0.8135593220338984
53	0.4268956449296739	0.5300626373097587	0.9960617994547107	0.8232445520581114
54	0.4266503030603582	0.358124203603858	0.9960617994547107	0.8208232445520581
55	0.42660310012953623	0.3605444490766296	0.9963647379581945	0.8159806295399515
56	0.4264940671753465	0.41271849040192765	0.9966676764616783	0.8256658595641646
57	0.42637536854579533	0.386478155430478	0.996970614965162	0.8256658595641646
58	0.42630312402369613	0.3806935354637412	0.996970614965162	0.8256658595641646
-1	-1	-1	-1	-1
0	0.5023214817047119	19.66251510840196	0.66373826113299	0.7288135593220338
1	0.46248018741607666	18.236549139022827	0.7025143895789154	0.6513317191283293
2	0.4473721981048584	17.4103883596567	0.7261435928506513	0.7506053268765133
3	0.4406583905220032	16.723538579849098	0.7373523174795517	0.7142857142857143
4	0.43709373474121094	16.10428038239479	0.764616782793093	0.7433414043583535
5	0.43431274096171063	15.84620522077267	0.7640109057861254	0.7288135593220338
6	0.4330012457711356	15.543406794850643	0.7664344138139958	0.7530266343825666
7	0.4311479330062866	15.137402305236229	0.7746137534080582	0.7191283292978208
8	0.43047618865966797	14.678349995842346	0.7833989700090882	0.738498789346247
9	0.4293179988861084	14.323626561806751	0.7955165101484398	0.738498789346247
10	0.4291014021093195	13.62719735961694	0.8043017267494699	0.7506053268765133
11	0.4293816884358724	13.682725384831429	0.8027870342320509	0.784503631961259
12	0.4291825294494629	12.772133529186249	0.8182368979097243	0.7675544794188862
13	0.42885589599609375	12.387947326669327	0.830354438049076	0.7893462469733656
14	0.4301618576049805	11.46345050059832	0.8458043017267495	0.7893462469733656
15	0.43023161590099335	11.672050884136787	0.8439866707058468	0.774818401937046
16	0.430906660416547	10.703048749611927	0.8554983338382308	0.7869249394673123
17	0.43110522958967423	9.861419369394962	0.8706452590124205	0.7990314769975787
18	0.43108017821060984	9.229570358991623	0.8812481066343533	0.7990314769975787
19	0.43110003471374514	8.590985115904074	0.8900333232353832	0.7723970944309927
20	0.43055494626363117	8.121449124354582	0.899121478339897	0.7796610169491526
21	0.4303391088138927	7.445412801435361	0.906392002423508	0.7917675544794189
22	0.42978064910225244	7.039066683787566	0.9066949409269918	0.7966101694915254
23	0.42950502038002014	6.350204972120432	0.9218418661011815	0.8087167070217918
24	0.429310188293457	5.8873174247833395	0.9312329597091791	0.7990314769975787
25	0.42903826786921573	5.105034479441551	0.9442593153589821	0.7893462469733656
26	0.4286471561149315	4.454545398815894	0.9451681308694335	0.7966101694915254
27	0.4283025860786438	4.163171679354631	0.9539533474704635	0.801452784503632
28	0.42821265911233836	4.200241422997071	0.959103302029688	0.7675544794188862
29	0.42790194352467853	3.6551173630242166	0.9615268100575584	0.7917675544794189
30	0.4276384692038259	2.707114829466893	0.9721296576794911	0.8087167070217918
31	0.4273527190089226	2.573601943960127	0.975159042714329	0.7966101694915254
32	0.4272672913291238	2.333319096467816	0.9754619812178128	0.7869249394673123
33	0.4270152344423182	2.1137940293321242	0.9800060587700696	0.7796610169491526
34	0.4269357408796038	1.901479804637627	0.98242956679794	0.7990314769975787
35	0.4267152812745836	1.5508505757898092	0.9869736443501969	0.8087167070217918
36	0.4265177249908447	1.3153637268652136	0.9872765828536807	0.7990314769975787
37	0.4262548747815584	1.4977868621756967	0.9845501363223266	0.8038740920096852
38	0.4259663606301332	1.1458167751462986	0.9921235989094214	0.7893462469733656
39	0.4258700251579285	0.8220329193147615	0.9942441684338079	0.7941888619854721
40	0.4256238472170946	1.1550820998919125	0.9918206604059376	0.774818401937046
41	0.4253625472386678	0.9101615159843977	0.9936382914268403	0.8038740920096852
42	0.42513030074363534	0.8135900549465217	0.9939412299303242	0.8062953995157385
43	0.425159134648063	0.6092856257186773	0.9954559224477431	0.7990314769975787
-1	-1	-1	-1	-1
0	0.5666236877441406	19.38332016651447	0.6816116328385338	0.7215496368038741
1	0.4905514717102051	18.37288869344271	0.7079672826416238	0.6803874092009685
2	0.46852993965148926	17.304632967481247	0.7300817933959406	0.7360774818401937
3	0.4563302993774414	17.104080278139847	0.7334141169342624	0.7578692493946732
4	0.4494046211242676	16.09516035593473	0.7537109966676765	0.738498789346247
5	0.444119135538737	15.955707085820345	0.7585580127234172	0.7796610169491526
6	0.44018047196524485	15.417284048520601	0.7715843683732202	0.7142857142857143
7	0.438689261674881	14.96109100488516	0.7752196304150257	0.7917675544794189
8	0.4367958969540066	14.39268948825506	0.7985458951832778	0.7723970944309927
9	0.4355987548828125	14.409543713698021	0.7961223871554075	0.7796610169491526
10	0.4341420043598522	13.763918331036201	0.8073311117843078	0.7506053268765133
11	0.43298550446828205	13.206624835729599	0.8164192668888216	0.7723970944309927
12	0.4320698518019456	12.406492396042896	0.8252044834898515	0.7893462469733656
13	0.4323898894446237	11.930905668781353	0.8379279006361708	0.7723970944309927
14	0.4315862019856771	11.497440061890162	0.8445925477128143	0.774818401937046
15	0.4310891181230545	11.212074151405922	0.8533777643138443	0.7869249394673123
16	0.43053359143874226	10.320381216704845	0.8588306573765525	0.7869249394673123
17	0.4299652708901299	9.329562086325426	0.8836716146622235	0.7796610169491526
18	0.4296392892536364	9.263717543620329	0.8824598606482884	0.7699757869249395
19	0.4291375517845154	9.165525906361067	0.8818539836413208	0.7917675544794189
20	0.4291252181643531	7.553267888724804	0.9066949409269918	0.7699757869249395
21	0.42852549119429156	7.5003779817086	0.9139654650106028	0.7966101694915254
22	0.42858587140622345	6.316208302974701	0.9251741896395032	0.8111380145278451
23	0.42839576800664264	5.95021126476618	0.9266888821569221	0.7651331719128329
24	0.4285352993011475	5.9529986175206995	0.9288094516813087	0.8087167070217918
25	0.4281598696341881	4.759005944172923	0.9451681308694335	0.7820823244552058
26	0.42804304758707684	3.989112967768541	0.9548621629809149	0.7893462469733656
27	0.4279379163469587	3.5033572854904027	0.966373826113299	0.7941888619854721
28	0.42777962520204743	3.1506532307427664	0.9703120266585883	0.784503631961259
29	0.4277371327082316	3.018820609861555	0.9684943956376856	0.8184019370460048
30	0.4275301118050852	2.8267601481280646	0.9730384731899424	0.784503631961259
31	0.4274516776204109	2.2639617474319844	0.9800060587700696	0.8062953995157385
32	0.4272960532795299	1.9522773765314083	0.9812178127840049	0.8280871670702179
33	0.4272894789190853	1.8049482763028488	0.9842471978188427	0.8135593220338984
34	0.4270158495221819	1.1846691106553549	0.9924265374129052	0.8038740920096852
35	0.42708826727337307	1.3640390037773893	0.9903059678885187	0.8184019370460048
36	0.4267543522087303	1.1375512058775012	0.9900030293850348	0.7941888619854721
37	0.4266195673691599	1.083548557299834	0.9930324144198728	0.801452784503632
38	0.42655753478025776	1.0252073983471677	0.9924265374129052	0.8159806295399515
39	0.4268234670162201	0.8722834850016695	0.9936382914268403	0.7990314769975787
40	0.4268381072253716	0.8145284537458792	0.9945471069372918	0.8111380145278451
41	0.4266176280521211	0.6915957537264779	0.9957588609512269	0.8087167070217918
42	0.42656999965046727	0.5735514097076913	0.9966676764616783	0.8232445520581114
43	0.4261809912594882	0.7038854038915955	0.9957588609512269	0.8184019370460048
44	0.4261614746517605	0.6305609815821159	0.9960617994547107	0.8038740920096852
45	0.42589927237966785	0.8530426774120244	0.9951529839442593	0.8087167070217918
46	0.4258723867700455	0.6338118166268731	0.9957588609512269	0.8135593220338984
47	0.4257110307614009	0.42321846299231625	0.9972735534686459	0.8159806295399515
48	0.42570539883204866	0.4205226154299453	0.9975764919721296	0.8159806295399515
49	0.42565123081207273	0.4052717079444287	0.9975764919721296	0.8062953995157385
50	0.4257860744700712	0.40588904547621496	0.996970614965162	0.8159806295399515
51	0.42568270976726824	0.3783539509011182	0.9972735534686459	0.8135593220338984
52	0.4256014239113286	0.3591927335319969	0.9972735534686459	0.8159806295399515
-1	-1	-1	-1	-1
0	0.5021262168884277	19.87690304334347	0.6556632344033919	0.7288135593220338
1	0.46489453315734863	18.411635855069527	0.7004845548152635	0.711864406779661
2	0.4535813331604004	16.832304670260502	0.7419745608721987	0.6973365617433414
3	0.44783204793930054	16.349729764920014	0.7392489400363416	0.7336561743341404
4	0.4440361976623535	16.1266822883716	0.7510599636583889	0.7263922518159807
5	0.442952036857605	16.0072451371413	0.7607510599636584	0.7506053268765133
6	0.440920216696603	15.16291458102373	0.7743791641429437	0.784503631961259
7	0.4406071901321411	14.945269584655762	0.7777104784978801	0.738498789346247
8	0.4388480981190999	14.429701229700676	0.7901271956390067	0.7651331719128329
9	0.4383410930633545	13.887705666514544	0.8016353725015143	0.7893462469733656
10	0.4373156590895219	13.765523672103882	0.7992125984251969	0.7506053268765133
11	0.4363008340199788	12.820273977059584	0.8225317989097517	0.7869249394673123
12	0.435547058398907	12.77066192489404	0.8207147183525136	0.7602905569007264
13	0.434866053717477	12.114184142305302	0.8285887341005451	0.7820823244552058
14	0.4349054495493571	11.461296391028624	0.8482737734706238	0.7723970944309927
15	0.43441422283649445	10.896781274905571	0.8591762568140521	0.784503631961259
16	0.43398791200974407	10.197548941924023	0.8667474258025439	0.7820823244552058
17	0.4338538381788466	9.586844118741842	0.8731072077528771	0.7917675544794189
18	0.43397169364126104	9.239548726723743	0.8812840702604482	0.7869249394673123
19	0.43321608304977416	8.601033807660524	0.8927922471229558	0.7893462469733656
20	0.43269280024937223	7.742295662944134	0.903694730466384	0.7602905569007264
21	0.43203356049277564	7.603998076457244	0.9030890369473047	0.7675544794188862
22	0.43184724061385443	6.327361945349437	0.9248940036341611	0.7796610169491526
23	0.4316834608713786	6.980408063874795	0.9161114476075106	0.784503631961259
24	0.43154064178466794	5.631103755189822	0.9364021804966687	0.7796610169491526
25	0.43152894423558164	5.274901879521517	0.9391278013325257	0.7772397094430993
26	0.4312862025366889	4.621827958151698	0.9476075105996365	0.7651331719128329
27	0.43122932740620207	3.8815772029069753	0.9591156874621442	0.7796610169491526
28	0.4310042693697173	3.128844168825218	0.9651726226529376	0.7699757869249395
29	0.43078420956929525	3.0702460199021377	0.9700181708055724	0.801452784503632
30	0.430875547470585	2.864091413668715	0.9718352513628105	0.7869249394673123
31	0.43070536106824875	2.4818159254590193	0.9745608721986675	0.7966101694915254
32	0.430488564751365	2.1792777593319235	0.9806178073894609	0.7893462469733656
33	0.43034283553852754	1.4928530394256365	0.987886129618413	0.7941888619854721
34	0.4306760992322649	1.3468120924125497	0.9897032101756511	0.7772397094430993
35	0.4306548635164897	1.270967434088771	0.9884918231374924	0.7917675544794189
36	0.43052009634069494	1.2573899595926588	0.9881889763779528	0.7869249394673123
37	0.43048937069742305	1.2433664418327122	0.9866747425802543	0.7893462469733656
38	0.4304644327897292	1.1240355458844884	0.9921259842519685	0.8038740920096852
39	0.4302685379981995	1.19189101883855	0.9915202907328892	0.7869249394673123
40	0.4301728097403922	1.0607584700427162	0.9924288310115081	0.7820823244552058
41	0.43003894033886136	0.7070493064104364	0.9966686856450636	0.801452784503632
42	0.42994706575260605	0.6309586330316961	0.9963658388855239	0.7990314769975787
43	0.4296567060730674	0.6497623512360196	0.9960629921259843	0.7893462469733656
44	0.42969045109219023	0.8188650490259394	0.9936402180496668	0.7869249394673123
45	0.4295445991599042	0.5527441453528948	0.9969715324046032	0.7941888619854721
46	0.4296353877858913	0.6006968835046371	0.9954572986069049	0.8184019370460048
47	0.4294089376926422	0.5417488182787425	0.9966686856450636	0.7917675544794189
48	0.42915359321905644	0.45310897931743127	0.997274379164143	0.7966101694915254
49	0.4290504550933838	0.43701210961892056	0.997274379164143	0.7990314769975787
50	0.42932991888008865	0.4518358630907292	0.9969715324046032	0.801452784503632
51	0.4294127363425035	0.327006987707976	0.9975772259236826	0.7966101694915254
52	0.4293343975858868	0.46444138782009337	0.9960629921259843	0.801452784503632
53	0.42930588457319474	0.4472615787974344	0.9969715324046032	0.7990314769975787
54	0.42931973283941094	0.3275786619633436	0.9966686856450636	0.8135593220338984
55	0.4293179597173418	0.37271063920343295	0.997274379164143	0.801452784503632
56	0.4293373802251983	0.37147400690950094	0.9966686856450636	0.8038740920096852
57	0.42975021230763405	0.3521824841953695	0.9966686856450636	0.801452784503632
58	0.42954289711127847	0.3091102060996211	0.9975772259236826	0.8038740920096852
59	0.42933401266733806	0.35038005124890614	0.997274379164143	0.7869249394673123
60	0.4291343219944688	0.3571361429953518	0.997274379164143	0.801452784503632
61	0.42894769483996975	0.3640013201041326	0.9966686856450636	0.8062953995157385
62	0.4288290266006712	0.3709747490323095	0.997274379164143	0.7966101694915254
63	0.4286896884441376	0.3755828325397138	0.9963658388855239	0.7990314769975787
64	0.42850421392000637	0.3549216224077659	0.9969715324046032	0.8062953995157385
65	0.4283498597867561	0.4162347537035552	0.9969715324046032	0.8087167070217918
66	0.4282593442432916	0.4876689274992364	0.9963658388855239	0.7990314769975787
-1	-1	-1	-1	-1
0	0.5651416778564453	19.663811578200413	0.6706024825915834	0.7330097087378641
1	0.4920189380645752	18.234603570057796	0.7078413563427187	0.6868932038834952
2	0.4691480000813802	17.08106329349371	0.7284287011807448	0.7548543689320388
3	0.45562684535980225	16.792981741520073	0.7417499243112322	0.7281553398058253
4	0.44906067848205566	16.37771136714862	0.753254617014835	0.7815533980582524
5	0.444002906481425	15.388038486242294	0.7705116560702392	0.7524271844660194
6	0.44018925939287457	15.748133418651728	0.7699061459279443	0.7087378640776699
7	0.4378352463245392	14.692830716188137	0.784741144414169	0.7961165048543689
8	0.43566009733412003	14.195061851006288	0.7929155313351499	0.779126213592233
9	0.43423221111297605	14.295520135989555	0.8089615501059643	0.8131067961165048
10	0.43248135393316095	13.8231210571069	0.8071450196790796	0.7597087378640777
11	0.4316352605819702	13.100607791772255	0.8213745080230094	0.7572815533980582
12	0.4304857804225041	12.808343745194948	0.821071752951862	0.7815533980582524
13	0.43002099650246756	12.586674075860243	0.8244020587344838	0.7912621359223301
14	0.42919631004333497	11.63558566914155	0.841659097789888	0.7912621359223301
15	0.4287119358778	11.158224010696777	0.8546775658492279	0.7961165048543689
16	0.4279594281140496	10.426482727894417	0.870420829548895	0.8009708737864077
17	0.42723792129092747	10.002380451330772	0.8686042991220103	0.7669902912621359
18	0.42753252230192484	9.064397692680359	0.8916136845292159	0.808252427184466
19	0.4279811501502991	8.561824781390337	0.8922191946715108	0.8276699029126213
20	0.4278380416688465	7.96563806785987	0.9009990917347865	0.7936893203883495
21	0.42934849045493384	7.697212478289237	0.9058431728731456	0.8325242718446602
22	0.429506778717041	6.762145863129542	0.9176506206478958	0.8252427184466019
23	0.42934853831926983	5.69738623757775	0.9349076597033	0.8179611650485437
24	0.42898025512695315	5.551635291713935	0.9352104147744474	0.8033980582524272
25	0.42844701730287993	5.249877559450956	0.9400544959128065	0.7669902912621359
26	0.42847263371502914	4.871720576229004	0.9364214350590372	0.8155339805825242
27	0.42823348726545063	4.086327549929802	0.9564032697547684	0.8033980582524272
28	0.42799740824206123	3.0821872422328362	0.9676052073872238	0.7985436893203883
29	0.4283303737640381	3.261157486301202	0.9621556161065697	0.8203883495145631
30	0.4283341899994881	3.013012908112544	0.9660914320314865	0.8009708737864077
31	0.4285080283880234	2.622077168001292	0.9730547986678777	0.8131067961165048
32	0.4287395549542976	2.4313947332019987	0.9806236754465637	0.8009708737864077
33	0.42883748867932486	1.6421523574166572	0.9839539812291855	0.8009708737864077
34	0.428790317262922	1.578684201822258	0.9866787768695126	0.8106796116504854
35	0.4285254279772441	1.4053735288862998	0.9866787768695126	0.7985436893203883
36	0.4280375081139642	1.169928492548374	0.9903118377232819	0.8009708737864077
37	0.42768433219508123	1.271455016452819	0.9887980623675446	0.8131067961165048
38	0.42743345407339245	1.1191795616983795	0.9915228580078717	0.7961165048543689
39	0.4275174677371979	1.1237532500750744	0.9903118377232819	0.7961165048543689
40	0.42737493863919884	0.9002626563708943	0.9921283681501665	0.8009708737864077
41	0.42727876277196974	0.9306109378902385	0.9939448985770512	0.7961165048543689
-1	-1	-1	-1	-1
0	0.5001561641693115	19.697239169707665	0.6645473811686345	0.7160194174757282
1	0.45793628692626953	17.832364325339977	0.7214653345443536	0.7135922330097088
2	0.4451292355855306	17.186055013766655	0.7335755373902513	0.6480582524271845
3	0.44316524267196655	16.80925765862832	0.7369058431728731	0.7645631067961165
4	0.4360659122467041	16.341766389516685	0.7514380865879503	0.7888349514563107
5	0.4351915121078491	15.656947062565731	0.7686951256433545	0.7572815533980582
6	0.43307764189583914	15.298570027718178	0.7780805328489252	0.7451456310679612
7	0.4339293837547302	14.655894128175882	0.7853466545564638	0.779126213592233
8	0.43208567301432294	14.991142924015339	0.7883742052679382	0.7233009708737864
9	0.43134748935699463	13.904403122571798	0.8077505298213745	0.779126213592233
10	0.4301994497125799	13.352522474068861	0.8195579775961247	0.8009708737864077
11	0.42943231264750165	13.56853603399717	0.8144111413866182	0.7548543689320388
12	0.4294220484220065	12.724105522036552	0.8201634877384196	0.7864077669902912
13	0.4293331929615566	11.924495645440542	0.8349984862246442	0.8179611650485437
14	0.4293343226114909	11.232981624511572	0.8537693006357856	0.7718446601941747
15	0.4295307695865631	10.779291777656628	0.8534665455646382	0.7985436893203883
16	0.42986610356499166	10.18049837075747	0.8655767484105359	0.8106796116504854
17	0.42999423874749076	9.299918259565647	0.8819255222524978	0.7839805825242718
18	0.4301937128368177	8.892290110198351	0.8916136845292159	0.808252427184466
19	0.4298291802406311	8.35542974792994	0.8952467453829852	0.8179611650485437
20	0.42967774754478816	7.5231145941294155	0.9125037844383893	0.8203883495145631
21	0.42930638790130615	6.788730413867877	0.9182561307901907	0.7864077669902912
22	0.4294292823128078	5.998235223958125	0.9312745988495307	0.8009708737864077
23	0.42933796842892963	6.041949844131103	0.9300635785649409	0.8252427184466019
24	0.42904157638549806	5.471936291226974	0.9391462306993642	0.808252427184466
25	0.4287580710190993	4.133420568246108	0.9564032697547684	0.808252427184466
26	0.4283464131531892	3.4526292913808274	0.9615501059642749	0.8131067961165048
27	0.42822028057915823	4.239684741657514	0.9521646987587042	0.808252427184466
28	0.42833158065532817	3.073632742349918	0.9685134726006661	0.7669902912621359
29	0.42832791805267334	2.3281985661014915	0.9724492885255828	0.808252427184466
30	0.42796654085959157	3.058135881160314	0.9721465334544354	0.8009708737864077
31	0.4278978854417801	2.242022236952415	0.9778988798062368	0.8009708737864077
32	0.42767332539413916	1.9999111397908285	0.982137450802301	0.8058252427184466
33	0.4278427011826459	1.8966901616121714	0.9809264305177112	0.7961165048543689
34	0.42804324286324635	1.4155399835167022	0.9884953072963972	0.8228155339805825
35	0.42853061358133954	0.88161817801973	0.9927338782924614	0.8106796116504854
36	0.4287068135029561	1.0399545644983077	0.9912201029367242	0.808252427184466
37	0.42868927278016744	1.1451051815484579	0.9912201029367242	0.8155339805825242
38	0.429184357325236	0.660815476332433	0.9966696942173782	0.8106796116504854
39	0.4294841170310974	0.617605401794068	0.9963669391462306	0.808252427184466
40	0.4295678080582037	0.5261374743512044	0.9975779594308205	0.8058252427184466
41	0.4295096056801932	0.5484776001551206	0.9966696942173782	0.8106796116504854
42	0.42963388354279275	0.5499295468191401	0.997275204359673	0.8106796116504854
43	0.42963172088969837	0.5545054147055802	0.9969724492885256	0.8131067961165048
-1	-1	-1	-1	-1
0	0.5635182857513428	19.230794730094765	0.6895820714718353	0.7281553398058253
1	0.4925572872161865	18.021909732085007	0.7077528770442156	0.7281553398058253
2	0.4724462827046712	16.788588546789608	0.7459115687462144	0.7354368932038835
3	0.46106261014938354	16.595141569009193	0.7559055118110236	0.7014563106796117
4	0.45232601165771485	16.07759384925549	0.756511205330103	0.7402912621359223
5	0.4476534922917684	15.87856502028612	0.761962447001817	0.7451456310679612
6	0.444190399987357	15.416128188371658	0.7734706238643246	0.7669902912621359
7	0.44107139110565186	14.759959881122295	0.7883101150817686	0.7475728155339806
8	0.43932459089491105	14.453734368658983	0.7928528164748637	0.779126213592233
9	0.43879127502441406	14.059609331763708	0.8007268322228952	0.7742718446601942
10	0.4375548145987771	13.492647863351381	0.8086008479709267	0.7936893203883495
11	0.43607664108276367	13.555877655744553	0.8134463961235615	0.7864077669902912
12	0.4348744429074801	12.237699308074438	0.8358570563294972	0.7718446601941747
13	0.43387162685394287	11.831093343404623	0.8434282253179891	0.7694174757281553
14	0.43371365865071615	11.702293154138784	0.8419139915202908	0.7718446601941747
15	0.4330064654350281	11.118959848697369	0.8540278619018776	0.7669902912621359
16	0.4328470089856316	10.220095178255669	0.8643246517262265	0.7815533980582524
17	0.43215029769473606	9.745302376838831	0.874924288310115	0.7669902912621359
18	0.4315940957320364	8.996209201331322	0.884312537855845	0.7572815533980582
19	0.43110970258712766	8.576318024156185	0.8831011508176863	0.7888349514563107
20	0.4304836250486828	7.5720149745734835	0.9043004239854634	0.7839805825242718
21	0.43026641282168304	7.0720902773050165	0.9173228346456693	0.7888349514563107
22	0.42982921393021295	6.776142750795071	0.9179285281647487	0.7645631067961165
23	0.4293755690256755	6.232774740228286	0.9197456087219866	0.7936893203883495
24	0.4290507888793945	5.895527001756888	0.9285281647486372	0.7839805825242718
25	0.42894596319932204	4.740186133636878	0.9460932768019382	0.7888349514563107
26	0.4285075576217086	4.744466061775501	0.9421562689279225	0.7548543689320388
27	0.42840165751320974	3.9252733571025042	0.9521502119927316	0.7815533980582524
28	0.42822362636697703	3.6657432976823587	0.9597213809812235	0.779126213592233
29	0.4279706239700317	3.5619995250151706	0.9603270745003029	0.7694174757281553
30	0.4276030755812122	2.6202234722530613	0.9691096305269533	0.7815533980582524
-1	-1	-1	-1	-1
0	0.504518985748291	19.767035454511642	0.6631323841260224	0.6755447941888619
1	0.46050918102264404	18.77777247933241	0.6876704029082097	0.7239709443099274
2	0.44898231824239093	16.992939637257503	0.7382611329900031	0.738498789346247
3	0.4411717653274536	16.778447252053482	0.744016964556195	0.6852300242130751
4	0.4445315361022949	16.60510018467903	0.7497727961223871	0.7142857142857143
5	0.4396708408991496	15.661305996087881	0.7685549833383823	0.7288135593220338
6	0.43956146921430317	15.558575320702333	0.773401999394123	0.7506053268765133
7	0.43724942207336426	15.079387178787819	0.7843077855195395	0.7627118644067796
8	0.435972876018948	14.722674352618364	0.7855195395334748	0.7578692493946732
9	0.43500509262084963	14.216176979816877	0.7973341411693426	0.7651331719128329
10	0.4365532398223877	13.701727459063896	0.803998788245986	0.7530266343825666
11	0.437632421652476	13.910401234259972	0.8000605877006968	0.7820823244552058
12	0.4373296040755052	13.118111179425167	0.808542865798243	0.7675544794188862
13	0.43711866651262554	12.368083449510427	0.8264162375037867	0.7820823244552058
14	0.43741574287414553	11.76612815948633	0.8367161466222357	0.7796610169491526
15	0.43719300627708435	11.326615306047293	0.849439563768555	0.7578692493946732
16	0.43631688286276427	11.010982875640575	0.8521660102999091	0.7820823244552058
17	0.43610278765360516	10.228776798798489	0.863980611935777	0.7699757869249395
18	0.4361460836310136	9.577037223256552	0.8667070584671311	0.7796610169491526
19	0.43619576692581175	8.906458178964945	0.8848833686761587	0.7602905569007264
20	0.4355377923874628	7.934584880176072	0.8985156013329294	0.784503631961259
21	0.4350787509571422	7.931353705433699	0.8957891548015753	0.7917675544794189
22	0.43462062918621563	6.874112835297217	0.9154801575280218	0.7578692493946732
23	0.43439362446467084	6.447777393918771	0.9197212965767949	0.7941888619854721
24	0.4340157794952393	5.63213449723732	0.9297182671917601	0.7917675544794189
25	0.43385253502772403	5.076978618064179	0.9391093607997576	0.7796610169491526
26	0.43313893565425166	4.4279161625756664	0.9530445319600122	0.784503631961259
27	0.43256220647266935	3.5786906455715117	0.9633444410784611	0.8038740920096852
28	0.43221111955313846	3.884948747089276	0.9569827325053014	0.7917675544794189
29	0.4317492882410685	3.201606362341688	0.960617994547107	0.8038740920096852
30	0.43142657895242015	2.859174996972657	0.9700090881551046	0.7651331719128329
31	0.43064624071121216	2.158832004150519	0.9754619812178128	0.801452784503632
32	0.43045892137469666	2.2229145931509824	0.9787943047561345	0.7990314769975787
33	0.43044590950012207	1.8813912234484003	0.9818236897909725	0.7990314769975787
34	0.4308816773550851	1.1239012266294315	0.9930324144198728	0.801452784503632
35	0.431473798222012	1.008732618772998	0.9927294759163889	0.7917675544794189
36	0.4315996363356307	1.3407980452220027	0.9869736443501969	0.801452784503632
37	0.43153125361392375	1.4940563708257217	0.9887912753710997	0.7820823244552058
38	0.43153810501098633	1.067065281005433	0.9930324144198728	0.801452784503632
39	0.43151070475578307	0.8020180361703612	0.9939412299303242	0.8062953995157385
40	0.43136877548403857	0.8105139199715967	0.9948500454407755	0.8062953995157385
41	0.4315591199057443	0.5325844559746866	0.9963647379581945	0.8038740920096852
42	0.4314085494640262	0.4744809311098204	0.9966676764616783	0.8087167070217918
43	0.43130275878039276	0.47731989020786175	0.9972735534686459	0.7990314769975787
44	0.43114283349778915	0.4056383025062342	0.9975764919721296	0.801452784503632
45	0.4314161953718766	0.44317101150786936	0.9975764919721296	0.8111380145278451
46	0.43147478712365983	0.4472415159196736	0.9963647379581945	0.8038740920096852
47	0.4316486616929372	0.4374932967968142	0.9966676764616783	0.7941888619854721
48	0.4318518589953987	0.37561348924072474	0.9972735534686459	0.801452784503632
49	0.43214136123657226	0.3641288674149949	0.996970614965162	0.7990314769975787
50	0.43188975839053884	0.48171451217674005	0.9960617994547107	0.801452784503632
51	0.4317954686971811	0.4314298749959562	0.996970614965162	0.8062953995157385
52	0.43160798864544564	0.31562159766550535	0.9972735534686459	0.801452784503632
53	0.4313422706392076	0.3153496552572156	0.9972735534686459	0.8062953995157385
54	0.4312341083179821	0.31884803225917635	0.9972735534686459	0.7941888619854721
55	0.4310961961746216	0.3391785782833512	0.996970614965162	0.8087167070217918
56	0.431002980784366	0.27837800140192626	0.9972735534686459	0.801452784503632
57	0.4308385026865992	0.27433356327842023	0.9972735534686459	0.7990314769975787
58	0.43088911347470044	0.30154285728797103	0.996970614965162	0.8062953995157385
59	0.4319347302118937	0.2567196805477859	0.9975764919721296	0.8038740920096852
60	0.4320738940942483	0.28406178670971155	0.9972735534686459	0.7990314769975787
61	0.43202735531714653	0.2593094812786708	0.9978794304756134	0.8038740920096852
62	0.4321605213104732	0.48974014805851485	0.9960617994547107	0.8062953995157385
63	0.4320112243294716	0.2712308592879428	0.9972735534686459	0.8062953995157385
64	0.43187612753648025	0.26012711722153026	0.9972735534686459	0.8159806295399515
65	0.43170785542690393	0.24250142451022	0.9972735534686459	0.7990314769975787
66	0.43156417803977853	0.27266324111685836	0.996970614965162	0.7966101694915254
67	0.43161097344230204	0.34679632130652094	0.9972735534686459	0.8038740920096852
68	0.43152000593102496	0.2256286469503091	0.9975764919721296	0.8038740920096852
69	0.43146961075919016	0.27001212648275	0.9972735534686459	0.8159806295399515
70	0.43142773064089496	0.27753308361682755	0.9981823689790973	0.7990314769975787
71	0.4313652879661984	0.32721158319957167	0.9972735534686459	0.7893462469733656
72	0.4312028460306664	0.2852862128258074	0.9975764919721296	0.7941888619854721
73	0.4313304295410981	0.24759557922012532	0.9981823689790973	0.8038740920096852
74	0.43138820012410484	0.35255841980698766	0.996970614965162	0.8087167070217918
75	0.4313877538630837	0.24711065826256975	0.9978794304756134	0.8038740920096852
76	0.4312196830650429	0.40416371466618817	0.996970614965162	0.801452784503632
77	0.4310933932279929	0.8874157523342336	0.9921235989094214	0.7869249394673123
78	0.430925791776633	0.45185662475033983	0.9960617994547107	0.7990314769975787
79	0.4308312892913818	0.291249069830743	0.996970614965162	0.7990314769975787
80	0.4307890203264024	0.413461519478565	0.9960617994547107	0.7966101694915254
81	0.4306396478559913	0.24688738171690042	0.996970614965162	0.7966101694915254
82	0.43055669083652726	0.19869355749911988	0.9975764919721296	0.8087167070217918
83	0.4305038366998945	0.2657402536768551	0.9975764919721296	0.8062953995157385
84	0.43045684029074277	0.25222165293346804	0.9978794304756134	0.8062953995157385
-1	-1	-1	-1	-1
0	0.5104095935821533	20.600079318651787	0.6264768252044834	0.7578692493946732
1	0.46171820163726807	18.736284411870518	0.7067555286276885	0.7530266343825666
2	0.45077943801879883	17.939508809493137	0.7064525901242048	0.7578692493946732
3	0.4426669478416443	16.997366870825108	0.7376552559830355	0.7796610169491526
4	0.43944554328918456	16.81818610200515	0.7418963950318086	0.7917675544794189
5	0.43627293904622394	15.993554124465355	0.7534080581641927	0.8184019370460048
6	0.43737758908952984	15.738737552211834	0.7670402908209634	0.7869249394673123
7	0.43586868047714233	15.264830857515335	0.7655255983035444	0.8087167070217918
8	0.43585875299241805	15.24826127749223	0.7667373523174795	0.7651331719128329
9	0.4357208251953125	14.873618607337658	0.7830960315056044	0.7869249394673123
10	0.43520929596640845	14.666971717889492	0.7818842774916692	0.784503631961259
11	0.4348834951718648	14.028926252172543	0.8052105422599213	0.8305084745762712
12	0.4337641642643855	13.409595196063702	0.8121781278400485	0.837772397094431
13	0.4332196201596941	12.815668596671177	0.821569221448046	0.7917675544794189
14	0.4328234036763509	12.030616671993183	0.8315661920630112	0.8256658595641646
15	0.4338025003671646	11.614050986675116	0.8367161466222357	0.8232445520581114
16	0.433909626568065	10.896725382942419	0.8609512269009391	0.8135593220338984
17	0.4340900712543064	10.174335171970037	0.8627688579218419	0.7966101694915254
18	0.43413543701171875	9.899410650707209	0.8739775825507422	0.8038740920096852
19	0.434213924407959	8.959156522384056	0.8779157830960315	0.8256658595641646
20	0.43406117530096144	8.3916881107367	0.8954862162980914	0.8401937046004843
21	0.4335959933020852	8.082180464496979	0.8979097243259618	0.8111380145278451
22	0.4332848942798117	7.178855938801112	0.9112390184792487	0.847457627118644
23	0.43318165342013043	6.279839996535045	0.9206301120872463	0.8280871670702179
24	0.4332473373413086	5.758941742090078	0.9294153286882763	0.8256658595641646
25	0.43308056317842925	5.743539292365313	0.9294153286882763	0.8135593220338984
26	0.43288449887876157	4.7442317963219605	0.9394122993032414	0.8184019370460048
27	0.4323870965412685	4.312988751782821	0.9494092699182066	0.8208232445520581
28	0.4324066885586443	3.3173437846394687	0.9621326870645259	0.8038740920096852
29	0.4327304681142171	3.5013731445830603	0.9621326870645259	0.8135593220338984
30	0.4327665298215805	2.622515999031468	0.9730384731899424	0.8208232445520581
31	0.4325285777449608	2.0318935258457294	0.9818236897909725	0.8208232445520581
32	0.4320525834054658	2.548817454622342	0.9730384731899424	0.8208232445520581
33	0.43182990831487317	1.4756786406505853	0.9863677673432293	0.8062953995157385
34	0.4314340250832694	1.5783665222832217	0.9866707058467131	0.801452784503632
35	0.4309995373090108	1.1809906375666077	0.9927294759163889	0.8038740920096852
36	0.43035833255664724	0.8610744983889163	0.9948500454407755	0.8135593220338984
37	0.4300325356031719	1.026609392268046	0.9927294759163889	0.8280871670702179
38	0.4297544467143523	1.0215093342658992	0.9918206604059376	0.8159806295399515
39	0.42949066162109373	0.7397064441779199	0.9951529839442593	0.801452784503632
40	0.42917184713410167	0.526548398403415	0.9975764919721296	0.8135593220338984
41	0.42884449164072674	0.6607686719015384	0.9960617994547107	0.8135593220338984
42	0.4285268229107524	0.5263306549392067	0.996970614965162	0.8256658595641646
-1	-1	-1	-1	-1
0	0.5054702758789062	19.59942216368822	0.6552559830354439	0.7602905569007264
1	0.4600428342819214	17.870752109931065	0.7188730687670403	0.7167070217917676
2	0.4479147593180339	17.29134219999497	0.7267494698576189	0.8208232445520581
3	0.4405049681663513	17.142906833153503	0.7421993335352923	0.7578692493946732
4	0.4359572887420654	16.117636870879394	0.7664344138139958	0.7917675544794189
5	0.44298450152079266	15.901868001772808	0.7649197212965768	0.7941888619854721
6	0.4388760839189802	15.476233200385021	0.7809754619812178	0.7191283292978208
7	0.4361107051372528	14.814327162045698	0.7876401090578613	0.8159806295399515
8	0.4345401128133138	14.229810306659111	0.7994547106937292	0.7578692493946732
9	0.4331840991973877	14.373998241928907	0.7961223871554075	0.8329297820823245
10	0.43237345868890936	13.911098042359718	0.8064222962738564	0.7772397094430993
11	0.4308818181355794	13.734037667512894	0.8064222962738564	0.8450363196125908
12	0.4297594107114352	12.74291949833815	0.8255074219933354	0.847457627118644
13	0.4289750371660505	12.396739124678648	0.833383823083914	0.7893462469733656
14	0.42829655011494955	11.610247481327791	0.8491366252650712	0.8256658595641646
15	0.42777734994888306	10.844090885840929	0.8585277188730688	0.847457627118644
16	0.4270500716041116	10.20535890184916	0.8700393820054529	0.8426150121065376
17	0.4269046121173435	9.927736633099043	0.8709481975159042	0.8498789346246973
18	0.42624090847216156	9.772127282160978	0.8751893365646773	0.8523002421307506
19	0.4261401891708374	8.563206609911644	0.8945774007876401	0.8498789346246973
20	0.42565904344831196	7.45251558147944	0.906392002423508	0.837772397094431
21	0.4253051280975342	6.946858613536908	0.9145713420175704	0.8401937046004843
22	0.42499828338623047	6.2996435800137425	0.9275976976673735	0.8256658595641646
23	0.4246185024579366	5.691369304863306	0.9336564677370494	0.8498789346246973
24	0.42468589782714844	5.871241572384651	0.9288094516813087	0.847457627118644
25	0.4244046394641583	4.568849734102304	0.9506210239321418	0.847457627118644
26	0.4243568667659053	4.284645232157065	0.9569827325053014	0.8038740920096852
27	0.4239479643957956	3.669345758855343	0.9618297485610421	0.8426150121065376
28	0.42389197185121735	2.9897097180812406	0.9681914571342017	0.8595641646489104
29	0.4235894997914632	3.1350272790743756	0.9651620720993638	0.8232445520581114
30	0.42373122707489996	3.2346578504030523	0.96485913359588	0.8353510895883777
31	0.4234458729624748	2.396779694666083	0.9800060587700696	0.8523002421307506
32	0.4232668370911569	2.0165229964141664	0.9818236897909725	0.8498789346246973
33	0.4232369521084954	1.7972051042776842	0.9842471978188427	0.8426150121065376
34	0.4230833121708461	1.6577277544509763	0.9857618903362617	0.8329297820823245
35	0.4229719638824463	2.026280638188697	0.98242956679794	0.8280871670702179
36	0.4227483788052121	2.150405778764532	0.9794001817631021	0.8401937046004843
37	0.4227559942948191	1.468537560592477	0.9884883368676158	0.8401937046004843
38	0.42250776902223247	0.9125575845201428	0.9918206604059376	0.8498789346246973
39	0.42247953414916994	0.8589697022062655	0.9942441684338079	0.8353510895883777
40	0.42236934638604884	0.8779316020126526	0.9933353529233565	0.847457627118644
41	0.4222337234587896	0.7424033254098433	0.9936382914268403	0.8280871670702179
42	0.42210682048354037	0.7087142517109617	0.9939412299303242	0.864406779661017
43	0.4219985712658275	0.8599097044744457	0.9939412299303242	0.8498789346246973
44	0.42206141153971355	0.6594540573432124	0.9936382914268403	0.8401937046004843
45	0.42182537265445874	0.5465430954041389	0.9957588609512269	0.8426150121065376
46	0.42196880502903716	0.6449668990499748	0.9948500454407755	0.8595641646489104
47	0.4218786458174388	0.5510941899668139	0.9954559224477431	0.8547215496368039
48	0.4218888331432732	0.5732144993335868	0.9945471069372918	0.8401937046004843
49	0.4218373394012451	0.38674393668323037	0.9972735534686459	0.8523002421307506
50	0.4218830174090816	0.4353755693793154	0.9960617994547107	0.8595641646489104
51	0.4218304890852708	0.4496168094472243	0.9963647379581945	0.8571428571428571
52	0.42176665000195773	0.47130980625157604	0.9957588609512269	0.8547215496368039
53	0.4217806613003766	0.3645706618688284	0.9960617994547107	0.8571428571428571
54	0.42175100499933416	0.42967228086154835	0.9957588609512269	0.8523002421307506
55	0.42196832810129437	0.41751100791868967	0.9957588609512269	0.847457627118644
56	0.4220224765309116	0.4057131594745442	0.9960617994547107	0.8498789346246973
57	0.4221763610839844	0.3946164733631751	0.9966676764616783	0.8595641646489104
58	0.4221754397376109	0.44468164910974267	0.9954559224477431	0.8426150121065376
59	0.42226516803105674	0.719798062954886	0.9942441684338079	0.847457627118644
60	0.4222383499145508	0.4957148612727626	0.9951529839442593	0.8571428571428571
61	0.42235352147010063	0.3769410042128024	0.9963647379581945	0.8571428571428571
62	0.42235436893644784	0.38587175212496033	0.9960617994547107	0.847457627118644
-1	-1	-1	-1	-1
0	0.5110902786254883	19.13468958208194	0.6816116328385338	0.6973365617433414
1	0.46738529205322266	18.445357845379757	0.6982732505301423	0.6900726392251816
2	0.4522351423899333	16.95958685187193	0.7391699485004544	0.7167070217917676
3	0.4452762007713318	16.256553419507465	0.7603756437443199	0.7263922518159807
4	0.44139704704284666	16.145495160267902	0.7627991517721903	0.7336561743341404
5	0.43790753682454425	15.285318099535429	0.7721902453801878	0.7191283292978208
6	0.4359016077859061	14.877710729837418	0.7867312935474099	0.7772397094430993
7	0.43547847867012024	14.741299447531883	0.7900636170857316	0.7457627118644068
8	0.43506868680318195	14.281236396386074	0.7970312026658588	0.6876513317191283
9	0.4332268476486206	14.146781742572784	0.8018782187215995	0.7288135593220338
10	0.4327064644206654	13.660942733287811	0.8176310209027567	0.7772397094430993
11	0.43436237176259357	13.027046098158909	0.826113299000303	0.7215496368038741
12	0.4337314275594858	12.436997627982727	0.8379279006361708	0.7723970944309927
13	0.43375769683292936	11.915635776061277	0.847924871251136	0.7869249394673123
14	0.4336948235829671	11.483834463816423	0.8467131172372009	0.774818401937046
15	0.4336884468793869	10.881372323402992	0.8594365343835202	0.7966101694915254
16	0.43326816839330334	10.170910779100199	0.8694335049984853	0.7796610169491526
17	0.4331650336583455	9.456845121888014	0.8779157830960315	0.7820823244552058
18	0.43284027199996145	8.973665303908861	0.8836716146622235	0.7772397094430993
19	0.43314653635025024	8.166527493641926	0.8966979703120267	0.7796610169491526
20	0.432646183740525	7.781860169309836	0.9000302938503484	0.7941888619854721
21	0.4328065352006392	7.347812311867108	0.9088155104513783	0.7941888619854721
22	0.4326869093853494	6.737991502365241	0.9185095425628598	0.7990314769975787
23	0.4324008822441101	5.6701905108415165	0.932747652226598	0.7723970944309927
24	0.4322056293487549	5.157713239081204	0.9388064222962739	0.8159806295399515
25	0.43288456476651704	4.251201253384352	0.948803392911239	0.7796610169491526
26	0.43345162603590226	4.382388829325254	0.9527415934565283	0.7941888619854721
27	0.4333500691822597	3.5260456086924443	0.9594062405331718	0.7941888619854721
28	0.4329362902148017	3.0356046442802134	0.9669797031202666	0.7772397094430993
29	0.43273215293884276	3.015213304414199	0.9675855801272342	0.8062953995157385
30	0.43251175265158376	2.34124824949182	0.9760678582247804	0.7966101694915254
31	0.43221646547317505	2.291577199760538	0.9787943047561345	0.8087167070217918
32	0.43215140429410065	1.692035109986766	0.9845501363223266	0.8038740920096852
33	0.43174853044397693	1.1356090722301115	0.9909118448954862	0.784503631961259
34	0.43169164657592773	1.474170759284439	0.9890942138745834	0.7869249394673123
35	0.4314560029241774	1.654633966131279	0.9848530748258104	0.7917675544794189
36	0.43128710179715546	1.3580907510521893	0.9878824598606483	0.784503631961259
37	0.4312006737056531	1.0055119288512147	0.9939412299303242	0.8038740920096852
38	0.43128360234774077	0.9244105529192334	0.9933353529233565	0.801452784503632
39	0.43133262991905214	0.7912787393165323	0.9948500454407755	0.8038740920096852
40	0.43117821507337617	0.7911993408790574	0.9936382914268403	0.7820823244552058
41	0.43100319022224065	0.9088377008513887	0.9921235989094214	0.7917675544794189
42	0.4306858916615331	0.722411420093312	0.9960617994547107	0.7990314769975787
43	0.4306115508079529	0.5035661599730912	0.9957588609512269	0.8062953995157385
44	0.43030058542887367	0.5183969756427149	0.9963647379581945	0.8038740920096852
-1	-1	-1	-1	-1
0	0.5024025440216064	19.69480122052706	0.6634353226295062	0.6997578692493946
1	0.4954177141189575	18.091672392991875	0.7152378067252347	0.711864406779661
2	0.4690250555674235	17.485058497924072	0.7322023629203271	0.7263922518159807
3	0.4592156410217285	16.484056456730915	0.7512874886398061	0.738498789346247
4	0.45203137397766113	15.84282338160735	0.7579521357164496	0.7433414043583535
5	0.4480632146199544	15.409275013666887	0.774916691911542	0.7602905569007264
6	0.4449589933667864	15.04197741471804	0.7812784004847017	0.7263922518159807
7	0.4430764317512512	14.377292306950459	0.8000605877006968	0.784503631961259
8	0.4403604136572944	13.931552485777782	0.7994547106937292	0.7651331719128329
9	0.43846251964569094	13.39443369095142	0.8133898818539836	0.7869249394673123
10	0.4365731802853671	13.354485034942627	0.8073311117843078	0.7869249394673123
11	0.4364208976427714	12.593683411295597	0.8233868524689488	0.7723970944309927
12	0.435243900005634	12.137425628992228	0.8376249621326871	0.7627118644067796
13	0.43464624881744385	12.058226520052322	0.8339897000908816	0.7409200968523002
14	0.4342951456705729	11.359195269071138	0.8455013632232656	0.7675544794188862
15	0.4336091876029968	11.05986300110817	0.8518630717964253	0.7941888619854721
16	0.4330869983224308	10.138024882628368	0.868524689488034	0.784503631961259
17	0.4324498441484239	9.198296558398466	0.8882156922144805	0.7917675544794189
18	0.4323503720132928	8.290929865665161	0.8936685852771887	0.8038740920096852
19	0.4322090148925781	7.737092790122215	0.9027567403817025	0.7941888619854721
20	0.43187394596281503	7.433099028009635	0.9085125719478946	0.8038740920096852
21	0.4312421408566562	6.90390342932481	0.9145713420175704	0.8062953995157385
22	0.43063753584156866	6.367320346144529	0.9242653741290519	0.8111380145278451
23	0.43033866087595624	5.558942721440242	0.9354740987579522	0.8184019370460048
24	0.4299638843536377	4.553459949218309	0.9481975159042715	0.784503631961259
25	0.42985658462230975	4.410766423464968	0.9521357164495607	0.8038740920096852
26	0.42945549223158097	4.165173916110339	0.9512269009391093	0.8305084745762712
27	0.4294779896736145	2.9583106983381393	0.9651620720993638	0.8087167070217918
28	0.429158720476874	3.084354223826757	0.966373826113299	0.8135593220338984
29	0.4289703289667765	2.1561823200541905	0.9772796122387155	0.8184019370460048
30	0.4289839267730713	3.170414886222436	0.9675855801272342	0.7990314769975787
31	0.42899904400110245	2.8863995522260666	0.9694032111481369	0.8087167070217918
32	0.42884637370254053	2.2145885512447703	0.9790972432596183	0.8329297820823245
33	0.4290487766265869	1.6675916819188457	0.985458951832778	0.837772397094431
34	0.4289800780160086	1.2405736702136123	0.9878824598606483	0.8038740920096852
35	0.4290321071942647	1.0260099215979257	0.9909118448954862	0.8256658595641646
36	0.42925460274155075	0.7766860484933624	0.9936382914268403	0.8305084745762712
37	0.429150989181117	0.6299532387325039	0.9963647379581945	0.8401937046004843
38	0.4293341820056622	0.5466719808128591	0.996970614965162	0.8232445520581114
39	0.4291599452495575	0.6622350894646772	0.9966676764616783	0.837772397094431
40	0.4293038786911383	0.5259096617922366	0.9966676764616783	0.8401937046004843
41	0.4290251788638887	0.8299928694211233	0.9933353529233565	0.837772397094431
42	0.4291521837544996	0.7364504715033735	0.9951529839442593	0.8498789346246973
43	0.42917693745006213	0.6111621430519825	0.9957588609512269	0.8353510895883777
44	0.429205052057902	0.6097934072873054	0.996970614965162	0.8256658595641646
45	0.42907879663550336	0.4559555773023301	0.9960617994547107	0.837772397094431
46	0.42900793603126036	0.38527733448874923	0.996970614965162	0.8401937046004843
47	0.42904650171597797	0.40929594167167893	0.9966676764616783	0.8498789346246973
48	0.42931003959811465	0.33677914328235115	0.9972735534686459	0.8426150121065376
49	0.42923253059387206	0.3695659319189592	0.9975764919721296	0.8256658595641646
50	0.42917770965426577	0.30888678307215184	0.9975764919721296	0.8450363196125908
51	0.4291164233134343	0.37461479592513147	0.9972735534686459	0.8305084745762712
52	0.4289931981068737	0.3600670745520172	0.9972735534686459	0.837772397094431
53	0.4289727210998535	0.3117158377650552	0.9966676764616783	0.8401937046004843
54	0.42875958355990323	0.403716039419613	0.9963647379581945	0.8426150121065376
55	0.42885435479027884	0.32091332804366873	0.996970614965162	0.8353510895883777
56	0.4286569670626992	0.24350169949824563	0.9972735534686459	0.8401937046004843
57	0.42853483249401225	0.32818733163786906	0.996970614965162	0.8401937046004843
58	0.428559707382978	0.4206565569262378	0.996970614965162	0.8401937046004843
59	0.4284278710683187	0.32525954062629564	0.9972735534686459	0.837772397094431
60	0.42834526202717765	0.28995360569164264	0.9975764919721296	0.8498789346246973
61	0.4282036019909766	0.24813463219190732	0.9981823689790973	0.8353510895883777
62	0.4283655030386789	0.30798516615770777	0.996970614965162	0.837772397094431
-1	-1	-1	-1	-1
0	0.5075094699859619	19.187906641226547	0.6655558921538928	0.7167070217917676
1	0.47060084342956543	18.055494143412663	0.7131172372008482	0.7046004842615012
2	0.45546873410542804	16.95341526545011	0.7428052105422599	0.7409200968523002
3	0.44678330421447754	16.724127551684013	0.7403817025143896	0.7312348668280871
4	0.4428811550140381	16.200807337577526	0.7515904271432899	0.711864406779661
5	0.44260168075561523	15.75407157265223	0.7609815207512874	0.7433414043583535
6	0.44476209368024555	14.93867615896922	0.7827930930021205	0.7409200968523002
7	0.4434259831905365	14.845255723366371	0.7730990608906392	0.7554479418886199
8	0.4411456055111355	14.499651993696506	0.7943047561345047	0.7506053268765133
9	0.4390066385269165	14.428652244118544	0.7912753710996667	0.7699757869249395
10	0.4371363032947887	14.027609346004633	0.7976370796728264	0.7699757869249395
11	0.43623695770899457	13.452702352633843	0.8082399272947591	0.774818401937046
12	0.43471554609445423	12.818703485222963	0.8173280823992729	0.7651331719128329
13	0.43385636806488037	12.992113033166298	0.8212662829445623	0.7820823244552058
14	0.43305519421895344	11.916852040932728	0.8367161466222357	0.711864406779661
15	0.43222473561763763	11.338809287318817	0.8433807936988791	0.7699757869249395
16	0.4319337115568273	10.75123934677014	0.8564071493486822	0.7675544794188862
17	0.43164587020874023	9.806975149907744	0.8667070584671311	0.7941888619854721
18	0.4317046215659694	9.42085535165209	0.8760981520751288	0.7893462469733656
19	0.43165231943130494	8.647845972042818	0.8863980611935777	0.7723970944309927
20	0.4312350182306199	8.043856607033657	0.8988185398364132	0.7796610169491526
21	0.43068404631181195	7.306440928807626	0.907906694940927	0.8111380145278451
22	0.43057930987814197	6.954939052462578	0.9133595880036353	0.8208232445520581
23	0.4310546815395355	6.61723224990643	0.9212359890942139	0.8305084745762712
24	0.43069905281066895	5.992644808613337	0.9227506816116329	0.7893462469733656
25	0.4301266028330876	5.489116099018317	0.9378976067858225	0.8038740920096852
26	0.4305025206671821	3.9791206823518643	0.9588003635262042	0.7990314769975787
27	0.43017142159598215	3.597645639226987	0.9624356255680097	0.8062953995157385
28	0.43010644255013303	4.25338705149121	0.9512269009391093	0.8135593220338984
29	0.4296248992284139	2.9063701142485323	0.9697061496516207	0.8159806295399515
30	0.42999216818040414	2.7443260163238916	0.9724325961829748	0.7941888619854721
31	0.4298084005713463	2.1492104932952385	0.9778854892456831	0.8062953995157385
32	0.42949867248535156	2.6741026187888703	0.9739472887003938	0.8184019370460048
33	0.429411299088422	1.717104535191678	0.9827325053014239	0.8159806295399515
34	0.4293374265943255	1.763561608699652	0.983944259315359	0.8256658595641646
35	0.42957867516411674	1.3734887134263631	0.9866707058467131	0.8232445520581114
36	0.42946955964371963	1.1002805619634903	0.9924265374129052	0.8184019370460048
37	0.42952048778533936	1.013496911421848	0.9915177219024538	0.8111380145278451
38	0.4290437820630196	0.7629935717606993	0.9957588609512269	0.8256658595641646
39	0.4289354145526886	0.6100121673841316	0.9963647379581945	0.8208232445520581
40	0.4288203890730695	0.6344499386272778	0.9945471069372918	0.8159806295399515
41	0.42867462975638254	0.4939112564696608	0.9972735534686459	0.8111380145278451
42	0.42847616173500236	0.7119992866109197	0.9951529839442593	0.8159806295399515
43	0.4283729683269154	0.6741876644082367	0.9936382914268403	0.8184019370460048
-1	-1	-1	-1	-1
0	0.5622014999389648	19.015038256461803	0.6792852816474864	0.6924939467312349
1	0.4901401996612549	17.78236597776413	0.7116898849182314	0.7506053268765133
2	0.466832955678304	16.700113149789665	0.7471229557843732	0.648910411622276
3	0.4551527500152588	16.66781066931211	0.7456087219866747	0.7167070217917676
4	0.4475944995880127	16.347761131249943	0.744397334948516	0.774818401937046
5	0.443630854288737	15.743168409054096	0.7625681405208964	0.7723970944309927
6	0.43988040515354704	14.96793394134595	0.7804360993337371	0.7893462469733656
7	0.4381359815597534	14.769675134466244	0.7828588734100546	0.801452784503632
8	0.43631113900078666	14.334447285303703	0.7931556632344033	0.7893462469733656
9	0.43541760444641114	14.09305359537785	0.7955784373107208	0.7675544794188862
10	0.4341319907795299	14.22899923645533	0.7925499697153241	0.8038740920096852
11	0.43349244197209674	13.010850722973164	0.8143549364021805	0.7627118644067796
12	0.43251837216890776	12.60736030110946	0.8255602665051484	0.7966101694915254
13	0.4319870812552316	12.022153769548122	0.8379769836462749	0.8062953995157385
14	0.43108534812927246	11.368441890065487	0.8428225317989098	0.8087167070217918
15	0.4303737133741379	11.29612738581804	0.8434282253179891	0.8305084745762712
16	0.4300418320824118	10.337422129053335	0.8619018776499091	0.8329297820823245
17	0.42932915687561035	9.699699252843857	0.8725015142337977	0.801452784503632
18	0.4290512486508018	8.834584543338188	0.8840096910963052	0.8038740920096852
19	0.42856851816177366	8.378674933543572	0.8943064809206541	0.8111380145278451
20	0.42831142743428546	8.06487744817367	0.8979406420351302	0.8159806295399515
21	0.4278664914044467	7.831469299128423	0.9015748031496063	0.801452784503632
22	0.4278625716333804	6.834147025186282	0.9130829800121139	0.8062953995157385
23	0.42808940013249713	5.885458071644489	0.9345850999394306	0.7917675544794189
24	0.4284046649932861	5.546146713483792	0.93519079345851	0.8184019370460048
25	0.4286178167049701	4.985254094434472	0.9400363416111448	0.8353510895883777
26	0.42836112446255153	4.409080073810541	0.9503331314354937	0.8305084745762712
27	0.4285608615194048	3.9445967611211996	0.9539672925499697	0.8280871670702179
28	0.4290176013420368	3.469870860186907	0.9591156874621442	0.8159806295399515
29	0.42955029010772705	3.477187340649275	0.9612356147789218	0.784503631961259
30	0.4295252138568509	2.6006868743839173	0.9745608721986675	0.7966101694915254
31	0.42950431257486343	2.0500076512018075	0.9806178073894609	0.8184019370460048
32	0.42936223203485663	1.9144936774928982	0.9839491217443973	0.8280871670702179
33	0.42927832463208365	1.892430346691981	0.9806178073894609	0.8353510895883777
34	0.4290405205317906	1.420420181686775	0.9884918231374924	0.8232445520581114
35	0.42903319332334733	1.3721138594958644	0.987886129618413	0.8159806295399515
36	0.42894262880892364	1.1443239043269737	0.9906117504542702	0.8232445520581114
37	0.42907410546352986	1.0869591938904846	0.9906117504542702	0.7966101694915254
38	0.42894717974540514	0.8882286051386752	0.9948516050878256	0.8135593220338984
39	0.42899279594421386	0.8343715598770919	0.9942459115687462	0.8159806295399515
40	0.42917528385069315	1.029327866442215	0.9909145972138098	0.8159806295399515
41	0.42926372800554546	0.7860699652049404	0.9954572986069049	0.8329297820823245
42	0.429700069649275	0.6493113364178078	0.9942459115687462	0.8280871670702179
43	0.429713558066975	0.7124384138016746	0.9954572986069049	0.8256658595641646
44	0.4298226303524441	0.6884997132628297	0.9954572986069049	0.8184019370460048
45	0.42985081672668457	0.5585848565320842	0.9960629921259843	0.8208232445520581
-1	-1	-1	-1	-1
0	0.5082833766937256	19.544069138857033	0.6575840145322435	0.6723300970873787
1	0.4730870723724365	18.266695976257324	0.7129881925522252	0.6601941747572816
2	0.4594462712605794	17.128813211734478	0.729942476536482	0.6480582524271845
3	0.45013928413391113	16.307565707426804	0.7490160460187708	0.7184466019417476
4	0.44570016860961914	15.75782540669808	0.7644565546472903	0.720873786407767
5	0.44240299860636395	15.237948500193083	0.7795943082046625	0.6990291262135923
6	0.44148329326084684	15.695205560097328	0.771117166212534	0.7063106796116505
7	0.4396064877510071	14.524650559975552	0.7889797154102332	0.6893203883495146
8	0.4379938973320855	14.561194594089802	0.7865576748410535	0.6966019417475728
9	0.4362085580825806	14.137582710156074	0.7986678776869512	0.7402912621359223
10	0.4359444704922763	13.141066244015327	0.8174386920980926	0.7305825242718447
11	0.4348798195521037	12.900114433123516	0.8201634877384196	0.7135922330097088
12	0.4350700011620155	12.348266447965916	0.8292461398728429	0.7597087378640777
13	0.4336754935128348	12.113084357518416	0.8310626702997275	0.7524271844660194
14	0.4341601371765137	11.207499970610325	0.8458976687859522	0.7451456310679612
15	0.43438124656677246	10.894292133358809	0.8501362397820164	0.75
16	0.4351302595699535	10.436735762999607	0.8619436875567665	0.75
17	0.43463030126359725	9.692494878402123	0.8686042991220103	0.7257281553398058
18	0.43450956595571416	9.036316508283981	0.8843475628216773	0.7572815533980582
19	0.4340052604675293	8.558278482693892	0.8925219497426582	0.7597087378640777
20	0.43407154083251953	7.671102563922222	0.9022101120193763	0.7451456310679612
21	0.43372331966053357	6.989604865129177	0.914320314865274	0.7548543689320388
22	0.43288344922273053	6.7644699811935425	0.9164396003633061	0.7014563106796117
23	0.43257055679957074	6.6603883888859015	0.9176506206478958	0.7548543689320388
24	0.43270363807678225	5.980586015261137	0.9285498032092038	0.7694174757281553
25	0.43302329686971813	5.011485680937767	0.9382379654859219	0.7815533980582524
26	0.43283020125495064	3.9756323523246326	0.9564032697547684	0.7548543689320388
27	0.432788005896977	4.018128646680942	0.9527702089009991	0.7572815533980582
28	0.43263931932120486	3.3325352531213026	0.9579170451105056	0.779126213592233
29	0.4323419014612834	2.8123198756231713	0.9706327580986982	0.7766990291262136
30	0.4320831068100468	2.5337135571126757	0.9736603088101726	0.7548543689320388
31	0.4320472851395607	2.528695052346358	0.9706327580986982	0.7742718446601942
32	0.4316020156397964	2.287193907926289	0.9766878595216469	0.7766990291262136
33	0.43128372641170726	1.5823451736225531	0.9845594913714805	0.7912621359223301
34	0.43084569658551897	1.3594982067409616	0.9887980623675446	0.7888349514563107
35	0.43063920074039036	1.0392487938157642	0.9909173478655767	0.7839805825242718
36	0.43104957889866186	0.9789083248649079	0.992431123221314	0.7839805825242718
37	0.4312143639514321	0.9454901233460148	0.992431123221314	0.7839805825242718
38	0.43130177106612766	0.9522650889434422	0.9918256130790191	0.7912621359223301
39	0.43095343112945556	0.7876581270247698	0.9945504087193461	0.7718446601941747
40	0.4307413043045416	0.585264050312197	0.9963669391462306	0.779126213592233
41	0.4305110829217093	0.6025740660709114	0.9963669391462306	0.7815533980582524
42	0.4304252169853033	0.4211446051127635	0.9969724492885256	0.7888349514563107
43	0.4302242344075983	0.776219233037689	0.9936421435059037	0.7961165048543689
44	0.4303564230600993	0.45781290263403207	0.9969724492885256	0.7669902912621359
45	0.4302000325659047	0.45450293731230956	0.9960641840750832	0.7839805825242718
46	0.43021388764077045	0.4157886205312724	0.997275204359673	0.7815533980582524
47	0.43030572930971783	0.5169345791308353	0.9957614290039358	0.7766990291262136
48	0.430239842862499	0.34760706692647475	0.9975779594308205	0.7839805825242718
49	0.4302185583114624	0.37257103927549906	0.997275204359673	0.7888349514563107
50	0.43004579170077456	0.36367648815771997	0.9969724492885256	0.7839805825242718
51	0.4301152550257169	0.3902203901027231	0.997275204359673	0.7839805825242718
52	0.4299541644330295	0.2381611741730012	0.9981834695731153	0.7864077669902912
53	0.4300434501082809	0.3305294055776008	0.997275204359673	0.7839805825242718
54	0.42991930788213556	0.24894734759492657	0.9975779594308205	0.7864077669902912
55	0.4301630641732897	0.21243905855450207	0.9978807145019679	0.7839805825242718
56	0.43017847914444773	0.2924437327041792	0.997275204359673	0.779126213592233
57	0.43002818781754065	0.2371369120038043	0.9975779594308205	0.7912621359223301
58	0.4299523628364175	0.29574508068617433	0.9975779594308205	0.7864077669902912
59	0.429910675684611	0.2475519040711403	0.9984862246442628	0.779126213592233
60	0.42996918177995525	0.25802084882385456	0.9975779594308205	0.7864077669902912
61	0.4301543428051856	0.3592472571002033	0.997275204359673	0.7839805825242718
62	0.4300555804419139	0.3360501009335097	0.9969724492885256	0.7815533980582524
63	0.4300570487976074	0.21989397360728338	0.9975779594308205	0.7912621359223301
-1	-1	-1	-1	-1
0	0.572624921798706	19.268914096630535	0.6845292158643658	0.7111650485436893
1	0.5142924785614014	18.34370229794429	0.6981531940660006	0.7135922330097088
2	0.4847726027170817	16.899771211239006	0.7423554344535271	0.7330097087378641
3	0.4708681106567383	16.388865798711777	0.7502270663033606	0.7475728155339806
4	0.4621852397918701	15.68594984824841	0.7541628822282773	0.7524271844660194
5	0.45749521255493164	15.731055603577541	0.7614290039358159	0.7548543689320388
6	0.45423143250601633	15.201309699278612	0.7726309415682713	0.7427184466019418
7	0.4512564241886139	14.627927360626368	0.782016348773842	0.7402912621359223
8	0.44842105441623265	14.346699959956682	0.7868604299122011	0.7305825242718447
9	0.445686411857605	14.32465739433582	0.7947320617620345	0.7597087378640777
10	0.4430716037750244	13.4259622830611	0.8080532848925219	0.7597087378640777
11	0.4417943557103475	13.01515423334562	0.8198607326672722	0.7742718446601942
12	0.440307983985314	12.501870397191782	0.8268240993036633	0.7864077669902912
13	0.4394620146070208	11.9284193447003	0.8359067514380866	0.8155339805825242
14	0.4388076623280843	11.404167548968243	0.846503178928247	0.7572815533980582
15	0.4374835342168808	10.725672201468395	0.8510445049954587	0.7815533980582524
16	0.43683307311114145	10.24614537679232	0.8637602179836512	0.8131067961165048
17	0.43720095687442356	9.216053945513872	0.8728428701180745	0.7815533980582524
18	0.4368844785188374	9.275775962151014	0.8761731759006963	0.8276699029126213
19	0.436991012096405	8.36203176356279	0.8922191946715108	0.8033980582524272
20	0.4367431458972749	7.772592272896033	0.9003935815924917	0.7839805825242718
21	0.4362296732989224	7.230534773606521	0.9070541931577354	0.7961165048543689
22	0.43703442034514056	6.323915893068681	0.9188616409324856	0.8155339805825242
23	0.4363435407479604	6.15682543011812	0.92188919164396	0.808252427184466
24	0.43554715156555174	5.477651732472273	0.9343021495610051	0.779126213592233
25	0.43503939188443697	4.619629999765983	0.9494399031183772	0.7864077669902912
26	0.4346861927597611	4.571878225184404	0.9442930669088707	0.8131067961165048
27	0.43439479385103497	3.7959355070040774	0.9585225552528005	0.8058252427184466
28	0.4343981249579068	3.6338524950238376	0.9651831668180442	0.7669902912621359
29	0.43418684005737307	4.0789287353937445	0.9570087798970632	0.8179611650485437
30	0.4341326375161448	2.3626785441659965	0.9766878595216469	0.7985436893203883
31	0.4338965564966202	1.7574729455205111	0.9839539812291855	0.7888349514563107
32	0.4335033026608554	2.1276641675951677	0.9782016348773842	0.7985436893203883
33	0.43328217899098115	1.528489546563763	0.9860732667272177	0.7839805825242718
34	0.43293393680027553	2.3246019603505443	0.9812291855888586	0.7985436893203883
35	0.43289276626374984	1.241102467935819	0.9881925522252498	0.7936893203883495
36	0.43273715070776037	0.9216608841402026	0.9939448985770512	0.7766990291262136
37	0.432488899481924	1.067429552714412	0.9903118377232819	0.7961165048543689
38	0.4323841547354674	0.6856612533581659	0.9960641840750832	0.7864077669902912
-1	-1	-1	-1	-1
0	0.5082542896270752	20.85212317796854	0.6256814052089643	0.6868932038834952
1	0.46428048610687256	19.547316088126255	0.6632344033918837	0.6868932038834952
2	0.4497380256652832	17.90746847024331	0.7153240460327075	0.6990291262135923
3	0.44103139638900757	17.243046810993782	0.7328891580860085	0.6844660194174758
4	0.43717002868652344	16.433051590736095	0.7504542701393095	0.7233009708737864
5	0.4335326353708903	15.830317047926096	0.7701393095093882	0.720873786407767
6	0.4318509101867676	15.221559254022745	0.774076317383404	0.7524271844660194
7	0.4300302565097809	14.986929918711002	0.7804360993337371	0.7257281553398058
8	0.4287695619795058	15.162672528853783	0.7774076317383404	0.7451456310679612
9	0.4290034770965576	14.192397945202314	0.7837674136886735	0.7087378640776699
10	0.4290920821103183	13.886980154193365	0.8001211387038158	0.7402912621359223
11	0.4310212731361389	13.303293753128786	0.8079951544518473	0.7402912621359223
12	0.4303895143362192	12.554049763541956	0.8243488794669896	0.7524271844660194
13	0.4311915806361607	12.415783131351837	0.8264688067837674	0.7402912621359223
14	0.43112243016560875	11.658045662137178	0.838885523924894	0.7645631067961165
15	0.4311217814683914	11.20213191325848	0.850999394306481	0.7936893203883495
16	0.430787675520953	10.422977406245012	0.8646274984857663	0.7402912621359223
17	0.43080102072821724	9.901849367297613	0.8670502725620836	0.7524271844660194
18	0.4310033823314466	9.42799824476242	0.8746214415505754	0.7669902912621359
19	0.43106316328048705	8.777785752828304	0.8894609327680194	0.7621359223300971
20	0.430475393931071	8.401697692962793	0.8964264082374318	0.7815533980582524
21	0.4304713119160045	7.5364113094714975	0.9058146577831617	0.7718446601941747
22	0.43052667120228644	7.190834905092533	0.9106602059357964	0.75
23	0.4303821424643199	6.992375768147982	0.9115687462144155	0.779126213592233
24	0.4306974983215332	6.461547069251537	0.9245911568746215	0.7475728155339806
25	0.43045583138099086	5.401655678708966	0.9394306480920654	0.8203883495145631
26	0.4301389146734167	4.8275304127198	0.9454875832828589	0.7839805825242718
27	0.4296296920095171	4.205336413704432	0.9542701393095094	0.7985436893203883
28	0.429292029347913	4.177976995899091	0.952755905511811	0.7766990291262136
29	0.42902275721232097	3.2020900851258864	0.9678982434887947	0.8009708737864077
30	0.42874877683578	2.703402515787345	0.9709267110841914	0.7864077669902912
31	0.42838072031736374	2.6551620481679072	0.9736523319200484	0.7985436893203883
32	0.42815024202520197	2.197133307560132	0.9769836462749849	0.7985436893203883
33	0.42785536541658287	2.168766912860939	0.9797092671108419	0.7718446601941747
34	0.4275782585144043	2.0740516648556175	0.9791035735917626	0.7766990291262136
35	0.42744986216227215	1.6472929439579065	0.9839491217443973	0.7864077669902912
36	0.42721617544019547	1.335389514095508	0.9866747425802543	0.7718446601941747
37	0.42704520727458756	1.1346300095767499	0.9906117504542702	0.7961165048543689
38	0.4268628267141489	0.9892462432885972	0.9924288310115081	0.7766990291262136
39	0.4267597019672394	0.8281119976264353	0.9939430648092066	0.7936893203883495
40	0.42637829664276866	0.6957813571207225	0.9960629921259843	0.7864077669902912
41	0.42647968587421237	0.8377799709470799	0.9930345245305875	0.7912621359223301
42	0.42642981507057365	0.6442394341843632	0.9960629921259843	0.7888349514563107
43	0.4268262603066184	0.738038037912562	0.9951544518473653	0.7961165048543689
44	0.42673965560065374	0.7417425534580476	0.9954572986069049	0.7888349514563107
45	0.42648585464643396	0.5478986410777836	0.9963658388855239	0.7936893203883495
-1	-1	-1	-1	-1
0	0.5775139331817627	19.804408013820648	0.6688882156922145	0.8111380145278451
1	0.499721884727478	18.800134402055008	0.691608603453499	0.7699757869249395
2	0.4748086134592692	17.423948886302803	0.7255377158436838	0.7966101694915254
3	0.459911584854126	16.578571491516552	0.7428052105422599	0.7336561743341404
4	0.4523329734802246	16.509568606431667	0.7494698576189034	0.7966101694915254
5	0.44866108894348145	15.675620519197905	0.7588609512269009	0.7893462469733656
6	0.4453667231968471	15.587063805415081	0.7664344138139958	0.8038740920096852
7	0.4426371455192566	15.067803722161512	0.7827930930021205	0.7336561743341404
8	0.4398326343960232	14.669008190815266	0.7833989700090882	0.801452784503632
9	0.4383042335510254	14.108407591397945	0.8003635262041805	0.7966101694915254
10	0.43694010647860443	13.787430834311705	0.8000605877006968	0.8111380145278451
11	0.436436931292216	13.50556332560686	0.8079369887912754	0.7966101694915254
12	0.4349245841686542	12.917061830942448	0.8255074219933354	0.8087167070217918
13	0.43377040113721577	11.978285564826084	0.8370190851257194	0.8305084745762712
14	0.4333692868550619	11.646050669252872	0.8430778551953954	0.801452784503632
15	0.43264754116535187	10.653559753528008	0.8609512269009391	0.8159806295399515
16	0.43232882724088784	10.7857611397138	0.8536807028173281	0.8208232445520581
17	0.4318305518892076	9.51414692401886	0.8788245986064829	0.7917675544794189
18	0.43149811343142863	8.918107054554499	0.8854892456831264	0.7893462469733656
19	0.4314554452896118	8.221630153747705	0.8948803392911239	0.7990314769975787
20	0.4311416262672061	7.698175688202564	0.9015449863677674	0.8111380145278451
21	0.43070915612307464	6.8864345501821775	0.9182066040593759	0.8087167070217918
22	0.43072448606076447	6.261909213776772	0.923962435625568	0.8111380145278451
23	0.43062971035639447	5.963520556688309	0.928506513177825	0.8426150121065376
24	0.43075077056884764	5.0939413498227415	0.9409269918206604	0.8111380145278451
25	0.4302703325565045	4.30442104030114	0.9472887003938201	0.7893462469733656
26	0.4304799327143916	3.9780138975295882	0.9536504089669797	0.8184019370460048
27	0.4304532749312265	3.608282637352554	0.9588003635262042	0.8184019370460048
28	0.4302506035771863	2.9727094365427127	0.9691002726446531	0.801452784503632
29	0.4305312951405843	2.438123750858582	0.9757649197212965	0.8087167070217918
30	0.43041023900431974	2.666085226318011	0.9730384731899424	0.8159806295399515
31	0.4303954616189003	2.021492566698446	0.9818236897909725	0.8305084745762712
32	0.43055438272880786	1.4488629835586135	0.9900030293850348	0.8111380145278451
33	0.43068057649275837	1.2868503164499998	0.9869736443501969	0.8159806295399515
34	0.4305749688829694	1.9548798262929687	0.9821266282944562	0.8135593220338984
35	0.430577105946011	1.4652567646430374	0.9866707058467131	0.8208232445520581
36	0.4302970976442904	0.9194509897273607	0.9948500454407755	0.8280871670702179
37	0.4303546014584993	0.9420825459439164	0.9936382914268403	0.8329297820823245
38	0.43033603521493763	0.9629266841825134	0.9930324144198728	0.8232445520581114
39	0.4302589476108551	0.6426207293362285	0.9957588609512269	0.8184019370460048
40	0.43067404700488576	0.5478720316391096	0.9966676764616783	0.8329297820823245
41	0.4305710168111892	0.529935545027771	0.9966676764616783	0.8280871670702179
42	0.4307897201804228	0.637770601010953	0.9957588609512269	0.837772397094431
43	0.43078072504563764	0.7427435383702127	0.9939412299303242	0.8159806295399515
-1	-1	-1	-1	-1
0	0.5028512477874756	19.373351051257206	0.6785822478036958	0.7772397094430993
1	0.465090274810791	18.02135889346783	0.7185701302635565	0.738498789346247
2	0.45171403884887695	17.334827941197616	0.7288700393820055	0.7796610169491526
3	0.44464749097824097	16.29079290995231	0.7549227506816116	0.738498789346247
4	0.4388094425201416	16.22268397647601	0.7621932747652227	0.7966101694915254
5	0.43721826871236164	15.955480703940758	0.7634050287791578	0.784503631961259
6	0.4348585946219308	14.642190615718182	0.7833989700090882	0.784503631961259
7	0.43327295780181885	14.643170605485256	0.789457740078764	0.774818401937046
8	0.4322548707326253	14.321718321396755	0.7876401090578613	0.7530266343825666
9	0.43097896575927735	14.104927638402351	0.7955165101484398	0.7820823244552058
10	0.43034161220897327	13.237916691945149	0.8118751893365647	0.738498789346247
11	0.4301803708076477	13.082868750278767	0.8173280823992729	0.7917675544794189
12	0.4294441846700815	12.476806884201673	0.8273250530142381	0.7627118644067796
13	0.42839821747371126	12.115201639441343	0.8388367161466223	0.8087167070217918
14	0.4284576257069906	11.00103142972176	0.8579218418661012	0.7869249394673123
15	0.4281417280435562	11.025286159836329	0.8551953953347471	0.7772397094430993
16	0.42792994835797477	10.593940567225218	0.868524689488034	0.7820823244552058
17	0.42781751685672337	9.653361250574772	0.8736746440472584	0.7893462469733656
18	0.4289699981087132	8.840116798877716	0.8927597697667373	0.784503631961259
19	0.42932853698730467	8.293748303674734	0.8951832777946077	0.8062953995157385
20	0.42926101457505	7.750339075922966	0.9085125719478946	0.784503631961259
21	0.4293482411991466	6.994721228400102	0.9142684035140867	0.7917675544794189
22	0.42929118612538214	6.422724911763978	0.9248712511360194	0.801452784503632
23	0.4293566842873891	5.440246941951605	0.9345652832475008	0.7990314769975787
24	0.42916264533996584	5.478373643297416	0.9348682217509845	0.774818401937046
25	0.42892385446108305	4.811314911796496	0.9485004544077552	0.8062953995157385
26	0.4289476341671414	4.3213943508095465	0.9533474704634959	0.7651331719128329
27	0.4291002239499773	3.395148272984303	0.96485913359588	0.7941888619854721
28	0.42884942580913676	2.8105406469593825	0.9706149651620721	0.8111380145278451
29	0.428588596979777	2.217651868668886	0.9769766737352318	0.8038740920096852
30	0.42841883628599103	2.6743162902645192	0.97364435019691	0.8038740920096852
31	0.4284839481115341	1.8350629713296747	0.9827325053014239	0.8062953995157385
32	0.42813017151572486	1.3249832281771188	0.9887912753710997	0.7893462469733656
33	0.42792682086720185	1.5849433807083046	0.983944259315359	0.7941888619854721
34	0.4282694816589355	1.985283006555759	0.9818236897909725	0.7941888619854721
35	0.42817683352364433	1.496505682535756	0.9875795213571645	0.7990314769975787
36	0.42801135939520757	0.6768007861235394	0.9966676764616783	0.7917675544794189
37	0.4280157528425518	0.6135034161045846	0.996970614965162	0.8062953995157385
38	0.42849117058974046	0.7696051313653768	0.9960617994547107	0.7941888619854721
39	0.4285632073879242	0.6032528054291526	0.9957588609512269	0.7966101694915254
40	0.4288135912360215	0.4494956307686292	0.9966676764616783	0.7966101694915254
41	0.42891433125450495	0.4565745905028262	0.9963647379581945	0.7941888619854721
42	0.428854038549024	0.560922684331532	0.9963647379581945	0.801452784503632
43	0.42855929786508734	0.3313861506131406	0.9975764919721296	0.7990314769975787
44	0.42843490176730686	0.4348493803979811	0.996970614965162	0.7966101694915254
45	0.42844904505688214	0.4769821788398146	0.9972735534686459	0.8038740920096852
46	0.42828767350379454	0.4996192379285975	0.9963647379581945	0.784503631961259
47	0.42840192715326947	0.5264873685060033	0.9966676764616783	0.8087167070217918
48	0.4282937195836281	0.33519024840699363	0.9978794304756134	0.801452784503632
-1	-1	-1	-1	-1
0	0.5620794296264648	19.554200635506557	0.6767646167827931	0.7457627118644068
1	0.4982733726501465	18.11256448809917	0.714934868221751	0.7215496368038741
2	0.4705297152201335	16.869261147884224	0.7385640714934868	0.738498789346247
3	0.45783692598342896	15.970105544878887	0.766131475310512	0.6658595641646489
4	0.44991278648376465	15.92145736859395	0.7606785822478037	0.7530266343825666
5	0.4464406172434489	15.644491837574886	0.7673432293244471	0.7457627118644068
6	0.44421918051583426	14.709214124542017	0.7797637079672827	0.7433414043583535
7	0.4436115324497223	14.572893762817749	0.7824901544986368	0.7554479418886199
8	0.4423275788625081	14.352743212993328	0.7900636170857316	0.7530266343825666
9	0.4437440872192383	13.592758129422482	0.7991517721902454	0.7530266343825666
10	0.44212662089954724	13.24615787772032	0.8124810663435322	0.7530266343825666
11	0.44064072767893475	12.827936054422306	0.8191457134201757	0.774818401937046
12	0.44010303570674014	12.546249536367563	0.8218721599515298	0.784503631961259
13	0.4394022396632603	11.791619630960318	0.8448954862162981	0.7723970944309927
14	0.43942853609720867	11.41633493739825	0.8488336867615874	0.774818401937046
15	0.43900907039642334	10.610868779512552	0.8612541654044229	0.7820823244552058
16	0.4382215668173397	9.97863372701865	0.8648894274462284	0.7990314769975787
17	0.43868618541293675	9.406860167590471	0.8733717055437746	0.8062953995157385
18	0.43837168342188787	8.878334472385736	0.8812481066343533	0.7917675544794189
19	0.4375469446182251	7.527587283689242	0.9033626173886701	0.7966101694915254
20	0.43692784082321895	7.467386229680135	0.906392002423508	0.8184019370460048
21	0.43656733903017914	6.799174875020981	0.915177219024538	0.8038740920096852
22	0.43598332612410834	5.934837661253718	0.9282035746743411	0.8062953995157385
23	0.43540560205777484	5.39339282650214	0.9336564677370494	0.8038740920096852
24	0.43507019996643065	5.1352304463776255	0.9397152378067253	0.8038740920096852
25	0.43490640016702503	5.491736929290569	0.932747652226598	0.7869249394673123
26	0.4342140621609158	4.028282078999417	0.9539533474704635	0.784503631961259
27	0.43404482092176166	3.728444618674425	0.9600121175401394	0.7869249394673123
28	0.43390939975606985	3.0844267374620986	0.9669797031202666	0.7990314769975787
29	0.43391003608703616	2.675056667541727	0.9718267191760073	0.7869249394673123
30	0.43406055819603706	2.773934603561289	0.9727355346864587	0.8062953995157385
31	0.43394574522972107	2.3283717709665117	0.9787943047561345	0.7893462469733656
32	0.43354933189623285	2.5521734027335277	0.9742502272038777	0.7893462469733656
33	0.4333224997800939	1.527717138497302	0.985458951832778	0.7820823244552058
34	0.4329935414450509	1.46822020363582	0.9906089063920024	0.7941888619854721
35	0.43271052837371826	1.6174359757883043	0.9860648288397456	0.8038740920096852
36	0.4325744976868501	1.1677514463663101	0.9921235989094214	0.8038740920096852
37	0.432259107890882	0.8702246230453826	0.9939412299303242	0.7941888619854721
38	0.43201827391599995	1.0681492497410194	0.9924265374129052	0.7966101694915254
39	0.43174930810928347	0.9945713558879036	0.9930324144198728	0.8184019370460048
40	0.4317707375782292	0.8985723140470397	0.9948500454407755	0.7990314769975787
-1	-1	-1	-1	-1
0	0.5045051574707031	19.671972393989563	0.657982429566798	0.7191283292978208
1	0.46041274070739746	18.009783632480183	0.7206906997879431	0.7046004842615012
2	0.4484411875406901	17.18516699396647	0.7367464404725841	0.7263922518159807
3	0.4406754970550537	16.72773549419183	0.7391699485004544	0.7239709443099274
4	0.43833532333374026	16.596540577136555	0.7428052105422599	0.7142857142857143
5	0.4349016348520915	15.660672204998823	0.7624962132687064	0.7433414043583535
6	0.4337044784000942	15.136719466401981	0.7758255074219933	0.7215496368038741
7	0.43279409408569336	15.096244832644096	0.7797637079672827	0.7239709443099274
8	0.43106193012661403	14.54483076930046	0.786428355043926	0.7506053268765133
9	0.43053834438323973	14.317292294823206	0.7915783096031506	0.7699757869249395
10	0.4298586195165461	14.066686964952028	0.7927900636170857	0.774818401937046
11	0.42954957485198975	13.616047196090221	0.7973341411693426	0.7723970944309927
12	0.4287234636453482	12.701835921177498	0.8249015449863678	0.784503631961259
13	0.42830584730420795	12.313369113665361	0.8258103604968191	0.7699757869249395
14	0.42826793988545736	11.644544635827724	0.8355043926083006	0.784503631961259
15	0.4283958226442337	11.576441859969727	0.8436837322023629	0.784503631961259
16	0.4276900291442871	10.578952225355001	0.8612541654044229	0.7966101694915254
17	0.4279131094614665	9.787415577242008	0.8730687670402908	0.7675544794188862
18	0.42821000751696137	9.666924343659328	0.8773099060890639	0.7820823244552058
19	0.42827255725860597	8.761847137831724	0.8882156922144805	0.7966101694915254
20	0.4293218907855806	8.0675308406353	0.8942744622841563	0.7941888619854721
21	0.4290307651866566	7.718793699374566	0.9060890639200242	0.8062953995157385
22	0.4289876585421355	6.925387931557802	0.9148742805210542	0.7966101694915254
23	0.4286692440509796	6.372686819782337	0.9236594971220842	0.7627118644067796
24	0.4285042381286621	6.087852944548313	0.926991820660406	0.8062953995157385
25	0.42824915739206165	5.034998522784847	0.9391093607997576	0.8087167070217918
26	0.4281531439887153	4.709287550586921	0.9454710693729172	0.8087167070217918
27	0.42789814301899504	4.338614913706596	0.9506210239321418	0.8062953995157385
28	0.42781356285358296	4.022038162757571	0.9521357164495607	0.8038740920096852
29	0.4274582783381144	2.9010651891048136	0.9687973341411693	0.7941888619854721
30	0.42752721232752644	2.88287155301525	0.9681914571342017	0.7966101694915254
31	0.42744075506925583	2.4603020656280794	0.9766737352317479	0.7941888619854721
32	0.42729084419481683	1.6621561988901634	0.9881853983641321	0.7966101694915254
33	0.42724048390107994	2.733149238468076	0.97364435019691	0.7820823244552058
34	0.42712814467293875	1.7249068235396408	0.9833383823083914	0.801452784503632
35	0.42710036701626247	1.3783766685071617	0.9903059678885187	0.801452784503632
36	0.42693848867674133	1.3232539178033431	0.9900030293850348	0.784503631961259
37	0.42693239136746053	1.078505222511012	0.9930324144198728	0.8038740920096852
38	0.42681291775825697	0.8022579649248376	0.9948500454407755	0.7966101694915254
39	0.42667285203933714	0.9609515673051087	0.9936382914268403	0.7966101694915254
40	0.4265731718482041	0.8248511431738734	0.9939412299303242	0.7796610169491526
41	0.4264842555636451	0.7902949154376984	0.9939412299303242	0.7893462469733656
42	0.42648510600245276	0.9869563335579676	0.9915177219024538	0.7796610169491526
43	0.42663167823444714	0.7545988716973135	0.9933353529233565	0.7820823244552058
44	0.4269108984205458	0.5550275124260224	0.9960617994547107	0.784503631961259
45	0.4269285772157752	0.4854987977730791	0.9966676764616783	0.784503631961259
-1	-1	-1	-1	-1
0	0.562281608581543	19.332319089999565	0.6719176007270524	0.7288135593220338
1	0.49311208724975586	17.893681972072674	0.7131172372008482	0.6464891041162227
2	0.4676069418589274	17.16753194653071	0.7334141169342624	0.7167070217917676
3	0.4571969509124756	16.853090199140404	0.7425022720387762	0.7094430992736077
4	0.4508328914642334	15.98664010144197	0.7682520448348985	0.7481840193704601
5	0.4497820933659871	15.869161651684689	0.7621932747652227	0.7433414043583535
6	0.44722012111118864	15.714121327950405	0.763102090275674	0.7481840193704601
7	0.4461411237716675	14.963458125407879	0.7846107240230233	0.7360774818401937
8	0.44469451904296875	14.770324007822918	0.7840048470160558	0.6973365617433414
9	0.44392316341400145	14.569573177741123	0.794001817631021	0.7893462469733656
10	0.4419410228729248	13.915444681277641	0.8052105422599213	0.7723970944309927
11	0.4404032627741496	13.279431031300472	0.810057558315662	0.7869249394673123
12	0.4392076822427603	12.820806773809286	0.8239927294759164	0.6803874092009685
13	0.43830946513584684	12.449528524508843	0.833383823083914	0.8062953995157385
14	0.4378093401590983	12.129897250578953	0.8373220236292033	0.784503631961259
15	0.43691010773181915	11.032362881761332	0.8515601332929416	0.7893462469733656
16	0.4363421832813936	10.835315495729446	0.8551953953347471	0.8184019370460048
17	0.4359402789009942	10.015959271301444	0.8718570130263557	0.8329297820823245
18	0.4356612531762374	8.943579282898169	0.8873068767040291	0.8280871670702179
19	0.4347380518913269	8.586519573743526	0.8851863071796425	0.8256658595641646
20	0.43447623934064594	7.667535973282961	0.9018479248712511	0.8159806295399515
21	0.4344395507465709	7.165568565233396	0.9106331414722811	0.7941888619854721
22	0.4347836867622707	6.850514628566229	0.9133595880036353	0.8232445520581114
23	0.43460110823313397	5.888870542582411	0.9294153286882763	0.8159806295399515
24	0.43436078071594236	5.852840793677247	0.9309300212056952	0.8184019370460048
25	0.43427978112147403	5.094085443478364	0.9360799757649197	0.8523002421307506
26	0.4342251707006384	4.304211737444768	0.9524386549530446	0.8450363196125908
27	0.43416076047079905	3.734159390692814	0.95607391699485	0.8305084745762712
28	0.43378935189082707	2.963855548833425	0.9681914571342017	0.8329297820823245
29	0.43370842138926186	2.657559542128673	0.9697061496516207	0.8401937046004843
30	0.4332895202021445	3.6670976917331037	0.9621326870645259	0.837772397094431
31	0.43323246389627457	2.573817888991191	0.9733414116934263	0.837772397094431
32	0.43305695418155554	2.256264120606759	0.9775825507421994	0.8426150121065376
33	0.43302543023053336	1.8543381417313447	0.985458951832778	0.837772397094431
34	0.43279779979160854	1.5517650680759778	0.9866707058467131	0.8353510895883777
35	0.43324703640407985	1.096382503809694	0.9897000908815511	0.8498789346246973
36	0.43300488832834605	1.0532649164804473	0.99121478339897	0.8305084745762712
37	0.43310265792043584	0.9096760330005333	0.9930324144198728	0.8426150121065376
38	0.4327314816988431	0.9965464932700763	0.9906089063920024	0.8571428571428571
39	0.4324108183383942	0.9035504534907747	0.9942441684338079	0.8450363196125908
40	0.43213689036485625	0.945585746747943	0.9936382914268403	0.8498789346246973
41	0.4321880965005784	0.5654010721661437	0.996970614965162	0.8426150121065376
42	0.4324903599051542	0.6809957502230716	0.9957588609512269	0.8426150121065376
43	0.4326489730314775	0.8462974437010976	0.9939412299303242	0.8450363196125908
44	0.43328827222188315	0.5310398016501074	0.996970614965162	0.8426150121065376
45	0.4332858064900274	0.5739718104014173	0.9957588609512269	0.8595641646489104
46	0.43309974163136583	0.7113218963898432	0.9945471069372918	0.8450363196125908
47	0.4330912133057912	0.6918645294096607	0.9948500454407755	0.8401937046004843
48	0.4330809262334084	0.49215944008364415	0.9972735534686459	0.8450363196125908
49	0.4327082633972168	0.4060979068487471	0.9972735534686459	0.8450363196125908
50	0.432527785207711	0.4867563849637428	0.996970614965162	0.837772397094431
51	0.4323729551755465	0.5371936492100269	0.9960617994547107	0.8450363196125908
52	0.4325578752553688	0.48416291111901116	0.9966676764616783	0.847457627118644
53	0.4323612893069232	0.5071293875763121	0.9960617994547107	0.8450363196125908
54	0.43216616890647197	0.35682652876130305	0.9966676764616783	0.8498789346246973
55	0.4319167264870235	0.4399135557648081	0.996970614965162	0.847457627118644
56	0.43163737497831645	0.3396165860243715	0.9966676764616783	0.8426150121065376
57	0.4315731319887885	0.3795526903570415	0.996970614965162	0.8498789346246973
58	0.4313175880302817	0.4199868082113636	0.9966676764616783	0.847457627118644
59	0.4312405506769816	0.49192885969890854	0.9957588609512269	0.847457627118644
60	0.43102513375829477	0.42205850596432215	0.9966676764616783	0.8426150121065376
61	0.4309202701814713	0.42590010925330435	0.9957588609512269	0.8426150121065376
62	0.43075522543892025	0.3952685894193844	0.9966676764616783	0.8401937046004843
63	0.4305211342871189	0.3591844398940269	0.9963647379581945	0.847457627118644
64	0.4304089069366455	0.3109391515519327	0.9975764919721296	0.8571428571428571
65	0.4302162690596147	0.41947852812322356	0.996970614965162	0.837772397094431
-1	-1	-1	-1	-1
0	0.5093142986297607	19.503383496632942	0.6697970312026659	0.7191283292978208
1	0.46433842182159424	18.08951718532122	0.7176613147531051	0.7239709443099274
2	0.4490330219268799	17.54404806632262	0.7255377158436838	0.7215496368038741
3	0.4425961375236511	16.862601628670326	0.747046349591033	0.711864406779661
4	0.4380668640136719	16.220580576704098	0.7555286276885792	0.7409200968523002
5	0.4357444842656453	15.696517552320774	0.7721902453801878	0.7457627118644068
6	0.43336803572518484	15.49374637236962	0.7709784913662526	0.7239709443099274
7	0.432989239692688	15.570766710318052	0.7664344138139958	0.7651331719128329
8	0.4311014281378852	15.11595901617637	0.7870342320508936	0.801452784503632
9	0.4298818111419678	14.376547364088205	0.7961223871554075	0.784503631961259
10	0.42963923107494006	14.141862565508255	0.8000605877006968	0.7651331719128329
11	0.42881760994593304	13.429470950594315	0.8133898818539836	0.8062953995157385
12	0.42856726279625523	13.192509259168919	0.8200545289306271	0.774818401937046
13	0.4279299463544573	12.215862806026752	0.8336867615873977	0.8159806295399515
14	0.4275906244913737	11.735504709757292	0.8394425931535898	0.7796610169491526
15	0.4275819957256317	11.404781565070152	0.8421690396849439	0.8062953995157385
16	0.4275811279521269	10.282798745884346	0.8591335958800363	0.7723970944309927
17	0.42746977011362713	10.210144510635963	0.8657982429566798	0.7530266343825666
18	0.42775694947493703	9.643913294260319	0.8764010905786126	0.7990314769975787
19	0.42741529941558837	8.5773436934329	0.8921538927597698	0.784503631961259
20	0.42866553579057964	7.618856675922871	0.9018479248712511	0.7893462469733656
21	0.42845584045756946	7.854808456622637	0.9091184489548622	0.8111380145278451
22	0.42857736089955206	6.827059418249589	0.9148742805210542	0.8087167070217918
23	0.4285418391227722	6.532947415342698	0.9203271735837625	0.7699757869249395
24	0.42864476203918456	6.2652982619519415	0.9227506816116329	0.8087167070217918
25	0.42863144324376035	5.016080969228194	0.941532868827628	0.7723970944309927
26	0.42852792033442744	3.893768249437786	0.9548621629809149	0.801452784503632
27	0.4288682000977652	3.62581703124138	0.9572856710087853	0.8111380145278451
28	0.4289212309080979	3.71457241074397	0.9578915480157528	0.8135593220338984
29	0.42921897570292156	2.510026889638259	0.9754619812178128	0.8087167070217918
30	0.429254578005883	1.8956637600293527	0.9827325053014239	0.7990314769975787
31	0.42971885949373245	1.8857098408759787	0.9842471978188427	0.8087167070217918
32	0.42949057347846753	2.363584036903026	0.9745531657073614	0.7772397094430993
33	0.42965317473692055	2.0238963207588174	0.9815207512874886	0.8159806295399515
34	0.4298097678593227	1.2664667422292182	0.9878824598606483	0.8232445520581114
35	0.4297143750720554	1.8672067399781485	0.9830354438049076	0.8062953995157385
36	0.42957472801208496	0.9381726273836998	0.9915177219024538	0.8111380145278451
37	0.4297560829865305	0.7618274888955057	0.9942441684338079	0.8159806295399515
38	0.4302964638441037	0.7271403280230095	0.9960617994547107	0.7917675544794189
39	0.4319875121116638	0.5187657297445605	0.9972735534686459	0.8062953995157385
40	0.43170280572844716	0.6818854426427816	0.9966676764616783	0.8087167070217918
41	0.4314580871945336	0.3877764186941721	0.9981823689790973	0.8087167070217918
42	0.4313152945318887	0.4355799262590993	0.9978794304756134	0.8159806295399515
43	0.4314041787927801	0.36917061690026176	0.998485307482581	0.8038740920096852
44	0.4314894199371338	0.44892757455818355	0.9972735534686459	0.7990314769975787
45	0.43120828918788745	0.3322728691726717	0.9975764919721296	0.8111380145278451
46	0.4312199683899575	0.4346237136701697	0.9978794304756134	0.7966101694915254
47	0.4309046268463135	0.38561800610757646	0.9975764919721296	0.8111380145278451
48	0.4306275455319152	0.3184941849061278	0.9975764919721296	0.8111380145278451
49	0.430556902885437	0.3729637396956185	0.9981823689790973	0.8087167070217918
50	0.4304134051005046	0.2966827461675096	0.9978794304756134	0.8062953995157385
51	0.43053511472848743	0.3045629469414472	0.9978794304756134	0.801452784503632
52	0.4302297313258333	0.23050476588720742	0.9978794304756134	0.8062953995157385
53	0.4300861844310054	0.28966643891180865	0.9981823689790973	0.8038740920096852
54	0.43000026182694867	0.28460640298054873	0.9972735534686459	0.7990314769975787
-1	-1	-1	-1	-1
0	0.502866268157959	19.30514906002925	0.6847365233192004	0.7433414043583535
1	0.4613145589828491	18.05130650389653	0.6992731677771048	0.7336561743341404
2	0.44809484481811523	17.267637328459667	0.7395517867958813	0.7481840193704601
3	0.44224292039871216	17.009064314457085	0.7404603270745003	0.7602905569007264
4	0.43752641677856446	16.688360748382713	0.74076317383404	0.7167070217917676
5	0.4367610613505046	16.01492144511296	0.7616596002422774	0.7481840193704601
6	0.4344723565237863	15.518227946299772	0.7774076317383404	0.7651331719128329
7	0.43373391032218933	15.217533065722538	0.7822531798909752	0.784503631961259
8	0.4336390230390761	14.699344519239206	0.7886129618413082	0.7627118644067796
9	0.4326977491378784	14.32748295366764	0.790732889158086	0.7772397094430993
10	0.43157096342606976	13.967203981601275	0.7989097516656571	0.7699757869249395
11	0.430977741877238	13.466349528386043	0.8019382192610539	0.7021791767554479
12	0.43032152836139387	13.475757903777636	0.8086008479709267	0.7699757869249395
13	0.4292704037257603	12.804376441698809	0.8285887341005451	0.7966101694915254
14	0.4292604446411133	11.887156903743744	0.8400969109630527	0.8062953995157385
15	0.42947399616241455	11.242820505912487	0.8519079345851	0.8111380145278451
16	0.42982041134553794	11.182214890535061	0.8500908540278619	0.8208232445520581
17	0.4290090666876899	9.869515702701532	0.868564506359782	0.7917675544794189
18	0.42840282540572316	9.640263163126432	0.8755299818291944	0.8038740920096852
19	0.4279536843299866	8.463999457084215	0.8955178679588128	0.8062953995157385
20	0.4274582408723377	8.27788969874382	0.8943064809206541	0.8062953995157385
21	0.42727935314178467	7.960669233248784	0.8988491823137492	0.8329297820823245
22	0.42694701319155487	6.966594561934471	0.9149000605693519	0.8062953995157385
23	0.4267599980036418	6.109540057870058	0.9264082374318595	0.8038740920096852
24	0.4263309097290039	5.608414065379363	0.9324651726226529	0.8111380145278451
25	0.426365485558143	5.179825210943818	0.9421562689279225	0.8305084745762712
26	0.42637692557440865	5.175592717929528	0.9403391883706844	0.8256658595641646
27	0.4266173073223659	4.2520992412016945	0.9548758328285888	0.8353510895883777
28	0.42643308639526367	3.6696263279479284	0.9585099939430648	0.8232445520581114
29	0.42687095801035563	3.018049013729279	0.9660811629315567	0.7990314769975787
30	0.4269675131767027	2.9956725678191733	0.9718352513628105	0.8111380145278451
31	0.42689114063978195	2.570018322851795	0.9751665657177468	0.8135593220338984
32	0.4271092487104011	1.9601806256060417	0.9794064203513022	0.8232445520581114
33	0.427048641092637	2.3918486777693033	0.9803149606299213	0.8208232445520581
34	0.4270016465868269	1.5335572684326997	0.9857662023016354	0.8087167070217918
35	0.4269764886962043	1.3293264344191322	0.9887946698970321	0.8256658595641646
36	0.4269319869376518	0.9866209520170321	0.9933373712901272	0.8232445520581114
37	0.427008076717979	0.9090280239291203	0.9933373712901272	0.8256658595641646
38	0.427124512501252	0.8324178844833603	0.9936402180496668	0.7990314769975787
39	0.4269825339317322	0.745708006559513	0.9942459115687462	0.8305084745762712
40	0.42687202081447695	0.7188368327915668	0.9942459115687462	0.8305084745762712
41	0.42682414395468576	0.590825216770799	0.9954572986069049	0.8256658595641646
42	0.4266660213470459	0.4781212685898376	0.9966686856450636	0.8305084745762712
43	0.4266677065329118	0.5481116886322315	0.9969715324046032	0.8401937046004843
44	0.4266059928470188	0.41864853057687956	0.997274379164143	0.8208232445520581
45	0.4266422002211861	0.45363527244010654	0.997274379164143	0.8159806295399515
46	0.42658191538871604	0.35274698613927913	0.9975772259236826	0.8305084745762712
47	0.4266434808572133	0.3730497834845804	0.9978800726832223	0.8280871670702179
48	0.4266408511570522	0.4334391899688993	0.9969715324046032	0.8232445520581114
49	0.42673439502716065	0.3380689756729855	0.9978800726832223	0.8256658595641646
50	0.4270018970265108	0.3191102130087809	0.997274379164143	0.8135593220338984
51	0.42714130878448486	0.40590682475270184	0.9966686856450636	0.8256658595641646
52	0.42718974149452066	0.3062434382826233	0.9975772259236826	0.8208232445520581
53	0.4271844537169845	0.2927297089750377	0.9975772259236826	0.8232445520581114
54	0.4272577329115434	0.2082349517597602	0.9984857662023017	0.8135593220338984
55	0.42711531690188814	0.2463531021673519	0.9981829194427619	0.8232445520581114
56	0.42708134232905876	0.3065511693622774	0.9978800726832223	0.8159806295399515
57	0.4270555767519721	0.23602688473720962	0.9978800726832223	0.8184019370460048
58	0.42708161725836286	0.20592376362765208	0.9978800726832223	0.8135593220338984
59	0.4268436272939046	0.2568472391195918	0.9981829194427619	0.8208232445520581
60	0.4268879030571609	0.2444618773789933	0.9978800726832223	0.8232445520581114
61	0.42679684777413646	0.3072612334441286	0.9975772259236826	0.8208232445520581
62	0.42686554363795687	0.26425732953402287	0.9981829194427619	0.8232445520581114
63	0.4269537441432476	0.356898523768625	0.9969715324046032	0.8232445520581114
-1	-1	-1	-1	-1
0	0.5065748691558838	19.19631140965682	0.6821071752951862	0.6820388349514563
1	0.46691977977752686	18.067911794552437	0.7157129881925522	0.6067961165048543
2	0.45520512262980145	17.464703899163467	0.7335755373902513	0.7111650485436893
3	0.44825559854507446	16.536079823970795	0.7511353315168029	0.7160194174757282
4	0.4440030574798584	16.347102630596893	0.7550711474417197	0.6893203883495146
5	0.43961159388224286	15.90809953212738	0.763548289433848	0.7233009708737864
6	0.43716883659362793	15.457187881836525	0.773841961852861	0.7184466019417476
7	0.43495649099349976	14.935351103544235	0.7874659400544959	0.7402912621359223
8	0.43427369329664445	14.78188354235429	0.7883742052679382	0.75
9	0.4360664367675781	14.286682394834665	0.8056312443233424	0.7475728155339806
10	0.4351258494637229	13.867631474366554	0.8019981834695731	0.75
11	0.43385956684748334	14.086268535027138	0.792310021192855	0.7427184466019418
12	0.43389700009272647	13.267798506296598	0.8222827732364517	0.7402912621359223
13	0.4331064053944179	12.697212822162188	0.8274296094459582	0.7427184466019418
14	0.43282578786214193	12.006349201385792	0.8368150166515289	0.7839805825242718
15	0.432145819067955	11.766200533280006	0.8371177717226763	0.7548543689320388
16	0.4313816322999842	11.15576322720601	0.8561913412049652	0.8009708737864077
17	0.4306541283925374	10.479200541973114	0.8643657281259461	0.7985436893203883
18	0.43002325610110637	9.528067832955948	0.8782924613987284	0.779126213592233
19	0.4297021865844727	9.39021000208763	0.8822282773236452	0.7742718446601942
20	0.42913948921930223	8.49021109021627	0.8922191946715108	0.7718446601941747
21	0.42918350479819556	7.716142161534383	0.9025128670905238	0.8058252427184466
22	0.4288515215334685	6.949955463409424	0.914320314865274	0.7888349514563107
23	0.42902080217997235	6.661972015522993	0.9179533757190433	0.7839805825242718
24	0.4290649509429932	5.469418338285043	0.9358159249167424	0.7912621359223301
25	0.42933159608107346	5.270228910904664	0.9373297002724795	0.7864077669902912
26	0.4291880483980532	4.893251399581249	0.9433848016954284	0.7694174757281553
27	0.42892201457704815	4.680362642097932	0.9476233726914925	0.7936893203883495
28	0.4290577543192896	3.662962620648054	0.9570087798970632	0.7621359223300971
29	0.4290663162867228	3.4580385235066595	0.9603390856796852	0.7864077669902912
30	0.43021801210218863	2.9096738190318527	0.9679079624583712	0.7839805825242718
31	0.43052636086940765	2.1558050845678034	0.9748713290947624	0.7961165048543689
32	0.4306008093284838	1.6082460430379097	0.9863760217983651	0.7839805825242718
33	0.43035159391515393	2.1654964574039557	0.978807145019679	0.7936893203883495
34	0.4305321761540004	1.548242525412486	0.9842567363003331	0.8131067961165048
35	0.43050964673360187	1.9039868016082506	0.9812291855888586	0.779126213592233
36	0.4304910994864799	1.1835162772868688	0.989706327580987	0.7839805825242718
37	0.4306875467300415	1.0311959822518895	0.9909173478655767	0.8009708737864077
38	0.430769559664604	0.6540518371173396	0.9945504087193461	0.7888349514563107
39	0.4306782424449921	0.7242561762328618	0.9951559188616409	0.7839805825242718
40	0.43052393052636123	0.6868859028372054	0.9954586739327884	0.7961165048543689
41	0.4303179354894729	0.7892597483542676	0.9930366333636088	0.7985436893203883
42	0.42998648244281146	0.7651475448734485	0.9945504087193461	0.8033980582524272
43	0.42983833768151025	0.4478884617598781	0.997275204359673	0.7961165048543689
44	0.42961322996351453	0.3157891287253453	0.9981834695731153	0.7888349514563107
45	0.42942813686702563	0.29683721542096464	0.9981834695731153	0.8033980582524272
46	0.4292586052671392	0.3796784151166391	0.9975779594308205	0.7985436893203883
47	0.4291050334771474	0.27542192962629575	0.9975779594308205	0.7888349514563107
48	0.42905569076538086	0.3537064089009968	0.997275204359673	0.7864077669902912
49	0.42923210144042967	0.2560811848032664	0.9984862246442628	0.8058252427184466
50	0.429226370418773	0.20133420893958268	0.9987889797154103	0.7936893203883495
51	0.4292357105475206	0.20215522036260852	0.9981834695731153	0.8058252427184466
52	0.4291623628364419	0.26549065884990763	0.9975779594308205	0.7961165048543689
53	0.4291002971154672	0.27489676892470855	0.9981834695731153	0.7961165048543689
54	0.4290879553014582	0.23419504695965981	0.9966696942173782	0.8033980582524272
-1	-1	-1	-1	-1
0	0.5139777660369873	19.336727311977974	0.6796851347260067	0.7160194174757282
1	0.47127699851989746	17.556781381368637	0.7257039055404177	0.7378640776699029
2	0.4588553110758464	16.725074387513676	0.7505298213745081	0.6966019417475728
3	0.4521077275276184	16.12093255038445	0.7565849227974568	0.7135922330097088
4	0.44724526405334475	15.470754334559807	0.7753557372085983	0.75
5	0.4429659843444824	15.22229418846277	0.7741447169240084	0.7597087378640777
6	0.4410454545702253	14.461512149526524	0.7986678776869512	0.6990291262135923
7	0.43999922275543213	14.502722192269106	0.7901907356948229	0.7621359223300971
8	0.4382256931728787	14.067781742948751	0.792310021192855	0.7815533980582524
9	0.43706479072570803	14.071102302808027	0.7983651226158038	0.7548543689320388
10	0.4363623098893599	13.587184626322527	0.8056312443233424	0.7742718446601942
11	0.43563902378082275	12.801977370794003	0.818346957311535	0.7864077669902912
12	0.43496177746699405	12.030883127680191	0.8325764456554647	0.7597087378640777
13	0.4340944119862148	11.998376039358286	0.8428701180744778	0.7645631067961165
14	0.43331578572591145	11.072247142975147	0.8546775658492279	0.7645631067961165
15	0.43295659124851227	10.466510309049717	0.860127157129882	0.808252427184466
16	0.43237732438480153	9.834581458797821	0.8731456251892219	0.8009708737864077
17	0.43214497301313615	9.412679296273451	0.8810172570390554	0.8009708737864077
18	0.43151693595083135	8.850588279847916	0.8885861338177414	0.7961165048543689
19	0.4313057899475098	8.49131710941975	0.8910081743869209	0.7888349514563107
20	0.43098065966651555	7.332303815163099	0.906145927944293	0.7330097087378641
21	0.4312506155534224	6.968021193375955	0.9137148047229791	0.7718446601941747
22	0.4307106474171514	6.551535768004564	0.9203754162882228	0.7645631067961165
23	0.4307191073894501	6.2128853151718015	0.9258250075688768	0.7524271844660194
24	0.4304652786254883	5.486199788176096	0.9303663336360884	0.8058252427184466
25	0.4303997204853938	4.84444662133375	0.9445958219800181	0.7888349514563107
26	0.4305036421175356	4.539274740104492	0.945201332122313	0.7888349514563107
27	0.4305437462670462	4.240717662068514	0.9500454132606722	0.7839805825242718
28	0.4306235231202224	3.2824821326021967	0.9633666363911596	0.7694174757281553
29	0.43082598845163983	3.02376183688354	0.9642749016046018	0.7718446601941747
30	0.43095666362393287	3.1353264880868106	0.9654859218891917	0.7621359223300971
31	0.4306013584136963	2.5047318244782777	0.971843778383288	0.7621359223300971
32	0.4306062134829434	2.037507489681817	0.9763851044504995	0.7572815533980582
33	0.4305648593341603	1.5539608040394692	0.9851650015137754	0.7815533980582524
34	0.4304412637438093	1.5714988973206625	0.9836512261580381	0.7864077669902912
35	0.4301098783810933	1.5471827236648936	0.9854677565849228	0.7524271844660194
-1	-1	-1	-1	-1
