0	0.6407785415649414	20.596330174612344	0.6489913544668587	0.6628175519630485
1	0.5592234134674072	20.358838877546678	0.6328530259365994	0.6143187066974596
2	0.5270725091298422	19.25546051602845	0.6714697406340058	0.6466512702078522
3	0.5104897618293762	18.393118473367952	0.7002881844380403	0.6651270207852193
4	0.5018329620361328	17.452207425318726	0.7230547550432277	0.6928406466512702
5	0.4947166442871094	17.274116984201132	0.738328530259366	0.6720554272517321
6	0.48906700951712473	17.01775927937359	0.7455331412103746	0.6928406466512702
7	0.48390936851501465	16.075325607159815	0.7648414985590778	0.6859122401847575
8	0.4798139731089274	16.188654164655492	0.7680115273775217	0.7136258660508084
9	0.47639591693878175	15.22502008053141	0.7780979827089337	0.7066974595842956
10	0.4734337763352828	15.096455959005093	0.7878962536023055	0.6974595842956121
11	0.47091593345006305	14.737323870352649	0.7988472622478386	0.6905311778290993
12	0.4694238992837759	13.925780935024996	0.8051873198847262	0.7182448036951501
13	0.4682905673980713	13.59027489390942	0.814985590778098	0.7020785219399538
14	0.4666353543599447	13.087574057622787	0.8201729106628242	0.7159353348729792
15	0.4651595652103424	12.218264409161488	0.8342939481268011	0.7066974595842956
16	0.4645635240218219	11.489574694852216	0.8438040345821326	0.6882217090069284
17	0.4640702274110582	10.492069257508724	0.8628242074927954	0.7274826789838337
18	0.46397322102596883	9.97236004006972	0.8720461095100864	0.6766743648960739
19	0.4633968472480774	8.441731475908822	0.8982708933717579	0.7274826789838337
20	0.46250001589457196	7.508047366361006	0.9080691642651297	0.6766743648960739
21	0.46198278123682196	6.765548327647218	0.9190201729106628	0.7113163972286374
22	0.4612290444581405	6.252779105387696	0.9256484149855908	0.6836027713625866
23	0.46056251724561054	5.960951965883238	0.9279538904899135	0.7159353348729792
24	0.4602926158905029	4.9491436432260985	0.9435158501440922	0.7182448036951501
25	0.4605008913920476	4.1776122642219615	0.9561959654178674	0.6859122401847575
26	0.46062120684870966	4.028199806125886	0.9538904899135446	0.6581986143187067
27	0.4606232898575919	3.280520552615507	0.9651296829971182	0.6882217090069284
28	0.46053260770337334	2.8295737411997735	0.9671469740634006	0.6812933025404158
29	0.4601675351460775	2.351842548458948	0.9746397694524496	0.674364896073903
30	0.4599758501975767	2.399082691229265	0.976657060518732	0.6812933025404158
31	0.46012062579393387	1.135338915101842	0.9884726224783862	0.674364896073903
32	0.4600306713219845	1.1960235497307614	0.9867435158501441	0.6928406466512702
33	0.45982103488024545	0.5504447532830538	0.9951008645533141	0.6766743648960739
34	0.4595262459346226	0.3187454125978514	0.9971181556195965	0.6674364896073903
35	0.4594440990024143	0.17640302009419154	0.9979827089337175	0.6605080831408776
36	0.45925293741999446	0.1506267518067835	0.9988472622478386	0.6766743648960739
37	0.4593420656103837	0.04136770836686675	0.9997118155619596	0.6697459584295612
-1	-1	-1	-1	-1
0	0.5517358779907227	21.518240998644348	0.6056500432401268	0.6013824884792627
1	0.5074315071105957	20.30331047303086	0.6333237244162583	0.6221198156682027
2	0.49425601959228516	19.637544658205925	0.6621504756413952	0.6889400921658986
3	0.4835209846496582	19.06984940800098	0.6805995964254828	0.6497695852534562
4	0.47750201225280764	18.579060397016892	0.681464398962237	0.7350230414746544
5	0.47267945607503253	17.44589155529617	0.7247045257999424	0.7258064516129032
6	0.46904379980904715	17.113037013132637	0.7417123090227732	0.7488479262672811
7	0.46630632877349854	16.43331971737223	0.754107812049582	0.7465437788018433
8	0.46390970547993976	16.4493256577658	0.7552608820985874	0.7396313364055299
9	0.4619576454162598	16.03483780152207	0.7633323724416259	0.7096774193548387
10	0.4606961120258678	15.478693209656882	0.7665033150763909	0.7258064516129032
11	0.4596513907114665	15.358355404040136	0.772845200345921	0.7580645161290323
12	0.4587545028099647	14.618382620155264	0.7961948688382819	0.7534562211981567
13	0.457827023097447	13.758096458715036	0.8077255693283367	0.7465437788018433
14	0.4566762129465739	13.0919729788369	0.8206976073796484	0.7465437788018433
15	0.45610423386096954	12.203752644565128	0.8267512251369271	0.7557603686635944
16	0.4566047892850988	11.738052306918924	0.8385701931392332	0.7304147465437788
17	0.45648515224456787	10.488521379068358	0.8581723839723263	0.7511520737327189
18	0.45626730667917353	9.558324621358048	0.8694148169501297	0.7396313364055299
19	0.45615391731262206	8.87741522832748	0.8826751225136927	0.7511520737327189
20	0.4559161890120733	8.078360096030279	0.8959354280772557	0.7511520737327189
21	0.4555074518377131	7.535162292489218	0.9089074661285673	0.7396313364055299
22	0.45576537173727283	6.469066850635984	0.9201498991063707	0.7511520737327189
23	0.45583148797353107	5.515094393437062	0.9334102046699337	0.7488479262672811
24	0.4555963039398193	4.982485222160269	0.9414816950129721	0.7672811059907834
25	0.4559622544508714	5.200345375669112	0.9365811473046988	0.7373271889400922
26	0.4564399719238281	4.265876050389141	0.9507062554050159	0.7465437788018433
27	0.4566666143281119	2.8543083260365583	0.9694436437013548	0.7442396313364056
28	0.45683235957704743	3.028532374479355	0.9668492360910925	0.716589861751152
29	0.45722394784291587	3.258158179974064	0.9622369558950706	0.7488479262672811
30	0.45696388521502096	2.292332017777163	0.9766503315076391	0.7396313364055299
31	0.45697806030511856	2.135211582235787	0.9786682040933987	0.7465437788018433
32	0.4569399790330367	1.456089319780879	0.9841452868261746	0.7373271889400922
33	0.4565983449711519	0.7626981328993421	0.9913519746324589	0.7626728110599078
34	0.4560873712812151	1.4381451605554294	0.9838570193139233	0.7488479262672811
35	0.4562606281704373	0.9700176078706569	0.9907754396079562	0.7488479262672811
36	0.4565002918243408	0.5866140231678109	0.9927933121937158	0.7557603686635944
37	0.45709172048066793	0.30614705020487054	0.996829057365235	0.7373271889400922
38	0.45692775188348234	0.16012051847598882	0.9991351974632459	0.7211981566820277
39	0.4565619945526123	0.11128547082389059	0.9988469299509946	0.7534562211981567
40	0.456766541411237	0.04808973071568631	0.9997117324877486	0.7442396313364056
41	0.45679640769958496	0.022379769068537066	0.9997117324877486	0.7419354838709677
42	0.45643087875011357	0.01979873598000668	1.0	0.7373271889400922
43	0.4562030163678256	0.009659497890208028	1.0	0.7396313364055299
44	0.45580977333916556	0.007864257202944569	1.0	0.7350230414746544
-1	-1	-1	-1	-1
0	0.5943901538848877	20.394194244244776	0.6491784375900836	0.7096774193548387
1	0.5188000202178955	22.40734920589202	0.5376189103488037	0.5207373271889401
2	0.49101511637369794	20.14333458559229	0.6304410492937446	0.7096774193548387
3	0.4769468307495117	19.662379046098902	0.6589795330066301	0.5967741935483871
4	0.46860742568969727	18.159388734660016	0.7134620928221389	0.6820276497695853
5	0.4631890455881755	17.456447579445094	0.7247045257999424	0.6797235023041475
6	0.46061757632664274	16.939062814100073	0.7399827039492649	0.6705069124423964
7	0.4584644138813019	17.29865006350596	0.7371000288267512	0.7304147465437788
8	0.4568053616417779	16.37704728502746	0.7543960795618334	0.7419354838709677
9	0.45561418533325193	15.632855778440423	0.7708273277601614	0.7142857142857143
10	0.4535546736283736	15.427963624306775	0.7760161429806861	0.728110599078341
11	0.45283448696136475	14.667541569526042	0.7889881810319977	0.7142857142857143
12	0.4513398683988131	14.414443258845479	0.7959066013260305	0.7396313364055299
13	0.4500995193208967	12.790561269182678	0.8238685500144134	0.7465437788018433
14	0.4497987270355225	12.717427769932177	0.8218506774286538	0.7442396313364056
15	0.44936348497867584	11.794887295556725	0.8420294032862496	0.7465437788018433
16	0.4490823465235093	10.861608570868816	0.8535601037763044	0.7235023041474654
17	0.44879788822597927	9.41147781074594	0.8731622946093975	0.7350230414746544
18	0.4484484321192691	8.861225257226087	0.8789276448544249	0.7211981566820277
19	0.44823468923568727	8.847068327282546	0.8803689824156817	0.7211981566820277
20	0.4482605116707938	7.5112817199952016	0.9014125108100317	0.7304147465437788
21	0.4477042393250899	6.098049509415933	0.9241856442778899	0.7419354838709677
22	0.447453208591627	5.289403427084651	0.9365811473046988	0.7327188940092166
23	0.4473509689172109	5.460164067668653	0.9313923320841742	0.7142857142857143
24	0.44729119300842285	4.566778288111774	0.9440761026232344	0.7073732718894009
25	0.44720683648036075	4.685693259906332	0.9423464975497261	0.7465437788018433
26	0.4471187238340025	3.0789714646995616	0.9651196310175844	0.6935483870967742
27	0.44732279436928885	2.3199634816531742	0.9749207264341309	0.7096774193548387
28	0.44734764099121094	3.084225765608866	0.9631017584318248	0.7004608294930875
29	0.4473602612813314	2.2971249933636515	0.9746324589218796	0.7027649769585254
30	0.44730200306061774	2.1553560123872866	0.9772268665321419	0.7050691244239631
31	0.44716986268758774	1.5768175175533108	0.9841452868261746	0.6935483870967742
32	0.44708287354671594	0.7443334975049173	0.9942346497549727	0.7096774193548387
33	0.4470192264108097	0.3922645125405675	0.9971173248774863	0.7027649769585254
-1	-1	-1	-1	-1
0	0.5340995788574219	20.881488458825906	0.6215047564139522	0.6774193548387096
1	0.4865227937698364	21.689787497214223	0.5788411646007495	0.631336405529954
2	0.47286542256673175	20.496142868601947	0.6364946670510233	0.5898617511520737
3	0.4666616916656494	19.19142378360853	0.6661862208129143	0.6981566820276498
4	0.462858772277832	18.128752052237136	0.7091380801383684	0.7027649769585254
5	0.45923173427581787	17.907151887176234	0.7223983857019314	0.6566820276497696
6	0.45777123314993723	17.150405455073084	0.7371000288267512	0.7258064516129032
7	0.45690497756004333	16.5021458984515	0.7494955318535601	0.7373271889400922
8	0.455734199947781	16.43140924961195	0.7549726145863361	0.7235023041474654
9	0.45482311248779295	16.032573454970613	0.7682329201498991	0.7396313364055299
10	0.453162128275091	16.151901472599135	0.7543960795618334	0.7373271889400922
11	0.45200061798095703	15.44760648044971	0.7797636206399539	0.7142857142857143
12	0.4511310870830829	14.665857387245248	0.7875468434707409	0.695852534562212
13	0.4511287042072841	14.24756702808065	0.7898529835687518	0.7188940092165899
14	0.45072749455769856	13.52543623513038	0.8085903718650908	0.7235023041474654
15	0.45051997900009155	13.001812108066105	0.8212741424041511	0.7350230414746544
16	0.45016758582171273	11.615711789612376	0.8423176707985011	0.7258064516129032
17	0.4499861266877916	10.774694744600069	0.8512539636782934	0.7211981566820277
18	0.4496442644219649	10.217746383553251	0.8593254540213318	0.7142857142857143
19	0.4492617011070251	9.285515673663639	0.8746036321706544	0.728110599078341
20	0.4493734495980399	8.963573271528297	0.8878639377342173	0.6889400921658986
21	0.44907246936451306	7.468418974395192	0.9048717209570482	0.7142857142857143
22	0.44912722836370056	7.080543508223437	0.9112136062265782	0.6889400921658986
23	0.449672669172287	5.819650906488436	0.9302392620351686	0.7258064516129032
24	0.4496013259887695	5.145149738416759	0.9406168924762179	0.7188940092165899
25	0.4508343293116643	4.213394652266021	0.9466705102334967	0.7096774193548387
26	0.4508040127930818	3.9689788564082678	0.95157105794177	0.7073732718894009
27	0.45035169805799213	3.0014340866596325	0.9668492360910925	0.684331797235023
28	0.45007158147877663	3.08225155136454	0.9671375036033439	0.7142857142857143
29	0.4497581164042155	2.504667466933574	0.9688671086768521	0.695852534562212
-1	-1	-1	-1	-1
0	0.598374605178833	20.961368079579206	0.6197751513404439	0.6912442396313364
1	0.5219141244888306	20.30812033382031	0.6390890746612857	0.6221198156682027
2	0.4993119239807129	19.35900314576035	0.6644566157394062	0.7258064516129032
3	0.4891037344932556	18.669369054496833	0.6811761314499856	0.7373271889400922
4	0.48003296852111815	17.870831402069932	0.7163447679446526	0.7626728110599078
5	0.4736604293187459	17.070701080724735	0.7327760161429807	0.7626728110599078
6	0.47080397605895996	16.359581842334993	0.7500720668780628	0.7995391705069125
7	0.4693281948566437	16.54457426071167	0.7489189968290574	0.716589861751152
8	0.4670832422044542	16.811060594856194	0.7518016719515711	0.7649769585253456
9	0.46513030529022215	16.045370290038782	0.7598731622946094	0.7672811059907834
10	0.4629402594132857	15.537405814599554	0.7667915825886422	0.771889400921659
11	0.4628604054450989	14.630974607730131	0.7881233784952436	0.783410138248848
12	0.4628482965322641	13.805782143129122	0.7990775439607957	0.771889400921659
13	0.4617783342088972	13.463137639771908	0.8042663591813203	0.7741935483870968
14	0.4617594242095947	12.790464103768725	0.8169501297203805	0.7672811059907834
15	0.4615580439567566	12.16491174697876	0.8276160276736811	0.7764976958525346
16	0.4616168667288387	11.439042730068941	0.8411646007494955	0.7695852534562212
17	0.46167847845289445	10.117232617981937	0.8645142692418565	0.783410138248848
18	0.46173140877171565	9.94119200793975	0.8639377342173538	0.7788018433179723
19	0.46159207820892334	8.901468891616261	0.8803689824156817	0.7603686635944701
20	0.4620122568947928	8.408888110327064	0.8835399250504468	0.7649769585253456
21	0.46157544309442694	7.420597948065591	0.9019890458345344	0.7811059907834101
22	0.4608749617700991	6.31612420300825	0.919573364081868	0.7580645161290323
23	0.460254708925883	6.391509614953208	0.9192850965696167	0.7695852534562212
24	0.4599707889556885	5.818589790698585	0.9236091092533871	0.7511520737327189
25	0.45953355385706973	5.247075558802403	0.9339867396944365	0.7580645161290323
26	0.45925257824085375	4.368481786426054	0.9469587777457481	0.7672811059907834
27	0.4586413162095206	4.173446135236583	0.9495531853560104	0.771889400921659
28	0.45815623217615586	4.732234384488622	0.9432113000864802	0.7511520737327189
29	0.457464345296224	3.2652258810100205	0.9645430959930816	0.7603686635944701
-1	-1	-1	-1	-1
0	0.5400950908660889	21.378494848898793	0.6076679158258864	0.684331797235023
1	0.4943845272064209	19.58488659464985	0.6638800807149035	0.7119815668202765
2	0.4752158323923747	18.960417371277416	0.6906889593542808	0.6359447004608295
3	0.46614623069763184	17.980613017300946	0.7128855577976362	0.7211981566820277
4	0.46105003356933594	17.04205804789832	0.7391179014125108	0.7304147465437788
5	0.4571128686269124	17.147264117494636	0.7347938887287403	0.7580645161290323
6	0.45642948150634766	16.0913017867902	0.7662150475641395	0.7396313364055299
7	0.45483505725860596	15.862642358202454	0.777457480541943	0.7442396313364056
8	0.45281121465894913	15.536884815321056	0.7739982703949265	0.7373271889400922
9	0.4525767803192139	15.046593624517458	0.7820697607379649	0.7465437788018433
10	0.451740178194913	14.257799677892562	0.7970596713750361	0.7511520737327189
11	0.45145585139592487	13.447523764514049	0.8137791870856155	0.7557603686635944
12	0.4507161103762113	13.304368141594283	0.8157970596713751	0.7419354838709677
13	0.45027731146131245	11.957440345659169	0.8405880657249928	0.7304147465437788
14	0.4496854305267334	11.160303439569036	0.8489478235802825	0.7327188940092166
15	0.44997836649417877	10.349340082308569	0.8613433266070913	0.7235023041474654
16	0.4504684840931612	10.123876276366207	0.871144422023638	0.7073732718894009
17	0.4504454798168606	8.583517362218384	0.8970884981262611	0.7211981566820277
18	0.4498637600948936	8.134534932057791	0.8965119631017584	0.7073732718894009
19	0.44923030138015746	7.348371172170027	0.9083309311040646	0.7258064516129032
20	0.44887283870152067	6.749891774370036	0.9129432113000865	0.7188940092165899
21	0.4483712369745428	5.428215479632036	0.9319688671086769	0.7350230414746544
22	0.4478339319643767	5.142519009222678	0.9325454021331796	0.7027649769585254
23	0.44772188862164813	3.5593723386799523	0.9605073508215624	0.6935483870967742
24	0.44813798904418944	3.7242295255354785	0.9558950706255405	0.7027649769585254
25	0.44866771881396955	3.3029679409954524	0.9587777457480542	0.7211981566820277
26	0.44825346381575976	2.079130904937009	0.9763620639953877	0.7350230414746544
27	0.4480030196053641	2.695867824966276	0.9682905736523494	0.695852534562212
28	0.44826046351728766	3.070660632547982	0.9642548284808302	0.7073732718894009
29	0.44809109369913735	1.4456862831197748	0.9838570193139233	0.6889400921658986
-1	-1	-1	-1	-1
0	0.5882163047790527	20.02087080369302	0.6601326030556356	0.6497695852534562
1	0.5091729164123535	20.868351813850055	0.611991928509657	0.4815668202764977
2	0.48953890800476074	19.253244605633096	0.6742577111559527	0.695852534562212
3	0.4767504334449768	18.280174430357206	0.7125972902853849	0.6935483870967742
4	0.4692589282989502	18.075646426699578	0.7105794176996253	0.7027649769585254
5	0.46734289328257245	17.321316080355864	0.7371000288267512	0.7004608294930875
6	0.46268224716186523	16.713008714378425	0.7483424618045547	0.716589861751152
7	0.4595036804676056	16.33744780076753	0.7601614298068607	0.7119815668202765
8	0.45769712660047746	16.165426569247465	0.7636206399538772	0.7327188940092166
9	0.45595037937164307	15.58360647717747	0.775151340443932	0.7073732718894009
10	0.45446623455394397	14.821841970496221	0.7835110982992217	0.716589861751152
11	0.45338354508082074	14.255383025615588	0.8042663591813203	0.7327188940092166
12	0.45346903800964355	13.362045546190455	0.8163735946958778	0.7119815668202765
13	0.45427678312574116	12.915448709365425	0.8192562698183915	0.7073732718894009
14	0.4548104127248128	12.920324719280277	0.8244450850389161	0.7119815668202765
15	0.4552747905254364	11.683513424812107	0.8377053906024791	0.7304147465437788
16	0.4549425770254696	10.917067980547564	0.8593254540213318	0.7373271889400922
17	0.4549143711725871	10.205219546589282	0.8653790717786105	0.7211981566820277
18	0.4546401124251516	9.355604335802411	0.876621504756414	0.7304147465437788
19	0.4543116092681885	8.622800168641117	0.8867108676852119	0.7235023041474654
20	0.4542129834493001	7.558158616407202	0.904006918420294	0.7188940092165899
21	0.4537889849055897	6.6917527870300715	0.9201498991063707	0.7235023041474654
22	0.4533458481664243	6.370232306489157	0.9204381666186221	0.7211981566820277
23	0.45317821701367694	5.710556807867977	0.9302392620351686	0.7396313364055299
24	0.4533025550842285	4.645010509895622	0.9417699625252234	0.7350230414746544
25	0.4534759246386014	3.6791262238397513	0.9561833381377919	0.7488479262672811
26	0.4533805847167969	4.161351669272151	0.9501297203805131	0.7373271889400922
27	0.45279449224472046	3.539511408349243	0.9576246756990487	0.7304147465437788
28	0.4524376227937896	2.8753881801705843	0.9651196310175844	0.7396313364055299
29	0.45206864674886066	2.1657813755333972	0.97261458633612	0.7327188940092166
30	0.4516062121237478	1.7509405557237088	0.9792447391179014	0.7396313364055299
31	0.45140713453292847	1.5488491835021372	0.9829922167771692	0.728110599078341
32	0.45117818225513806	1.9051408759155952	0.9809743441914096	0.7350230414746544
33	0.4511459434733671	1.0772010745190153	0.9901989045834535	0.7327188940092166
34	0.4509613037109375	0.4970723707228899	0.9962525223407322	0.7350230414746544
35	0.45070172018475	0.3317984608087449	0.9965407898529836	0.7258064516129032
36	0.4504922531746529	0.16549031473397183	0.9982703949264918	0.7235023041474654
37	0.45052136872944076	0.040280249582575804	1.0	0.7119815668202765
38	0.45022415503477436	0.016489103762820093	1.0	0.716589861751152
39	0.4500110030174255	0.01145648010731397	1.0	0.7188940092165899
40	0.44976187333828066	0.008821049604552622	1.0	0.7211981566820277
41	0.44985700788952054	0.007079340723750914	1.0	0.7211981566820277
42	0.44984046248502507	0.005902204208940504	1.0	0.7211981566820277
43	0.44956963712518866	0.0050300806404249354	1.0	0.7211981566820277
44	0.4495581679873996	0.0042919208355144305	1.0	0.7211981566820277
45	0.4496729373931885	0.003800295645989803	1.0	0.7235023041474654
-1	-1	-1	-1	-1
0	0.5533106327056885	22.264025469438746	0.5829971181556196	0.6543778801843319
1	0.49326610565185547	21.503972893461174	0.5818443804034582	0.6336405529953917
2	0.474166472752889	21.534223267791468	0.5662824207492796	0.5944700460829493
3	0.4696875810623169	20.84222956316187	0.5985590778097982	0.6935483870967742
4	0.4677139759063721	19.236053685529516	0.6671469740634006	0.6751152073732719
5	0.4657429059346517	19.144341503808256	0.6708933717579251	0.6774193548387096
6	0.46406892367771696	19.004266143938818	0.6668587896253603	0.6889400921658986
7	0.4627576470375061	18.12714328678376	0.7025936599423631	0.6474654377880185
8	0.4618726306491428	17.97168892676677	0.7092219020172911	0.7142857142857143
9	0.45988991260528567	17.35517621259077	0.7138328530259366	0.7188940092165899
10	0.4594326669519598	17.29826040880396	0.7216138328530259	0.6797235023041475
11	0.45879920323689777	17.005337758895454	0.72507204610951	0.7096774193548387
12	0.4587823244241568	16.246886332100683	0.7524495677233429	0.7211981566820277
13	0.4587810891015189	15.842250517748912	0.7524495677233429	0.7557603686635944
14	0.4583745320638021	14.95417328930776	0.7786743515850144	0.7327188940092166
15	0.45808935165405273	14.633149654493419	0.7855907780979827	0.7511520737327189
16	0.4577973870670094	13.842813623060874	0.7965417867435158	0.7235023041474654
17	0.45794815487331814	13.277132016803147	0.8086455331412103	0.7419354838709677
18	0.4580407770056474	12.211448227593658	0.8282420749279539	0.695852534562212
19	0.4575888395309448	11.967810573927853	0.8340057636887608	0.7258064516129032
20	0.4568939208984375	10.776933659107312	0.847550432276657	0.728110599078341
21	0.4561975760893388	10.23860663886464	0.8582132564841498	0.6935483870967742
22	0.4558122261710789	9.212467086424521	0.875792507204611	0.7304147465437788
23	0.4553217887878418	8.009076798727753	0.8971181556195965	0.7119815668202765
24	0.45488916397094725	7.86332187411982	0.9046109510086455	0.7050691244239631
25	0.45441890679872954	7.246542919666395	0.9025936599423631	0.7465437788018433
26	0.4539040547830087	5.6531572462221895	0.9325648414985591	0.7119815668202765
27	0.4535318357603891	5.041761522446204	0.9406340057636887	0.7050691244239631
28	0.45303341438030376	4.895430493792262	0.9391930835734871	0.7235023041474654
29	0.4526597181955973	3.880209827641828	0.9573487031700288	0.728110599078341
30	0.45241074408254317	3.6705508769378747	0.9536023054755043	0.728110599078341
31	0.45208993554115295	2.784128822317911	0.9659942363112392	0.7027649769585254
32	0.45161307219303015	4.293025647144799	0.9530259365994236	0.7142857142857143
33	0.4512222724802354	2.1031862628569296	0.9789625360230547	0.695852534562212
-1	-1	-1	-1	-1
0	0.5796699523925781	20.411429790181852	0.6433304523192164	0.7020785219399538
1	0.5105550289154053	20.633187320254265	0.6119273984442524	0.5773672055427251
2	0.4869383970896403	19.718167339989897	0.6560069144338807	0.6674364896073903
3	0.47542691230773926	18.540298558156426	0.6943244021895707	0.648960739030023
4	0.46852498054504393	18.162103040502707	0.7049841544223566	0.6789838337182448
5	0.46450964609781903	17.902194010008365	0.7124747911264765	0.6928406466512702
6	0.4617800371987479	17.095177807939162	0.7360991068856237	0.745958429561201
7	0.4595988094806671	16.536270859044627	0.7513684817055604	0.7528868360277137
8	0.4583429495493571	16.122443059168823	0.7542494958225295	0.745958429561201
9	0.45711617469787597	15.906435406536136	0.7637568424085278	0.7251732101616628
10	0.4556291103363037	16.106651236157898	0.7574186113511956	0.7274826789838337
11	0.4547879894574483	15.007123435309174	0.7744165946413137	0.7621247113163973
12	0.45412474412184495	14.515314583384663	0.7899740708729472	0.7205542725173211
13	0.4536877189363752	14.570472734783767	0.7865168539325843	0.7621247113163973
14	0.4533724625905355	13.48042446976408	0.804955344281187	0.7344110854503464
15	0.45301857590675354	12.690541805477316	0.8184961106309421	0.74364896073903
16	0.4534027856938979	12.098166754486364	0.8303082685105158	0.745958429561201
17	0.45356563727060956	10.809575710821589	0.8530682800345721	0.6905311778290993
18	0.45350685872529684	10.389507956461076	0.8657447421492366	0.7251732101616628
19	0.45374083518981934	10.642882106501029	0.8588303082685105	0.7297921478060047
20	0.45411685534885954	8.550903667003736	0.8959953903774128	0.7136258660508084
21	0.45385654406114057	7.593102902447412	0.9083837510803803	0.7251732101616628
22	0.4541169456813646	6.534245041532254	0.9187554019014693	0.7297921478060047
23	0.45470807949701947	5.537818161719436	0.9334485738980121	0.7113163972286374
24	0.45502409934997556	5.207579862087145	0.9363295880149812	0.7274826789838337
25	0.4552617439856896	4.874957893966535	0.9389225007202535	0.7297921478060047
26	0.4554286974447745	4.146740868550922	0.9518870642466148	0.7182448036951501
27	0.45574797902788433	2.5802007506199933	0.9711898588303083	0.7390300230946882
28	0.45601572661564266	2.809745906963261	0.9668683376548545	0.7113163972286374
29	0.4562893708546956	2.315132325053762	0.9760875828291559	0.7066974595842956
30	0.45634559662111346	2.2416071273181415	0.975799481417459	0.7159353348729792
31	0.45636166632175446	2.408814042259794	0.9694612503601268	0.7113163972286374
-1	-1	-1	-1	-1
0	0.5455052852630615	21.54354295818084	0.6084701815038893	0.5704387990762124
1	0.49589598178863525	22.02159403879708	0.5528666090463843	0.5288683602771362
2	0.48144714037577313	21.600917956151	0.5822529530394699	0.6096997690531177
3	0.4732104539871216	20.12629329611402	0.6427542494958225	0.6443418013856813
4	0.4673929214477539	19.16476870020595	0.6695476807836358	0.6374133949191686
5	0.46273672580718994	18.429795641417897	0.7026793431287813	0.7136258660508084
6	0.4585745334625244	18.612233853121417	0.7058484586574474	0.6789838337182448
7	0.45560240745544434	17.9405569417761	0.7167963123019303	0.7205542725173211
8	0.4536406464046902	17.4007752444766	0.7389801210025929	0.674364896073903
9	0.453303861618042	17.1533968208033	0.7343704984154422	0.7205542725173211
10	0.4525489156896418	16.47080370701781	0.7568424085278018	0.7020785219399538
11	0.4512888193130493	15.599226789736967	0.766637856525497	0.7575057736720554
12	0.4501663171328031	15.2965486290258	0.7764333045231921	0.745958429561201
13	0.4501321826662336	14.637481584461456	0.7891097666378565	0.7367205542725174
14	0.45070956548055013	14.386522783051937	0.7891097666378565	0.7551963048498845
15	0.45019832253456116	13.462930674946636	0.8112935753385192	0.7344110854503464
16	0.4501820452073041	12.998217875804377	0.8173437049841544	0.7528868360277137
17	0.4501398536894057	12.400965773731198	0.829443964275425	0.7505773672055427
18	0.4530710295626992	11.896294300709295	0.8329011812157879	0.766743648960739
19	0.45309736728668215	11.025644735458794	0.850187265917603	0.7367205542725174
20	0.4534496579851423	10.111333934538955	0.8617113223854796	0.7505773672055427
21	0.4540378288789229	8.987716869476738	0.8827427254393546	0.7321016166281755
22	0.4539757189543351	8.715213021007154	0.8833189282627485	0.745958429561201
23	0.45344236493110657	7.802988089552713	0.8977239988475944	0.7228637413394919
24	0.45293370246887205	6.742750141598763	0.9106885623739557	0.7367205542725174
25	0.4522209167480469	6.013161339891067	0.9239412273120138	0.7205542725173211
26	0.45180322505809645	5.138320468981331	0.9354652837798905	0.7090069284064665
27	0.4511892540114267	4.8256885967123395	0.9389225007202535	0.7251732101616628
28	0.4509286305000042	4.416044005286803	0.9467012388360703	0.7066974595842956
29	0.45085575580596926	3.6686685161853054	0.958513396715644	0.7274826789838337
30	0.4508615386101507	3.1927740011330044	0.9634111207144915	0.7321016166281755
31	0.45120100677013397	2.4015908242639052	0.9746470757706712	0.7274826789838337
32	0.45154836683562305	2.163432739675045	0.975511380005762	0.6997690531177829
33	0.4517565404667574	3.9409932779199486	0.9573609910688562	0.7113163972286374
34	0.4522387913295201	2.0236333144503997	0.9809853068280034	0.7066974595842956
35	0.45255108674367267	1.096101026982069	0.9902045520023048	0.7113163972286374
36	0.4526763091216216	0.8161201613929567	0.9919331604724864	0.7344110854503464
37	0.45243847370147705	0.5671215015805301	0.9948141745894555	0.6720554272517321
38	0.4523715300437732	1.184809169129665	0.9878997407087294	0.7113163972286374
-1	-1	-1	-1	-1
0	0.5513098239898682	21.1791985975493	0.6161383285302594	0.605080831408776
1	0.4942387342453003	21.785027958931177	0.5717579250720461	0.5080831408775982
2	0.4793378512064616	21.087957224714646	0.5979827089337176	0.5542725173210161
3	0.47206592559814453	19.64214747542635	0.6567723342939481	0.6027713625866051
4	0.4669161796569824	19.292648748520318	0.6619596541786743	0.6651270207852193
5	0.4646396239598592	18.43098806678702	0.690778097982709	0.7182448036951501
6	0.46297359466552734	17.880743814170906	0.7057636887608069	0.6882217090069284
7	0.4620676040649414	18.005078875690426	0.6976945244956773	0.7228637413394919
8	0.4617105854882134	17.07855663824519	0.7406340057636888	0.7367205542725174
9	0.46197540760040284	17.08864025238457	0.7348703170028819	0.745958429561201
10	0.46226180683482776	16.28363824546884	0.760806916426513	0.7367205542725174
11	0.4614718159039815	15.627662317468486	0.7760806916426513	0.7274826789838337
12	0.4598123293656569	15.664402274910463	0.7763688760806916	0.7182448036951501
13	0.4581479685647147	14.978328245495437	0.7855907780979827	0.7274826789838337
14	0.45784541765848796	13.920678449333261	0.8043227665706052	0.745958429561201
15	0.4578193873167038	13.723042964935303	0.809221902017291	0.745958429561201
16	0.45781386599821206	12.935374771783112	0.8193083573487032	0.7297921478060047
17	0.4578561650382148	12.22086529775497	0.8291066282420749	0.7297921478060047
18	0.4579076265033923	11.601503733101241	0.8394812680115273	0.7228637413394919
19	0.4574403166770935	10.52832865058829	0.8559077809798271	0.6974595842956121
20	0.4572360174996512	10.035590141191395	0.8636887608069165	0.6882217090069284
21	0.45752012729644775	9.249286203209413	0.8792507204610951	0.6882217090069284
22	0.4576510346454123	8.534092445985987	0.8853025936599423	0.7043879907621247
23	0.45769384503364563	7.619977910584266	0.9011527377521614	0.6789838337182448
24	0.45746420860290526	6.878268287816179	0.9123919308357349	0.7020785219399538
25	0.45737688358013445	6.397411513766017	0.9132564841498559	0.7066974595842956
26	0.4573284520043267	6.073983060384015	0.9239193083573487	0.7020785219399538
27	0.457072343145098	4.544809020440513	0.9440922190201729	0.7043879907621247
28	0.4567415056557491	5.303249409439367	0.9365994236311239	0.7043879907621247
29	0.4561505079269409	3.755484940262016	0.9498559077809798	0.6789838337182448
-1	-1	-1	-1	-1
0	0.5283229351043701	20.683334254343574	0.6431248198328049	0.6612903225806451
1	0.4832266569137573	21.450129771451337	0.5785528970884981	0.6382488479262672
2	0.4688430627187093	21.33444835067889	0.6232343614874604	0.5391705069124424
3	0.4620530605316162	21.609105617628185	0.5756702219659844	0.5391705069124424
4	0.45734806060791017	19.332547310295453	0.6693571634476795	0.7027649769585254
5	0.46352577209472656	18.97668791254726	0.6751225136927068	0.6336405529953917
6	0.46028263228280203	17.86492565574996	0.7016431248198328	0.7096774193548387
7	0.4573289752006531	17.15472848699727	0.7324877486307293	0.7442396313364056
8	0.4551673200395372	16.802831509791382	0.740847506486019	0.7235023041474654
9	0.4541962146759033	16.198075005767542	0.759584894782358	0.7488479262672811
10	0.4535496018149636	16.028681072620078	0.7647737100028826	0.7396313364055299
11	0.45281747976938885	15.467031767608923	0.7768809455174401	0.7350230414746544
12	0.45194332416240984	15.006337668917595	0.7835110982992217	0.7511520737327189
13	0.4516704423086984	14.458946538627695	0.7901412510810032	0.7073732718894009
14	0.4511051019032796	14.127085738225814	0.799365811473047	0.7188940092165899
15	0.4506034106016159	13.308224039340239	0.8175266647448832	0.7672811059907834
16	0.4499830638661104	12.937746721670168	0.8195445373306428	0.7626728110599078
17	0.4496201144324409	11.786109482476471	0.8362640530412222	0.7557603686635944
18	0.44915613375212016	11.574780424800489	0.8405880657249928	0.7373271889400922
19	0.44924317598342894	10.697725783794299	0.8529835687518017	0.7396313364055299
20	0.44938119252522785	9.997982099515582	0.8665321418276161	0.7488479262672811
21	0.4497496323152022	8.934554550625862	0.879792447391179	0.7188940092165899
22	0.4501175984092381	7.974128220059456	0.8907466128567311	0.7488479262672811
23	0.45045358935991925	7.086703579360192	0.906313058518305	0.7096774193548387
24	0.4506312656402588	6.771663466724781	0.9068895935428077	0.7304147465437788
25	0.45082226166358363	6.914366016694165	0.9103488036898242	0.7004608294930875
26	0.4509998515800194	5.507595731577742	0.9319688671086769	0.7027649769585254
27	0.45152021305901663	4.646822468403283	0.9385990198904584	0.7142857142857143
28	0.4514280516525795	4.33392534575878	0.9501297203805131	0.7235023041474654
29	0.4513148148854574	4.356022789937641	0.9463822427212453	0.7096774193548387
30	0.4516101191120763	3.24037523471981	0.9605073508215624	0.684331797235023
31	0.45159175992012024	3.31191843823282	0.9619486883828192	0.7073732718894009
32	0.4516590942036022	2.280692548038216	0.9754972614586336	0.7211981566820277
33	0.4515748234356151	1.7816900968414928	0.9778034015566446	0.695852534562212
34	0.45180655206952774	2.1654430266914018	0.9729028538483713	0.7050691244239631
35	0.4520251883400811	2.1409619637858976	0.9769385990198904	0.7142857142857143
-1	-1	-1	-1	-1
0	0.5374603271484375	21.252847514021287	0.6160276736811762	0.6497695852534562
1	0.49063122272491455	21.13689950190553	0.5938310752378207	0.6612903225806451
2	0.47739942868550617	20.41880415120256	0.6313058518304987	0.6589861751152074
3	0.4723547697067261	18.732180140434057	0.6834822715479966	0.6728110599078341
4	0.4658670425415039	18.27696853602698	0.697895647160565	0.6751152073732719
5	0.46231091022491455	17.682633111236292	0.7192274430671663	0.7465437788018433
6	0.4615416867392404	17.02981820237746	0.737676563851254	0.7419354838709677
7	0.4592960774898529	16.536456160589097	0.7431536465840299	0.6820276497695853
8	0.45819489161173504	16.978780273997454	0.7420005765350245	0.7235023041474654
9	0.4570703744888306	15.948559975405352	0.7647737100028826	0.7004608294930875
10	0.4556139815937389	16.029135301572467	0.7667915825886422	0.7304147465437788
11	0.4555748502413432	15.46445993108487	0.7693859901989046	0.7096774193548387
12	0.45460886221665603	14.644607990159901	0.7921591236667628	0.7488479262672811
13	0.4547164099557059	14.040358665886275	0.8051311617180744	0.6866359447004609
14	0.4546810626983643	13.452983300620263	0.8077255693283367	0.7488479262672811
15	0.45496660470962524	13.143078987751531	0.8114730469876045	0.7580645161290323
16	0.45494785028345447	11.807709348311118	0.8359757855289709	0.7419354838709677
17	0.45409520467122394	11.561402823946892	0.8405880657249928	0.7258064516129032
18	0.4530431722339831	10.658948242117505	0.8630729316805996	0.7511520737327189
19	0.45205427408218385	9.446201383520703	0.8760449697319113	0.7396313364055299
20	0.4514412539345877	9.15316442502748	0.8849812626117036	0.7304147465437788
21	0.45181110772219574	7.889208039012524	0.9074661285673105	0.7211981566820277
22	0.45149561633234436	7.00914391027678	0.9115018737388296	0.7442396313364056
23	0.45135365923245746	5.612951957851375	0.9302392620351686	0.7119815668202765
24	0.4511709976196289	4.487795245209965	0.9432113000864802	0.7419354838709677
25	0.45100662341484654	4.755777439666451	0.9443643701354857	0.7442396313364056
26	0.45126039893538866	3.283135276458679	0.9639665609685788	0.7465437788018433
27	0.45158577816826956	2.342836411276815	0.9763620639953877	0.7442396313364056
28	0.45191612736932163	2.1777347696073557	0.9752089939463823	0.7350230414746544
29	0.4521783192952474	1.5916997929266012	0.9829922167771692	0.7142857142857143
30	0.4522529571287094	1.8221834971646376	0.9795330066301527	0.7304147465437788
31	0.45237917453050613	2.371655900270567	0.9740559238973767	0.7419354838709677
32	0.4523949984348182	0.7739296852858788	0.9927933121937158	0.7235023041474654
33	0.4523451258154476	0.8696520022723243	0.9916402421447102	0.7188940092165899
34	0.45253615379333495	0.7038084710350072	0.9950994522917267	0.7350230414746544
35	0.4525481594933404	0.2202682921325429	0.9988469299509946	0.7350230414746544
-1	-1	-1	-1	-1
0	0.5457656383514404	20.210564490852008	0.6618622081291439	0.6428571428571429
1	0.49923670291900635	21.7269720287498	0.5606803113289133	0.5645161290322581
2	0.4845544497172038	21.68969811430765	0.5543384260593831	0.6566820276497696
3	0.47345787286758423	20.709191611053747	0.6191986163159412	0.6290322580645161
4	0.4695254325866699	19.978230673238773	0.6468722974920726	0.7050691244239631
5	0.4652564525604248	18.639782441865414	0.6929950994522918	0.7073732718894009
6	0.4626938956124442	17.90804456133361	0.7226866532141828	0.7211981566820277
7	0.46092694997787476	17.760102245785774	0.7307581435572211	0.7073732718894009
8	0.4597647719913059	17.106299067855975	0.7371000288267512	0.7258064516129032
9	0.4606817960739136	16.471460259288822	0.7546843470740847	0.7142857142857143
10	0.4591863372109153	16.706883146128522	0.7503603343903142	0.7235023041474654
11	0.45854292313257855	15.801115674710054	0.7662150475641395	0.7050691244239631
12	0.4577734103569618	15.242702387888498	0.777457480541943	0.7235023041474654
13	0.4572932890483311	14.864132255589196	0.7780340155664457	0.7304147465437788
14	0.4567986806233724	15.097432967719682	0.7849524358604785	0.7373271889400922
15	0.4573201984167099	14.219228503900931	0.7967714038627847	0.7396313364055299
16	0.4585520239437328	13.540905934955003	0.8120495820121072	0.7511520737327189
17	0.4586424165301853	12.596829396869065	0.8230037474776593	0.7119815668202765
18	0.45836579172234787	12.246570385924173	0.8293456327471894	0.7419354838709677
19	0.45851675271987913	11.36982216747529	0.8411646007494955	0.7557603686635944
20	0.45850324630737305	10.637068039780363	0.8570193139233209	0.7603686635944701
21	0.45936083793640137	10.087479674488034	0.8633611991928509	0.7603686635944701
22	0.45909798663595447	9.11146002734473	0.8783511098299221	0.7580645161290323
23	0.45906827847162884	8.674539349494724	0.8864226001729605	0.7396313364055299
24	0.45855466842651366	7.465407450264747	0.9054482559815509	0.716589861751152
25	0.4583925650669978	6.239654334313279	0.9213029691553762	0.7188940092165899
26	0.4583184807388871	6.051747021325138	0.9201498991063707	0.7211981566820277
27	0.45833970819200787	6.479950939843414	0.919573364081868	0.695852534562212
28	0.4582442168531747	4.859760050926734	0.9420582300374748	0.7373271889400922
29	0.458099635442098	4.360527522520187	0.9486883828192563	0.7373271889400922
30	0.45798044050893477	4.392210268372789	0.9504179878927644	0.7442396313364056
31	0.4579634293913841	3.3835603818980924	0.9576246756990487	0.7258064516129032
32	0.4578122225674716	2.5147956012312425	0.9694436437013548	0.7580645161290323
33	0.45809757709503174	2.9303600350651173	0.9697319112136062	0.7350230414746544
34	0.4578798430306571	1.9779466830125643	0.9766503315076391	0.7373271889400922
35	0.4577898449367947	1.4488845324707686	0.9861631594119342	0.7235023041474654
36	0.45770661895339554	0.8280707509214178	0.9922167771692131	0.7188940092165899
37	0.45760114569413035	0.5261512737114563	0.9956759873162294	0.7304147465437788
38	0.4577313997806647	0.33366439447507534	0.9974055923897377	0.716589861751152
39	0.45761625170707704	1.7373520798111812	0.9838570193139233	0.7235023041474654
40	0.4572349350626876	1.5461549312388951	0.9852983568751802	0.7350230414746544
-1	-1	-1	-1	-1
0	0.5352966785430908	20.77637896406541	0.6258287690977227	0.695852534562212
1	0.49361109733581543	22.143957575526805	0.5497261458633612	0.5414746543778802
2	0.4783906141916911	20.53745025669763	0.615162871144422	0.716589861751152
3	0.4724060297012329	18.6101671446354	0.6912654943787835	0.7327188940092166
4	0.4700475692749023	17.971303410486343	0.7076967425771116	0.7350230414746544
5	0.466655174891154	17.41324492113306	0.7272989334102047	0.7465437788018433
6	0.4653925895690918	17.16263084236635	0.7347938887287403	0.7672811059907834
7	0.46361973881721497	16.574920164335758	0.7503603343903142	0.7304147465437788
8	0.4609646267361111	16.04778062312975	0.7592966272701066	0.7350230414746544
9	0.4589623212814331	16.46082503642511	0.754107812049582	0.7649769585253456
10	0.4573538303375244	15.307216219945785	0.7797636206399539	0.7534562211981567
11	0.4558482766151428	15.179572984712934	0.7794753531277026	0.7811059907834101
12	0.4557036253122183	13.976439506635753	0.7979244739117901	0.783410138248848
13	0.4556150095803397	13.724754132262063	0.8034015566445661	0.7603686635944701
14	0.4558751900990804	12.749788787386834	0.8238685500144134	0.7557603686635944
15	0.45500674843788147	12.131634585354306	0.8287690977226867	0.7557603686635944
16	0.4542049800648409	11.16845811178925	0.847794753531277	0.7603686635944701
17	0.45363080501556396	10.433321224440128	0.8599019890458345	0.7465437788018433
18	0.45263201312014933	9.927452330195576	0.8642260017296051	0.7373271889400922
19	0.45224283933639525	9.04794056918643	0.8783511098299221	0.7258064516129032
20	0.45244845889863516	8.184399130147531	0.895358893052753	0.7373271889400922
21	0.4521546688946811	7.116650172876655	0.9112136062265782	0.716589861751152
22	0.4517824649810791	6.852504206359933	0.9138080138368406	0.7373271889400922
23	0.4516432086626689	5.785967152599895	0.928221389449409	0.7350230414746544
24	0.45135960578918455	5.160150468896289	0.9331219371576823	0.7327188940092166
25	0.4515366370861347	4.687466032051165	0.9429230325742289	0.7211981566820277
26	0.45191380712721085	4.550252573752622	0.9472470452579994	0.7142857142857143
27	0.45218530723026823	3.55051447492127	0.9544537330642836	0.7327188940092166
28	0.45227201231594744	2.867006713917496	0.9648313635053329	0.7534562211981567
29	0.452289342880249	2.7594199183337187	0.9642548284808302	0.7419354838709677
30	0.4521572128418953	2.9048017044679835	0.9694436437013548	0.7119815668202765
31	0.45211753994226456	2.6350265485704494	0.9682905736523494	0.7027649769585254
32	0.4520010586940881	1.8026492599773845	0.9798212741424042	0.7327188940092166
-1	-1	-1	-1	-1
0	0.5905671119689941	21.163754751922887	0.6278466416834823	0.6866359447004609
1	0.5243381261825562	22.33261930833169	0.56212164889017	0.5806451612903226
2	0.5022211869557699	21.109554741360725	0.5970020178725858	0.619815668202765
3	0.48955076932907104	19.50349000615811	0.6612856731046411	0.6935483870967742
4	0.48300905227661134	18.385100828398258	0.705678869991352	0.6566820276497696
5	0.47828829288482666	17.917416498201703	0.7203805131161718	0.6820276497695853
6	0.47518764223371235	16.93127526274515	0.7420005765350245	0.7050691244239631
7	0.4740753769874573	16.473103400764117	0.759584894782358	0.7027649769585254
8	0.4724597930908203	16.27178631791281	0.7584318247333526	0.6774193548387096
9	0.4708846569061279	15.637845984292687	0.7714038627846642	0.6889400921658986
10	0.4705476327375932	15.541080002391011	0.7676563851253964	0.7142857142857143
11	0.4690461953481038	14.78653333821428	0.7889881810319977	0.6912442396313364
12	0.46802520751953125	14.365391390039287	0.79158258864226	0.6866359447004609
13	0.4679816790989467	13.951200262122198	0.8028250216200634	0.7096774193548387
14	0.46733277638753257	13.05305748248319	0.8221389449409051	0.6935483870967742
15	0.4677041321992874	12.493395190720165	0.832228307869703	0.728110599078341
16	0.46825235030230355	11.4556437260514	0.8509656961660421	0.7119815668202765
17	0.4678849114312066	10.739580206914779	0.8639377342173538	0.7142857142857143
18	0.46667574581347016	9.949084076312705	0.8757567022196598	0.6728110599078341
19	0.46634817123413086	9.814900393879741	0.8769097722686653	0.7188940092165899
20	0.46627339862641837	8.647639908921828	0.8944940905159988	0.7050691244239631
21	0.46574279395016754	7.459283653749239	0.9115018737388296	0.716589861751152
22	0.46507070375525433	6.914059010120707	0.9236091092533871	0.6866359447004609
23	0.4643699328104655	6.028301041060631	0.93052752954742	0.7119815668202765
24	0.46407920837402344	5.1755716149960085	0.9466705102334967	0.7258064516129032
25	0.4633990159401527	4.755019846312496	0.9446526376477371	0.6981566820276498
26	0.4626340689482512	4.3481532767278335	0.9512827904295186	0.7119815668202765
27	0.46234131710869925	3.6061856041260816	0.9610838858460652	0.7050691244239631
28	0.4620186213789315	3.06188715802967	0.9691553761891035	0.7004608294930875
29	0.4615589459737142	3.167979963602276	0.9682905736523494	0.7004608294930875
30	0.4609873371739541	2.3473491265412862	0.9737676563851254	0.7211981566820277
31	0.46087345480918884	1.5213864697570647	0.982127414240415	0.7004608294930875
32	0.4602924982706706	2.126126499556073	0.9775151340443932	0.7142857142857143
33	0.45974549826453714	1.0302602782367019	0.9890458345344479	0.7073732718894009
34	0.4591991765158517	0.5495427893560141	0.9948111847794754	0.6981566820276498
35	0.4589976535903083	0.4285853464848473	0.9959642548284808	0.7119815668202765
-1	-1	-1	-1	-1
0	0.5428240299224854	20.64608923448335	0.6367829345632747	0.6751152073732719
1	0.49757206439971924	20.990001949695273	0.611991928509657	0.631336405529954
2	0.48359155654907227	20.018560820763263	0.6454309599308158	0.5552995391705069
3	0.47300153970718384	19.618065326585683	0.6520611127125973	0.684331797235023
4	0.46697430610656737	18.453471844349433	0.6941481695012972	0.6981566820276498
5	0.46397948265075684	17.926243379575396	0.708849812626117	0.695852534562212
6	0.46038358552115305	17.585947894175117	0.7117324877486307	0.7073732718894009
7	0.4585927426815033	17.19465755760123	0.732199481118478	0.6889400921658986
8	0.4566242429945204	16.5960718863601	0.7543960795618334	0.7396313364055299
9	0.4558349847793579	16.0560226134204	0.7592966272701066	0.728110599078341
10	0.454488299109719	16.073854262675713	0.7532430095128279	0.6175115207373272
11	0.4534810781478882	15.846384472803239	0.7549726145863361	0.6728110599078341
12	0.4525524102724515	14.942341826377659	0.7800518881522053	0.7073732718894009
13	0.45238820144108366	14.074820242890524	0.8031132891323148	0.728110599078341
14	0.45170420010884604	13.325542056232418	0.8114730469876045	0.7073732718894009
15	0.45167413353919983	12.272992860286609	0.8302104352839434	0.7119815668202765
16	0.4511222278370577	11.846044503220725	0.8374171230902278	0.7258064516129032
17	0.4503222174114651	10.678433984791466	0.8599019890458345	0.7096774193548387
18	0.44988397548073217	9.951087784329685	0.8630729316805996	0.7142857142857143
19	0.4496622920036316	9.128643913006563	0.8823868550014413	0.6866359447004609
20	0.4493844963255383	7.817759266687096	0.898529835687518	0.7211981566820277
21	0.45005653121254663	7.759185227505657	0.897665033150764	0.7235023041474654
22	0.4500622334687606	6.449887147737206	0.919573364081868	0.6866359447004609
23	0.4503312607606252	5.789195873868575	0.9276448544249063	0.7027649769585254
24	0.4509055995941162	5.254882527053903	0.9362928797924474	0.684331797235023
25	0.45233118534088135	4.5604796278367346	0.9434995675987317	0.684331797235023
26	0.453026639090644	3.977950645149301	0.9544537330642836	0.6866359447004609
27	0.4528328095163618	3.8658324031654847	0.9535889305275296	0.6866359447004609
28	0.45284360030601767	3.1362019688950493	0.9636782934563275	0.6935483870967742
29	0.4531169811884562	2.4170153529272165	0.9731911213606227	0.6935483870967742
-1	-1	-1	-1	-1
0	0.5372421741485596	20.980397714387387	0.6314121037463977	0.7142857142857143
1	0.4952981472015381	21.27189257385534	0.5968299711815562	0.6912442396313364
2	0.4835801124572754	20.51421313329574	0.6253602305475504	0.6082949308755761
3	0.48186826705932617	19.249919243908803	0.6780979827089337	0.7142857142857143
4	0.47542581558227537	18.078826948043403	0.7034582132564842	0.7235023041474654
5	0.4735860427220662	17.62443449737829	0.7282420749279539	0.7741935483870968
6	0.4725428989955357	17.113604685582153	0.7354466858789626	0.7396313364055299
7	0.47171756625175476	17.004302996014236	0.7357348703170029	0.7811059907834101
8	0.46995088789198136	16.610971695786223	0.7435158501440923	0.771889400921659
9	0.4682076215744019	16.29233002443926	0.7582132564841498	0.7741935483870968
10	0.4660218195481734	15.517902610498831	0.770893371757925	0.7488479262672811
11	0.46419058243433636	15.341372822402814	0.7717579250720461	0.7580645161290323
12	0.4636093286367563	15.068354226033621	0.784149855907781	0.7442396313364056
13	0.4622829130717686	14.261152661174808	0.7956772334293948	0.7788018433179723
14	0.46115490595499675	13.628074134161713	0.8106628242074928	0.7695852534562212
15	0.4605182856321335	13.535867782907749	0.8123919308357349	0.7672811059907834
16	0.45966348928563733	12.589084721486502	0.8270893371757925	0.771889400921659
17	0.4589250352647569	11.680060189798338	0.8435158501440922	0.7857142857142857
18	0.45804675001847117	11.23995707888122	0.8489913544668588	0.771889400921659
19	0.4572000503540039	10.319724275431502	0.8662824207492795	0.7741935483870968
20	0.4565912314823696	9.564941203922306	0.8801152737752161	0.7695852534562212
21	0.4559472907673229	9.140921207742954	0.8815561959654179	0.7764976958525346
22	0.455482586570408	7.801584808104629	0.899135446685879	0.7649769585253456
23	0.45498693982760113	7.065137934247288	0.9112391930835735	0.7672811059907834
24	0.4544246196746826	6.789696190335335	0.9172910662824207	0.771889400921659
25	0.4538951286902794	6.007224675712235	0.9265129682997119	0.7741935483870968
26	0.45368848906622994	5.809323973065123	0.9319884726224784	0.771889400921659
27	0.4534622686249869	5.038419714761437	0.9432276657060519	0.7603686635944701
28	0.453369559912846	3.8026413157445575	0.954178674351585	0.7511520737327189
29	0.45355859597524006	3.087585433087218	0.9639769452449568	0.7465437788018433
30	0.4537379741668701	3.325287464971936	0.9613832853025936	0.7419354838709677
31	0.4538300558924675	2.7136766462151063	0.9685878962536023	0.7350230414746544
32	0.453687638947458	3.1500759336653106	0.961671469740634	0.7511520737327189
33	0.4544092206393971	1.7470567563053119	0.9806916426512968	0.7327188940092166
34	0.4545203753880092	1.3463822260088878	0.984149855907781	0.7488479262672811
35	0.45427783992555404	1.113439569104497	0.9876080691642651	0.7373271889400922
36	0.4538976566211597	0.8211977342549507	0.9902017291066283	0.7350230414746544
37	0.45387734237470123	1.8930425128532111	0.9818443804034582	0.7350230414746544
-1	-1	-1	-1	-1
0	0.5381622314453125	20.50445143673398	0.6384327283203688	0.7020785219399538
1	0.4912700653076172	20.89552503113353	0.6053010659752233	0.674364896073903
2	0.4751075903574626	19.201062202453613	0.6770383174877557	0.6974595842956121
3	0.4675806760787964	17.96991014918056	0.707288965715932	0.7043879907621247
4	0.46183042526245116	17.643733838282593	0.7263036588879286	0.7297921478060047
5	0.45835427443186444	17.22133012649116	0.7450302506482281	0.7482678983833718
6	0.4571320669991629	16.306678535741405	0.7545375972342264	0.745958429561201
7	0.4555966556072235	16.042232609670098	0.7626044367617402	0.7274826789838337
8	0.4546803633371989	15.60019948941852	0.7744165946413137	0.7528868360277137
9	0.4545844554901123	15.411905109335523	0.777009507346586	0.7344110854503464
10	0.4539836753498424	14.587673992191979	0.787669259579372	0.7598152424942263
11	0.45306187868118286	14.614964327680955	0.7942955920484011	0.7113163972286374
12	0.4521779280442458	13.78975913721487	0.8029386343993086	0.7228637413394919
13	0.4524867023740496	13.237813564615513	0.818784212042639	0.7551963048498845
14	0.45307911237080895	12.478040283973064	0.8280034572169404	0.7136258660508084
15	0.45344117283821106	12.106030757274103	0.8349178910976663	0.7228637413394919
16	0.45339124342974496	10.545217702148157	0.8556611927398444	0.745958429561201
17	0.45329288641611737	10.679390388891237	0.8631518294439643	0.7505773672055427
18	0.4536578278792532	9.330453048058606	0.8792855084989917	0.7344110854503464
19	0.45384521484375	8.602436328152997	0.8908095649668684	0.745958429561201
20	0.45379971322559176	7.783827901980199	0.9011812157879574	0.6905311778290993
21	0.45388245582580566	6.965381604815842	0.912993373667531	0.7344110854503464
22	0.4532676365064538	6.110199610027698	0.9288389513108615	0.7367205542725174
23	0.4540657003720601	5.120206150439901	0.9409392106021319	0.7066974595842956
24	0.4533749008178711	5.146914336112661	0.9369057908383751	0.7182448036951501
25	0.4528142488919772	5.1966191483746975	0.937481993661769	0.6997690531177829
26	0.45222902297973633	3.579595792731014	0.9596658023624316	0.7321016166281755
27	0.4517846277781895	2.955095743914263	0.9651397291846731	0.7043879907621247
28	0.45129884522536706	3.12558284702651	0.9674445404782483	0.7344110854503464
29	0.45088584423065187	2.4837305022215626	0.9729184673004898	0.7321016166281755
30	0.45074364446824594	2.018306484941496	0.9783923941227312	0.7390300230946882
-1	-1	-1	-1	-1
0	0.5974185466766357	21.131748838162203	0.6199942379717661	0.6651270207852193
1	0.5264555215835571	21.376814352263004	0.6015557476231633	0.5935334872979214
2	0.5031095345815023	20.05033712649564	0.6361279170267934	0.6235565819861432
3	0.49277156591415405	18.89858752434407	0.6755978104292711	0.651270207852194
4	0.4852452278137207	18.111164600477306	0.7127628925381735	0.7090069284064665
5	0.47820154825846356	18.362079909088415	0.6997983290118122	0.7043879907621247
6	0.4741274629320417	17.733625604472028	0.7032555459521752	0.6997690531177829
7	0.4719497561454773	17.292056836119485	0.7239988475943532	0.7136258660508084
8	0.470134523179796	16.569775209514372	0.7481993661768943	0.7182448036951501
9	0.4685079336166382	16.59981471245442	0.749351771823682	0.7251732101616628
10	0.4671643647280606	16.2935514843792	0.7554019014693172	0.7274826789838337
11	0.4654967983563741	15.503712326014808	0.7709593777009507	0.7251732101616628
12	0.46380802301260143	15.46130122176004	0.766637856525497	0.7528868360277137
13	0.4626320259911673	14.564681335326728	0.791126476519735	0.74364896073903
14	0.4613987445831299	13.98703076423855	0.7960242005185826	0.6974595842956121
15	0.460101917386055	13.59456027319672	0.8032267358110055	0.7090069284064665
16	0.4591501179863425	13.21358302317628	0.8101411696917314	0.7344110854503464
17	0.4583897458182441	12.655681583859504	0.8202247191011236	0.7321016166281755
18	0.4577316861403616	11.843346880116593	0.8331892826274849	0.7575057736720554
19	0.4571787714958191	11.02540685496199	0.8484586574474214	0.7390300230946882
20	0.4565980547950381	10.098462984102582	0.8571016997983291	0.7806004618937644
21	0.4562622742219405	9.474449393946097	0.8648804379141458	0.7136258660508084
22	0.45595673892808997	8.579858123709302	0.8798617113223854	0.7367205542725174
23	0.455628901720047	7.998063039342198	0.8954191875540191	0.7251732101616628
24	0.45524115562438966	7.025496935625688	0.9124171708441371	0.7505773672055427
25	0.4548790638263409	5.9401502434266815	0.9190435033131662	0.7113163972286374
26	0.45440894586068614	5.871983454861772	0.9262460386055892	0.7205542725173211
27	0.45408021552222116	4.942757121193299	0.9343128781331028	0.7344110854503464
28	0.45383994332675276	4.603564484403767	0.9423797176606166	0.7274826789838337
29	0.4536283016204834	3.3951751424016754	0.958513396715644	0.7113163972286374
30	0.4534572093717514	3.440652733070588	0.9588014981273408	0.7321016166281755
31	0.4534836634993553	3.160378999119505	0.9613944108326131	0.7228637413394919
32	0.4536702199415727	2.585371789548102	0.9714779602420052	0.7251732101616628
33	0.4534955655827242	1.8563899248838425	0.9798329011812158	0.7205542725173211
34	0.4533120223454067	1.460505209692301	0.9844425237683665	0.7182448036951501
35	0.4535861611366272	1.0070750711297771	0.9904926534140017	0.7159353348729792
36	0.4537803740114779	0.7308915602812253	0.9916450590607894	0.7344110854503464
37	0.45385887748316717	0.5580297632852074	0.9953903774128493	0.7367205542725174
38	0.4540404539841872	0.217006667635677	0.9985594929415154	0.7090069284064665
39	0.4538368880748749	0.09328713588931314	0.9997118985883031	0.7159353348729792
40	0.4536129148995004	0.05867127271170446	0.9997118985883031	0.7182448036951501
-1	-1	-1	-1	-1
0	0.5295658111572266	21.46447883395974	0.5985590778097982	0.651270207852194
1	0.48859715461730957	20.52772105505707	0.6265129682997118	0.6397228637413395
2	0.47479915618896484	19.531448985458514	0.6553314121037463	0.6605080831408776
3	0.46797603368759155	18.75042395198017	0.6769452449567723	0.605080831408776
4	0.46310009956359866	18.25657120538414	0.6936599423631123	0.6558891454965358
5	0.45922303199768066	18.02494614277411	0.6968299711815562	0.6443418013856813
6	0.45682638032095774	17.53047682385926	0.7207492795389049	0.7090069284064665
7	0.45490413904190063	16.716269488728376	0.7432276657060519	0.7274826789838337
8	0.45363081826104057	16.488953651638205	0.7573487031700288	0.7367205542725174
9	0.45223178863525393	16.039201972681447	0.7596541786743516	0.7251732101616628
10	0.45160336927934125	15.551566465185322	0.7740634005763689	0.7043879907621247
11	0.45092010498046875	15.1022835521523	0.7778097982708934	0.6812933025404158
12	0.4504111546736497	14.408376978078019	0.7907780979827089	0.651270207852194
13	0.45001319476536344	13.719964753597155	0.8014409221902017	0.7066974595842956
14	0.4499526341756185	12.83228242287942	0.8250720461095101	0.6905311778290993
15	0.4497556537389755	11.80081624722262	0.8322766570605188	0.7090069284064665
16	0.4495810901417452	11.181103870409345	0.8518731988472622	0.6951501154734411
17	0.44920321305592853	10.12326342906427	0.8613832853025937	0.6997690531177829
18	0.4492134545978747	9.482849258895314	0.8795389048991354	0.6928406466512702
19	0.4488223433494568	8.072187753992344	0.8974063400576369	0.7159353348729792
20	0.4484941845848447	7.211356721886801	0.9095100864553314	0.7043879907621247
21	0.44808772477236664	6.347719807143605	0.9146974063400576	0.7020785219399538
22	0.44780669005020807	5.927069720051704	0.9262247838616715	0.7020785219399538
23	0.4480728606383006	4.999469679976822	0.937463976945245	0.6997690531177829
24	0.44812828063964844	4.070134941591036	0.9510086455331412	0.6997690531177829
25	0.4488637630756085	3.25325302424234	0.962536023054755	0.6720554272517321
26	0.44859365180686667	2.9421300376090436	0.9639769452449568	0.6882217090069284
27	0.44839526074273245	3.170828263693993	0.961671469740634	0.6836027713625866
28	0.4480405593740529	2.4530592621261373	0.9714697406340058	0.648960739030023
29	0.44786505699157714	2.236295160077034	0.9717579250720461	0.6605080831408776
-1	-1	-1	-1	-1
0	0.5932502746582031	21.036671865970717	0.6249639665609685	0.6981566820276498
1	0.516120433807373	20.94599508582999	0.6088209858748919	0.5737327188940092
2	0.4916061560312907	20.477064062695984	0.6215047564139522	0.5783410138248848
3	0.4783668518066406	19.496617124714984	0.658114730469876	0.684331797235023
4	0.4717709064483643	18.537712202159636	0.6829057365234938	0.6474654377880185
5	0.46717000007629395	18.654850084847265	0.6987604496973191	0.7188940092165899
6	0.46368588720049175	18.030732557314252	0.7039492649178437	0.6290322580645161
7	0.46064263582229614	17.513425713285393	0.7261458633611992	0.7188940092165899
8	0.45843349562750924	16.8230732384078	0.7402709714615163	0.6751152073732719
9	0.456796932220459	16.581043676498833	0.7489189968290574	0.7327188940092166
10	0.45626248012889514	16.007978001865773	0.7633323724416259	0.7419354838709677
11	0.456157108147939	15.412022490020192	0.7722686653214182	0.7327188940092166
12	0.45595350632300746	15.019685727740647	0.783799365811473	0.7373271889400922
13	0.45598418372017996	14.497486761950572	0.7907177861055059	0.7350230414746544
14	0.45542519887288413	14.400443667665535	0.7930239262035169	0.7027649769585254
15	0.4550754278898239	13.63396712399404	0.8132026520611128	0.7396313364055299
16	0.45434998063480153	12.597092296005389	0.8209858748918997	0.7557603686635944
17	0.45419102244906956	12.03261519353324	0.8353992505044682	0.7304147465437788
18	0.45366237038060236	11.429904456532329	0.8426059383107524	0.7235023041474654
19	0.453387463092804	10.36599774535643	0.8633611991928509	0.7350230414746544
20	0.45283108665829613	9.585840133352017	0.8760449697319113	0.7350230414746544
21	0.45248583230105316	8.609514070213388	0.8864226001729605	0.7142857142857143
22	0.4523427693740181	8.1154169587914	0.8962236955895071	0.7396313364055299
23	0.45240843296051025	7.1529970836201935	0.9086191986163159	0.7142857142857143
24	0.4523508262634277	7.088377996322212	0.9097722686653215	0.728110599078341
25	0.45195770263671875	5.366128110010689	0.9351398097434419	0.728110599078341
26	0.4516773047270598	4.86917721459625	0.9403286249639665	0.7258064516129032
27	0.45122370549610685	4.515155832975283	0.946093975208994	0.695852534562212
28	0.45096426996691474	3.7764516516562994	0.9550302680887864	0.7027649769585254
29	0.45077699025472007	2.9459870397497756	0.9651196310175844	0.7096774193548387
30	0.451104917833882	2.604254709813026	0.9694436437013548	0.695852534562212
31	0.45160359889268875	3.1394493434954125	0.9642548284808302	0.7050691244239631
32	0.4519376249024362	1.615012478818177	0.9829922167771692	0.7258064516129032
33	0.45207546037786145	1.5207880993946157	0.9818391467281637	0.7142857142857143
34	0.4519789627620152	2.3099574854067706	0.9737676563851254	0.7258064516129032
35	0.4516704347398546	1.5626883734649886	0.9855866243874315	0.7188940092165899
36	0.4513395154798353	1.6932530624945776	0.9806860766791583	0.7027649769585254
-1	-1	-1	-1	-1
0	0.5252842903137207	20.63132573049003	0.6462957624675699	0.7027649769585254
1	0.4828132390975952	20.36501645604405	0.6434130873450562	0.5875576036866359
2	0.46816349029541016	19.621140646278313	0.6607091380801383	0.5875576036866359
3	0.4615214467048645	18.777768292558303	0.6915537618910349	0.6682027649769585
4	0.45653400421142576	17.97059293624458	0.7048140674545978	0.716589861751152
5	0.4541996320088704	17.16419612814527	0.7425771115595272	0.716589861751152
6	0.45219598497663227	16.61996113925899	0.7555491496108389	0.716589861751152
7	0.4508260190486908	16.240905459867705	0.748630729316806	0.7211981566820277
8	0.4505209657880995	15.795468780972541	0.7714038627846642	0.716589861751152
9	0.4499279737472534	15.90950850390513	0.7644854424906313	0.7073732718894009
10	0.45034521276300604	15.140934349200048	0.7794753531277026	0.7304147465437788
11	0.44988058010737103	14.813282721633211	0.7863937734217353	0.7096774193548387
12	0.44913499171917254	14.31177138407296	0.8010954165465553	0.7096774193548387
13	0.44849492822374615	13.205056781068855	0.8106082444508503	0.7327188940092166
14	0.44813516934712727	12.488623885933412	0.8325165753819544	0.7188940092165899
15	0.44771991670131683	12.64287521861015	0.8206976073796484	0.7004608294930875
16	0.44770065475912657	11.132493303456437	0.8489478235802825	0.7096774193548387
17	0.4476800362269084	11.113335029794536	0.8466416834822715	0.716589861751152
18	0.44732935805069773	9.783110509224988	0.868838281925627	0.7073732718894009
19	0.4472918391227722	8.485237130331337	0.8936292879792448	0.7096774193548387
20	0.4476723784492129	7.802710430337749	0.8996829057365235	0.7004608294930875
21	0.4475556720386852	6.701016721375492	0.9161141539348515	0.695852534562212
22	0.4473977918210237	5.871234237600904	0.922744306716633	0.6981566820276498
23	0.44697853922843933	5.55499988520911	0.9342750072066878	0.7235023041474654
24	0.44687394142150877	4.750624282097598	0.9383107523782069	0.7304147465437788
25	0.4468045968275804	4.45471612575951	0.949264917843759	0.7188940092165899
26	0.44660670668990526	3.0811117974990005	0.9671375036033439	0.6889400921658986
27	0.44672965151923044	3.17499036868231	0.9656961660420871	0.6866359447004609
28	0.44668043070826036	2.89244316108183	0.9717497837993658	0.7096774193548387
29	0.4472347338994344	1.78447373672773	0.9801095416546555	0.695852534562212
30	0.44706578408518144	1.2158128881587758	0.9878927644854425	0.695852534562212
31	0.4470822140574455	1.7676771699767047	0.9806860766791583	0.6774193548387096
32	0.44699052608374396	2.2835065237152468	0.9760737964831363	0.684331797235023
33	0.4471089559442857	1.372574683347153	0.986739694436437	0.695852534562212
-1	-1	-1	-1	-1
0	0.5878314971923828	21.566039549101383	0.6134332660709139	0.6705069124423964
1	0.5159057378768921	20.103564279888747	0.6321706543672528	0.7004608294930875
2	0.49303650856018066	19.893132795981312	0.6434130873450562	0.6612903225806451
3	0.48210567235946655	19.517395474495142	0.6589795330066301	0.7258064516129032
4	0.47478451728820803	18.541647176130102	0.6906889593542808	0.7419354838709677
5	0.4712057113647461	18.097576141357422	0.7177861055059095	0.7511520737327189
6	0.4677612100328718	17.61379835146283	0.7301816085327184	0.7557603686635944
7	0.46512526273727417	17.37436336114866	0.7336408186797347	0.7211981566820277
8	0.4624086485968696	16.635602999170985	0.7567022196598443	0.7672811059907834
9	0.4609895944595337	16.650639717732002	0.7529547420005765	0.7557603686635944
10	0.4601159312508323	15.828146313308576	0.7679446526376478	0.7396313364055299
11	0.45948843161265057	15.232521442098355	0.7889881810319977	0.7995391705069125
12	0.45867175322312576	14.636882388263668	0.79158258864226	0.7603686635944701
13	0.4587225914001465	14.700490584067248	0.7872585759584895	0.7695852534562212
14	0.45811187426249184	13.706077015728031	0.8042663591813203	0.7603686635944701
15	0.4578135758638382	13.557729854496246	0.8059959642548284	0.7649769585253456
16	0.4571976521435906	12.630905932242717	0.8186797347938888	0.7649769585253456
17	0.4574327866236369	11.73120633833999	0.8388584606514846	0.771889400921659
18	0.4572503190291555	10.747056247991159	0.8463534159700202	0.7511520737327189
19	0.4568278670310974	10.481411487684337	0.8584606514845777	0.7327188940092166
20	0.45665647870018367	9.641152933103228	0.8673969443643701	0.771889400921659
21	0.45611502907492896	8.212522629204146	0.8887287402709715	0.7534562211981567
22	0.45640142067618994	8.411812291779649	0.8959354280772557	0.7580645161290323
23	0.45655282338460285	6.865930635994728	0.9129432113000865	0.7534562211981567
24	0.45681721687316895	6.222046406990891	0.9166906889593542	0.7488479262672811
25	0.45698902240166295	5.190084624727931	0.9365811473046988	0.7534562211981567
26	0.4573382183357521	4.3687102132980975	0.949264917843759	0.7188940092165899
27	0.4573917474065508	4.237822669908541	0.9481118477947535	0.7396313364055299
28	0.45757359471814385	3.3618212232895948	0.9579129432113	0.7373271889400922
29	0.4576154390970866	2.9025251764223117	0.9619486883828192	0.716589861751152
30	0.4575430808528777	2.0838979181551607	0.9772268665321419	0.7350230414746544
31	0.4575043022632599	1.553851395947944	0.9824156817526665	0.716589861751152
-1	-1	-1	-1	-1
0	0.5450565814971924	20.56412269872263	0.6298645142692418	0.684331797235023
1	0.5019528865814209	21.48090464478239	0.5765350245027385	0.5967741935483871
2	0.48706992467244464	21.003842065093714	0.6197751513404439	0.5875576036866359
3	0.4813552498817444	20.65036962666643	0.6341885269530124	0.6797235023041475
4	0.4771122932434082	19.164616252304217	0.6777169213029691	0.6866359447004609
5	0.47558319568634033	18.307296871045313	0.7048140674545978	0.7188940092165899
6	0.4733636038643973	17.457336277043055	0.7287402709714615	0.7004608294930875
7	0.4717999994754791	17.128752253471166	0.7342173537042376	0.7603686635944701
8	0.4707651138305664	16.65470598815778	0.7466128567310464	0.7050691244239631
9	0.4697550296783447	16.083296145867862	0.7561256846353416	0.7211981566820277
10	0.4682961810718883	15.999053338252077	0.7584318247333526	0.7465437788018433
11	0.46674613157908124	15.229314856572982	0.7809166906889593	0.7396313364055299
12	0.4656626811394325	14.713324087475417	0.7881233784952436	0.728110599078341
13	0.4647515671593802	14.156389087711998	0.79158258864226	0.7626728110599078
14	0.4643922170003255	13.011286954267309	0.8221389449409051	0.7304147465437788
15	0.4641134738922119	12.773223198881936	0.8253098875756703	0.7235023041474654
16	0.4638232904322007	11.937951895075107	0.834534447967714	0.7488479262672811
17	0.463655498292711	10.82764793535985	0.8561545113865667	0.7603686635944701
18	0.46353943724381297	9.827595012997268	0.8673969443643701	0.7534562211981567
19	0.4631205439567566	9.393199161652031	0.8803689824156817	0.7327188940092166
20	0.4626646041870117	8.566843955888661	0.8878639377342173	0.6981566820276498
21	0.46223186362873425	7.485940888387348	0.9077543960795619	0.7142857142857143
22	0.46175134700277576	6.633039780713003	0.9187085615451138	0.7373271889400922
23	0.4614165524641673	5.4627465139561835	0.9403286249639665	0.7004608294930875
24	0.4614128589630127	4.941878852494266	0.9357163447679446	0.7004608294930875
25	0.4613015651702881	3.740554865210428	0.9605073508215624	0.7119815668202765
26	0.4611078544899269	2.8182646954825166	0.9636782934563275	0.7258064516129032
27	0.460867668901171	3.220748634650073	0.962525223407322	0.7119815668202765
28	0.46024761528804387	2.796532036856227	0.9720380513116171	0.7350230414746544
29	0.4598119020462036	1.7711034352216153	0.9786682040933987	0.7050691244239631
30	0.4595713077052947	3.5669057538066435	0.9587777457480542	0.7235023041474654
31	0.4595767557621002	1.2737143821672563	0.9870279619486884	0.7258064516129032
32	0.45917178645278467	0.5132155532888864	0.9959642548284808	0.7327188940092166
33	0.4587721403907327	0.27799344961976696	0.997693859901989	0.728110599078341
-1	-1	-1	-1	-1
0	0.580909013748169	20.506219155197844	0.6382242721245316	0.6820276497695853
1	0.5106484889984131	21.582529085491775	0.582300374747766	0.6036866359447005
2	0.4886578718821208	20.527688507640033	0.6379360046122802	0.6566820276497696
3	0.4768034815788269	19.314901824391217	0.6777169213029691	0.6889400921658986
4	0.4699985980987549	18.31873427837267	0.7039492649178437	0.6866359447004609
5	0.46545930703481037	17.859625195144513	0.7195157105794177	0.7580645161290323
6	0.46226351601736887	17.360598774131287	0.7310464110694724	0.7304147465437788
7	0.45981690287590027	16.766749412641612	0.7445949841452868	0.7419354838709677
8	0.4576847288343642	16.62233428780092	0.754107812049582	0.7649769585253456
9	0.45653016567230226	16.350152142550968	0.7639089074661286	0.7534562211981567
10	0.4556094082919034	15.600998248528997	0.7771692130296916	0.7764976958525346
11	0.45587100585301715	15.381729519695316	0.7722686653214182	0.771889400921659
12	0.4566808663881742	14.922164685135588	0.7852407033727299	0.7419354838709677
13	0.45527427537100656	14.509091254768022	0.783799365811473	0.7672811059907834
14	0.45477046966552737	13.629836270568568	0.8083021043528394	0.7603686635944701
15	0.45511825382709503	13.102380041682393	0.8198328048428942	0.7603686635944701
16	0.4550621649798225	12.565205959005093	0.8287690977226867	0.7304147465437788
17	0.4538685083389282	12.113064424707256	0.8377053906024791	0.7580645161290323
18	0.4534389345269454	11.191685530023838	0.8466416834822715	0.728110599078341
19	0.45336456298828126	10.595087554476677	0.8535601037763044	0.7258064516129032
20	0.45331349826994394	9.502971246701861	0.8746036321706544	0.728110599078341
21	0.45323730598796497	8.789648944084798	0.8881522052464688	0.7465437788018433
22	0.4527222799218219	7.846408222793439	0.8939175554914961	0.7027649769585254
23	0.45252471168835956	6.94431860950015	0.9112136062265782	0.7188940092165899
24	0.4520587921142578	6.4820055644446555	0.9166906889593542	0.7258064516129032
25	0.45137380636655366	5.83578250276933	0.9293744594984146	0.6981566820276498
26	0.4514340383035165	5.38673159343387	0.936004612280196	0.6935483870967742
27	0.45108914375305176	3.926471841786433	0.9507062554050159	0.663594470046083
28	0.451021539753881	4.190699346568606	0.9489766503315077	0.716589861751152
29	0.4507678826649984	3.6379412984082458	0.9584894782358028	0.7235023041474654
30	0.4505754901516822	2.356744095683098	0.9714615162871144	0.6889400921658986
-1	-1	-1	-1	-1
0	0.5438940525054932	20.73745412564059	0.6523493802248487	0.7327188940092166
1	0.5039397478103638	20.336611870231977	0.6460074949553185	0.576036866359447
2	0.48971056938171387	19.02907480887317	0.6898241568175266	0.7373271889400922
3	0.4828459620475769	18.162474973486106	0.7097146151628712	0.7603686635944701
4	0.4772010326385498	17.79402257761824	0.7131738253098876	0.6359447004608295
5	0.4742674032847087	17.03664753415169	0.7391179014125108	0.7534562211981567
6	0.4720813546861921	16.393112453845664	0.7492072643413087	0.6428571428571429
7	0.4691302478313446	16.467644525230476	0.7515134044393197	0.7119815668202765
8	0.4679877493116591	15.95250983631939	0.7641971749783799	0.7649769585253456
9	0.4662028312683105	15.677912322753066	0.7656385125396368	0.7557603686635944
10	0.4654592383991588	14.95898538117015	0.7812049582012107	0.7580645161290323
11	0.4642432928085327	14.120089775925383	0.7967714038627847	0.7396313364055299
12	0.4630869535299448	13.73024419469571	0.8094551744018449	0.7258064516129032
13	0.46278439249311176	12.800166545657937	0.8224272124531565	0.7603686635944701
14	0.46269129117329916	12.483833693583078	0.8307869703084463	0.7304147465437788
15	0.46168845891952515	11.122162812346712	0.8526953012395503	0.7373271889400922
16	0.46077728271484375	10.532230488750912	0.8544249063130586	0.7304147465437788
17	0.4602668020460341	9.838373586672162	0.8648025367541078	0.7050691244239631
18	0.45974131634360865	9.577173329274588	0.8760449697319113	0.7373271889400922
19	0.45918052196502684	8.675032447237488	0.8844047275872009	0.7235023041474654
20	0.45853362764631	7.946858164367326	0.898529835687518	0.7396313364055299
21	0.4580689451911233	6.789017587626746	0.9169789564716057	0.7373271889400922
22	0.4576825888260551	6.421910362506131	0.9230325742288844	0.7050691244239631
23	0.4574028253555298	6.975963657055426	0.9129432113000865	0.7465437788018433
24	0.4570521068572998	5.164727564251751	0.9383107523782069	0.7188940092165899
25	0.4573376178741455	4.226532212159502	0.9469587777457481	0.7373271889400922
26	0.4572888656898781	4.147233942779926	0.952435860478524	0.7350230414746544
27	0.45717042684555054	4.425608049838915	0.9469587777457481	0.7258064516129032
28	0.4569423198699951	3.094526914828414	0.9674257711155952	0.7188940092165899
29	0.45681949456532794	2.416320339870562	0.9740559238973767	0.7350230414746544
-1	-1	-1	-1	-1
0	0.6065495014190674	20.652298551086986	0.6452449567723343	0.6405529953917051
1	0.529433012008667	20.199951583092364	0.6469740634005764	0.619815668202765
2	0.5035614967346191	18.9807899370106	0.6829971181556196	0.663594470046083
3	0.4910019636154175	17.87573458732815	0.7161383285302594	0.6451612903225806
4	0.4831052303314209	17.60211310255418	0.7239193083573487	0.7004608294930875
5	0.47738997141520184	17.00594863104164	0.7432276657060519	0.7096774193548387
6	0.47348346029009136	17.086260611857842	0.7357348703170029	0.6912442396313364
7	0.47141560912132263	16.456213977358757	0.7564841498559077	0.7096774193548387
8	0.4698341422610813	15.613659206880342	0.769164265129683	0.716589861751152
9	0.4688647508621216	15.371643757601397	0.7757925072046109	0.7304147465437788
10	0.4678852774880149	16.02691933868128	0.7561959654178675	0.7235023041474654
11	0.4671626289685567	15.483580081834706	0.7855907780979827	0.7258064516129032
12	0.46653226705697864	14.584962429256613	0.7884726224783861	0.7119815668202765
13	0.46568870544433594	14.093873181474319	0.7976945244956772	0.7142857142857143
14	0.46495668093363446	13.253851461847988	0.8193083573487032	0.7050691244239631
15	0.46433787047863007	12.254545448023245	0.8311239193083574	0.7073732718894009
16	0.463796433280496	11.589221613122783	0.8417867435158501	0.7119815668202765
17	0.4637349181705051	11.04167539920282	0.8510086455331413	0.7304147465437788
18	0.46287064803274053	10.132563302276331	0.8619596541786744	0.6935483870967742
19	0.46177898645401	9.127522335139984	0.8838616714697406	0.7373271889400922
20	0.4611871128990537	8.318391379960087	0.8939481268011528	0.6797235023041475
21	0.46042529019442474	7.490437426698318	0.9028818443804034	0.6866359447004609
22	0.45981162527333136	6.927011766564956	0.9097982708933717	0.7119815668202765
23	0.4592508872350057	6.017439313984792	0.9227665706051873	0.7211981566820277
24	0.45856891632080077	5.986343629043037	0.923342939481268	0.7419354838709677
25	0.4583933720221886	5.119114362318581	0.9348703170028818	0.7073732718894009
26	0.4589119663944951	4.282079021865075	0.946685878962536	0.7004608294930875
27	0.4586486646107265	3.346096571705757	0.9605187319884726	0.7211981566820277
28	0.4584578152360587	3.5538147176624437	0.9587896253602306	0.728110599078341
29	0.4582430601119995	2.338948094892666	0.9743515850144092	0.7073732718894009
30	0.45801828753563667	2.249879116961442	0.978386167146974	0.716589861751152
31	0.45775287598371506	1.6890225436734976	0.9801152737752161	0.7327188940092166
32	0.45740509755683667	1.8933161306750337	0.9780979827089337	0.728110599078341
33	0.4572575022192562	2.389599414183459	0.9729106628242075	0.7142857142857143
34	0.4571223054613386	2.502861600095799	0.9763688760806917	0.7188940092165899
35	0.4568442967202928	0.8263345864695419	0.9904899135446686	0.7235023041474654
36	0.45655008908864614	0.49945163187237646	0.9942363112391931	0.6912442396313364
37	0.45626676082611084	0.30118889499609486	0.9976945244956772	0.7188940092165899
38	0.45583814229720676	0.1715198614375042	0.999135446685879	0.7119815668202765
39	0.45560118556022644	0.07293456734703863	0.9997118155619596	0.716589861751152
40	0.455375124768513	0.024094954098372826	1.0	0.7235023041474654
41	0.4552445411682129	0.013000212619805732	1.0	0.7188940092165899
42	0.455103269843168	0.008660779809536199	1.0	0.716589861751152
43	0.45488494634628296	0.00676344956586048	1.0	0.7142857142857143
44	0.4547950903574626	0.005457377641246782	1.0	0.7119815668202765
-1	-1	-1	-1	-1
0	0.539808988571167	20.596542157164407	0.6560069144338807	0.6628175519630485
1	0.4947071075439453	20.005994691761263	0.6355517142033996	0.6928406466512702
2	0.47950975100199383	19.02834791655934	0.6773264188994526	0.625866050808314
3	0.4713284373283386	18.722428050609903	0.6825122443099971	0.6836027713625866
4	0.46652703285217284	17.46307129816178	0.7291846730048978	0.6096997690531177
5	0.4625632365544637	17.030879466905507	0.7392682224142898	0.7251732101616628
6	0.4606593336377825	16.557158636390618	0.7461826562950159	0.7344110854503464
7	0.4590703547000885	16.192590416024583	0.7582829155862864	0.7228637413394919
8	0.4573225710127089	15.524336464908146	0.7640449438202247	0.7505773672055427
9	0.45597424507141116	15.208940952196034	0.776721405934889	0.7413394919168591
10	0.4550864479758523	15.18556875263879	0.7793143186401613	0.7205542725173211
11	0.4538748661677043	14.454828341072853	0.7986171132238548	0.7159353348729792
12	0.45332178702721226	13.880870661604295	0.8017862287525209	0.74364896073903
13	0.4527150733130319	13.37905544316003	0.80841256122155	0.7413394919168591
14	0.4522661368052165	12.387663703445995	0.8329011812157879	0.7228637413394919
15	0.4520767480134964	11.719070421446354	0.8389513108614233	0.7090069284064665
16	0.45159132340375113	10.712122584701678	0.8545087870930568	0.6651270207852193
17	0.451173292265998	9.734393369167224	0.8749639873235379	0.7113163972286374
18	0.45075402761760514	8.429460127419288	0.891961970613656	0.6974595842956121
19	0.4504802465438843	7.968739997903142	0.8974358974358975	0.7297921478060047
20	0.4510834217071533	7.617004063151298	0.9014693171996543	0.7066974595842956
21	0.45078053257682105	6.331511424222124	0.9176029962546817	0.6789838337182448
22	0.4511048171831214	5.7435195096042175	0.9314318640161336	0.6859122401847575
23	0.4512759943803151	4.442796866007901	0.9495822529530394	0.6812933025404158
24	0.4512627410888672	4.788664783633084	0.9435321233074042	0.6697459584295612
25	0.45136497570918155	4.390173816352809	0.9481417458945549	0.6651270207852193
26	0.4515857696533203	3.5648367957237665	0.9564966868337654	0.6789838337182448
27	0.4518737196922302	3.1263995350364153	0.9674445404782483	0.6859122401847575
28	0.4517647069076012	2.2154326303562986	0.9743589743589743	0.651270207852194
29	0.45170249144236246	1.7248395365927744	0.9821377124747911	0.6766743648960739
-1	-1	-1	-1	-1
0	0.6063284873962402	20.778424376741462	0.641313742437338	0.6766743648960739
1	0.5260783433914185	20.181589100338996	0.6568712186689715	0.7043879907621247
2	0.4982021649678548	18.181964288064098	0.7121866897147796	0.7482678983833718
3	0.4865500330924988	17.78071135774665	0.7237107461826563	0.766743648960739
4	0.48066864013671873	17.264699918414475	0.7355229040622299	0.7390300230946882
5	0.47621504465738934	16.76754224847216	0.742149236531259	0.7413394919168591
6	0.4725321020398821	16.315480643456134	0.7588591184096802	0.7482678983833718
7	0.4698823392391205	15.618897324308342	0.7712474791126477	0.76905311778291
8	0.46827710999382866	15.228711285722365	0.7816191299337367	0.7528868360277137
9	0.46706809997558596	15.0602157837754	0.7761452031114953	0.7413394919168591
10	0.4658002636649392	14.788826710587248	0.7882454624027658	0.7344110854503464
11	0.465043048063914	13.989133506739906	0.7997695188706425	0.7413394919168591
12	0.4639005110814021	13.276835043495948	0.808124459809853	0.74364896073903
13	0.4631239005497524	12.880184322322181	0.8184961106309421	0.7274826789838337
14	0.4621650536855062	11.64959891782988	0.846441947565543	0.7344110854503464
15	0.46160219609737396	11.698348032225162	0.8389513108614233	0.7551963048498845
16	0.4611240274765912	10.579138808294173	0.8576779026217228	0.7020785219399538
17	0.46034284432729083	9.219997257267663	0.8764044943820225	0.7367205542725174
18	0.45997668567456695	8.532211319022222	0.8896571593200807	0.7205542725173211
19	0.4597107172012329	7.91477401978379	0.9017574186113512	0.7205542725173211
20	0.45964594114394414	7.2115271507053205	0.9089599539037742	0.74364896073903
21	0.45941210876811633	6.1746361780604095	0.9210602131950446	0.7205542725173211
22	0.45953509081964905	5.578654279402636	0.9317199654278306	0.7020785219399538
23	0.45942681034406024	4.7455181703655	0.9426678190723135	0.7182448036951501
24	0.4594084072113037	4.849413752555847	0.944396427542495	0.7159353348729792
25	0.45933254865499645	3.863757421390726	0.954768078363584	0.7159353348729792
26	0.45915963031627516	3.183995465073017	0.9654278305963699	0.7136258660508084
27	0.4589564629963466	2.8642241391566916	0.9657159320080668	0.7020785219399538
28	0.45863812545250204	2.692115647530337	0.9683088447133391	0.6928406466512702
29	0.45880120595296225	2.9715824331575575	0.9683088447133391	0.7090069284064665
-1	-1	-1	-1	-1
0	0.5267465114593506	19.91220119896285	0.6469740634005764	0.6420323325635104
1	0.48360276222229004	20.91236835007274	0.6100864553314121	0.6628175519630485
2	0.47287901242574054	19.66184735079424	0.6561959654178674	0.6882217090069284
3	0.4666447043418884	17.93942725330318	0.7138328530259366	0.7182448036951501
4	0.46280617713928224	18.18968787762003	0.699135446685879	0.7043879907621247
5	0.4585592746734619	17.300900468038858	0.7374639769452449	0.7182448036951501
6	0.4580113547188895	16.43558618563031	0.7492795389048992	0.7159353348729792
7	0.45745477080345154	16.566769914889555	0.7489913544668588	0.7321016166281755
8	0.45727377467685276	16.039309847245523	0.7651296829971181	0.7113163972286374
9	0.45824005603790285	16.042600719206924	0.7671469740634006	0.7020785219399538
10	0.45807743072509766	15.050722314677108	0.7844380403458213	0.7182448036951501
11	0.45638203620910645	15.037259259355178	0.7801152737752162	0.7367205542725174
12	0.4557978556706355	14.182140337217838	0.7936599423631124	0.7043879907621247
13	0.45534675461905344	13.330702698558841	0.8155619596541787	0.7274826789838337
14	0.45398767789204914	12.744866852366597	0.8155619596541787	0.7367205542725174
15	0.4527779668569565	12.393565182292134	0.8259365994236312	0.7251732101616628
16	0.4518580997691435	11.68380691808298	0.8357348703170029	0.7344110854503464
17	0.45106299718221027	10.903204624805975	0.8521613832853026	0.7159353348729792
18	0.45073285855745016	10.219019574856539	0.8605187319884726	0.74364896073903
19	0.45079272985458374	8.859286190172948	0.8795389048991354	0.7367205542725174
20	0.4502238659631638	8.26090093271448	0.8913544668587896	0.7274826789838337
21	0.45019495487213135	7.219540991914382	0.9080691642651297	0.7390300230946882
22	0.44999918730362604	6.639662987595305	0.914121037463977	0.7321016166281755
23	0.4498412112394969	5.875073990690598	0.9219020172910662	0.7090069284064665
24	0.44937571525573733	5.53452152970734	0.9276657060518732	0.7182448036951501
25	0.4490552865541898	4.297878514189239	0.9487031700288184	0.7321016166281755
26	0.44897574848598903	4.200473076159801	0.9463976945244956	0.7182448036951501
27	0.4494240028517587	2.5393911459987315	0.969164265129683	0.7321016166281755
28	0.4493940205409609	3.112738796467081	0.9619596541786744	0.7136258660508084
29	0.44958117802937825	1.6224379812222007	0.98328530259366	0.7159353348729792
30	0.4497065697946856	3.408023412655526	0.960806916426513	0.7043879907621247
31	0.4499940127134323	1.5219236889025283	0.9824207492795389	0.7182448036951501
32	0.45206481037717877	1.4126793451846467	0.9864553314121037	0.6974595842956121
33	0.45224981448229623	1.8334193765570264	0.9786743515850144	0.7182448036951501
34	0.45227166584559847	0.5584277360221593	0.9939481268011527	0.7251732101616628
35	0.45241744650734794	0.1992228612562197	0.9982708933717579	0.7182448036951501
36	0.45244280712024587	0.1596556265513763	0.999135446685879	0.7113163972286374
37	0.45250212518792404	0.04082649860716929	1.0	0.7159353348729792
38	0.4525433809329302	0.017870683674886128	1.0	0.7274826789838337
-1	-1	-1	-1	-1
0	0.6013202667236328	19.82438083088726	0.6630152781781493	0.6428571428571429
1	0.5311505794525146	20.9313174256491	0.6142980686076679	0.5921658986175116
2	0.5066800117492676	19.918652149515413	0.6612856731046411	0.6290322580645161
3	0.4922013282775879	18.27781892479013	0.7074084750648602	0.695852534562212
4	0.4853360176086426	17.866991747409926	0.7128855577976362	0.7096774193548387
5	0.48215730985005695	17.026952516048325	0.7414240415105218	0.6981566820276498
6	0.47878595760890413	16.601829795662415	0.7503603343903142	0.7050691244239631
7	0.47664323449134827	16.22016669632098	0.7549726145863361	0.728110599078341
8	0.4752323362562392	15.578045803472536	0.7708273277601614	0.7050691244239631
9	0.472876763343811	15.348314871481799	0.7696742577111559	0.7373271889400922
10	0.47106831723993475	14.77054373714902	0.7823580282502162	0.7373271889400922
11	0.4691123167673747	14.102529912913612	0.7959066013260305	0.7373271889400922
12	0.4681274707500751	13.665921968057615	0.8083021043528394	0.7073732718894009
13	0.4670269318989345	12.65097865270912	0.8250216200634188	0.7350230414746544
14	0.4663384755452474	12.029736779151706	0.8339579129432113	0.716589861751152
15	0.46614719927310944	10.914215934385947	0.8414528682617469	0.7327188940092166
16	0.4656422418706557	10.208471396647463	0.8593254540213318	0.7073732718894009
17	0.4651672972573174	8.794782780726022	0.8887287402709715	0.7119815668202765
18	0.4645945398431075	9.300613296141318	0.8751801671951571	0.6912442396313364
19	0.4641335129737854	7.7740575665727665	0.8982415681752667	0.716589861751152
20	0.4636346044994536	6.764887139337872	0.9120784087633323	0.7050691244239631
21	0.4631294445558028	5.611915295277167	0.9311040645719227	0.7004608294930875
22	0.4626688231592593	5.099606525460515	0.9371576823292015	0.6981566820276498
23	0.4616999328136444	4.548510244680108	0.9397520899394638	0.7050691244239631
24	0.46099225044250486	4.323006007649483	0.9423464975497261	0.695852534562212
25	0.4606541945384099	3.372810297602907	0.9590660132603056	0.6912442396313364
26	0.4603999102557147	2.726988889892167	0.9714615162871144	0.7188940092165899
27	0.46045638833727154	3.218251566821282	0.9651196310175844	0.7096774193548387
28	0.4601520423231454	1.3719192394696245	0.984433554338426	0.716589861751152
29	0.45961418946584065	0.6711831929657711	0.9930815797059671	0.7073732718894009
-1	-1	-1	-1	-1
0	0.5347001552581787	20.21388713154224	0.6509080426635918	0.7096774193548387
1	0.49155378341674805	20.613504046693855	0.6194868838281926	0.6820276497695853
2	0.47813232739766437	19.776287840047015	0.6462957624675699	0.5783410138248848
3	0.4702245593070984	18.95272487675378	0.6834822715479966	0.7004608294930875
4	0.46475772857666015	18.340121282350033	0.6987604496973191	0.7350230414746544
5	0.4619804223378499	17.503603169677454	0.7218218506774287	0.7050691244239631
6	0.4613050733293806	17.422035707246273	0.737676563851254	0.7373271889400922
7	0.46095821261405945	17.189473340270716	0.7296050735082156	0.7695852534562212
8	0.4599870575798882	16.47636149782653	0.7567022196598443	0.7258064516129032
9	0.4583855628967285	16.190282589798674	0.7587200922456039	0.728110599078341
10	0.45714774998751556	15.753010723568977	0.7679446526376478	0.7419354838709677
11	0.4565027356147766	15.176589055892524	0.7788988181031997	0.7465437788018433
12	0.45607851101801944	15.11298446042822	0.7731334678581724	0.7626728110599078
13	0.45554247924259733	14.26235271156381	0.7999423464975497	0.728110599078341
14	0.45513704617818196	13.53358161996264	0.8088786393773422	0.7327188940092166
15	0.454211100935936	13.025663294923415	0.822715479965408	0.7534562211981567
16	0.4540361516615924	12.117714768155999	0.8391467281637359	0.7258064516129032
17	0.4535236358642578	11.00453182535434	0.8460651484577688	0.7465437788018433
18	0.45321300155238103	10.582404027291394	0.8639377342173538	0.7557603686635944
19	0.4534572005271912	9.757978819925851	0.8682617469011242	0.7327188940092166
20	0.4539504845937093	8.725139068900992	0.887575670221966	0.7534562211981567
21	0.4542540420185436	7.758205511154385	0.900835975785529	0.7488479262672811
22	0.45444808835568634	6.734915601004154	0.9178437590083598	0.7396313364055299
23	0.4545760651429494	6.364879531051041	0.9213029691553762	0.7603686635944701
24	0.45468629837036134	5.960206399270154	0.9233208417411358	0.7235023041474654
25	0.45481359041654146	5.121948607471011	0.9374459498414529	0.728110599078341
26	0.4546423046677201	5.473970407466276	0.9334102046699337	0.7465437788018433
27	0.45429980754852295	4.221987280550353	0.9489766503315077	0.7004608294930875
28	0.4538556460676522	3.923743858660033	0.9538771980397809	0.7442396313364056
29	0.45378732681274414	3.4384855729177457	0.9607956183338138	0.7142857142857143
-1	-1	-1	-1	-1
0	0.5932276248931885	20.48918021053349	0.6402421447102912	0.6820276497695853
1	0.5215860605239868	20.219616120014717	0.6405304122225425	0.6935483870967742
2	0.49587059020996094	18.64588514817964	0.7010665897953301	0.6566820276497696
3	0.48347198963165283	18.451891369775893	0.7048140674545978	0.684331797235023
4	0.4766356945037842	17.61562469464923	0.7258575958489478	0.7073732718894009
5	0.4719496965408325	16.951592830342985	0.7382530988757567	0.7004608294930875
6	0.46929894174848286	16.940021829867582	0.7422888440472759	0.7004608294930875
7	0.4665473699569702	16.4458980997768	0.7526664744883251	0.7004608294930875
8	0.4652841356065538	15.728083321807581	0.7653502450273855	0.7119815668202765
9	0.4640291452407837	15.725129057507996	0.7714038627846642	0.7188940092165899
10	0.4625580310821533	15.186693117159223	0.780628423176708	0.6935483870967742
11	0.46112118164698285	14.825794228720008	0.7835110982992217	0.7096774193548387
12	0.4605526007138766	13.859779003563277	0.8031132891323148	0.7304147465437788
13	0.46010492529187885	13.368942903816153	0.8132026520611128	0.7235023041474654
14	0.45885799725850424	13.088367313420006	0.8100317094263476	0.7073732718894009
15	0.45860858261585236	11.949170921920636	0.8328048428942059	0.7211981566820277
16	0.4579488670124727	11.188753478023983	0.8440472758720092	0.695852534562212
17	0.4571056365966797	11.066213966509618	0.8417411357739982	0.7027649769585254
18	0.45715263015345525	10.036051957979115	0.8656673392908619	0.7142857142857143
19	0.4565609335899353	9.169270143596405	0.8777745748054194	0.6981566820276498
20	0.45620852424984887	8.038979309414504	0.8944940905159988	0.695852534562212
21	0.4558031125502153	7.732694838025155	0.9011242432977803	0.6820276497695853
22	0.4562096181123153	7.251386633706749	0.9112136062265782	0.7073732718894009
23	0.4558466871579488	6.112125267676257	0.9204381666186221	0.6981566820276498
24	0.45554203987121583	5.842031703629625	0.9270683194004036	0.6797235023041475
25	0.45582494368919957	4.730863263574215	0.9455174401844912	0.663594470046083
26	0.4554123348659939	4.232018232618997	0.9489766503315077	0.6682027649769585
27	0.45525202580860685	4.2161767521035785	0.9501297203805131	0.6889400921658986
28	0.45529185492416907	2.6645111853103027	0.9708849812626117	0.6682027649769585
29	0.45528101921081543	2.8337515048477626	0.9671375036033439	0.6705069124423964
30	0.45542147082667195	2.9429204952005947	0.9659844335543384	0.7004608294930875
31	0.4551597237586975	2.0181095158903424	0.9775151340443932	0.7142857142857143
32	0.45511674158500903	2.5490993879940533	0.9720380513116171	0.6820276497695853
-1	-1	-1	-1	-1
0	0.5278987884521484	21.0682085282212	0.6364946670510233	0.7235023041474654
1	0.4867210388183594	21.355407058645827	0.5880657249927933	0.4400921658986175
2	0.47074294090270996	20.298595235982074	0.6301527817814933	0.6013824884792627
3	0.4631936550140381	18.924341871104108	0.6811761314499856	0.728110599078341
4	0.4566378116607666	17.7800207094315	0.7125972902853849	0.7188940092165899
5	0.4527701139450073	17.25832633797182	0.7316229460939752	0.7258064516129032
6	0.4499995367867606	16.797868964868947	0.7399827039492649	0.771889400921659
7	0.4485381543636322	16.920107465271556	0.7422888440472759	0.7442396313364056
8	0.447691626018948	16.28496488518671	0.7535312770250793	0.7350230414746544
9	0.4472465753555298	15.958911042694652	0.7659267800518882	0.7603686635944701
10	0.4458873922174627	15.90042297555766	0.7590083597578553	0.7534562211981567
11	0.4453578591346741	14.851432550937757	0.789276448544249	0.7327188940092166
12	0.4454170373769907	14.134266332748833	0.799365811473047	0.7580645161290323
13	0.44642179352896555	13.667312692064758	0.8036898241568176	0.7327188940092166
14	0.44616246223449707	13.569066664494505	0.8042663591813203	0.7327188940092166
15	0.4468547999858856	12.368774256574998	0.8255981550879216	0.716589861751152
16	0.44759974760167737	12.643246020745794	0.8201210723551455	0.7419354838709677
17	0.4479047854741414	11.19050285356854	0.8480830210435284	0.7304147465437788
18	0.4473680571505898	9.78327500492061	0.8708561545113865	0.7396313364055299
19	0.44746315479278564	8.72921173725653	0.8858460651484578	0.7211981566820277
20	0.4473033064887637	8.182148882008473	0.893052752954742	0.7188940092165899
21	0.44774160601876	7.374896516493701	0.9097722686653215	0.7211981566820277
22	0.4483018025108006	6.4860408656094055	0.9213029691553762	0.716589861751152
23	0.44818077484766644	5.4750957232002815	0.933698472182185	0.6981566820276498
24	0.4481047630310059	5.705909882116755	0.9334102046699337	0.7327188940092166
25	0.44867239548609805	4.628998100757599	0.9507062554050159	0.716589861751152
26	0.4483769116578279	4.080644782803474	0.9535889305275296	0.7188940092165899
27	0.4482258984020778	3.1096338352889097	0.9688671086768521	0.7327188940092166
28	0.44811520905330265	3.8963359285385235	0.9567598731622946	0.7050691244239631
29	0.4480061769485474	2.58180541914264	0.9714615162871144	0.7119815668202765
-1	-1	-1	-1	-1
0	0.532019853591919	20.595549596559017	0.6468722974920726	0.7258064516129032
1	0.4872852563858032	21.29954171836923	0.5944076102623235	0.6981566820276498
2	0.4725666840871175	20.745028434543435	0.6327471893917556	0.7073732718894009
3	0.46489042043685913	19.38397299915279	0.6707985010089363	0.7050691244239631
4	0.4604604721069336	18.502891015569006	0.6999135197463245	0.7258064516129032
5	0.45739702383677167	18.542679983541507	0.7027961948688383	0.7373271889400922
6	0.45553033692496164	17.741123026664106	0.7218218506774287	0.6728110599078341
7	0.45374801754951477	17.72349845378771	0.7128855577976362	0.7304147465437788
8	0.45283985137939453	16.949141616121345	0.7437301816085328	0.7373271889400922
9	0.45200576782226565	16.33474701260208	0.7515134044393197	0.716589861751152
10	0.451007604598999	15.922294936048875	0.7621793023926203	0.728110599078341
11	0.45058898131052655	15.084599512432693	0.7809166906889593	0.7419354838709677
12	0.44991931548485387	14.381472386351419	0.7976362063995388	0.7511520737327189
13	0.45059023584638325	13.786290282503181	0.810319976938599	0.7211981566820277
14	0.4511541525522868	12.913137068442248	0.8230037474776593	0.7373271889400922
15	0.45184020698070526	11.879487129526401	0.8443355433842606	0.7258064516129032
16	0.45242588660296273	11.620688915252686	0.8457768809455174	0.7396313364055299
17	0.45292092694176567	10.762435016282108	0.86105505909484	0.7350230414746544
18	0.4534987524936074	9.416613117270513	0.8818103199769386	0.7350230414746544
19	0.4534567356109619	9.805736812976523	0.8795041798789276	0.7258064516129032
20	0.45357197806948707	8.633588058139207	0.8927644854424907	0.7419354838709677
21	0.4535741697658192	6.6550364778676165	0.9213029691553762	0.7603686635944701
22	0.4538427954134734	6.3511955978673535	0.9192850965696167	0.7373271889400922
23	0.45425254106521606	5.474242440057457	0.9385990198904584	0.7142857142857143
24	0.45431349754333494	5.40134324857948	0.9388872874027098	0.7419354838709677
25	0.4544168710708618	4.307830886009636	0.9530123955030269	0.728110599078341
26	0.45484670003255206	3.8219880614805657	0.9530123955030269	0.7396313364055299
27	0.45519403900418964	3.673321498096536	0.9605073508215624	0.7350230414746544
28	0.45543344267483415	2.561322666226177	0.9720380513116171	0.7327188940092166
29	0.45562005837758385	2.8397623762625073	0.9651196310175844	0.7419354838709677
30	0.4558445022952172	2.198460369618661	0.9737676563851254	0.7211981566820277
31	0.45618003606796265	1.9600295845009046	0.9749207264341309	0.728110599078341
32	0.4563892971385609	1.585530623725248	0.9855866243874315	0.7580645161290323
33	0.4565063153996187	1.2423141231256272	0.984433554338426	0.6935483870967742
34	0.4567235878535679	0.9561891914302603	0.9896223695589507	0.7027649769585254
35	0.4568492505285475	0.3766534688330892	0.996829057365235	0.7211981566820277
36	0.4566786289215088	0.2474741343021128	0.997693859901989	0.7211981566820277
37	0.45687989812148244	0.09614455023777262	1.0	0.7142857142857143
38	0.4568615571046487	0.04877713145379782	1.0	0.7142857142857143
39	0.4567274808883667	0.0339382106503429	1.0	0.7142857142857143
40	0.4565201561625411	0.01844494467707449	1.0	0.7119815668202765
41	0.4560931466874622	0.014238357307076179	1.0	0.7188940092165899
-1	-1	-1	-1	-1
0	0.5337693691253662	20.20771901979359	0.6488901700778322	0.7050691244239631
1	0.49451005458831787	21.67699673853883	0.5719227443067166	0.7327188940092166
2	0.4797823429107666	19.345504852609896	0.6684923609109253	0.7580645161290323
3	0.47402340173721313	18.323704146463935	0.7048140674545978	0.6290322580645161
4	0.46869945526123047	17.890202461032693	0.7174978379936581	0.7741935483870968
5	0.46750275293986004	17.18080864477595	0.738541366388008	0.7603686635944701
6	0.4664332185472761	17.04318164247985	0.7345056212164889	0.7626728110599078
7	0.4652968943119049	16.318774503305416	0.7584318247333526	0.7534562211981567
8	0.46495376692877877	16.427093396493053	0.7492072643413087	0.7396313364055299
9	0.46417665481567383	16.507763202037285	0.7535312770250793	0.7672811059907834
10	0.46255176717584784	15.913009591058854	0.762755837417123	0.7741935483870968
11	0.462327520052592	15.561309092635408	0.7763044104929374	0.7880184331797235
12	0.4617915887099046	14.911258474402471	0.7814932257134621	0.771889400921659
13	0.4611974443708147	14.421953345657489	0.7985010089362928	0.771889400921659
14	0.46105883916219076	13.746216242466497	0.8039780916690689	0.7603686635944701
15	0.4607567936182022	13.422527343854991	0.8123378495243586	0.7534562211981567
16	0.46007027345545154	12.661113052193178	0.8201210723551455	0.7880184331797235
17	0.4603351884418064	11.643551367138503	0.8431824733352551	0.7788018433179723
18	0.460402626740305	10.840323603481327	0.8550014413375613	0.7695852534562212
19	0.45960991382598876	10.341228594473742	0.8630729316805996	0.7741935483870968
20	0.4593664464496431	9.431815223956328	0.88209858748919	0.7580645161290323
21	0.4593577710064975	8.758532152263397	0.8818103199769386	0.7580645161290323
22	0.45926431987596594	8.18110301297739	0.8933410204669934	0.7419354838709677
23	0.45924346645673114	7.35254641191675	0.9077543960795619	0.7396313364055299
24	0.45961058616638184	6.49395382951159	0.9189968290573652	0.7396313364055299
25	0.45993237312023455	5.7462979784799275	0.9290861919861632	0.7465437788018433
26	0.45956472114280417	5.107868359723223	0.9351398097434419	0.7580645161290323
27	0.4597946916307722	4.304931278075647	0.9481118477947535	0.7511520737327189
28	0.45982055828489105	5.027492810143244	0.9403286249639665	0.7764976958525346
29	0.45980424880981446	3.2653878927914373	0.9622369558950706	0.7649769585253456
30	0.45947247935879615	2.6370701732438637	0.9691553761891035	0.7350230414746544
31	0.45921289175748825	2.7981750899498614	0.9688671086768521	0.7465437788018433
-1	-1	-1	-1	-1
0	0.534066915512085	20.713739815108273	0.6322766570605187	0.7027649769585254
1	0.49446141719818115	21.133302881083356	0.6017291066282421	0.6152073732718893
2	0.48216501871744794	19.836416629476286	0.6495677233429394	0.7073732718894009
3	0.47687697410583496	19.01843283592014	0.676657060518732	0.6981566820276498
4	0.47153024673461913	18.06831130631473	0.7066282420749279	0.6774193548387096
5	0.4699868361155192	18.073188449264666	0.7161383285302594	0.6152073732718893
6	0.46854567527770996	17.62943168955112	0.72507204610951	0.7119815668202765
7	0.46727895736694336	16.53014647632564	0.7507204610951008	0.7258064516129032
8	0.4649662176767985	16.4221224697358	0.7556195965417868	0.7142857142857143
9	0.4626930236816406	16.259250754610115	0.7582132564841498	0.7419354838709677
10	0.46143869920210406	15.58735820350297	0.7659942363112392	0.7511520737327189
11	0.46122445662816364	15.17708379850475	0.7778097982708934	0.7096774193548387
12	0.46131324768066406	14.62526589139886	0.7907780979827089	0.7350230414746544
13	0.4611987727028983	14.218332281900109	0.7965417867435158	0.7557603686635944
14	0.46140114466349286	13.881048639979932	0.8048991354466859	0.7304147465437788
15	0.46099144220352173	12.774796848997063	0.8216138328530259	0.7396313364055299
16	0.4601157553055707	12.804473855079861	0.8152737752161383	0.7304147465437788
17	0.45902400546603733	11.950702266955595	0.832564841498559	0.7488479262672811
18	0.45836687088012695	11.51234939995162	0.8389048991354466	0.7327188940092166
19	0.45756145715713503	10.526663229006147	0.8585014409221902	0.7488479262672811
20	0.45693959508623394	9.355828777365728	0.8798270893371758	0.7304147465437788
21	0.4560573859648271	8.569392140852202	0.8878962536023055	0.7511520737327189
22	0.4551448614700981	8.170951538129684	0.8910662824207493	0.7557603686635944
23	0.45463529229164124	7.173516808573259	0.907492795389049	0.7350230414746544
24	0.45446540832519533	6.7028168286752265	0.9155619596541786	0.7511520737327189
25	0.4538388985853929	5.649187477356797	0.9285302593659942	0.7396313364055299
26	0.4538625611199273	5.428937022839118	0.9328530259365995	0.7258064516129032
27	0.45357911927359446	4.73532702835328	0.9438040345821326	0.7465437788018433
28	0.4531404396583294	4.805247675388231	0.9417867435158501	0.7511520737327189
29	0.452917226155599	3.824587565496427	0.9527377521613832	0.7235023041474654
30	0.452530360990955	3.1210146428795036	0.9642651296829972	0.7327188940092166
31	0.4524490535259247	2.33208566869891	0.9720461095100864	0.7350230414746544
32	0.45235077540079754	2.38569023706224	0.9720461095100864	0.7373271889400922
33	0.4524916270199944	2.2961028872416653	0.9752161383285303	0.7211981566820277
-1	-1	-1	-1	-1
0	0.5285036563873291	21.550135848719044	0.6032843560933449	0.674364896073903
1	0.4846295118331909	22.376767499731223	0.5620858542206857	0.5866050808314087
2	0.4707809289296468	22.012914605096938	0.5491212906943244	0.5473441108545035
3	0.46397870779037476	21.40540426586746	0.592336502448862	0.5450346420323325
4	0.45839629173278806	21.52209186553955	0.5903197925669835	0.6304849884526559
5	0.4556824366251628	20.01117206713475	0.6571593200806684	0.7113163972286374
6	0.4536487374986921	18.655338497336853	0.7026793431287813	0.7251732101616628
7	0.4536069929599762	18.03172231814183	0.7124747911264765	0.7413394919168591
8	0.45306481255425346	17.404380010902337	0.7237107461826563	0.7598152424942263
9	0.4531884670257568	16.828763760557962	0.7389801210025929	0.74364896073903
10	0.4529847665266557	16.263360084743674	0.7600115240564679	0.7806004618937644
11	0.45233633120854694	15.921125805706058	0.7649092480553155	0.7621247113163973
12	0.45239074413593	15.4945383203139	0.7683664649956785	0.7113163972286374
13	0.45300241879054476	15.308574291544224	0.7741284932296169	0.7321016166281755
14	0.45329904556274414	14.835267574415294	0.7833477384039181	0.7020785219399538
15	0.45348916947841644	14.311361942816218	0.7870930567559781	0.7806004618937644
16	0.45368727515725527	13.938401112862683	0.7991933160472486	0.7806004618937644
17	0.453967809677124	13.116371356019187	0.8167675021607606	0.7621247113163973
18	0.45434436045194926	12.411132016313186	0.8265629501584558	0.7644341801385681
19	0.4544092893600464	11.705815739587907	0.8349178910976663	0.745958429561201
20	0.45394752139136907	11.047782014269348	0.8487467588591184	0.74364896073903
21	0.4543014331297441	10.563890850872074	0.8591184096802075	0.74364896073903
22	0.4545433624931004	9.24892437348672	0.8775569000288101	0.7505773672055427
23	0.454950491587321	8.945710370300013	0.8804379141457793	0.7528868360277137
24	0.4544503116607666	8.105364228607318	0.8957072889657159	0.7344110854503464
25	0.4542957085829515	7.315340446769644	0.9095361567271679	0.7228637413394919
26	0.4541078408559163	6.279067313999211	0.9242293287237108	0.7113163972286374
27	0.45402735471725464	6.0589473028795435	0.9253817343704984	0.7297921478060047
28	0.45369656332607927	4.976753742323009	0.9377700950734659	0.7297921478060047
29	0.45360029538472496	4.63107067729355	0.9435321233074042	0.7205542725173211
30	0.4532318038325156	4.302109046813545	0.9455488331892826	0.7090069284064665
-1	-1	-1	-1	-1
0	0.5308241844177246	20.077078968013097	0.6652261596081821	0.5935334872979214
1	0.48394906520843506	22.06336723992584	0.547104580812446	0.45265588914549654
2	0.4705103238423665	22.175541764005608	0.5416306539902046	0.628175519630485
3	0.4623422622680664	20.519709910821476	0.6174013252664938	0.7066974595842956
4	0.4591079235076904	19.315666706190196	0.668971477960242	0.5935334872979214
5	0.4567715326944987	18.749126688056037	0.696917314894843	0.6905311778290993
6	0.4552035331726074	18.462127011850338	0.6928838951310862	0.7274826789838337
7	0.4536159336566925	17.355455757281103	0.7401325266493806	0.7413394919168591
8	0.4529377619425456	16.510304044146057	0.7542494958225295	0.7297921478060047
9	0.4520327806472778	16.181630860774888	0.77009507346586	0.7321016166281755
10	0.45057838613336737	15.755291300082426	0.7651973494670123	0.7205542725173211
11	0.4499058922131856	15.489285766531568	0.7721117833477384	0.7644341801385681
12	0.4491232175093431	15.124818618144465	0.7784500144050706	0.7505773672055427
13	0.4486354078565325	14.587895030275398	0.791126476519735	0.7644341801385681
14	0.4492353916168213	14.1799873387048	0.7937193892250072	0.7251732101616628
15	0.45034579932689667	12.811705698660754	0.8182080092192452	0.7598152424942263
16	0.45108730652753043	12.085305091437943	0.8331892826274849	0.7482678983833718
17	0.4516930845048692	11.972395809418565	0.8389513108614233	0.7367205542725174
18	0.45205140113830566	10.813079033422907	0.8475943532123308	0.7321016166281755
19	0.4527172327041626	10.501920159803618	0.8617113223854796	0.7413394919168591
20	0.4532202538989839	9.134567000450344	0.8830308268510516	0.745958429561201
21	0.4534587643363259	8.185400647854586	0.8945548833189283	0.7367205542725174
22	0.4537343875221584	8.133550565177147	0.8977239988475944	0.7390300230946882
23	0.45385711391766864	6.827303882038922	0.9109766637856526	0.7505773672055427
24	0.4544386863708496	6.439111044647497	0.916162489196197	0.7136258660508084
25	0.45451363233419567	5.332821587903784	0.9348890809564967	0.7367205542725174
26	0.45471567577785915	5.013281527462356	0.9409392106021319	0.7390300230946882
27	0.4550642541476658	3.8163011043990425	0.9533275713050994	0.7344110854503464
28	0.45500098425766516	4.100420057500174	0.9481417458945549	0.7182448036951501
29	0.45500115553538006	3.1261727230264507	0.9605301065975224	0.7159353348729792
30	0.4550789863832535	3.0598112158819077	0.9645635263612792	0.7182448036951501
31	0.4552674740552902	2.678851379167049	0.9660040334197637	0.7251732101616628
-1	-1	-1	-1	-1
0	0.5423128604888916	19.645562198183953	0.670028818443804	0.6420323325635104
1	0.4975789785385132	21.650332940827816	0.6028818443804035	0.6466512702078522
2	0.48344119389851886	19.076760239557387	0.6994236311239193	0.5427251732101617
3	0.47808021306991577	18.432815350523782	0.6965417867435159	0.6558891454965358
4	0.4710207462310791	17.843577262458453	0.714985590778098	0.6859122401847575
5	0.4678804079691569	17.044172890689396	0.7438040345821325	0.7159353348729792
6	0.4661918027060373	16.15455005365774	0.7602305475504323	0.7297921478060047
7	0.46448689699172974	16.28008032282558	0.7521613832853026	0.745958429561201
8	0.46417803234524196	15.521294309458602	0.7706051873198847	0.7090069284064665
9	0.4633499622344971	15.85859610181336	0.768299711815562	0.7251732101616628
10	0.4631876728751443	15.013959298440076	0.7887608069164265	0.6974595842956121
11	0.46213700373967487	14.36164443864735	0.7971181556195965	0.7251732101616628
12	0.46139232928936297	13.80125716848111	0.801729106628242	0.7182448036951501
13	0.4611203670501709	12.817780022227437	0.8236311239193084	0.7113163972286374
14	0.4608111540476481	12.55730422921137	0.8244956772334294	0.74364896073903
15	0.46134813129901886	11.445183163389153	0.8414985590778098	0.6928406466512702
16	0.4606885489295511	10.492207500912727	0.8625360230547551	0.7274826789838337
17	0.4611901574664646	10.176271143309567	0.8662824207492795	0.7043879907621247
18	0.46113607757969904	9.508644331485852	0.8795389048991354	0.7390300230946882
19	0.461133873462677	8.138205778708151	0.8988472622478386	0.7136258660508084
20	0.46057631855919245	7.556852820269558	0.9002881844380404	0.6859122401847575
21	0.4601457660848444	6.73186442830147	0.9112391930835735	0.7321016166281755
22	0.4597013411314591	5.945569131899317	0.9230547550432276	0.7090069284064665
23	0.45978809396425885	5.192485158323148	0.9391930835734871	0.7205542725173211
24	0.4602713203430176	4.9714091535008285	0.9394812680115274	0.7136258660508084
25	0.4594884193860568	3.889383260810047	0.9518731988472623	0.7182448036951501
26	0.4590416572712086	3.3818730467229807	0.9570605187319885	0.6928406466512702
27	0.4586044464792524	3.1977642298154874	0.9619596541786744	0.7113163972286374
28	0.45825305478326206	2.307899070989101	0.9746397694524496	0.6812933025404158
29	0.4581177790959676	1.3457977792606988	0.985014409221902	0.6882217090069284
-1	-1	-1	-1	-1
0	0.5435409545898438	21.24649431946081	0.6226578264629576	0.6912442396313364
1	0.49103009700775146	21.814341177634144	0.5609685788411646	0.5875576036866359
2	0.47606341044108075	21.112588475603577	0.6019025655808591	0.6428571428571429
3	0.4669800400733948	19.81085766783548	0.658114730469876	0.7119815668202765
4	0.4644115924835205	18.853502807267216	0.6756990487172095	0.7235023041474654
5	0.46137555440266925	18.33156099231965	0.6976073796483137	0.7258064516129032
6	0.459705080304827	17.856401705960614	0.7203805131161718	0.7119815668202765
7	0.4588760435581207	17.5995002230373	0.7278754684347074	0.7396313364055299
8	0.4582379129197862	16.73518885166273	0.7469011242432978	0.7235023041474654
9	0.45747942924499513	16.045446562110833	0.7630441049293745	0.6774193548387096
10	0.4566290161826394	15.99700195854957	0.7641971749783799	0.7350230414746544
11	0.4556106726328532	15.215323045713092	0.7702507927356587	0.7419354838709677
12	0.4544665446648231	14.24426229284444	0.7910060536177573	0.7511520737327189
13	0.45404837812696186	13.914498241669541	0.7941769962525224	0.7511520737327189
14	0.4536316235860189	12.878921990000874	0.8172383972326319	0.7211981566820277
15	0.45308326184749603	12.851441273995496	0.8186797347938888	0.7096774193548387
16	0.45305657386779785	11.557294526231399	0.8362640530412222	0.7419354838709677
17	0.45308807161119247	11.543878358438475	0.8391467281637359	0.7188940092165899
18	0.45256618449562475	10.764283521459737	0.8492360910925338	0.7211981566820277
19	0.4527074933052063	9.478447658206345	0.8746036321706544	0.7350230414746544
20	0.452158632732573	9.277361786693607	0.8705678869991352	0.7211981566820277
21	0.4523574547334151	8.138738993111007	0.8895935428077256	0.7373271889400922
22	0.45242222495701	6.858021863009951	0.907177861055059	0.7096774193548387
23	0.4526831607023875	6.72400738886737	0.9126549437878351	0.7211981566820277
24	0.4528950786590576	6.278833611569273	0.9172672239838571	0.7050691244239631
25	0.4528116721373338	5.158792612749502	0.93052752954742	0.716589861751152
26	0.4532313170256438	5.239634595332889	0.927356586912655	0.7188940092165899
27	0.45280310085841585	3.5273124512729295	0.9564716056500432	0.7073732718894009
28	0.4525298496772503	3.461017284644853	0.957048140674546	0.7119815668202765
29	0.45231830279032387	2.5663611769949624	0.9685788411646008	0.716589861751152
30	0.45215905097223097	2.705286096610607	0.9656961660420871	0.7004608294930875
31	0.45206309109926224	2.0089257798166176	0.973479388872874	0.7050691244239631
32	0.4519744136116721	1.4040818646242585	0.9818391467281637	0.7142857142857143
-1	-1	-1	-1	-1
0	0.548335075378418	20.66984508671892	0.6388008071490343	0.5460829493087558
1	0.5060279369354248	20.407625176490992	0.6318823868550014	0.7096774193548387
2	0.4968627293904622	21.610821566450486	0.56212164889017	0.6082949308755761
3	0.4894410967826843	20.82533802242454	0.6166042087056789	0.6866359447004609
4	0.48327932357788084	18.921891824914773	0.6785817238397233	0.6705069124423964
5	0.4790668487548828	18.28463085419541	0.712020755260882	0.6658986175115207
6	0.4769509860447475	17.79191497050294	0.7195157105794177	0.6658986175115207
7	0.4755449593067169	17.148915317080437	0.7379648313635053	0.7073732718894009
8	0.4742509259117974	16.450989075756947	0.7480541942923032	0.7235023041474654
9	0.4709354877471924	16.247175955991132	0.7598731622946094	0.6866359447004609
10	0.4690071236003529	15.777148264263747	0.7662150475641395	0.7096774193548387
11	0.4683934251467387	15.273331650900184	0.775151340443932	0.7050691244239631
12	0.4672812498532809	14.32845868976838	0.7907177861055059	0.7142857142857143
13	0.46930296080453054	13.839712746646427	0.807149034303834	0.6935483870967742
14	0.4677264372507731	13.15372843698624	0.8100317094263476	0.716589861751152
15	0.4659233093261719	12.589774424876643	0.8255981550879216	0.7119815668202765
16	0.46482083376716166	12.037488943939909	0.8307869703084463	0.7027649769585254
17	0.4639259974161784	10.641160660927449	0.8613433266070913	0.7027649769585254
18	0.4633213093406276	10.776200386362339	0.8575958489478236	0.6797235023041475
19	0.46264469623565674	9.460123017293597	0.8818103199769386	0.6751152073732719
20	0.46247176896958125	8.96281517098803	0.8806572499279332	0.684331797235023
21	0.46168847517533734	8.005468924111183	0.900835975785529	0.6774193548387096
22	0.4609925539597221	7.2467194172220495	0.9112136062265782	0.7004608294930875
23	0.46026214957237244	6.392134173747596	0.9178437590083598	0.7142857142857143
24	0.45966277122497556	5.5757741031296755	0.9377342173537042	0.7096774193548387
25	0.4591756325501662	5.633211341472941	0.9316805995964255	0.6981566820276498
26	0.4585693942175971	4.827192121142641	0.9417699625252234	0.7027649769585254
27	0.45807517426354544	3.9552169286329812	0.9533006630152782	0.6912442396313364
28	0.45794253513730804	3.7751244946357305	0.960219083309311	0.6981566820276498
29	0.4575638294219971	2.512780134831	0.9711732487748631	0.6866359447004609
-1	-1	-1	-1	-1
0	0.5582928657531738	22.130429880334695	0.5825886422600173	0.6451612903225806
1	0.5029616355895996	21.747198288593818	0.5730758143557221	0.4216589861751152
2	0.4833240509033203	21.796866233195733	0.5554914961083885	0.6428571428571429
3	0.4725377559661865	21.912692061258017	0.5526088209858749	0.5783410138248848
4	0.4659563064575195	21.703500887669556	0.5523205534736235	0.5783410138248848
5	0.4607216517130534	21.680039160842195	0.567598731622946	0.5783410138248848
6	0.45737593514578684	21.554271706747354	0.5750936869414817	0.6751152073732719
7	0.4548228681087494	20.23948179035012	0.6333237244162583	0.6797235023041475
8	0.45329827732510036	19.6147945955259	0.6543672528106083	0.6705069124423964
9	0.4522253513336182	18.726117632804662	0.6892476217930239	0.7004608294930875
10	0.4529179443012584	18.703872930019273	0.682329201498991	0.7027649769585254
11	0.4526306788126628	18.5288070451229	0.6904006918420295	0.7073732718894009
12	0.4524273688976581	17.431152085645483	0.7241279907754397	0.6912442396313364
13	0.4525168112346104	17.433519415899156	0.7232631882386855	0.7188940092165899
14	0.45299530029296875	17.083767877806217	0.7422888440472759	0.7373271889400922
15	0.4528731405735016	16.16529284485983	0.7598731622946094	0.6889400921658986
16	0.45244724610272574	15.911699483154017	0.7716921302969155	0.7119815668202765
17	0.45280102888743085	15.367271812683946	0.7757278754684347	0.7142857142857143
18	0.45288003118414627	14.18219608341882	0.7889881810319977	0.7188940092165899
19	0.4524602651596069	13.52490591784136	0.8100317094263476	0.7096774193548387
20	0.45213338306971956	12.983529830197675	0.8140674545978668	0.7373271889400922
21	0.45275642655112525	12.043328118980478	0.8284808302104353	0.7534562211981567
22	0.45244455337524414	10.896489523966379	0.8550014413375613	0.6935483870967742
23	0.45186905066172284	10.33111324004077	0.8593254540213318	0.7119815668202765
24	0.4516226863861084	9.210635211489617	0.8780628423176708	0.695852534562212
25	0.45181234983297497	8.585316758637035	0.887575670221966	0.684331797235023
26	0.4518127618012605	8.065664946486097	0.8973767656385125	0.7188940092165899
27	0.45156311988830566	6.805365026543994	0.9164024214471029	0.6981566820276498
28	0.45147489679270775	5.574510413025497	0.9339867396944365	0.7211981566820277
29	0.4512336254119873	4.9872970843533855	0.9380224848659556	0.7211981566820277
30	0.4510209637303506	5.249822094899799	0.9345632747189392	0.7119815668202765
31	0.4509356692433357	3.445030773451569	0.9613721533583165	0.7119815668202765
32	0.45092605822014087	3.1264143114516494	0.9645430959930816	0.7211981566820277
33	0.45085804602679086	3.885724149165897	0.9538771980397809	0.7119815668202765
34	0.4507668563297817	2.3309688939960727	0.9717497837993658	0.7211981566820277
35	0.4508488045798408	1.9376693166313914	0.9760737964831363	0.684331797235023
36	0.4506983692581589	1.893434596837524	0.9829922167771692	0.7304147465437788
37	0.45084884919618307	1.1329466163975384	0.9910637071202075	0.6935483870967742
38	0.45088986250070423	2.225476493648843	0.9783799365811473	0.7235023041474654
39	0.45112994909286497	1.0625014705668896	0.9910637071202075	0.7188940092165899
40	0.4512900259436631	0.6730844033566953	0.9927933121937158	0.7258064516129032
41	0.45141281968071345	0.6044439101386645	0.9950994522917267	0.7050691244239631
-1	-1	-1	-1	-1
0	0.597243070602417	20.591117018953376	0.6437013548573076	0.6566820276497696
1	0.5270768404006958	22.568183347719525	0.5436725281060825	0.5046082949308756
2	0.5047366619110107	21.91743696720228	0.5465552032285962	0.5046082949308756
3	0.4905182123184204	20.55203826711812	0.6344767944652637	0.5207373271889401
4	0.48180360794067384	20.183006737210334	0.6428365523205535	0.6359447004608295
5	0.47506805260976154	18.693086204178837	0.6886710867685212	0.7004608294930875
6	0.4722768919808524	17.851459603790843	0.7128855577976362	0.728110599078341
7	0.4675533175468445	17.915504967400786	0.7108676852118766	0.7004608294930875
8	0.46425501505533856	17.78418095614932	0.7042375324300951	0.7465437788018433
9	0.462773060798645	17.67004411154931	0.7172095704814068	0.7258064516129032
10	0.4626730355349454	17.285642142689557	0.7368117613144999	0.7695852534562212
11	0.4628474513689677	16.675789483096622	0.7391179014125108	0.7603686635944701
12	0.4625806991870587	15.989260052322248	0.7598731622946094	0.7419354838709677
13	0.46227950709206717	15.745838646495015	0.7590083597578553	0.7603686635944701
14	0.4622910499572754	15.337085216417226	0.7653502450273855	0.7396313364055299
15	0.4623383432626724	14.737169733834923	0.7843759008359757	0.7672811059907834
16	0.46237146153169517	14.155412621454362	0.7950417987892765	0.7488479262672811
17	0.46203235785166424	13.511768898832688	0.8042663591813203	0.7304147465437788
18	0.4619641429499576	12.621670128008642	0.820409339867397	0.7327188940092166
19	0.46121901273727417	12.151430584968777	0.8270394926491784	0.7258064516129032
20	0.46050007002694265	11.395866306549912	0.8394349956759873	0.7327188940092166
21	0.45958828926086426	10.762252339529335	0.8503891611415394	0.6543778801843319
22	0.45964357127314026	9.659803668293383	0.8656673392908619	0.7396313364055299
23	0.45961447556813556	8.912852862559328	0.8783511098299221	0.7465437788018433
24	0.4598302173614502	7.4963727784813	0.8962236955895071	0.7327188940092166
25	0.45992280886723447	6.325832038844397	0.9126549437878351	0.7350230414746544
26	0.4595797061920166	6.689152537135903	0.9120784087633323	0.728110599078341
27	0.45918895517076763	5.305462323197531	0.9319688671086769	0.7373271889400922
28	0.45895449046430914	4.75291364578479	0.9391755549149611	0.7027649769585254
29	0.4585659901301066	4.468045206791764	0.9409051599884694	0.7373271889400922
30	0.45812190732648295	3.470055792583238	0.9561833381377919	0.7142857142857143
-1	-1	-1	-1	-1
0	0.5303568840026855	20.48207068662031	0.6503315076390891	0.6589861751152074
1	0.486919641494751	20.78705731663135	0.6125684635341597	0.6705069124423964
2	0.47486503918965656	20.046879230289285	0.6480253675410781	0.6428571428571429
3	0.46835362911224365	18.57923082474175	0.7007783222830787	0.7258064516129032
4	0.46357312202453616	18.028165716643727	0.7068319400403574	0.6244239631336406
5	0.4612628221511841	17.3264153200552	0.7290285384837129	0.7534562211981567
6	0.45925423077174593	17.197142767249993	0.7324877486307293	0.6658986175115207
7	0.4568517506122589	16.42409875414787	0.7558374171230903	0.7188940092165899
8	0.45544690555996364	16.53184163898503	0.7567022196598443	0.7373271889400922
9	0.4545318365097046	16.09446844048456	0.761891034880369	0.7188940092165899
10	0.45468577471646393	15.574603037002984	0.7734217353704238	0.7073732718894009
11	0.45375849803288776	15.079118098687688	0.7812049582012107	0.7304147465437788
12	0.45320430168738735	14.95864242151243	0.7763044104929374	0.7119815668202765
13	0.45314557211739676	14.276244789088539	0.7863937734217353	0.7373271889400922
14	0.4520459810892741	13.603191926938678	0.8036898241568176	0.7419354838709677
15	0.45117896795272827	12.832946160517702	0.8160853271836264	0.7465437788018433
16	0.4504251339856316	12.109552064073196	0.8330931104064572	0.7580645161290323
17	0.4499211178885566	11.166433793689134	0.8472182185067743	0.7396313364055299
18	0.44951023553547104	10.593538995182842	0.8567310464110695	0.7488479262672811
19	0.449479866027832	9.572741954698476	0.8748918996829057	0.7557603686635944
20	0.44889280909583684	8.824440883933951	0.8846929950994523	0.7350230414746544
21	0.4487625143744729	7.848712640071134	0.8962236955895071	0.7442396313364056
22	0.44823555324388586	7.0988852868386365	0.9106370712020755	0.7396313364055299
23	0.4478013018767039	7.544932066847425	0.9031421158835399	0.7557603686635944
24	0.44743799209594726	6.028074286399631	0.9253387143268954	0.7534562211981567
25	0.4474518849299504	5.431066967478586	0.9287979244739117	0.7396313364055299
26	0.4477132338064688	4.972857500981847	0.9365811473046988	0.7442396313364056
27	0.4479373097419739	4.248009348681213	0.9455174401844912	0.7488479262672811
28	0.4476074843571104	3.6610294137525994	0.9556068031132892	0.7465437788018433
29	0.44733609358469645	3.0236335752207206	0.962525223407322	0.7373271889400922
30	0.4474286340898083	2.5899004049325756	0.9705967137503604	0.7442396313364056
31	0.44745346158742905	2.9564310235372924	0.9677140386278467	0.7511520737327189
32	0.44735552325393213	2.3888891239505297	0.9677140386278467	0.7235023041474654
33	0.44747062290416045	1.5195081903163445	0.9806860766791583	0.7211981566820277
34	0.4474210602896554	1.8145043669191592	0.9815508792159123	0.7511520737327189
35	0.44787625471750897	1.9652259007027937	0.9772268665321419	0.716589861751152
36	0.44782233238220215	0.8836134153358434	0.9899106370712021	0.7419354838709677
-1	-1	-1	-1	-1
0	0.5931863784790039	20.92285949812023	0.6264053041222254	0.6981566820276498
1	0.5171743631362915	21.190231957566848	0.5972902853848371	0.6751152073732719
2	0.49352002143859863	20.373560708597164	0.6269818391467281	0.5852534562211982
3	0.4806825518608093	18.981553523912343	0.6742577111559527	0.7142857142857143
4	0.47477970123291013	17.96603904514138	0.7186509080426636	0.7027649769585254
5	0.46924126148223877	17.606753064951764	0.7198039780916691	0.6889400921658986
6	0.46674203872680664	17.28047560770577	0.7258575958489478	0.7142857142857143
7	0.4642146825790405	16.999763160670568	0.7345056212164889	0.6658986175115207
8	0.4632760418785943	16.74065970499581	0.756413952147593	0.7304147465437788
9	0.46211018562316897	16.22592553742435	0.7716921302969155	0.7258064516129032
10	0.4606394117528742	15.960781351141973	0.7558374171230903	0.7419354838709677
11	0.4604594111442566	15.338858188839133	0.7682329201498991	0.7235023041474654
12	0.46167375491215634	14.798352241516113	0.7826462957624676	0.7557603686635944
13	0.4604725497109549	14.07187641432526	0.789276448544249	0.728110599078341
14	0.45967270533243815	13.378722987043748	0.8042663591813203	0.7258064516129032
15	0.45883189141750336	12.603177481835042	0.8255981550879216	0.7304147465437788
16	0.45875880297492533	11.986862130121354	0.8316517728452003	0.7442396313364056
17	0.45789167616102433	11.050771783251282	0.850100893629288	0.7327188940092166
18	0.4577817540419729	10.135329782415967	0.8630729316805996	0.716589861751152
19	0.45668349266052244	10.071266883010164	0.8665321418276161	0.7442396313364056
20	0.4556645211719331	8.907096342209282	0.8806572499279332	0.7304147465437788
21	0.45514280145818536	7.705470596978424	0.9025655808590372	0.7327188940092166
22	0.45516362397567084	7.0518267482792565	0.9097722686653215	0.7211981566820277
23	0.4551764329274495	6.304584159763581	0.9164024214471029	0.7211981566820277
24	0.4547531509399414	5.519398295004433	0.9374459498414529	0.7235023041474654
25	0.45424954707805926	5.827071067390092	0.927356586912655	0.7004608294930875
26	0.4533255806675664	3.7742194516943135	0.957048140674546	0.7050691244239631
27	0.45279386213847567	3.4585283994674683	0.9593542807725569	0.7119815668202765
28	0.4524221584714692	2.789565059159874	0.9688671086768521	0.6981566820276498
29	0.4522129774093628	2.9746249394679287	0.9648313635053329	0.716589861751152
30	0.4520700131693194	1.8439481175684054	0.9809743441914096	0.7119815668202765
31	0.4518473222851753	1.6422345379897214	0.9792447391179014	0.6889400921658986
32	0.45152513186136883	1.5226850356530706	0.9838570193139233	0.6797235023041475
-1	-1	-1	-1	-1
0	0.5255875587463379	20.333485463343628	0.6518731988472622	0.6797235023041475
1	0.4844468832015991	20.65134471053377	0.6123919308357348	0.6866359447004609
2	0.4745977719624837	20.110682426242654	0.6432276657060518	0.6797235023041475
3	0.46706146001815796	18.740580331294908	0.6971181556195966	0.7142857142857143
4	0.46204700469970705	18.062834765932976	0.7057636887608069	0.716589861751152
5	0.46070130666097003	17.80772171545466	0.7106628242074928	0.7188940092165899
6	0.45867868832179476	17.496849961237075	0.7213256484149856	0.7396313364055299
7	0.4583359658718109	16.578926449521965	0.7492795389048992	0.7396313364055299
8	0.45941514439053005	16.55802600318139	0.7527377521613833	0.7580645161290323
9	0.45793700218200684	15.789578380934689	0.7648414985590778	0.695852534562212
10	0.45677564360878686	15.41444560584672	0.7789625360230548	0.7188940092165899
11	0.455979843934377	15.343994009385415	0.7801152737752162	0.7235023041474654
12	0.45519278599665713	15.276616358975751	0.7795389048991355	0.7695852534562212
13	0.4538884844098772	14.430022038451028	0.7910662824207493	0.7511520737327189
14	0.4529353300730387	13.346780943214346	0.8141210374639769	0.7603686635944701
15	0.4526352882385254	13.082607973606214	0.8187319884726225	0.7419354838709677
16	0.4537426303414738	12.401211567974965	0.8273775216138328	0.7511520737327189
17	0.4530252483155992	11.515843233930955	0.8435158501440922	0.7350230414746544
18	0.4529956014532792	10.442377856018346	0.8590778097982709	0.7488479262672811
19	0.45287351608276366	9.411710752259701	0.8749279538904899	0.7465437788018433
20	0.45243690127418157	8.794479949758687	0.8884726224783862	0.7626728110599078
21	0.45177180116826837	7.729726295952403	0.8988472622478386	0.7626728110599078
22	0.45169165860051697	6.788930171126619	0.9135446685878963	0.7534562211981567
23	0.45158204436302185	6.0176263085199055	0.9259365994236312	0.7488479262672811
24	0.45179046630859376	5.077749915079239	0.938328530259366	0.7741935483870968
25	0.4520342625104464	4.610787863578271	0.945821325648415	0.7534562211981567
26	0.45198127075477884	3.445516778925143	0.9599423631123919	0.728110599078341
27	0.4519982933998108	3.3293998929748843	0.9596541786743515	0.7188940092165899
28	0.4521123705239132	3.2605772919337683	0.9619596541786744	0.728110599078341
29	0.4522263447443644	2.3823662236879724	0.9749279538904899	0.7304147465437788
30	0.4523372111781951	2.0391742384761846	0.9740634005763689	0.7419354838709677
31	0.45226142555475235	1.0399334007583627	0.9896253602305476	0.7027649769585254
32	0.45240039536447235	0.8743050587833474	0.9899135446685879	0.7027649769585254
33	0.45249222306644216	2.019063017313975	0.9789625360230547	0.7511520737327189
34	0.45279113224574496	1.4238372171861589	0.9861671469740634	0.7304147465437788
35	0.45311911238564384	1.4021538382549898	0.9855907780979827	0.7188940092165899
36	0.4532302779120368	1.0838371012701626	0.9881844380403458	0.7235023041474654
37	0.4533485425146003	0.31677117078231837	0.9974063400576368	0.7211981566820277
38	0.453194722151145	0.147184109397381	0.9988472622478386	0.7373271889400922
39	0.45316836833953855	0.05165377703995696	0.9997118155619596	0.7304147465437788
40	0.4531007685312411	0.03510658253879295	0.9997118155619596	0.728110599078341
41	0.45288433347429546	0.01850115970365058	1.0	0.728110599078341
42	0.4531759439512741	0.013767156866487554	1.0	0.7327188940092166
43	0.4530280991034074	0.009250827669339583	1.0	0.7327188940092166
44	0.4528873496585422	0.007178738921630536	1.0	0.7327188940092166
-1	-1	-1	-1	-1
0	0.5864660739898682	21.967677711346827	0.5908959953903774	0.5658198614318707
1	0.5136356353759766	21.998675416368958	0.5600691443388073	0.5219399538106235
2	0.4901408354441325	21.586355209350586	0.5733218092768655	0.5842956120092379
3	0.48010188341140747	20.57109116633004	0.6125036012676462	0.5866050808314087
4	0.47405214309692384	19.669709240624663	0.6611927398444253	0.581986143187067
5	0.4686034520467122	18.98109796506549	0.6732929991356957	0.6443418013856813
6	0.4642754282270159	18.285249771328147	0.6977816191299338	0.6374133949191686
7	0.46129143238067627	17.858893376971604	0.7237107461826563	0.6766743648960739
8	0.46076732211642796	17.55814410130912	0.7280322673581101	0.6928406466512702
9	0.4593364238739014	16.746020653925903	0.7467588591184097	0.6812933025404158
10	0.45835438641634857	16.068278750148387	0.7637568424085278	0.6558891454965358
11	0.4575873017311096	15.704726394163359	0.7640449438202247	0.7090069284064665
12	0.4569649879749005	14.731366826853622	0.7931431864016134	0.6974595842956121
13	0.45573154517582487	14.697215316492484	0.7862287525208873	0.7159353348729792
14	0.454793119430542	13.506733697488768	0.8089887640449438	0.7136258660508084
15	0.4553714990615845	13.054587036097816	0.8161912993373668	0.7043879907621247
16	0.4550114940194523	12.188832978589819	0.8334773840391818	0.6836027713625866
17	0.45448316468132866	11.644000000909928	0.8487467588591184	0.7159353348729792
18	0.4544879260816072	10.931530740282952	0.8559492941515413	0.7274826789838337
19	0.4545300960540771	9.652835990310809	0.8697781619129934	0.7344110854503464
20	0.4545639128912063	8.478124406359612	0.8928262748487468	0.7136258660508084
21	0.4540936296636408	8.369494228188051	0.8890809564966868	0.7182448036951501
22	0.4538436350615128	6.82399248311279	0.9132814750792279	0.7113163972286374
23	0.45354639490445453	6.309606309330792	0.9207721117833477	0.7205542725173211
24	0.4531433582305908	5.886427073577129	0.9282627484874676	0.7274826789838337
25	0.4528826108345619	4.809414655790416	0.9386343993085566	0.7182448036951501
26	0.4527248983029966	5.494849762238494	0.9360414866032843	0.6974595842956121
27	0.45259012494768414	3.677721575586074	0.958225295303947	0.7090069284064665
28	0.4527432507482068	2.275382256015725	0.9749351771823682	0.7159353348729792
29	0.45297143459320066	2.855651476241033	0.9668683376548545	0.7066974595842956
30	0.45293662624974407	2.743483231701982	0.9700374531835206	0.7182448036951501
31	0.45304854959249496	1.837034933234847	0.9792566983578219	0.7136258660508084
32	0.4530867302056515	1.460723055065225	0.9870354364736387	0.6789838337182448
33	0.45287057231454286	2.0171502990596886	0.9766637856525497	0.7274826789838337
34	0.45272908891950336	1.660288040380959	0.982713915298185	0.7159353348729792
35	0.4524116449885898	0.5723768649110144	0.9942379717660617	0.7228637413394919
36	0.45219597945342194	0.5316055272705853	0.9953903774128493	0.7251732101616628
37	0.4519452044838353	0.161030262570888	0.9991356957649092	0.7321016166281755
38	0.4517137637505165	0.5906395992515673	0.9933736675309709	0.6812933025404158
39	0.4513925790786743	2.064948804625267	0.9769518870642466	0.7182448036951501
-1	-1	-1	-1	-1
0	0.538809061050415	22.522795624689223	0.5906078939786805	0.7066974595842956
1	0.49002814292907715	22.09757699004007	0.5465283779890522	0.5727482678983834
2	0.4715663592020671	22.018723260372056	0.5315471045808124	0.5727482678983834
3	0.46488845348358154	20.97031397338307	0.6024200518582541	0.7113163972286374
4	0.45899453163146975	19.491507827688796	0.6704119850187266	0.6443418013856813
5	0.4551883538564046	19.31933597249722	0.6784788245462403	0.7367205542725174
6	0.4553890568869455	18.23795922743071	0.7064246614808413	0.7644341801385681
7	0.4546656310558319	18.01023489400881	0.7116104868913857	0.7551963048498845
8	0.45541045400831437	17.410993160457785	0.7300489772399885	0.76905311778291
9	0.45356595516204834	17.16884179071549	0.742437337942956	0.766743648960739
10	0.4525412646206943	16.898718020237915	0.7450302506482281	0.6928406466512702
11	0.452892005443573	16.855506293270565	0.7507922788821665	0.7644341801385681
12	0.4531501623300406	16.208185887118	0.7542494958225295	0.7482678983833718
13	0.4526482820510864	15.571103131005524	0.7738403918179199	0.7413394919168591
14	0.4522160371144613	14.671217017217513	0.7845001440507059	0.7759815242494227
15	0.45206913352012634	14.120695560350331	0.798040910400461	0.7598152424942263
16	0.4515554624445298	13.36946725845337	0.8210890233362144	0.7644341801385681
17	0.45090487268235946	12.716631040660614	0.8233938346297897	0.7413394919168591
18	0.4502408504486084	12.115034965200161	0.8398156150965139	0.74364896073903
19	0.44972341060638427	11.080339311459742	0.8481705560357246	0.7274826789838337
20	0.4493247554415748	10.241392769944778	0.8625756266205704	0.7066974595842956
21	0.4489774053747004	9.589678409996383	0.870930567559781	0.7066974595842956
22	0.4486945504727571	8.966940595469344	0.8801498127340824	0.7367205542725174
23	0.44837860266367596	8.373621721880152	0.88879285508499	0.7321016166281755
24	0.44833741188049314	6.768291274341968	0.9170267934312878	0.7205542725173211
25	0.4482146226442777	5.794034067643892	0.9262460386055892	0.7228637413394919
26	0.44785404205322266	5.3097206933782735	0.9294151541342552	0.7205542725173211
27	0.447660607951028	5.293146928516003	0.9363295880149812	0.7159353348729792
28	0.4474228086142704	4.430076306566186	0.9458369346009795	0.7159353348729792
29	0.4470371643702189	4.003249885565644	0.9521751656583117	0.7344110854503464
30	0.44680709223593434	3.7621913738206985	0.954768078363584	0.7367205542725174
31	0.4466587230563164	3.2321067880326453	0.9631230193027945	0.7090069284064665
32	0.4464952728965066	1.6854166007096614	0.9786804955344282	0.7251732101616628
33	0.44627542355481314	1.6246834633393434	0.9830020167098819	0.7344110854503464
34	0.44614955357142855	1.7793052730005268	0.9806972054163066	0.7159353348729792
-1	-1	-1	-1	-1
0	0.6020104885101318	20.958053028911625	0.6371757925072046	0.6882217090069284
1	0.5228681564331055	20.219167525615166	0.6507204610951008	0.674364896073903
2	0.49739885330200195	19.80961958858945	0.6550432276657061	0.648960739030023
3	0.4846811890602112	18.116472484868602	0.7146974063400576	0.674364896073903
4	0.4762509822845459	17.48714719999821	0.7204610951008645	0.6882217090069284
5	0.47104573249816895	16.98110209473776	0.7400576368876081	0.6882217090069284
6	0.46722824232918875	16.62890611001111	0.7481268011527378	0.7020785219399538
7	0.46417102217674255	16.587896714516734	0.7610951008645533	0.6997690531177829
8	0.4623010953267415	15.745247687768499	0.7729106628242075	0.7043879907621247
9	0.46198604106903074	15.284115087001696	0.7752161383285303	0.7251732101616628
10	0.4618089199066162	15.344879491613545	0.7711815561959654	0.6605080831408776
11	0.4615289767583211	14.70615673940116	0.7968299711815562	0.6789838337182448
12	0.46175918212303746	14.303207384336979	0.792507204610951	0.7090069284064665
13	0.46141460963657926	13.9349922958864	0.8043227665706052	0.7090069284064665
14	0.46084319750467934	12.970920274017054	0.815850144092219	0.7136258660508084
15	0.46045300364494324	12.185239708751713	0.8273775216138328	0.7274826789838337
16	0.4593425778781666	11.153877358917796	0.8495677233429395	0.7251732101616628
17	0.4585578971438938	10.562098032837614	0.8507204610951009	0.7321016166281755
18	0.45826654685171025	10.349684844323255	0.860806916426513	0.6882217090069284
19	0.4576902151107788	9.061695225741886	0.8792507204610951	0.7228637413394919
20	0.45685897554670063	7.860771666973009	0.8968299711815562	0.7066974595842956
21	0.45627766305750067	7.305500240500914	0.9069164265129683	0.7274826789838337
22	0.45562994998434314	6.826174038265823	0.9132564841498559	0.6928406466512702
23	0.45521804690361023	5.624698823745097	0.9322766570605188	0.7182448036951501
24	0.45521528244018555	5.397023058812553	0.930835734870317	0.7066974595842956
25	0.4552404972223135	4.640190671616738	0.946685878962536	0.6882217090069284
26	0.45531749725341797	4.868172166817779	0.937463976945245	0.7274826789838337
27	0.4554216095379421	3.0716392643954777	0.9665706051873199	0.6951501154734411
28	0.4548856472146922	2.9427848562188106	0.9680115273775216	0.7136258660508084
29	0.45453452269236244	2.4427680245369947	0.9740634005763689	0.674364896073903
30	0.45448619319546607	1.9731704841854922	0.9775216138328531	0.7020785219399538
31	0.4545075073838234	1.509476998333879	0.9827089337175793	0.6859122401847575
32	0.4544807853120746	1.1102011522807933	0.9884726224783862	0.6951501154734411
33	0.4545435554840985	1.9520882689009567	0.9792507204610951	0.6974595842956121
34	0.45465265682765416	1.2067787856068632	0.9884726224783862	0.6951501154734411
35	0.4548297193315294	1.0359597580118634	0.9896253602305476	0.7043879907621247
36	0.4551584785049026	0.781835207134622	0.992507204610951	0.6836027713625866
37	0.4550082997271889	0.47274799304672543	0.9951008645533141	0.7159353348729792
-1	-1	-1	-1	-1
0	0.537041187286377	20.942770673594342	0.6341885269530124	0.6612903225806451
1	0.4951678514480591	19.228202920441234	0.6820409339867397	0.6797235023041475
2	0.48164796829223633	18.23978997151786	0.7097146151628712	0.6658986175115207
3	0.47158926725387573	17.91946775541393	0.7229749207264341	0.6405529953917051
4	0.4686540126800537	17.345636087820072	0.7255693283366964	0.7050691244239631
5	0.46609501043955487	16.911060534485983	0.7373882963390026	0.6474654377880185
6	0.46215840748378206	17.09684138341781	0.7293168059959643	0.6981566820276498
7	0.46160900592803955	15.881824541529385	0.7722686653214182	0.7119815668202765
8	0.4604276816050212	15.614005123803375	0.7714038627846642	0.728110599078341
9	0.45953919887542727	15.256974977090819	0.772845200345921	0.7188940092165899
10	0.458574425090443	14.779787851036142	0.7812049582012107	0.7465437788018433
11	0.45806946357091266	13.952578470247602	0.7967714038627847	0.7511520737327189
12	0.45795237101041353	12.732743315740462	0.822715479965408	0.7557603686635944
13	0.4570662464414324	12.919028787437929	0.8218506774286538	0.771889400921659
14	0.45640223821004233	11.721911041014785	0.8330931104064572	0.7465437788018433
15	0.4563388526439667	11.017049537886173	0.8472182185067743	0.7465437788018433
16	0.4559706239139332	10.24289530570354	0.8659556068031133	0.7488479262672811
17	0.4558995697233412	8.90189340573932	0.8803689824156817	0.7350230414746544
18	0.45543144878588226	8.698263441750763	0.8844047275872009	0.7419354838709677
19	0.45537965297698973	7.241611552894662	0.906313058518305	0.7557603686635944
20	0.4549556232634045	6.718620586832729	0.9149610838858461	0.7373271889400922
21	0.45528821511702106	5.39069914626419	0.933698472182185	0.7258064516129032
22	0.4553168234617814	5.138714717068804	0.9348515422311905	0.728110599078341
23	0.45565541585286456	4.238760207497745	0.9481118477947535	0.7304147465437788
24	0.4559677696228027	3.9234281206896546	0.9518593254540213	0.7373271889400922
25	0.45623554633213925	3.456424232743202	0.9579129432113	0.7373271889400922
26	0.4556099838680691	2.4489189501202433	0.9700201787258576	0.7211981566820277
27	0.4549467648778643	2.3285862613093418	0.9746324589218796	0.7096774193548387
28	0.45494088633307095	2.3200560059706006	0.9746324589218796	0.7119815668202765
29	0.454803458849589	1.3086929926392408	0.9855866243874315	0.7211981566820277
30	0.4548822602918071	0.9397433460006541	0.9916402421447102	0.7258064516129032
31	0.454759418964386	1.9794121482025047	0.9798212741424042	0.7211981566820277
32	0.4547715692809134	1.5265441246399092	0.9824156817526665	0.7050691244239631
33	0.4547167034710155	2.1552365976428494	0.9786682040933987	0.7188940092165899
-1	-1	-1	-1	-1
0	0.6133897304534912	20.107547593772956	0.6638800807149035	0.7027649769585254
1	0.5305370092391968	20.708593709753195	0.6200634188526953	0.6682027649769585
2	0.4995153745015462	18.9356094544087	0.686941481695013	0.695852534562212
3	0.48330456018447876	17.649196108546825	0.7255693283366964	0.7304147465437788
4	0.47638654708862305	17.60775920447953	0.7221101181896801	0.7211981566820277
5	0.4731280406316121	17.0887440322736	0.7388296339002595	0.7304147465437788
6	0.46956307547433035	16.3692082396341	0.7529547420005765	0.7258064516129032
7	0.46838152408599854	15.802315519490373	0.7688094551744018	0.7373271889400922
8	0.4671560923258464	15.207717650527254	0.7765926780051888	0.7396313364055299
9	0.46638777256011965	15.60119367302011	0.7702507927356587	0.7672811059907834
10	0.46577195687727496	14.913594534637731	0.7817814932257134	0.7488479262672811
11	0.4656928579012553	14.940969318424889	0.7858172383972326	0.7327188940092166
12	0.4641848160670354	14.08431753981004	0.804842894205823	0.7350230414746544
13	0.46269621167864117	12.843135035366092	0.8186797347938888	0.7327188940092166
14	0.4615600268046061	12.695529854625736	0.8287690977226867	0.7511520737327189
15	0.46026916801929474	11.7293373160406	0.8339579129432113	0.7350230414746544
16	0.4587615518008961	11.779242576809104	0.8353992505044682	0.7235023041474654
17	0.4579552941852146	10.771811922755811	0.8558662438743153	0.7373271889400922
18	0.45733106763739334	9.961240369792378	0.8702796194868838	0.716589861751152
19	0.4572550654411316	9.014538073758466	0.8803689824156817	0.7004608294930875
20	0.45751293500264484	8.465278951399917	0.8878639377342173	0.7027649769585254
21	0.45717093077572907	6.976020151868872	0.9103488036898242	0.6797235023041475
22	0.45709531203560205	6.937571262000898	0.9120784087633323	0.7188940092165899
23	0.45709875226020813	6.036464716316363	0.9224560392043817	0.7073732718894009
24	0.45691545486450197	5.519175148201645	0.9311040645719227	0.6866359447004609
25	0.4564675734593318	4.716734187865476	0.9411934275007207	0.7211981566820277
26	0.4561729696061876	4.379171910089091	0.946093975208994	0.6866359447004609
27	0.4562853234154837	4.1009736361853575	0.9509945229172673	0.695852534562212
28	0.4562824758990058	2.6246215435889884	0.9674257711155952	0.6820276497695853
29	0.4560906648635864	2.068720447668515	0.9801095416546555	0.6912442396313364
-1	-1	-1	-1	-1
0	0.5347177982330322	20.97760994062511	0.6255405015854714	0.7050691244239631
1	0.4901193380355835	20.75418849822578	0.6070913808013837	0.5576036866359447
2	0.4780614376068115	20.990860602177612	0.607379648313635	0.6336405529953917
3	0.4703441858291626	19.512187445929293	0.663591813202652	0.6682027649769585
4	0.4656243801116943	19.03939481612739	0.6808878639377343	0.6405529953917051
5	0.46171196301778156	18.843043546064184	0.6849236091092534	0.6866359447004609
6	0.4594175134386335	19.447743332714115	0.6707985010089363	0.6474654377880185
7	0.45854276418685913	18.464957692207545	0.6863649466705102	0.6866359447004609
8	0.4569353527492947	18.139513138237348	0.7062554050158547	0.6543778801843319
9	0.4561580419540405	17.908720795167696	0.7128855577976362	0.7119815668202765
10	0.45543022589250043	17.256019137321264	0.7241279907754397	0.6705069124423964
11	0.4548561970392863	16.70085695249225	0.7405592389737676	0.663594470046083
12	0.4539001538203313	16.605970373941123	0.7520899394638224	0.7142857142857143
13	0.45422119753701345	16.216879765921778	0.7696742577111559	0.7073732718894009
14	0.4543105284372965	15.511703954924137	0.775151340443932	0.7073732718894009
15	0.4546721428632736	15.046612411464027	0.7803401556644566	0.6935483870967742
16	0.45487025204826803	14.268435920050385	0.7982127414240415	0.716589861751152
17	0.4551473193698459	13.534372224720245	0.8085903718650908	0.716589861751152
18	0.45458241512900904	12.99112525554972	0.8253098875756703	0.7211981566820277
19	0.4548366546630859	12.489943917738188	0.8270394926491784	0.728110599078341
20	0.4549136615934826	11.620648292226528	0.8437590083597578	0.7142857142857143
21	0.4548566991632635	11.216594769320357	0.8457768809455174	0.7188940092165899
22	0.45487378991168476	9.693968606651376	0.8636494667051023	0.6866359447004609
23	0.454902708530426	8.88060010245087	0.88209858748919	0.7096774193548387
24	0.4549211311340332	7.852566317680779	0.895358893052753	0.6866359447004609
25	0.4551338232480563	8.656238830417667	0.8956471605650044	0.695852534562212
26	0.45525723033481175	6.862837989395912	0.9112136062265782	0.695852534562212
27	0.4555021609578814	5.5789268476153735	0.9339867396944365	0.7096774193548387
28	0.4554813319239123	6.41628246132387	0.921879504179879	0.7188940092165899
29	0.4550929625829061	4.93493975302495	0.9417699625252234	0.6774193548387096
30	0.45515744147762177	3.768346049096606	0.9541654655520323	0.7027649769585254
31	0.455160528421402	3.5346022084218647	0.9576246756990487	0.6751152073732719
32	0.45504194317442	2.7922251744007847	0.9648313635053329	0.6774193548387096
33	0.4551372037214391	3.109073635635026	0.962525223407322	0.6912442396313364
34	0.45517522948128836	2.69036402970279	0.9694436437013548	0.684331797235023
35	0.45528944995668197	1.9902214278731871	0.975785528970885	0.6912442396313364
36	0.45535369177122376	2.353346965660196	0.9731911213606227	0.6774193548387096
37	0.45544481904883133	1.0756094879257159	0.986739694436437	0.7050691244239631
38	0.4556306386605287	0.9343820149762505	0.9904871720957048	0.6774193548387096
39	0.45639793276786805	2.157643529424153	0.9775151340443932	0.7027649769585254
-1	-1	-1	-1	-1
0	0.5891683101654053	20.893914717053054	0.6488901700778322	0.6566820276497696
1	0.52386474609375	19.848945766413976	0.6465840299798212	0.6981566820276498
2	0.4964462121327718	19.09900943511123	0.6751225136927068	0.6912442396313364
3	0.48522353172302246	18.254174591204443	0.6973191121360622	0.7327188940092166
4	0.4766707420349121	17.133579258525042	0.7345056212164889	0.7258064516129032
5	0.47152729829152423	16.918238036129452	0.7480541942923032	0.6543778801843319
6	0.46892227445329937	16.570207267726232	0.7529547420005765	0.7258064516129032
7	0.46688148379325867	16.310308640156318	0.7552608820985874	0.7304147465437788
8	0.4647833506266276	16.004503871322772	0.7685211876621505	0.7465437788018433
9	0.46309337615966795	15.35790392236972	0.775151340443932	0.7027649769585254
10	0.46201994202353736	15.40551213168223	0.7739982703949265	0.7119815668202765
11	0.46149255832036334	15.159406845722723	0.7826462957624676	0.7626728110599078
12	0.46088926608745867	14.39617262411555	0.7852407033727299	0.7488479262672811
13	0.460182854107448	13.719899663137733	0.8031132891323148	0.7511520737327189
14	0.4593709627787272	13.187984921516628	0.8183914672816374	0.7073732718894009
15	0.4594051390886307	12.99344600012543	0.8083021043528394	0.6705069124423964
16	0.4587167150834027	12.264859772603446	0.8279042951859326	0.728110599078341
17	0.4576335880491469	10.800729784396811	0.8544249063130586	0.7119815668202765
18	0.45685971410650955	10.191182134348319	0.8639377342173538	0.7258064516129032
19	0.45615211725234983	8.67000214113008	0.8844047275872009	0.7350230414746544
20	0.4558334009987967	8.170041975625065	0.8933410204669934	0.7096774193548387
21	0.4552648826078935	7.14266375554811	0.9126549437878351	0.7327188940092166
22	0.4548624494801397	6.526494709723586	0.9155376189103488	0.6497695852534562
23	0.45437296231587726	5.804403380516472	0.9256269818391467	0.7396313364055299
24	0.45402602195739744	5.069197124570882	0.9411934275007207	0.7235023041474654
25	0.45343710825993466	4.73223789883863	0.9429230325742289	0.7235023041474654
26	0.45336891103673865	3.2379636160277445	0.960219083309311	0.7373271889400922
27	0.45315055336271015	3.046957105671594	0.9619486883828192	0.7396313364055299
28	0.45304658495146655	3.47217553963355	0.9590660132603056	0.7442396313364056
29	0.4533982435862223	2.6735488425154204	0.9671375036033439	0.7419354838709677
30	0.45355676835583103	2.260929071096652	0.9723263188238686	0.7211981566820277
31	0.45306939631700516	1.388019111075806	0.9852983568751802	0.7304147465437788
-1	-1	-1	-1	-1
0	0.5463974475860596	20.854338309086792	0.6324589218795041	0.6244239631336406
1	0.49979543685913086	20.984560546525028	0.5921014701643125	0.6705069124423964
2	0.4835701783498128	20.510669397651604	0.627558374171231	0.7258064516129032
3	0.4765689969062805	18.730322426612226	0.6886710867685212	0.7327188940092166
4	0.46914191246032716	18.40894263381258	0.6981839146728164	0.6935483870967742
5	0.46465814113616943	17.49297684485759	0.7232631882386855	0.7857142857142857
6	0.46049087388174875	17.21733720586934	0.7417123090227732	0.7442396313364056
7	0.45791903138160706	17.44665617461598	0.7394061689247622	0.7350230414746544
8	0.45634804831610787	16.352421283721924	0.7503603343903142	0.7419354838709677
9	0.4549475908279419	16.358747219820636	0.7497837993658115	0.7534562211981567
10	0.45453212477944116	16.09752008455609	0.7529547420005765	0.7211981566820277
11	0.45466814438501996	15.461298400108967	0.7731334678581724	0.7557603686635944
12	0.45376720795264613	14.570450669034905	0.7910060536177573	0.7788018433179723
13	0.4527742692402431	13.866043154252779	0.7996540789852984	0.7488479262672811
14	0.4530611038208008	13.810157793377517	0.8002306140098011	0.7327188940092166
15	0.4534914046525955	13.142374633649073	0.8129143845488613	0.7557603686635944
16	0.45360898971557617	11.6800661655741	0.8362640530412222	0.7511520737327189
17	0.45368889967600506	11.060383486091544	0.846929950994523	0.7672811059907834
18	0.45379150541205154	10.564368431721258	0.8601902565580859	0.7557603686635944
19	0.45440260171890257	9.569540071924893	0.8737388296339003	0.7419354838709677
20	0.45377211343674434	8.622614412132753	0.8849812626117036	0.7534562211981567
21	0.4531209468841553	8.268005419214932	0.8878639377342173	0.7488479262672811
22	0.4526167330534562	7.127983220126651	0.9074661285673105	0.7511520737327189
23	0.4521527687708537	6.2567357776361865	0.9210147016431248	0.7557603686635944
24	0.4521694755554199	5.144491344690323	0.9342750072066878	0.7557603686635944
25	0.45190282051379865	5.581342347171328	0.9285096569616604	0.7442396313364056
26	0.4516046753636113	5.25637271726897	0.9316805995964255	0.7649769585253456
27	0.45137715339660645	3.3915397047723106	0.9587777457480542	0.7580645161290323
28	0.4513193738871607	4.439911385058263	0.9504179878927644	0.7741935483870968
29	0.4515798568725586	2.669002814782322	0.9700201787258576	0.7580645161290323
-1	-1	-1	-1	-1
0	0.6008529663085938	22.034465050478595	0.5944076102623235	0.6359447004608295
1	0.5217807292938232	21.039557596959106	0.6001729605073508	0.6221198156682027
2	0.4950833320617676	20.5308848739764	0.6292879792447391	0.6612903225806451
3	0.48365116119384766	19.37200927734375	0.6667627558374172	0.7142857142857143
4	0.4783353328704834	19.245697362707297	0.6612856731046411	0.728110599078341
5	0.4729090134302775	18.02693492994396	0.7007783222830787	0.7188940092165899
6	0.469174895967756	18.442834976616254	0.6929950994522918	0.6935483870967742
7	0.4661291539669037	17.813359864261173	0.7082732776016143	0.7304147465437788
8	0.4645262029435899	16.676351695979406	0.754107812049582	0.7511520737327189
9	0.46271729469299316	16.937628470429587	0.7327760161429807	0.7764976958525346
10	0.4624107100746848	16.37072237259751	0.7569904871720957	0.7626728110599078
11	0.461347500483195	15.843396449307782	0.7659267800518882	0.7580645161290323
12	0.45972732397226185	15.277492689430167	0.7748630729316806	0.7258064516129032
13	0.4583616256713867	14.503060977393334	0.7927356586912655	0.7626728110599078
14	0.45674476623535154	13.99938743486317	0.8008071490343038	0.7488479262672811
15	0.45558516681194305	13.25756374849092	0.810319976938599	0.7603686635944701
16	0.45467361281899843	12.339814297649838	0.8250216200634188	0.7626728110599078
17	0.4537347157796224	11.721760321100918	0.8377053906024791	0.7557603686635944
18	0.45302221649571467	11.02808774283173	0.8512539636782934	0.7649769585253456
19	0.45222418308258056	9.594674092913987	0.8717209570481407	0.7442396313364056
20	0.45217915943690706	8.974584393545028	0.885269530123955	0.7649769585253456
21	0.45202103528109466	7.841831003854034	0.9037186509080427	0.7511520737327189
22	0.45183706283569336	6.703007514323663	0.9115018737388296	0.7419354838709677
23	0.45166314641634625	5.929148246388917	0.927356586912655	0.7419354838709677
24	0.45148571968078616	5.936259616405592	0.928221389449409	0.7764976958525346
25	0.4511653918486375	4.184323523569544	0.9495531853560104	0.7488479262672811
26	0.4509587287902832	3.8946624208891065	0.9564716056500432	0.7488479262672811
27	0.45082030977521625	2.924942499453868	0.9628134909195734	0.7557603686635944
28	0.4506959257454708	2.9777636184878307	0.968002306140098	0.7603686635944701
29	0.45067447821299234	2.9252098990142894	0.9656961660420871	0.728110599078341
-1	-1	-1	-1	-1
0	0.5394766330718994	21.207319478376196	0.6161383285302594	0.6797235023041475
1	0.4946035146713257	20.34260962425022	0.6276657060518732	0.5783410138248848
2	0.47839124997456867	20.962827192534	0.6198847262247839	0.576036866359447
3	0.47064274549484253	20.13617102596738	0.6389048991354467	0.6705069124423964
4	0.4627286434173584	18.790796249284657	0.6861671469740634	0.695852534562212
5	0.4597424666086833	18.540587101507626	0.7112391930835735	0.7027649769585254
6	0.45724579266139437	17.965914573144474	0.7100864553314121	0.7096774193548387
7	0.4552401900291443	17.37649634125036	0.7342939481268012	0.6728110599078341
8	0.45364777247111004	16.888244620156943	0.7443804034582132	0.6244239631336406
9	0.4528374433517456	16.061943517912418	0.7590778097982709	0.7373271889400922
10	0.4510415900837291	16.120301478499666	0.7587896253602305	0.6797235023041475
11	0.4501617153485616	15.143917031244401	0.7760806916426513	0.7304147465437788
12	0.4491025667924147	15.315452934405126	0.777521613832853	0.7096774193548387
13	0.4485440935407366	14.037678924175577	0.7979827089337176	0.7235023041474654
14	0.4492129484812419	13.625922679901123	0.809221902017291	0.695852534562212
15	0.4487638622522354	12.745915205106822	0.830835734870317	0.7235023041474654
16	0.44913094183977914	12.773882835283192	0.8204610951008645	0.7142857142857143
17	0.44863997565375435	11.811210757001824	0.8397694524495677	0.6705069124423964
18	0.4481490787706877	11.093301423099064	0.8512968299711815	0.7027649769585254
19	0.448406982421875	9.774391423671618	0.8726224783861671	0.6981566820276498
20	0.44886386962164015	8.995144760936771	0.8760806916426513	0.7119815668202765
21	0.448858532038602	7.638881284162538	0.9034582132564841	0.7004608294930875
22	0.4488592355147652	7.324050650684112	0.9109510086455331	0.7073732718894009
23	0.44883856177330017	6.235028949899411	0.9265129682997119	0.6682027649769585
24	0.4486730766296387	5.681742939380331	0.9293948126801153	0.7073732718894009
25	0.4485649604063768	4.8176601222895705	0.9469740634005763	0.6820276497695853
26	0.4484978958412453	3.6009688743757544	0.9579250720461095	0.6705069124423964
27	0.4488980940410069	4.327977270981587	0.9515850144092219	0.6612903225806451
28	0.44904337258174504	3.6098322002986154	0.9582132564841499	0.6981566820276498
29	0.4490594625473022	2.6654268099900778	0.9717579250720461	0.6935483870967742
-1	-1	-1	-1	-1
0	0.5843608379364014	20.68795342401627	0.6473638720829732	0.7182448036951501
1	0.5153207778930664	20.136085449008768	0.6352636127917026	0.674364896073903
2	0.489242156346639	19.84200471913049	0.6557188130221838	0.5658198614318707
3	0.4760754704475403	19.012967232170453	0.6755978104292711	0.7090069284064665
4	0.46840629577636717	18.230512995238698	0.6972054163065399	0.7228637413394919
5	0.4642723798751831	17.88890569581898	0.710746182656295	0.7644341801385681
6	0.462423460824149	17.575931321590318	0.721405934889081	0.7367205542725174
7	0.4603315591812134	16.870356839731198	0.738692019590896	0.7390300230946882
8	0.46071608861287433	16.607970115241656	0.7476231633535004	0.7505773672055427
9	0.46040799617767336	16.246033917873277	0.7548256986459234	0.7713625866050808
10	0.45946474508805707	15.924437767868742	0.7692307692307693	0.7113163972286374
11	0.4587543805440267	14.858683419883798	0.7856525496974935	0.7829099307159353
12	0.4578994971055251	14.492875304790811	0.7885335638144627	0.74364896073903
13	0.4565138305936541	14.007784099753843	0.7983290118121579	0.7736720554272517
14	0.45583923657735187	12.749192872178664	0.819072313454336	0.7621247113163973
15	0.4556014835834503	12.47255180078909	0.8239700374531835	0.7528868360277137
16	0.4552175577949075	11.741555030192805	0.8392394122731202	0.7598152424942263
17	0.4553636180029975	10.847548309816133	0.8510515701526937	0.7528868360277137
18	0.4551087680615877	10.597234483158916	0.8591184096802075	0.745958429561201
19	0.45585610866546633	9.516270808123668	0.8689138576779026	0.7551963048498845
20	0.4556144986833845	8.08067290826675	0.8922500720253529	0.74364896073903
21	0.4551783800125122	7.37819219947955	0.9083837510803803	0.7528868360277137
22	0.45504025791002356	6.729532799589524	0.9155862863728033	0.7528868360277137
23	0.45492251714070636	6.253828935666916	0.9170267934312878	0.74364896073903
24	0.45450138092041015	6.449236710137184	0.9147219821377125	0.745958429561201
25	0.45461016434889573	4.80356523695342	0.9377700950734659	0.7390300230946882
26	0.4546850698965567	4.064642679800681	0.9490060501296457	0.7482678983833718
27	0.45478997911725727	3.1505111209843135	0.9625468164794008	0.7228637413394919
28	0.45484059432457236	3.1630913380089156	0.9622587150677039	0.7321016166281755
29	0.4551193396250407	2.2471393077471933	0.9766637856525497	0.7251732101616628
30	0.45485962590863627	1.977515212029492	0.9769518870642466	0.74364896073903
31	0.4549028128385544	2.3677611081698617	0.968596946125036	0.7598152424942263
-1	-1	-1	-1	-1
0	0.5407810211181641	21.180005287905352	0.6246038605589167	0.6951501154734411
1	0.49643850326538086	20.35625044796445	0.6335350043215212	0.7043879907621247
2	0.48120760917663574	19.473893253081435	0.6531259003169115	0.6766743648960739
3	0.4730803966522217	18.622652386306623	0.6842408527801787	0.7020785219399538
4	0.4683258533477783	18.065666496206862	0.7133390953615673	0.625866050808314
5	0.4644102652867635	17.537842890538208	0.7176606165370211	0.7066974595842956
6	0.4626222678593227	17.24329021873824	0.7312013828867762	0.7043879907621247
7	0.4604666829109192	17.420956900360387	0.7320656871218669	0.74364896073903
8	0.4599301815032959	16.57236597078656	0.7516565831172572	0.6905311778290993
9	0.4595743179321289	15.894384217918466	0.7545375972342264	0.745958429561201
10	0.4587397141890092	15.523926174968754	0.780466724286949	0.7367205542725174
11	0.45779504378636676	15.391427635052882	0.7715355805243446	0.74364896073903
12	0.4581585113818829	14.210018529804474	0.7917026793431288	0.7274826789838337
13	0.4577478681291853	13.376469712738597	0.8144626908671853	0.745958429561201
14	0.4576012134552002	13.677913871380166	0.8078363583981562	0.7205542725173211
15	0.4576566517353058	11.809069948458891	0.8372227023912417	0.7113163972286374
16	0.45830411069533405	11.401762529250679	0.8450014405070585	0.7413394919168591
17	0.4580405023362901	10.60687619393025	0.8562373955632383	0.7344110854503464
18	0.4578125727804084	10.20247309361029	0.8738115816767502	0.7390300230946882
19	0.45747904777526854	8.545984475984486	0.8922500720253529	0.7159353348729792
20	0.45719607671101886	7.667889549097883	0.9037741284932296	0.7321016166281755
21	0.45691985433751886	7.033230708279741	0.9158743877845001	0.7297921478060047
22	0.45646946326546045	6.357428335268563	0.9196197061365601	0.7251732101616628
23	0.45620866616566974	5.123732213306864	0.9400749063670412	0.7321016166281755
24	0.4556092643737793	4.098457411341711	0.9487179487179487	0.7043879907621247
25	0.45502113378964937	3.486665707662565	0.9588014981273408	0.7159353348729792
26	0.4550941696873418	2.911152099934193	0.9665802362431576	0.7274826789838337
27	0.45454890387398855	2.8890777410717186	0.9636992221261884	0.7182448036951501
28	0.4540795211134286	2.3863574137928287	0.9726303658887928	0.7228637413394919
29	0.453440260887146	2.5334284020536537	0.9740708729472775	0.7297921478060047
-1	-1	-1	-1	-1
0	0.5842759609222412	21.683478337909104	0.6195965417867435	0.6166281755196305
1	0.5159831047058105	22.633726907432624	0.5253602305475504	0.5635103926096998
2	0.49149298667907715	21.49765639348861	0.5763688760806917	0.6397228637413395
3	0.4774881601333618	19.984347404689963	0.652449567723343	0.6420323325635104
4	0.47079906463623045	19.790470630750743	0.6538904899135447	0.6859122401847575
5	0.467471718788147	19.187042446311462	0.6714697406340058	0.7043879907621247
6	0.46317059653145926	18.292109340702723	0.7095100864553314	0.7205542725173211
7	0.46191349625587463	18.06406766559006	0.7034582132564842	0.745958429561201
8	0.4605938858456082	17.45557486682857	0.7345821325648415	0.7228637413394919
9	0.4597814083099365	17.08255875438725	0.732564841498559	0.7020785219399538
10	0.4592333056709983	17.213449206920938	0.7429394812680116	0.7413394919168591
11	0.45808571577072144	16.594225432894646	0.7495677233429395	0.7413394919168591
12	0.45743597470797026	16.312057648230038	0.7521613832853026	0.7505773672055427
13	0.45696512290409635	15.23131491722317	0.7827089337175792	0.7321016166281755
14	0.45651769638061523	14.796882852501826	0.7858789625360231	0.7598152424942263
15	0.4561057388782501	14.356609532592493	0.7971181556195965	0.7413394919168591
16	0.4562065461102654	13.559466561046216	0.8141210374639769	0.7505773672055427
17	0.45615821414523655	13.047503711980417	0.8178674351585015	0.7228637413394919
18	0.4554721807178698	12.602231150373406	0.8250720461095101	0.7413394919168591
19	0.4544752240180969	11.823345208386762	0.8357348703170029	0.7043879907621247
20	0.45441274415879024	10.733156731369299	0.8567723342939482	0.7413394919168591
21	0.45456557924097235	10.157063062037897	0.8648414985590778	0.745958429561201
22	0.4544781498287035	8.934632594432307	0.8867435158501441	0.7090069284064665
23	0.4545474549134572	8.151854055737136	0.8997118155619597	0.7782909930715936
24	0.4541954135894775	7.782870187671906	0.9014409221902018	0.7575057736720554
25	0.454080920953017	7.2296247482299805	0.9089337175792507	0.7413394919168591
26	0.4539144215760408	5.925397470456745	0.930835734870317	0.7205542725173211
27	0.45367800337927683	5.0756530132862405	0.9394812680115274	0.7551963048498845
28	0.4534462567033439	4.1583641945222105	0.9536023054755043	0.7390300230946882
29	0.45327810446421307	3.1031558532780465	0.9648414985590779	0.7367205542725174
30	0.4533093975436303	2.7848711300196998	0.9694524495677234	0.6812933025404158
31	0.4529436379671097	3.275427302704492	0.9610951008645533	0.6974595842956121
32	0.45257009881915466	2.980592280489589	0.9703170028818444	0.745958429561201
33	0.45244595583747416	2.684400063178955	0.9706051873198848	0.7390300230946882
34	0.4520073277609689	2.1529209915924508	0.978386167146974	0.7575057736720554
35	0.45172128412458634	1.1971268368876378	0.9896253602305476	0.7251732101616628
36	0.45142590677416	0.7902045268779022	0.992507204610951	0.7251732101616628
37	0.4513547734210366	0.40413869190471163	0.9968299711815563	0.7344110854503464
38	0.4510032886113876	0.309636174867767	0.9968299711815563	0.7390300230946882
39	0.45078078508377073	0.8358533936264335	0.992507204610951	0.7621247113163973
40	0.4504623994594667	1.3819553439736092	0.9861671469740634	0.7413394919168591
41	0.45004886104947045	0.9182307568780326	0.9907780979827089	0.7205542725173211
42	0.44976748976596564	1.708188434738085	0.9806916426512968	0.7228637413394919
43	0.449656990441409	0.36636373366511193	0.9976945244956772	0.7528868360277137
-1	-1	-1	-1	-1
0	0.5485084056854248	20.55184931273854	0.6419717497837993	0.6566820276497696
1	0.5006870031356812	21.332990243894244	0.5872009224560392	0.6658986175115207
2	0.48737001419067383	19.649542410439306	0.6682040933986739	0.7142857142857143
3	0.47722136974334717	19.3784413293961	0.6667627558374172	0.7119815668202765
4	0.468004846572876	18.215422009109357	0.7189391755549149	0.6866359447004609
5	0.47414231300354004	17.23117754437508	0.7350821562409916	0.7327188940092166
6	0.4693365437643869	17.293558033234483	0.7394061689247622	0.7327188940092166
7	0.4662151336669922	16.86963882358796	0.7494955318535601	0.7142857142857143
8	0.4631704224480523	17.083873584729815	0.7497837993658115	0.7442396313364056
9	0.4620495796203613	16.14824320416932	0.759584894782358	0.7350230414746544
10	0.4618785164572976	15.71471501271659	0.7699625252234074	0.7350230414746544
11	0.46066464980443317	15.801060252233382	0.7682329201498991	0.728110599078341
12	0.46046770535982573	14.934799334324827	0.7771692130296916	0.7488479262672811
13	0.46030563967568533	14.280416475523502	0.7976362063995388	0.7442396313364056
14	0.46038621266682944	13.576249730696372	0.8054194292303257	0.7580645161290323
15	0.460281640291214	13.431448002474024	0.8062842317670799	0.7396313364055299
16	0.46001755490022544	12.769668863453996	0.8143557221101182	0.7350230414746544
17	0.4594921933280097	11.951228942346136	0.8319400403574517	0.7603686635944701
18	0.45945221499392863	11.337072792403195	0.8434707408475065	0.7465437788018433
19	0.45890060663223264	10.287755802137042	0.8636494667051023	0.7488479262672811
20	0.4594568411509196	9.266365342183944	0.8746036321706544	0.7050691244239631
21	0.4589304598894986	8.856073460447679	0.8858460651484578	0.7534562211981567
22	0.4588547374891198	7.8868354985473355	0.8936292879792448	0.7626728110599078
23	0.45869778593381244	6.8770216834654505	0.9129432113000865	0.7211981566820277
24	0.45840872764587404	6.240120749954784	0.9224560392043817	0.7235023041474654
25	0.4583395811227652	5.565101707747223	0.9354280772556933	0.728110599078341
26	0.4580927248354311	5.346551903890907	0.9322571346209282	0.7050691244239631
27	0.4577445813587734	4.750127615184959	0.9391755549149611	0.7235023041474654
28	0.4578178093351167	5.0544571914804095	0.9354280772556933	0.7235023041474654
29	0.45789074897766113	3.6158443199932027	0.9530123955030269	0.7258064516129032
30	0.4579813788014074	3.1782651352226186	0.9596425482848083	0.7211981566820277
31	0.45779498666524887	2.0567036470688813	0.9752089939463823	0.6912442396313364
32	0.4577343752889922	1.979442957617821	0.9786682040933987	0.7073732718894009
33	0.4580954734016867	3.383453439545194	0.9622369558950706	0.7004608294930875
34	0.4582361970629011	1.2040278822730441	0.9861631594119342	0.7027649769585254
35	0.4580654700597127	0.794267816810843	0.9907754396079562	0.6912442396313364
36	0.45817462818042654	1.322222564403617	0.9861631594119342	0.716589861751152
37	0.4587829865907368	0.5966851488012103	0.994522917267224	0.6935483870967742
38	0.4587129140511537	1.0359539674037486	0.9893341020466994	0.7096774193548387
39	0.4585160195827484	0.27769011828659634	0.9974055923897377	0.7027649769585254
40	0.45855107540037576	0.405031998818548	0.9953877198039781	0.7142857142857143
41	0.4585907856623332	0.2838666043244302	0.996829057365235	0.7211981566820277
42	0.45843421581179594	0.07251997548676152	0.9994234649754973	0.7096774193548387
-1	-1	-1	-1	-1
0	0.5545508861541748	21.554185972301237	0.6019025655808591	0.6912442396313364
1	0.5032302141189575	21.70358244869687	0.5696166042087056	0.6658986175115207
2	0.4839147726694743	20.068409246042233	0.649466705102335	0.716589861751152
3	0.47689372301101685	18.693263416990227	0.7036609974055924	0.7419354838709677
4	0.4731320381164551	18.406620148125043	0.7108676852118766	0.6359447004608295
5	0.47100019454956055	18.50722431917803	0.700201787258576	0.7119815668202765
6	0.46808978489467074	17.36173747001438	0.7258575958489478	0.7142857142857143
7	0.4661233723163605	16.78703194364495	0.7483424618045547	0.7580645161290323
8	0.4661586019727919	16.497256768952816	0.7567022196598443	0.7649769585253456
9	0.46514153480529785	15.999699925063947	0.762755837417123	0.7419354838709677
10	0.4646332263946533	15.985708840396427	0.7639089074661286	0.7511520737327189
11	0.46456732352574664	15.371335860786088	0.7745748054194292	0.7603686635944701
12	0.4638785215524527	14.92580889780587	0.7866820409339867	0.7211981566820277
13	0.4636174610682896	13.883932782969344	0.8068607667915826	0.7373271889400922
14	0.46246554056803385	13.473322846473904	0.8172383972326319	0.7603686635944701
15	0.46135812997817993	13.304970594721103	0.8140674545978668	0.7626728110599078
16	0.46119412253884706	11.955436225331157	0.8362640530412222	0.7511520737327189
17	0.4607554144329495	11.143833208521572	0.8518304987027961	0.7465437788018433
18	0.4602260715083072	10.876036967706243	0.8509656961660421	0.771889400921659
19	0.45975689888000487	9.810658201165156	0.8708561545113865	0.7027649769585254
20	0.45906247411455425	9.547327736102114	0.8754684347074084	0.7649769585253456
21	0.45848523486744275	7.847323568589097	0.9002594407610263	0.7442396313364056
22	0.4581715335016665	7.453266465335811	0.8956471605650044	0.7442396313364056
23	0.45796037713686627	6.1498725053367265	0.9169789564716057	0.728110599078341
24	0.45758731842041017	6.396452009131055	0.9201498991063707	0.7350230414746544
25	0.4570772097660945	4.751262366771698	0.9388872874027098	0.7442396313364056
26	0.4566773396951181	5.326024868619552	0.9334102046699337	0.7142857142857143
27	0.4563348037855966	3.980702890715468	0.9518593254540213	0.7442396313364056
28	0.45612197908861885	3.5124178050308053	0.9613721533583165	0.7603686635944701
29	0.4556620995203654	3.0206914853065387	0.9654078985298357	0.7511520737327189
30	0.4552956011987502	2.4160991549799475	0.9705967137503604	0.7626728110599078
31	0.45494402945041656	2.6959487723374584	0.9682905736523494	0.7327188940092166
32	0.4544809514825994	1.9290052068274501	0.9780916690688959	0.7534562211981567
33	0.45423835165360393	0.67290688116411	0.9939463822427212	0.7511520737327189
34	0.4538931914738246	0.6881363786705726	0.9919285096569617	0.7465437788018433
35	0.4535881214671665	0.5016675103934259	0.9953877198039781	0.7488479262672811
36	0.453237991075258	0.24261924505784868	0.997693859901989	0.7488479262672811
37	0.4530504440006457	0.49870996100151455	0.9948111847794754	0.7557603686635944
38	0.4526542150057279	1.8406255715654805	0.982127414240415	0.7534562211981567
-1	-1	-1	-1	-1
0	0.5310356616973877	20.460420556024673	0.6500432401268377	0.728110599078341
1	0.48783576488494873	21.245501023913743	0.5923897376765639	0.652073732718894
2	0.4773360888163249	21.3482505115894	0.5710579417699625	0.5691244239631337
3	0.47067368030548096	20.922220641319903	0.5970020178725858	0.6820276497695853
4	0.46628761291503906	19.570148494265496	0.6578264629576247	0.7004608294930875
5	0.4633210102717082	18.532565116882324	0.692418564427789	0.7119815668202765
6	0.45917575699942453	18.604855362428438	0.6837705390602479	0.6866359447004609
7	0.4562918245792389	17.43257012498488	0.7177861055059095	0.6797235023041475
8	0.45464208390977645	17.521039787782442	0.726722398385702	0.7672811059907834
9	0.45305404663085935	16.661096257900972	0.7454597866820409	0.7511520737327189
10	0.4517377289858731	16.29842997909686	0.7480541942923032	0.7488479262672811
11	0.45102353890736896	15.501430327739191	0.7714038627846642	0.7580645161290323
12	0.4506093905522273	15.439798197615037	0.7613144998558662	0.728110599078341
13	0.4498322010040283	14.77906280482581	0.7803401556644566	0.7603686635944701
14	0.4494470119476318	14.469513298174657	0.7881233784952436	0.7626728110599078
15	0.45003654062747955	13.305621982714452	0.8057076967425771	0.7534562211981567
16	0.45022740083582263	13.055236997954342	0.8140674545978668	0.7396313364055299
17	0.450385676489936	12.235669945358136	0.8209858748918997	0.7258064516129032
18	0.4500631533171001	11.288877377816297	0.8405880657249928	0.7304147465437788
19	0.44945586919784547	10.810815714914865	0.8509656961660421	0.7465437788018433
20	0.4489277317410424	9.579385862437958	0.8676852118766215	0.7304147465437788
21	0.4493437788703225	9.558550946209408	0.8645142692418565	0.7373271889400922
22	0.4495363753774892	9.180904351243186	0.8757567022196598	0.7419354838709677
23	0.449713667233785	7.7459533870767014	0.9031421158835399	0.7442396313364056
24	0.4497154140472412	7.509292562073524	0.9068895935428077	0.7465437788018433
25	0.4497784376144409	6.459380589493918	0.9155376189103488	0.7465437788018433
26	0.44990272875185366	6.296655044643157	0.9236091092533871	0.7373271889400922
27	0.45038959809712004	4.635826922337944	0.9426347650619775	0.7188940092165899
28	0.45058791390780745	4.2116833783070975	0.9484001153070049	0.7235023041474654
29	0.45041263898213707	5.11140921301798	0.9365811473046988	0.7304147465437788
-1	-1	-1	-1	-1
0	0.5437726974487305	20.501313358271887	0.6408186797347939	0.695852534562212
1	0.4911578893661499	21.54461866343787	0.5797059671375036	0.5161290322580645
2	0.4783794085184733	21.102027613088627	0.6001729605073508	0.5161290322580645
3	0.4697696566581726	21.738830233932635	0.567598731622946	0.6059907834101382
4	0.4647184371948242	21.261147210357386	0.6033439031421158	0.6566820276497696
5	0.46028637886047363	19.20504111543708	0.6788699913519747	0.6912442396313364
6	0.4567044462476458	20.26255269881782	0.6350533294897664	0.7373271889400922
7	0.4568265974521637	18.08996183062912	0.7074084750648602	0.6797235023041475
8	0.45600030157301163	17.656964170823404	0.7151916978956472	0.7419354838709677
9	0.45479037761688235	17.205204631210467	0.7287402709714615	0.7534562211981567
10	0.4542274691841819	16.6028119795913	0.7425771115595272	0.7327188940092166
11	0.4530667265256246	16.162869685286775	0.7494955318535601	0.7142857142857143
12	0.45298141699570876	16.068378496607508	0.7518016719515711	0.7258064516129032
13	0.4526456424168178	15.330600756024001	0.7734217353704238	0.7419354838709677
14	0.452557102839152	15.224607231420114	0.7748630729316806	0.7258064516129032
15	0.45229047536849976	14.587902130336936	0.7852407033727299	0.7442396313364056
16	0.4518013000488281	13.725110950819943	0.8054194292303257	0.695852534562212
17	0.4509975380367703	12.98206751499701	0.8106082444508503	0.7304147465437788
18	0.4503419901195325	13.310095703929935	0.8074373018160853	0.7373271889400922
19	0.4498843550682068	11.63915904071353	0.8356875180167195	0.7188940092165899
20	0.45016831443423316	11.076406260149195	0.8472182185067743	0.7096774193548387
21	0.45011506297371606	10.633664647373584	0.8526953012395503	0.695852534562212
22	0.4499392716780953	9.39529794946723	0.8737388296339003	0.6935483870967742
23	0.45032791296641034	9.20439535762192	0.8783511098299221	0.7073732718894009
24	0.45071623802185057	8.497649962748957	0.8823868550014413	0.7073732718894009
25	0.45102484409625715	7.954263375439775	0.8956471605650044	0.695852534562212
26	0.4512212364761918	7.131995640763449	0.9048717209570482	0.7119815668202765
27	0.4517947179930551	6.2595949599502285	0.9181320265206111	0.695852534562212
28	0.45213476542768805	5.431012780294505	0.928221389449409	0.6797235023041475
29	0.45245254039764404	4.287270404876919	0.946093975208994	0.7073732718894009
-1	-1	-1	-1	-1
0	0.5534286499023438	20.105083334336587	0.662727010665898	0.7027649769585254
1	0.49945783615112305	21.35377708050089	0.5958489478235803	0.5829493087557603
2	0.49358534812927246	19.674488706326265	0.6506197751513404	0.47235023041474655
3	0.48600876331329346	19.288109210653044	0.6575381954453733	0.7096774193548387
4	0.4801246166229248	18.082419500438444	0.7076967425771116	0.6682027649769585
5	0.47476335366566974	17.55401034311417	0.7221101181896801	0.6935483870967742
6	0.47322726249694824	17.266788325178513	0.7278754684347074	0.6774193548387096
7	0.47025951743125916	16.733507427600546	0.7483424618045547	0.6705069124423964
8	0.4689202043745253	16.338180353882116	0.7575670221965984	0.663594470046083
9	0.4677650213241577	15.993375533217684	0.7679446526376478	0.7350230414746544
10	0.4658984270962802	16.040209363359924	0.7587200922456039	0.7419354838709677
11	0.4639078974723816	15.145208013167075	0.7794753531277026	0.7603686635944701
12	0.46202637599064755	14.910904381253303	0.7797636206399539	0.7119815668202765
13	0.4604818480355399	14.33123845791598	0.7936004612280196	0.7511520737327189
14	0.4593748410542806	13.423111163148093	0.8108965119631018	0.7235023041474654
15	0.4587109386920929	12.949450055393603	0.8215624099164024	0.728110599078341
16	0.45860791206359863	12.019969489596306	0.8304987027961949	0.7096774193548387
17	0.4576645427280002	11.744723171269127	0.8428942058230038	0.7396313364055299
18	0.45691915562278346	11.165283599031081	0.8457768809455174	0.7442396313364056
19	0.45661402940750123	9.841742014666217	0.8697030844623811	0.7396313364055299
20	0.45694888205755324	9.087768604996008	0.8786393773421736	0.7488479262672811
21	0.456377083604986	8.408568996901906	0.8904583453444797	0.7188940092165899
22	0.4558506219283394	7.759292472393141	0.8993946382242721	0.7327188940092166
23	0.4551096061865489	6.964664607966712	0.9164024214471029	0.7096774193548387
24	0.4544953632354736	6.329925356654946	0.9178437590083598	0.7050691244239631
25	0.45403407170222354	5.6631396997959245	0.9351398097434419	0.7073732718894009
26	0.4535240685498273	4.515752774312956	0.9449409051599885	0.7327188940092166
27	0.4530157617160252	4.207335538273558	0.9538771980397809	0.7304147465437788
28	0.45255012347780427	4.5055955150805485	0.946093975208994	0.716589861751152
29	0.4522929906845093	3.4050287473092387	0.9599308157970596	0.7258064516129032
30	0.452051208865258	2.722030611213194	0.9697319112136062	0.695852534562212
31	0.4516826868057251	2.8165666327017163	0.9694436437013548	0.7073732718894009
-1	-1	-1	-1	-1
0	0.5270645618438721	22.302914291346838	0.5837417123090227	0.6774193548387096
1	0.4830070734024048	20.42473974140412	0.6266935716344768	0.5529953917050692
2	0.472063144048055	20.222826275256796	0.6491784375900836	0.619815668202765
3	0.4632248282432556	18.862373185813972	0.6898241568175266	0.6082949308755761
4	0.4589855194091797	19.04613688232702	0.6771403862784664	0.5414746543778802
5	0.45573341846466064	17.913349945610815	0.7071202075526088	0.6935483870967742
6	0.4546019009181431	17.492522528412145	0.7264341308734505	0.6705069124423964
7	0.45373234152793884	17.331007047530708	0.7342173537042376	0.7235023041474654
8	0.4525140921274821	16.321725022902182	0.7575670221965984	0.7373271889400922
9	0.45171926021575926	15.930386372662465	0.7653502450273855	0.7304147465437788
10	0.4511254917491566	15.746881988070427	0.7702507927356587	0.6774193548387096
11	0.45038843154907227	15.217496526350669	0.7814932257134621	0.7672811059907834
12	0.45014284207270694	14.972939745001836	0.7800518881522053	0.7396313364055299
13	0.44975141116550993	14.196141089868108	0.8005188815220524	0.7396313364055299
14	0.44934398333231607	13.871492151820332	0.8010954165465553	0.7488479262672811
15	0.4489560127258301	12.985031639764069	0.8221389449409051	0.695852534562212
16	0.44881291950450225	12.306550152804874	0.8279042951859326	0.695852534562212
17	0.44882771703932023	11.550438950914856	0.8457768809455174	0.716589861751152
18	0.4485755343186228	10.876314097588216	0.8613433266070913	0.7096774193548387
19	0.4484236478805542	10.277270192400032	0.8616315941193428	0.6935483870967742
20	0.44830230304173063	8.918718318326757	0.8861343326607092	0.7188940092165899
21	0.4482078227129849	8.241503466159925	0.8904583453444797	0.7442396313364056
22	0.4481685472571332	7.558632257881515	0.9112136062265782	0.7304147465437788
23	0.44820375243822735	7.015034934796325	0.9112136062265782	0.7211981566820277
24	0.4481435012817383	6.24785577922786	0.925050446814644	0.6981566820276498
25	0.44821675007159895	5.055292553857925	0.9400403574517152	0.6981566820276498
26	0.4480234252081977	4.8302682523333695	0.946093975208994	0.6912442396313364
27	0.4478142772402082	3.850955056761383	0.9564716056500432	0.6774193548387096
28	0.4475258465470939	3.598721354926398	0.9576246756990487	0.7142857142857143
29	0.4473879337310791	2.6854077615869154	0.9694436437013548	0.6797235023041475
30	0.44705310944587956	2.323523620126444	0.9752089939463823	0.6912442396313364
31	0.446708507835865	2.55691487649712	0.9717497837993658	0.6889400921658986
-1	-1	-1	-1	-1
0	0.5267293453216553	21.8652498437724	0.6138328530259366	0.6797235023041475
1	0.5114350318908691	20.73896027486259	0.6221902017291067	0.6382488479262672
2	0.4878369967142741	19.521584475806	0.6527377521613833	0.6751152073732719
3	0.4771091341972351	18.312176140076524	0.6965417867435159	0.684331797235023
4	0.47040133476257323	17.714759231707372	0.7077809798270893	0.6866359447004609
5	0.46537864208221436	17.531865789255964	0.7296829971181557	0.7327188940092166
6	0.46217332567487446	17.016182348268842	0.7414985590778098	0.7096774193548387
7	0.4594239592552185	16.81724452972412	0.7389048991354467	0.6751152073732719
8	0.45737356609768337	16.714669074487247	0.7521613832853026	0.728110599078341
9	0.45643630027771	15.940377633506005	0.7619596541786744	0.7396313364055299
10	0.45598825541409577	15.19133486441516	0.7763688760806916	0.7211981566820277
11	0.455740749835968	15.06177795917616	0.7838616714697406	0.7004608294930875
12	0.4551734190720778	14.846774893069487	0.7887608069164265	0.7511520737327189
13	0.45509443964276997	13.950848666899795	0.7968299711815562	0.7304147465437788
14	0.4551665782928467	13.757320983694234	0.8051873198847262	0.7258064516129032
15	0.45531192421913147	12.847253335725277	0.8230547550432277	0.7258064516129032
16	0.45488959200241985	12.11455796836713	0.8334293948126801	0.6935483870967742
17	0.4545692602793376	11.512360502820496	0.846685878962536	0.6981566820276498
18	0.45419193568982574	10.796801895176598	0.8536023054755043	0.7142857142857143
19	0.454056990146637	9.932552993844409	0.868299711815562	0.7119815668202765
20	0.45392241932096933	9.221356623763338	0.8737752161383285	0.7096774193548387
21	0.45396610823544586	8.604127553624844	0.8887608069164266	0.716589861751152
22	0.4536856983018958	7.529266499598092	0.9051873198847262	0.7050691244239631
23	0.45351579785346985	7.640182362783939	0.8968299711815562	0.7211981566820277
24	0.453369779586792	6.915800987033669	0.9152737752161383	0.7188940092165899
25	0.4530880542901846	5.529214165626316	0.9317002881844381	0.7027649769585254
26	0.45293856550146033	5.258439276196541	0.9371757925072046	0.7511520737327189
27	0.4526305113519941	5.541142730811321	0.938328530259366	0.7188940092165899
28	0.4520842782382307	4.13854275220031	0.9521613832853026	0.695852534562212
29	0.45189281304677326	3.676845455935242	0.9579250720461095	0.7188940092165899
30	0.45209193998767483	3.0608438991625375	0.9662824207492795	0.7096774193548387
31	0.45165760070085526	2.9497512949442646	0.9631123919308358	0.7142857142857143
32	0.45155436342412775	3.747928541461262	0.9553314121037464	0.7235023041474654
-1	-1	-1	-1	-1
0	0.540492057800293	22.334592058024274	0.6070296744454048	0.6397228637413395
1	0.494655966758728	21.941798507620437	0.5603572457505042	0.5681293302540416
2	0.4770382245381673	21.0556148651543	0.6001152405646788	0.674364896073903
3	0.46998053789138794	19.77934121648106	0.6522615960818208	0.5912240184757506
4	0.46468825340270997	19.305165177091546	0.6574474214923653	0.6628175519630485
5	0.4608819882074992	19.698534143080405	0.6485162777297608	0.6836027713625866
6	0.4578092098236084	18.56602527898386	0.6868337654854508	0.6766743648960739
7	0.45615726709365845	18.07156377319896	0.700086430423509	0.6327944572748267
8	0.45502572589450413	18.0554521018212	0.7182368193604148	0.6928406466512702
9	0.4543524026870728	17.059445070564202	0.7326418899452607	0.6905311778290993
10	0.4526287859136408	16.58065516795587	0.7513684817055604	0.7251732101616628
11	0.45163490374883014	16.3611102847878	0.7602996254681648	0.6928406466512702
12	0.4510319232940674	15.663735551571627	0.7692307692307693	0.7274826789838337
13	0.4505476100104196	15.214671178695259	0.7738403918179199	0.7205542725173211
14	0.4506475607554118	14.380295416630736	0.7917026793431288	0.7182448036951501
15	0.45066648721694946	13.726636449131396	0.8078363583981562	0.7321016166281755
16	0.45037233128267173	12.788986836004694	0.8282915586286372	0.7251732101616628
17	0.4512539439731174	12.56023852759545	0.8254105445116681	0.7182448036951501
18	0.4505681866093686	11.526679887684113	0.843272832036877	0.7228637413394919
19	0.4501447319984436	10.810353086629044	0.8507634687409968	0.7228637413394919
20	0.44959685915992376	10.069176717635688	0.8694900605012964	0.7228637413394919
21	0.4495864456350153	9.05457526171973	0.8813022183808701	0.7136258660508084
22	0.44925225299337634	8.259821283707925	0.8934024776721405	0.6997690531177829
23	0.44906749327977497	7.887121865508753	0.8971477960242005	0.7228637413394919
24	0.4487914180755615	6.8167565514188295	0.9095361567271679	0.7297921478060047
25	0.44844693403977615	6.20605792036844	0.9184673004897724	0.7113163972286374
26	0.44818630041899504	5.679259021347816	0.9314318640161336	0.7205542725173211
27	0.4478689432144165	4.484804195001585	0.9423797176606166	0.7205542725173211
28	0.44773159355952824	4.484209604219559	0.9432440218957073	0.7251732101616628
29	0.4478708982467651	4.367661797672237	0.951310861423221	0.7251732101616628
30	0.4478692470058318	2.793786501665728	0.9665802362431576	0.7205542725173211
31	0.44786057621240616	2.997780489538788	0.9665802362431576	0.7297921478060047
32	0.44783997535705566	2.901119009617272	0.9648516277729761	0.7251732101616628
33	0.44788075895870433	2.13912846216368	0.9775280898876404	0.7182448036951501
34	0.44794016565595357	1.872029341176289	0.9806972054163066	0.7136258660508084
35	0.4482565787103441	1.3754982096613	0.9853068280034573	0.7113163972286374
-1	-1	-1	-1	-1
0	0.5305092334747314	19.80133515979172	0.6609046384327283	0.7182448036951501
1	0.48877882957458496	20.414296622670026	0.623451454912129	0.6651270207852193
2	0.4762996832529704	19.82765570474327	0.6537021031403054	0.6535796766743649
3	0.4702278971672058	19.8756922013169	0.6499567847882455	0.628175519630485
4	0.4674979209899902	18.207297609486712	0.7078651685393258	0.7390300230946882
5	0.46520745754241943	17.20534808482599	0.745606453471622	0.6928406466512702
6	0.464385986328125	17.288682403914425	0.7392682224142898	0.7344110854503464
7	0.46311646699905396	16.299796607516228	0.756266205704408	0.6882217090069284
8	0.4624308745066325	16.251842546900477	0.7551138000576203	0.7321016166281755
9	0.4617399454116821	15.710387907990622	0.7741284932296169	0.7182448036951501
10	0.46088155833157624	15.564296744285373	0.7712474791126477	0.7182448036951501
11	0.46028361717859906	14.59132360318385	0.7893978680495535	0.74364896073903
12	0.4598265061011681	13.88704099130193	0.8092768654566408	0.6581986143187067
13	0.4588226250239781	13.285596790663693	0.8095649668683377	0.6951501154734411
14	0.4575385411580404	13.327555827044566	0.8089887640449438	0.74364896073903
15	0.4561997950077057	11.941871883672311	0.832613079804091	0.7297921478060047
16	0.4553536106558407	10.76312910307438	0.8556611927398444	0.6836027713625866
17	0.45531872908274335	10.42545100089607	0.8596946125036012	0.6974595842956121
18	0.4550814252150686	9.440120874194925	0.8717948717948718	0.7274826789838337
19	0.45476454496383667	8.44231065642943	0.8859118409680208	0.7205542725173211
20	0.4552407378242129	8.381167233537097	0.8905214635551714	0.7043879907621247
21	0.4555059563029896	6.931448458531581	0.9127052722558341	0.7066974595842956
22	0.45508359826129413	6.4459605512269045	0.9150100835494094	0.7413394919168591
23	0.45498817165692645	5.353668216445031	0.930279458369346	0.7113163972286374
24	0.45522010803222657	4.49158921755782	0.9458369346009795	0.7367205542725174
25	0.45522051591139573	6.6464134091084155	0.916162489196197	0.7344110854503464
26	0.45531792993898745	3.62162327014525	0.9570728896571593	0.7205542725173211
27	0.45570418664387297	3.2840206319585854	0.9622587150677039	0.7066974595842956
28	0.4556547937722042	2.6297734665487886	0.9691731489484299	0.7182448036951501
29	0.45538285573323567	1.7861997926727347	0.9795447997695189	0.7090069284064665
30	0.45616662117742723	1.6797377063696264	0.9815615096513973	0.7297921478060047
31	0.45601801574230194	3.0072129735159217	0.9636992221261884	0.7321016166281755
-1	-1	-1	-1	-1
0	0.5363709926605225	20.627733851791522	0.6489913544668587	0.6651270207852193
1	0.4891078472137451	19.865713084509615	0.6510086455331412	0.7159353348729792
2	0.47517093022664386	18.294762497648186	0.7054755043227666	0.7113163972286374
3	0.4672257900238037	17.716741089427142	0.714985590778098	0.6535796766743649
4	0.4645897388458252	18.696959373054156	0.6968299711815562	0.6974595842956121
5	0.4618108669916789	16.595243423356923	0.746685878962536	0.7113163972286374
6	0.4592647211892264	16.912541319470886	0.7328530259365994	0.7344110854503464
7	0.4589320123195648	16.0576790713389	0.7567723342939481	0.6812933025404158
8	0.458146784040663	15.40870328780708	0.7731988472622479	0.7090069284064665
9	0.45807175636291503	14.843500675411399	0.7829971181556196	0.7205542725173211
10	0.4582744294946844	14.56026326625719	0.7847262247838617	0.7090069284064665
11	0.45823562145233154	13.733325214560972	0.7965417867435158	0.7136258660508084
12	0.4584951400756836	13.549160681733298	0.8063400576368877	0.7159353348729792
13	0.4591493606567383	12.34412464526815	0.8262247838616714	0.7043879907621247
14	0.45896544456481936	11.422179270228115	0.8380403458213257	0.7390300230946882
15	0.45819565653800964	10.724096820988786	0.8553314121037464	0.7090069284064665
16	0.45743953480440025	10.374302212251436	0.8587896253602305	0.7136258660508084
17	0.45658720864189994	9.496686563579315	0.8746397694524496	0.7113163972286374
18	0.4562108516693115	8.57322125478622	0.8896253602305475	0.6997690531177829
19	0.45590410232543943	7.60108805468323	0.9046109510086455	0.674364896073903
20	0.45559853599185035	7.010936630428384	0.9121037463976945	0.7228637413394919
21	0.45510556481101294	6.262237295098261	0.9250720461095101	0.7228637413394919
22	0.4545449381289275	5.342498834526867	0.9360230547550432	0.6766743648960739
23	0.45421065886815387	4.448081261794502	0.9507204610951009	0.6928406466512702
24	0.4537882900238037	4.327659567288302	0.9484149855907781	0.7159353348729792
25	0.45329498327695406	2.971510880037185	0.9657060518731988	0.7159353348729792
26	0.4529283841451009	3.2779760202136607	0.9657060518731988	0.7090069284064665
27	0.4526416403906686	2.9195473632954676	0.9688760806916427	0.7113163972286374
28	0.45220143219520303	2.2508865189524965	0.9743515850144092	0.7090069284064665
29	0.45183625221252444	1.9343676652520074	0.9763688760806917	0.7020785219399538
30	0.45142065325090963	1.1590264668397674	0.9881844380403458	0.7251732101616628
31	0.45099300146102905	0.7151780288341806	0.9942363112391931	0.7251732101616628
32	0.4506146691062234	1.6022121175235018	0.9827089337175793	0.7113163972286374
33	0.45050259898690614	2.457998599754561	0.9731988472622478	0.7159353348729792
34	0.45079919951302666	0.6383450408850652	0.9942363112391931	0.7205542725173211
-1	-1	-1	-1	-1
0	0.5471310615539551	21.758260315711347	0.5820121072355146	0.6543778801843319
1	0.504135012626648	22.322495915474146	0.5422311905448256	0.5368663594470046
2	0.4858989715576172	21.07020273121125	0.5949841452868262	0.6267281105990783
3	0.478171169757843	21.100376251640668	0.594119342750072	0.6336405529953917
4	0.47419075965881347	19.617111890687855	0.6523493802248487	0.6428571428571429
5	0.47062408924102783	19.058940572476168	0.6693571634476795	0.6751152073732719
6	0.4698513575962612	17.87515249164826	0.7160565004324013	0.7096774193548387
7	0.46914756298065186	17.02584472708746	0.7333525511674834	0.6935483870967742
8	0.46749265988667804	16.65273243790373	0.7420005765350245	0.6935483870967742
9	0.4651577711105347	16.064783651894384	0.7581435572211012	0.7211981566820277
10	0.46321901408108795	15.63700367113866	0.7688094551744018	0.7304147465437788
11	0.46172024806340534	15.181288211717519	0.780628423176708	0.7419354838709677
12	0.46042576202979457	14.484429061959643	0.7944652637647737	0.7258064516129032
13	0.45974814891815186	13.993448594294557	0.804842894205823	0.684331797235023
14	0.45938116709391275	13.64690963937602	0.8100317094263476	0.7442396313364056
15	0.45864395797252655	12.382807477898554	0.8270394926491784	0.6866359447004609
16	0.4588128398446476	11.778781492775733	0.8394349956759873	0.7027649769585254
17	0.4578320052888658	10.962093322648915	0.8489478235802825	0.7027649769585254
18	0.45694585850364283	9.594149663907672	0.8705678869991352	0.7188940092165899
19	0.456743061542511	8.888963454360262	0.8872874027097146	0.728110599078341
20	0.4565801393418085	7.548567763162316	0.9089074661285673	0.6543778801843319
21	0.45675118403001264	7.710153668298634	0.9034303833957913	0.695852534562212
22	0.4571089744567871	6.530574970289108	0.922744306716633	0.6935483870967742
23	0.45691420634587604	6.225603782802547	0.9259152493513981	0.7027649769585254
24	0.45692794799804687	5.419888428591807	0.9339867396944365	0.6981566820276498
25	0.45668426843789905	5.164664208615592	0.9377342173537042	0.7073732718894009
26	0.4566969430005109	4.361934011682458	0.9463822427212453	0.6751152073732719
27	0.4566013813018799	3.721040275118767	0.960219083309311	0.6751152073732719
28	0.4561045827536747	3.23435826203145	0.9651196310175844	0.663594470046083
29	0.45538147290547687	3.516046499713845	0.957048140674546	0.7119815668202765
30	0.45486227158577214	2.156049950817309	0.9743441914096281	0.695852534562212
31	0.45427224785089493	2.4503958651095354	0.9723263188238686	0.6797235023041475
32	0.4537924925486247	1.937779400002109	0.9798212741424042	0.7004608294930875
33	0.4534030100878547	1.332996307914957	0.9861631594119342	0.6866359447004609
34	0.45316648483276367	1.5097177179034698	0.9847218218506775	0.6866359447004609
-1	-1	-1	-1	-1
0	0.5427045822143555	21.415388711001896	0.5938310752378207	0.6359447004608295
1	0.5022732019424438	22.198320633774504	0.5393485154223119	0.6359447004608295
2	0.48553959528605145	21.493502634380935	0.5690400691842029	0.5069124423963134
3	0.4759896397590637	20.332504114973435	0.6359181320265206	0.7188940092165899
4	0.4682196617126465	19.274275368506757	0.6647448832516576	0.7396313364055299
5	0.46337683995564777	18.928420779901906	0.6800230614009801	0.7235023041474654
6	0.4600940431867327	18.20750160392271	0.6993369847218218	0.7488479262672811
7	0.45798641443252563	17.54137880430309	0.7255693283366964	0.7672811059907834
8	0.45593399471706814	17.408260126726343	0.726722398385702	0.7465437788018433
9	0.4546607494354248	16.53587801522071	0.7443067166330355	0.7672811059907834
10	0.4540033557198264	16.320444168300803	0.7613144998558662	0.771889400921659
11	0.45348892609278363	16.02183677078387	0.7543960795618334	0.7741935483870968
12	0.4537336092728835	15.38540057523535	0.7725569328336697	0.771889400921659
13	0.4531925065176828	14.81793322694411	0.7760161429806861	0.7880184331797235
14	0.45322972933451333	14.576379259791944	0.7852407033727299	0.7741935483870968
15	0.45318663120269775	14.430263283055856	0.7901412510810032	0.7442396313364056
16	0.45380568504333496	13.314111333374584	0.8108965119631018	0.771889400921659
17	0.4533913930257161	12.373215557238378	0.825886422600173	0.7741935483870968
18	0.4532520896510074	11.836477543235919	0.8299221677716921	0.7764976958525346
19	0.452606999874115	11.092692213320952	0.8486595560680311	0.771889400921659
20	0.4518863360087077	9.766555322419613	0.8645142692418565	0.7327188940092166
21	0.45135675777088513	8.966822175804628	0.8757567022196598	0.7649769585253456
22	0.450973946115245	7.855704047264309	0.8959354280772557	0.7396313364055299
23	0.450956533352534	7.698070352777429	0.8933410204669934	0.7465437788018433
24	0.45089168548583985	6.321597859400128	0.9184202940328625	0.7304147465437788
25	0.45099738010993373	6.066565837335149	0.9213029691553762	0.728110599078341
26	0.4505330898143627	5.4414318898402225	0.9308157970596713	0.716589861751152
27	0.4503979597772871	4.756510679738237	0.9432113000864802	0.7188940092165899
28	0.4501680587900096	3.5476946688573294	0.9590660132603056	0.7396313364055299
29	0.4498279333114624	3.855724642036158	0.9564716056500432	0.7373271889400922
30	0.4494730657146823	3.7610324987577735	0.960219083309311	0.7327188940092166
31	0.4492982178926468	2.6649713622867512	0.968002306140098	0.7119815668202765
32	0.44960888226826984	1.6892413375130213	0.9815508792159123	0.7327188940092166
33	0.44915689440334544	1.4471286974778963	0.9852983568751802	0.7304147465437788
-1	-1	-1	-1	-1
0	0.5863800048828125	20.706564868262056	0.6451426924185645	0.7096774193548387
1	0.5155631303787231	21.320324547793888	0.5825886422600173	0.6359447004608295
2	0.4907104969024658	19.32774582259152	0.6670510233496685	0.7119815668202765
3	0.48006612062454224	18.220536879443248	0.7134620928221389	0.7442396313364056
4	0.47368602752685546	17.36308717290196	0.7333525511674834	0.7764976958525346
5	0.46995437145233154	17.126008147493415	0.7422888440472759	0.7396313364055299
6	0.467292240687779	16.820654116639304	0.7425771115595272	0.7972350230414746
7	0.46530792117118835	16.328022383768623	0.750936869414817	0.7788018433179723
8	0.46329673131306964	15.97487361278009	0.761891034880369	0.7741935483870968
9	0.46238515377044676	15.75197075703822	0.7647737100028826	0.783410138248848
10	0.46070673248984595	15.322327692574317	0.7786105505909484	0.7626728110599078
11	0.45933393637339276	14.936665416857519	0.7814932257134621	0.7649769585253456
12	0.4584185160123385	14.543626317190467	0.7858172383972326	0.7926267281105991
13	0.45809030532836914	13.880142413148093	0.8051311617180744	0.7695852534562212
14	0.45704221725463867	13.052029220336074	0.8132026520611128	0.7857142857142857
15	0.4562836140394211	11.946919423724534	0.8397232631882386	0.7672811059907834
16	0.4556121966418098	11.136687654967702	0.847794753531277	0.7649769585253456
17	0.45498883724212646	10.655482795260369	0.8521187662150476	0.8064516129032258
18	0.45433464803193746	9.526941531295076	0.8708561545113865	0.7695852534562212
19	0.45385046005249025	9.418740082224575	0.8737388296339003	0.7926267281105991
20	0.4534901437305269	8.014383325883008	0.8939175554914961	0.7880184331797235
21	0.45327234268188477	6.96365657421427	0.9089074661285673	0.7695852534562212
22	0.4527327185091765	6.62452267288068	0.9169789564716057	0.7764976958525346
23	0.45270825425783795	5.596901908927007	0.9313923320841742	0.7649769585253456
24	0.4526035690307617	5.509266357903087	0.9354280772556933	0.7626728110599078
25	0.45255571145277756	5.328834769922659	0.9331219371576823	0.728110599078341
26	0.45216561246801307	4.435770909447188	0.9478235802825021	0.7695852534562212
27	0.4518941470554897	4.090259106881028	0.9538771980397809	0.7741935483870968
28	0.45170992818372	2.627196473949546	0.9671375036033439	0.7626728110599078
29	0.4513711849848429	2.2730565903657074	0.9711732487748631	0.7488479262672811
30	0.45115139407496296	2.043363785661689	0.97895647160565	0.7419354838709677
31	0.4509870782494545	2.485909394236333	0.9723263188238686	0.7788018433179723
32	0.45081328623222583	1.2543662165829894	0.9870279619486884	0.7811059907834101
33	0.45073869649101705	1.3111825742226932	0.986739694436437	0.7672811059907834
34	0.45046681676592143	1.5254901277943762	0.9864514269241856	0.7603686635944701
35	0.4502507911788093	2.2351645534738487	0.9786682040933987	0.771889400921659
36	0.449977649224771	1.1609309412060527	0.9896223695589507	0.7603686635944701
37	0.44988358648199783	0.6499091076083618	0.9948111847794754	0.7511520737327189
-1	-1	-1	-1	-1
0	0.5346043109893799	20.657180864876562	0.641683482271548	0.6797235023041475
1	0.4946480989456177	20.57109760144435	0.6298645142692418	0.6451612903225806
2	0.4832903544108073	19.362460127664267	0.6731046411069472	0.7004608294930875
3	0.47489678859710693	17.90262729749767	0.7192274430671663	0.7235023041474654
4	0.4705194473266602	17.238808185682384	0.7356586912654943	0.7119815668202765
5	0.4668385982513428	17.070622181673663	0.738541366388008	0.7073732718894009
6	0.46511663709368023	16.357152335140682	0.7506486019025655	0.7442396313364056
7	0.46401292085647583	16.63975239237514	0.7500720668780628	0.7304147465437788
8	0.4635243945651584	15.650720922225112	0.7711155952724128	0.7695852534562212
9	0.4620989799499512	15.443997024396143	0.7742865379071778	0.7695852534562212
10	0.4612845941023393	15.166623942348934	0.7768809455174401	0.7327188940092166
11	0.460027019182841	14.820263385772705	0.7846641683482272	0.7557603686635944
12	0.45955733152536243	14.156183901183102	0.7921591236667628	0.7649769585253456
13	0.45858260563441683	13.00684296319244	0.8172383972326319	0.7603686635944701
14	0.4582685947418213	12.416547633092337	0.8267512251369271	0.6935483870967742
15	0.45694227516651154	12.119181296147337	0.8279042951859326	0.7188940092165899
16	0.45571146291844983	11.556023938940205	0.8443355433842606	0.6820276497695853
17	0.45601652728186715	10.93955761139546	0.8509656961660421	0.7327188940092166
18	0.4553174345116866	9.679890991350927	0.8682617469011242	0.7258064516129032
19	0.4545265793800354	9.017906764231691	0.8792159123666763	0.7442396313364056
20	0.4537629627046131	8.060461527710661	0.8947823580282502	0.7304147465437788
21	0.4531159726056186	7.528234318855706	0.9054482559815509	0.7327188940092166
22	0.45267893957055133	6.692642943574748	0.9140962813490919	0.7258064516129032
23	0.4521656533082326	5.983419937824984	0.9253387143268954	0.7211981566820277
24	0.4515927505493164	5.7743891067461135	0.9279331219371577	0.7235023041474654
25	0.4511956159885113	4.605992715293114	0.9417699625252234	0.7073732718894009
26	0.4508987621024803	4.114286743719643	0.9530123955030269	0.7142857142857143
27	0.450703569820949	3.7890839658745934	0.9544537330642836	0.7188940092165899
28	0.4504825822238264	3.3838059341688767	0.9654078985298357	0.7119815668202765
29	0.45022854804992674	2.2289103979091034	0.9772268665321419	0.7050691244239631
-1	-1	-1	-1	-1
0	0.6032607555389404	20.5963178074688	0.6376477371000289	0.6612903225806451
1	0.5243128538131714	21.731247210721357	0.5603920438166619	0.5345622119815668
2	0.49405352274576825	21.04001165967469	0.606514845776881	0.5944700460829493
3	0.48025208711624146	20.848361387165316	0.6238108965119631	0.5921658986175116
4	0.4744447708129883	20.215629306408243	0.6402421447102912	0.7027649769585254
5	0.4677478075027466	18.197050825171516	0.7079850100893629	0.7073732718894009
6	0.46630184991019114	17.648716213506297	0.7192274430671663	0.6612903225806451
7	0.4653197228908539	17.28311696183791	0.7333525511674834	0.7235023041474654
8	0.4652688768174913	17.129183567992044	0.7405592389737676	0.6705069124423964
9	0.46490333080291746	16.854499099451466	0.7454597866820409	0.695852534562212
10	0.4649467468261719	16.774420764468132	0.740847506486019	0.7258064516129032
11	0.4645368655522664	16.012891051966115	0.7682329201498991	0.7327188940092166
12	0.4641443949479323	15.48261850252064	0.7690977226866532	0.7373271889400922
13	0.46397013323647635	15.016212892094883	0.7760161429806861	0.7327188940092166
14	0.46341629028320314	14.361484203863581	0.7855289708849813	0.7373271889400922
15	0.463200107216835	13.938604722329236	0.7912943211300086	0.7465437788018433
16	0.46280182109159584	13.437221107132938	0.8062842317670799	0.7373271889400922
17	0.46280378765530056	12.725974586031853	0.8120495820121072	0.7488479262672811
18	0.4626972926290412	12.52964362310707	0.8247333525511675	0.7511520737327189
19	0.4621072769165039	11.85613040311621	0.8377053906024791	0.7442396313364056
20	0.4609257720765613	11.028244613507471	0.8449120784087634	0.7142857142857143
21	0.45950639247894287	10.481069783551977	0.8550014413375613	0.7073732718894009
22	0.45859603259874426	9.556035754877493	0.8699913519746325	0.728110599078341
23	0.4582088689009349	8.6970620199081	0.8878639377342173	0.7211981566820277
24	0.4573818778991699	8.082956900290393	0.8910348803689824	0.7119815668202765
25	0.45660351789914644	7.540480349042	0.9014125108100317	0.7096774193548387
26	0.457395006109167	7.327675751589854	0.9060247910060536	0.716589861751152
27	0.4567569238798959	6.488001232847162	0.9175554914961084	0.7073732718894009
28	0.4568056895815093	5.584113871285675	0.9325454021331796	0.7142857142857143
29	0.4564342975616455	5.140712089494827	0.936004612280196	0.7142857142857143
30	0.455877504041118	4.203933287651167	0.9452291726722398	0.7050691244239631
31	0.4559843987226486	4.4432556388575	0.9501297203805131	0.728110599078341
32	0.456005385427764	3.7127821974524666	0.9556068031132892	0.7258064516129032
33	0.455876161070431	3.1651761493551622	0.9642548284808302	0.7004608294930875
34	0.455690826688494	3.8534572036988144	0.9538771980397809	0.6981566820276498
35	0.45551591449313694	2.175897905175839	0.9749207264341309	0.716589861751152
36	0.4556291618862668	1.4704126676698344	0.9850100893629288	0.7096774193548387
37	0.4556624136473003	1.2537785540975699	0.9861631594119342	0.7096774193548387
38	0.45553073516258824	1.0258190330147845	0.9878927644854425	0.7119815668202765
-1	-1	-1	-1	-1
0	0.5464093685150146	20.348716814583593	0.6546555203228596	0.7350230414746544
1	0.5001682043075562	20.385100929015273	0.6353415970020179	0.6912442396313364
2	0.48319300015767414	19.028754015581324	0.6843470740847506	0.7096774193548387
3	0.4766842722892761	18.096285483159058	0.7146151628711445	0.716589861751152
4	0.47313714027404785	18.143279657451384	0.7091380801383684	0.7073732718894009
5	0.47200751304626465	17.562626042497268	0.7272989334102047	0.7373271889400922
6	0.469442469733102	17.309338307161944	0.733064283655232	0.7511520737327189
7	0.46664145588874817	16.328002982183335	0.7578552897088499	0.771889400921659
8	0.46490388446384007	16.5570827230401	0.7500720668780628	0.7442396313364056
9	0.4642536401748657	16.041777540784363	0.7653502450273855	0.7419354838709677
10	0.46309664032676	15.647909356913436	0.7708273277601614	0.7788018433179723
11	0.46250808238983154	14.966908936106831	0.786105505909484	0.728110599078341
12	0.46203152949993426	14.934672071299422	0.7708273277601614	0.771889400921659
13	0.4615766150610788	14.395096380776222	0.7973479388872874	0.7488479262672811
14	0.4614377657572428	14.258886722249722	0.801671951571058	0.7488479262672811
15	0.461047887802124	13.338157461323869	0.8074373018160853	0.7465437788018433
16	0.4607551939347211	12.164432361585284	0.8255981550879216	0.7534562211981567
17	0.46051494280497235	11.767507054390164	0.8333813779187086	0.7557603686635944
18	0.4599006928895649	10.701971810892088	0.8503891611415394	0.7649769585253456
19	0.45961360931396483	10.419746858264329	0.858748918996829	0.7350230414746544
20	0.4593011311122349	9.597722265698494	0.8650908042663592	0.7603686635944701
21	0.4592145789753307	8.590967864071557	0.8869991351974632	0.7235023041474654
22	0.4591559845468272	8.055379282443896	0.8901700778322283	0.7511520737327189
23	0.4587534964084625	7.948320897347337	0.8916114153934852	0.7119815668202765
24	0.4587069511413574	6.220895749439887	0.9201498991063707	0.7396313364055299
25	0.45872692878429705	6.305651005254973	0.9175554914961084	0.7488479262672811
26	0.4587231300495289	4.99703716028721	0.933698472182185	0.7465437788018433
27	0.45868473393576487	3.8568512038626803	0.9509945229172673	0.7235023041474654
28	0.4584731151317728	3.877849484392262	0.9472470452579994	0.7142857142857143
29	0.4583630084991455	4.047983227519814	0.954742000576535	0.7258064516129032
30	0.4583776920072494	2.8369214834149825	0.9651196310175844	0.6981566820276498
-1	-1	-1	-1	-1
0	0.6053450107574463	21.02262545944354	0.6181556195965417	0.7142857142857143
1	0.5268831253051758	20.92812411719506	0.6172910662824207	0.6543778801843319
2	0.5039352575937907	20.071377150509335	0.6417867435158502	0.6566820276497696
3	0.49236804246902466	18.60380727872936	0.6962536023054755	0.728110599078341
4	0.48338708877563474	18.115055250465325	0.7092219020172911	0.6751152073732719
5	0.47913841406504315	17.44377373774117	0.730835734870317	0.7142857142857143
6	0.4762744903564453	17.02766636314742	0.7420749279538905	0.7096774193548387
7	0.47412750124931335	16.44953244760496	0.7512968299711815	0.7419354838709677
8	0.47159189648098415	16.336846509111037	0.7547550432276657	0.728110599078341
9	0.47005889415740965	15.301907171896838	0.784149855907781	0.7211981566820277
10	0.4692367206920277	15.138212842678804	0.7844380403458213	0.7327188940092166
11	0.46789562702178955	14.807678559504518	0.7873198847262248	0.7258064516129032
12	0.467610450891348	13.978029699500548	0.801729106628242	0.7396313364055299
13	0.4673548936843872	13.247235158167848	0.8213256484149856	0.7327188940092166
14	0.46703694661458334	12.860429798791168	0.8227665706051873	0.7119815668202765
15	0.4665960222482681	12.348684341535655	0.8288184438040346	0.7442396313364056
16	0.4663354789509493	10.980163692334376	0.8559077809798271	0.7258064516129032
17	0.4655764235390557	10.42142546067544	0.8619596541786744	0.7488479262672811
18	0.4651282335582532	9.50383904877059	0.8717579250720461	0.7488479262672811
19	0.4647926211357117	8.54845580595349	0.885878962536023	0.7258064516129032
20	0.46410147349039715	8.06273437639989	0.8936599423631124	0.7188940092165899
21	0.4631127986040982	6.753829720370266	0.9123919308357349	0.7511520737327189
22	0.46228832783906354	5.811439581967275	0.9230547550432276	0.7258064516129032
23	0.46130475401878357	5.530520473871756	0.929971181556196	0.7211981566820277
24	0.46058996200561525	4.326821446692178	0.945821325648415	0.7350230414746544
25	0.4599646513278668	3.930404336900886	0.9533141210374639	0.7327188940092166
26	0.4594089455074734	5.214837142086904	0.9334293948126802	0.7350230414746544
27	0.45867221696036203	3.159419344926099	0.9622478386167147	0.7419354838709677
28	0.458115240623211	2.865299309612414	0.9662824207492795	0.7188940092165899
29	0.45770426591237384	2.4778936596057557	0.9726224783861671	0.7304147465437788
30	0.45769606098051996	2.2421794708032126	0.9720461095100864	0.7419354838709677
31	0.4576888903975487	1.2998084796660947	0.9864553314121037	0.7373271889400922
32	0.4576507337165601	1.6464135379214353	0.9809798270893372	0.728110599078341
33	0.45758306980133057	0.9777568516475277	0.9902017291066283	0.7258064516129032
34	0.4574211256844657	1.8644999520331962	0.9853025936599423	0.6912442396313364
35	0.4573160542382134	1.6017505706569881	0.9821325648414986	0.7142857142857143
36	0.4572782516479492	0.6676873164817503	0.9930835734870317	0.7235023041474654
37	0.45712071970889445	0.4474683103211429	0.9948126801152738	0.7258064516129032
38	0.4568833999144725	0.3086152739765191	0.9968299711815563	0.7211981566820277
39	0.45690197348594663	0.1806691202282726	0.9982708933717579	0.7188940092165899
40	0.4569047834815049	0.12312903445377876	0.9985590778097982	0.7211981566820277
41	0.45676201298123315	0.07129985322909314	0.9994236311239193	0.7211981566820277
-1	-1	-1	-1	-1
0	0.5413727760314941	20.7429989806009	0.6367041198501873	0.7066974595842956
1	0.49494028091430664	21.228522256973687	0.5969461250360126	0.5704387990762124
2	0.474973201751709	18.69791228618097	0.7012388360702967	0.7228637413394919
3	0.4661484360694885	18.183471622817013	0.6989340247767214	0.7367205542725174
4	0.4603694438934326	17.480532178091348	0.7265917602996255	0.5981524249422633
5	0.4564356009165446	17.219726138158677	0.7340823970037453	0.7251732101616628
6	0.45395353862217497	16.50797259479488	0.7591472198213771	0.7344110854503464
7	0.4524046778678894	15.804839934777776	0.7617401325266494	0.7367205542725174
8	0.45238812764485675	15.699537705937656	0.7721117833477384	0.7297921478060047
9	0.45254130363464357	15.284082180863127	0.7793143186401613	0.7321016166281755
10	0.45299215750260785	15.475773356376438	0.773552290406223	0.7274826789838337
11	0.4522777199745178	14.73667703856022	0.787669259579372	0.7251732101616628
12	0.45146753237797665	14.178874951983811	0.7942955920484011	0.7251732101616628
13	0.45133847849709646	13.818719470172848	0.80841256122155	0.7321016166281755
14	0.4514501412709554	12.815353078579683	0.8213771247479112	0.7136258660508084
15	0.4505847543478012	11.818122019461535	0.8375108038029386	0.6997690531177829
16	0.4498513586380902	11.122624747250057	0.8504753673293	0.7228637413394919
17	0.44930987887912327	10.151056663705669	0.8631518294439643	0.7113163972286374
18	0.44873538770173726	9.278352330584045	0.8798617113223854	0.6997690531177829
19	0.4484030842781067	8.767816327033787	0.8882166522615961	0.7136258660508084
20	0.4480931872413272	7.647420566016381	0.899164505906079	0.6997690531177829
21	0.447766282341697	6.82227917767446	0.9144338807260155	0.7182448036951501
22	0.44756015487339185	6.890111451848932	0.9170267934312878	0.7159353348729792
23	0.4473600486914317	5.416292153367209	0.9366176894266782	0.7205542725173211
24	0.4471859073638916	5.685561912869095	0.9360414866032843	0.7090069284064665
25	0.44761675137739915	4.3778788231381585	0.9467012388360703	0.7066974595842956
26	0.44800639152526855	3.7428987198466555	0.9541918755401901	0.6836027713625866
27	0.4479078565325056	3.5504087280789647	0.9559204840103717	0.7182448036951501
28	0.44784407780088226	3.0367265778397203	0.9674445404782483	0.7205542725173211
29	0.447689159711202	2.1154670945001306	0.9778161912993374	0.6859122401847575
-1	-1	-1	-1	-1
0	0.5902583599090576	20.17985268689077	0.6591760299625468	0.6882217090069284
1	0.5212267637252808	22.114567257942408	0.5877268798617113	0.5612009237875288
2	0.5005307992299398	21.161323634856338	0.6122154998559493	0.6466512702078522
3	0.48909175395965576	19.56845592577523	0.6609046384327283	0.6628175519630485
4	0.47872300148010255	18.139993536362955	0.7023912417170844	0.6812933025404158
5	0.4721197684605916	18.05580205217414	0.6997983290118122	0.6882217090069284
6	0.4694180829184396	16.722887376032837	0.7418611351195621	0.6535796766743649
7	0.46773335337638855	16.977954497031117	0.7435897435897436	0.6812933025404158
8	0.4661228921678331	15.909819928877944	0.7582829155862864	0.6766743648960739
9	0.46493000984191896	16.152041828960453	0.7623163353500432	0.6905311778290993
10	0.4641610492359508	15.965102003255021	0.762892538173437	0.6928406466512702
11	0.46313681205113727	15.002751459769152	0.7836358398156151	0.7182448036951501
12	0.4629107071803166	14.141177002443087	0.7968885047536733	0.7228637413394919
13	0.46267672947474886	13.35457994303572	0.8141745894554884	0.6951501154734411
14	0.462604284286499	13.342098144216274	0.8138864880437914	0.6974595842956121
15	0.4627200961112976	12.423266502695347	0.8259867473350619	0.6974595842956121
16	0.4622456746942857	12.059892256325538	0.8389513108614233	0.7020785219399538
17	0.4619426329930623	11.404305676801489	0.8421204263900893	0.7090069284064665
18	0.4608820112128007	10.332127017712374	0.8594065110919044	0.6974595842956121
19	0.4593936324119568	10.487716204529509	0.867473350619418	0.7182448036951501
20	0.4591654936472575	9.037748982053284	0.8784212042639009	0.674364896073903
21	0.45892907272685657	8.774453825906877	0.8861999423797177	0.7159353348729792
22	0.458744712497877	7.726351118962699	0.8985883030826851	0.7205542725173211
23	0.45831263065338135	6.723766775306212	0.9150100835494094	0.7205542725173211
24	0.4581311321258545	6.789401360608022	0.912993373667531	0.6951501154734411
25	0.45798688668471116	5.644708559053753	0.930279458369346	0.6928406466512702
26	0.4580620924631755	4.8338057475352505	0.9389225007202535	0.6789838337182448
27	0.4579573018210275	4.742019318659371	0.9423797176606166	0.6836027713625866
28	0.4579392383838522	4.2356287361285005	0.951310861423221	0.7113163972286374
29	0.45779714584350584	4.213550968454518	0.9495822529530394	0.6974595842956121
30	0.45799402267702166	2.832216407454342	0.9668683376548545	0.6905311778290993
31	0.4577257037162781	2.028347616007022	0.9740708729472775	0.7182448036951501
32	0.45792698860168457	2.762429762187354	0.9662921348314607	0.6789838337182448
-1	-1	-1	-1	-1
0	0.552783727645874	20.347654342651367	0.6561959654178674	0.6859122401847575
1	0.5010470151901245	21.87745334905222	0.5547550432276657	0.5866050808314087
2	0.48249387741088867	20.405494348718484	0.6314121037463977	0.6836027713625866
3	0.47112423181533813	18.63034740500494	0.7002881844380403	0.6420323325635104
4	0.465256929397583	18.26284212147424	0.6985590778097983	0.6905311778290993
5	0.4629368782043457	17.393373769357662	0.7305475504322767	0.7205542725173211
6	0.46351075172424316	17.900389365099986	0.7164265129682997	0.6882217090069284
7	0.46332842111587524	16.77264724521462	0.7345821325648415	0.7182448036951501
8	0.46348924107021755	16.807114246788373	0.7412103746397695	0.6836027713625866
9	0.4640232801437378	15.955646444898132	0.7631123919308357	0.6651270207852193
10	0.46384744210676715	15.835423075824703	0.7668587896253602	0.7159353348729792
11	0.4643058776855469	15.154015466707563	0.776657060518732	0.7182448036951501
12	0.4637201749361478	14.705322217503818	0.7864553314121038	0.7482678983833718
13	0.4630934510912214	13.900382588762756	0.8080691642651296	0.7274826789838337
14	0.4636278947194417	12.957282958774393	0.8077809798270893	0.7205542725173211
15	0.4638294279575348	12.60971023839548	0.822478386167147	0.74364896073903
16	0.4632915188284481	11.847994334107145	0.8351585014409222	0.7251732101616628
17	0.46329396300845677	10.947715542732029	0.8455331412103746	0.7113163972286374
18	0.4627285254629035	9.999072861233982	0.8634005763688761	0.6789838337182448
19	0.4630006790161133	10.365904606810403	0.861671469740634	0.7113163972286374
20	0.4625725405556815	9.302319854771325	0.8746397694524496	0.7228637413394919
21	0.4621928496794267	8.242651875959623	0.8829971181556195	0.7020785219399538
22	0.4613804920859959	7.554034559004897	0.8962536023054755	0.7043879907621247
23	0.46078277627627057	6.9169329153288395	0.9138328530259366	0.6997690531177829
24	0.46053016662597657	7.386066699246748	0.8997118155619597	0.6905311778290993
25	0.4601491873080914	5.537887016567615	0.9311239193083574	0.6951501154734411
26	0.45986006878040453	4.879015187604712	0.9389048991354467	0.6951501154734411
27	0.45915515933718	4.997091094288257	0.937463976945245	0.6974595842956121
28	0.4586073036851554	4.5508019967910345	0.9435158501440922	0.6605080831408776
29	0.45804448922475177	3.566762830276008	0.9576368876080692	0.6951501154734411
30	0.45762701957456525	2.649612259290634	0.9685878962536023	0.6882217090069284
31	0.457143172621727	3.5000374504459013	0.9593659942363112	0.6928406466512702
32	0.4567585930679784	2.1085488927473715	0.975792507204611	0.6859122401847575
-1	-1	-1	-1	-1
0	0.5804095268249512	20.715161953497372	0.627558374171231	0.6566820276497696
1	0.5119404792785645	20.482192406960582	0.6220812914384549	0.6566820276497696
2	0.4886675675710042	19.63800073326181	0.6762755837417123	0.7096774193548387
3	0.4761087894439697	18.978292220229402	0.6906889593542808	0.716589861751152
4	0.4679452419281006	18.49805501622891	0.700201787258576	0.7073732718894009
5	0.4632211923599243	17.879826563213943	0.7180743730181609	0.7096774193548387
6	0.4600757530757359	17.093170170390277	0.7342173537042376	0.771889400921659
7	0.4610151946544647	16.88703938142969	0.7405592389737676	0.7603686635944701
8	0.45912546581692165	16.63610620236178	0.738541366388008	0.7534562211981567
9	0.4583194971084595	15.961890491870566	0.7590083597578553	0.7811059907834101
10	0.4583108425140381	15.686594131889693	0.761891034880369	0.7672811059907834
11	0.45682934919993085	15.106354945296541	0.7748630729316806	0.6797235023041475
12	0.4563762591435359	14.636899838753797	0.7858172383972326	0.7465437788018433
13	0.4560396500996181	13.912139717592012	0.7938887287402709	0.716589861751152
14	0.45592355728149414	13.990082578921538	0.7944652637647737	0.7534562211981567
15	0.4561689496040344	12.748625672191654	0.8120495820121072	0.7465437788018433
16	0.4561408828286564	12.127832535210006	0.8244450850389161	0.7557603686635944
17	0.4571237828996446	11.529208030175726	0.834534447967714	0.7419354838709677
18	0.45616103473462555	10.510898839443103	0.850100893629288	0.7419354838709677
19	0.4555458903312683	9.735945990326208	0.8676852118766215	0.7350230414746544
20	0.45481522878011066	9.419178715539635	0.8708561545113865	0.7557603686635944
21	0.4543371850794012	7.954732068634908	0.897665033150764	0.7119815668202765
22	0.453734014345252	7.246879928702608	0.9066013260305563	0.728110599078341
23	0.4532371461391449	6.0204734211667965	0.9181320265206111	0.716589861751152
24	0.4528715324401855	5.78630141708829	0.9244739117901413	0.7396313364055299
25	0.45268359551062953	5.053297441486919	0.9357163447679446	0.7211981566820277
26	0.45304640134175617	5.823305775813006	0.9308157970596713	0.7096774193548387
27	0.4529154470988682	4.136865219118398	0.9469587777457481	0.728110599078341
28	0.4525798600295494	3.1510614267456423	0.962525223407322	0.6935483870967742
29	0.4522583484649658	2.7861755627010942	0.9659844335543384	0.695852534562212
-1	-1	-1	-1	-1
0	0.5405271053314209	22.630562852282043	0.5693283366964543	0.5921658986175116
1	0.49419522285461426	22.38430412537461	0.5430959930815797	0.4377880184331797
2	0.4792745113372803	21.93354600503904	0.5592389737676564	0.6036866359447005
3	0.4712199568748474	21.783378723564496	0.5748054194292304	0.5622119815668203
4	0.46691088676452636	21.125888833212198	0.5981550879215912	0.6751152073732719
5	0.4632532596588135	20.079801909420468	0.6408186797347939	0.6935483870967742
6	0.46125742367335726	18.881074931643425	0.6912654943787835	0.7258064516129032
7	0.45926302671432495	18.179759563656027	0.7097146151628712	0.7442396313364056
8	0.45774274402194554	17.35881280024117	0.7304698760449697	0.7073732718894009
9	0.4567950963973999	17.089423074634798	0.7379648313635053	0.7580645161290323
10	0.45598337867043237	16.63297101991986	0.7477659267800519	0.7465437788018433
11	0.45516814788182575	16.00472613430898	0.7644854424906313	0.7695852534562212
12	0.45449238557081956	15.700730507526922	0.7705390602479101	0.7741935483870968
13	0.4537478855678013	15.144795579647798	0.7786105505909484	0.7695852534562212
14	0.4529615720113119	14.330872102614936	0.7918708561545114	0.7603686635944701
15	0.45238184928894043	13.885561383098636	0.7953300663015278	0.7649769585253456
16	0.4519049139583812	13.393823343679445	0.8028250216200634	0.771889400921659
17	0.45148422982957626	12.515770188165368	0.8215624099164024	0.7741935483870968
18	0.4511670815317254	11.967523846057578	0.8250216200634188	0.7534562211981567
19	0.45084604024887087	11.448024870058813	0.8417411357739982	0.7626728110599078
20	0.4506699130648658	10.067640015838343	0.8645142692418565	0.7672811059907834
21	0.45012108846144244	9.56457223148521	0.8676852118766215	0.7511520737327189
22	0.4497223833332891	8.527392785483544	0.8864226001729605	0.7557603686635944
23	0.4496453007062276	7.885640872727841	0.8970884981262611	0.7672811059907834
24	0.4494797420501709	7.504550138744739	0.9022773133467858	0.7649769585253456
25	0.44924215170053333	6.3839038599521745	0.9187085615451138	0.7488479262672811
26	0.4491175722192835	6.098136067937274	0.9247621793023926	0.7419354838709677
27	0.4490448066166469	5.213960660706967	0.9348515422311905	0.7419354838709677
28	0.44897118108025913	6.143897419675775	0.9210147016431248	0.7626728110599078
29	0.4490215539932251	4.317511968793125	0.9472470452579994	0.7626728110599078
30	0.4488377648015176	4.0485162587340815	0.9541654655520323	0.7557603686635944
31	0.44870590418577194	2.9235585584826427	0.9648313635053329	0.716589861751152
32	0.44864374941045587	3.1743361617720454	0.9593542807725569	0.7557603686635944
-1	-1	-1	-1	-1
0	0.5867867469787598	20.605862451255867	0.6500432401268377	0.6981566820276498
1	0.5170929431915283	21.8014507031222	0.572211011818968	0.5230414746543779
2	0.4931209882100423	19.774997614939277	0.6699336984721822	0.5253456221198156
3	0.4816949963569641	18.378348752992963	0.700201787258576	0.6013824884792627
4	0.47504606246948244	18.353931908213763	0.7045257999423465	0.771889400921659
5	0.47288982073465985	16.916453518998733	0.7425771115595272	0.7327188940092166
6	0.4698606899806431	16.466443639282787	0.7558374171230903	0.6935483870967742
7	0.46838998794555664	16.177027299863482	0.757278754684347	0.7603686635944701
8	0.46737713283962673	15.429089134986247	0.778322283078697	0.7350230414746544
9	0.4665706634521484	15.202677131792822	0.7760161429806861	0.7304147465437788
10	0.46598362922668457	15.009978211254154	0.7777457480541943	0.7119815668202765
11	0.46463753779729206	14.086898458113364	0.7933121937157682	0.7211981566820277
12	0.4627372851738563	13.695129696382295	0.8028250216200634	0.7258064516129032
13	0.4615339381354196	13.339936665438731	0.8117613144998559	0.7373271889400922
14	0.46036245028177897	12.652829349587817	0.8166618622081292	0.7119815668202765
15	0.4601583331823349	11.849693162725606	0.836840588065725	0.7188940092165899
16	0.4599723114686854	11.35529873349251	0.8457768809455174	0.7465437788018433
17	0.46025832494099933	10.580588616362405	0.8599019890458345	0.7004608294930875
18	0.46060899684303686	10.12650671573954	0.8659556068031133	0.7511520737327189
19	0.45987623929977417	8.585347589002836	0.882963390025944	0.7327188940092166
20	0.4590693882533482	8.714151198710871	0.8861343326607092	0.7188940092165899
21	0.45866892554543237	8.069988601798311	0.8959354280772557	0.7235023041474654
22	0.45799000366874365	6.793476766402568	0.911790141251081	0.716589861751152
23	0.45729658007621765	5.888488123176295	0.925050446814644	0.7188940092165899
24	0.45655289649963376	5.292214875374365	0.9394638224272125	0.7258064516129032
25	0.4559724239202646	4.654735230387898	0.9452291726722398	0.684331797235023
26	0.45562059790999804	4.454499853313516	0.9478235802825021	0.695852534562212
27	0.45515628371919903	3.6547092480943837	0.9561833381377919	0.6566820276497696
28	0.45454890974636736	3.2320877212450045	0.9639665609685788	0.6682027649769585
29	0.4539610226949056	2.2886945988060137	0.9729028538483713	0.6889400921658986
-1	-1	-1	-1	-1
0	0.5281198024749756	20.008017443735664	0.6535024502738541	0.6497695852534562
1	0.48317277431488037	21.116670591021897	0.6013260305563563	0.511520737327189
2	0.4695196946461995	19.73005825882658	0.6402421447102912	0.42626728110599077
3	0.4625101685523987	21.124414037127014	0.6033439031421158	0.6221198156682027
4	0.45828676223754883	20.36292710872965	0.6093975208993946	0.684331797235023
5	0.45490864912668866	18.6673520551909	0.6883828192562699	0.6797235023041475
6	0.45322203636169434	17.765579197384895	0.7241279907754397	0.6612903225806451
7	0.45235955715179443	17.558872555374005	0.7391179014125108	0.6889400921658986
8	0.4522000683678521	16.59493773574129	0.7454597866820409	0.7027649769585254
9	0.4532244443893433	16.89437481241489	0.738541366388008	0.6866359447004609
10	0.45396668260747736	15.825571567640392	0.7584318247333526	0.7027649769585254
11	0.4551047682762146	15.67890968672726	0.7705390602479101	0.7211981566820277
12	0.45561155906090367	14.923661048259211	0.7803401556644566	0.7073732718894009
13	0.4561317137309483	14.422072069360576	0.7901412510810032	0.6981566820276498
14	0.4561734835306803	14.364582105514106	0.7872585759584895	0.6728110599078341
15	0.45652733743190765	13.51834217124029	0.8068607667915826	0.716589861751152
16	0.4567585412193747	12.846909553632823	0.8160853271836264	0.7188940092165899
17	0.4568857749303182	11.80292238445457	0.8365523205534736	0.7050691244239631
18	0.4565457168378328	10.795525568340896	0.8529835687518017	0.7188940092165899
19	0.4568113923072815	10.367338383963348	0.8599019890458345	0.7350230414746544
20	0.4568315460568383	10.052524075595612	0.8604785240703373	0.7211981566820277
21	0.45691881396553735	9.887735797724593	0.8668204093398674	0.7235023041474654
22	0.45655816534291144	8.102259163462788	0.8944940905159988	0.6774193548387096
23	0.456181397040685	7.6632192156730445	0.8982415681752667	0.695852534562212
24	0.4557303714752197	6.6692215958866505	0.9143845488613433	0.7050691244239631
25	0.4551641665972196	6.034062339078396	0.9166906889593542	0.7004608294930875
26	0.455091776671233	5.356459846190356	0.9322571346209282	0.6981566820276498
27	0.4547927294458662	4.847901435620194	0.9403286249639665	0.6751152073732719
28	0.45477049104098616	3.8470119437493318	0.9521475929662727	0.6912442396313364
29	0.4546083370844523	3.48854686388182	0.9593542807725569	0.652073732718894
30	0.4542586495799403	3.8249240566831118	0.9556068031132892	0.7073732718894009
31	0.4538864195346832	3.0544282493241335	0.9654078985298357	0.6820276497695853
32	0.45356847300673975	2.199012201040163	0.9743441914096281	0.6797235023041475
33	0.4531829146777882	1.6704561104058127	0.9806860766791583	0.7050691244239631
34	0.45293658120291574	2.152466307197689	0.9795330066301527	0.7142857142857143
35	0.45286231570773655	0.9631583276418371	0.9896223695589507	0.6912442396313364
36	0.4526897701057228	0.6874598882293517	0.9939463822427212	0.684331797235023
37	0.4524639782152678	1.6732462351637627	0.9780916690688959	0.7027649769585254
38	0.45226304347698504	0.7572384830393376	0.9907754396079562	0.6751152073732719
39	0.4522676646709442	0.3889411451324923	0.9959642548284808	0.6935483870967742
-1	-1	-1	-1	-1
0	0.5828099250793457	20.22541076765148	0.6526376477371	0.6728110599078341
1	0.5144864320755005	19.849648169421275	0.6586912654943787	0.5783410138248848
2	0.49082136154174805	19.96917681737777	0.6526376477371	0.7304147465437788
3	0.48075151443481445	18.531878558867568	0.7045257999423465	0.7396313364055299
4	0.47300424575805666	17.59650004675629	0.7241279907754397	0.7603686635944701
5	0.46778396765391034	17.124956638441173	0.738541366388008	0.7327188940092166
6	0.4641650063650949	17.223707483449115	0.7365234938022485	0.7534562211981567
7	0.4616525173187256	16.601692501558077	0.7469011242432978	0.7649769585253456
8	0.45991773075527614	16.20149430003735	0.7607379648313635	0.7857142857142857
9	0.4579814672470093	15.917500915877316	0.7685211876621505	0.7580645161290323
10	0.4568421623923562	15.677487548338163	0.7714038627846642	0.783410138248848
11	0.4568524161974589	14.702992955479052	0.7855289708849813	0.7534562211981567
12	0.45564642319312465	14.16421545098681	0.7976362063995388	0.7649769585253456
13	0.4549979993275234	13.602826192838336	0.8062842317670799	0.7235023041474654
14	0.4537873903910319	13.645907924809586	0.8074373018160853	0.771889400921659
15	0.4532601684331894	12.290358469026899	0.8255981550879216	0.728110599078341
16	0.4528600748847513	11.693358602873776	0.8382819256269819	0.771889400921659
17	0.45271273454030353	10.925077906442345	0.8521187662150476	0.7327188940092166
18	0.45238785994680303	9.93780024773484	0.8668204093398674	0.7580645161290323
19	0.45199289321899416	9.625992654660426	0.8717209570481407	0.7235023041474654
20	0.452391022727603	8.30517259212809	0.8904583453444797	0.7695852534562212
21	0.45275510441173206	7.738239548621921	0.9057365234938023	0.7511520737327189
22	0.45305943489074707	7.071606615267762	0.9097722686653215	0.7235023041474654
23	0.45303481817245483	6.315813143318946	0.9241856442778899	0.7626728110599078
24	0.45296266555786135	5.5886319159367766	0.9325454021331796	0.7350230414746544
25	0.45312246909508336	5.514552721736628	0.9328336696454309	0.7465437788018433
26	0.4533284681814688	4.312620005476365	0.9498414528682617	0.716589861751152
27	0.45344928332737516	4.211436567503378	0.9507062554050159	0.728110599078341
28	0.453610477776363	3.843747281153268	0.952435860478524	0.7235023041474654
29	0.4533916234970093	3.7806693476821303	0.9556068031132892	0.7304147465437788
-1	-1	-1	-1	-1
0	0.5341129302978516	20.80044725400592	0.6388008071490343	0.6497695852534562
1	0.4849584102630615	19.989345900509335	0.6402421447102912	0.6428571428571429
2	0.4692217508951823	19.384696588603727	0.6733929086191986	0.6566820276497696
3	0.4646121859550476	18.697687709003414	0.6918420294032862	0.652073732718894
4	0.4633525848388672	17.88500318614715	0.7206687806284232	0.7142857142857143
5	0.4639715751012166	17.28932802392802	0.7345056212164889	0.6981566820276498
6	0.462444577898298	17.066921041646136	0.7342173537042376	0.7096774193548387
7	0.46178457140922546	16.52638802834607	0.7529547420005765	0.7096774193548387
8	0.461332294676039	16.055709523892183	0.7670798501008936	0.6728110599078341
9	0.46016130447387693	15.503903231489549	0.7734217353704238	0.7327188940092166
10	0.46085062893954193	15.201687904672886	0.7809166906889593	0.6866359447004609
11	0.4607415000597636	14.830066934638067	0.780628423176708	0.7465437788018433
12	0.4597314871274508	14.315353651659205	0.7941769962525224	0.7327188940092166
13	0.4591245140348162	13.702119503546198	0.8152205246468723	0.7327188940092166
14	0.4583222071329753	13.401720160738044	0.8160853271836264	0.728110599078341
15	0.457821786403656	12.290760836470017	0.8304987027961949	0.6981566820276498
16	0.45823108448701744	11.85778214515896	0.832228307869703	0.7096774193548387
17	0.45820850796169704	10.780485910013182	0.8561545113865667	0.7073732718894009
18	0.4575477775774504	9.729158572100719	0.8751801671951571	0.7258064516129032
19	0.4570189356803894	9.247752834897522	0.8746036321706544	0.7096774193548387
20	0.45718129475911456	7.65940707976665	0.904006918420294	0.7119815668202765
21	0.4575387022712014	7.293784712432721	0.9068895935428077	0.7188940092165899
22	0.45760425277378247	6.930673333483004	0.9146728163735947	0.7096774193548387
23	0.4579370617866516	5.962965406409097	0.9224560392043817	0.7211981566820277
24	0.45800190925598144	5.401799010574271	0.933698472182185	0.695852534562212
25	0.4580582013496986	4.664207877369102	0.9403286249639665	0.6935483870967742
26	0.458045588599311	3.2841255599205645	0.9654078985298357	0.695852534562212
27	0.4580380916595459	3.132629585102064	0.9610838858460652	0.7119815668202765
28	0.45834727122865876	3.3847460158921163	0.9576246756990487	0.7004608294930875
29	0.4583078463872274	2.2800491666164966	0.975785528970885	0.6820276497695853
30	0.4582093684904037	2.7561723632276607	0.9691553761891035	0.684331797235023
31	0.45788418501615524	1.5153525147176938	0.9855866243874315	0.7073732718894009
-1	-1	-1	-1	-1
0	0.5265474319458008	21.285511979269327	0.6236311239193083	0.6290322580645161
1	0.4854346513748169	21.602349622533957	0.5717579250720461	0.5829493087557603
2	0.4701436360677083	21.922737419058425	0.5495677233429395	0.5576036866359447
3	0.4627755880355835	21.007061100881035	0.6086455331412104	0.619815668202765
4	0.4591361522674561	19.164877410328717	0.6740634005763688	0.6981566820276498
5	0.45728087425231934	19.46667257798921	0.6628242074927954	0.6728110599078341
6	0.4562892573220389	17.510923442490604	0.7190201729106628	0.7235023041474654
7	0.45514509081840515	17.202665223987825	0.7345821325648415	0.7304147465437788
8	0.454199128680759	16.826003538359195	0.7429394812680116	0.7211981566820277
9	0.4533004522323608	16.943784530009697	0.7455331412103746	0.7258064516129032
10	0.4531803347847678	16.26649456286649	0.7587896253602305	0.7327188940092166
11	0.4530909260114034	15.878552445577919	0.7657060518731988	0.6889400921658986
12	0.45294127097496617	15.197397608275807	0.7801152737752162	0.7465437788018433
13	0.45248990399496897	14.722797126945006	0.7844380403458213	0.7188940092165899
14	0.4525501251220703	14.10737101966088	0.8005763688760807	0.7488479262672811
15	0.4522669166326523	13.483805498945603	0.8043227665706052	0.7580645161290323
16	0.4518876496483298	13.131214098099175	0.8198847262247838	0.7096774193548387
17	0.4514244000116984	12.282547338293233	0.8293948126801153	0.6912442396313364
18	0.4512986885873895	11.60073086099887	0.8446685878962537	0.7004608294930875
19	0.45105116367340087	10.135174595981564	0.870893371757925	0.684331797235023
20	0.45091776620774043	9.812359599892153	0.8740634005763689	0.6935483870967742
21	0.45077741146087646	8.624703729371411	0.8853025936599423	0.7096774193548387
22	0.45060038566589355	7.988502954124311	0.8974063400576369	0.7096774193548387
23	0.4504205485184987	7.148488999506749	0.9100864553314121	0.6866359447004609
24	0.45032400131225586	5.755170270937298	0.9331412103746398	0.7327188940092166
25	0.45009814775907075	5.741438561076418	0.9296829971181556	0.6912442396313364
26	0.4498948432781078	4.914452388199098	0.9397694524495678	0.7050691244239631
27	0.4497929981776646	4.667803053462177	0.9432276657060519	0.7304147465437788
28	0.4497958791667017	3.6778140418026424	0.9605187319884726	0.7188940092165899
29	0.44970088799794516	2.98099714736326	0.9657060518731988	0.7188940092165899
30	0.4496568095299505	2.224138964155535	0.9775216138328531	0.7073732718894009
31	0.44978974759578705	1.5833366914489948	0.9861671469740634	0.7073732718894009
32	0.4501203695933024	2.3938732602112336	0.9778097982708934	0.7142857142857143
33	0.4502792288275326	1.7025976827658644	0.9821325648414986	0.7188940092165899
34	0.4503789697374616	1.1072094678844606	0.9887608069164265	0.7096774193548387
35	0.4507347610261705	1.59783199203944	0.9827089337175793	0.6774193548387096
-1	-1	-1	-1	-1
0	0.5285942554473877	21.782695866506035	0.6087582829155863	0.6143187066974596
1	0.4882388114929199	21.21366588347549	0.5966580236243157	0.5773672055427251
2	0.4928847948710124	19.10359420251409	0.6784788245462403	0.558891454965358
3	0.4830012321472168	18.783570499595154	0.682800345721694	0.6443418013856813
4	0.47859969139099123	18.154690650624968	0.6986459233650245	0.648960739030023
5	0.4757076104482015	18.04149839856209	0.717948717948718	0.6836027713625866
6	0.4721202850341797	17.155556726893153	0.7409968308844713	0.6859122401847575
7	0.46788984537124634	16.661266650628605	0.7513684817055604	0.674364896073903
8	0.4644771416982015	16.556350992360247	0.7522327859406511	0.6974595842956121
9	0.462188720703125	15.992392076264828	0.7651973494670123	0.7297921478060047
10	0.4600161205638539	15.702377083104684	0.7775857101699798	0.7043879907621247
11	0.459147572517395	15.321495336130125	0.7833477384039181	0.6951501154734411
12	0.45747729448171764	14.527276686572154	0.7925669835782195	0.7182448036951501
13	0.45634383814675467	14.040717641147998	0.7989052146355518	0.7228637413394919
14	0.4558066527048747	13.475537199492848	0.8087006626332469	0.7113163972286374
15	0.4551328420639038	12.841884674282248	0.8205128205128205	0.6812933025404158
16	0.45452165603637695	12.246143481053343	0.8251224430999712	0.7136258660508084
17	0.45419496960110134	11.487514193998564	0.8389513108614233	0.7274826789838337
18	0.45399195269534465	10.179264258900913	0.867473350619418	0.7066974595842956
19	0.4532800793647766	9.916746616363525	0.867473350619418	0.7413394919168591
20	0.45332342102414086	8.840806825445332	0.8856237395563238	0.7043879907621247
21	0.45295885476199066	7.201224180536532	0.9112647651973494	0.7228637413394919
22	0.4530291660972264	6.207862362949126	0.9222126188418324	0.7136258660508084
23	0.4533299307028453	5.678642189283983	0.9291270527225584	0.7251732101616628
24	0.45300395011901856	5.767359550939787	0.9279746470757707	0.7228637413394919
25	0.4526709318161011	4.550341238669299	0.9429559204840103	0.7159353348729792
26	0.45220095139962657	3.5624528650296936	0.9576490924805532	0.6974595842956121
27	0.4520497407232012	3.4330161533771304	0.9613944108326131	0.7020785219399538
28	0.45199354763688715	2.3411157994163694	0.9743589743589743	0.7136258660508084
29	0.451795490582784	2.5517881430617164	0.9703255545952175	0.7182448036951501
30	0.4515926068828952	1.8930742039319572	0.9766637856525497	0.7251732101616628
31	0.451286718249321	3.5225943962641812	0.9611063094209161	0.7043879907621247
32	0.45152214801672735	1.9642926838693269	0.9778161912993374	0.7274826789838337
33	0.45146196729996624	0.8248742519612979	0.9913569576490925	0.7182448036951501
34	0.4513056414467948	0.5786583877858543	0.9942379717660617	0.6997690531177829
35	0.45131096574995255	0.29865589125697084	0.9976951887064247	0.7274826789838337
36	0.451191605748357	0.2286482765061627	0.9976951887064247	0.7136258660508084
37	0.4514073823627673	0.10584140385303768	0.9994237971766061	0.7205542725173211
38	0.45160977657024676	0.046340179372095044	1.0	0.7182448036951501
39	0.4514701008796692	0.02560708690532152	1.0	0.7251732101616628
-1	-1	-1	-1	-1
0	0.5402872562408447	21.945005075647195	0.6044367617401325	0.6420323325635104
1	0.49052751064300537	21.805167268175598	0.5695764909248056	0.5704387990762124
2	0.4728720188140869	20.875322980618257	0.5932008066839527	0.6720554272517321
3	0.4663589596748352	19.707557931952522	0.6505329876116392	0.7043879907621247
4	0.46257953643798827	19.334784341514656	0.658599827139153	0.7390300230946882
5	0.4601263999938965	18.702624574713752	0.6937481993661769	0.74364896073903
6	0.45678857394627165	18.123381142222552	0.7095937770095073	0.7274826789838337
7	0.4557722806930542	18.5852924924378	0.6882742725439355	0.7528868360277137
8	0.4552353223164876	17.829251114381563	0.7093056755978104	0.74364896073903
9	0.4543644666671753	17.1975662336437	0.7358110054739269	0.7598152424942263
10	0.45365704189647327	16.79934615388923	0.7479112647651973	0.74364896073903
11	0.45291876792907715	16.043658029048814	0.7640449438202247	0.7598152424942263
12	0.45267290335435134	15.565286693223026	0.7709593777009507	0.7621247113163973
13	0.4527427468981062	14.905941481983989	0.7747046960530106	0.7644341801385681
14	0.4522535959879557	14.315683456735874	0.7914145779314319	0.7551963048498845
15	0.45165905356407166	13.720995207445338	0.8043791414577931	0.74364896073903
16	0.45116482061498303	13.020840003949786	0.8199366176894267	0.7644341801385681
17	0.4508572816848755	12.053045981520906	0.8265629501584558	0.7829099307159353
18	0.45028148199382584	11.079553678495074	0.8496110630942092	0.7344110854503464
19	0.45001628398895266	10.332576734210374	0.8643042350907519	0.7528868360277137
20	0.45003646895999	9.404287887275766	0.877845001440507	0.7551963048498845
21	0.44986006346615875	8.16339998726451	0.8905214635551714	0.7621247113163973
22	0.4499950512595799	7.052973033091344	0.9118409680207433	0.7528868360277137
23	0.45001189907391864	6.892502405227871	0.9112647651973494	0.74364896073903
24	0.4502706050872803	5.338241769086331	0.9369057908383751	0.7528868360277137
25	0.4499022043668307	4.851327292962906	0.944396427542495	0.7344110854503464
26	0.44952834977044	3.8057528581094306	0.958225295303947	0.7482678983833718
27	0.44921049901417326	3.7003972773705054	0.9556323825986748	0.7136258660508084
28	0.44885399423796557	2.5806760257537213	0.9729184673004898	0.7274826789838337
29	0.44865144888559977	3.530378247893185	0.9625468164794008	0.7390300230946882
30	0.44843951348335515	1.592679969453757	0.9832901181215788	0.7090069284064665
31	0.44829386472702026	1.987086161048314	0.9775280898876404	0.7159353348729792
32	0.44844994400486804	1.1623804494738579	0.9899164505906078	0.7205542725173211
33	0.44864442769218893	1.2586622031217596	0.9893402477672141	0.7205542725173211
34	0.44856927735464913	1.3885670657004785	0.9881878421204264	0.7528868360277137
35	0.44888759983910453	0.8497788122419371	0.9925093632958801	0.7413394919168591
36	0.4490337307388718	1.0495373169045656	0.9881878421204264	0.7482678983833718
37	0.44918057165647807	0.31375735436369656	0.9979832901181216	0.7390300230946882
-1	-1	-1	-1	-1
0	0.5422337055206299	20.911776389550724	0.6314121037463977	0.6674364896073903
1	0.4965168237686157	20.552689079844622	0.617579250720461	0.6951501154734411
2	0.48281041781107586	19.768762798484314	0.6481268011527378	0.6558891454965358
3	0.47710955142974854	18.774036599955426	0.6786743515850144	0.628175519630485
4	0.47097978591918943	18.911043285229884	0.6798270893371758	0.6651270207852193
5	0.46767401695251465	18.04664269718555	0.7144092219020173	0.6812933025404158
6	0.4655541011265346	17.368833506872896	0.7285302593659942	0.7228637413394919
7	0.46417200565338135	17.64408360927477	0.7293948126801153	0.7321016166281755
8	0.4630473719702827	16.16077622142407	0.7599423631123919	0.7066974595842956
9	0.4608103036880493	16.310583079626802	0.7481268011527378	0.7344110854503464
10	0.45969546924937854	15.665742349187168	0.7668587896253602	0.7528868360277137
11	0.4588574767112732	15.02143099986085	0.7870317002881845	0.7413394919168591
12	0.4585058872516339	14.676772806622566	0.7976945244956772	0.7113163972286374
13	0.4584130900246756	13.761089443066798	0.8109510086455332	0.7321016166281755
14	0.4576331615447998	13.033020548864242	0.8187319884726225	0.7413394919168591
15	0.457055002450943	12.422623017512331	0.8236311239193084	0.7066974595842956
16	0.4574086666107178	11.63051448174573	0.844092219020173	0.7136258660508084
17	0.4576634168624878	10.525037909866473	0.8576368876080691	0.7066974595842956
18	0.4574507663124486	9.995561582232835	0.8671469740634006	0.7251732101616628
19	0.4572525143623352	8.55848140235341	0.8864553314121038	0.7090069284064665
20	0.4571960653577532	8.395718069251524	0.8979827089337176	0.7066974595842956
21	0.4569927453994751	6.999964630931889	0.9109510086455331	0.6951501154734411
22	0.45703931476758874	5.834886536138867	0.9291066282420749	0.6997690531177829
23	0.457063764333725	5.1343290302731575	0.940057636887608	0.7274826789838337
24	0.4570310592651367	4.503211129285874	0.9461095100864554	0.6951501154734411
25	0.45716060124910796	4.651883647255941	0.946685878962536	0.6720554272517321
26	0.4572095076243083	4.139635919635996	0.9507204610951009	0.7159353348729792
27	0.4572711076055254	3.0215185830079085	0.9668587896253602	0.6836027713625866
28	0.45736339174467944	2.8314328711445724	0.968299711815562	0.6928406466512702
29	0.4575463930765788	2.435460408705227	0.9685878962536023	0.7020785219399538
30	0.45756378481465	1.7118343291547866	0.9809798270893372	0.6905311778290993
-1	-1	-1	-1	-1
0	0.5495724678039551	19.938629408495142	0.6647448832516576	0.6889400921658986
1	0.5003767013549805	20.627146204677196	0.6194868838281926	0.6728110599078341
2	0.48622290293375653	19.242153780176004	0.6607091380801383	0.6797235023041475
3	0.47974807024002075	19.192620741117985	0.6679158258864226	0.6382488479262672
4	0.4735004425048828	18.25215122240399	0.702507927356587	0.6889400921658986
5	0.46950121720631915	17.527642433796455	0.7151916978956472	0.7258064516129032
6	0.4676388331821987	17.033769253197065	0.726722398385702	0.7142857142857143
7	0.4658314287662506	16.6809902016176	0.7394061689247622	0.7396313364055299
8	0.46417442957560223	15.945777556218138	0.7546843470740847	0.7695852534562212
9	0.4637277126312256	15.958129640019267	0.7598731622946094	0.7304147465437788
10	0.4635304320942272	15.482910348734725	0.777457480541943	0.7442396313364056
11	0.4631051222483317	14.8896283228463	0.7823580282502162	0.6935483870967742
12	0.46194591889014613	14.513402462005615	0.7921591236667628	0.7419354838709677
13	0.46201957975115093	14.000673123455922	0.8002306140098011	0.7534562211981567
14	0.4612802823384603	13.25221599570108	0.8175266647448832	0.7304147465437788
15	0.46043577790260315	12.769871807973319	0.8215624099164024	0.7235023041474654
16	0.4594014392179601	11.974227209703638	0.8348227154799654	0.7442396313364056
17	0.4583055045869615	11.343138121683664	0.8495243586047853	0.7396313364055299
18	0.45868587493896484	10.384852577786926	0.8593254540213318	0.7580645161290323
19	0.45883338451385497	9.484251601980366	0.8795041798789276	0.728110599078341
20	0.4592873596009754	8.946285059692663	0.8826751225136927	0.6866359447004609
21	0.45883660966699774	8.088120591749838	0.8913231478812338	0.7188940092165899
22	0.4588221156078836	6.962937822582525	0.9126549437878351	0.7350230414746544
23	0.4585614601771037	6.628458755825638	0.9152493513980975	0.7419354838709677
24	0.4584121894836426	5.399742330706448	0.9348515422311905	0.7419354838709677
25	0.45758843421936035	5.050884384627736	0.9362928797924474	0.7258064516129032
26	0.45707842155739115	4.10986804907475	0.949264917843759	0.7235023041474654
27	0.4566506062235151	3.9905441567438458	0.9518593254540213	0.7419354838709677
28	0.45640109325277395	3.2205740175115953	0.962525223407322	0.7211981566820277
29	0.455930495262146	3.4252305941297374	0.9596425482848083	0.7211981566820277
-1	-1	-1	-1	-1
0	0.5416872501373291	20.365274035602535	0.6532141827616028	0.7073732718894009
1	0.5298353433609009	21.39018826965892	0.5932545402133179	0.5714285714285714
2	0.5058111349741617	20.538598533070417	0.6171807437301816	0.6175115207373272
3	0.49227190017700195	19.11765194376674	0.6886710867685212	0.6497695852534562
4	0.4834129333496094	18.96885593659287	0.682329201498991	0.6912442396313364
5	0.47591714064280194	17.679404381218305	0.7186509080426636	0.7027649769585254
6	0.470743009022304	17.268098244973277	0.7301816085327184	0.7096774193548387
7	0.46658608317375183	16.652790450174873	0.7440184491207841	0.7396313364055299
8	0.46350709597269696	16.148352972958065	0.7561256846353416	0.7188940092165899
9	0.4612285614013672	16.006762640191873	0.7624675699048717	0.7188940092165899
10	0.45921104604547675	15.733862820021603	0.7641971749783799	0.7188940092165899
11	0.458609660466512	15.166737845184606	0.7685211876621505	0.7327188940092166
12	0.4576762089362511	14.711084877679108	0.7812049582012107	0.7396313364055299
13	0.4568477528435843	14.423140923911278	0.7912943211300086	0.7373271889400922
14	0.4558024565378825	13.991583977270563	0.7961948688382819	0.7442396313364056
15	0.4549640268087387	13.568371147190758	0.8057076967425771	0.7488479262672811
16	0.4545709806330064	12.834275215043935	0.8140674545978668	0.7534562211981567
17	0.45395828617943657	12.100025041387715	0.8307869703084463	0.7465437788018433
18	0.4535396475540964	11.546715239866064	0.834534447967714	0.7534562211981567
19	0.4530512809753418	10.435630765529947	0.8550014413375613	0.7557603686635944
20	0.45270163672310965	10.036122886412734	0.8596137215335832	0.7419354838709677
21	0.45202591202475806	9.033620927311958	0.8760449697319113	0.7419354838709677
22	0.45152391558108124	8.269867897033691	0.8884404727587201	0.7557603686635944
23	0.4513364334901174	7.281957263246588	0.9005477082732776	0.7373271889400922
24	0.4513576126098633	7.14285326222761	0.9019890458345344	0.7373271889400922
25	0.4511015323492197	6.445404565662419	0.9161141539348515	0.7603686635944701
26	0.451247771581014	5.622503364851715	0.927356586912655	0.7350230414746544
27	0.45108543975012644	4.915015896525952	0.9423464975497261	0.7373271889400922
28	0.4506564715812946	5.082232071719038	0.9322571346209282	0.7373271889400922
29	0.4504769563674927	3.3289985719623916	0.9582012107235515	0.7557603686635944
30	0.4501775772340836	2.8947073534267758	0.9642548284808302	0.7419354838709677
31	0.45013371109962463	3.1304416211509922	0.9607956183338138	0.7235023041474654
32	0.45011971213600854	1.5387649701549373	0.9858748918996829	0.7327188940092166
33	0.45021799031425924	1.2518877719247012	0.986739694436437	0.7373271889400922
34	0.45013065338134767	2.339777589647458	0.9752089939463823	0.7396313364055299
35	0.45007028182347614	1.2398539435015905	0.9887575670221966	0.7419354838709677
36	0.450502550279772	0.7714825042933567	0.9925050446814644	0.7488479262672811
37	0.4506736680081016	1.7324573027926984	0.9829922167771692	0.7396313364055299
38	0.4508555607917981	0.9432822315795604	0.9899106370712021	0.7373271889400922
39	0.4511149227619171	0.39394527747415414	0.996829057365235	0.7373271889400922
40	0.45123756804117343	0.33940909217632964	0.997693859901989	0.7373271889400922
41	0.4512972320829119	0.14260515369517074	0.9994234649754973	0.7419354838709677
42	0.4513754068418991	0.08546763266689879	0.9997117324877486	0.7350230414746544
43	0.45144603469155054	0.07423852133283491	0.9994234649754973	0.7327188940092166
44	0.45150553385416664	0.07013773229201692	0.9994234649754973	0.7373271889400922
45	0.45166936646337097	0.03835033167946877	0.9997117324877486	0.7373271889400922
-1	-1	-1	-1	-1
0	0.540745735168457	20.93331818624374	0.617469011242433	0.6751152073732719
1	0.48957228660583496	20.280967677405123	0.636206399538772	0.6451612903225806
2	0.47239311536153156	19.15534678730396	0.6702219659844335	0.5944700460829493
3	0.4643439054489136	18.429450743788973	0.6950129720380513	0.6612903225806451
4	0.46004137992858884	17.885045305304573	0.7082732776016143	0.6935483870967742
5	0.45709534486134845	17.621166631716108	0.7304698760449697	0.7258064516129032
6	0.45460265023367746	16.86379591040655	0.7365234938022485	0.7004608294930875
7	0.4520266652107239	16.25594468073014	0.754107812049582	0.7373271889400922
8	0.45063254568311906	15.947441105448872	0.7616027673681176	0.7142857142857143
9	0.44984021186828616	15.855860867631545	0.7670798501008936	0.7188940092165899
10	0.4489193612878973	15.31940925668139	0.7699625252234074	0.7096774193548387
11	0.4485771656036377	14.439693503423568	0.7953300663015278	0.7050691244239631
12	0.4483047815469595	14.140635311056714	0.8019602190833093	0.7211981566820277
13	0.44844564369746615	13.269933731184093	0.8108965119631018	0.7442396313364056
14	0.44800539016723634	12.409293988429079	0.825886422600173	0.7304147465437788
15	0.44806039333343506	11.684055039642054	0.8371288555779763	0.7327188940092166
16	0.4480169801151051	10.787536588283853	0.8472182185067743	0.7119815668202765
17	0.4488952424791124	10.257053968009599	0.8584606514845777	0.7350230414746544
18	0.44962354710227564	8.966711129617254	0.8841164600749496	0.7350230414746544
19	0.45000567436218264	8.42780823663834	0.8869991351974632	0.7235023041474654
20	0.4502179054986863	7.637445230002797	0.9054482559815509	0.7119815668202765
21	0.4499875848943537	6.2043459349816	0.9262035168636494	0.716589861751152
22	0.4499223646910294	5.316307597204086	0.933698472182185	0.7004608294930875
23	0.4496738811333974	5.526739223219386	0.9328336696454309	0.6705069124423964
24	0.4497693538665771	5.299078366078368	0.9342750072066878	0.7235023041474654
25	0.4500321700022771	2.9986750324931712	0.9665609685788412	0.716589861751152
26	0.45017766069482873	2.6988669562777248	0.9720380513116171	0.7004608294930875
27	0.4500261800629752	2.542485740275011	0.9708849812626117	0.7073732718894009
28	0.44960648438026163	2.9663475307576155	0.9677140386278467	0.7304147465437788
29	0.449582584698995	1.3504632345375118	0.9847218218506775	0.7350230414746544
30	0.45004565485062137	2.1405520881056237	0.9778034015566446	0.7050691244239631
31	0.45007891952991486	2.9876259345253673	0.9656961660420871	0.7442396313364056
32	0.4499541195956143	1.342361019257832	0.984433554338426	0.7442396313364056
33	0.4495806062922758	0.554951519316592	0.9936581147304698	0.7442396313364056
34	0.44940220969063893	0.20287739180470862	0.9985586624387431	0.7511520737327189
35	0.44913044903013444	0.11862413265844893	0.9991351974632459	0.7488479262672811
36	0.4489987669764338	0.06131253206948622	0.9997117324877486	0.7511520737327189
37	0.44864647012007863	0.029635374689284594	1.0	0.7465437788018433
38	0.4483201320354755	0.019879438707961727	1.0	0.7442396313364056
39	0.4481613218784332	0.013963500240848638	1.0	0.7419354838709677
40	0.447972001099005	0.01060319186724699	1.0	0.7419354838709677
41	0.44824473063151044	0.008574919703203187	1.0	0.7419354838709677
42	0.44823856131975043	0.007045496477576725	1.0	0.7419354838709677
43	0.44799695773558185	0.005940074589781126	1.0	0.7419354838709677
44	0.44783682823181153	0.005098079599453381	1.0	0.7396313364055299
45	0.44780046006907587	0.004488049733802847	1.0	0.7396313364055299
46	0.44769662999092263	0.0039531723455309125	1.0	0.7396313364055299
47	0.44750840961933136	0.003515124848629011	1.0	0.7396313364055299
48	0.4474311215536935	0.0031298455907177547	1.0	0.7396313364055299
49	0.4472719144821167	0.002856891417191412	1.0	0.7373271889400922
50	0.4471113354552026	0.002586968106399598	1.0	0.7419354838709677
51	0.4470369036381061	0.002362398574213322	1.0	0.7373271889400922
52	0.4469107411942392	0.0021620380146407884	1.0	0.7396313364055299
53	0.44692880577511257	0.0020223471743549552	1.0	0.7373271889400922
54	0.44704471934925427	0.0018531005883091016	1.0	0.7419354838709677
-1	-1	-1	-1	-1
0	0.544074296951294	21.661652433762857	0.6140098010954166	0.6405529953917051
1	0.49308645725250244	20.942866832838146	0.6145863361199193	0.631336405529954
2	0.4822515646616618	19.239681900094407	0.6745459786682041	0.7142857142857143
3	0.4723222851753235	19.136641029917865	0.6728163735946959	0.6566820276497696
4	0.4666637420654297	17.82154415725568	0.7255693283366964	0.716589861751152
5	0.4633773962656657	17.172154129098313	0.7388296339002595	0.7188940092165899
6	0.4605296679905483	16.76298739931999	0.7477659267800519	0.7557603686635944
7	0.4579092860221863	16.253380009887415	0.7443067166330355	0.684331797235023
8	0.4566056993272569	15.986767327019928	0.7685211876621505	0.7465437788018433
9	0.4552390336990356	15.80663448298743	0.7610262323436149	0.7350230414746544
10	0.45399572632529517	15.247873669370598	0.7800518881522053	0.7396313364055299
11	0.4531036814053853	14.556044911025861	0.7918708561545114	0.7488479262672811
12	0.4528207778930664	14.161759606195153	0.7956183338137792	0.7511520737327189
13	0.45256614685058594	13.675967592711842	0.8091669068895936	0.7580645161290323
14	0.4525396188100179	12.70336251083864	0.8273277601614298	0.7465437788018433
15	0.45236146450042725	11.624448190041639	0.8400115307004901	0.7511520737327189
16	0.4522568899042466	11.000660966295715	0.8512539636782934	0.7258064516129032
17	0.45218580298953587	10.498713335859666	0.8613433266070913	0.7258064516129032
18	0.4518826635260331	9.421489065940227	0.8757567022196598	0.7119815668202765
19	0.4516329288482666	8.134346640438114	0.893052752954742	0.7050691244239631
20	0.45150471868969144	7.097490587365737	0.9140962813490919	0.7050691244239631
21	0.4512457088990645	6.388125684830027	0.9233208417411358	0.7235023041474654
22	0.45116395535676374	6.144863233653777	0.927356586912655	0.7027649769585254
23	0.4510613481203715	6.209408980443937	0.9256269818391467	0.7050691244239631
24	0.4517689228057861	4.546254685712517	0.9440761026232344	0.695852534562212
25	0.45197901358971226	3.7835047793224317	0.9576246756990487	0.6820276497695853
26	0.4522013575942428	3.392287189739013	0.9610838858460652	0.684331797235023
27	0.45239379576274324	3.275645744363102	0.9633900259440761	0.6889400921658986
28	0.45266350384416254	2.247115092574183	0.9729028538483713	0.6889400921658986
29	0.4524393876393636	1.4193796095771527	0.9852983568751802	0.6705069124423964
30	0.4526671209642964	3.2425095239363677	0.9656961660420871	0.6889400921658986
31	0.4526681676506996	1.3770993375860223	0.9873162294609398	0.684331797235023
32	0.4528551535172896	2.03804077378927	0.9792447391179014	0.6751152073732719
33	0.45294835988213034	1.4739474158289783	0.9855866243874315	0.6751152073732719
-1	-1	-1	-1	-1
0	0.5345408916473389	21.585345180756455	0.6137215335831652	0.695852534562212
1	0.4913252592086792	21.286910980119618	0.6007494955318535	0.6267281105990783
2	0.47424976030985516	20.19280899555311	0.6506197751513404	0.6820276497695853
3	0.46599650382995605	18.733640745145465	0.6935716344767945	0.6981566820276498
4	0.4608057975769043	17.8509639075043	0.708849812626117	0.7350230414746544
5	0.4576200246810913	17.330895546379438	0.7316229460939752	0.7649769585253456
6	0.45674494334629606	16.355517754860973	0.7567022196598443	0.7695852534562212
7	0.4567047655582428	16.35617774560911	0.7474776592678005	0.7027649769585254
8	0.45651986863878036	16.00362268500372	0.7592966272701066	0.7741935483870968
9	0.4561887741088867	15.483767841934064	0.7685211876621505	0.7603686635944701
10	0.45614350925792346	15.126971279809235	0.7754396079561834	0.7580645161290323
11	0.45540453990300495	14.280739679249054	0.79158258864226	0.7488479262672811
12	0.4550755023956299	13.946447779279236	0.7999423464975497	0.7327188940092166
13	0.4554622343608311	12.882815969099692	0.8178149322571346	0.7304147465437788
14	0.4560556411743164	12.262432872702222	0.8302104352839434	0.7350230414746544
15	0.45730213820934296	11.900132772025712	0.8356875180167195	0.7050691244239631
16	0.45719336060916677	10.762602928581588	0.8535601037763044	0.7396313364055299
17	0.4568907552295261	9.699786689303338	0.8722974920726434	0.7096774193548387
18	0.45690118639092697	8.822938192875013	0.8861343326607092	0.7188940092165899
19	0.4567379951477051	8.343728126735861	0.8939175554914961	0.7350230414746544
20	0.45645746730622794	7.352135489840026	0.9042951859325454	0.6981566820276498
21	0.45609439503062854	6.986096690554137	0.9109253387143269	0.7211981566820277
22	0.45569863526717475	5.93256128490518	0.9262035168636494	0.7350230414746544
23	0.4552699228127797	5.610889858608946	0.9328336696454309	0.7304147465437788
24	0.4548629570007324	5.157361635921198	0.9397520899394638	0.7211981566820277
25	0.45442511485173154	3.962005356856442	0.9556068031132892	0.6935483870967742
26	0.45403732193840873	4.1130061860478255	0.9544537330642836	0.7050691244239631
27	0.45370072977883474	2.8874492995235896	0.968002306140098	0.7096774193548387
28	0.45337807721105117	2.1660144413146405	0.9792447391179014	0.7073732718894009
29	0.4531022389729818	2.8405505477561865	0.9662727010665898	0.695852534562212
-1	-1	-1	-1	-1
0	0.5291590690612793	20.629969124400287	0.6451426924185645	0.695852534562212
1	0.4863353967666626	20.469052857215253	0.6315941193427501	0.6152073732718893
2	0.4723176161448161	21.09468630694468	0.6125684635341597	0.5990783410138248
3	0.46406280994415283	18.755736001040958	0.687806284231767	0.7350230414746544
4	0.4596113681793213	18.783242365635864	0.6872297492072643	0.728110599078341
5	0.45779645442962646	17.99770426968916	0.7140386278466417	0.7672811059907834
6	0.45647246497017996	17.384929324508807	0.7261458633611992	0.7004608294930875
7	0.4547451436519623	17.204404922800325	0.7391179014125108	0.7350230414746544
8	0.45364175902472603	16.721814076834864	0.7399827039492649	0.7626728110599078
9	0.45184338092803955	16.278474829612524	0.7529547420005765	0.7373271889400922
10	0.45242240212180396	16.07119234767529	0.756413952147593	0.7557603686635944
11	0.45285646120707196	15.024746299883642	0.7800518881522053	0.7649769585253456
12	0.4536132629101093	14.683699236003632	0.7907177861055059	0.7695852534562212
13	0.45438737528664724	13.925578266108802	0.7907177861055059	0.7741935483870968
14	0.45364367167154945	13.618248558919364	0.8083021043528394	0.7811059907834101
15	0.4537714123725891	12.625753971414829	0.8157970596713751	0.7649769585253456
16	0.453446626663208	12.066851414671731	0.8330931104064572	0.7580645161290323
17	0.45281293657090926	11.105349886308023	0.8431824733352551	0.7534562211981567
18	0.45254239283109965	9.977071044641898	0.8573075814355722	0.7373271889400922
19	0.4521034836769104	9.8135990965257	0.8659556068031133	0.7603686635944701
20	0.4518037864140102	8.632829799564606	0.8841164600749496	0.7419354838709677
21	0.452511343089017	7.914590686833093	0.8996829057365235	0.7350230414746544
22	0.4533256655154021	6.789761424611468	0.9132314788123379	0.7511520737327189
23	0.45405513048171997	6.322928509034148	0.9192850965696167	0.7211981566820277
24	0.45437939643859865	5.21161024723578	0.9394638224272125	0.7419354838709677
25	0.45464691748985875	4.31846728893595	0.9449409051599885	0.7396313364055299
26	0.45495671696133083	3.5449871798174097	0.9573364081867973	0.7465437788018433
27	0.45506495237350464	4.180966212661988	0.9475353127702508	0.7534562211981567
28	0.4548346420814251	1.9515694249934012	0.9795330066301527	0.728110599078341
29	0.4547909736633301	1.968408338486328	0.9775151340443932	0.7050691244239631
30	0.4547098759681948	2.386968070777868	0.9746324589218796	0.7580645161290323
31	0.45428577065467834	1.2334668493804035	0.9881810319976939	0.7188940092165899
32	0.4540063901381059	3.0372794599981483	0.9688671086768521	0.7373271889400922
33	0.453695907312281	1.0699818909174652	0.9876044969731911	0.728110599078341
34	0.45361997740609306	0.6609547242987901	0.9916402421447102	0.7073732718894009
-1	-1	-1	-1	-1
0	0.5450761318206787	21.716226586508096	0.5962536023054755	0.631336405529954
1	0.49887990951538086	22.050034785489423	0.5567723342939481	0.5691244239631337
2	0.479348103205363	20.182896640322625	0.6412103746397695	0.6497695852534562
3	0.47486013174057007	19.097307791403676	0.6838616714697406	0.6705069124423964
4	0.47252850532531737	18.19290176006632	0.6968299711815562	0.6889400921658986
5	0.46926387151082355	18.37824265891259	0.6994236311239193	0.6866359447004609
6	0.4653122765677316	17.281569494019955	0.7305475504322767	0.6935483870967742
7	0.4646640121936798	17.123878124657026	0.7371757925072047	0.716589861751152
8	0.4645191298590766	16.407635806897364	0.7536023054755043	0.716589861751152
9	0.46396784782409667	16.106325097040298	0.7688760806916427	0.716589861751152
10	0.4622062119570645	15.447044092580812	0.7763688760806916	0.7096774193548387
11	0.46080706516901654	15.589833040849879	0.7711815561959654	0.7027649769585254
12	0.4605455765357384	14.628906687465284	0.7881844380403458	0.7004608294930875
13	0.4602706602641514	13.999667465139966	0.7959654178674351	0.7188940092165899
14	0.4602261702219645	13.42058372935024	0.8109510086455332	0.7304147465437788
15	0.45970505475997925	12.654729418798324	0.8262247838616714	0.7050691244239631
16	0.46007703332340016	11.970870087999817	0.8357348703170029	0.6705069124423964
17	0.45955660608079696	11.238613478634335	0.8487031700288185	0.7511520737327189
18	0.45955892613059596	10.566628665005394	0.8587896253602305	0.7304147465437788
19	0.45954262018203734	9.595834034298537	0.8726224783861671	0.7350230414746544
20	0.4600464275905064	9.10537094807406	0.8766570605187319	0.7327188940092166
21	0.4595830874009566	8.515030959330568	0.885878962536023	0.7096774193548387
22	0.45924240609873895	6.9807672456863825	0.9086455331412103	0.7373271889400922
23	0.4587901035944621	6.843283110255495	0.9152737752161383	0.7396313364055299
24	0.45886030197143557	5.553481946297742	0.9328530259365995	0.7211981566820277
25	0.4589486764027522	5.735297932537324	0.9288184438040346	0.7258064516129032
26	0.45838270363984285	4.34861028358477	0.9440922190201729	0.7373271889400922
27	0.45806388344083515	4.216149623924439	0.9484149855907781	0.7488479262672811
28	0.45804381370544434	3.117181315061149	0.9634005763688761	0.7327188940092166
29	0.457762622833252	3.3607953335713905	0.9599423631123919	0.7419354838709677
30	0.45738035632717994	2.0867723191686727	0.9740634005763689	0.7211981566820277
31	0.4569314271211624	1.506473419948592	0.9821325648414986	0.7188940092165899
32	0.45654202952529443	1.780183753152506	0.9780979827089337	0.7258064516129032
33	0.45638519876143513	0.8382837731955112	0.992507204610951	0.7073732718894009
34	0.4560032027108329	2.159875160792347	0.9835734870317003	0.716589861751152
35	0.45554305447472465	2.8587931028199853	0.9697406340057637	0.728110599078341
36	0.4552006399309313	0.68824840433588	0.9945244956772334	0.7304147465437788
37	0.454902636377435	0.26712026209848155	0.9988472622478386	0.716589861751152
-1	-1	-1	-1	-1
0	0.5415523052215576	21.118056323550164	0.6248919619706137	0.6789838337182448
1	0.5255618095397949	19.966950136587162	0.651685393258427	0.628175519630485
2	0.49641696612040204	18.913370359928237	0.6914433880726015	0.6882217090069284
3	0.48375219106674194	18.97476183165104	0.6882742725439355	0.7182448036951501
4	0.4760767936706543	17.510284065106593	0.7257274560645347	0.7228637413394919
5	0.471218744913737	17.113829087773595	0.742149236531259	0.7228637413394919
6	0.4674936703273228	17.054641281792875	0.7453183520599251	0.7413394919168591
7	0.46409574151039124	16.28823451383398	0.7487755690002881	0.7621247113163973
8	0.4619789918263753	16.080390361470915	0.7571305099394987	0.7136258660508084
9	0.460544490814209	15.799410946872257	0.7695188706424662	0.7297921478060047
10	0.45920506390658294	15.333431760105517	0.7810429271103428	0.7297921478060047
11	0.4580620527267456	14.806725274532214	0.7865168539325843	0.7297921478060047
12	0.4572766193976769	14.396199270125923	0.7925669835782195	0.7482678983833718
13	0.4564803327832903	13.748653586851347	0.8058196485162777	0.7274826789838337
14	0.45547658602396646	13.55257082422939	0.80841256122155	0.74364896073903
15	0.45486152172088623	12.319543694137433	0.8277153558052435	0.7390300230946882
16	0.45422831703634825	11.989724500463643	0.8352059925093633	0.7367205542725174
17	0.45364926920996773	11.028074419826542	0.8533563814462691	0.7390300230946882
18	0.45347493573238973	9.869995244052433	0.870930567559781	0.6905311778290993
19	0.45378363132476807	9.451145484906817	0.8784212042639009	0.7251732101616628
20	0.45382546243213473	8.424127237512431	0.8879285508498992	0.7321016166281755
21	0.45396140488711273	7.500823034059017	0.9014693171996543	0.6859122401847575
22	0.4542224407196045	6.906022446964859	0.9135695764909249	0.7113163972286374
23	0.45431584119796753	6.651934378737703	0.912993373667531	0.7020785219399538
24	0.45421213150024414	4.95425168964841	0.9386343993085566	0.7090069284064665
25	0.45438190606924206	5.769196245101614	0.9276865456640737	0.6928406466512702
26	0.45448812731990107	4.634872467146007	0.9481417458945549	0.6951501154734411
27	0.45478538955960957	3.407201777357574	0.958513396715644	0.6951501154734411
28	0.45498251092844993	3.039937185995076	0.9654278305963699	0.6974595842956121
29	0.4548971970876058	3.4514539687458528	0.9605301065975224	0.7090069284064665
-1	-1	-1	-1	-1
0	0.5402283668518066	20.50203274368146	0.6369922212618842	0.7090069284064665
1	0.49176931381225586	21.19876959564489	0.5972342264477096	0.5565819861431871
2	0.4741477966308594	20.742076025096647	0.6107749927974647	0.6882217090069284
3	0.4662210941314697	18.54665949585241	0.7078651685393258	0.7182448036951501
4	0.4608745574951172	18.518108560404645	0.6983578219533275	0.7090069284064665
5	0.4580664237340291	17.457125497520515	0.7320656871218669	0.7367205542725174
6	0.4577538626534598	17.357006969801876	0.7303370786516854	0.7413394919168591
7	0.45782193541526794	16.272781236456076	0.7539613944108327	0.7297921478060047
8	0.45706788698832196	16.167021733905198	0.7522327859406511	0.7482678983833718
9	0.45693011283874513	15.800194084097486	0.7634687409968309	0.7274826789838337
10	0.4567202221263539	15.309352927251693	0.7793143186401613	0.6605080831408776
11	0.45678871870040894	16.083149927471755	0.7620282339383463	0.7367205542725174
12	0.4556238284477821	14.397860338928503	0.7937193892250072	0.7159353348729792
13	0.45526221820286344	14.67548874321334	0.7827715355805244	0.74364896073903
14	0.45573517481486003	13.144289134839259	0.8170556035724575	0.7505773672055427
15	0.45596180856227875	12.30908162878194	0.8216652261596081	0.7482678983833718
16	0.4560725829180549	11.685632263848541	0.8487467588591184	0.7205542725173211
17	0.4562092224756877	11.153480280429944	0.8524920772111784	0.7505773672055427
18	0.45623662597254705	10.245045681612208	0.8692019590895995	0.7390300230946882
19	0.45571025609970095	9.768140751287477	0.8738115816767502	0.7113163972286374
20	0.4549687362852551	8.465261166248846	0.9000288101411696	0.7251732101616628
21	0.4550218473781239	8.573920569288621	0.8934024776721405	0.7182448036951501
22	0.4550668778626815	7.292681893077465	0.9075194468452895	0.7344110854503464
23	0.45488717158635456	6.02540939226063	0.9256698357821953	0.7228637413394919
24	0.4543801879882812	5.780809748336809	0.9311437626044368	0.7159353348729792
25	0.45438152093153733	4.955313062449114	0.9383462978968597	0.7228637413394919
26	0.45404196668554236	4.3556308921324005	0.9495822529530394	0.6882217090069284
27	0.45340045009340557	4.494578189806107	0.9418035148372227	0.7020785219399538
28	0.4532703531199488	4.8080738946932176	0.9507346585998271	0.7228637413394919
29	0.4530230442682902	2.9526008394880034	0.9668683376548545	0.7297921478060047
30	0.4529572609932192	2.370954441231325	0.972054163065399	0.7321016166281755
31	0.4526941403746605	2.5974873853932827	0.9694612503601268	0.7182448036951501
32	0.4526083902879195	1.5508189448796281	0.9838663209449726	0.7043879907621247
33	0.45282214529374065	1.0569019010803158	0.9913569576490925	0.7066974595842956
34	0.45298547063555034	0.9431486014306648	0.9907807548256986	0.6766743648960739
-1	-1	-1	-1	-1
0	0.5401792526245117	19.662170882618756	0.6570605187319885	0.6535796766743649
1	0.5261491537094116	18.192660515461494	0.7146974063400576	0.6397228637413395
2	0.5047463575998942	17.252865891937816	0.7322766570605187	0.648960739030023
3	0.49363821744918823	16.825669717351232	0.7432276657060519	0.6882217090069284
4	0.48607406616210935	15.779043381367254	0.7599423631123919	0.6605080831408776
5	0.4809681971867879	14.902532255977665	0.7815561959654179	0.6974595842956121
6	0.47672135489327566	13.92085610835924	0.7956772334293948	0.6997690531177829
7	0.4748916029930115	12.422003960390704	0.8242074927953891	0.7020785219399538
8	0.4721425374348958	11.762319652312392	0.8331412103746397	0.6974595842956121
9	0.47084476947784426	10.719794174946776	0.8538904899135447	0.648960739030023
10	0.46925982561978424	10.101135971349313	0.8697406340057637	0.7043879907621247
11	0.4675265947977702	7.885513802187158	0.8942363112391931	0.6951501154734411
12	0.4656554368826059	7.755319459722676	0.8907780979827089	0.6974595842956121
13	0.46468121664864676	5.906165073770995	0.9262247838616715	0.6951501154734411
14	0.46435961723327634	5.80214544392507	0.9262247838616715	0.6974595842956121
15	0.46334801614284515	4.065085268895561	0.955043227665706	0.6928406466512702
16	0.4627361718346091	2.6901795726030246	0.9711815561959655	0.6974595842956121
17	0.46240774790445965	2.997179923801247	0.9651296829971182	0.6997690531177829
18	0.46218686354787725	2.155004393001762	0.9755043227665706	0.6697459584295612
19	0.4618576645851135	1.5639619544626924	0.9844380403458213	0.7020785219399538
20	0.4621462481362479	3.0508137001835425	0.9680115273775216	0.6720554272517321
21	0.46272834864529694	1.6441818951466762	0.984149855907781	0.6951501154734411
22	0.4627619722615118	0.8097159926258369	0.9913544668587896	0.7043879907621247
23	0.46260160207748413	0.8425257033113083	0.9919308357348703	0.6951501154734411
24	0.46200984954833985	0.2276335586633516	0.9988472622478386	0.674364896073903
25	0.4613582812822782	0.07373720516638677	0.9997118155619596	0.6951501154734411
26	0.4609343299159297	0.030787679197751584	1.0	0.6928406466512702
27	0.46080842188426424	0.015850404134995322	1.0	0.6905311778290993
28	0.4607282589221823	0.011784069697210275	1.0	0.6928406466512702
29	0.46070117950439454	0.00948964127840329	1.0	0.6905311778290993
30	0.46074399640483243	0.007911326295595805	1.0	0.6905311778290993
-1	-1	-1	-1	-1
0	0.547041654586792	19.93176404270557	0.6601326030556356	0.7142857142857143
1	0.49501121044158936	18.529660168044064	0.6973191121360622	0.7050691244239631
2	0.47830406824747723	17.786557145074966	0.7151916978956472	0.6705069124423964
3	0.47013503313064575	16.876224194097958	0.7399827039492649	0.7142857142857143
4	0.4661001205444336	15.767046727171731	0.7630441049293745	0.6774193548387096
5	0.4652130603790283	15.621467992800092	0.7633323724416259	0.7235023041474654
6	0.46326957430158344	14.26236312323754	0.7910060536177573	0.7211981566820277
7	0.4632776975631714	12.852782310695822	0.8175266647448832	0.7304147465437788
8	0.4620193905300564	11.851477929211537	0.8377053906024791	0.7188940092165899
9	0.46023547649383545	10.484806340768797	0.8529835687518017	0.7350230414746544
10	0.4587407112121582	9.143201847688868	0.8818103199769386	0.6889400921658986
11	0.4573399821917216	8.590579581916879	0.8861343326607092	0.7073732718894009
12	0.45580018483675444	6.522471037479716	0.9138080138368406	0.6981566820276498
13	0.4545564481190273	6.0946084348433605	0.9236091092533871	0.6866359447004609
14	0.4534460703531901	4.317248385160341	0.946093975208994	0.7027649769585254
15	0.4531572014093399	6.569736360956769	0.9201498991063707	0.716589861751152
16	0.45317857405718637	2.7991835641751597	0.968002306140098	0.7350230414746544
17	0.4527259800169203	2.258992097793369	0.9752089939463823	0.7073732718894009
18	0.45210283680966024	2.5330286723894813	0.9711732487748631	0.7142857142857143
19	0.45176416635513306	1.969172250308575	0.9786682040933987	0.7073732718894009
20	0.4511947064172654	1.659107682901785	0.9829922167771692	0.6935483870967742
21	0.45073310895399615	1.0633296018269836	0.9896223695589507	0.7119815668202765
22	0.4507558864095937	3.4043817569356447	0.9631017584318248	0.7027649769585254
23	0.45051075021425885	0.8471151435183822	0.9930815797059671	0.7050691244239631
24	0.4503300476074219	0.21196612708031312	0.9991351974632459	0.716589861751152
25	0.4502862600179819	0.10271415613333208	0.9994234649754973	0.7073732718894009
26	0.45067446320145216	0.05366771168357462	0.9994234649754973	0.7096774193548387
27	0.4505535875047956	0.02507540146679267	1.0	0.7096774193548387
28	0.4507062681790056	0.01715295188504895	1.0	0.7096774193548387
29	0.45069620609283445	0.01242508541120039	1.0	0.7096774193548387
-1	-1	-1	-1	-1
0	0.5546834468841553	19.822075222610334	0.6644566157394062	0.7027649769585254
1	0.5056190490722656	18.752350181614588	0.6927068319400403	0.6820276497695853
2	0.48271385828653973	17.572082694517363	0.724416258287691	0.716589861751152
3	0.47814613580703735	17.188502722923907	0.7359469587777457	0.6751152073732719
4	0.47259888648986814	15.998200595925708	0.7543960795618334	0.728110599078341
5	0.46690213680267334	14.771421353751366	0.7817814932257134	0.7096774193548387
6	0.4644265856061663	14.529753164413872	0.7863937734217353	0.7350230414746544
7	0.4619530737400055	13.83169349180449	0.801671951571058	0.728110599078341
8	0.4601125452253554	11.8695591305374	0.831363505332949	0.6705069124423964
9	0.45833024978637693	10.564295344396468	0.853271836264053	0.7004608294930875
10	0.45702062953602185	11.66684243875906	0.8417411357739982	0.7327188940092166
11	0.4563649694124858	9.935830586547151	0.8639377342173538	0.7073732718894009
12	0.4555840308849628	7.528262393737058	0.9060247910060536	0.7188940092165899
13	0.45490310873304096	7.137622207676599	0.9083309311040646	0.7258064516129032
14	0.4544119199117025	6.315987923823365	0.9221677716921303	0.7211981566820277
15	0.45524320006370544	4.4751270391525475	0.952435860478524	0.7327188940092166
16	0.454758882522583	4.923789824367663	0.9446526376477371	0.6935483870967742
17	0.4541393518447876	4.319944284104426	0.9527241279907754	0.7327188940092166
18	0.4535703910024543	1.697645990946971	0.982127414240415	0.7073732718894009
19	0.4529546022415161	2.0161346464563126	0.9778034015566446	0.716589861751152
20	0.4526179972149077	2.76226219206775	0.9685788411646008	0.6889400921658986
21	0.45218216289173474	1.9697158021185923	0.9780916690688959	0.7027649769585254
22	0.4521353763082753	0.7877274764992228	0.9942346497549727	0.7050691244239631
23	0.45240552226702374	1.2830020327360259	0.9878927644854425	0.695852534562212
24	0.4520621490478516	0.41907432986372106	0.9962525223407322	0.7188940092165899
25	0.4517552852630615	0.1441061996936012	0.9994234649754973	0.7327188940092166
26	0.4513678285810683	0.049737050007108104	0.9997117324877486	0.7258064516129032
27	0.4510683502469744	0.019987300841496625	1.0	0.7350230414746544
28	0.4515114899339347	0.014077228616812019	1.0	0.7304147465437788
29	0.45205291906992595	0.01106038271719718	1.0	0.7304147465437788
-1	-1	-1	-1	-1
0	0.5457344055175781	19.956344726982465	0.6560968578841164	0.7004608294930875
1	0.5027059316635132	19.24857170209972	0.6682040933986739	0.7119815668202765
2	0.4865635236104329	18.064929244715138	0.7102911501873739	0.7119815668202765
3	0.4766445755958557	17.032208521431738	0.7327760161429807	0.6682027649769585
4	0.4698371410369873	16.406283317355935	0.7529547420005765	0.7396313364055299
5	0.468522310256958	15.237495671718493	0.7745748054194292	0.695852534562212
6	0.4649221897125244	14.560744408073775	0.783799365811473	0.684331797235023
7	0.4619166851043701	13.286615010795243	0.8137791870856155	0.7096774193548387
8	0.45954545338948566	12.717386998167825	0.8201210723551455	0.6912442396313364
9	0.45734467506408694	13.152227563595552	0.8129143845488613	0.716589861751152
10	0.4558413028717041	12.129249133101297	0.8293456327471894	0.7327188940092166
11	0.45561033487319946	10.51668045061444	0.8561545113865667	0.7373271889400922
12	0.4548099957979642	8.551012645073987	0.8907466128567311	0.7119815668202765
13	0.4541051047188895	7.178601938650148	0.904006918420294	0.7350230414746544
14	0.45372600555419923	5.958239280849422	0.921879504179879	0.7119815668202765
15	0.4526100307703018	5.862892784109903	0.9253387143268954	0.7258064516129032
16	0.452894505332498	3.693367423814371	0.9538771980397809	0.7235023041474654
17	0.45342620213826496	4.233018366842095	0.9495531853560104	0.7188940092165899
18	0.4531802629169665	2.3563094233427573	0.9746324589218796	0.7304147465437788
19	0.4527242660522461	2.455096291292698	0.9746324589218796	0.7304147465437788
20	0.452550729115804	1.5941662855377985	0.9835687518016719	0.7350230414746544
21	0.45201593095606024	0.3850075054589078	0.9974055923897377	0.716589861751152
22	0.45134734070819355	2.235690560277312	0.9792447391179014	0.6935483870967742
23	0.45088082551956177	1.7401835981653917	0.9841452868261746	0.7511520737327189
24	0.4503764247894287	0.22245334592912722	0.9991351974632459	0.7373271889400922
25	0.450057185613192	0.07448127121587686	1.0	0.7488479262672811
26	0.4499390920003255	0.036122201790247076	1.0	0.7373271889400922
27	0.4495310527937753	0.020447618408671177	1.0	0.7419354838709677
28	0.4494282212750665	0.015127852123867242	1.0	0.7442396313364056
29	0.44917229016621907	0.01174110855742725	1.0	0.7396313364055299
30	0.44877914459474627	0.009468091791575784	1.0	0.7396313364055299
31	0.44859808683395386	0.007898167787395298	1.0	0.7396313364055299
32	0.4485370462590998	0.0067467010708700936	1.0	0.7396313364055299
33	0.44827602190129895	0.005881820928728327	1.0	0.7396313364055299
34	0.4480109214782715	0.005147499713188021	1.0	0.7350230414746544
35	0.4482047888967726	0.004570837255656493	1.0	0.7396313364055299
36	0.44807733071816935	0.004104024051355386	1.0	0.7373271889400922
37	0.44786627669083445	0.0037170771258154783	1.0	0.7350230414746544
38	0.4474829343649057	0.0033746408091680736	1.0	0.7373271889400922
39	0.44737970232963564	0.0030964031562405645	1.0	0.7373271889400922
40	0.4472081661224365	0.002853754809053632	1.0	0.7373271889400922
41	0.4470937252044678	0.002632216502148167	1.0	0.7373271889400922
42	0.4470336049102073	0.0024542280830204734	1.0	0.7373271889400922
43	0.44691193103790283	0.0022782410357207266	1.0	0.7373271889400922
-1	-1	-1	-1	-1
0	0.5548973083496094	19.68337017461794	0.6667627558374172	0.7235023041474654
1	0.5001819133758545	18.737021349985664	0.6932833669645431	0.7073732718894009
2	0.5000291665395101	17.85363302318328	0.7140386278466417	0.6658986175115207
3	0.4839545488357544	17.8271753591135	0.7134620928221389	0.7327188940092166
4	0.4761365413665771	16.52692457951537	0.7518016719515711	0.7488479262672811
5	0.4702747662862142	16.06406027242678	0.7578552897088499	0.6774193548387096
6	0.466299091066633	15.49022719619471	0.7653502450273855	0.7396313364055299
7	0.46573689579963684	14.38223396310019	0.79158258864226	0.7304147465437788
8	0.4640869034661187	14.197355182892686	0.7933121937157682	0.7534562211981567
9	0.46344521045684817	12.420956911297019	0.8267512251369271	0.7626728110599078
10	0.4614075313914906	10.928700121170884	0.8550014413375613	0.7488479262672811
11	0.4608822862307231	9.271929406244821	0.8780628423176708	0.7211981566820277
12	0.460341581931481	8.354450114276432	0.8904583453444797	0.7119815668202765
13	0.4590098687580654	7.061975952682145	0.9120784087633323	0.7396313364055299
14	0.45772809982299806	6.638569160338935	0.9192850965696167	0.716589861751152
15	0.45693688094615936	5.272088570332309	0.9374459498414529	0.7373271889400922
16	0.4564507989322438	3.283629859532785	0.9616604208705679	0.7557603686635944
17	0.4561394850413005	4.433550273879953	0.9507062554050159	0.7188940092165899
18	0.4554859337053801	3.4425530324288465	0.9596425482848083	0.7465437788018433
19	0.4550521731376648	1.5678262242346728	0.982127414240415	0.7465437788018433
20	0.4545621417817615	1.0278555917075125	0.9893341020466994	0.7465437788018433
21	0.45401835441589355	0.5579826482101728	0.9930815797059671	0.7235023041474654
22	0.453136972759081	0.17727275515709995	0.9988469299509946	0.7534562211981567
23	0.4527108172575633	0.04784219020148825	1.0	0.7580645161290323
24	0.4522066116333008	0.02065289077410953	1.0	0.7626728110599078
25	0.45208070828364444	0.013680307863177647	1.0	0.7603686635944701
26	0.45198325757627134	0.010090891213863919	1.0	0.7580645161290323
27	0.4520101547241211	0.008050017556952048	1.0	0.7580645161290323
28	0.4520271975418617	0.006621287544092394	1.0	0.7534562211981567
29	0.4520742416381836	0.005575117332553235	1.0	0.7580645161290323
-1	-1	-1	-1	-1
0	0.5277748107910156	20.02818680684501	0.6612856731046411	0.7258064516129032
1	0.48905491828918457	18.574109707403622	0.6950129720380513	0.7373271889400922
2	0.473738431930542	17.52558515268728	0.7200922456039205	0.6774193548387096
3	0.4648265242576599	16.661538290321282	0.7417123090227732	0.7142857142857143
4	0.4600623607635498	15.552263093650888	0.765061977515134	0.7096774193548387
5	0.4566890796025594	14.996634750191225	0.7794753531277026	0.7142857142857143
6	0.45494818687438965	14.469539987931558	0.7964831363505332	0.7073732718894009
7	0.453276664018631	11.932614847060737	0.8348227154799654	0.7004608294930875
8	0.4543313715193007	11.653844120305612	0.8359757855289709	0.716589861751152
9	0.45418729782104494	10.484920085023303	0.8604785240703373	0.716589861751152
10	0.45524252544749866	10.539052315808217	0.8547131738253099	0.7004608294930875
11	0.45419291655222577	8.414857666426842	0.8887287402709715	0.6889400921658986
12	0.4545889634352464	6.736893603561121	0.9184202940328625	0.6751152073732719
13	0.4545818737574986	5.435453790727012	0.9357163447679446	0.7235023041474654
14	0.4548734505971273	4.403945502064643	0.9458057076967425	0.6889400921658986
15	0.4545603543519974	4.376503851162184	0.9484001153070049	0.7119815668202765
16	0.45501481785493736	2.595972254735614	0.9711732487748631	0.7096774193548387
17	0.45439038011762833	2.74025625591978	0.9665609685788412	0.7119815668202765
18	0.4546940075723748	2.8011613392501795	0.9697319112136062	0.695852534562212
19	0.4547237753868103	1.0992761380765417	0.9893341020466994	0.7188940092165899
20	0.45490734917776926	0.87796685543048	0.9913519746324589	0.7027649769585254
21	0.4550260305404663	0.19677789875844476	0.9982703949264918	0.7073732718894009
22	0.4549283981323242	0.1470156469854415	0.9991351974632459	0.7119815668202765
23	0.4549783666928609	0.04390346211805265	0.9997117324877486	0.7142857142857143
24	0.4548753070831299	0.01527930890880696	1.0	0.7188940092165899
25	0.45498382128202	0.01084305120824565	1.0	0.716589861751152
26	0.4547048498083044	0.008630516905288977	1.0	0.716589861751152
27	0.4547172614506313	0.006962789874096666	1.0	0.716589861751152
28	0.45467583886508284	0.0059032281199197815	1.0	0.7119815668202765
29	0.45436270236968995	0.005026668503545674	1.0	0.7142857142857143
-1	-1	-1	-1	-1
0	0.5424487590789795	19.63268997909826	0.6705102334966849	0.6981566820276498
1	0.5014522075653076	18.965389006728426	0.6751225136927068	0.6682027649769585
2	0.4836390018463135	17.668651208965056	0.7200922456039205	0.7073732718894009
3	0.4759508967399597	16.636848379712585	0.7480541942923032	0.6889400921658986
4	0.47112250328063965	15.8199148046861	0.7662150475641395	0.6981566820276498
5	0.46726882457733154	15.708925133451409	0.761891034880369	0.7004608294930875
6	0.4662149293082101	14.366468534557098	0.7884116460074949	0.7396313364055299
7	0.4627988338470459	12.996859764834063	0.8146439896223696	0.7188940092165899
8	0.4613524278004964	12.062909583432958	0.8304987027961949	0.7073732718894009
9	0.4611564874649048	11.391539468677765	0.8434707408475065	0.7119815668202765
10	0.4593418077989058	10.681156079703515	0.855577976362064	0.6889400921658986
11	0.45861653486887616	9.581790438485802	0.8722974920726434	0.728110599078341
12	0.4580385684967041	7.283439429528123	0.9066013260305563	0.6728110599078341
13	0.4577033349445888	6.157378091724641	0.9207264341308734	0.7050691244239631
14	0.4575633525848389	5.426806404503114	0.9334102046699337	0.7027649769585254
15	0.4570731967687607	3.940452371168574	0.9518593254540213	0.6866359447004609
16	0.4566817564122817	3.530774726506767	0.9576246756990487	0.6935483870967742
17	0.4560867018169827	3.4332852393662163	0.9587777457480542	0.652073732718894
18	0.4549959458802876	1.898730092912639	0.9783799365811473	0.7119815668202765
19	0.4548332214355469	2.895424840527527	0.9677140386278467	0.684331797235023
20	0.4546812829517183	1.92242989832655	0.9803978091669069	0.6682027649769585
21	0.45393957874991675	1.233404262948337	0.9878927644854425	0.7142857142857143
22	0.4533202440842338	2.273439292616527	0.9792447391179014	0.684331797235023
23	0.45302051305770874	0.6060405239172348	0.9956759873162294	0.6912442396313364
24	0.4527610206604004	0.08112108907149677	0.9997117324877486	0.6912442396313364
25	0.4526787996292114	0.03383744978388652	1.0	0.6912442396313364
26	0.4525114783534297	0.02194355479858115	1.0	0.6889400921658986
27	0.45268664189747404	0.015690155191146214	1.0	0.6889400921658986
28	0.4529528782285493	0.01224276175697915	1.0	0.6889400921658986
29	0.45274132092793784	0.009855249192279448	1.0	0.6889400921658986
-1	-1	-1	-1	-1
0	0.533416748046875	19.246293400405744	0.6654178674351585	0.7142857142857143
1	0.4890017509460449	18.334871720830236	0.699135446685879	0.6751152073732719
2	0.474629004796346	17.78334928215097	0.7236311239193084	0.7188940092165899
3	0.4701942801475525	16.678224598595854	0.7455331412103746	0.7119815668202765
4	0.46739978790283204	15.78753847594655	0.7602305475504323	0.5967741935483871
5	0.46374690532684326	16.278886869413043	0.7510086455331412	0.7511520737327189
6	0.4604612077985491	14.012283226765623	0.7881844380403458	0.6981566820276498
7	0.4581317901611328	13.353901924343283	0.7988472622478386	0.7050691244239631
8	0.45549069510565865	12.048185860345123	0.8282420749279539	0.6981566820276498
9	0.4545372486114502	10.665964942459667	0.8567723342939482	0.7396313364055299
10	0.4536589709195224	10.327326039655492	0.8599423631123919	0.7396313364055299
11	0.45356865723927814	8.625146316825797	0.8873198847262248	0.7488479262672811
12	0.4525052767533522	8.293132482318704	0.8942363112391931	0.7235023041474654
13	0.4522202696119036	7.731255719421107	0.8979827089337176	0.7096774193548387
14	0.4523271719614665	5.74072092716847	0.9273775216138328	0.7004608294930875
15	0.4526205062866211	4.257680695538127	0.9481268011527377	0.7027649769585254
16	0.4528367238886216	3.7255173432170796	0.9570605187319885	0.7304147465437788
17	0.4525499741236369	3.77373578351572	0.9567723342939481	0.7027649769585254
18	0.45327963327106674	1.8124422284714672	0.9801152737752161	0.7050691244239631
19	0.45266678333282473	0.7487984119803397	0.9927953890489913	0.695852534562212
20	0.45227188155764625	7.618051709521801	0.9155619596541786	0.7073732718894009
21	0.4517892707477916	1.117947036246641	0.9907780979827089	0.7211981566820277
22	0.4512835274571958	0.203353255624037	0.9997118155619596	0.7211981566820277
23	0.45096832513809204	0.0947110686673347	0.9997118155619596	0.7211981566820277
24	0.4506331157684326	0.03801129767009048	1.0	0.7235023041474654
25	0.45059630504021275	0.022982520865139747	1.0	0.7235023041474654
26	0.45078273172731753	0.01615001860853293	1.0	0.7258064516129032
27	0.450302038873945	0.012364011122960428	1.0	0.728110599078341
28	0.45034810592388286	0.009988869623833234	1.0	0.728110599078341
29	0.45066336790720624	0.00823582440359441	1.0	0.7304147465437788
-1	-1	-1	-1	-1
0	0.5370779037475586	19.852736744311972	0.6709881878421204	0.7043879907621247
1	0.49601495265960693	18.856109435405205	0.6911552866609046	0.6789838337182448
2	0.48129598299662274	17.585853296682377	0.721117833477384	0.7136258660508084
3	0.47477859258651733	16.845658901634565	0.7309132814750793	0.7205542725173211
4	0.4718848705291748	16.119363846035178	0.7559781042927111	0.7136258660508084
5	0.4667910734812419	15.44689381450688	0.7651973494670123	0.7182448036951501
6	0.46325853892735075	14.983671617070469	0.7778738115816768	0.6697459584295612
7	0.45963022112846375	13.706829893479654	0.8038029386343993	0.7321016166281755
8	0.457360929912991	12.533496769196397	0.8245462402765773	0.674364896073903
9	0.45592598915100097	10.703452709617965	0.8547968885047537	0.7321016166281755
10	0.45454181324351917	10.866334059916506	0.8562373955632383	0.7113163972286374
11	0.4533034960428874	8.34478370640256	0.8861999423797177	0.7228637413394919
12	0.4521652368398813	8.546436869770016	0.8913857677902621	0.7228637413394919
13	0.4511998551232474	7.3498254905053235	0.905790838375108	0.7274826789838337
14	0.4507810910542806	5.199289323539909	0.9357533851915875	0.6997690531177829
15	0.45106570422649384	4.560830854221222	0.9418035148372227	0.7066974595842956
16	0.4507783440982594	3.338894206449526	0.9611063094209161	0.7551963048498845
17	0.45102667808532715	2.816830315037605	0.9677326418899452	0.7182448036951501
18	0.4517314559534976	1.4493650806503833	0.9855949294151541	0.7228637413394919
19	0.45217658281326295	2.330222317590079	0.9763756842408527	0.6974595842956121
20	0.45350815000988187	3.011774062700228	0.9639873235378853	0.7043879907621247
21	0.4532397010109641	1.6255045917329438	0.9835782195332757	0.7228637413394919
22	0.45320737880209216	1.2348364620478054	0.9876116392970326	0.6905311778290993
23	0.45340320467948914	1.250913062590012	0.9864592336502449	0.7090069284064665
24	0.4531773376464844	0.12317584974930511	0.9994237971766061	0.7251732101616628
25	0.4535106053719154	0.05127145136960722	0.9997118985883031	0.7182448036951501
26	0.4540750097345423	0.025062106192216636	1.0	0.7159353348729792
27	0.4539285727909633	0.01709582415714309	1.0	0.7182448036951501
28	0.4534600520956105	0.012881309420020968	1.0	0.7159353348729792
29	0.45305167039235433	0.010224488740327657	1.0	0.7182448036951501
30	0.45254400468641715	0.008507409866219985	1.0	0.7159353348729792
31	0.4523603245615959	0.007128329404363827	1.0	0.7159353348729792
32	0.4518720670179887	0.006193772489429289	1.0	0.7159353348729792
33	0.45150359237895293	0.005417902949383619	1.0	0.7159353348729792
34	0.45148374693734306	0.004807523416667384	1.0	0.7136258660508084
35	0.4514919916788737	0.0042963293258879345	1.0	0.7136258660508084
36	0.4513784292581919	0.003860811597005189	1.0	0.7136258660508084
-1	-1	-1	-1	-1
0	0.5539748668670654	19.681323523915143	0.6646499567847882	0.6997690531177829
1	0.5055251121520996	18.328341029105932	0.7084413713627197	0.6951501154734411
2	0.4914124806722005	17.456411759787745	0.7286084701815039	0.7182448036951501
3	0.4840008616447449	17.063839006861414	0.7447421492365313	0.7367205542725174
4	0.48028993606567383	15.757840528400665	0.7660616537021031	0.7344110854503464
5	0.47704803943634033	14.974290038467547	0.7865168539325843	0.7505773672055427
6	0.4748761994498117	13.824738301268411	0.7991933160472486	0.7621247113163973
7	0.47287753224372864	12.768359538612016	0.8196485162777297	0.6697459584295612
8	0.47170739703708225	12.55700945197989	0.8320368769806972	0.7113163972286374
9	0.4710855960845947	10.829514542850879	0.8550849899164505	0.6812933025404158
10	0.47076949206265534	10.33868887665075	0.8559492941515413	0.7136258660508084
11	0.46967341502507526	8.822351810035356	0.8905214635551714	0.7413394919168591
12	0.4687340442950909	7.073525330342284	0.9118409680207433	0.7482678983833718
13	0.46791080066135954	5.770477236957725	0.9253817343704984	0.7182448036951501
14	0.4668282667795817	5.453349219002855	0.9305675597810429	0.7182448036951501
15	0.46541616320610046	5.724594532896619	0.9253817343704984	0.7551963048498845
16	0.4642012680278105	2.4501076929886407	0.9740708729472775	0.7367205542725174
17	0.46326666408114964	3.341233744533784	0.9645635263612792	0.7228637413394919
18	0.4624307908509907	3.182385880465901	0.9605301065975224	0.7321016166281755
19	0.4612513303756714	1.6917984096008702	0.9795447997695189	0.7344110854503464
20	0.4603998547508603	0.7335389027149852	0.9945260731777585	0.7367205542725174
21	0.4594604969024658	0.6771768086137028	0.993085566119274	0.7344110854503464
22	0.4584561534549879	1.2836689049988952	0.9853068280034573	0.7367205542725174
23	0.4575071732203166	1.755572420843971	0.9798329011812158	0.6951501154734411
24	0.4568163776397705	0.6212376631431094	0.9933736675309709	0.7390300230946882
25	0.45638325581183803	0.26479823833412636	0.9976951887064247	0.7390300230946882
26	0.4557669957478841	0.17012150734107634	0.9991356957649092	0.7390300230946882
27	0.4552456481116159	0.029566824375577016	1.0	0.7413394919168591
28	0.4549615629788103	0.016151537756657723	1.0	0.745958429561201
29	0.4545361757278442	0.011687700005478883	1.0	0.7482678983833718
-1	-1	-1	-1	-1
0	0.5334043502807617	20.050942377212944	0.6573487031700288	0.6859122401847575
1	0.49417662620544434	19.01945400238037	0.6829971181556196	0.7020785219399538
2	0.47749996185302734	18.500777778275516	0.7	0.6859122401847575
3	0.4666130542755127	17.014297704084203	0.7409221902017291	0.7066974595842956
4	0.4617885112762451	16.359764659076657	0.7518731988472622	0.7228637413394919
5	0.4585142532984416	15.412715137551684	0.7680115273775217	0.6974595842956121
6	0.45568486622401644	14.419873570083478	0.7881844380403458	0.7205542725173211
7	0.45422083139419556	13.483809011791823	0.8034582132564841	0.7367205542725174
8	0.4531981945037842	12.015348994403805	0.8351585014409222	0.7066974595842956
9	0.45176455974578855	11.177513914370756	0.8481268011527378	0.6951501154734411
10	0.45080306313254614	10.890710373537257	0.8507204610951009	0.7113163972286374
11	0.45014488697052	9.032484516091303	0.8769452449567723	0.7297921478060047
12	0.4493090739616981	7.773452991739325	0.9017291066282421	0.7020785219399538
13	0.44936706338609966	6.69599098021831	0.9190201729106628	0.7020785219399538
14	0.4489893436431885	5.310143966193593	0.9340057636887608	0.7043879907621247
15	0.44867414236068726	6.042508065700531	0.9253602305475505	0.7205542725173211
16	0.4484711534836713	3.2968410510535633	0.9622478386167147	0.6628175519630485
17	0.4485546615388658	2.7325027333487064	0.9688760806916427	0.7113163972286374
18	0.44897839897557307	1.7682292310333034	0.9804034582132565	0.7251732101616628
19	0.44971790313720705	2.0987695787067806	0.9769452449567724	0.7159353348729792
20	0.449475435983567	0.8611308300286669	0.9896253602305476	0.7159353348729792
21	0.4490355469963767	1.9628136358693788	0.9755043227665706	0.6812933025404158
22	0.44866128589795984	1.9799293818618726	0.976657060518732	0.7205542725173211
23	0.44892166058222455	0.3676658760790431	0.9976945244956772	0.7113163972286374
24	0.4488241767883301	0.10264202391455343	0.9994236311239193	0.7113163972286374
25	0.4490674825815054	0.04669834958675634	1.0	0.7113163972286374
26	0.4487910270690918	0.028808782141497614	1.0	0.7136258660508084
27	0.4486361060823713	0.01948786562403724	1.0	0.7136258660508084
28	0.4483954166543895	0.015268236648082016	1.0	0.7066974595842956
29	0.4482388178507487	0.011980568083620484	1.0	0.7113163972286374
-1	-1	-1	-1	-1
0	0.5300390720367432	19.851496661474947	0.675987316229461	0.7350230414746544
1	0.4847104549407959	18.78776988633182	0.6973191121360622	0.6774193548387096
2	0.47026634216308594	17.369305558160903	0.7316229460939752	0.6935483870967742
3	0.4631449580192566	17.078970839124207	0.7324877486307293	0.7304147465437788
4	0.45903759002685546	15.96607240624384	0.7578552897088499	0.7373271889400922
5	0.4574095805486043	15.042988177833207	0.7765926780051888	0.7027649769585254
6	0.4553977761949812	14.385716853885476	0.7843759008359757	0.7442396313364056
7	0.45356687903404236	13.155784703175955	0.8083021043528394	0.6820276497695853
8	0.45217209392123753	12.170705554682181	0.8209858748918997	0.7396313364055299
9	0.45146639347076417	10.170629437910307	0.8633611991928509	0.7396313364055299
10	0.4506144740364768	10.475460662754303	0.858748918996829	0.716589861751152
11	0.44988999764124554	8.503988820478456	0.8918996829057365	0.7096774193548387
12	0.44928686435406023	7.189155148803641	0.9066013260305563	0.7119815668202765
13	0.44946559837886263	6.717447997233189	0.9123666762755838	0.7350230414746544
14	0.4500651200612386	5.487229791803098	0.9334102046699337	0.7235023041474654
15	0.4505745619535446	4.003937410652091	0.95157105794177	0.7050691244239631
16	0.45050323710722084	4.263359516312223	0.95157105794177	0.7073732718894009
17	0.45067163308461505	2.0334794675811714	0.975785528970885	0.7073732718894009
18	0.45094281748721476	3.3416081016216803	0.9619486883828192	0.716589861751152
19	0.4511618375778198	1.9428230946148755	0.9824156817526665	0.7050691244239631
20	0.4511264505840483	3.216824082743137	0.9671375036033439	0.7188940092165899
21	0.45105521245436236	0.7740306219581617	0.9927933121937158	0.7119815668202765
22	0.4506351844124172	0.28135808657773625	0.9974055923897377	0.7235023041474654
23	0.45063546299934387	0.0730147239230915	1.0	0.7142857142857143
24	0.45053314208984374	0.02633006762127913	1.0	0.7142857142857143
25	0.45084452629089355	0.014266467002116853	1.0	0.7142857142857143
26	0.4506180551317003	0.01014708357685835	1.0	0.7142857142857143
27	0.45029139518737793	0.007982440423935977	1.0	0.7142857142857143
28	0.45001124513560326	0.006479535298248424	1.0	0.7142857142857143
29	0.4506245056788127	0.0054278591963614195	1.0	0.716589861751152
-1	-1	-1	-1	-1
0	0.5443925857543945	19.84039609804066	0.6673392908619199	0.7142857142857143
1	0.4976668357849121	18.53275449997788	0.7007783222830787	0.6912442396313364
2	0.4824349880218506	17.406251679866685	0.7345056212164889	0.6682027649769585
3	0.4760993719100952	16.657341965841592	0.7399827039492649	0.7119815668202765
4	0.4712019920349121	15.587938558071032	0.767368117613145	0.6935483870967742
5	0.4662267764409383	14.98102049433857	0.7846641683482272	0.6474654377880185
6	0.46270322799682617	13.989994670272967	0.7985010089362928	0.7119815668202765
7	0.4603310525417328	12.785506154419085	0.8178149322571346	0.6751152073732719
8	0.45836660597059464	12.654568129723225	0.8261746901124243	0.728110599078341
9	0.45801658630371095	10.725855402990218	0.8512539636782934	0.7373271889400922
10	0.4581358649513938	9.628111425889742	0.8665321418276161	0.684331797235023
11	0.4559832413991292	10.147042884739166	0.8616315941193428	0.7027649769585254
12	0.4544828488276555	7.696644251499701	0.9005477082732776	0.7119815668202765
13	0.45359359468732563	7.444910994363488	0.904006918420294	0.728110599078341
14	0.45235732396443684	5.673320402246003	0.9342750072066878	0.7373271889400922
15	0.4510849863290787	5.877374061340586	0.93052752954742	0.728110599078341
16	0.4502272886388442	3.1459374668401314	0.9628134909195734	0.7142857142857143
17	0.4501262903213501	3.029705146583942	0.9662727010665898	0.6912442396313364
18	0.45000610853496353	2.326213587724834	0.9737676563851254	0.7373271889400922
19	0.449401319026947	1.5879556473788865	0.9792447391179014	0.7211981566820277
20	0.449728148324149	1.585424156158889	0.984433554338426	0.7235023041474654
21	0.4500822804190896	0.8249310547605567	0.9916402421447102	0.7119815668202765
22	0.4501729633497155	2.810610091159923	0.9674257711155952	0.716589861751152
23	0.4505670468012492	1.1004268086147964	0.9881810319976939	0.6935483870967742
24	0.4510338020324707	0.20017094266336036	0.9994234649754973	0.7050691244239631
25	0.4511375885743361	0.050760560613467336	1.0	0.6981566820276498
26	0.4514831878520824	0.02724054995699948	1.0	0.7004608294930875
27	0.45176427704947336	0.018751787680997983	1.0	0.7004608294930875
28	0.45201883644893254	0.013788685369211327	1.0	0.7027649769585254
29	0.45232595602671305	0.011063694177994316	1.0	0.7027649769585254
-1	-1	-1	-1	-1
0	0.548015832901001	19.559740823343258	0.6710867685211876	0.7050691244239631
1	0.5013196468353271	19.131380566763223	0.6852118766215047	0.6820276497695853
2	0.48475416501363117	18.132162273476975	0.7010665897953301	0.6682027649769585
3	0.4774375557899475	17.272724431589108	0.7258575958489478	0.6935483870967742
4	0.4746121883392334	16.984380341451104	0.7324877486307293	0.7050691244239631
5	0.470602552096049	15.582953641174036	0.7607379648313635	0.7119815668202765
6	0.46698808670043945	14.724719143788748	0.7849524358604785	0.7258064516129032
7	0.4649505913257599	13.778831761911375	0.7979244739117901	0.716589861751152
8	0.46406377686394584	14.186171470432107	0.7953300663015278	0.7142857142857143
9	0.4618342638015747	12.854900784448747	0.8123378495243586	0.7188940092165899
10	0.46076455983248626	11.307221185176745	0.8405880657249928	0.7142857142857143
11	0.45955143372217816	10.335990673905119	0.8619198616315941	0.7211981566820277
12	0.4584746544177716	8.633681811323953	0.8861343326607092	0.6935483870967742
13	0.457693270274571	7.049613117078029	0.9123666762755838	0.6981566820276498
14	0.45707348187764485	6.144135217054175	0.9215912366676275	0.7096774193548387
15	0.4560830891132355	5.678697044696283	0.9345632747189392	0.7211981566820277
16	0.4556248328265022	4.519878653484747	0.9486883828192563	0.6682027649769585
17	0.4552900658713447	4.143147597892569	0.9484001153070049	0.7142857142857143
18	0.4558152776015432	2.4993034284049216	0.9723263188238686	0.6981566820276498
19	0.4557869672775269	2.288814534082872	0.9746324589218796	0.716589861751152
20	0.45527038120088126	2.4110073715174964	0.9723263188238686	0.6935483870967742
21	0.4546973596919667	2.529333432469893	0.9737676563851254	0.7235023041474654
22	0.4540009809576947	0.5229354296392257	0.994522917267224	0.7211981566820277
23	0.4533648093541463	0.370254371669827	0.9965407898529836	0.7188940092165899
24	0.45297386169433596	0.10691495608685778	0.9994234649754973	0.7327188940092166
25	0.4526269710980929	0.17768345787424866	0.9982703949264918	0.7235023041474654
26	0.45216839401810255	0.09025445059016603	1.0	0.7235023041474654
27	0.45177681956972393	0.023487785540322492	1.0	0.7235023041474654
28	0.4516442233118518	0.011474005640868883	1.0	0.728110599078341
29	0.45155617396036785	0.00848688975500809	1.0	0.7304147465437788
30	0.4515414699431389	0.0068514962736575934	1.0	0.7304147465437788
31	0.4514872655272484	0.005716567257452071	1.0	0.7304147465437788
32	0.451160243063262	0.004982205632277828	1.0	0.7350230414746544
33	0.45091022463405833	0.00430503085193143	1.0	0.7304147465437788
34	0.4506865773882185	0.003832580455551629	1.0	0.7350230414746544
35	0.4504560563299391	0.0034118013523482724	1.0	0.7327188940092166
36	0.45033280269519704	0.0030925231009834965	1.0	0.7350230414746544
37	0.4501124557695891	0.002821555506604096	1.0	0.7350230414746544
38	0.45038439065982133	0.0025780521356547413	1.0	0.7350230414746544
39	0.45050193667411803	0.002378087578175286	1.0	0.7350230414746544
40	0.4506279666249345	0.0022044634037512814	1.0	0.7350230414746544
41	0.4504919108890352	0.0020474626366895465	1.0	0.7350230414746544
42	0.4503225004950235	0.0019114091612226138	1.0	0.7350230414746544
43	0.45019439133730804	0.0017919777274407326	1.0	0.7350230414746544
44	0.45000856717427573	0.0016828820876864084	1.0	0.7350230414746544
45	0.44984104322350543	0.0015911034514487121	1.0	0.7350230414746544
46	0.4497505451770539	0.001502204702957747	1.0	0.7327188940092166
47	0.4498449464639028	0.0014233889468864994	1.0	0.7327188940092166
48	0.4496772386589829	0.0013488433973546916	1.0	0.7327188940092166
49	0.44983391761779784	0.00127981861488821	1.0	0.7327188940092166
50	0.4496871770596972	0.00121960833114935	1.0	0.7327188940092166
51	0.4495374881304227	0.0011690154512065203	1.0	0.7327188940092166
52	0.4494933677169512	0.001110840155617402	1.0	0.7327188940092166
-1	-1	-1	-1	-1
0	0.5316715240478516	19.46663580028289	0.6771403862784664	0.7258064516129032
1	0.487623929977417	18.283644798698774	0.6973191121360622	0.7211981566820277
2	0.47265855471293133	17.232559125357813	0.7301816085327184	0.6728110599078341
3	0.46579521894454956	16.745271984590303	0.7474776592678005	0.728110599078341
4	0.4621778964996338	15.17912125806196	0.7699625252234074	0.6543778801843319
5	0.45991210142771405	14.940322425387322	0.7737100028826751	0.7442396313364056
6	0.45877460071018766	13.959605050743173	0.7982127414240415	0.7350230414746544
7	0.4564783573150635	12.367862622672265	0.832228307869703	0.7327188940092166
8	0.4560817347632514	12.164807096533819	0.8270394926491784	0.7396313364055299
9	0.45884840488433837	10.831206993225518	0.8547131738253099	0.7304147465437788
10	0.45917391777038574	9.708940409739084	0.8725857595848948	0.7764976958525346
11	0.45877397060394287	8.486686752476823	0.8890170077832228	0.7626728110599078
12	0.4575925606947679	7.22172754838926	0.9077543960795619	0.7373271889400922
13	0.4575225796018328	5.405395339935198	0.9313923320841742	0.7258064516129032
14	0.4574182351430257	5.374604318120064	0.9374459498414529	0.7211981566820277
15	0.45772214233875275	3.3482649944244174	0.9613721533583165	0.7304147465437788
16	0.4578825305489933	7.925738959684285	0.898529835687518	0.7327188940092166
17	0.4575251075956557	3.9871400676736046	0.9518593254540213	0.7442396313364056
18	0.4572967730070415	1.8014382748018711	0.9798212741424042	0.728110599078341
19	0.4570272326469421	1.7307596337904625	0.9801095416546555	0.7396313364055299
20	0.45692093031747	3.2926601206695816	0.9648313635053329	0.7258064516129032
21	0.4569703990762884	1.6725889019189624	0.9827039492649179	0.7419354838709677
22	0.45720787670301355	1.081577670034192	0.9899106370712021	0.7304147465437788
23	0.457406351963679	1.4043516236007076	0.9858748918996829	0.7465437788018433
24	0.45735934257507327	0.4726095641066038	0.9962525223407322	0.7373271889400922
25	0.45739983595334566	0.15472597752242784	0.9994234649754973	0.7396313364055299
26	0.45724949130305537	0.05041391572727044	1.0	0.7442396313364056
27	0.4567634974207197	0.025789455899439002	1.0	0.7419354838709677
28	0.45663401176189555	0.01831266056765469	1.0	0.7442396313364056
29	0.4568469603856405	0.014187917034269883	1.0	0.7442396313364056
30	0.45644593238830566	0.01119623390008234	1.0	0.7442396313364056
-1	-1	-1	-1	-1
0	0.5315775871276855	19.787641280287996	0.6607091380801383	0.6774193548387096
1	0.4880058765411377	18.95870764758609	0.6774286537907178	0.6820276497695853
2	0.4722623825073242	17.205057927227895	0.735370423753243	0.663594470046083
3	0.465617299079895	17.014560708212198	0.7515134044393197	0.6566820276497696
4	0.4603137493133545	16.19638876083794	0.7688094551744018	0.7211981566820277
5	0.4562298854192098	15.997781263578922	0.7636206399538772	0.7027649769585254
6	0.4542626312800816	14.370305109461514	0.7921591236667628	0.6866359447004609
7	0.453396201133728	13.212282727617737	0.8123378495243586	0.6774193548387096
8	0.4536444346110026	11.675712821680472	0.8408763332372442	0.695852534562212
9	0.45391623973846434	11.123559991154101	0.8414528682617469	0.6889400921658986
10	0.4542329961603338	9.584417076285826	0.8740270971461517	0.6451612903225806
11	0.45482563972473145	9.854154059646326	0.8656673392908619	0.7027649769585254
12	0.4542225874387301	7.721550015134549	0.8999711732487748	0.6820276497695853
13	0.4540975604738508	6.3201476196083455	0.9285096569616604	0.6774193548387096
14	0.45415056546529137	5.585007370065112	0.9319688671086769	0.7050691244239631
15	0.4545052498579025	3.8998995007724937	0.9544537330642836	0.6935483870967742
16	0.45492493405061607	3.71646145615009	0.9607956183338138	0.6728110599078341
17	0.455117662747701	3.321539798734385	0.9622369558950706	0.684331797235023
18	0.4552386308971204	2.0950041526091208	0.9786682040933987	0.6866359447004609
19	0.4548395752906799	0.6470849997953537	0.994522917267224	0.684331797235023
20	0.45441333452860516	1.1382140436406256	0.9887575670221966	0.6774193548387096
21	0.4543932784687389	1.2282179787481597	0.9873162294609398	0.684331797235023
22	0.45452050540758215	0.4418087683558259	0.9948111847794754	0.695852534562212
23	0.4545215566953023	2.3762287314844515	0.9783799365811473	0.6658986175115207
24	0.45406201362609866	1.404052615746719	0.9887575670221966	0.6889400921658986
25	0.45344094129709095	0.15214492689920675	0.9994234649754973	0.6820276497695853
26	0.4530136496932418	0.045893328403199624	1.0	0.695852534562212
27	0.452538652079446	0.022541157757102966	1.0	0.7004608294930875
28	0.4520425056589061	0.01586603613943075	1.0	0.6981566820276498
29	0.4515122334162394	0.01227562533426654	1.0	0.7004608294930875
-1	-1	-1	-1	-1
0	0.5525681972503662	19.52782742036592	0.686941481695013	0.6751152073732719
1	0.49751222133636475	18.43939820123375	0.7019313923320841	0.6889400921658986
2	0.4988404115041097	17.48668424798808	0.7347938887287403	0.7027649769585254
3	0.4841596484184265	16.66475310019397	0.7463245892187951	0.7004608294930875
4	0.4764523983001709	16.06736383088138	0.7555491496108389	0.7050691244239631
5	0.47268931070963544	14.901563268189037	0.7832228307869703	0.6797235023041475
6	0.46923838342939106	14.760242449034244	0.7760161429806861	0.7119815668202765
7	0.4664430320262909	12.387427386887577	0.8175266647448832	0.7027649769585254
8	0.4640768633948432	12.318603651239238	0.8247333525511675	0.6981566820276498
9	0.4615989446640015	10.953336021222105	0.8550014413375613	0.7304147465437788
10	0.4598362445831299	9.295089662621875	0.8783511098299221	0.6866359447004609
11	0.45797403653462726	9.66678333719936	0.8682617469011242	0.6866359447004609
12	0.45676554166353667	7.329531850071128	0.9077543960795619	0.6728110599078341
13	0.4556534630911691	6.403142655661346	0.9210147016431248	0.6981566820276498
14	0.4548295815785726	5.985365333907101	0.9293744594984146	0.6820276497695853
15	0.45442137122154236	3.8298636365921124	0.9564716056500432	0.663594470046083
16	0.45423657753888297	5.138933277458226	0.9365811473046988	0.6705069124423964
17	0.45387566089630127	2.58055418347	0.9688671086768521	0.6820276497695853
18	0.45340063697413396	2.61993804491988	0.9662727010665898	0.6589861751152074
19	0.453459632396698	1.7005662322044373	0.9815508792159123	0.6797235023041475
20	0.4530210267929804	2.7983675601148823	0.9723263188238686	0.7004608294930875
21	0.4524231390519576	1.8448370733050579	0.9818391467281637	0.6935483870967742
22	0.45171613278596295	0.40730421391204685	0.996829057365235	0.6658986175115207
23	0.4512841006120046	0.11680355896626454	0.9997117324877486	0.6866359447004609
24	0.45081851959228514	0.04285536207784172	1.0	0.6797235023041475
25	0.45049617840693545	0.022107894024801004	1.0	0.684331797235023
26	0.450190438164605	0.015105491747312912	1.0	0.6797235023041475
27	0.44997425590242657	0.01169154221253948	1.0	0.684331797235023
28	0.4496228366062559	0.00936567952905551	1.0	0.6820276497695853
29	0.44934473832448324	0.007710199509005046	1.0	0.684331797235023
-1	-1	-1	-1	-1
0	0.524266242980957	19.966773120635146	0.6507204610951008	0.7350230414746544
1	0.49088525772094727	18.918989925209534	0.686743515850144	0.7004608294930875
2	0.4774194558461507	17.80068791240727	0.7184438040345821	0.7511520737327189
3	0.46973466873168945	16.907053431239696	0.7406340057636888	0.7373271889400922
4	0.4656235694885254	16.738379780305635	0.7417867435158502	0.7188940092165899
5	0.46479324499766034	15.271894008741466	0.7694524495677233	0.7373271889400922
6	0.46469504492623465	14.734788623424844	0.7821325648414985	0.7603686635944701
7	0.4632755517959595	14.309898337092969	0.7907780979827089	0.7419354838709677
8	0.461633390850491	12.627463751976643	0.8219020172910663	0.7534562211981567
9	0.4605476140975952	12.414063436175706	0.8230547550432277	0.7235023041474654
10	0.45925489338961517	11.327402390471292	0.8469740634005763	0.7350230414746544
11	0.4585888981819153	11.599318388405196	0.844092219020173	0.7672811059907834
12	0.45745046322162336	8.679260218909027	0.8847262247838616	0.7534562211981567
13	0.45619182927267893	8.306000662506174	0.8936599423631124	0.7442396313364056
14	0.4549139658610026	5.988845419446263	0.9253602305475505	0.7649769585253456
15	0.454078271985054	5.227698794745524	0.9365994236311239	0.7511520737327189
16	0.4533230276668773	5.090222091849791	0.940057636887608	0.7511520737327189
17	0.45245807700686985	4.509810416796886	0.9495677233429395	0.695852534562212
18	0.4518334112669292	3.7907659829756537	0.9547550432276657	0.7580645161290323
19	0.4511963129043579	1.6206318889189204	0.9818443804034582	0.7419354838709677
20	0.45093629473731633	2.861173372203057	0.9700288184438041	0.7695852534562212
21	0.4504377841949463	1.096447771432203	0.9887608069164265	0.7373271889400922
22	0.45016339550847595	1.8591520782184163	0.9824207492795389	0.7488479262672811
23	0.44950681924819946	0.41735824603382327	0.9968299711815563	0.7373271889400922
24	0.4492607975006104	1.219341759706651	0.9896253602305476	0.7396313364055299
25	0.44878628620734584	2.04614260953364	0.9806916426512968	0.7304147465437788
26	0.4484269972200747	0.27839475515332723	0.9988472622478386	0.728110599078341
27	0.4482097966330392	0.08026591411561047	0.9997118155619596	0.7373271889400922
28	0.44802453600127123	0.030687428890714644	1.0	0.728110599078341
29	0.44784135818481446	0.01824524555699216	1.0	0.728110599078341
30	0.4478035280781408	0.01176490228668009	1.0	0.728110599078341
31	0.4476064592599869	0.009786857089263797	1.0	0.7304147465437788
32	0.4474007288614909	0.007749981244752576	1.0	0.7304147465437788
33	0.4472756315680111	0.006394640992074103	1.0	0.7304147465437788
34	0.4470554896763393	0.005507046296052985	1.0	0.7327188940092166
35	0.4468717906210158	0.004778076269833554	1.0	0.728110599078341
36	0.446506506687886	0.00423344019008747	1.0	0.728110599078341
37	0.4464150478965358	0.003745279917434721	1.0	0.7304147465437788
38	0.4462930300296881	0.0033993123526687074	1.0	0.7327188940092166
39	0.4462616503238678	0.003047248811785179	1.0	0.728110599078341
40	0.4464455348689382	0.0028087164442661835	1.0	0.7304147465437788
-1	-1	-1	-1	-1
0	0.527357816696167	19.39850185114309	0.6678190723134544	0.6882217090069284
1	0.48355352878570557	18.718704241131423	0.6940363007778738	0.6674364896073903
2	0.46689097086588544	17.16343708213316	0.7300489772399885	0.7228637413394919
3	0.4586266279220581	16.789808527045295	0.7415730337078652	0.6928406466512702
4	0.45412259101867675	15.35585661984365	0.7741284932296169	0.7136258660508084
5	0.4510304133097331	14.481354577825703	0.7830596369922213	0.6836027713625866
6	0.4504081521715437	13.3129133215738	0.8133102852203976	0.7159353348729792
7	0.44864246249198914	12.506779661966027	0.8150388936905791	0.6997690531177829
8	0.44820300738016766	10.855722910767302	0.8562373955632383	0.7020785219399538
9	0.4472717523574829	10.548619279074012	0.8611351195620859	0.7066974595842956
10	0.44693704084916547	10.206175034199285	0.8628637280322674	0.7182448036951501
11	0.4461347460746765	6.786417707390742	0.916162489196197	0.6720554272517321
12	0.44545336870046764	6.718810335211797	0.9141457793143186	0.6859122401847575
13	0.4449937173298427	5.37608808114988	0.9351771823681936	0.7136258660508084
14	0.4444122791290283	4.080131630285071	0.9504465571881302	0.6766743648960739
15	0.44436466693878174	4.918276019052628	0.9464131374243734	0.6974595842956121
16	0.44437163016375375	3.0627992114889513	0.9662921348314607	0.6859122401847575
17	0.44434910350375706	2.7497747175463845	0.9668683376548545	0.7043879907621247
18	0.4440214759425113	2.6633590617037695	0.9746470757706712	0.7020785219399538
19	0.4439535021781921	1.0206215015757796	0.9890521463555172	0.6812933025404158
20	0.4437614509037563	1.7223179095484522	0.9804091040046097	0.7297921478060047
21	0.4433843764391812	0.3275012458683154	0.996830884471334	0.7182448036951501
22	0.443065187205439	0.7671827855135459	0.993085566119274	0.7043879907621247
23	0.4428274631500244	0.16935649986694987	0.9994237971766061	0.7066974595842956
24	0.44270480155944825	0.04439579054965304	0.9997118985883031	0.7205542725173211
25	0.44279168202326846	0.019695800547397252	1.0	0.7228637413394919
26	0.44278437119943126	0.01203101403464418	1.0	0.7274826789838337
27	0.4426189235278538	0.008698938931915225	1.0	0.7251732101616628
28	0.4425873016488963	0.006692424985668793	1.0	0.7297921478060047
29	0.442453130086263	0.005635588570914996	1.0	0.7297921478060047
30	0.44290211892897086	0.004708180117857143	1.0	0.7274826789838337
31	0.44323114305734634	0.004073037643897681	1.0	0.7274826789838337
32	0.44358332229383063	0.003539850134317071	1.0	0.7274826789838337
33	0.44420313133912925	0.003175534885560927	1.0	0.7274826789838337
34	0.4447809287479946	0.0028497532877586186	1.0	0.7274826789838337
35	0.44499042961332536	0.002573650292056258	1.0	0.7251732101616628
36	0.4450946176374281	0.0023238404040916935	1.0	0.7251732101616628
37	0.44565300565016897	0.002126676547984537	1.0	0.7251732101616628
38	0.44577660316076034	0.0019594955101471453	1.0	0.7251732101616628
39	0.4459019124507904	0.0018144336392418262	1.0	0.7251732101616628
40	0.4457893255280285	0.0016858131593084464	1.0	0.7251732101616628
-1	-1	-1	-1	-1
0	0.5469560623168945	19.830915293562303	0.6600403341976375	0.6558891454965358
1	0.5029807090759277	19.22528203036807	0.6894266781907231	0.6397228637413395
2	0.48354093233744305	17.680015222741922	0.7147796024200519	0.7043879907621247
3	0.47496867179870605	16.811559725245203	0.749351771823682	0.6905311778290993
4	0.4709444522857666	15.912831897035652	0.7585710169979832	0.7066974595842956
5	0.4695759216944377	14.77665834689359	0.780466724286949	0.7090069284064665
6	0.46663737297058105	14.175638085111565	0.7893978680495535	0.7297921478060047
7	0.46592092514038086	13.194333732674975	0.8095649668683377	0.7182448036951501
8	0.4639459451039632	11.575095396523082	0.8392394122731202	0.7205542725173211
9	0.4626344919204712	10.607075905581134	0.8547968885047537	0.7043879907621247
10	0.46057079055092554	9.23939804637104	0.870930567559781	0.6905311778290993
11	0.4585939844449361	8.699357699910435	0.88504753673293	0.6974595842956121
12	0.4572579310490535	6.850529691494933	0.9196197061365601	0.6674364896073903
13	0.45639130047389437	7.15971378667639	0.9066551426101987	0.6905311778290993
14	0.455082368850708	4.345653383556856	0.9469893402477673	0.6674364896073903
15	0.45438888669013977	5.16996191947832	0.9380581964851628	0.6720554272517321
16	0.45421699916615205	3.576343884161853	0.9596658023624316	0.7159353348729792
17	0.454114384121365	3.563053742461248	0.9611063094209161	0.7066974595842956
18	0.45371051838523463	2.579865919408995	0.9709017574186114	0.6974595842956121
19	0.45368494987487795	1.3419032757952296	0.9873235378853357	0.6836027713625866
20	0.45326474734715055	0.5938618237050165	0.9959665802362432	0.6974595842956121
21	0.45250697569413617	0.25613327027050725	0.9982713915298185	0.6905311778290993
22	0.4524190114892047	0.37000221954156653	0.9959665802362432	0.6605080831408776
23	0.4527629812558492	1.6668000284821616	0.9835782195332757	0.7113163972286374
24	0.4533209228515625	1.5992935587472599	0.9832901181215788	0.6766743648960739
25	0.45362022289863	1.8202303962764936	0.9804091040046097	0.6882217090069284
26	0.4535551865895589	0.601039695356964	0.9939498703543648	0.6882217090069284
27	0.45373867239270893	0.09047797626875546	1.0	0.6928406466512702
28	0.4538085789516054	0.04322106848575534	1.0	0.6928406466512702
29	0.4536763111750285	0.027358984386702197	1.0	0.6974595842956121
-1	-1	-1	-1	-1
0	0.5397961139678955	19.78100658556737	0.6605187319884727	0.7136258660508084
1	0.4966268539428711	18.351187194159273	0.7066282420749279	0.6766743648960739
2	0.48627320925394696	17.15898038706648	0.7432276657060519	0.7274826789838337
3	0.4787576198577881	16.379674425912558	0.7579250720461095	0.6974595842956121
4	0.47401957511901854	15.347580446015805	0.7610951008645533	0.6974595842956121
5	0.47230279445648193	14.749614671829644	0.7870317002881845	0.5981524249422633
6	0.4697679451533726	14.774754874203182	0.7798270893371758	0.6697459584295612
7	0.4673423171043396	12.862010702080683	0.8164265129682997	0.6836027713625866
8	0.4649990134769016	11.660685276766436	0.8386167146974063	0.6836027713625866
9	0.46414856910705565	10.62954935458822	0.8602305475504323	0.7066974595842956
10	0.46246877583590423	10.231218819224507	0.8587896253602305	0.6997690531177829
11	0.46067871650060016	9.316707783882771	0.8734870317002882	0.6766743648960739
12	0.4597026568192702	7.794168771953758	0.9040345821325648	0.6351039260969977
13	0.45888199125017437	6.437669257505225	0.920749279538905	0.6558891454965358
14	0.45799314181009926	5.518125275953101	0.930835734870317	0.674364896073903
15	0.45707519352436066	6.812713186675255	0.915850144092219	0.6836027713625866
16	0.4558408400591682	4.771608164004229	0.945821325648415	0.6558891454965358
17	0.454858660697937	2.8108880063262554	0.9668587896253602	0.6859122401847575
18	0.45409760977092545	2.641706360042642	0.9700288184438041	0.6697459584295612
19	0.45340306758880616	1.0298403657357627	0.9902017291066283	0.6697459584295612
20	0.45309669630868094	1.9445820008020063	0.978386167146974	0.674364896073903
21	0.4524206139824607	0.6939881896480508	0.9945244956772334	0.6605080831408776
22	0.45189471866773523	0.5439270931817249	0.9942363112391931	0.6558891454965358
23	0.45110761125882465	0.10162035413962199	0.9997118155619596	0.6766743648960739
24	0.4506105613708496	0.030956105396649246	1.0	0.6674364896073903
25	0.45024385819068324	0.01792043528985232	1.0	0.6628175519630485
26	0.4497539378978588	0.01263978756769825	1.0	0.6651270207852193
27	0.4493658883231027	0.009887871301493718	1.0	0.6674364896073903
28	0.4494515698531578	0.007994298263396342	1.0	0.6651270207852193
29	0.4491538683573405	0.006641692339786843	1.0	0.6651270207852193
-1	-1	-1	-1	-1
0	0.5430924892425537	19.86063150528374	0.6598443355433843	0.7050691244239631
1	0.5005090236663818	18.747159467924625	0.6993369847218218	0.7119815668202765
2	0.4874204794565837	17.745426746683382	0.7223983857019314	0.7027649769585254
3	0.478224515914917	17.15417466469861	0.7333525511674834	0.716589861751152
4	0.4729757308959961	16.13683074548704	0.7598731622946094	0.6774193548387096
5	0.4688904285430908	15.072056009135116	0.7768809455174401	0.716589861751152
6	0.46579742431640625	15.404881582347626	0.7737100028826751	0.6935483870967742
7	0.4634553790092468	13.8145579460564	0.8068607667915826	0.7142857142857143
8	0.4608624776204427	12.092964572644014	0.8362640530412222	0.7073732718894009
9	0.4599151611328125	10.862917858526247	0.8535601037763044	0.7096774193548387
10	0.4591243483803489	10.574283394244834	0.8472182185067743	0.7027649769585254
11	0.458104411760966	8.876648611978654	0.8910348803689824	0.7096774193548387
12	0.4573083840883695	7.936207887229569	0.900835975785529	0.7096774193548387
13	0.4566869054521833	8.20591110483222	0.8988181031997694	0.6981566820276498
14	0.45620339711507163	5.510723303217406	0.9339867396944365	0.7096774193548387
15	0.4559267461299896	5.781143207615669	0.9236091092533871	0.728110599078341
16	0.45572606255026427	4.526497483253479	0.9429230325742289	0.7235023041474654
17	0.4552815622753567	2.751040880696489	0.9662727010665898	0.7142857142857143
18	0.4548109581595973	1.6389577183701576	0.9829922167771692	0.7073732718894009
19	0.4547671556472778	2.588000244777137	0.9700201787258576	0.7096774193548387
20	0.4541145506359282	1.5355698020633208	0.9829922167771692	0.6820276497695853
21	0.453695990822532	1.5994786625266622	0.9850100893629288	0.7142857142857143
22	0.4530270721601403	0.4569845453349002	0.9962525223407322	0.7188940092165899
23	0.45305689175923664	0.09680268293462369	0.9994234649754973	0.7050691244239631
24	0.45238675117492677	2.5908712792576614	0.9775151340443932	0.728110599078341
25	0.45251276859870326	1.683975190095125	0.9824156817526665	0.716589861751152
26	0.45252934208622686	1.069934397047266	0.9910637071202075	0.7096774193548387
27	0.45236493008477346	0.4066961531894743	0.9979821274142404	0.7142857142857143
28	0.45196239701632795	0.12345118388114924	0.9994234649754973	0.716589861751152
29	0.45155083338419594	0.041761960024697654	1.0	0.7073732718894009
30	0.4514052560252528	0.022075142205688555	1.0	0.716589861751152
31	0.4516155868768692	0.015747837056851746	1.0	0.716589861751152
32	0.45156036723743787	0.012281980390079456	1.0	0.716589861751152
33	0.4516722665113561	0.009928292209291062	1.0	0.716589861751152
34	0.4519266945975167	0.008390109933866829	1.0	0.7142857142857143
35	0.4521334701114231	0.00719611593156331	1.0	0.7119815668202765
-1	-1	-1	-1	-1
0	0.5564169883728027	19.724339918259087	0.6650331507639089	0.6705069124423964
1	0.5310076475143433	18.390544195787623	0.7059671375036033	0.6705069124423964
2	0.5034685929616293	17.682621063442404	0.7151916978956472	0.6612903225806451
3	0.4886476397514343	16.67423001560596	0.7463245892187951	0.7188940092165899
4	0.48050518035888673	15.217443256203188	0.7659267800518882	0.663594470046083
5	0.4754663308461507	17.01570616293391	0.7272989334102047	0.728110599078341
6	0.47212287357875277	13.99429668636497	0.7907177861055059	0.7027649769585254
7	0.4705338478088379	12.92709910104034	0.8163735946958778	0.716589861751152
8	0.46784472465515137	13.508815529149606	0.8022484865955607	0.6497695852534562
9	0.4665573835372925	11.331235741256574	0.8402997982127415	0.7119815668202765
10	0.4645767862146551	9.964034137375858	0.8639377342173538	0.7350230414746544
11	0.46284520626068115	8.119337363800872	0.8898818103199769	0.7304147465437788
12	0.4614285872532771	7.833665422343333	0.898529835687518	0.6774193548387096
13	0.4601278815950666	6.738989677451072	0.9143845488613433	0.716589861751152
14	0.45886430740356443	4.363645104640121	0.9481118477947535	0.6912442396313364
15	0.45795518159866333	5.707993331305477	0.9345632747189392	0.7050691244239631
16	0.4572373698739445	3.4134901209708746	0.9607956183338138	0.7073732718894009
17	0.4565104643503825	2.6201337659987836	0.9694436437013548	0.7050691244239631
18	0.45598734052557693	2.3503452449900295	0.9720380513116171	0.6889400921658986
19	0.45519496202468873	2.171172582911789	0.9760737964831363	0.6820276497695853
20	0.4545938287462507	0.9027800196183657	0.9913519746324589	0.6797235023041475
21	0.453940673307939	1.794954955321523	0.9798212741424042	0.7004608294930875
22	0.45331858552020526	1.738263692279611	0.9827039492649179	0.6912442396313364
23	0.452897181113561	1.2656408206243581	0.9855866243874315	0.7096774193548387
24	0.45302275657653807	0.12748167668191562	0.9997117324877486	0.695852534562212
25	0.4525975722533006	0.033636558985705015	1.0	0.6935483870967742
26	0.45234258969624835	0.020129043625992372	1.0	0.6935483870967742
27	0.45208998237337383	0.014307294689746864	1.0	0.6935483870967742
28	0.4518156873768774	0.011134992570828842	1.0	0.6935483870967742
29	0.4514178991317749	0.008977100901266159	1.0	0.6912442396313364
30	0.45099912151213617	0.007520281523292555	1.0	0.6889400921658986
-1	-1	-1	-1	-1
0	0.521460771560669	19.94713393482593	0.6607091380801383	0.7211981566820277
1	0.4807173013687134	18.61845585621825	0.6955895070625541	0.6451612903225806
2	0.46669570604960126	18.11452211152523	0.7045257999423465	0.7050691244239631
3	0.4598912000656128	16.80721166593219	0.7396944364370136	0.7419354838709677
4	0.45625104904174807	17.10311240887423	0.7388296339002595	0.7764976958525346
5	0.453283150990804	15.802975532111772	0.7653502450273855	0.7373271889400922
6	0.45175606863839285	14.725317574422293	0.7788988181031997	0.7511520737327189
7	0.45095157623291016	14.09762450314443	0.7961948688382819	0.7304147465437788
8	0.44974372122022843	12.632537159351035	0.822715479965408	0.7580645161290323
9	0.4491903781890869	11.871357604997968	0.8328048428942059	0.7649769585253456
10	0.4485152634707364	10.339099761542924	0.8590371865090805	0.7373271889400922
11	0.44749440749486286	10.06048203389579	0.8691265494378784	0.7442396313364056
12	0.4469045859116774	8.481931692963347	0.8867108676852119	0.7419354838709677
13	0.4464420420782907	7.675370945842988	0.9014125108100317	0.7073732718894009
14	0.4458669662475586	6.540111337779859	0.9140962813490919	0.7096774193548387
15	0.44684670865535736	5.194026428625124	0.9339867396944365	0.7580645161290323
16	0.44838760880862966	3.4961638136194386	0.957048140674546	0.7327188940092166
17	0.44932179980807835	4.428557833126925	0.9484001153070049	0.728110599078341
18	0.4495377917038767	3.670801079327907	0.9561833381377919	0.7119815668202765
19	0.44924532175064086	2.0971483510295186	0.9729028538483713	0.7396313364055299
20	0.44963848023187547	1.215667859745135	0.986739694436437	0.7188940092165899
21	0.44939797574823553	0.4875554263318351	0.9959642548284808	0.7350230414746544
22	0.449270310609237	0.24081326689178106	0.9982703949264918	0.7695852534562212
23	0.44927364587783813	1.1490441839202146	0.9864514269241856	0.7004608294930875
24	0.449140157699585	1.8859838695359339	0.9806860766791583	0.7465437788018433
25	0.44905778994927037	0.37183456446274843	0.9971173248774863	0.7304147465437788
26	0.44880859057108563	0.2232342759027667	0.9979821274142404	0.7419354838709677
27	0.44887375831604004	0.039030566845605054	1.0	0.7373271889400922
28	0.4489189263047843	0.020341344409218535	1.0	0.7396313364055299
29	0.44885934988657633	0.014997856517123707	1.0	0.7396313364055299
-1	-1	-1	-1	-1
0	0.543022632598877	19.789609471592335	0.6696454309599308	0.684331797235023
1	0.49394869804382324	18.790660691917488	0.6932833669645431	0.7119815668202765
2	0.4787285327911377	18.014459863715217	0.7151916978956472	0.6866359447004609
3	0.471859335899353	16.752279071632874	0.7371000288267512	0.7096774193548387
4	0.4669666290283203	15.88339327016008	0.757278754684347	0.7188940092165899
5	0.4629562695821126	15.376104556092429	0.7765926780051888	0.7188940092165899
6	0.46165766034807476	14.214141351367356	0.7921591236667628	0.7235023041474654
7	0.4591229259967804	12.623927938828775	0.8215624099164024	0.7304147465437788
8	0.45823078685336643	13.097620345036917	0.81262611703661	0.7096774193548387
9	0.45764455795288084	11.83199008014224	0.8385701931392332	0.6566820276497696
10	0.4568557089025324	10.50138437638589	0.846929950994523	0.7350230414746544
11	0.4563395182291667	9.042024656173286	0.8769097722686653	0.7327188940092166
12	0.45596955372737	9.257457636911935	0.8800807149034304	0.7235023041474654
13	0.4555797406605312	5.785681173342083	0.9296627270106659	0.7465437788018433
14	0.45519935290018715	7.638615455102483	0.9068895935428077	0.716589861751152
15	0.455075666308403	4.610369250315045	0.9443643701354857	0.7211981566820277
16	0.45471985199872184	3.0096523720736896	0.9671375036033439	0.6981566820276498
17	0.4544379048877292	4.931164751359082	0.9432113000864802	0.728110599078341
18	0.4541597742783396	2.5709189810884108	0.9737676563851254	0.728110599078341
19	0.45391247272491453	1.7352906193139903	0.9852983568751802	0.7258064516129032
20	0.4538889385405041	2.111926201423374	0.9760737964831363	0.7004608294930875
21	0.4536980282176625	2.8469712579742485	0.9688671086768521	0.716589861751152
22	0.45352570906929346	1.004159474612957	0.9916402421447102	0.7050691244239631
23	0.4533834755420685	0.21975728549029028	0.9988469299509946	0.7050691244239631
24	0.45322088241577146	0.08074147164754339	0.9997117324877486	0.716589861751152
25	0.453165943805988	0.028291717109189225	1.0	0.7258064516129032
26	0.453047513961792	0.018308053722331692	1.0	0.7235023041474654
27	0.45305722100394114	0.013276415887724506	1.0	0.716589861751152
28	0.4530011621014825	0.010508959118592972	1.0	0.7188940092165899
29	0.4530513683954875	0.00840529665036379	1.0	0.7188940092165899
30	0.45303004787814233	0.0070042580856360635	1.0	0.716589861751152
31	0.4528946727514267	0.006037722567204223	1.0	0.7188940092165899
32	0.45280739032860956	0.0052664477516706915	1.0	0.716589861751152
33	0.45268600828507366	0.004627043026813985	1.0	0.7188940092165899
-1	-1	-1	-1	-1
0	0.5321140289306641	19.8972238356914	0.6560968578841164	0.716589861751152
1	0.49024438858032227	18.223630489559348	0.7016431248198328	0.7119815668202765
2	0.4799766540527344	17.79252490647342	0.7125972902853849	0.6336405529953917
3	0.47478848695755005	16.675099149756477	0.7445949841452868	0.7258064516129032
4	0.472503662109375	15.66291188318795	0.7598731622946094	0.6682027649769585
5	0.4699965715408325	14.90893902909865	0.7823580282502162	0.7258064516129032
6	0.4688557897295271	13.598361430911844	0.8068607667915826	0.7488479262672811
7	0.46788039803504944	13.329848521346346	0.8178149322571346	0.7442396313364056
8	0.46760935253567165	12.034946380405252	0.832228307869703	0.6751152073732719
9	0.46647939682006834	11.903658075070162	0.8348227154799654	0.7442396313364056
10	0.4642779393629594	10.367579886672694	0.8622081291438455	0.7050691244239631
11	0.46301255623499554	8.769578286267201	0.8838281925626982	0.7534562211981567
12	0.4628893228677603	8.041287351092068	0.8944940905159988	0.7142857142857143
13	0.46251985004970003	6.334787096452276	0.925050446814644	0.7188940092165899
14	0.461877695719401	4.859328991776213	0.9432113000864802	0.728110599078341
15	0.46145226061344147	4.984314756655912	0.9426347650619775	0.684331797235023
16	0.46160292625427246	3.6391335332065546	0.9561833381377919	0.7050691244239631
17	0.46152227454715306	3.005621678238615	0.9682905736523494	0.7119815668202765
18	0.4608274635515715	3.0250400243959294	0.962525223407322	0.684331797235023
19	0.4599879622459412	1.9292111527687366	0.9792447391179014	0.6981566820276498
20	0.4592962605612619	3.5508105126679492	0.9582012107235515	0.7373271889400922
21	0.45885252952575684	0.4971361768970249	0.9950994522917267	0.728110599078341
22	0.4587605621503747	1.2364209861486057	0.9870279619486884	0.7211981566820277
23	0.4583890934785207	0.6179394529910263	0.9942346497549727	0.7235023041474654
24	0.4582380199432373	0.1479009441623396	0.9994234649754973	0.728110599078341
25	0.4580464821595412	0.03855798742573691	1.0	0.7327188940092166
26	0.4581678266878481	0.020779181311308587	1.0	0.7327188940092166
27	0.45799435036523	0.015059219041535921	1.0	0.7258064516129032
28	0.45789069142834893	0.011562876687961878	1.0	0.7258064516129032
29	0.457779320081075	0.009438040597661219	1.0	0.7304147465437788
30	0.45766555109331686	0.007977653082664158	1.0	0.728110599078341
31	0.45732518285512924	0.006762195314994133	1.0	0.728110599078341
-1	-1	-1	-1	-1
0	0.5430021286010742	19.717742858676736	0.6682040933986739	0.716589861751152
1	0.48760712146759033	18.401911096835356	0.703372729893341	0.543778801843318
2	0.47257256507873535	17.548877427337366	0.7198039780916691	0.7419354838709677
3	0.46586596965789795	17.059830613092544	0.735370423753243	0.7373271889400922
4	0.4622648239135742	15.541356406080613	0.762755837417123	0.7580645161290323
5	0.46156132221221924	15.046841280176006	0.7809166906889593	0.728110599078341
6	0.4593393121446882	13.600129779325712	0.7970596713750361	0.728110599078341
7	0.4576418101787567	12.923879487798848	0.8083021043528394	0.716589861751152
8	0.4587874942355686	12.985800135026285	0.8120495820121072	0.684331797235023
9	0.45929903984069825	11.475471986543148	0.8480830210435284	0.7188940092165899
10	0.4591342969374223	10.217237953745991	0.8668204093398674	0.7211981566820277
11	0.4586536685625712	8.776394133720922	0.8809455174401845	0.7119815668202765
12	0.458376040825477	8.245091829824885	0.8918996829057365	0.6658986175115207
13	0.45759001799992155	5.706660350528332	0.9302392620351686	0.6889400921658986
14	0.4574251174926758	5.709357069172991	0.93052752954742	0.6682027649769585
15	0.45796921849250793	5.187584922401183	0.9391755549149611	0.7235023041474654
16	0.4587988432715921	3.931802854898873	0.9544537330642836	0.7119815668202765
17	0.4589404794904921	4.053534645279613	0.9469587777457481	0.695852534562212
18	0.45826974668000875	2.8056359137963813	0.9685788411646008	0.7119815668202765
19	0.4582426905632019	1.936193157773499	0.9792447391179014	0.684331797235023
20	0.45736803327287945	1.3172244987698323	0.9852983568751802	0.6820276497695853
21	0.45695669000799005	3.1412701214398813	0.9665609685788412	0.7142857142857143
22	0.4564952124720034	0.9951229772846634	0.9890458345344479	0.7096774193548387
23	0.45575310786565143	0.557629867371411	0.9956759873162294	0.6935483870967742
24	0.455045166015625	0.0775638922275719	1.0	0.7004608294930875
25	0.4545762905707726	0.03182735124073171	1.0	0.7004608294930875
26	0.45420276677166976	0.018466897517626403	1.0	0.7004608294930875
27	0.4537169507571629	0.013317575437655467	1.0	0.7004608294930875
28	0.45353207917049015	0.010423139865251702	1.0	0.6912442396313364
29	0.45359095732371013	0.00830539676292432	1.0	0.695852534562212
-1	-1	-1	-1	-1
0	0.5401535034179688	19.569983307374727	0.6688760806916426	0.6774193548387096
1	0.49449193477630615	18.916571450889656	0.69164265129683	0.6589861751152074
2	0.47927037874857586	17.706175401670123	0.7135446685878962	0.6682027649769585
3	0.4714147448539734	16.756843986861202	0.7403458213256484	0.663594470046083
4	0.46706357002258303	16.34761140980852	0.7599423631123919	0.6774193548387096
5	0.46522005399068195	15.6897285181448	0.7631123919308357	0.6705069124423964
6	0.4653636728014265	14.401913975356916	0.7818443804034582	0.7004608294930875
7	0.46177297830581665	13.762918682273375	0.7997118155619597	0.6912442396313364
8	0.46030237939622665	12.18734036454367	0.8282420749279539	0.6889400921658986
9	0.4598743438720703	11.760411245013596	0.837463976945245	0.6797235023041475
10	0.45992768894542346	10.728139006763424	0.8501440922190202	0.6866359447004609
11	0.45966394742329914	9.799792302857846	0.8688760806916427	0.7211981566820277
12	0.4596873430105356	8.66439797681406	0.8838616714697406	0.7073732718894009
13	0.45949251311165945	6.73491091028266	0.9161383285302593	0.6797235023041475
14	0.45992056528727215	6.675095597538379	0.9115273775216138	0.6935483870967742
15	0.4587488919496536	5.874662282270029	0.9314121037463977	0.7004608294930875
16	0.45771145820617676	4.114748376225113	0.9484149855907781	0.7119815668202765
17	0.4570525222354465	3.3903681198391347	0.9605187319884726	0.6543778801843319
18	0.45651355542634664	2.9758003704044795	0.9639769452449568	0.7119815668202765
19	0.45637128353118894	2.056786040596049	0.978386167146974	0.7073732718894009
20	0.45593119802929105	1.8635311719337735	0.9780979827089337	0.7096774193548387
21	0.4551491412249478	0.7548925909256443	0.9922190201729106	0.7188940092165899
22	0.4551525945248811	2.0974724623844576	0.9804034582132565	0.6497695852534562
23	0.4552784860134125	1.2516000599540564	0.9884726224783862	0.716589861751152
24	0.4555120277404785	0.29844865440860935	0.9971181556195965	0.7142857142857143
25	0.45568764209747314	0.18318418281178478	0.9988472622478386	0.7142857142857143
26	0.4554441151795564	0.027483943624447588	1.0	0.716589861751152
27	0.4553937486239842	0.015519115022890228	1.0	0.716589861751152
28	0.45528804022690345	0.011319345337167327	1.0	0.7142857142857143
29	0.4551841259002686	0.00877607939337645	1.0	0.7188940092165899
30	0.4555707131662676	0.007037201542391254	1.0	0.7119815668202765
31	0.455625556409359	0.005910112609386705	1.0	0.716589861751152
-1	-1	-1	-1	-1
0	0.5491862297058105	19.932343220492022	0.6646499567847882	0.6720554272517321
1	0.5021400451660156	18.369108637538524	0.6995102276001153	0.7020785219399538
2	0.49291443824768066	17.639820431350568	0.7127628925381735	0.6974595842956121
3	0.48334383964538574	17.42336012464051	0.7300489772399885	0.7205542725173211
4	0.47508769035339354	15.993627102003185	0.7513684817055604	0.7321016166281755
5	0.4690939982732137	15.424877717954303	0.7680783635839815	0.7066974595842956
6	0.4659064837864467	14.557017282608452	0.7819072313454336	0.7159353348729792
7	0.46420031785964966	13.859716537895553	0.7917026793431288	0.6974595842956121
8	0.4629072348276774	12.091099848441027	0.8300201670988188	0.6974595842956121
9	0.46064751148223876	11.22011444328028	0.8447133390953616	0.6997690531177829
10	0.45998766205527564	10.782218876234982	0.8498991645059061	0.7159353348729792
11	0.4591529965400696	9.006551567567598	0.8789974070872947	0.7043879907621247
12	0.45851072898277867	7.905864920091192	0.8899452607317776	0.7020785219399538
13	0.4581714017050607	7.054526777442442	0.909248055315471	0.7043879907621247
14	0.4575171152750651	6.80814506318591	0.9150100835494094	0.7159353348729792
15	0.4575246721506119	4.4151423371166265	0.9446845289541919	0.6859122401847575
16	0.45661244672887463	3.2125857822391963	0.9608182080092192	0.7043879907621247
17	0.456184811062283	5.199467303009208	0.9357533851915875	0.6720554272517321
18	0.4552567381607859	4.312168286207619	0.9492941515413426	0.7090069284064665
19	0.45453171730041503	3.3348069812999954	0.9645635263612792	0.7090069284064665
20	0.4537743273235503	1.2516229761798585	0.9867473350619418	0.7020785219399538
21	0.4538251920179887	1.5284319746931758	0.9867473350619418	0.6859122401847575
22	0.4535653694816258	0.34765488747507334	0.9971189858830308	0.6812933025404158
23	0.4535648822784424	0.7224567370668669	0.993085566119274	0.6928406466512702
24	0.45324661254882814	3.208290443644611	0.9743589743589743	0.6905311778290993
25	0.4528086735652043	0.4715057457754508	0.9971189858830308	0.6951501154734411
26	0.4525169884717023	0.15720305244604962	0.9997118985883031	0.7066974595842956
27	0.4521952356610979	0.039174917900567416	1.0	0.6951501154734411
28	0.4515424021359148	0.025325412136142637	1.0	0.6974595842956121
29	0.45114692846934	0.017818835126332203	1.0	0.7020785219399538
-1	-1	-1	-1	-1
0	0.5327348709106445	19.708350234075425	0.6649380581964852	0.6697459584295612
1	0.48977792263031006	18.569373743249734	0.7032555459521752	0.7113163972286374
2	0.4754130045572917	17.070981992494076	0.7337942955920485	0.7274826789838337
3	0.4669088125228882	16.196543400440742	0.7588591184096802	0.7551963048498845
4	0.460938835144043	15.29702171710653	0.7660616537021031	0.7482678983833718
5	0.45909937222798664	15.221168876787939	0.7790262172284644	0.7344110854503464
6	0.456442015511649	13.40901015220432	0.8127340823970037	0.7251732101616628
7	0.45537424087524414	12.838514647352586	0.822241428983002	0.7297921478060047
8	0.4527885913848877	11.673624248679625	0.8406799193316047	0.745958429561201
9	0.4512308120727539	9.86910081565927	0.8712186689714779	0.745958429561201
10	0.45008362423289905	10.043841563233542	0.8651685393258427	0.6974595842956121
11	0.44864048560460407	8.65906932157114	0.8833189282627485	0.7505773672055427
12	0.44780714695270246	6.3405872430276435	0.9230769230769231	0.74364896073903
13	0.44773502009255545	5.483404074240168	0.9297032555459521	0.7344110854503464
14	0.4476634502410889	5.629051301457467	0.9299913569576491	0.6974595842956121
15	0.448210746049881	3.028917698958598	0.9665802362431576	0.7205542725173211
16	0.4477364035213695	3.4268556633673675	0.9662921348314607	0.7251732101616628
17	0.4475797812143962	2.0855787117546853	0.9746470757706712	0.7251732101616628
18	0.44772710298237045	1.8057473749264117	0.9775280898876404	0.7251732101616628
19	0.44868972301483157	1.2896426654668576	0.9870354364736387	0.7413394919168591
20	0.4489204202379499	2.187712717015262	0.975511380005762	0.7159353348729792
21	0.4491265361959284	3.709045659511461	0.9593777009507347	0.7367205542725174
22	0.44912081179411517	1.199603398732089	0.9887640449438202	0.6905311778290993
23	0.449327031771342	1.1353364762499791	0.9876116392970326	0.7482678983833718
24	0.4496916675567627	0.43934817164025586	0.9962546816479401	0.7367205542725174
25	0.4492733570245596	0.08728104452559844	0.9997118985883031	0.7228637413394919
26	0.44920886004412613	0.039325087736018956	1.0	0.7228637413394919
27	0.44918380464826313	0.02989745628379217	1.0	0.7228637413394919
28	0.4493767968539534	0.019815629424523015	1.0	0.7228637413394919
29	0.449607253074646	0.015588105138211827	1.0	0.7228637413394919
-1	-1	-1	-1	-1
0	0.537341833114624	19.319993377825536	0.6723342939481268	0.6628175519630485
1	0.4969104528427124	19.094147813429526	0.694236311239193	0.6905311778290993
2	0.48328622182210285	17.856685017227033	0.7121037463976945	0.7090069284064665
3	0.4761165380477905	16.60665612701976	0.7337175792507205	0.7066974595842956
4	0.46738314628601074	15.956872598840556	0.7602305475504323	0.6420323325635104
5	0.46189550558725995	15.35013946043242	0.777521613832853	0.6882217090069284
6	0.4585528714316232	14.385947039367956	0.7896253602305475	0.7159353348729792
7	0.45688366889953613	13.706297695089917	0.7968299711815562	0.7066974595842956
8	0.45783525043063694	12.433395991631604	0.8187319884726225	0.6674364896073903
9	0.4579670190811157	11.502403806108948	0.8357348703170029	0.7228637413394919
10	0.458717172796076	9.750941886814362	0.8688760806916427	0.6836027713625866
11	0.4582120180130005	8.879630524084108	0.8769452449567723	0.7043879907621247
12	0.45839417897737944	8.876195335606916	0.8752161383285303	0.7090069284064665
13	0.4584849051066807	6.069978773047071	0.9230547550432276	0.6905311778290993
14	0.4579718589782715	5.1396013487369645	0.9328530259365995	0.7066974595842956
15	0.45819753408432007	3.639455420161606	0.9530259365994236	0.6789838337182448
16	0.4576086577247171	3.497513482740166	0.9593659942363112	0.7205542725173211
17	0.4580177333619859	2.6860128452471637	0.9645533141210375	0.7205542725173211
18	0.4581540383790669	1.6764734375777595	0.9801152737752161	0.7159353348729792
19	0.45780329704284667	1.9898997789949453	0.9809798270893372	0.7251732101616628
20	0.4571430342538016	2.858929422419142	0.9711815561959655	0.7066974595842956
21	0.4571121714331887	1.3865933920675462	0.985878962536023	0.7136258660508084
22	0.45702285351960553	0.3637411526378688	0.9968299711815563	0.7182448036951501
23	0.4565175771713257	0.0808830374997075	0.9997118155619596	0.7113163972286374
24	0.45669099807739255	0.03202726478862508	1.0	0.7182448036951501
25	0.45618590024801403	0.0189735166148556	1.0	0.7136258660508084
26	0.4560289206328215	0.012839811796657826	1.0	0.7136258660508084
27	0.45596165316445486	0.009790347542089342	1.0	0.7159353348729792
28	0.45552558734499177	0.007770792067985728	1.0	0.7159353348729792
29	0.4549248139063517	0.0064706853950698435	1.0	0.7159353348729792
30	0.4545882978746968	0.005464820465347474	1.0	0.7136258660508084
31	0.4543653428554535	0.0047595436987707416	1.0	0.7113163972286374
32	0.45440215052980365	0.004142101163245428	1.0	0.7136258660508084
33	0.4542534070856431	0.003661105844687239	1.0	0.7113163972286374
34	0.454232508795602	0.0032694035546578853	1.0	0.7113163972286374
35	0.4541490806473626	0.002957318687816567	1.0	0.7113163972286374
36	0.45410119520651326	0.0026971106463535943	1.0	0.7113163972286374
37	0.45406680985500936	0.0024595218924123984	1.0	0.7113163972286374
38	0.4541043195969019	0.002249151192608299	1.0	0.7136258660508084
39	0.45413631200790405	0.002100825035736849	1.0	0.7136258660508084
-1	-1	-1	-1	-1
0	0.5446219444274902	19.752381792855918	0.6633035456904007	0.6751152073732719
1	0.49841582775115967	18.432717192063638	0.7022196598443355	0.6912442396313364
2	0.4834994475046794	17.265621452156555	0.7281637359469588	0.6797235023041475
3	0.4749966859817505	16.47169760170333	0.7365234938022485	0.7050691244239631
4	0.4680648326873779	16.28119394319867	0.7581435572211012	0.7211981566820277
5	0.4659387667973836	15.508021923380161	0.7676563851253964	0.7027649769585254
6	0.465186561856951	14.03325650013915	0.79158258864226	0.695852534562212
7	0.46426668763160706	13.603113791264525	0.7985010089362928	0.7258064516129032
8	0.46369168493482804	12.74693206034669	0.807149034303834	0.7050691244239631
9	0.46334495544433596	11.347440282139209	0.8466416834822715	0.7073732718894009
10	0.4630722132596103	10.959257177256664	0.8550014413375613	0.7027649769585254
11	0.46184343099594116	9.125075055918563	0.8777745748054194	0.6866359447004609
12	0.4608482764317439	7.323933553258214	0.9022773133467858	0.7119815668202765
13	0.4605501890182495	6.949712401136346	0.9123666762755838	0.6820276497695853
14	0.46007664998372394	6.641743348279131	0.9189968290573652	0.6658986175115207
15	0.4599681496620178	5.454951510516875	0.9357163447679446	0.7211981566820277
16	0.46058473867528577	3.3613258583830037	0.9593542807725569	0.7327188940092166
17	0.4604661862055461	2.9361145020624915	0.9642548284808302	0.7096774193548387
18	0.4608007732190584	2.3857762832707223	0.9743441914096281	0.6981566820276498
19	0.4604912519454956	3.921784837311561	0.957048140674546	0.7142857142857143
20	0.46003975187029156	0.8282210653254746	0.9916402421447102	0.7488479262672811
21	0.45979122682051227	0.24548011010837392	0.9985586624387431	0.7396313364055299
22	0.4591775251471478	0.05562447241951771	1.0	0.7350230414746544
23	0.4593186179796855	0.026543174694087186	1.0	0.7327188940092166
24	0.4596319580078125	0.01774214532967537	1.0	0.7327188940092166
25	0.459513233258174	0.013112224388542936	1.0	0.7350230414746544
26	0.45959204214590565	0.010042216318393546	1.0	0.7373271889400922
27	0.4598366362707956	0.00811813219900055	1.0	0.7373271889400922
28	0.4591516215225746	0.006736326834011755	1.0	0.7350230414746544
29	0.45854775110880536	0.005755606920718976	1.0	0.7350230414746544
30	0.457671296211981	0.004997340970067361	1.0	0.7350230414746544
31	0.45702604949474335	0.004398028683939996	1.0	0.7350230414746544
32	0.45733231486696185	0.0038611592716642083	1.0	0.7350230414746544
33	0.45731810261221495	0.00346521603692763	1.0	0.7350230414746544
34	0.45738094874790736	0.003103264363911409	1.0	0.7350230414746544
35	0.4573143588172065	0.002823311952610261	1.0	0.7327188940092166
36	0.4575215610297951	0.0025877580021955544	1.0	0.7350230414746544
37	0.45747394310800654	0.002372788471811122	1.0	0.7350230414746544
38	0.457353304593991	0.0021883336785572492	1.0	0.7327188940092166
39	0.4572470784187317	0.0020247533542832063	1.0	0.7350230414746544
40	0.45750147540394853	0.0018836828485708534	1.0	0.7327188940092166
-1	-1	-1	-1	-1
0	0.555150032043457	19.774662700268106	0.654943787835111	0.7050691244239631
1	0.5070520639419556	19.35162308456701	0.6794465263764774	0.7050691244239631
2	0.4914367198944092	18.0302510786494	0.7085615451138657	0.7235023041474654
3	0.4818474054336548	17.247430223937428	0.7368117613144999	0.7142857142857143
4	0.47536306381225585	16.040347624262537	0.7569904871720957	0.7442396313364056
5	0.47242820262908936	15.365227786772842	0.7763044104929374	0.7396313364055299
6	0.4717344897133963	14.306101912752204	0.7953300663015278	0.7327188940092166
7	0.47162678837776184	13.416650527114168	0.8077255693283367	0.7396313364055299
8	0.4689873854319255	11.97423197807522	0.8411646007494955	0.7258064516129032
9	0.46652731895446775	11.915103564568616	0.8299221677716921	0.695852534562212
10	0.46508544141596014	10.052049422482831	0.8685500144133756	0.7396313364055299
11	0.4637359380722046	9.186790997828913	0.8835399250504468	0.695852534562212
12	0.46218452086815465	9.18653712360137	0.8832516575381955	0.7511520737327189
13	0.46089163848332	7.390204069811269	0.9060247910060536	0.7419354838709677
14	0.4599842389424642	7.32850314389675	0.9100605361775728	0.7488479262672811
15	0.4590565860271454	5.6271478954805145	0.9316805995964255	0.7188940092165899
16	0.4588155325721292	3.066986022329112	0.9642548284808302	0.7649769585253456
17	0.45893628067440456	2.731826272716216	0.9671375036033439	0.7327188940092166
18	0.45900004788448934	2.8614879487714635	0.9694436437013548	0.7142857142857143
19	0.45888346433639526	3.6718409988653224	0.9582012107235515	0.7465437788018433
20	0.4589021092369443	0.9831764243474794	0.9910637071202075	0.7350230414746544
21	0.4584008780392734	1.0938927836869972	0.9896223695589507	0.7304147465437788
22	0.4583096607871678	1.9366446463647513	0.9778034015566446	0.7004608294930875
23	0.4582068820794423	2.0135039225083973	0.9780916690688959	0.7488479262672811
24	0.4573449993133545	0.2908368662358561	0.9971173248774863	0.7557603686635944
25	0.45667705169090855	0.10159660525056063	1.0	0.7350230414746544
26	0.4560991128285726	0.036310464013453336	1.0	0.7534562211981567
27	0.455555260181427	0.023079720552190455	1.0	0.7488479262672811
28	0.45515659759784566	0.01646016183540352	1.0	0.7488479262672811
29	0.45442585945129393	0.01238754324277504	1.0	0.7534562211981567
30	0.4538743572850381	0.009905806042514571	1.0	0.7442396313364056
31	0.4534071981906891	0.008326423220475816	1.0	0.7442396313364056
32	0.45311760179924243	0.006934388834794069	1.0	0.7442396313364056
33	0.4526408560135785	0.005991473266109397	1.0	0.7442396313364056
34	0.4522152764456613	0.005278804468032648	1.0	0.7442396313364056
35	0.4520580569903056	0.004671022270052104	1.0	0.7442396313364056
36	0.45205573777894714	0.0041727357573843014	1.0	0.7442396313364056
-1	-1	-1	-1	-1
0	0.5462913513183594	19.715260418183213	0.6684923609109253	0.652073732718894
1	0.4990791082382202	18.4052745224139	0.7053906024791006	0.7004608294930875
2	0.4857642650604248	17.326041392230113	0.7336408186797347	0.6705069124423964
3	0.4793121814727783	17.012457707606323	0.7379648313635053	0.6935483870967742
4	0.4741936683654785	15.226439755990965	0.7685211876621505	0.6543778801843319
5	0.4714793761571248	14.893566219084853	0.7829345632747189	0.7096774193548387
6	0.47021119935171946	13.709011637836422	0.8005188815220524	0.6751152073732719
7	0.469247967004776	13.036740093056215	0.8117613144998559	0.6705069124423964
8	0.4667238924238417	11.643741686409767	0.8417411357739982	0.6889400921658986
9	0.46689562797546386	10.711023503487263	0.8558662438743153	0.684331797235023
10	0.466325196352872	11.325615259485508	0.8495243586047853	0.7327188940092166
11	0.46475277344385785	9.186168427861064	0.88209858748919	0.7188940092165899
12	0.46439018616309535	6.921765099971666	0.9045834534447967	0.6981566820276498
13	0.46334636211395264	6.092215250391479	0.9270683194004036	0.684331797235023
14	0.46283936500549316	5.229260280591633	0.9380224848659556	0.6935483870967742
15	0.46287277340888977	4.646733041750181	0.9414816950129721	0.6981566820276498
16	0.46213703996994915	3.2778924452055485	0.9645430959930816	0.716589861751152
17	0.46162071492936874	3.5831826810443075	0.9558950706255405	0.7073732718894009
18	0.4611282474116275	3.2912084226487974	0.9619486883828192	0.6981566820276498
19	0.46008321046829226	1.2964073435975871	0.9855866243874315	0.6889400921658986
20	0.45929892857869464	2.3513177018441738	0.9708849812626117	0.6889400921658986
21	0.4593987681648948	0.7119943830056474	0.9933698472182185	0.7119815668202765
22	0.4597714880238409	0.3538406063106184	0.997693859901989	0.6751152073732719
23	0.4597698251406352	0.14895433047359144	0.9994234649754973	0.7119815668202765
24	0.4598424243927002	0.688267834654394	0.9930815797059671	0.7027649769585254
25	0.4599047349049495	2.2485712113525342	0.9763620639953877	0.7027649769585254
26	0.45963884282995154	0.5802178631340145	0.9948111847794754	0.684331797235023
27	0.459682788167681	0.29479761907847923	0.9971173248774863	0.7050691244239631
28	0.4600089418477026	0.04893162832040032	1.0	0.7119815668202765
29	0.4600985050201416	0.024147498506279407	1.0	0.7235023041474654
30	0.46016858470055366	0.014389069403261116	1.0	0.7235023041474654
-1	-1	-1	-1	-1
0	0.5433328151702881	19.862470801817167	0.6630152781781493	0.6682027649769585
1	0.4920095205307007	19.565150199680154	0.6733929086191986	0.6935483870967742
2	0.4831753571828206	17.935608570728828	0.714326895358893	0.7235023041474654
3	0.47457659244537354	17.524077131113874	0.7324877486307293	0.7350230414746544
4	0.46947340965270995	16.654623224100934	0.737676563851254	0.7258064516129032
5	0.4674294392267863	15.94779724156091	0.7575670221965984	0.7396313364055299
6	0.46703904015677317	15.024056832724755	0.7780340155664457	0.7419354838709677
7	0.4638788104057312	14.259624161851516	0.7895647160565005	0.7373271889400922
8	0.463361660639445	13.142230204485973	0.8163735946958778	0.7027649769585254
9	0.46175644397735593	12.353594084398463	0.8284808302104353	0.7304147465437788
10	0.4596533341841264	11.39030339302273	0.8460651484577688	0.6866359447004609
11	0.4591063658396403	11.9765183291304	0.8299221677716921	0.7211981566820277
12	0.45891565542954665	8.825791673922758	0.879792447391179	0.684331797235023
13	0.45804939951215473	7.595226408144749	0.9025655808590372	0.7142857142857143
14	0.45758991241455077	7.117986601427061	0.9112136062265782	0.716589861751152
15	0.4571671038866043	4.9444354028876765	0.9443643701354857	0.7258064516129032
16	0.4563589516808005	3.8596332245463625	0.9561833381377919	0.7304147465437788
17	0.4558027187983195	3.240496026540021	0.962525223407322	0.7235023041474654
18	0.45525077769630834	2.437000202066308	0.973479388872874	0.7373271889400922
19	0.4547893166542053	2.546942902267526	0.9723263188238686	0.716589861751152
20	0.4548413867042178	1.8108417970734998	0.9827039492649179	0.7096774193548387
21	0.4545423225923018	1.5653657394743294	0.9806860766791583	0.7188940092165899
22	0.4542209480119788	1.6696775780836923	0.9824156817526665	0.7073732718894009
23	0.45392364263534546	0.9906172490670183	0.9901989045834535	0.6981566820276498
24	0.45352824211120607	1.543443156184133	0.984433554338426	0.7119815668202765
25	0.4532838876430805	0.15797607887775525	0.9994234649754973	0.7258064516129032
26	0.45307090547349715	0.05373195781363943	0.9997117324877486	0.7235023041474654
27	0.45291338648114887	0.028227705690035715	1.0	0.716589861751152
28	0.45293989674798374	0.01819693688474117	1.0	0.7211981566820277
29	0.4530990918477376	0.013992942739096513	1.0	0.7235023041474654
-1	-1	-1	-1	-1
0	0.5352327823638916	19.738115315043597	0.6696454309599308	0.6658986175115207
1	0.4910169839859009	18.387220422062306	0.6961660420870568	0.7004608294930875
2	0.4730388323465983	18.33156371335371	0.7059671375036033	0.7050691244239631
3	0.4640270471572876	16.950258893704195	0.7379648313635053	0.7235023041474654
4	0.4601940155029297	16.12742004044559	0.7546843470740847	0.6935483870967742
5	0.4559793869654338	15.470530190599074	0.7754396079561834	0.7119815668202765
6	0.45394199235098703	14.209148319489366	0.7889881810319977	0.7235023041474654
7	0.453739732503891	12.645302755023362	0.8238685500144134	0.7235023041474654
8	0.45389943652682835	12.91825983064984	0.820409339867397	0.7004608294930875
9	0.4540454149246216	11.961819025354648	0.8319400403574517	0.7327188940092166
10	0.4540619633414529	11.028057890200834	0.8558662438743153	0.6889400921658986
11	0.45413003365198773	9.659218659094714	0.8795041798789276	0.6797235023041475
12	0.45469372089092547	7.617361456429193	0.9077543960795619	0.7327188940092166
13	0.4546644857951573	6.032542074492218	0.9244739117901413	0.7096774193548387
14	0.455268653233846	5.543623453159944	0.925050446814644	0.7211981566820277
15	0.4554530680179596	4.652480277446432	0.9475353127702508	0.7096774193548387
16	0.4556729232563692	3.430048108374307	0.9613721533583165	0.6866359447004609
17	0.45542897118462455	2.6704896794409927	0.9737676563851254	0.7188940092165899
18	0.4553876174123664	1.1087618051524009	0.9899106370712021	0.6866359447004609
19	0.4553724884986877	3.3048365336219105	0.9633900259440761	0.7211981566820277
20	0.4554833003452846	1.9816229951080926	0.9798212741424042	0.728110599078341
21	0.45597303997386585	3.12536588236006	0.9705967137503604	0.7396313364055299
22	0.4558113450589387	0.32942261892037655	0.9991351974632459	0.716589861751152
23	0.4556523362795512	0.16907020403636158	0.9988469299509946	0.7188940092165899
24	0.4556150054931641	0.05547624299144629	1.0	0.7350230414746544
25	0.45587547008807844	0.028597135389428756	1.0	0.7327188940092166
26	0.45572205826088236	0.0179948871658313	1.0	0.7373271889400922
27	0.4560583233833313	0.01334313435774775	1.0	0.7373271889400922
28	0.45603583598959035	0.010597948641639092	1.0	0.7373271889400922
29	0.45588324069976804	0.008765824222958588	1.0	0.7373271889400922
30	0.45558641033787883	0.007396359273783623	1.0	0.7373271889400922
31	0.4553263857960701	0.0063198295308687135	1.0	0.7373271889400922
32	0.4549982186519738	0.005592287802647419	1.0	0.7373271889400922
33	0.4549311259213616	0.004920561403079373	1.0	0.7373271889400922
34	0.45489823477608815	0.004383259664416215	1.0	0.7373271889400922
35	0.45469209882948136	0.003962094150390155	1.0	0.7396313364055299
36	0.454611688046842	0.0035918757582185873	1.0	0.7396313364055299
37	0.4544731441297029	0.003285637041265487	1.0	0.7396313364055299
38	0.45422617594401044	0.003017370036204822	1.0	0.7396313364055299
39	0.45409863591194155	0.002783426529326831	1.0	0.7396313364055299
40	0.45395480714193204	0.0025770906692049295	1.0	0.7396313364055299
41	0.4538131611687796	0.0023989195551204177	1.0	0.7396313364055299
-1	-1	-1	-1	-1
0	0.5403001308441162	19.926452229876038	0.6586912654943787	0.7488479262672811
1	0.4944753646850586	18.31159626234562	0.7013548573075814	0.7350230414746544
2	0.474454402923584	17.47871058577791	0.7186509080426636	0.7211981566820277
3	0.46595847606658936	16.68761065246862	0.7396944364370136	0.7465437788018433
4	0.4724323272705078	15.918813954799548	0.7601614298068607	0.7649769585253456
5	0.4679153760274251	15.146810833467256	0.7794753531277026	0.7672811059907834
6	0.46725753375462126	13.446639174715095	0.8097434419140963	0.6152073732718893
7	0.46502557396888733	13.353918327104061	0.8137791870856155	0.7534562211981567
8	0.4623511897193061	12.454644824386737	0.822715479965408	0.6797235023041475
9	0.4605818748474121	10.465791312926406	0.858748918996829	0.7488479262672811
10	0.4592121731151234	9.821635497819393	0.8668204093398674	0.6774193548387096
11	0.4580693244934082	8.679955174069885	0.8933410204669934	0.7096774193548387
12	0.45705413818359375	7.704986526058354	0.9017007783222831	0.7603686635944701
13	0.4563426801136562	5.031191134671553	0.9388872874027098	0.6889400921658986
14	0.45527879397074383	5.886158312132599	0.9262035168636494	0.7073732718894009
15	0.4543173164129257	4.0838904654214145	0.9544537330642836	0.7557603686635944
16	0.4536252162035774	4.040485312085633	0.9553185356010377	0.7465437788018433
17	0.4530615674124824	2.0458173315732853	0.9780916690688959	0.7534562211981567
18	0.4525967522671348	1.0261329457232164	0.9899106370712021	0.7534562211981567
19	0.4522313714027405	1.839148323982954	0.9792447391179014	0.7396313364055299
20	0.4518572375887916	1.0720039029870558	0.9881810319976939	0.7764976958525346
21	0.4516871083866466	3.455185993070449	0.9636782934563275	0.7327188940092166
22	0.45142634018607763	0.8173316266866179	0.9930815797059671	0.7442396313364056
23	0.4511781136194865	0.13910879626220793	0.9994234649754973	0.7465437788018433
24	0.45099846839904784	0.0443280730321747	1.0	0.7511520737327189
25	0.4507377239374014	0.02439580570880768	1.0	0.7465437788018433
26	0.45046625313935457	0.016066787746941046	1.0	0.7465437788018433
27	0.4502161315509251	0.012003825947539796	1.0	0.7442396313364056
28	0.4499669732718632	0.009542219909827851	1.0	0.7442396313364056
29	0.4497336467107137	0.007717136100336157	1.0	0.7442396313364056
30	0.44956517219543457	0.006502111576424928	1.0	0.7442396313364056
31	0.44931476563215256	0.005623885967014165	1.0	0.7465437788018433
32	0.4490757133021499	0.004867965728024485	1.0	0.7465437788018433
33	0.4489925188176772	0.004292487919249427	1.0	0.7465437788018433
34	0.44893271582467215	0.0038244423986900675	1.0	0.7442396313364056
35	0.44872310426500106	0.0034361057749582526	1.0	0.7465437788018433
36	0.44856073405291585	0.003107607279166211	1.0	0.7442396313364056
37	0.44913656460611445	0.0028385304627473996	1.0	0.7442396313364056
38	0.4491943823985564	0.002606665745964023	1.0	0.7442396313364056
39	0.449164879322052	0.002405131049472569	1.0	0.7442396313364056
40	0.4490855670556789	0.0022253441777488952	1.0	0.7465437788018433
-1	-1	-1	-1	-1
0	0.5247330665588379	19.536332182927964	0.6659942363112392	0.6820276497695853
1	0.48550641536712646	18.75668068107115	0.6919308357348704	0.6751152073732719
2	0.4726083278656006	17.303046830203556	0.7288184438040346	0.695852534562212
3	0.4665489196777344	16.74671346331955	0.738328530259366	0.6543778801843319
4	0.4607048034667969	15.646895916090099	0.770028818443804	0.7050691244239631
5	0.4576728741327922	14.740741406012019	0.7746397694524496	0.6912442396313364
6	0.4565838405064174	13.814346724693928	0.7953890489913544	0.6543778801843319
7	0.45444023609161377	13.173209365354765	0.8152737752161383	0.6705069124423964
8	0.45234137111239964	12.276772044120579	0.8285302593659942	0.7004608294930875
9	0.45038928985595705	11.164996885378427	0.8507204610951009	0.6866359447004609
10	0.4490753954107111	9.841239286125253	0.8613832853025937	0.6129032258064516
11	0.4486106038093567	9.705921820544322	0.8723342939481268	0.7119815668202765
12	0.44843218876765323	7.431622975463167	0.9080691642651297	0.6889400921658986
13	0.44819046769823345	6.637680625696794	0.9178674351585014	0.7027649769585254
14	0.44767920176188153	6.186076136357194	0.9250720461095101	0.6728110599078341
15	0.4473688453435898	5.6199872460934	0.9328530259365995	0.6889400921658986
16	0.44739310881670785	4.030016622685511	0.955043227665706	0.7188940092165899
17	0.447323030895657	2.3375634873678925	0.976657060518732	0.7027649769585254
18	0.4471649872629266	2.9684230318856897	0.9694524495677234	0.684331797235023
19	0.4469710350036621	1.5389217954778343	0.984149855907781	0.6889400921658986
20	0.44698498362586614	1.250480615388636	0.9873198847262248	0.6912442396313364
21	0.44735243103720923	0.7797628452984291	0.9930835734870317	0.6866359447004609
22	0.447548016257908	0.8197668874625612	0.9913544668587896	0.6912442396313364
23	0.4474675953388214	2.0923724491320073	0.975792507204611	0.6820276497695853
24	0.4474054527282715	3.5786961090127263	0.9668587896253602	0.6889400921658986
25	0.447579209621136	0.7527304226361694	0.9939481268011527	0.7050691244239631
26	0.4473772137253373	0.1345056746659134	1.0	0.6889400921658986
27	0.4474231856209891	0.0636368077461941	1.0	0.7004608294930875
28	0.44761043581469306	0.03502433006908027	1.0	0.6866359447004609
29	0.447282600402832	0.024707945650058943	1.0	0.684331797235023
30	0.4469857908064319	0.018975313872509045	1.0	0.6912442396313364
31	0.44703634828329086	0.015322376129114915	1.0	0.6866359447004609
32	0.4472546938693885	0.012616889843922278	1.0	0.684331797235023
33	0.44747405192431283	0.010741655367966998	1.0	0.684331797235023
34	0.4473066466195243	0.009252095827298802	1.0	0.6820276497695853
35	0.44741229216257733	0.008073380263682471	1.0	0.6820276497695853
36	0.4476834116755305	0.007144974175372819	1.0	0.6820276497695853
-1	-1	-1	-1	-1
0	0.5391416549682617	19.93114823157634	0.6583117257274561	0.6882217090069284
1	0.49001169204711914	19.073501053206417	0.7009507346585998	0.628175519630485
2	0.4792197545369466	18.04726724887113	0.7093056755978104	0.7066974595842956
3	0.4729433059692383	17.04767385535284	0.7389801210025929	0.745958429561201
4	0.4680919170379639	15.860515279507418	0.7556900028810141	0.7598152424942263
5	0.4655418395996094	15.258448941991963	0.7692307692307693	0.7274826789838337
6	0.4634885447365897	14.045095844006319	0.7856525496974935	0.7344110854503464
7	0.46253854036331177	12.869140603126736	0.8135983866320945	0.7390300230946882
8	0.4625142150455051	12.717781206883421	0.8213771247479112	0.7182448036951501
9	0.460158371925354	10.664564522034532	0.8576779026217228	0.74364896073903
10	0.45941829681396484	10.1776010093339	0.8631518294439643	0.7205542725173211
11	0.457911213239034	8.745456688994661	0.8896571593200807	0.7413394919168591
12	0.45705323952894944	8.152197350055799	0.8931143762604437	0.7297921478060047
13	0.45666364261082243	11.510161725752944	0.8507634687409968	0.7321016166281755
14	0.4558910369873047	7.540437253243333	0.9020455200230482	0.7390300230946882
15	0.45530426502227783	5.421617161243334	0.930279458369346	0.7344110854503464
16	0.4549277109258315	3.8601306644054727	0.9501584557764333	0.74364896073903
17	0.4543105761210124	3.1646975962393875	0.96168251224431	0.7090069284064665
18	0.45373136118838664	2.26503506535237	0.9729184673004898	0.7274826789838337
19	0.4531911492347717	1.8771422621580438	0.975799481417459	0.7274826789838337
20	0.4531729789007278	4.956481397220301	0.9415154134255258	0.7297921478060047
21	0.4533188451420177	1.4449609388862181	0.9841544223566695	0.7113163972286374
22	0.4530361113340958	0.7255864873733542	0.9936617689426678	0.7344110854503464
23	0.4530147115389506	1.6509496822372216	0.9830020167098819	0.7113163972286374
24	0.4531745433807373	1.3744542181423498	0.9855949294151541	0.7413394919168591
25	0.45328580416165865	0.2015807482183253	0.9985594929415154	0.7228637413394919
26	0.45330728424919975	0.08309950379958085	0.9997118985883031	0.7251732101616628
27	0.453325765473502	0.048264521071601896	0.9997118985883031	0.7228637413394919
28	0.45355227897907124	0.02696885818662549	1.0	0.7228637413394919
29	0.45322417418162025	0.019563047654303046	1.0	0.7228637413394919
-1	-1	-1	-1	-1
0	0.5480341911315918	19.55719917629837	0.6640737539613945	0.6812933025404158
1	0.5006839036941528	18.658841255607953	0.7009507346585998	0.7090069284064665
2	0.4873489538828532	17.420595869011834	0.7286084701815039	0.6974595842956121
3	0.47896480560302734	16.491551206746234	0.7447421492365313	0.7182448036951501
4	0.4730992317199707	15.374240140302465	0.7723998847594353	0.7205542725173211
5	0.47011685371398926	15.269897465312154	0.7729760875828292	0.7090069284064665
6	0.4681762286594936	13.414496968645569	0.8072601555747623	0.745958429561201
7	0.4669530689716339	12.621471052869744	0.8300201670988188	0.74364896073903
8	0.467216067843967	11.022364760757586	0.8458657447421493	0.7274826789838337
9	0.4648445606231689	9.437421879637132	0.8720829732065687	0.7367205542725174
10	0.4623762911016291	10.01763293939993	0.8648804379141458	0.7043879907621247
11	0.4604993263880412	8.658889695045051	0.8922500720253529	0.7528868360277137
12	0.4588610759148231	7.2514577305645025	0.8980121002592912	0.7367205542725174
13	0.45754696641649517	4.32837875775241	0.9515989628349178	0.7344110854503464
14	0.45671420097351073	5.280554960353659	0.9369057908383751	0.7090069284064665
15	0.45569759607315063	4.848923789251835	0.9412273120138289	0.7043879907621247
16	0.4555994061862721	2.923761697947432	0.9654278305963699	0.7274826789838337
17	0.4549521605173747	3.4750288909454956	0.9642754249495823	0.7113163972286374
18	0.4543950432225278	2.0519247806947165	0.978968596946125	0.6859122401847575
19	0.4540297150611877	1.9824322339044798	0.9792566983578219	0.6951501154734411
20	0.4538724876585461	4.619005751992584	0.9510227600115241	0.7274826789838337
21	0.45388630303469574	0.8211564008966772	0.9925093632958801	0.7274826789838337
22	0.4540453579114831	0.2025324605627481	0.9988475943532124	0.7159353348729792
23	0.45358459154764813	0.09415596093738947	0.9997118985883031	0.7228637413394919
24	0.45358522415161134	0.049639631741479416	0.9997118985883031	0.7251732101616628
25	0.4532666573157677	0.02815968945297763	1.0	0.7228637413394919
26	0.45288545114022716	0.017305973089255237	1.0	0.7251732101616628
27	0.45272168942860197	0.012882645265946865	1.0	0.7228637413394919
28	0.4530610544928189	0.010187161775236979	1.0	0.7274826789838337
29	0.45379865169525146	0.008133904307807258	1.0	0.7274826789838337
30	0.4535348184647099	0.0068914613437116865	1.0	0.7274826789838337
31	0.4533623680472374	0.005784992604284684	1.0	0.7251732101616628
-1	-1	-1	-1	-1
0	0.5185897350311279	19.557987488737894	0.6654178674351585	0.6720554272517321
1	0.4787585735321045	18.50736187576154	0.7023054755043228	0.6905311778290993
2	0.4661112626393636	17.42746228034343	0.7221902017291066	0.6581986143187067
3	0.461270809173584	16.103219784727884	0.7602305475504323	0.6997690531177829
4	0.45773768424987793	15.923054712628005	0.7659942363112392	0.6558891454965358
5	0.4543986717859904	14.086165086938701	0.7997118155619597	0.651270207852194
6	0.4529638631003244	13.649854095703965	0.8028818443804034	0.7321016166281755
7	0.4518200159072876	14.41707426473635	0.7904899135446686	0.7020785219399538
8	0.4521726237403022	11.733896528908966	0.8357348703170029	0.651270207852194
9	0.45106699466705324	10.524775096035878	0.854178674351585	0.6351039260969977
10	0.45220197330821643	9.981109844435245	0.8671469740634006	0.6997690531177829
11	0.4529340863227844	8.273350387538246	0.8985590778097983	0.6859122401847575
12	0.4537033851330097	6.756193824864309	0.9135446685878963	0.6951501154734411
13	0.4543475593839373	6.253139396326257	0.922478386167147	0.7020785219399538
14	0.4541917006174723	3.8872584963063583	0.952449567723343	0.7274826789838337
15	0.45381978154182434	3.8570795067406576	0.9559077809798271	0.6535796766743649
16	0.45328158490798054	3.3342106768844326	0.9619596541786744	0.651270207852194
17	0.4528668456607395	2.6669075661296144	0.9700288184438041	0.6928406466512702
18	0.45233308641534103	2.093183950956808	0.9731988472622478	0.7113163972286374
19	0.4523327469825745	1.9447172678870346	0.9775216138328531	0.6997690531177829
20	0.4519323280879429	1.2734621683981509	0.9870317002881844	0.7182448036951501
21	0.45153682882135565	1.7837297459893406	0.9806916426512968	0.6351039260969977
22	0.4514008501301641	1.464971366483684	0.985014409221902	0.6905311778290993
23	0.45154204964637756	0.6909243634671246	0.9927953890489913	0.6928406466512702
24	0.45119633674621584	1.8112976725700252	0.9838616714697407	0.7182448036951501
25	0.45086415914388805	0.15629783832818406	0.9997118155619596	0.6905311778290993
26	0.4504526632803458	0.05732717881526012	1.0	0.6859122401847575
27	0.4501341496195112	0.030525372552134337	1.0	0.6928406466512702
28	0.4496668371660956	0.020148418765245944	1.0	0.6928406466512702
29	0.4491719325383504	0.014715571367526811	1.0	0.6905311778290993
-1	-1	-1	-1	-1
0	0.5407674312591553	20.040085547560945	0.6560968578841164	0.6889400921658986
1	0.4946976900100708	18.56305873503379	0.6996252522340732	0.7119815668202765
2	0.4807307720184326	17.392309355079583	0.7212453156529259	0.684331797235023
3	0.4731460213661194	16.28002470348953	0.7396944364370136	0.7304147465437788
4	0.469924259185791	15.762136244992597	0.7561256846353416	0.7235023041474654
5	0.4661918481190999	15.474089478134015	0.7690977226866532	0.7304147465437788
6	0.46325782367161344	14.372541309496679	0.7918708561545114	0.716589861751152
7	0.4612714350223541	13.043174433051993	0.8108965119631018	0.7211981566820277
8	0.46059293217129177	11.757977013194234	0.8417411357739982	0.7004608294930875
9	0.4598806142807007	10.844642951947833	0.8515422311905448	0.6589861751152074
10	0.45937410267916595	10.23610477053791	0.8668204093398674	0.6866359447004609
11	0.4586799740791321	8.580080176712176	0.8861343326607092	0.6751152073732719
12	0.45825441067035383	6.935798557526475	0.9184202940328625	0.6912442396313364
13	0.457516074180603	6.6142990490712155	0.9172672239838571	0.6820276497695853
14	0.4568618933359782	4.96142901794626	0.9371576823292015	0.7211981566820277
15	0.45638126134872437	4.937908447116887	0.9432113000864802	0.6474654377880185
16	0.4565836962531595	3.716806877848752	0.9579129432113	0.6820276497695853
17	0.4566938479741414	2.1988072094567324	0.9760737964831363	0.695852534562212
18	0.4562910857953523	2.0397209597563526	0.9766503315076391	0.7027649769585254
19	0.4560559272766113	1.8991869458535668	0.9783799365811473	0.6566820276497696
20	0.4557609785170782	2.6368053351793814	0.9729028538483713	0.7119815668202765
21	0.45559547164223413	1.781590827014468	0.9798212741424042	0.6820276497695853
22	0.45549219587574835	0.48456567448965454	0.9962525223407322	0.7004608294930875
23	0.4557017783323924	0.288899733822733	0.9974055923897377	0.6981566820276498
24	0.45590529441833494	0.07724097573279548	0.9997117324877486	0.6912442396313364
25	0.4566972989302415	0.024156007198285773	1.0	0.6889400921658986
26	0.45651511792783384	0.013496059697140607	1.0	0.6866359447004609
27	0.4564684203692845	0.009354486132581044	1.0	0.6912442396313364
28	0.45608624918707485	0.007535737777989782	1.0	0.6912442396313364
29	0.4557429552078247	0.006152094782110082	1.0	0.6935483870967742
-1	-1	-1	-1	-1
0	0.5438714027404785	19.864022744904965	0.6800230614009801	0.6889400921658986
1	0.49761664867401123	18.891325745013877	0.6880945517440185	0.684331797235023
2	0.4849400520324707	18.008749121919685	0.714326895358893	0.6912442396313364
3	0.4788476228713989	16.995949145850787	0.7324877486307293	0.695852534562212
4	0.47394332885742185	16.10140258894054	0.7584318247333526	0.6981566820276498
5	0.4701221783955892	16.103979959400423	0.7538195445373307	0.6566820276497696
6	0.4760824612208775	14.739838538913553	0.7794753531277026	0.7258064516129032
7	0.47334641218185425	14.468809359664217	0.7858172383972326	0.6889400921658986
8	0.47257116105821395	13.457610515279507	0.804842894205823	0.7027649769585254
9	0.4708779096603394	11.677924794888277	0.8402997982127415	0.7188940092165899
10	0.46947236494584516	10.47558562033767	0.8538483712885557	0.695852534562212
11	0.46874068180720013	9.449834444107266	0.874315364658403	0.6981566820276498
12	0.46788765833928037	8.883852193114954	0.8826751225136927	0.7027649769585254
13	0.46668759414127897	7.375532876460924	0.9034303833957913	0.7096774193548387
14	0.46513498624165855	5.188290974415771	0.9377342173537042	0.7235023041474654
15	0.4635322690010071	5.331715564662163	0.9377342173537042	0.7027649769585254
16	0.462086467181935	4.127713632692984	0.949264917843759	0.7235023041474654
17	0.4615250296062893	2.884574412889437	0.9648313635053329	0.6981566820276498
18	0.4610644265225059	2.999785024057561	0.9665609685788412	0.7004608294930875
19	0.46036227941513064	1.7764821005216158	0.981262611703661	0.7096774193548387
20	0.46029642650059294	2.513742156121709	0.9731911213606227	0.7004608294930875
21	0.46026489951393823	2.355693365934245	0.9749207264341309	0.7027649769585254
22	0.4595333285953688	0.5713167336145673	0.996829057365235	0.7142857142857143
23	0.4590178628762563	0.24037131128422573	0.9985586624387431	0.728110599078341
24	0.45863966941833495	0.09847962090514874	0.9997117324877486	0.7258064516129032
25	0.4579879412284264	2.8880364504565885	0.9688671086768521	0.6981566820276498
26	0.457861238055759	1.044834976246871	0.9899106370712021	0.7211981566820277
27	0.4578098739896502	0.13505073817481006	0.9997117324877486	0.7050691244239631
28	0.4576157125933417	0.054099073096332266	1.0	0.7096774193548387
29	0.4570683240890503	0.032301376533156276	1.0	0.7096774193548387
30	0.45655959652316186	0.022177590324661968	1.0	0.7119815668202765
31	0.4567990005016327	0.01630653807713966	1.0	0.7073732718894009
32	0.4563970493547844	0.0131779880952592	1.0	0.7096774193548387
33	0.4558752073961146	0.01060373721141774	1.0	0.7096774193548387
34	0.45548953328813824	0.008803218069652933	1.0	0.7073732718894009
35	0.4553703334596422	0.0075864916650787715	1.0	0.7119815668202765
36	0.4550999435218605	0.006572428585559882	1.0	0.7096774193548387
37	0.45470464857001053	0.005778511330232221	1.0	0.7119815668202765
38	0.4543470725035056	0.005161588749882483	1.0	0.7096774193548387
39	0.4540290653705597	0.004647175470114618	1.0	0.7073732718894009
40	0.45405017457357266	0.004165998185154931	1.0	0.7096774193548387
41	0.4540512902396066	0.0038046886303505878	1.0	0.7096774193548387
42	0.4542686939239502	0.0034977392104905314	1.0	0.7073732718894009
43	0.45419085025787354	0.0032127182654355046	1.0	0.7073732718894009
-1	-1	-1	-1	-1
0	0.5367631912231445	19.777301368363407	0.6653214182761603	0.684331797235023
1	0.49631190299987793	18.37435248576173	0.7051023349668493	0.716589861751152
2	0.4825814565022786	17.2812795551545	0.7195157105794177	0.7050691244239631
3	0.47495561838150024	16.790103505510803	0.740847506486019	0.7211981566820277
4	0.47104978561401367	16.043424321970807	0.7656385125396368	0.6682027649769585
5	0.4687519470850627	15.783176426493794	0.7624675699048717	0.7027649769585254
6	0.4675859383174351	15.029417221699285	0.7771692130296916	0.728110599078341
7	0.4667554795742035	13.583182151164484	0.8094551744018449	0.7211981566820277
8	0.4654107093811035	12.306469939170627	0.8247333525511675	0.7465437788018433
9	0.46337227821350097	11.69585250277038	0.8371288555779763	0.7142857142857143
10	0.46241905472495337	10.794035876562836	0.8526953012395503	0.7188940092165899
11	0.46171168486277264	9.9484004624393	0.8627846641683482	0.6428571428571429
12	0.46147550069368803	9.73093425680738	0.8676852118766215	0.6543778801843319
13	0.4614764622279576	7.043919988181613	0.9080426635918132	0.7188940092165899
14	0.46090391476949055	5.7585098016152685	0.9276448544249063	0.7235023041474654
15	0.4610160142183304	4.822582198939192	0.9409051599884694	0.6728110599078341
16	0.46041471817914176	4.131704492853322	0.9530123955030269	0.7211981566820277
17	0.4595258765750461	4.019227840348122	0.9556068031132892	0.7350230414746544
18	0.458467960357666	6.261501953826038	0.9299509945229173	0.7488479262672811
19	0.4581237077713013	4.814089148689847	0.9414816950129721	0.7050691244239631
20	0.45810372488839285	1.2749130917593428	0.9881810319976939	0.7073732718894009
21	0.45795800469138404	1.8740887988803037	0.9841452868261746	0.7050691244239631
22	0.4575570977252463	5.261285138786386	0.9478235802825021	0.7258064516129032
23	0.457003782192866	0.7380776651408694	0.9930815797059671	0.7396313364055299
24	0.4568277072906494	0.2904741454254323	0.997693859901989	0.7327188940092166
25	0.4565688463357779	0.11389591671748582	0.9997117324877486	0.7396313364055299
26	0.4560860969402172	0.04788181209219022	1.0	0.7350230414746544
27	0.45576480456760954	0.029941404612153905	1.0	0.7350230414746544
28	0.45586556401746026	0.021471337541305553	1.0	0.7373271889400922
29	0.45575575828552245	0.016261389932954052	1.0	0.7373271889400922
30	0.4556881304710142	0.013115097618279467	1.0	0.7419354838709677
31	0.45560432225465775	0.01072696066497416	1.0	0.7350230414746544
32	0.4559791088104248	0.009199352856990325	1.0	0.7396313364055299
33	0.45603517925038056	0.00790294958293556	1.0	0.7373271889400922
34	0.45557253020150323	0.0068648581120314784	1.0	0.7419354838709677
35	0.4552769925859239	0.0060659562106193	1.0	0.7396313364055299
36	0.4555296640138368	0.005414798880613264	1.0	0.7373271889400922
37	0.4553734126843904	0.00485570012023587	1.0	0.7373271889400922
38	0.45524245653397	0.004420375915784345	1.0	0.7396313364055299
-1	-1	-1	-1	-1
0	0.5311143398284912	19.867742039741724	0.6523493802248487	0.7258064516129032
1	0.4821425676345825	19.069105065197025	0.6840588065724993	0.6059907834101382
2	0.4662514527638753	18.54105499687545	0.6996252522340732	0.695852534562212
3	0.47116297483444214	18.182093187209663	0.697895647160565	0.7511520737327189
4	0.46474108695983884	16.752357251053557	0.740847506486019	0.7304147465437788
5	0.4605179230372111	15.583301316707507	0.762755837417123	0.7073732718894009
6	0.45756135668073383	15.08842092916506	0.7794753531277026	0.7096774193548387
7	0.45528846979141235	14.189662001548557	0.802536754107812	0.7442396313364056
8	0.4534373813205295	14.421372588621367	0.7936004612280196	0.7811059907834101
9	0.4524703502655029	12.694064205939616	0.8255981550879216	0.7603686635944701
10	0.45188403129577637	11.257484274173002	0.8400115307004901	0.7580645161290323
11	0.45039665699005127	9.772539998413226	0.871144422023638	0.7396313364055299
12	0.448779821395874	8.749757838905404	0.8855577976362063	0.7396313364055299
13	0.4485626220703125	8.345689362342204	0.8904583453444797	0.7304147465437788
14	0.4479029337565104	6.117343918992839	0.925050446814644	0.7258064516129032
15	0.4485649913549423	5.56044586371938	0.9322571346209282	0.7396313364055299
16	0.44925755612990437	3.803394021244224	0.9518593254540213	0.6981566820276498
17	0.4495936499701606	2.8157056343117985	0.968002306140098	0.7327188940092166
18	0.44990096594157974	4.14156232104389	0.95157105794177	0.7396313364055299
19	0.4503926753997803	3.200292056921972	0.9584894782358028	0.7050691244239631
20	0.4505796432495117	1.4455889939509947	0.984433554338426	0.7442396313364056
21	0.4507383649999445	0.5756732988077293	0.9930815797059671	0.7580645161290323
22	0.45055742885755456	0.3681577096197652	0.996829057365235	0.7373271889400922
23	0.4509260555108388	0.07261508876840166	0.9997117324877486	0.728110599078341
24	0.4512844657897949	0.027471833907421826	1.0	0.7327188940092166
25	0.45174745412973255	0.013684930519623802	1.0	0.7188940092165899
26	0.4519008088994909	0.009719504287504855	1.0	0.7258064516129032
27	0.45216318539210726	0.007392775909883053	1.0	0.728110599078341
28	0.4523310085822796	0.006070422410747087	1.0	0.7235023041474654
29	0.4526812632878621	0.0048537518402028594	1.0	0.7327188940092166
-1	-1	-1	-1	-1
0	0.5401179790496826	20.113135460319867	0.6535024502738541	0.663594470046083
1	0.4967910051345825	19.17856091315593	0.6719515710579418	0.6820276497695853
2	0.4837787946065267	18.146989594905747	0.7079850100893629	0.6682027649769585
3	0.4771881103515625	17.324622941673347	0.7232631882386855	0.6612903225806451
4	0.4729884147644043	16.600030505329098	0.7480541942923032	0.7073732718894009
5	0.4708240032196045	16.19273426335886	0.7569904871720957	0.7004608294930875
6	0.4693849767957415	14.7563297857932	0.7768809455174401	0.7304147465437788
7	0.4686017334461212	13.682261431982758	0.8057076967425771	0.7534562211981567
8	0.46740741199917263	12.869645890839603	0.8175266647448832	0.7442396313364056
9	0.4653419733047485	12.64887990864045	0.8166618622081292	0.7488479262672811
10	0.4640819159421054	11.225184654970782	0.8414528682617469	0.6751152073732719
11	0.4633555809656779	8.587309642669258	0.885269530123955	0.7534562211981567
12	0.4623259030855619	8.733806876961244	0.8844047275872009	0.7580645161290323
13	0.46161028317042757	6.609817567221615	0.9100605361775728	0.6981566820276498
14	0.4611867109934489	6.174571408591139	0.9241856442778899	0.7188940092165899
15	0.45973503589630127	4.428368783872062	0.9443643701354857	0.7534562211981567
16	0.4589513610391056	3.447912662401112	0.9622369558950706	0.7373271889400922
17	0.4589302142461141	3.1501493909216802	0.9633900259440761	0.7373271889400922
18	0.45811998216729416	2.570019758349165	0.9714615162871144	0.7304147465437788
19	0.4572377324104309	1.2020384229104453	0.9887575670221966	0.7050691244239631
20	0.45669186682928176	2.7158724385732356	0.9677140386278467	0.7327188940092166
21	0.4559331373734908	2.6965003586416945	0.9682905736523494	0.7304147465437788
22	0.4557681290999703	0.5236697944410897	0.9956759873162294	0.7511520737327189
23	0.45534174640973407	0.741046866017539	0.9925050446814644	0.7442396313364056
24	0.45486331939697267	1.320971129991866	0.9893341020466994	0.695852534562212
25	0.4542569380540114	1.9936570111371645	0.9815508792159123	0.7534562211981567
26	0.45406103134155273	1.0006864153600614	0.9916402421447102	0.7511520737327189
27	0.4537203907966614	0.14429366523335868	0.9994234649754973	0.7557603686635944
28	0.453767858702561	0.0512793800823493	1.0	0.7511520737327189
29	0.45346177419026695	0.03185553777612609	1.0	0.7603686635944701
30	0.4530767394650367	0.023189778935266744	1.0	0.7580645161290323
31	0.45314478129148483	0.017750460480408178	1.0	0.7580645161290323
32	0.45290626179088245	0.014154814826132336	1.0	0.7557603686635944
33	0.4527420156142291	0.01176633596593309	1.0	0.7557603686635944
34	0.45238515990121025	0.009976869205241476	1.0	0.7534562211981567
35	0.45221640004052055	0.008599464488140982	1.0	0.7557603686635944
36	0.4521152586550326	0.0074730865894165315	1.0	0.7557603686635944
37	0.4520996997230931	0.006623323887443478	1.0	0.7534562211981567
38	0.45195523286477113	0.005912586255346151	1.0	0.7557603686635944
39	0.4518300533294678	0.005339619545856119	1.0	0.7557603686635944
40	0.4515418017782816	0.004841691818902132	1.0	0.7511520737327189
41	0.45115814890180317	0.004444785847126612	1.0	0.7534562211981567
42	0.4511410358340241	0.004070700981524461	1.0	0.7534562211981567
43	0.451299867846749	0.0037586505699971125	1.0	0.7534562211981567
44	0.4511919657389323	0.0034879849276584444	1.0	0.7511520737327189
45	0.45108935625656793	0.0032529954935878345	1.0	0.7488479262672811
46	0.45118621562389616	0.003037441942086251	1.0	0.7488479262672811
47	0.45133134722709656	0.0028457908702425438	1.0	0.7465437788018433
48	0.45154542339091397	0.0026692537293948847	1.0	0.7511520737327189
49	0.45165281295776366	0.002514344934585564	1.0	0.7488479262672811
-1	-1	-1	-1	-1
0	0.5521602630615234	20.105696280068212	0.6543672528106083	0.7188940092165899
1	0.5042178630828857	18.934137086255834	0.6863649466705102	0.6797235023041475
2	0.5076602300008138	18.371670556724617	0.7013548573075814	0.7073732718894009
3	0.49615800380706787	17.737225821258825	0.7163447679446526	0.7211981566820277
4	0.48868823051452637	16.7121774647214	0.7434419140962814	0.7119815668202765
5	0.4831363360087077	16.01185855078041	0.7584318247333526	0.6751152073732719
6	0.4787054402487619	14.688643258645994	0.7855289708849813	0.7419354838709677
7	0.480348140001297	14.23651480456011	0.7878351109829922	0.716589861751152
8	0.48054345448811847	12.854919938866152	0.8157970596713751	0.7557603686635944
9	0.47790348529815674	12.182442883832739	0.8281925626981839	0.6751152073732719
10	0.4761337366971103	10.596260659191586	0.8521187662150476	0.7419354838709677
11	0.47405821084976196	10.478317035447567	0.8584606514845777	0.7142857142857143
12	0.4729756025167612	8.773146820724557	0.8800807149034304	0.7373271889400922
13	0.471935510635376	7.372807920525927	0.9051599884692995	0.7004608294930875
14	0.4696229298909505	6.041066507133869	0.9224560392043817	0.7188940092165899
15	0.46833784878253937	4.682980919649841	0.9429230325742289	0.7027649769585254
16	0.467914342880249	4.478791478030178	0.9466705102334967	0.7119815668202765
17	0.46737754344940186	3.004952709882631	0.9665609685788412	0.7649769585253456
18	0.4660674145347194	4.380637150565419	0.9484001153070049	0.7235023041474654
19	0.4657709002494812	1.3556721668109435	0.9850100893629288	0.7258064516129032
20	0.465111289705549	0.8302600584804601	0.9913519746324589	0.7235023041474654
21	0.4642808328975331	0.8832789404198117	0.9901989045834535	0.7188940092165899
22	0.4635468669559645	0.21753418561788873	0.9982703949264918	0.7603686635944701
23	0.4624529580275218	0.5516854220437347	0.9936581147304698	0.7211981566820277
24	0.46177776336669923	0.0771101151295049	0.9997117324877486	0.7442396313364056
25	0.4617369541755089	0.02346008203212394	1.0	0.7373271889400922
26	0.4614895361441153	0.011097576109790713	1.0	0.7373271889400922
27	0.46116832324436735	0.007651264219087711	1.0	0.7373271889400922
28	0.46089897484614933	0.005965492323654012	1.0	0.7373271889400922
29	0.4605270226796468	0.004918766579867891	1.0	0.7327188940092166
30	0.46030271437860304	0.004200684955146553	1.0	0.7327188940092166
31	0.45995207130908966	0.003612278148307894	1.0	0.7327188940092166
32	0.4598853154615922	0.003166846678324723	1.0	0.7327188940092166
33	0.459856110460618	0.002806936719284207	1.0	0.7304147465437788
34	0.45979795455932615	0.002527054777534982	1.0	0.7327188940092166
35	0.45964427789052326	0.0022783666041137924	1.0	0.7327188940092166
36	0.4597039609342008	0.002075965259775013	1.0	0.7327188940092166
37	0.45947142023789256	0.0019088285551066677	1.0	0.7327188940092166
-1	-1	-1	-1	-1
0	0.5385959148406982	19.527755553569268	0.6677233429394812	0.7096774193548387
1	0.4977456331253052	18.47083610569665	0.6974063400576369	0.7350230414746544
2	0.47672327359517414	17.98630365319208	0.7138328530259366	0.6935483870967742
3	0.4676783084869385	17.05042176727855	0.7377521613832853	0.7258064516129032
4	0.4639279365539551	16.99924659729004	0.7345821325648415	0.7142857142857143
5	0.4601694345474243	16.134533628411248	0.7596541786743516	0.6866359447004609
6	0.4588085242680141	15.863502301207376	0.7561959654178675	0.7096774193548387
7	0.45874646306037903	14.991728782653809	0.7801152737752162	0.7350230414746544
8	0.45812352498372394	13.599390043031185	0.8054755043227666	0.7419354838709677
9	0.4577303647994995	12.641653380262742	0.8279538904899135	0.7419354838709677
10	0.4571103182705966	11.688549956050489	0.839193083573487	0.7350230414746544
11	0.45516862471898395	10.177287316103595	0.8605187319884726	0.7695852534562212
12	0.4539566957033597	9.035507116842707	0.8838616714697406	0.7557603686635944
13	0.4542882101876395	7.62234080165898	0.9017291066282421	0.7811059907834101
14	0.4538909435272217	6.672387029052874	0.914121037463977	0.7534562211981567
15	0.45352087914943695	5.528225345349093	0.9314121037463977	0.7188940092165899
16	0.45305553604574766	4.329073243184921	0.9481268011527377	0.7511520737327189
17	0.4527193440331353	4.002530966330012	0.9556195965417867	0.7419354838709677
18	0.4525184882314582	2.5747572432417387	0.9700288184438041	0.7626728110599078
19	0.4526610732078552	2.4637514344595988	0.9737752161383285	0.7442396313364056
20	0.45266594205583843	1.4833766621187192	0.98328530259366	0.7442396313364056
21	0.45295666564594617	0.6252329406593371	0.9951008645533141	0.7626728110599078
22	0.45321854301120923	0.4758689212826414	0.9959654178674352	0.7626728110599078
23	0.4530761738618215	2.236817435634861	0.9818443804034582	0.7419354838709677
24	0.4530415725708008	0.4614119067993186	0.9959654178674352	0.7304147465437788
25	0.45303035699404204	0.42310086140033165	0.9971181556195965	0.7442396313364056
26	0.45295270284016925	0.07496034082264529	1.0	0.7373271889400922
27	0.45258685520717074	0.14992576568182386	0.9985590778097982	0.7373271889400922
28	0.4520882984687542	0.019355328575496503	1.0	0.7350230414746544
29	0.4515199104944865	0.012771883615241343	1.0	0.7304147465437788
30	0.45114120360343685	0.010179472948614628	1.0	0.7327188940092166
31	0.4509603828191757	0.008149632371370915	1.0	0.7304147465437788
32	0.4507823351657752	0.006882726457536033	1.0	0.7327188940092166
33	0.4505270929897533	0.005895184840149365	1.0	0.7350230414746544
-1	-1	-1	-1	-1
0	0.5365169048309326	19.667362475613935	0.6542783059636992	0.6535796766743649
1	0.49746429920196533	18.652541851778643	0.6917314894842985	0.6143187066974596
2	0.48237045605977374	17.574640650267995	0.7219821377124748	0.6327944572748267
3	0.47500282526016235	17.025042704485973	0.7346585998271391	0.6697459584295612
4	0.4720337390899658	15.820566649830669	0.7588591184096802	0.6789838337182448
5	0.4696058432261149	14.894825139176955	0.7833477384039181	0.6812933025404158
6	0.4758860043116978	13.400134683748998	0.8130221838087006	0.6812933025404158
7	0.4727132320404053	12.76298056173762	0.822241428983002	0.6859122401847575
8	0.47016792827182347	12.331019436547516	0.8268510515701527	0.674364896073903
9	0.46796460151672364	10.317932242647224	0.8643042350907519	0.674364896073903
10	0.46591797741976654	8.960688354772165	0.8813022183808701	0.674364896073903
11	0.46455222368240356	8.818302911355955	0.8962834917891098	0.6351039260969977
12	0.46438732514014613	6.741918183247978	0.916162489196197	0.6628175519630485
13	0.46405776909419466	5.600690551307223	0.9340247767214059	0.674364896073903
14	0.4639591217041016	5.086970739408371	0.9389225007202535	0.6882217090069284
15	0.4637777805328369	3.2195134600368114	0.958513396715644	0.6674364896073903
16	0.4632941274081959	3.464443743912452	0.9611063094209161	0.6605080831408776
17	0.46212005615234375	2.44536532215569	0.9732065687121867	0.6720554272517321
18	0.4611475342198422	2.0884532433498753	0.9752232785940651	0.6720554272517321
19	0.4602802276611328	1.2871617987205128	0.9884759435321233	0.6558891454965358
20	0.459914797828311	0.33001079258227023	0.996830884471334	0.6697459584295612
21	0.4595362489873713	5.471053895745597	0.9441083261307981	0.6674364896073903
22	0.4588759774747102	2.2807038325235385	0.9783923941227312	0.6697459584295612
23	0.45894794662793476	0.5062414399527628	0.9979832901181216	0.648960739030023
24	0.458883113861084	0.12005913986422874	0.9994237971766061	0.6628175519630485
25	0.4586669940214891	0.050910167603266485	1.0	0.6651270207852193
26	0.4585509388535111	0.031754673789725255	1.0	0.6466512702078522
27	0.45825295788901194	0.020380937559487416	1.0	0.651270207852194
28	0.45794141703638536	0.01565570305016131	1.0	0.6558891454965358
29	0.4577514966328939	0.012289058792227537	1.0	0.6535796766743649
30	0.45742638649479034	0.01012306711225292	1.0	0.6535796766743649
31	0.4574231505393982	0.008560159889267706	1.0	0.6535796766743649
32	0.4571260538968173	0.0072825263588638	1.0	0.6581986143187067
33	0.45721161365509033	0.006391392652145074	1.0	0.6581986143187067
34	0.4571192468915667	0.005572439697378854	1.0	0.6558891454965358
-1	-1	-1	-1	-1
0	0.5435912609100342	19.701183809052914	0.6704119850187266	0.7090069284064665
1	0.4997687339782715	18.945189441015962	0.6894266781907231	0.7321016166281755
2	0.48073871930440265	17.970127661293798	0.7101699798329012	0.7598152424942263
3	0.47418850660324097	17.079959003203506	0.7294727744165946	0.7344110854503464
4	0.4700340747833252	16.59543339265596	0.7542494958225295	0.7136258660508084
5	0.46764429410298664	15.337311451588201	0.7675021607605877	0.7482678983833718
6	0.4658748762948172	14.02539388849101	0.7968885047536733	0.7575057736720554
7	0.46456605195999146	13.377297480171974	0.8052434456928839	0.7321016166281755
8	0.4631293084886339	12.530813803366565	0.8228176318063959	0.7274826789838337
9	0.4622598648071289	11.156262152785555	0.8547968885047537	0.7505773672055427
10	0.4612272652712735	10.792553171105341	0.857389801210026	0.7066974595842956
11	0.4604783852895101	9.126517630498343	0.8830308268510516	0.7575057736720554
12	0.4600885831392728	7.056700610239571	0.9138576779026217	0.7344110854503464
13	0.4590848684310913	6.7631427793327825	0.916162489196197	0.7274826789838337
14	0.45791940689086913	6.479550207426788	0.9242293287237108	0.7297921478060047
15	0.45739829540252686	4.429367697020189	0.9461250360126765	0.6812933025404158
16	0.4572949549731086	3.559099712092942	0.9541918755401901	0.7090069284064665
17	0.45706771479712593	3.578653878848487	0.9596658023624316	0.7066974595842956
18	0.45696554685893814	1.5926192936000474	0.9832901181215788	0.7043879907621247
19	0.4564302325248718	2.39846115463644	0.9763756842408527	0.7090069284064665
20	0.45569618542989093	1.2945270618475084	0.985883030826851	0.7043879907621247
21	0.4554436748678034	1.4356974953905157	0.9864592336502449	0.7066974595842956
22	0.45503656760506006	1.933224054446461	0.9804091040046097	0.6859122401847575
23	0.45489659905433655	1.8730422367059856	0.9821377124747911	0.6581986143187067
24	0.4548098373413086	2.809461001682719	0.971766061653702	0.7159353348729792
25	0.4545659835521991	0.29806188246183984	0.9988475943532124	0.7136258660508084
26	0.45462653372022843	0.11931160466164487	0.9997118985883031	0.7228637413394919
27	0.4543577602931431	0.06361738315339141	0.9997118985883031	0.7321016166281755
28	0.4541355659221781	0.03619139115772009	1.0	0.7251732101616628
29	0.453409481048584	0.023122529016124202	1.0	0.7228637413394919
-1	-1	-1	-1	-1
0	0.5359110832214355	20.123802780011378	0.6527377521613833	0.6766743648960739
1	0.49143755435943604	18.511447801502474	0.6994236311239193	0.6974595842956121
2	0.4761348565419515	17.683327587372666	0.7175792507204611	0.6766743648960739
3	0.469538152217865	16.44723042654335	0.7507204610951008	0.6997690531177829
4	0.464227294921875	15.698690436301975	0.7657060518731988	0.6974595842956121
5	0.46043626467386883	15.198052371313812	0.7804034582132565	0.7090069284064665
6	0.4579875809805734	14.090083319112795	0.7982708933717579	0.7043879907621247
7	0.45866504311561584	13.956590949942212	0.8023054755043227	0.7321016166281755
8	0.4593883885277642	11.945693895357465	0.8270893371757925	0.6812933025404158
9	0.45926666259765625	10.870844626645429	0.8530259365994236	0.6789838337182448
10	0.45808527686379175	10.635467872707123	0.8605187319884726	0.7090069284064665
11	0.4577762285868327	9.549796780315015	0.8662824207492795	0.7043879907621247
12	0.4566964002755972	7.658972556437921	0.9008645533141211	0.7020785219399538
13	0.45664731093815397	5.4853503933740315	0.9357348703170029	0.6859122401847575
14	0.4568771998087565	7.1488395393441575	0.907492795389049	0.6789838337182448
15	0.4565983861684799	3.698612837616457	0.9567723342939481	0.7251732101616628
16	0.45664870037752037	3.9668200393335535	0.952449567723343	0.6836027713625866
17	0.45678159925672746	2.7214249837289164	0.9688760806916427	0.674364896073903
18	0.45689693250154195	2.2578610003062893	0.9752161383285303	0.7043879907621247
19	0.4568726897239685	1.1169458199121536	0.9896253602305476	0.7020785219399538
20	0.45638986996241976	0.71751309061047	0.9930835734870317	0.7066974595842956
21	0.45638804002241656	2.246621247064835	0.9827089337175793	0.674364896073903
22	0.4561292503191077	2.5083980681289226	0.969164265129683	0.6812933025404158
23	0.4559873044490814	0.347763251103119	0.9976945244956772	0.7020785219399538
24	0.45606184005737305	0.2076371099571313	0.9985590778097982	0.6951501154734411
25	0.4559021729689378	0.04882509840535931	1.0	0.7043879907621247
26	0.45539648444564257	0.01791454989189675	1.0	0.6974595842956121
27	0.4548870835985456	0.012126893445784269	1.0	0.7020785219399538
28	0.4546929721174569	0.009177804843110348	1.0	0.7066974595842956
29	0.45455960432688397	0.0075546903137882334	1.0	0.7020785219399538
-1	-1	-1	-1	-1
0	0.5352816581726074	19.43733203957934	0.6780051888152205	0.6682027649769585
1	0.4909243583679199	18.38082479774405	0.7094263476506197	0.6589861751152074
2	0.47640546162923175	18.241825121258376	0.7131738253098876	0.6543778801843319
3	0.4694705009460449	16.949317936503558	0.7417123090227732	0.6543778801843319
4	0.4640679836273193	15.991397485820526	0.7584318247333526	0.7235023041474654
5	0.461200753847758	15.159153220850394	0.7777457480541943	0.7327188940092166
6	0.4594167300633022	15.076210682545232	0.7791870856154511	0.695852534562212
7	0.45826825499534607	13.148379802703857	0.8175266647448832	0.7004608294930875
8	0.45762552155388725	12.80936938469563	0.8198328048428942	0.6981566820276498
9	0.45694670677185056	10.763312619760496	0.853271836264053	0.716589861751152
10	0.4563406163995916	11.185036083973875	0.847794753531277	0.7211981566820277
11	0.45446940263112384	8.148349637285285	0.8950706255405015	0.652073732718894
12	0.45319579197810245	7.440700964096489	0.9005477082732776	0.7142857142857143
13	0.45234761919294086	5.559057985423902	0.933698472182185	0.6820276497695853
14	0.4513570308685303	6.856550004504142	0.9129432113000865	0.652073732718894
15	0.4517160505056381	5.317023846260998	0.9385990198904584	0.7350230414746544
16	0.4521157881792854	2.9216832515843416	0.968002306140098	0.7211981566820277
17	0.4522089295917087	2.62499913935541	0.9674257711155952	0.6866359447004609
18	0.4523370893378007	2.845392831900251	0.9685788411646008	0.7188940092165899
19	0.45168567895889283	2.032209554396638	0.9775151340443932	0.7027649769585254
20	0.4512779031481062	3.3355837972202433	0.9682905736523494	0.7258064516129032
21	0.45154333114624023	0.7898791967592108	0.994522917267224	0.716589861751152
22	0.4513560792674189	0.288717935976803	0.9979821274142404	0.728110599078341
23	0.45068563024202984	0.08748104915699981	0.9997117324877486	0.7235023041474654
24	0.450457239151001	0.030500870098684563	1.0	0.7419354838709677
25	0.45044080110696644	0.01725771558287323	1.0	0.7373271889400922
26	0.45000297051888927	0.012215287670003967	1.0	0.7373271889400922
27	0.4501878959792001	0.009471441413368815	1.0	0.7396313364055299
28	0.45016185990695295	0.007898902615058073	1.0	0.7396313364055299
29	0.4501373767852783	0.006664916749921074	1.0	0.7396313364055299
30	0.4503345489501953	0.005715010336460332	1.0	0.7373271889400922
31	0.4503609240055084	0.004922134253378518	1.0	0.7373271889400922
32	0.45044875144958496	0.0044322828212865085	1.0	0.7373271889400922
33	0.4505439085118911	0.003899562221852506	1.0	0.7350230414746544
34	0.4505033493041992	0.003476815636990602	1.0	0.7350230414746544
35	0.4505776630507575	0.003180227353151593	1.0	0.7350230414746544
36	0.45064524057749156	0.002903179181735015	1.0	0.7327188940092166
37	0.45059783207742793	0.0026539003284605472	1.0	0.7350230414746544
38	0.45056420717483914	0.002439249075421585	1.0	0.7350230414746544
39	0.45059698820114136	0.002273425878496326	1.0	0.7350230414746544
40	0.45055861589385243	0.0021032861312701785	1.0	0.7350230414746544
41	0.45058365095229375	0.001972349573457037	1.0	0.7350230414746544
42	0.45041358748147653	0.001847017981772046	1.0	0.7350230414746544
43	0.4501471465284174	0.001725355065024539	1.0	0.7327188940092166
44	0.44995966487460665	0.001629690440420228	1.0	0.7327188940092166
-1	-1	-1	-1	-1
0	0.5916855335235596	19.750134004365414	0.6618622081291439	0.6244239631336406
1	0.524019718170166	19.091498283071257	0.6782934563274718	0.6612903225806451
2	0.49776172637939453	18.25647896582927	0.7094263476506197	0.6612903225806451
3	0.48669856786727905	17.025074346349875	0.7405592389737676	0.6912442396313364
4	0.4796198844909668	16.4723652305953	0.7466128567310464	0.7073732718894009
5	0.47404126326243085	15.354186154286795	0.7757278754684347	0.7211981566820277
6	0.47036818095615934	15.17467316356274	0.7745748054194292	0.695852534562212
7	0.46729904413223267	13.841639566858975	0.7927356586912655	0.7004608294930875
8	0.4668004512786865	13.532863028552555	0.8083021043528394	0.6658986175115207
9	0.4665724039077759	11.88469795349541	0.8276160276736811	0.7073732718894009
10	0.4655935764312744	10.948729263533146	0.8454886134332661	0.7304147465437788
11	0.46356499195098877	9.798923249638408	0.8737388296339003	0.7119815668202765
12	0.46252551445594203	7.96706774256645	0.8927644854424907	0.695852534562212
13	0.4613606929779053	7.406266029821623	0.9042951859325454	0.695852534562212
14	0.460024356842041	6.302729271420645	0.9224560392043817	0.695852534562212
15	0.4593544751405716	4.1444698331552905	0.9495531853560104	0.6935483870967742
16	0.4593290581422694	4.042206103375198	0.9504179878927644	0.7304147465437788
17	0.4584873782263862	2.6130894654934558	0.9714615162871144	0.6774193548387096
18	0.45835310534427043	3.4982010027000663	0.9573364081867973	0.7050691244239631
19	0.4579585552215576	1.884577260241596	0.9783799365811473	0.7050691244239631
20	0.45727891013735816	4.079864223820901	0.9622369558950706	0.7096774193548387
21	0.4572471488605846	2.0634553316946422	0.9809743441914096	0.7050691244239631
22	0.4570588961891506	0.4226268478968275	0.996829057365235	0.7119815668202765
23	0.457063227891922	0.291174370607515	0.997693859901989	0.7096774193548387
24	0.4568834114074707	0.0983602537542855	0.9994234649754973	0.7142857142857143
25	0.4564742033298199	0.04921878957181075	1.0	0.7073732718894009
26	0.4561521653775816	0.025671685136931546	1.0	0.7119815668202765
27	0.45587060281208586	0.018805680963116776	1.0	0.7096774193548387
28	0.4554577860338935	0.014590633363378744	1.0	0.7073732718894009
29	0.4554475466410319	0.011989192969599364	1.0	0.7050691244239631
30	0.4554971956437634	0.009925960598368231	1.0	0.7073732718894009
-1	-1	-1	-1	-1
0	0.5380716323852539	19.873080411088576	0.6543672528106083	0.6820276497695853
1	0.49375784397125244	18.427295514202992	0.705678869991352	0.7027649769585254
2	0.4807870388031006	17.419325434833492	0.7238397232631882	0.6751152073732719
3	0.47284501791000366	16.262024183885767	0.7520899394638224	0.6497695852534562
4	0.46777968406677245	15.40235672959494	0.7688094551744018	0.7142857142857143
5	0.46405112743377686	14.088122376608192	0.7961948688382819	0.7142857142857143
6	0.46111880029950825	13.915528704267029	0.7973479388872874	0.7188940092165899
7	0.4602939784526825	12.862027583865945	0.8155087921591236	0.7050691244239631
8	0.45978132883707684	11.263802926474755	0.844623810896512	0.6935483870967742
9	0.45937750339508054	11.346364530948325	0.8466416834822715	0.695852534562212
10	0.45913737470453436	9.307123492617126	0.8803689824156817	0.716589861751152
11	0.45883989334106445	7.71239816267556	0.8965119631017584	0.6866359447004609
12	0.45856659228985125	6.537995719034737	0.9166906889593542	0.7350230414746544
13	0.458275522504534	6.117115260264195	0.925050446814644	0.6935483870967742
14	0.4576315720876058	4.57454024104897	0.943787835110983	0.6912442396313364
15	0.45709721744060516	3.614421571613452	0.9527241279907754	0.7004608294930875
16	0.4569569335264318	3.087878250200814	0.9682905736523494	0.7327188940092166
17	0.4561861753463745	1.283272739704869	0.986739694436437	0.7073732718894009
18	0.4561833582426372	4.59440883282367	0.9458057076967425	0.7004608294930875
19	0.45611646175384524	2.3332342759048172	0.9720380513116171	0.7142857142857143
20	0.4561488287789481	1.1105438830382233	0.9893341020466994	0.663594470046083
21	0.4561124498193914	1.9703051662328868	0.9806860766791583	0.695852534562212
22	0.45599831705508026	1.2459782299782158	0.9881810319976939	0.6866359447004609
23	0.4557126462459564	0.3032145514142264	0.9982703949264918	0.6658986175115207
24	0.45584123611450195	0.10639231386936245	0.9994234649754973	0.7073732718894009
25	0.45567087026742786	0.03229601854680601	1.0	0.7050691244239631
26	0.4556409076408104	0.01505779267275127	1.0	0.7096774193548387
27	0.4557083674839565	0.010692261207347882	1.0	0.7050691244239631
28	0.45581109770413103	0.008145274475607764	1.0	0.7027649769585254
29	0.4560729185740153	0.006430353850717422	1.0	0.7096774193548387
30	0.4560660469916559	0.005354150258643615	1.0	0.7073732718894009
31	0.45592062175273895	0.004516527892469598	1.0	0.7073732718894009
32	0.45569334608135803	0.003916320615252341	1.0	0.7096774193548387
-1	-1	-1	-1	-1
0	0.5867583751678467	19.850535213400466	0.6569616604208706	0.6935483870967742
1	0.5142732858657837	18.566380719526098	0.6953012395503027	0.6751152073732719
2	0.48942049344380695	17.432880506602995	0.724416258287691	0.7073732718894009
3	0.47846370935440063	16.926585591167484	0.7379648313635053	0.7235023041474654
4	0.47321786880493166	16.08553691304058	0.7529547420005765	0.7142857142857143
5	0.4689958492914836	15.823808980644296	0.7639089074661286	0.6889400921658986
6	0.46617889404296875	14.519366474326597	0.7872585759584895	0.7004608294930875
7	0.463832825422287	13.688140790396874	0.7961948688382819	0.695852534562212
8	0.4621819920010037	12.617034032804156	0.8319400403574517	0.728110599078341
9	0.46105945110321045	12.541656621005558	0.8264629576246757	0.6566820276497696
10	0.4613977345553311	11.043814816606154	0.8506774286537907	0.6751152073732719
11	0.46035462617874146	8.887915105994688	0.8777745748054194	0.695852534562212
12	0.45870148218595064	7.748265610922367	0.8982415681752667	0.6912442396313364
13	0.4577601637159075	6.308133804470027	0.9155376189103488	0.716589861751152
14	0.45648560523986814	5.638023217746971	0.9296627270106659	0.6935483870967742
15	0.45591671764850616	4.143237033568391	0.952435860478524	0.6658986175115207
16	0.4555377679712632	3.794902248666921	0.9509945229172673	0.6820276497695853
17	0.4556048976050483	3.080176355641916	0.9697319112136062	0.684331797235023
18	0.45580148696899414	2.0424251677724747	0.97895647160565	0.6797235023041475
19	0.4560656428337097	3.6309052987297603	0.9599308157970596	0.7073732718894009
20	0.4561925388517834	1.7071303623395229	0.9818391467281637	0.6728110599078341
21	0.4562746828252619	0.6254143177984505	0.9933698472182185	0.6820276497695853
22	0.45614938114000403	0.4038784762464224	0.9959642548284808	0.7073732718894009
23	0.4555237293243408	1.8517078725501486	0.9815508792159123	0.663594470046083
24	0.4549660587310791	0.9668398794607012	0.9899106370712021	0.6912442396313364
25	0.45469895692972034	0.12906577439611316	0.9988469299509946	0.695852534562212
26	0.4545081544805456	0.03508157235219938	1.0	0.6981566820276498
27	0.4546067459242685	0.01977837121823307	1.0	0.6935483870967742
28	0.4541236614358836	0.013710852709188716	1.0	0.7027649769585254
29	0.45381347338358563	0.010312345762707191	1.0	0.6981566820276498
-1	-1	-1	-1	-1
0	0.5313076972961426	19.807597650300472	0.6661862208129143	0.7142857142857143
1	0.4848792552947998	18.869450206056648	0.6909772268665322	0.6912442396313364
2	0.4689755439758301	18.158991927400642	0.6984721821850678	0.7396313364055299
3	0.4610438346862793	16.974726720687446	0.7316229460939752	0.7142857142857143
4	0.45752778053283694	16.561009560156307	0.7405592389737676	0.7235023041474654
5	0.45511388778686523	15.338083450947332	0.7653502450273855	0.728110599078341
6	0.4533266339983259	14.412228741777053	0.7889881810319977	0.7235023041474654
7	0.4526419937610626	13.123046021942699	0.8146439896223696	0.7419354838709677
8	0.45175902048746747	13.21261300515691	0.8074373018160853	0.6912442396313364
9	0.45022552013397216	11.988105913914671	0.8293456327471894	0.7350230414746544
10	0.44928119399330835	10.524007355401276	0.8564427788988181	0.7419354838709677
11	0.4487194021542867	8.929345203102182	0.8878639377342173	0.7096774193548387
12	0.4474843648763803	9.249319226369945	0.882963390025944	0.7465437788018433
13	0.4470437594822475	7.872822623734081	0.8968002306140098	0.7603686635944701
14	0.44639323552449545	5.436672906263159	0.9345632747189392	0.7235023041474654
15	0.4461817294359207	4.999187806604105	0.9409051599884694	0.7235023041474654
16	0.44583460863898783	3.124069461581904	0.9633900259440761	0.7603686635944701
17	0.445642630259196	3.6990315838793824	0.9556068031132892	0.7442396313364056
18	0.44581710664849533	1.9028699430850669	0.9778034015566446	0.7258064516129032
19	0.4460702776908875	1.8145960738045086	0.9832804842894206	0.7304147465437788
20	0.4465839295160203	3.3207891117268744	0.9605073508215624	0.7327188940092166
21	0.4465847773985429	0.9230635457185157	0.9899106370712021	0.7373271889400922
22	0.44670499926028046	0.2903085827630936	0.9991351974632459	0.7511520737327189
23	0.4468089242776235	0.11811967579425749	0.9997117324877486	0.7396313364055299
24	0.4472661113739014	0.03934875987641035	1.0	0.7465437788018433
25	0.4474397164124709	0.016925481254867186	1.0	0.7396313364055299
26	0.44692199318497267	0.011958028603699742	1.0	0.7442396313364056
27	0.4465477040835789	0.009517212607817715	1.0	0.7442396313364056
28	0.44625958903082485	0.007522776136292281	1.0	0.7396313364055299
29	0.4461120287577311	0.00629916978498532	1.0	0.7396313364055299
30	0.445886081264865	0.0053833328354211925	1.0	0.7396313364055299
31	0.44564248621463776	0.004688323752424192	1.0	0.7396313364055299
32	0.4454537232716878	0.004101144627442609	1.0	0.7373271889400922
33	0.4451358949436861	0.003656406061238008	1.0	0.7396313364055299
-1	-1	-1	-1	-1
0	0.6058690547943115	19.769949471184965	0.6690688959354281	0.695852534562212
1	0.5200893878936768	19.06299609437995	0.6895358893052753	0.7119815668202765
2	0.4920554955800374	18.181403365703897	0.7097146151628712	0.7258064516129032
3	0.4787655472755432	17.673014439574075	0.7174978379936581	0.7142857142857143
4	0.4701085090637207	16.680017480062784	0.7474776592678005	0.7327188940092166
5	0.4649812380472819	17.091687613670977	0.7307581435572211	0.7534562211981567
6	0.46369130270821707	15.500365384128116	0.7656385125396368	0.7557603686635944
7	0.4624570608139038	14.081065488517831	0.7953300663015278	0.7188940092165899
8	0.4606312115987142	13.759322468293917	0.7990775439607957	0.7580645161290323
9	0.4594520092010498	12.818402723434868	0.8155087921591236	0.7119815668202765
10	0.4592799056660045	11.910453400480637	0.8379936581147305	0.7419354838709677
11	0.45855979124705	10.13696439113092	0.8648025367541078	0.7649769585253456
12	0.45688319206237793	8.304485161370094	0.8898818103199769	0.7534562211981567
13	0.45565598351614817	8.353840106124178	0.8924762179302392	0.7396313364055299
14	0.4540626684824626	5.102340966189673	0.9394638224272125	0.7373271889400922
15	0.45417889952659607	5.723780140417431	0.9299509945229173	0.7396313364055299
16	0.45345836527207317	3.7992278881576085	0.9550302680887864	0.7396313364055299
17	0.4529351525836521	2.998378094730027	0.9671375036033439	0.7442396313364056
18	0.4523313045501709	2.6991576399278205	0.9671375036033439	0.7511520737327189
19	0.4519349694252014	2.397067614685778	0.9763620639953877	0.7465437788018433
20	0.45156954583667575	1.736080126204622	0.9798212741424042	0.7327188940092166
21	0.4511939720673995	0.7580282438478065	0.9919285096569617	0.7534562211981567
22	0.4509878054909084	1.5436989350346935	0.9838570193139233	0.7004608294930875
23	0.45041651527086896	1.538409466641622	0.9832804842894206	0.7603686635944701
24	0.4501505756378174	0.26148470124622825	0.9982703949264918	0.7511520737327189
25	0.4497034274614774	0.0727623876006932	0.9994234649754973	0.7557603686635944
26	0.4495490480352331	0.02989969417343873	1.0	0.7580645161290323
27	0.44936433008738924	0.01932547244279637	1.0	0.7580645161290323
28	0.4493077130153261	0.013958177479578624	1.0	0.7580645161290323
29	0.4490763346354167	0.010848287252283125	1.0	0.7557603686635944
30	0.4491681668066209	0.008670868733542685	1.0	0.7534562211981567
31	0.4492913782596588	0.007193667420232561	1.0	0.7534562211981567
-1	-1	-1	-1	-1
0	0.5492618083953857	19.906874280457103	0.6536023054755044	0.6566820276497696
1	0.5045309066772461	19.27426306260835	0.6795389048991355	0.619815668202765
2	0.490538756052653	17.960028289654932	0.7063400576368876	0.7327188940092166
3	0.48216772079467773	16.811094047826366	0.7455331412103746	0.7211981566820277
4	0.47413315773010256	16.66782855987549	0.7481268011527378	0.6935483870967742
5	0.46937068303426105	16.164440365012634	0.769164265129683	0.6774193548387096
6	0.4656913961683001	14.529380583981855	0.7844380403458213	0.6981566820276498
7	0.46442651748657227	13.285131117619505	0.807492795389049	0.7188940092165899
8	0.4639744758605957	12.287013307623907	0.8247838616714698	0.7258064516129032
9	0.4634234428405762	11.616884997131628	0.8403458213256484	0.7488479262672811
10	0.46257361498746	10.787054564974724	0.8521613832853026	0.6889400921658986
11	0.4624270002047221	9.232111408076156	0.8740634005763689	0.652073732718894
12	0.4622135345752423	8.08020127585175	0.8913544668587896	0.7373271889400922
13	0.4611061470849173	6.049710499037296	0.9213256484149855	0.7235023041474654
14	0.46066385904947915	5.384858530595762	0.9340057636887608	0.7258064516129032
15	0.45996710658073425	4.3611360810218605	0.9443804034582133	0.7073732718894009
16	0.4592902800616096	4.453825858208018	0.9492795389048991	0.6981566820276498
17	0.45870991547902423	2.8534823983497577	0.9662824207492795	0.6981566820276498
18	0.4591127320339805	1.8536789654796824	0.9795389048991354	0.7027649769585254
19	0.4591969609260559	2.5134044031894534	0.9726224783861671	0.6543778801843319
20	0.45880615143548875	3.283116891159924	0.969164265129683	0.7373271889400922
21	0.45807590267874976	5.221041967835995	0.9452449567723343	0.7119815668202765
22	0.4573572718578836	1.0641595753029398	0.9916426512968299	0.7235023041474654
23	0.4566132624944051	0.29289496250219915	0.9974063400576368	0.7211981566820277
24	0.45590695381164553	0.09144707459853876	1.0	0.7235023041474654
25	0.45524752140045166	0.037597115815899106	1.0	0.728110599078341
26	0.45512347751193577	0.01949128123629601	1.0	0.7211981566820277
27	0.4551219173840114	0.01388699278289371	1.0	0.7188940092165899
28	0.455282318181005	0.010596394405642593	1.0	0.7211981566820277
29	0.4549354791641235	0.008555812471350783	1.0	0.7211981566820277
-1	-1	-1	-1	-1
0	0.5879700183868408	20.047844965523534	0.6574474214923653	0.7344110854503464
1	0.5173566341400146	18.55086225982106	0.6940363007778738	0.6905311778290993
2	0.49437348047892254	17.810266774728756	0.7139152981849611	0.7297921478060047
3	0.48379039764404297	16.958410718025416	0.7378277153558053	0.7297921478060047
4	0.4775981903076172	16.30326812639149	0.7464707577067128	0.7644341801385681
5	0.47443902492523193	15.061028388662075	0.7709593777009507	0.7528868360277137
6	0.471944945199149	14.32989860674657	0.7934312878133103	0.7482678983833718
7	0.4707610011100769	13.170383085898303	0.8104292711034284	0.7321016166281755
8	0.46963591045803493	12.756289893334065	0.819072313454336	0.7274826789838337
9	0.46809117794036864	11.41779294582682	0.8447133390953616	0.7159353348729792
10	0.46743421121077106	9.66972138028626	0.8694900605012964	0.7551963048498845
11	0.46759386857350665	9.951759196202689	0.8617113223854796	0.7020785219399538
12	0.4656973618727464	8.223047744243518	0.8934024776721405	0.6974595842956121
13	0.464759281703404	8.347188855529925	0.8896571593200807	0.7113163972286374
14	0.4634409427642822	6.105642839309272	0.9250936329588015	0.6397228637413395
15	0.46293970942497253	7.288933230102609	0.9095361567271679	0.7159353348729792
16	0.46285141215604897	3.6463655058397064	0.9573609910688562	0.7182448036951501
17	0.46271134747399223	3.467216703323049	0.9576490924805532	0.7413394919168591
18	0.46183129360801295	1.4101420091037904	0.9853068280034573	0.7274826789838337
19	0.46110967397689817	2.700251693777535	0.9714779602420052	0.6997690531177829
20	0.4612182208469936	2.557188128249361	0.9703255545952175	0.7367205542725174
21	0.4612292701547796	3.9529548493820594	0.958225295303947	0.7367205542725174
22	0.4613402097121529	1.1448222450023398	0.9899164505906078	0.7598152424942263
23	0.46114123860994977	0.25927080767209976	0.9988475943532124	0.745958429561201
24	0.4608060073852539	0.1942086417138269	0.9982713915298185	0.7482678983833718
25	0.4607751736274132	0.14175113422343286	0.9994237971766061	0.74364896073903
26	0.46096089151170516	0.03680760538047436	1.0	0.7551963048498845
27	0.4609650032860892	0.020296631714007647	1.0	0.7528868360277137
28	0.46099399698191673	0.01479962666580665	1.0	0.7551963048498845
29	0.46100380420684817	0.011620989015941089	1.0	0.7528868360277137
-1	-1	-1	-1	-1
0	0.5488598346710205	19.82364381125214	0.6715643906655142	0.7321016166281755
1	0.4960108995437622	18.738892629605914	0.6949006050129646	0.6766743648960739
2	0.4788735707600911	17.515524146753712	0.7216940363007779	0.7159353348729792
3	0.4698977470397949	16.569543418534305	0.745606453471622	0.7297921478060047
4	0.4647366523742676	16.18238110498551	0.7620282339383463	0.7551963048498845
5	0.46219293276468915	15.010343166666294	0.7764333045231921	0.7321016166281755
6	0.459709780556815	14.043001511775026	0.8000576202823394	0.7528868360277137
7	0.4578704833984375	13.33838681124766	0.8072601555747623	0.7182448036951501
8	0.45645517773098415	13.02552431439041	0.8110054739268222	0.74364896073903
9	0.4560335397720337	11.676673521689318	0.8366464995678479	0.7228637413394919
10	0.45573280074379663	9.731997048089264	0.8686257562662058	0.6674364896073903
11	0.4547612468401591	9.218106088288334	0.8789974070872947	0.7321016166281755
12	0.4534890284905067	7.836178184649266	0.9014693171996543	0.7066974595842956
13	0.452968886920384	6.379626493935191	0.9216364160184385	0.7575057736720554
14	0.45235966046651205	5.048663537436669	0.9389225007202535	0.7251732101616628
15	0.4519942104816437	4.683384100231556	0.944396427542495	0.74364896073903
16	0.45142726337208466	6.286252057880437	0.9282627484874676	0.7321016166281755
17	0.4507841004265679	2.3185009286491147	0.9737827715355806	0.7413394919168591
18	0.4503359041715923	2.3425498668343647	0.9732065687121867	0.7274826789838337
19	0.4498482823371887	2.0725391934360933	0.9769518870642466	0.7182448036951501
20	0.4497575419289725	0.7639862478907229	0.9922212618841832	0.7274826789838337
21	0.45000742782245984	0.437840136716467	0.9956784788245462	0.7344110854503464
22	0.45013069069903827	0.12579254659507935	0.9991356957649092	0.7367205542725174
23	0.45014219482739765	0.03618220596866887	0.9997118985883031	0.7321016166281755
24	0.45021080017089843	3.018843650465421	0.9662921348314607	0.7159353348729792
25	0.4503915034807645	1.306368979873187	0.9855949294151541	0.7020785219399538
26	0.45046284463670516	0.6749131309996368	0.9925093632958801	0.7159353348729792
27	0.4505268931388855	0.22109055811957962	0.9979832901181216	0.7159353348729792
28	0.4508373572908599	0.09217329174621937	0.9997118985883031	0.7228637413394919
29	0.45112953980763754	0.023775375065812412	1.0	0.7367205542725174
30	0.45136347124653475	0.015148922397302242	1.0	0.7274826789838337
31	0.4515872150659561	0.011213570558455337	1.0	0.7367205542725174
32	0.45150601502620813	0.008816275630816987	1.0	0.7321016166281755
33	0.45164813013637767	0.007357903889171061	1.0	0.7321016166281755
-1	-1	-1	-1	-1
0	0.5347075462341309	20.569730688672546	0.6484149855907781	0.7043879907621247
1	0.4956533908843994	19.201923134130077	0.6829971181556196	0.6905311778290993
2	0.47804927825927734	18.23785951596881	0.7095100864553314	0.7367205542725174
3	0.46964651346206665	16.833895919519826	0.7357348703170029	0.7321016166281755
4	0.46443939208984375	16.255591169409797	0.7556195965417868	0.7321016166281755
5	0.46116530895233154	15.541760357148057	0.7665706051873199	0.745958429561201
6	0.4586934362139021	14.253433776557992	0.799135446685879	0.7413394919168591
7	0.45727941393852234	13.922693484420076	0.7974063400576369	0.7551963048498845
8	0.4561379485660129	12.060265002994363	0.830835734870317	0.7367205542725174
9	0.454938006401062	11.815932068256064	0.8328530259365994	0.74364896073903
10	0.4540407657623291	9.930564145429418	0.8631123919308358	0.7736720554272517
11	0.45333723227183026	10.852146647392063	0.8530259365994236	0.7390300230946882
12	0.4529109367957482	8.030090257662152	0.9020172910662824	0.7551963048498845
13	0.4531876870564052	5.782377632386094	0.9276657060518732	0.7251732101616628
14	0.4525507767995199	5.82287147832573	0.9328530259365995	0.7205542725173211
15	0.45214326679706573	4.7750460390650895	0.9420749279538905	0.7321016166281755
16	0.45172351949355183	3.978205508321797	0.9487031700288184	0.7390300230946882
17	0.45141369766659206	3.164263994868742	0.9677233429394813	0.7344110854503464
18	0.45122659833807693	2.33765122226072	0.9740634005763689	0.7782909930715936
19	0.4512649655342102	2.583039584783239	0.9711815561959655	0.7575057736720554
20	0.45161289260500953	3.201597990382702	0.9651296829971182	0.7505773672055427
21	0.45185240832242096	1.34651581006586	0.9847262247838616	0.7505773672055427
22	0.4518424635348113	0.3568796901151948	0.9979827089337175	0.7575057736720554
23	0.45187750458717346	0.2027088035188547	0.9979827089337175	0.7736720554272517
24	0.4519527530670166	0.11922902496501701	0.9988472622478386	0.74364896073903
25	0.45228947125948393	0.08107038524958791	0.9994236311239193	0.7736720554272517
26	0.45213767334266947	0.02378742609543132	1.0	0.7644341801385681
27	0.451847893851144	0.01394613592515896	1.0	0.7644341801385681
28	0.4519094105424552	0.010336340376070355	1.0	0.7621247113163973
29	0.4522488355636597	0.008224084728422528	1.0	0.7621247113163973
30	0.452552979992282	0.006796780586712075	1.0	0.7575057736720554
31	0.4527493640780449	0.005732963820197806	1.0	0.7598152424942263
32	0.4529540322043679	0.004942885019355603	1.0	0.7598152424942263
33	0.45324518400080066	0.00433642954612044	1.0	0.7598152424942263
34	0.4533984933580671	0.003876812518541589	1.0	0.7575057736720554
35	0.4533120327525669	0.0034144304377275708	1.0	0.7598152424942263
36	0.4533840063455942	0.0030957234385998763	1.0	0.7575057736720554
37	0.45322934577339574	0.002819330820075432	1.0	0.7598152424942263
38	0.4531569603161934	0.002576386423418317	1.0	0.7598152424942263
-1	-1	-1	-1	-1
0	0.5309529304504395	19.509693591966542	0.6742577111559527	0.6566820276497696
1	0.48246145248413086	18.694521107804885	0.700201787258576	0.6820276497695853
2	0.4694374402364095	17.487290259894976	0.735370423753243	0.695852534562212
3	0.46410226821899414	16.998018632241344	0.7434419140962814	0.7119815668202765
4	0.46079578399658205	15.668049624206823	0.7656385125396368	0.6082949308755761
5	0.4589986801147461	15.27247100795081	0.7777457480541943	0.7419354838709677
6	0.4580001490456717	14.24604025893255	0.7961948688382819	0.7419354838709677
7	0.45760321617126465	13.694794121138546	0.8059959642548284	0.7327188940092166
8	0.45735806889004177	12.217001184411005	0.8302104352839434	0.7119815668202765
9	0.45716056823730467	11.047615191258421	0.853271836264053	0.7027649769585254
10	0.4567883881655606	10.39574178643183	0.8633611991928509	0.7119815668202765
11	0.45653754472732544	9.262896793697951	0.8815220524646872	0.7119815668202765
12	0.45558940447293794	6.953373986646669	0.9129432113000865	0.716589861751152
13	0.45551436288016184	7.762025183493938	0.9005477082732776	0.716589861751152
14	0.45492394765218097	5.390971078785188	0.933698472182185	0.7142857142857143
15	0.45468440651893616	3.779355540734912	0.9538771980397809	0.7511520737327189
16	0.4542400135713465	3.4127208565900085	0.957048140674546	0.7350230414746544
17	0.4535948567920261	2.975331657523409	0.9682905736523494	0.7258064516129032
18	0.4531062778673674	2.1631436845578187	0.9809743441914096	0.6981566820276498
19	0.45270968675613404	2.367996665726014	0.9723263188238686	0.7073732718894009
20	0.4528815065111433	0.5025400061741334	0.9965407898529836	0.7211981566820277
21	0.45276599580591376	0.43895625898939206	0.9956759873162294	0.6981566820276498
22	0.4527736850406813	2.30600672540759	0.9783799365811473	0.7004608294930875
23	0.45296825965245563	0.2643069072729062	0.9982703949264918	0.7188940092165899
24	0.4530186653137207	0.2228947405643556	0.9979821274142404	0.7350230414746544
25	0.4530721719448383	0.03608119599745446	1.0	0.7258064516129032
26	0.45306545716744884	0.016366893759877377	1.0	0.7304147465437788
27	0.4529126286506653	0.011541791965409583	1.0	0.7211981566820277
28	0.4527985063092462	0.008951167013696951	1.0	0.7304147465437788
29	0.4527998685836792	0.007263318141158713	1.0	0.7304147465437788
30	0.4526256668952204	0.006043701420913674	1.0	0.7327188940092166
31	0.45283200591802597	0.005216103366473605	1.0	0.7304147465437788
32	0.45283914334846265	0.004514916588759494	1.0	0.7235023041474654
33	0.45294831079595227	0.004005462637864301	1.0	0.7258064516129032
34	0.4529627868107387	0.0035755705360591265	1.0	0.7235023041474654
35	0.45272065533532035	0.00320383825587961	1.0	0.7258064516129032
-1	-1	-1	-1	-1
0	0.5309545993804932	20.07674920668296	0.6468722974920726	0.7027649769585254
1	0.48750925064086914	19.014294790565422	0.6915537618910349	0.7096774193548387
2	0.47600873311360675	17.90156409499842	0.7108676852118766	0.7211981566820277
3	0.4690380096435547	16.98562635194271	0.737676563851254	0.7442396313364056
4	0.4658965587615967	16.383942310963203	0.7529547420005765	0.7419354838709677
5	0.4616469939549764	14.83637028440423	0.7820697607379649	0.7488479262672811
6	0.46362158230372835	14.082927240144222	0.8013836840588066	0.7396313364055299
7	0.4631120264530182	12.719289158462384	0.8163735946958778	0.7373271889400922
8	0.46201030413309735	11.243735536522822	0.850100893629288	0.7373271889400922
9	0.46033320426940916	10.703003822116678	0.8564427788988181	0.7695852534562212
10	0.459452824159102	8.879181931871887	0.8838281925626982	0.7465437788018433
11	0.45899273951848346	9.223386689063606	0.8803689824156817	0.7465437788018433
12	0.45863107534555286	7.402694650746267	0.9089074661285673	0.7511520737327189
13	0.45834730352674213	7.006672114407251	0.9112136062265782	0.7304147465437788
14	0.45753091176350913	4.987771271565639	0.9368694148169501	0.728110599078341
15	0.45708197355270386	3.764092675726348	0.9553185356010377	0.7649769585253456
16	0.45670321408440084	3.040005441105694	0.9651196310175844	0.7649769585253456
17	0.4565476046668159	2.195485542468522	0.9754972614586336	0.7211981566820277
18	0.45573664966382477	3.7873400965825135	0.9576246756990487	0.6682027649769585
19	0.45571465492248536	2.097504759532049	0.9780916690688959	0.7649769585253456
20	0.455927190326509	0.5274567391825925	0.9948111847794754	0.7488479262672811
21	0.4558767188679088	0.7013586249732233	0.9919285096569617	0.7534562211981567
22	0.45596712568531866	0.37109387452167314	0.996829057365235	0.7327188940092166
23	0.4562308390935262	0.06789312537488797	1.0	0.7442396313364056
24	0.45637370109558106	0.020987763106684123	1.0	0.7373271889400922
25	0.4565192461013794	0.012761304490086665	1.0	0.7465437788018433
26	0.45657277990270545	0.00970803354387524	1.0	0.7465437788018433
27	0.45661692108426777	0.007572244526097474	1.0	0.7465437788018433
28	0.45645281364177837	0.0062906173086691	1.0	0.7419354838709677
29	0.4562867800394694	0.005310026015683159	1.0	0.7488479262672811
-1	-1	-1	-1	-1
0	0.5414025783538818	19.57112215199602	0.6618622081291439	0.6451612903225806
1	0.4999772310256958	18.379264962782553	0.7016431248198328	0.716589861751152
2	0.48114744822184247	17.4769280153677	0.7223983857019314	0.7004608294930875
3	0.4712325930595398	17.6852936088492	0.7195157105794177	0.6797235023041475
4	0.46709465980529785	16.762415010994726	0.7454597866820409	0.7142857142857143
5	0.466071089108785	14.87468156464603	0.7742865379071778	0.7511520737327189
6	0.4649444988795689	14.108439191765742	0.7930239262035169	0.728110599078341
7	0.4634071886539459	13.75744279371489	0.8010954165465553	0.716589861751152
8	0.4635898802015517	12.354005192397931	0.8253098875756703	0.7419354838709677
9	0.4634271144866943	10.600082187477602	0.8544249063130586	0.7327188940092166
10	0.4634442546150901	9.579834498396707	0.8731622946093975	0.7304147465437788
11	0.4631376067797343	10.51169010696061	0.8558662438743153	0.7327188940092166
12	0.4625563438122089	7.414013794802744	0.9106370712020755	0.7235023041474654
13	0.46161612442561556	5.831935434986692	0.921879504179879	0.7004608294930875
14	0.46126429239908856	6.717940572751772	0.90948400115307	0.7027649769585254
15	0.4609232544898987	3.900705617228779	0.9527241279907754	0.7396313364055299
16	0.4610132049111759	4.176834696476613	0.9469587777457481	0.7027649769585254
17	0.46065513292948407	3.1213395759600018	0.9616604208705679	0.7096774193548387
18	0.45984472726520736	1.6101355782513498	0.981262611703661	0.663594470046083
19	0.4591225743293762	1.006305933408781	0.9904871720957048	0.6797235023041475
20	0.45834986368815106	2.5541325987342303	0.970308446238109	0.6705069124423964
21	0.45767580379139294	3.1417754365626824	0.9651196310175844	0.6820276497695853
22	0.45745245270107104	0.6414527135320145	0.9936581147304698	0.7073732718894009
23	0.4574096004168193	0.39670665258832205	0.9971173248774863	0.7027649769585254
24	0.45728387832641604	0.06105254604182112	1.0	0.7004608294930875
25	0.4568199927990253	0.03265548181328111	1.0	0.7142857142857143
26	0.45634622044033474	0.02136909536584259	1.0	0.7119815668202765
27	0.4556156482015337	0.015664713539999115	1.0	0.7073732718894009
28	0.4550601942785855	0.0122824329561116	1.0	0.7142857142857143
29	0.4545952161153158	0.009981363756638746	1.0	0.7142857142857143
-1	-1	-1	-1	-1
0	0.5318539142608643	19.61611866294791	0.6745459786682041	0.6866359447004609
1	0.486372709274292	18.345712023043852	0.7027961948688383	0.7027649769585254
2	0.469939390818278	16.996391554491236	0.7278754684347074	0.663594470046083
3	0.4637092351913452	16.769792307407485	0.7371000288267512	0.7119815668202765
4	0.45986080169677734	15.850122359914517	0.7592966272701066	0.7119815668202765
5	0.4572882254918416	14.613720987914899	0.7763044104929374	0.7396313364055299
6	0.45500612258911133	13.78311406363041	0.8036898241568176	0.7396313364055299
7	0.45702996850013733	13.086079015644318	0.8155087921591236	0.7396313364055299
8	0.45794153213500977	12.932998900019795	0.8166618622081292	0.7396313364055299
9	0.4580086231231689	11.433072871024455	0.8411646007494955	0.7304147465437788
10	0.45938658714294434	9.818645255281291	0.8639377342173538	0.7119815668202765
11	0.4590875705083211	9.13535403767857	0.879792447391179	0.7304147465437788
12	0.458831603710468	9.010133539864777	0.8838281925626982	0.7741935483870968
13	0.4589977264404297	6.4859488114304495	0.9161141539348515	0.7442396313364056
14	0.459070364634196	5.531000216072853	0.9325454021331796	0.7235023041474654
15	0.45842136442661285	5.94656131792506	0.9236091092533871	0.7235023041474654
16	0.45783672613256116	3.587326534297488	0.9616604208705679	0.7235023041474654
17	0.4567867914835612	4.198131369067989	0.9541654655520323	0.7235023041474654
18	0.45607634594565943	4.02876818125401	0.9561833381377919	0.7304147465437788
19	0.45610090494155886	1.7195907525649858	0.982127414240415	0.7188940092165899
20	0.4560949688866025	0.9231062484990566	0.9913519746324589	0.716589861751152
21	0.45640541206706653	1.137020426127342	0.9884692995099452	0.7465437788018433
22	0.45626777151356573	5.977376446230423	0.933698472182185	0.7050691244239631
23	0.45587844649950665	1.3946998649780904	0.9870279619486884	0.7235023041474654
24	0.4554655361175537	0.3882243637200616	0.9979821274142404	0.7258064516129032
25	0.4547757552220271	0.16831724094910497	0.9991351974632459	0.7304147465437788
26	0.45450806617736816	0.11508576415154502	0.9994234649754973	0.7350230414746544
27	0.45419956105096	0.05999551510861263	0.9994234649754973	0.728110599078341
28	0.45414677159539585	0.031604654507053624	1.0	0.7258064516129032
29	0.45402984619140624	0.023796248681727934	1.0	0.7235023041474654
30	0.4540903568267822	0.01730543727518717	1.0	0.7235023041474654
31	0.45370756834745407	0.013605588902356188	1.0	0.7258064516129032
32	0.4534451528029008	0.011532524106927951	1.0	0.7258064516129032
-1	-1	-1	-1	-1
0	0.5349681377410889	19.751778865079267	0.6676275583741712	0.663594470046083
1	0.48877692222595215	18.469859718182764	0.7030844623810897	0.663594470046083
2	0.47343603769938153	17.545671139288388	0.7209570481406745	0.6981566820276498
3	0.4691864848136902	16.337217882138873	0.7469011242432978	0.6359447004608295
4	0.4654581069946289	15.519059780540816	0.7745748054194292	0.6866359447004609
5	0.47021230061848956	14.68518553742575	0.7829345632747189	0.7327188940092166
6	0.4660259996141706	13.781649965758717	0.8002306140098011	0.7027649769585254
7	0.4660685956478119	13.418171397042931	0.8057076967425771	0.7350230414746544
8	0.46793580055236816	11.524374931230458	0.8454886134332661	0.7396313364055299
9	0.46747655868530275	10.246969868283752	0.8676852118766215	0.6797235023041475
10	0.4670190160924738	10.705094241221017	0.8521187662150476	0.7142857142857143
11	0.46663814783096313	7.81015601070649	0.9002594407610263	0.7027649769585254
12	0.46576791543226975	6.20634613999533	0.9244739117901413	0.6912442396313364
13	0.46488523483276367	5.79344682409129	0.9296627270106659	0.7027649769585254
14	0.46402626037597655	4.2432031869341476	0.949264917843759	0.695852534562212
15	0.4626952111721039	4.341939312055571	0.949264917843759	0.7073732718894009
16	0.46188975782955394	2.3579892311074317	0.973479388872874	0.6935483870967742
17	0.4613687727186415	2.3309368113175446	0.9740559238973767	0.7004608294930875
18	0.4615115241000527	3.9186042555428426	0.9567598731622946	0.684331797235023
19	0.4614937901496887	0.8722326643081433	0.9916402421447102	0.6981566820276498
20	0.4616540273030599	0.340056529709719	0.9982703949264918	0.6935483870967742
21	0.4617478305643255	1.4967881311500155	0.9829922167771692	0.6405529953917051
22	0.4618299318396527	2.6581965671561725	0.9746324589218796	0.6981566820276498
23	0.4617305099964142	0.17345439779802885	1.0	0.6935483870967742
24	0.4616844367980957	0.05897439894300604	1.0	0.6912442396313364
25	0.4613688542292668	0.028405342232905875	1.0	0.6981566820276498
26	0.46129388279385036	0.019894872777112715	1.0	0.6866359447004609
27	0.46111262696129934	0.014460672481560122	1.0	0.6912442396313364
28	0.46079051083531875	0.011324085297870424	1.0	0.6889400921658986
29	0.4606932242711385	0.009136548075171341	1.0	0.6889400921658986
-1	-1	-1	-1	-1
0	0.5746595859527588	19.904947604608097	0.6612856731046411	0.6981566820276498
1	0.514572262763977	18.895590545934276	0.6921302969155376	0.6820276497695853
2	0.4962366422017415	17.63329488421799	0.7238397232631882	0.7096774193548387
3	0.48615187406539917	16.363685139822305	0.7575670221965984	0.7050691244239631
4	0.4805754661560059	15.951225167020745	0.7693859901989046	0.7235023041474654
5	0.4757171869277954	15.359428003293658	0.7722686653214182	0.7211981566820277
6	0.4722180025918143	14.422834339491818	0.7933121937157682	0.728110599078341
7	0.46970874071121216	13.279444165186051	0.8175266647448832	0.7211981566820277
8	0.46866914961073136	12.046875072181772	0.8255981550879216	0.7188940092165899
9	0.4676051616668701	10.600959247405376	0.8581723839723263	0.6912442396313364
10	0.4668615297837691	10.184820800746254	0.8653790717786105	0.6935483870967742
11	0.46510177850723267	8.45999910962691	0.8939175554914961	0.7027649769585254
12	0.46436423521775466	7.143232366360656	0.9034303833957913	0.7027649769585254
13	0.4635869094303676	5.8588593552965635	0.9299509945229173	0.6589861751152074
14	0.4622469584147135	4.697393456183442	0.9414816950129721	0.7096774193548387
15	0.46116290986537933	3.258009353362092	0.960219083309311	0.7004608294930875
16	0.4603525610531078	3.589309190938232	0.9628134909195734	0.6866359447004609
17	0.45982886685265434	2.2331402855455327	0.975785528970885	0.728110599078341
18	0.45906179829647664	2.6565264886535638	0.9743441914096281	0.6889400921658986
19	0.45844321250915526	2.649879807999375	0.9705967137503604	0.695852534562212
20	0.4577085404168992	0.6939215747588271	0.9933698472182185	0.6797235023041475
21	0.4577357227152044	1.1401470224415764	0.9876044969731911	0.7096774193548387
22	0.45765172916909924	0.888348195821457	0.9942346497549727	0.6774193548387096
23	0.45752158761024475	0.09964709631979056	0.9997117324877486	0.6912442396313364
24	0.45737833976745607	0.024583003603332085	1.0	0.6889400921658986
25	0.4575086006751427	0.015608221282883453	1.0	0.6912442396313364
26	0.4573666254679362	0.011340329639822962	1.0	0.6889400921658986
27	0.45740059443882536	0.008943973389083579	1.0	0.6912442396313364
28	0.4573911140704977	0.007276278715943833	1.0	0.6889400921658986
29	0.45725369453430176	0.006120824048385332	1.0	0.6866359447004609
-1	-1	-1	-1	-1
0	0.5437057018280029	19.4106406640569	0.6726224783861672	0.6797235023041475
1	0.4992244243621826	18.478407934171344	0.7069164265129683	0.7027649769585254
2	0.48447155952453613	17.02133102154513	0.7389048991354467	0.6221198156682027
3	0.47734153270721436	17.263093200298623	0.7276657060518732	0.6612903225806451
4	0.4708110332489014	15.484694380278981	0.7636887608069164	0.7142857142857143
5	0.46732576688130695	15.018868857567464	0.769164265129683	0.7235023041474654
6	0.47887914521353586	13.89688490071428	0.799135446685879	0.7119815668202765
7	0.47475963830947876	12.65642125453424	0.815850144092219	0.7073732718894009
8	0.47189540333218044	11.904277438417488	0.8314121037463977	0.7142857142857143
9	0.4699469327926636	11.00900093131109	0.8561959654178675	0.6497695852534562
10	0.46781119433316315	10.658727468700583	0.8538904899135447	0.728110599078341
11	0.46585031350453693	8.98020572618607	0.8818443804034583	0.7327188940092166
12	0.4643600353827843	7.026679805659373	0.9161383285302593	0.6682027649769585
13	0.46322100503104074	7.851078743781518	0.9034582132564841	0.7350230414746544
14	0.46209672292073567	4.9762708030709435	0.9406340057636887	0.7027649769585254
15	0.4607342481613159	5.165973162432329	0.9357348703170029	0.7050691244239631
16	0.46079008719500375	4.29368550651664	0.9487031700288184	0.7050691244239631
17	0.45999307102627224	2.3398936587052606	0.9752161383285303	0.6981566820276498
18	0.4588952440964548	3.26222462104548	0.961671469740634	0.6889400921658986
19	0.4581238150596619	2.5833054037269103	0.9703170028818444	0.7304147465437788
20	0.4575418744768415	1.7467331674052489	0.9829971181556196	0.6981566820276498
21	0.4571459943597967	0.6483404645354512	0.9948126801152738	0.7258064516129032
22	0.45684137551680853	0.22682300232427724	0.999135446685879	0.7211981566820277
23	0.4566372533639272	0.09358092316394563	0.9997118155619596	0.7235023041474654
24	0.45657748222351074	0.03711049448631473	1.0	0.7211981566820277
25	0.4566576939362746	0.02327458758426215	1.0	0.7211981566820277
26	0.45659165029172544	0.01572226715059748	1.0	0.7188940092165899
27	0.45674656118665424	0.011125251493809761	1.0	0.728110599078341
28	0.4562148554571744	0.009248912993683949	1.0	0.7235023041474654
29	0.45594518184661864	0.007411194083784438	1.0	0.7188940092165899
30	0.45572423934936523	0.006327390839925694	1.0	0.7211981566820277
31	0.45544852316379547	0.00541200439115653	1.0	0.7211981566820277
32	0.45538421833153925	0.004658060576638565	1.0	0.7235023041474654
33	0.4551746915368473	0.0041830796899626176	1.0	0.7258064516129032
-1	-1	-1	-1	-1
0	0.5273656845092773	19.787109987451394	0.6692595793719389	0.6882217090069284
1	0.48249340057373047	18.338957856554504	0.7029674445404782	0.6859122401847575
2	0.4867800871531169	17.706186408296638	0.7167963123019303	0.6928406466512702
3	0.47861409187316895	17.024037308649184	0.7337942955920485	0.6928406466512702
4	0.47342376708984374	16.45397709487775	0.7556900028810141	0.7066974595842956
5	0.4710365931193034	14.519993213338589	0.7882454624027658	0.6859122401847575
6	0.4682310308728899	14.113656485846283	0.801210025929127	0.6789838337182448
7	0.46527519822120667	13.419400495126707	0.8133102852203976	0.6697459584295612
8	0.4647707939147949	12.037032849198088	0.8323249783923942	0.6836027713625866
9	0.4629132032394409	10.5923624760514	0.8516277729760876	0.6997690531177829
10	0.46082139015197754	9.894444246904566	0.8686257562662058	0.6720554272517321
11	0.4587659438451131	9.66027666231908	0.8694900605012964	0.6882217090069284
12	0.4572287156031682	7.333452784687007	0.9034860270815327	0.7136258660508084
13	0.45555213519505094	6.339167991909412	0.9204840103716508	0.6859122401847575
14	0.45407629013061523	5.027707562534087	0.9412273120138289	0.6836027713625866
15	0.45263998210430145	4.145862101141466	0.9510227600115241	0.6720554272517321
16	0.4515519562889548	5.747651432905722	0.9311437626044368	0.7113163972286374
17	0.4507291316986084	2.814438464034588	0.9706136560069144	0.6997690531177829
18	0.45042645303826584	2.7115302897921394	0.9697493517718236	0.6905311778290993
19	0.4494677782058716	1.6522276290102835	0.982713915298185	0.6997690531177829
20	0.4489130292619978	3.185270733037673	0.9671564390665515	0.6859122401847575
21	0.44858679988167505	1.5167322576797884	0.9855949294151541	0.6836027713625866
22	0.44860413800115173	0.3280707343199521	0.9974070872947277	0.6882217090069284
23	0.44924692312876385	0.15505479580248543	0.9985594929415154	0.7020785219399538
24	0.4488826274871826	0.06659425477125605	0.9997118985883031	0.6951501154734411
25	0.44860528065608096	0.029610449003660198	1.0	0.6974595842956121
26	0.44815590646531844	0.016132363722736544	1.0	0.6951501154734411
27	0.44789027316229685	0.01182612603468342	1.0	0.6974595842956121
28	0.4481857151820742	0.009156234666262968	1.0	0.6974595842956121
29	0.4479159037272135	0.007542084524976175	1.0	0.6928406466512702
30	0.44815526470061273	0.006294352521771702	1.0	0.6951501154734411
31	0.4482594057917595	0.005374955712920941	1.0	0.6951501154734411
32	0.4483297954906117	0.004672747646851482	1.0	0.6951501154734411
-1	-1	-1	-1	-1
0	0.5311875343322754	19.80609998790496	0.6649380581964852	0.6789838337182448
1	0.490720272064209	19.23380387157475	0.6790550273696341	0.6997690531177829
2	0.47586623827616376	17.877777344589934	0.7193892250072025	0.7274826789838337
3	0.4705309271812439	17.161309876573196	0.7320656871218669	0.7321016166281755
4	0.4673624515533447	16.446579408208166	0.7412849322961682	0.7297921478060047
5	0.46548410256703693	15.50782357662096	0.776721405934889	0.6605080831408776
6	0.46394222123282297	14.289913168740929	0.7942955920484011	0.7136258660508084
7	0.4614822268486023	13.748897972456906	0.7919907807548257	0.7159353348729792
8	0.45914530754089355	12.269280066183947	0.829443964275425	0.6997690531177829
9	0.45778186321258546	11.71898100354256	0.8285796600403342	0.6974595842956121
10	0.4572419253262607	9.989476429213077	0.864016133679055	0.7090069284064665
11	0.45648737748463947	10.19619781817865	0.8625756266205704	0.7159353348729792
12	0.4556383536412166	8.315102922807046	0.8922500720253529	0.6974595842956121
13	0.45489728450775146	8.193101012378659	0.8959953903774128	0.6974595842956121
14	0.45375396410624186	6.268782505201637	0.9216364160184385	0.7113163972286374
15	0.45260293781757355	4.795325227833669	0.9400749063670412	0.7274826789838337
16	0.4522384895997889	4.018577872613155	0.9521751656583117	0.7090069284064665
17	0.4519241253534953	3.2840207143934497	0.9611063094209161	0.7113163972286374
18	0.4524595988424201	4.2271960281997645	0.951310861423221	0.7066974595842956
19	0.4517565965652466	2.150361903011799	0.975799481417459	0.7066974595842956
20	0.4513084207262312	3.201476842916887	0.9631230193027945	0.7251732101616628
21	0.4511181657964533	0.618341712845028	0.9948141745894555	0.6974595842956121
22	0.45092482152192487	0.17235016118448843	0.9994237971766061	0.6997690531177829
23	0.450985312461853	0.07439885848765732	0.9997118985883031	0.7066974595842956
24	0.4506809997558594	0.031085996641328884	1.0	0.6974595842956121
25	0.450250139603248	0.018254802822495315	1.0	0.7020785219399538
26	0.4500384242446334	0.01397131807827647	1.0	0.7020785219399538
27	0.4496964045933315	0.010393204020631047	1.0	0.7043879907621247
28	0.44923984593358535	0.008277945742804082	1.0	0.7066974595842956
29	0.4493034601211548	0.006902712941906146	1.0	0.7066974595842956
-1	-1	-1	-1	-1
0	0.5311729907989502	19.50387954711914	0.6714697406340058	0.6812933025404158
1	0.4867863655090332	18.093753438477123	0.7141210374639769	0.6766743648960739
2	0.47371435165405273	17.461284637451172	0.7293948126801153	0.7113163972286374
3	0.46841752529144287	16.04402859714053	0.7527377521613833	0.6836027713625866
4	0.4661846160888672	16.156720441415768	0.7463976945244957	0.7274826789838337
5	0.46583231290181476	14.098194424165499	0.7922190201729107	0.7251732101616628
6	0.46434647696358816	14.501504849950107	0.7962536023054755	0.7344110854503464
7	0.4639149308204651	12.929415444715307	0.8146974063400576	0.7274826789838337
8	0.4637601375579834	12.0160190599774	0.8345821325648415	0.6951501154734411
9	0.46357972621917726	10.846961323274385	0.8487031700288185	0.7090069284064665
10	0.46693832224065607	10.06485454751811	0.8700288184438041	0.7066974595842956
11	0.4660182197888692	8.595274984289746	0.8855907780979827	0.6997690531177829
12	0.4677825157458966	8.351826616383473	0.8913544668587896	0.6928406466512702
13	0.4672461066927229	5.727861623151587	0.9291066282420749	0.7251732101616628
14	0.46677699089050295	5.472705604833201	0.9334293948126802	0.6789838337182448
15	0.46604764461517334	4.929496820366711	0.9414985590778098	0.7020785219399538
16	0.46536580254049864	3.3824014909770512	0.9613832853025936	0.6928406466512702
17	0.4653783109452989	2.8385682628584017	0.9700288184438041	0.6974595842956121
18	0.46490241351880524	2.2432075941918095	0.9789625360230547	0.6928406466512702
19	0.4647164225578308	2.351697441498074	0.9752161383285303	0.6928406466512702
20	0.46436357498168945	1.7874400041518954	0.9835734870317003	0.7159353348729792
21	0.46384644508361816	2.256393423799528	0.9769452449567724	0.7182448036951501
22	0.4634539562722911	1.3484341010724732	0.9876080691642651	0.7020785219399538
23	0.46364567677179974	0.2873339514512945	0.9979827089337175	0.7251732101616628
24	0.4633924102783203	0.06760352281340902	1.0	0.7136258660508084
25	0.46336854421175444	0.026642217237818473	1.0	0.7159353348729792
26	0.46359229970861365	0.0175852889140081	1.0	0.7205542725173211
27	0.46324993882860455	0.01331175389911108	1.0	0.7159353348729792
28	0.4635871196615285	0.010358206712568195	1.0	0.7182448036951501
29	0.46287500063578285	0.008504722818626527	1.0	0.7182448036951501
-1	-1	-1	-1	-1
0	0.5380551815032959	19.957233936414806	0.662727010665898	0.6658986175115207
1	0.49722957611083984	19.347989191702748	0.682329201498991	0.6405529953917051
2	0.47908703486124676	17.56471844331934	0.7163447679446526	0.684331797235023
3	0.4726523756980896	16.951001744751537	0.7324877486307293	0.6889400921658986
4	0.468247652053833	16.176965122922844	0.7526664744883251	0.6451612903225806
5	0.4656455119450887	15.775783394454816	0.7624675699048717	0.684331797235023
6	0.4638300623212542	14.653696637634837	0.777457480541943	0.6797235023041475
7	0.46294519305229187	13.168812279307515	0.8094551744018449	0.6866359447004609
8	0.4607091744740804	12.432011096849354	0.831363505332949	0.7142857142857143
9	0.45957026481628416	11.218652994260875	0.8449120784087634	0.6658986175115207
10	0.4585069092837247	10.826030228116096	0.850100893629288	0.6981566820276498
11	0.4587443272272746	8.797569618312592	0.8844047275872009	0.6866359447004609
12	0.4597479746891902	7.01166203918807	0.9129432113000865	0.6405529953917051
13	0.4593832492828369	7.068735408126761	0.9126549437878351	0.684331797235023
14	0.4589112122853597	4.8857128499844755	0.9388872874027098	0.6105990783410138
15	0.4592513293027878	4.457286514546893	0.9446526376477371	0.6405529953917051
16	0.459215851391063	4.1820529767679515	0.9535889305275296	0.6658986175115207
17	0.4590151574876573	2.548914323227668	0.9723263188238686	0.6405529953917051
18	0.45894181100945725	3.951250331664304	0.9527241279907754	0.6889400921658986
19	0.45904223918914794	1.2117070305511493	0.9855866243874315	0.6728110599078341
20	0.4590150401705787	1.221177869262772	0.9890458345344479	0.6405529953917051
21	0.4587945504622026	1.2014543069611996	0.9870279619486884	0.6474654377880185
22	0.45851645262345025	0.4374004212643849	0.9950994522917267	0.6543778801843319
23	0.45828869938850403	0.27688513896983424	0.9979821274142404	0.6682027649769585
24	0.457637939453125	0.7033431720877186	0.9948111847794754	0.6658986175115207
25	0.45708147379068226	1.0844369710790456	0.9881810319976939	0.631336405529954
26	0.45697213102270057	1.692788922014313	0.9809743441914096	0.652073732718894
27	0.45669745547430857	0.3160451067432146	0.9974055923897377	0.6474654377880185
28	0.45598659844234074	0.7108768476878182	0.9953877198039781	0.6382488479262672
29	0.45548691749572756	0.4546650617320407	0.9959642548284808	0.695852534562212
-1	-1	-1	-1	-1
0	0.5340290069580078	19.901089825761428	0.6506197751513404	0.7327188940092166
1	0.5060813426971436	18.741283224263324	0.6909772268665322	0.7142857142857143
2	0.4848634401957194	17.813289384229467	0.7085615451138657	0.6451612903225806
3	0.4763789176940918	17.636529476270763	0.7125972902853849	0.6935483870967742
4	0.4716899871826172	16.164307113087506	0.7569904871720957	0.7557603686635944
5	0.4683738152186076	14.948073649625165	0.777457480541943	0.7142857142857143
6	0.46583567346845356	14.97769732650267	0.7812049582012107	0.7096774193548387
7	0.46478545665740967	14.278053244319532	0.7823580282502162	0.7788018433179723
8	0.4622938368055556	13.31224919896607	0.8146439896223696	0.7027649769585254
9	0.4617647647857666	11.091886327901017	0.8443355433842606	0.7073732718894009
10	0.46136110479181464	11.068200905388649	0.8457768809455174	0.7327188940092166
11	0.46125827232996625	9.295647533661729	0.8751801671951571	0.6981566820276498
12	0.4613452691298265	8.579579243966199	0.8872874027097146	0.7304147465437788
13	0.459830709866115	7.47613185042635	0.9034303833957913	0.7027649769585254
14	0.4595279057820638	5.7973905309624625	0.9262035168636494	0.7327188940092166
15	0.45962440967559814	3.958305887946295	0.9533006630152782	0.695852534562212
16	0.4588002036599552	4.60265194549473	0.9484001153070049	0.7442396313364056
17	0.45818354023827446	2.775555749005134	0.9671375036033439	0.7488479262672811
18	0.45768062691939504	3.2157498719768784	0.9628134909195734	0.7396313364055299
19	0.45729639530181887	1.880711435656482	0.9806860766791583	0.7235023041474654
20	0.45709967613220215	1.783714303661377	0.9815508792159123	0.716589861751152
21	0.45720116658644244	1.41374389504279	0.9847218218506775	0.7396313364055299
22	0.4573123766028363	0.45550719402845813	0.9956759873162294	0.7557603686635944
23	0.45684362451235455	0.1330717175348807	0.9994234649754973	0.7488479262672811
24	0.45691598892211915	0.05014947040696466	0.9997117324877486	0.7419354838709677
25	0.45673916890070987	0.02435622727733379	0.9997117324877486	0.7396313364055299
26	0.45642009487858526	0.017637333384375387	1.0	0.7557603686635944
27	0.45614026273999897	0.01198068175410399	1.0	0.7534562211981567
28	0.45646896855584507	0.008570513015969682	1.0	0.7557603686635944
29	0.45671611626942954	0.007150554852185017	1.0	0.7534562211981567
-1	-1	-1	-1	-1
0	0.550513744354248	20.618698211984896	0.6514845776880945	0.7211981566820277
1	0.4990997314453125	19.123554540336677	0.6831940040357452	0.6797235023041475
2	0.4819624423980713	17.89035629132472	0.7036609974055924	0.695852534562212
3	0.4729980230331421	17.06384538947989	0.7411357739982704	0.728110599078341
4	0.46806955337524414	15.99707746068272	0.7546843470740847	0.7419354838709677
5	0.4653714100519816	15.48754977961199	0.7699625252234074	0.728110599078341
6	0.463292053767613	14.008315064491482	0.7933121937157682	0.716589861751152
7	0.4625702500343323	13.717130429154142	0.8054194292303257	0.7258064516129032
8	0.46206990877787274	12.436788659576976	0.8264629576246757	0.7626728110599078
9	0.46084022521972656	11.771167300163059	0.8356875180167195	0.7027649769585254
10	0.4603843688964844	10.194311568496424	0.8575958489478236	0.7327188940092166
11	0.461844543615977	9.110411744598949	0.8838281925626982	0.7188940092165899
12	0.4621318303621732	9.14583738572007	0.8780628423176708	0.7142857142857143
13	0.46214418751852854	6.555955833798155	0.9201498991063707	0.7534562211981567
14	0.46183137893676757	4.623655703089653	0.943787835110983	0.6797235023041475
15	0.4614323377609253	4.780615657294562	0.943787835110983	0.7050691244239631
16	0.4610714351429659	4.026605361577021	0.9538771980397809	0.7235023041474654
17	0.4606073829862807	5.472869804624571	0.936004612280196	0.7396313364055299
18	0.460346447794061	2.5141024901232587	0.9705967137503604	0.7419354838709677
19	0.45999678373336794	1.5566175842503889	0.984433554338426	0.7373271889400922
20	0.45947342827206566	1.0350670630471148	0.9893341020466994	0.7350230414746544
21	0.459213061766191	2.438791631609885	0.9729028538483713	0.7419354838709677
22	0.4587403898653777	0.8943972595787923	0.9919285096569617	0.7465437788018433
23	0.4581962426503499	0.7206901399282004	0.9930815797059671	0.7350230414746544
24	0.45780363082885744	0.17247034865645094	0.9985586624387431	0.7327188940092166
25	0.45762948806469256	0.041585070782217175	1.0	0.7442396313364056
26	0.45734930921483924	0.017674663688596593	1.0	0.7511520737327189
27	0.45689007214137484	0.011886709199902182	1.0	0.7511520737327189
28	0.45633078443592995	0.00899494769404922	1.0	0.7488479262672811
29	0.45600808461507164	0.007194582517354946	1.0	0.7488479262672811
-1	-1	-1	-1	-1
0	0.598975658416748	19.949112752161987	0.6644566157394062	0.7235023041474654
1	0.525765061378479	18.970121838630885	0.6840588065724993	0.7235023041474654
2	0.49868496259053546	17.51125536052459	0.7272989334102047	0.7004608294930875
3	0.48557543754577637	17.14565414026243	0.729893341020467	0.7488479262672811
4	0.47698655128479006	15.935249866695578	0.7624675699048717	0.7442396313364056
5	0.4724152485529582	15.158855094822174	0.7748630729316806	0.7327188940092166
6	0.4699462481907436	14.41342023097047	0.7875468434707409	0.7096774193548387
7	0.4693987965583801	12.761990468436425	0.8114730469876045	0.7488479262672811
8	0.4683016935984294	11.911152627489983	0.8310752378206976	0.7188940092165899
9	0.46692421436309817	11.422218128081855	0.8405880657249928	0.7211981566820277
10	0.46569028767672455	9.823007591273807	0.8656673392908619	0.7211981566820277
11	0.46516168117523193	8.466260813791818	0.8832516575381955	0.7258064516129032
12	0.46451451228215146	7.069872921759929	0.9106370712020755	0.7258064516129032
13	0.46410504409245085	6.10151455052402	0.9233208417411358	0.7304147465437788
14	0.46362125078837074	5.18092929606044	0.9377342173537042	0.7396313364055299
15	0.4625571072101593	3.8372056577183784	0.9484001153070049	0.7050691244239631
16	0.4624035077936509	2.4480356014923217	0.9685788411646008	0.7235023041474654
17	0.46223562293582493	4.139186381131684	0.95157105794177	0.7211981566820277
18	0.4624316064934981	2.1180941533604893	0.9786682040933987	0.716589861751152
19	0.4626482009887695	1.4766835736435489	0.9861631594119342	0.7096774193548387
20	0.4629588467734201	2.790728296982039	0.9711732487748631	0.7050691244239631
21	0.4627812017094005	0.8440159871627432	0.9904871720957048	0.7258064516129032
22	0.4622949102650518	1.0856553712270196	0.9887575670221966	0.7073732718894009
23	0.46215781569480896	0.3155022302574111	0.9985586624387431	0.7258064516129032
24	0.46157461166381836	1.4419662088130114	0.986739694436437	0.7073732718894009
25	0.46137461295494664	0.3020423830234779	0.9982703949264918	0.7188940092165899
26	0.4610217677222358	0.05484680453776766	1.0	0.7258064516129032
27	0.4608845625604902	0.02417864135857415	1.0	0.7258064516129032
28	0.4607486313787	0.01493447829465651	1.0	0.7211981566820277
29	0.4604353348414103	0.011063329154815645	1.0	0.7211981566820277
-1	-1	-1	-1	-1
0	0.5260837078094482	19.705283952415535	0.6609974055923897	0.6082949308755761
1	0.48405957221984863	18.758172643294028	0.6929950994522918	0.7027649769585254
2	0.4696536858876546	17.49070913419811	0.7218218506774287	0.6981566820276498
3	0.4632986783981323	17.61456359198334	0.7215335831651772	0.6820276497695853
4	0.46065311431884765	15.953150679212097	0.7555491496108389	0.7465437788018433
5	0.4572675625483195	15.43571092010638	0.7745748054194292	0.7419354838709677
6	0.45686023575919016	14.699613776775674	0.7863937734217353	0.7211981566820277
7	0.4555313289165497	13.858120655794757	0.801671951571058	0.7096774193548387
8	0.4536183675130208	12.464818363889641	0.8253098875756703	0.7258064516129032
9	0.4534586429595947	11.285489900396504	0.8440472758720092	0.7327188940092166
10	0.453141450881958	10.614755061788296	0.8486595560680311	0.7534562211981567
11	0.4524761438369751	9.75295901298523	0.8676852118766215	0.7142857142857143
12	0.4521431556114784	9.147456803453078	0.8771980397809167	0.7465437788018433
13	0.45134988852909635	7.1290975535681484	0.9083309311040646	0.7235023041474654
14	0.4503920555114746	5.4791871309280396	0.9290861919861632	0.7027649769585254
15	0.4499122053384781	4.504043504732464	0.946093975208994	0.7119815668202765
16	0.4499480303596048	4.482275226794251	0.9489766503315077	0.7142857142857143
17	0.44954224427541095	3.0122621406655794	0.9694436437013548	0.6866359447004609
18	0.4488223853864168	6.3725828987742785	0.9262035168636494	0.7350230414746544
19	0.448225212097168	1.4227040831785682	0.9855866243874315	0.7211981566820277
20	0.44790359905787874	1.0723999131710158	0.9884692995099452	0.7373271889400922
21	0.4478354128924283	2.475230432807579	0.9763620639953877	0.7442396313364056
22	0.44763688419176184	0.5714472988705843	0.9939463822427212	0.7396313364055299
23	0.4477887650330861	0.09747104003700778	1.0	0.7373271889400922
24	0.4481579113006592	0.03427003278640535	1.0	0.7373271889400922
25	0.4483990027354314	0.019517733191071644	1.0	0.7396313364055299
26	0.4485948615603977	0.013783187062881135	1.0	0.7373271889400922
27	0.44913820709500996	0.010659166043538839	1.0	0.7350230414746544
28	0.4495833659994191	0.00844704295981701	1.0	0.7350230414746544
29	0.44975481033325193	0.006974860813272177	1.0	0.7327188940092166
30	0.4499428887521067	0.005909244934285974	1.0	0.7350230414746544
-1	-1	-1	-1	-1
0	0.5969643592834473	19.82049947266185	0.6705102334966849	0.7096774193548387
1	0.531524658203125	18.580288685789895	0.6970308446238109	0.7304147465437788
2	0.5066943963368734	17.74042837335429	0.7232631882386855	0.6751152073732719
3	0.489163339138031	16.849407029808113	0.7365234938022485	0.7073732718894009
4	0.48072404861450196	16.314988739993595	0.7471893917555491	0.7534562211981567
5	0.47340889771779376	15.492626861694756	0.7786105505909484	0.7373271889400922
6	0.46848065512520926	14.233913220396829	0.7927356586912655	0.7258064516129032
7	0.4653053879737854	13.14298021246534	0.8172383972326319	0.7050691244239631
8	0.464798026614719	12.584643718299516	0.829057365234938	0.7258064516129032
9	0.46334047317504884	11.592732958837386	0.8440472758720092	0.7488479262672811
10	0.4615461826324463	10.944638602230526	0.8437590083597578	0.7442396313364056
11	0.4599757393201192	8.86253351902743	0.8835399250504468	0.7511520737327189
12	0.46083884972792405	7.927429636684033	0.8947823580282502	0.6705069124423964
13	0.45971386773245676	7.696091767844804	0.9051599884692995	0.7534562211981567
14	0.45839462280273435	5.999711484537212	0.9221677716921303	0.7235023041474654
15	0.45782455801963806	5.690896207449633	0.93052752954742	0.7235023041474654
16	0.45798586396610036	3.3635722715920267	0.9636782934563275	0.6774193548387096
17	0.45762140221065944	3.261322165301087	0.962525223407322	0.7396313364055299
18	0.45851472804420873	2.347384741820327	0.9717497837993658	0.6912442396313364
19	0.4589668869972229	2.34956345843886	0.9731911213606227	0.7235023041474654
20	0.45897659801301505	1.0042986316273177	0.9887575670221966	0.7396313364055299
21	0.45887264338406647	0.9397133113047399	0.9919285096569617	0.7373271889400922
22	0.4585519355276357	1.8853043657001278	0.9801095416546555	0.7258064516129032
23	0.45823636651039124	0.46163076336000014	0.9956759873162294	0.7327188940092166
24	0.4580343055725098	1.726403068449912	0.9855866243874315	0.7211981566820277
25	0.4576407212477464	2.104909918403441	0.9754972614586336	0.7327188940092166
26	0.4575707824141891	0.6395230106667641	0.994522917267224	0.7442396313364056
27	0.45766998188836233	0.12399850787975134	0.9994234649754973	0.7373271889400922
28	0.45721960067749023	0.04218456707894802	1.0	0.7488479262672811
29	0.4567374388376872	0.025538389695970633	1.0	0.7442396313364056
-1	-1	-1	-1	-1
0	0.5388815402984619	19.6966979787984	0.6657060518731989	0.7027649769585254
1	0.49304258823394775	19.177973292289526	0.6873198847262247	0.6981566820276498
2	0.4750385284423828	17.955234335103167	0.7184438040345821	0.716589861751152
3	0.47280144691467285	17.02277480571642	0.7337175792507205	0.7304147465437788
4	0.47035627365112304	15.67516728716159	0.7642651296829971	0.716589861751152
5	0.46800843874613446	14.961999131998885	0.7824207492795389	0.7258064516129032
6	0.4649472917829241	14.319045714282115	0.7870317002881845	0.7442396313364056
7	0.4643869698047638	13.792322445353237	0.7976945244956772	0.7073732718894009
8	0.46357350879245335	13.282281385649235	0.8097982708933718	0.6566820276497696
9	0.4614102840423584	12.03641870918624	0.8345821325648415	0.7350230414746544
10	0.4603433609008789	10.329786930609187	0.8610951008645533	0.7442396313364056
11	0.4586306611696879	9.306407580681897	0.8789625360230547	0.7373271889400922
12	0.4573983595921443	7.516846446815981	0.9011527377521614	0.7188940092165899
13	0.45629567759377615	8.341969763467072	0.8910662824207493	0.7557603686635944
14	0.4558828353881836	5.239070996231989	0.9340057636887608	0.7442396313364056
15	0.4550647437572479	4.287987738027486	0.9484149855907781	0.7073732718894009
16	0.4544228946461397	4.333197458074727	0.9484149855907781	0.7350230414746544
17	0.4536940786573622	3.0747964475133003	0.9636887608069165	0.7396313364055299
18	0.45344916142915426	3.0117277347166604	0.9628242074927954	0.7488479262672811
19	0.4535413861274719	1.2253186667184217	0.9870317002881844	0.728110599078341
20	0.4532354899815151	0.5501239671192448	0.9951008645533141	0.7488479262672811
21	0.452987475828691	1.5610268835251757	0.9829971181556196	0.7188940092165899
22	0.45258057635763416	0.8701247646379362	0.9896253602305476	0.7004608294930875
23	0.45220757524172467	0.9490302393315445	0.9893371757925072	0.7119815668202765
24	0.4519149208068848	1.326942817004688	0.985878962536023	0.7211981566820277
25	0.4515323180418748	0.3488177316887582	0.9974063400576368	0.7188940092165899
26	0.45114632889076517	0.07667545429772672	0.9997118155619596	0.7258064516129032
27	0.45111500365393503	0.024630607654492227	1.0	0.7235023041474654
28	0.45093043097134294	0.013642888461851617	1.0	0.7211981566820277
29	0.4506542205810547	0.010044887430321477	1.0	0.7211981566820277
30	0.4503360102253576	0.008143352768974007	1.0	0.7211981566820277
31	0.44991982728242874	0.006603659354051502	1.0	0.7258064516129032
32	0.4495205084482829	0.005546628276158259	1.0	0.7188940092165899
33	0.4493839600506951	0.004805242904627999	1.0	0.7235023041474654
-1	-1	-1	-1	-1
0	0.5819418430328369	19.6408730078181	0.6707000864304236	0.7159353348729792
1	0.5111631155014038	19.0871489201117	0.6871218668971478	0.6928406466512702
2	0.48571030298868817	17.34531879425049	0.728320368769807	0.6535796766743649
3	0.4741872549057007	16.78000372265457	0.7479112647651973	0.7182448036951501
4	0.4673595905303955	15.630775176057028	0.7675021607605877	0.7159353348729792
5	0.46236173311869305	14.930844079463855	0.7798905214635552	0.7066974595842956
6	0.4590907096862793	13.8901396585167	0.8029386343993086	0.6812933025404158
7	0.45664453506469727	13.697212136119877	0.8061077499279746	0.6997690531177829
8	0.4546457661522759	11.3205927293235	0.8398156150965139	0.7182448036951501
9	0.45333940982818605	10.910909945811701	0.8542206856813599	0.6836027713625866
10	0.4520902850411155	11.028656959533691	0.850187265917603	0.6928406466512702
11	0.45131311813990277	9.41587527520066	0.8821665226159608	0.6651270207852193
12	0.45203981032738316	7.789258061199013	0.8936905790838375	0.7228637413394919
13	0.4514557123184204	8.61911260534864	0.8853356381446269	0.7205542725173211
14	0.4510558446248372	5.639179216612369	0.9245174301354077	0.6882217090069284
15	0.4512300342321396	4.358987219289902	0.9467012388360703	0.7043879907621247
16	0.4506997501148897	2.9828229653179097	0.9654278305963699	0.6859122401847575
17	0.4509953127966987	2.8472344608755287	0.9668683376548545	0.6697459584295612
18	0.4510990443982576	3.4919005477920586	0.9596658023624316	0.7020785219399538
19	0.4506231307983398	1.2744454388771582	0.9855949294151541	0.6928406466512702
20	0.4501992974962507	3.4819715014838297	0.9567847882454624	0.6812933025404158
21	0.44976757873188367	0.5150250558818289	0.996542783059637	0.6974595842956121
22	0.44914959824603534	0.18606365312194162	0.9982713915298185	0.6951501154734411
23	0.4487425982952118	0.06589411846105728	1.0	0.6882217090069284
24	0.44828712463378906	0.022291409575967536	1.0	0.6836027713625866
25	0.44798838175260103	0.01408432217404554	1.0	0.6905311778290993
26	0.44795588210777	0.010196758529898677	1.0	0.6882217090069284
27	0.4477162275995527	0.008060354276436355	1.0	0.6882217090069284
28	0.4478744967230435	0.006476763069550635	1.0	0.6859122401847575
29	0.44809675216674805	0.005440120162189204	1.0	0.6882217090069284
30	0.4484329531269689	0.004664996016632826	1.0	0.6905311778290993
31	0.44872863590717316	0.004035971371562181	1.0	0.6882217090069284
32	0.44836688764167554	0.003568682520222581	1.0	0.6882217090069284
-1	-1	-1	-1	-1
0	0.5461714267730713	19.453121880872533	0.6695476807836358	0.674364896073903
1	0.49451327323913574	18.98081023977437	0.6807836358398156	0.6697459584295612
2	0.4746946493784587	17.13704467038496	0.7323537885335638	0.6628175519630485
3	0.46393144130706787	17.098030466552174	0.7303370786516854	0.6720554272517321
4	0.4603076934814453	16.72399901031354	0.742437337942956	0.6789838337182448
5	0.4570261637369792	14.945525519344784	0.7824834341688274	0.7136258660508084
6	0.4544104848589216	13.84662479435632	0.8032267358110055	0.6905311778290993
7	0.452755331993103	13.12244135305422	0.81215787957361	0.7090069284064665
8	0.4512862099541558	12.126828613631222	0.8323249783923942	0.6466512702078522
9	0.4500074863433838	11.125858952146057	0.8510515701526937	0.6928406466512702
10	0.44923756339333276	9.76243107471991	0.8729472774416595	0.6789838337182448
11	0.44839274883270264	8.568003372314873	0.8896571593200807	0.6928406466512702
12	0.4477558686183049	8.525519150112746	0.8890809564966868	0.6997690531177829
13	0.44699742112840923	6.527266949688623	0.9213483146067416	0.6951501154734411
14	0.44696203867594403	5.7689638788546995	0.9360414866032843	0.6720554272517321
15	0.44719819724559784	4.136679814496172	0.9458369346009795	0.6859122401847575
16	0.44654303438523235	2.5009251045524525	0.971766061653702	0.6997690531177829
17	0.4460362328423394	3.1190873359868285	0.9596658023624316	0.6997690531177829
18	0.44553693972135844	2.433620197459235	0.9729184673004898	0.6974595842956121
19	0.44551223516464233	1.779668957268426	0.9809853068280034	0.6859122401847575
20	0.445195924668085	2.316988256990636	0.9760875828291559	0.6974595842956121
21	0.44449910250577057	1.4958845191387409	0.9835782195332757	0.6859122401847575
22	0.4440895474475363	0.896492063999176	0.9893402477672141	0.6974595842956121
23	0.44406994183858234	0.2002333078774786	0.9985594929415154	0.6905311778290993
24	0.44374737739562986	0.06003481323014808	1.0	0.6951501154734411
25	0.4435326961370615	0.023012444253988486	1.0	0.6974595842956121
26	0.4433149849926984	0.014812246990847239	1.0	0.6951501154734411
27	0.44315304926463533	0.011024417281428505	1.0	0.6997690531177829
28	0.44285210247697504	0.008612731403837818	1.0	0.6951501154734411
29	0.4425405740737915	0.007069599203198802	1.0	0.6974595842956121
-1	-1	-1	-1	-1
0	0.5827293395996094	19.553315530129527	0.6680115273775216	0.6812933025404158
1	0.5127650499343872	19.016656145043328	0.6939481268011527	0.6928406466512702
2	0.4916899998982747	17.798784842184926	0.7219020172910663	0.674364896073903
3	0.4808555245399475	16.266444595581895	0.7498559077809799	0.6974595842956121
4	0.47443232536315916	15.96197529889028	0.7567723342939481	0.6997690531177829
5	0.469953457514445	14.652054624819975	0.7752161383285303	0.7297921478060047
6	0.46700096130371094	15.001983528837151	0.7726224783861672	0.6951501154734411
7	0.46483731269836426	13.386396412455708	0.8043227665706052	0.7066974595842956
8	0.4626849757300483	12.663461400828231	0.8089337175792507	0.6951501154734411
9	0.46134765148162843	11.664957488348724	0.8380403458213257	0.6997690531177829
10	0.4599229855970903	11.630528830607004	0.8368876080691643	0.6882217090069284
11	0.4583926995595296	9.946963314616353	0.8648414985590778	0.7113163972286374
12	0.4574748919560359	7.613238766652729	0.9040345821325648	0.7020785219399538
13	0.45679283142089844	6.285561817501663	0.9129682997118156	0.7090069284064665
14	0.45629657109578453	7.4065324669584225	0.9077809798270894	0.7043879907621247
15	0.4553226977586746	5.584750608566704	0.9288184438040346	0.7090069284064665
16	0.45464200132033405	3.5149945977630965	0.9602305475504322	0.7043879907621247
17	0.4542871051364475	4.3142385154689125	0.9489913544668588	0.7228637413394919
18	0.45402489210429947	3.201507786545185	0.9642651296829972	0.7205542725173211
19	0.45416721105575564	1.9307151901612587	0.9778097982708934	0.7090069284064665
20	0.4538638251168387	2.0525408981179973	0.9801152737752161	0.674364896073903
21	0.45374668728221546	0.6550902234680882	0.9936599423631124	0.6859122401847575
22	0.4534648501354715	0.3079395611907159	0.9976945244956772	0.6789838337182448
23	0.45333701372146606	0.11283886974886778	0.999135446685879	0.6720554272517321
24	0.4533902454376221	0.045018833517759115	0.9997118155619596	0.6812933025404158
25	0.45293810734382045	0.020528737327442804	1.0	0.674364896073903
26	0.45268708688241466	0.014544610013125823	1.0	0.6812933025404158
27	0.45246707541602	0.011112464680640805	1.0	0.6720554272517321
28	0.45204075451554926	0.008688012183667375	1.0	0.6766743648960739
29	0.4515609979629517	0.007101828592267088	1.0	0.6697459584295612
-1	-1	-1	-1	-1
0	0.5369093418121338	20.21502897280072	0.6543672528106083	0.6336405529953917
1	0.49028944969177246	18.89953057700341	0.6947247045257999	0.6428571428571429
2	0.47490549087524414	18.3264130014892	0.6932833669645431	0.6912442396313364
3	0.4685514569282532	17.156698126311696	0.7284520034592101	0.7235023041474654
4	0.46434221267700193	16.051364736819487	0.7538195445373307	0.7027649769585254
5	0.46126047770182294	15.356172850372594	0.7696742577111559	0.6751152073732719
6	0.4596071583884103	14.099271581807267	0.7898529835687518	0.6981566820276498
7	0.4590199589729309	13.840851123179865	0.7918708561545114	0.7396313364055299
8	0.4582798745897081	12.652264507538682	0.8149322571346209	0.7373271889400922
9	0.45726039409637453	11.80028105657035	0.8336696454309599	0.7557603686635944
10	0.4563561136072332	10.388856393481614	0.8607667915825886	0.7258064516129032
11	0.455168883005778	8.34775612551138	0.8849812626117036	0.7188940092165899
12	0.45519012671250564	8.863769334390623	0.8760449697319113	0.7488479262672811
13	0.45491908277784077	7.320600984293386	0.9028538483712886	0.7258064516129032
14	0.4550091902414958	7.255731947925113	0.9014125108100317	0.6935483870967742
15	0.455059751868248	4.22844622769487	0.9486883828192563	0.7142857142857143
16	0.45472037090974693	3.2710953585871865	0.962525223407322	0.7211981566820277
17	0.45393803384568954	3.9475358710923327	0.952435860478524	0.7027649769585254
18	0.4531079467974211	2.4535313970452055	0.9729028538483713	0.7396313364055299
19	0.4527308225631714	2.515171489857752	0.9688671086768521	0.7142857142857143
20	0.4523802257719494	2.2832060632629134	0.9746324589218796	0.7373271889400922
21	0.45224984125657514	1.785190937374163	0.982127414240415	0.7442396313364056
22	0.4521523143934167	1.0544067949671811	0.9901989045834535	0.7327188940092166
23	0.45201276739438373	0.36970380709053724	0.996829057365235	0.728110599078341
24	0.45205036163330076	0.1533716618737052	0.9991351974632459	0.716589861751152
25	0.45220244847811186	0.14605468680330236	0.9985586624387431	0.7235023041474654
26	0.4518661145810728	0.06274184134763179	1.0	0.7327188940092166
27	0.4515634264264788	0.0226624375444179	1.0	0.728110599078341
28	0.4515567319146518	0.0138422007893571	1.0	0.728110599078341
29	0.45148516496022545	0.01004066111529545	1.0	0.728110599078341
-1	-1	-1	-1	-1
0	0.5832645893096924	19.7075387928464	0.6609974055923897	0.7050691244239631
1	0.5143322944641113	18.905821231527067	0.6915537618910349	0.716589861751152
2	0.49164382616678876	17.69127014580123	0.7149034303833958	0.695852534562212
3	0.4809081554412842	16.856475243874645	0.737676563851254	0.7258064516129032
4	0.4739376068115234	15.916109636289264	0.7641971749783799	0.7235023041474654
5	0.4689401388168335	15.577935750331354	0.7613144998558662	0.7534562211981567
6	0.4669113499777658	14.335282907573456	0.7927356586912655	0.7188940092165899
7	0.46498462557792664	13.369777815057597	0.8042663591813203	0.7396313364055299
8	0.4642609225379096	12.281328190357312	0.8244450850389161	0.7534562211981567
9	0.4624245405197144	12.26402116040571	0.8270394926491784	0.7304147465437788
10	0.46289959820834076	10.745068257008123	0.852407033727299	0.7373271889400922
11	0.46161580085754395	8.021379521133703	0.8959354280772557	0.7211981566820277
12	0.459513205748338	6.83308407144809	0.9123666762755838	0.7258064516129032
13	0.4591789756502424	6.544677225821609	0.9152493513980975	0.7465437788018433
14	0.4587076187133789	5.299207713079015	0.9406168924762179	0.716589861751152
15	0.45799465477466583	5.643696836375315	0.9313923320841742	0.7327188940092166
16	0.45736945376676674	3.3776008481279427	0.9633900259440761	0.7419354838709677
17	0.4567509889602661	3.1880355521079595	0.9645430959930816	0.7534562211981567
18	0.45652191262496145	2.8276166158531786	0.9700201787258576	0.7327188940092166
19	0.45602080821990965	1.8739055443657648	0.9772268665321419	0.7672811059907834
20	0.45557181040445965	1.1518898676363154	0.9878927644854425	0.7304147465437788
21	0.45521269061348657	0.573384627631498	0.9950994522917267	0.7442396313364056
22	0.4547681912131932	1.5427767961807208	0.9841452868261746	0.7373271889400922
23	0.45427711804707843	0.20734407393894064	0.9988469299509946	0.7419354838709677
24	0.45367719650268556	0.036598897601558975	1.0	0.7488479262672811
25	0.45340346373044527	0.019465884110471662	1.0	0.7626728110599078
26	0.45300853693926774	0.01387945489200695	1.0	0.7580645161290323
27	0.4526796681540353	0.010487753346401113	1.0	0.7603686635944701
28	0.4523820794861892	0.008427802016723628	1.0	0.7580645161290323
29	0.45203657150268556	0.0070110613030569474	1.0	0.7580645161290323
30	0.45173648095900015	0.005971853654145973	1.0	0.7603686635944701
31	0.45154114067554474	0.0051486974388762555	1.0	0.7580645161290323
32	0.4512493321389863	0.00452354291364243	1.0	0.7580645161290323
33	0.4509517234914443	0.004022412825805143	1.0	0.7603686635944701
34	0.45077526228768483	0.003602971485074996	1.0	0.7603686635944701
35	0.4508602950308058	0.0032612435642385283	1.0	0.7603686635944701
36	0.45095268455711573	0.002957029706305064	1.0	0.7603686635944701
37	0.4511675332721911	0.002715623044940737	1.0	0.7603686635944701
38	0.4513027851398175	0.0025029723412210952	1.0	0.7603686635944701
39	0.451333624124527	0.0023164812728699614	1.0	0.7603686635944701
-1	-1	-1	-1	-1
0	0.5392265319824219	19.604587729917753	0.662727010665898	0.6981566820276498
1	0.49269556999206543	18.19255079916858	0.716633035456904	0.7050691244239631
2	0.4758900801340739	17.18007530859851	0.7391179014125108	0.7142857142857143
3	0.4689972996711731	16.829548341418626	0.740847506486019	0.7373271889400922
4	0.4649712562561035	14.846388458111964	0.7863937734217353	0.6981566820276498
5	0.46130311489105225	14.419993558061233	0.7970596713750361	0.6912442396313364
6	0.45902725628444124	13.559229430802372	0.8083021043528394	0.7027649769585254
7	0.4572756290435791	12.581847322096518	0.8224272124531565	0.6728110599078341
8	0.4559912416670058	11.17447757283482	0.850100893629288	0.695852534562212
9	0.4556666612625122	11.49442613671679	0.8428942058230038	0.6981566820276498
10	0.4545142650604248	9.74329071963599	0.8697030844623811	0.7119815668202765
11	0.4543171525001526	10.524327009096059	0.8616315941193428	0.7096774193548387
12	0.4532178732065054	6.728588114091016	0.9221677716921303	0.684331797235023
13	0.45217277322496685	6.401959764848062	0.9230325742288844	0.7211981566820277
14	0.45097947120666504	5.045199553354071	0.9403286249639665	0.728110599078341
15	0.4496338814496994	4.439457731509427	0.9481118477947535	0.6866359447004609
16	0.4493750263662899	4.0895825602592675	0.9530123955030269	0.728110599078341
17	0.44974762863583034	3.4007608742888915	0.9593542807725569	0.728110599078341
18	0.44963944585699783	1.141613173307082	0.9873162294609398	0.7142857142857143
19	0.4495880126953125	0.9983142727832182	0.9901989045834535	0.7235023041474654
20	0.44986567043122794	5.853362502000474	0.9348515422311905	0.7188940092165899
21	0.4502051960338246	4.1324945927486505	0.9518593254540213	0.7096774193548387
22	0.4504406348518703	0.8847417901141927	0.9927933121937158	0.7258064516129032
23	0.45050201813379925	0.35656734997269895	0.9979821274142404	0.7211981566820277
24	0.45098176002502444	0.26054803538883803	0.9979821274142404	0.7258064516129032
25	0.45172096215761626	0.0898070962364794	0.9994234649754973	0.7304147465437788
26	0.4519483689908628	0.040329453045151994	1.0	0.7373271889400922
27	0.4520935927118574	0.022681065516251594	1.0	0.7350230414746544
28	0.45234539591032885	0.016497921447991608	1.0	0.7419354838709677
29	0.4523964802424113	0.012497596883262003	1.0	0.7327188940092166
30	0.4526257976408928	0.009949750535044852	1.0	0.7396313364055299
31	0.45284660905599594	0.008069183162510728	1.0	0.7304147465437788
32	0.45297007127241656	0.00703351710919812	1.0	0.7373271889400922
33	0.45284708107219024	0.006021130914824434	1.0	0.7373271889400922
34	0.45309347425188334	0.005312474160078687	1.0	0.7304147465437788
35	0.45342548688252765	0.004676366516323803	1.0	0.7304147465437788
36	0.45404416805989034	0.004198079148025483	1.0	0.7327188940092166
37	0.4543239882117824	0.003779884086416633	1.0	0.7350230414746544
38	0.4544977958385761	0.00342504993436747	1.0	0.7304147465437788
39	0.4545657575130463	0.0031219979241082375	1.0	0.7304147465437788
40	0.4546575022906792	0.002878732004202502	1.0	0.7304147465437788
41	0.4545932213465373	0.0026453242550039057	1.0	0.7327188940092166
42	0.4544713053592416	0.002482483088680481	1.0	0.7327188940092166
43	0.4544436118819497	0.002298985085288039	1.0	0.7327188940092166
44	0.4544733100467258	0.0021278060025614557	1.0	0.728110599078341
45	0.45467334726582403	0.0020089454552412503	1.0	0.7304147465437788
46	0.45455300554316097	0.0018785323259389187	1.0	0.728110599078341
47	0.45444102088610333	0.0017814494372575	1.0	0.7304147465437788
48	0.4545368613029013	0.0016664859884742427	1.0	0.7304147465437788
-1	-1	-1	-1	-1
0	0.5979323387145996	19.651015281677246	0.6621504756413952	0.7050691244239631
1	0.5327167510986328	18.969493682231377	0.6788699913519747	0.6820276497695853
2	0.5083028475443522	18.322024109166698	0.703372729893341	0.6935483870967742
3	0.4932054877281189	16.979962309566112	0.7293168059959643	0.7119815668202765
4	0.48680696487426756	16.018585187579514	0.7555491496108389	0.6889400921658986
5	0.4826442797978719	15.46693274734217	0.7647737100028826	0.6866359447004609
6	0.4808339391435896	14.58997818308139	0.7872585759584895	0.6935483870967742
7	0.47929781675338745	13.418821116106226	0.802536754107812	0.684331797235023
8	0.477526240878635	12.82631820276243	0.8195445373306428	0.684331797235023
9	0.47545952796936036	11.345464365197978	0.836840588065725	0.7142857142857143
10	0.47308466651222925	11.175962837464219	0.8426059383107524	0.7004608294930875
11	0.47272761662801105	10.187189530888828	0.8613433266070913	0.6589861751152074
12	0.47314997819753796	9.04680136037529	0.8780628423176708	0.695852534562212
13	0.47201909337724957	6.463218430860327	0.9158258864226002	0.6889400921658986
14	0.470785919825236	5.992306613047188	0.9236091092533871	0.6658986175115207
15	0.4696381092071533	5.222873553770397	0.9371576823292015	0.6866359447004609
16	0.468222463832182	3.602715522871105	0.9590660132603056	0.716589861751152
17	0.4669124550289578	3.8034506582338876	0.9558950706255405	0.6820276497695853
18	0.46552192537408127	2.3130514020219857	0.975785528970885	0.6866359447004609
19	0.4641106128692627	1.057730483455122	0.9878927644854425	0.7073732718894009
20	0.46272718338739305	1.167415175202448	0.9876044969731911	0.6889400921658986
21	0.4614632346413352	2.187420509311311	0.9783799365811473	0.6820276497695853
22	0.46044320645539655	1.1996931566113451	0.986739694436437	0.6981566820276498
23	0.45925543705622357	0.4621486110706737	0.9948111847794754	0.6981566820276498
24	0.45864057540893555	0.10931916193558125	0.9994234649754973	0.6866359447004609
25	0.4580742854338426	0.02228790722918748	1.0	0.684331797235023
26	0.4572845388341833	0.013289628505819998	1.0	0.6889400921658986
27	0.45693192311695646	0.009767354648120258	1.0	0.6820276497695853
28	0.4563501867754706	0.007639165625933113	1.0	0.6797235023041475
29	0.45581964651743573	0.006202138196719691	1.0	0.6820276497695853
30	0.455718417321482	0.0052079614446767595	1.0	0.6774193548387096
31	0.45565327256917953	0.004443564632828209	1.0	0.6774193548387096
32	0.45517101432337903	0.003888158701197885	1.0	0.6751152073732719
33	0.45493780865388755	0.0034298312164353926	1.0	0.6751152073732719
34	0.454817601612636	0.0030413333504905856	1.0	0.6774193548387096
35	0.4545425838894314	0.0027345622058102324	1.0	0.6774193548387096
36	0.45422839474033666	0.0024772774095170695	1.0	0.6751152073732719
-1	-1	-1	-1	-1
0	0.5444121360778809	19.959302311643548	0.6679158258864226	0.7096774193548387
1	0.49781036376953125	18.27698235118061	0.7016431248198328	0.6866359447004609
2	0.48441481590270996	17.521381776267237	0.7192274430671663	0.7096774193548387
3	0.4730316996574402	16.724101560925124	0.7420005765350245	0.7396313364055299
4	0.4684769630432129	15.284704335238956	0.7693859901989046	0.7258064516129032
5	0.46434473991394043	15.639657899874067	0.7719803978091669	0.6797235023041475
6	0.46185176713126047	14.268051510557122	0.7910060536177573	0.7304147465437788
7	0.45932358503341675	13.256804873090271	0.8074373018160853	0.7327188940092166
8	0.45918120278252494	11.899014118614547	0.831363505332949	0.7188940092165899
9	0.4592867851257324	11.291229821126395	0.8402997982127415	0.7534562211981567
10	0.45880471576343884	9.969019614228415	0.868838281925627	0.7419354838709677
11	0.45859291156133014	9.27671085913247	0.876621504756414	0.6866359447004609
12	0.4585271248450646	8.956052398462909	0.8809455174401845	0.7327188940092166
13	0.45829425539289204	6.156401352051201	0.9210147016431248	0.7511520737327189
14	0.4580760320027669	4.492046278004253	0.9455174401844912	0.7304147465437788
15	0.45804429054260254	4.765713948448863	0.9400403574517152	0.728110599078341
16	0.4584157046149759	4.098996515667767	0.9507062554050159	0.7304147465437788
17	0.45824717150794136	3.5051428011251153	0.9631017584318248	0.7235023041474654
18	0.45827571969283254	2.363111547647266	0.9720380513116171	0.716589861751152
19	0.45800122022628786	0.7840383973211871	0.9922167771692131	0.7188940092165899
20	0.4576810428074428	0.3729343218899785	0.996829057365235	0.7488479262672811
21	0.45763082937760785	1.6544002869888423	0.9847218218506775	0.7235023041474654
22	0.45742466138756793	1.3624190235288318	0.986739694436437	0.7235023041474654
23	0.4573940734068553	2.1667884597939295	0.9827039492649179	0.728110599078341
24	0.45720354080200193	0.8615885089160106	0.9904871720957048	0.6912442396313364
25	0.45728562428401065	0.7231960394035238	0.9907754396079562	0.7235023041474654
26	0.4570798962204545	0.42405118420292887	0.9962525223407322	0.7119815668202765
27	0.4569398079599653	0.041853074049534394	1.0	0.7211981566820277
28	0.45689631330555885	0.018156630598641976	1.0	0.7235023041474654
29	0.4567469835281372	0.01319337349626398	1.0	0.7235023041474654
-1	-1	-1	-1	-1
0	0.6106903553009033	19.5520949407455	0.660420870567887	0.6682027649769585
1	0.529849648475647	18.69599849368454	0.7048140674545978	0.6566820276497696
2	0.5000627040863037	17.43388095908209	0.732199481118478	0.6751152073732719
3	0.4881107807159424	16.66077031564275	0.7451715191697895	0.663594470046083
4	0.47897977828979493	16.390362337094928	0.7535312770250793	0.6774193548387096
5	0.47291560967763263	15.662452181544873	0.7702507927356587	0.6889400921658986
6	0.46791982650756836	14.239577844602252	0.7921591236667628	0.7050691244239631
7	0.4643400311470032	13.872858620564871	0.8019602190833093	0.6866359447004609
8	0.4621193938785129	12.138895218525457	0.8382819256269819	0.6981566820276498
9	0.4609036684036255	11.246493326414615	0.8486595560680311	0.6728110599078341
10	0.4608563076366078	10.622368646324228	0.8564427788988181	0.7096774193548387
11	0.45965872208277386	8.107639102760805	0.8947823580282502	0.6935483870967742
12	0.4584997800680307	8.067472399921591	0.9002594407610263	0.6774193548387096
13	0.4573131969996861	7.913743862318336	0.8996829057365235	0.6543778801843319
14	0.4562434514363607	6.416616065239688	0.9264917843759009	0.652073732718894
15	0.45535384118556976	4.914146515207553	0.9423464975497261	0.6889400921658986
16	0.45438873066621666	3.6773345872691463	0.9558950706255405	0.6912442396313364
17	0.4543275435765584	4.0750238488026715	0.9484001153070049	0.7073732718894009
18	0.454641204131277	2.215671359330689	0.9743441914096281	0.6820276497695853
19	0.45474042892456057	0.8600076483306262	0.9899106370712021	0.6889400921658986
20	0.45466488883608863	1.2339790280002656	0.9858748918996829	0.6889400921658986
21	0.454845439304005	2.117901792493435	0.9760737964831363	0.6912442396313364
22	0.45449462144271185	1.5337959396644334	0.9835687518016719	0.6797235023041475
23	0.4546556969483693	2.1586277158161917	0.9798212741424042	0.684331797235023
24	0.45476665496826174	0.3559319052776886	0.9982703949264918	0.6728110599078341
25	0.454768547644982	0.11532988315106395	0.9994234649754973	0.6889400921658986
26	0.4544650713602702	0.05484591342333636	1.0	0.6912442396313364
27	0.454101494380406	0.026708112679018185	1.0	0.6866359447004609
28	0.45372593813929063	0.019455643720527546	1.0	0.6889400921658986
29	0.45333817005157473	0.013016148714120115	1.0	0.6889400921658986
30	0.4529957079118298	0.010154950804020483	1.0	0.6889400921658986
-1	-1	-1	-1	-1
0	0.5338854789733887	19.639708952072564	0.6752161383285302	0.652073732718894
1	0.48783767223358154	18.736014287406153	0.694236311239193	0.6797235023041475
2	0.4740101496378581	17.46716676939518	0.7195965417867435	0.6589861751152074
3	0.46469205617904663	16.91968468132369	0.7394812680115274	0.7050691244239631
4	0.46051845550537107	16.042441446846777	0.7590778097982709	0.6820276497695853
5	0.45928184191385907	14.976859867025953	0.7769452449567723	0.6889400921658986
6	0.45886707305908203	14.350502184771617	0.7927953890489914	0.6981566820276498
7	0.45915165543556213	13.32728627406129	0.8109510086455332	0.6912442396313364
8	0.45902180671691895	11.897107658036258	0.830835734870317	0.6658986175115207
9	0.4587953805923462	11.958439883835819	0.8363112391930836	0.7027649769585254
10	0.4577844576402144	10.369695982801804	0.861671469740634	0.7073732718894009
11	0.4577793478965759	9.443581739150057	0.8706051873198847	0.7096774193548387
12	0.4573504191178542	8.8373501650784	0.8864553314121038	0.716589861751152
13	0.457290734563555	5.921320079663478	0.9291066282420749	0.7235023041474654
14	0.45736807187398276	4.739677579031078	0.9432276657060519	0.7050691244239631
15	0.45686325430870056	3.8980935910426147	0.9553314121037464	0.695852534562212
16	0.456923667122336	3.7661127346918124	0.9564841498559078	0.716589861751152
17	0.4574728144539727	3.4876060331359917	0.9602305475504322	0.7119815668202765
18	0.45668482780456543	2.500880478445543	0.9717579250720461	0.6866359447004609
19	0.4561625361442566	1.4914880180304204	0.9838616714697407	0.6981566820276498
20	0.4559462297530401	0.8757844727054888	0.9896253602305476	0.695852534562212
21	0.4554944255135276	2.6827243892561405	0.9708933717579251	0.6866359447004609
22	0.4557942307513693	0.9343207152645796	0.9936599423631124	0.7073732718894009
23	0.45562724272410077	1.6653829776434177	0.9821325648414986	0.7396313364055299
24	0.4547582149505615	0.6231290456932892	0.9945244956772334	0.7142857142857143
25	0.4541473755469689	0.49989415288244915	0.9959654178674352	0.7211981566820277
26	0.4537916360078035	0.29200080118714533	0.9976945244956772	0.7373271889400922
27	0.4541441968509129	0.062001426423335906	1.0	0.7327188940092166
28	0.45378543590677195	0.02337255998281762	1.0	0.7396313364055299
29	0.4532747507095337	0.014895542504061911	1.0	0.7350230414746544
30	0.45295011612676805	0.011274909990179617	1.0	0.7396313364055299
31	0.45254887640476227	0.008955061769663415	1.0	0.7396313364055299
32	0.45226035696087463	0.00750720796523479	1.0	0.7373271889400922
33	0.4519515668644625	0.006310310058358207	1.0	0.7396313364055299
34	0.451807062966483	0.005493805025503415	1.0	0.7350230414746544
35	0.45176884200837875	0.0047970973900100106	1.0	0.7373271889400922
36	0.4518176156121331	0.0042429538251105335	1.0	0.7350230414746544
37	0.4518107426793952	0.0038287492013813615	1.0	0.7350230414746544
38	0.4518938431373009	0.0034540304929803556	1.0	0.7327188940092166
39	0.4523070931434631	0.0031480632289558426	1.0	0.7327188940092166
40	0.45267761044385957	0.0028846357450307853	1.0	0.7327188940092166
41	0.4526730946132115	0.0026643118891708016	1.0	0.7327188940092166
42	0.4524343845456146	0.002469501566079631	1.0	0.7327188940092166
43	0.45218556035648694	0.0022938872393543207	1.0	0.7304147465437788
-1	-1	-1	-1	-1
0	0.5908541679382324	20.23250872935724	0.6545664073753962	0.6466512702078522
1	0.5217289924621582	19.075019538949388	0.6802074330164217	0.6605080831408776
2	0.49910879135131836	17.988385012390417	0.7130509939498704	0.6997690531177829
3	0.4888126850128174	16.973153114318848	0.7418611351195621	0.7159353348729792
4	0.48088936805725097	16.287347723584656	0.7542494958225295	0.6674364896073903
5	0.47673646608988446	15.369527309312733	0.7801786228752521	0.7251732101616628
6	0.4732189178466797	14.442864505522842	0.7885335638144627	0.7251732101616628
7	0.470743864774704	14.120154481415355	0.7934312878133103	0.7020785219399538
8	0.4691848225063748	12.991410618528313	0.8164794007490637	0.6836027713625866
9	0.4682318210601807	10.96962066090435	0.8530682800345721	0.7205542725173211
10	0.46760461547157983	11.047558036419229	0.8473062518006338	0.7113163972286374
11	0.467171589533488	9.00637501751611	0.8784212042639009	0.7321016166281755
12	0.46679049271803635	8.477150602078218	0.8913857677902621	0.7344110854503464
13	0.4655768871307373	6.206918535976235	0.9225007202535292	0.7043879907621247
14	0.46403220494588215	5.719791931843539	0.9279746470757707	0.6928406466512702
15	0.46317316591739655	6.697004743672292	0.9219245174301354	0.7159353348729792
16	0.462694013819975	4.287552244619492	0.9507346585998271	0.7228637413394919
17	0.46256621678670246	2.145074733490244	0.9772399884759435	0.7205542725173211
18	0.46190551707619115	2.199763476438479	0.9726303658887928	0.6836027713625866
19	0.46075757741928103	2.7895443143511036	0.9700374531835206	0.7136258660508084
20	0.460039286386399	0.9344284137659663	0.9913569576490925	0.7251732101616628
21	0.45949638973582874	0.2564275339608927	0.9976951887064247	0.7182448036951501
22	0.4591662883758545	0.10748270379033349	0.9991356957649092	0.7136258660508084
23	0.45897408326466876	0.03693506356975952	1.0	0.7159353348729792
24	0.45907787322998045	0.019305085021054047	1.0	0.7182448036951501
25	0.45847371908334583	0.011492412286082181	1.0	0.7205542725173211
26	0.4581251762531422	0.00826739744147619	1.0	0.7228637413394919
27	0.4576797229903085	0.006421310077912661	1.0	0.7228637413394919
28	0.45749202267876987	0.0053189882711953814	1.0	0.7228637413394919
29	0.4573117971420288	0.0044204718293141525	1.0	0.7205542725173211
30	0.4569347673846829	0.0037587251413367644	1.0	0.7182448036951501
31	0.45653136074543	0.0032828936368078016	1.0	0.7182448036951501
32	0.4564852064306086	0.002872106861547071	1.0	0.7205542725173211
-1	-1	-1	-1	-1
0	0.5425887107849121	19.63946188480482	0.668971477960242	0.7598152424942263
1	0.4951808452606201	18.775407362421717	0.7029674445404782	0.766743648960739
2	0.4811583360036214	17.306258901543572	0.7329299913569577	0.789838337182448
3	0.4763835072517395	16.8389610194285	0.7409968308844713	0.7505773672055427
4	0.4696669578552246	16.030686855316162	0.7608758282915586	0.766743648960739
5	0.46523499488830566	15.527854621957202	0.7726879861711322	0.7182448036951501
6	0.4610818794795445	14.493441297373641	0.7873811581676751	0.7528868360277137
7	0.4574090838432312	13.50612836365306	0.8112935753385192	0.6928406466512702
8	0.45482680532667374	12.842120540251425	0.8199366176894267	0.766743648960739
9	0.45360598564147947	11.267638464586451	0.8435609334485739	0.766743648960739
10	0.4525113756006414	12.22659464276165	0.829443964275425	0.7297921478060047
11	0.45158902804056805	9.468304402237639	0.877845001440507	0.7528868360277137
12	0.4505785795358511	7.871556306104048	0.8959953903774128	0.7205542725173211
13	0.45038083621433805	7.480197377161148	0.9014693171996543	0.7644341801385681
14	0.4502607186635335	5.7791503175682974	0.9262460386055892	0.7182448036951501
15	0.4506305903196335	4.910339205636891	0.9386343993085566	0.7113163972286374
16	0.4506231336032643	5.5467535973688875	0.9348890809564967	0.7390300230946882
17	0.4508335060543484	4.851939236352203	0.9441083261307981	0.7736720554272517
18	0.4513019637057656	1.845045938746098	0.9812734082397003	0.76905311778291
19	0.45123107433319093	1.9802247843611132	0.9766637856525497	0.7621247113163973
20	0.4512663341703869	2.2469204277346986	0.975799481417459	0.7598152424942263
21	0.4514586492018266	1.3697748499315814	0.986171132238548	0.7505773672055427
22	0.45128635738206946	4.98028637173184	0.9490060501296457	0.7505773672055427
23	0.4513545234998067	1.5458727873383311	0.9847306251800634	0.7598152424942263
24	0.45072480201721193	0.3023924296636374	0.9982713915298185	0.7621247113163973
25	0.4507979154586792	0.10544972503216031	0.9994237971766061	0.7528868360277137
26	0.4512436478226273	0.04703244096556798	1.0	0.745958429561201
27	0.45112665210451397	0.029570030625092524	1.0	0.7528868360277137
28	0.4512047603212554	0.021203063698613658	1.0	0.745958429561201
29	0.45161431630452475	0.016441703759816823	1.0	0.7528868360277137
-1	-1	-1	-1	-1
0	0.5804011821746826	19.73555456388981	0.6619596541786743	0.6997690531177829
1	0.517113208770752	18.414792100223927	0.7034582132564842	0.6720554272517321
2	0.49591366449991864	17.53911261602279	0.7190201729106628	0.7321016166281755
3	0.4843730330467224	16.367142559191503	0.7472622478386167	0.6812933025404158
4	0.4769135475158691	16.024204875351092	0.7538904899135447	0.7297921478060047
5	0.4716489315032959	15.075005706297148	0.7772334293948127	0.74364896073903
6	0.4675956112997873	13.614499638933655	0.7982708933717579	0.7413394919168591
7	0.4660099446773529	13.189748899652324	0.8097982708933718	0.6951501154734411
8	0.4642541143629286	12.53875784917709	0.8244956772334294	0.7367205542725174
9	0.4634655714035034	10.339270316132712	0.8657060518731988	0.7274826789838337
10	0.4626985029740767	9.590966985860002	0.869164265129683	0.6974595842956121
11	0.46377503871917725	8.84110991670451	0.884149855907781	0.6997690531177829
12	0.46300910069392276	7.51004942130605	0.9011527377521614	0.7159353348729792
13	0.46148923465183805	5.702179180372745	0.9273775216138328	0.7113163972286374
14	0.46019121805826824	4.926611990009973	0.9409221902017291	0.7205542725173211
15	0.45881037414073944	4.004903546713908	0.9504322766570605	0.6905311778290993
16	0.45748525507309856	5.0655228435446364	0.9452449567723343	0.7043879907621247
17	0.45725606547461617	2.7222520357698476	0.9697406340057637	0.7297921478060047
18	0.45627410788285105	2.5108395073938805	0.9711815561959655	0.7090069284064665
19	0.4557428598403931	2.3289214860682095	0.9723342939481268	0.7182448036951501
20	0.4551028183528355	1.0851764481070392	0.9887608069164265	0.7205542725173211
21	0.45499158989299426	1.0901049442691815	0.9887608069164265	0.7274826789838337
22	0.45477645293526026	0.4590313608561634	0.9965417867435159	0.7274826789838337
23	0.4539691209793091	0.32728791206118163	0.9962536023054755	0.7251732101616628
24	0.45358091354370117	0.24834949571699108	0.9974063400576368	0.7274826789838337
25	0.45320554879995495	0.04566312323905391	1.0	0.7113163972286374
26	0.4529845626265914	0.020050781324277248	1.0	0.7136258660508084
27	0.4531615206173488	0.011203584560420612	1.0	0.7136258660508084
28	0.4533923987684579	0.00862008959125437	1.0	0.7066974595842956
29	0.45349413553873696	0.006959518823500855	1.0	0.7136258660508084
-1	-1	-1	-1	-1
0	0.5452072620391846	19.572647934659905	0.662727010665898	0.7073732718894009
1	0.4986991882324219	18.865602882630235	0.6938599019890458	0.6774193548387096
2	0.47805356979370117	17.632839474109335	0.7163447679446526	0.7304147465437788
3	0.46630412340164185	16.82225753189227	0.7394061689247622	0.7119815668202765
4	0.4602025508880615	16.74686138783026	0.7466128567310464	0.7050691244239631
5	0.45577502250671387	15.313469746790895	0.767368117613145	0.7350230414746544
6	0.45528718403407503	14.420162314668708	0.7886999135197463	0.716589861751152
7	0.4535588026046753	13.221092040385676	0.8163735946958778	0.7142857142857143
8	0.45393602053324383	11.850286168789644	0.8391467281637359	0.7188940092165899
9	0.45971853733062745	11.481325821045342	0.8463534159700202	0.7188940092165899
10	0.4584866220300848	11.460807975279081	0.8454886134332661	0.6728110599078341
11	0.4573654333750407	10.496428365007453	0.8581723839723263	0.7327188940092166
12	0.4571861670567439	7.370075210518793	0.9109253387143269	0.7004608294930875
13	0.4566899367741176	6.028446409680428	0.9267800518881522	0.7142857142857143
14	0.4556488037109375	5.043716607837502	0.9368694148169501	0.6981566820276498
15	0.4551115930080414	3.6034102516436795	0.9573364081867973	0.7211981566820277
16	0.45381568459903493	3.583040072010198	0.9593542807725569	0.7027649769585254
17	0.45349446932474774	3.607329276997015	0.9573364081867973	0.7142857142857143
18	0.45269259653593363	2.5609607336991425	0.968002306140098	0.7004608294930875
19	0.452014422416687	2.4297698118271085	0.9705967137503604	0.7258064516129032
20	0.45127098900931223	1.5205877304350564	0.9827039492649179	0.7119815668202765
21	0.4511587836525657	1.0353501281709572	0.9904871720957048	0.6889400921658986
22	0.45062952456266986	1.6339106174920677	0.9829922167771692	0.6935483870967742
23	0.45023074746131897	1.0549874527191898	0.9878927644854425	0.7096774193548387
24	0.44968037605285643	0.3345101541549036	0.9974055923897377	0.7188940092165899
25	0.4492357694185697	0.05064982936224674	1.0	0.7073732718894009
26	0.44885628311722364	0.020504544182560928	1.0	0.7073732718894009
27	0.4486169729913984	0.012667536862763798	1.0	0.7073732718894009
28	0.4484326921660325	0.009531162127958175	1.0	0.7096774193548387
29	0.44803576469421386	0.007489785940454175	1.0	0.7096774193548387
-1	-1	-1	-1	-1
0	0.5307583808898926	19.83555971373112	0.6618622081291439	0.695852534562212
1	0.48873841762542725	18.726680799361763	0.690112424329778	0.7142857142857143
2	0.4752027193705241	17.757942803409122	0.7218218506774287	0.6981566820276498
3	0.4661569595336914	16.48851399902904	0.7437301816085328	0.728110599078341
4	0.4605820655822754	15.704055987366843	0.761891034880369	0.6820276497695853
5	0.4577767451604207	15.709457458706076	0.7592966272701066	0.7373271889400922
6	0.4564521993909563	14.247096827270788	0.7898529835687518	0.7396313364055299
7	0.4546835124492645	13.038103051141862	0.8120495820121072	0.7304147465437788
8	0.45454125934176975	11.876730988878723	0.825886422600173	0.7488479262672811
9	0.4551990032196045	11.006970961159523	0.8411646007494955	0.7142857142857143
10	0.4548235373063521	9.546881402304413	0.8685500144133756	0.7327188940092166
11	0.45483813683191937	7.985880626450985	0.8982415681752667	0.7027649769585254
12	0.4552931968982403	9.302939294675074	0.876621504756414	0.7603686635944701
13	0.45582360880715506	6.2106513473965705	0.9198616315941194	0.6589861751152074
14	0.4559756278991699	6.3564832287097195	0.9175554914961084	0.716589861751152
15	0.45585793256759644	4.150137211204669	0.95157105794177	0.716589861751152
16	0.4563424166511087	4.608510230659345	0.9446526376477371	0.7211981566820277
17	0.4566790925131904	3.065275023153069	0.9628134909195734	0.695852534562212
18	0.45698039155257375	3.860790536491149	0.957048140674546	0.7188940092165899
19	0.4573281407356262	1.7570286492278817	0.9809743441914096	0.7142857142857143
20	0.457145441146124	1.0534779919191786	0.9884692995099452	0.7188940092165899
21	0.45654788884249603	2.7235651481042216	0.9720380513116171	0.7304147465437788
22	0.4560314572375754	0.36529388634163307	0.9971173248774863	0.7350230414746544
23	0.4555402894814809	0.09043411248995828	0.9997117324877486	0.7327188940092166
24	0.45501002311706545	0.03645346095729961	1.0	0.728110599078341
25	0.4546535932100736	0.022853750774771437	1.0	0.7211981566820277
26	0.4546859794192844	0.016008232285641348	1.0	0.7211981566820277
27	0.45484568391527447	0.01211665821509487	1.0	0.7258064516129032
28	0.4551964710498678	0.00957211638774633	1.0	0.728110599078341
29	0.45550207297007245	0.007928480381234719	1.0	0.728110599078341
30	0.45528989453469554	0.006710900284848956	1.0	0.7258064516129032
31	0.45544999837875366	0.005710442587861433	1.0	0.7258064516129032
32	0.4557040026693633	0.00499699146320206	1.0	0.728110599078341
-1	-1	-1	-1	-1
0	0.5489821434020996	20.197643030674087	0.6650331507639089	0.6935483870967742
1	0.5036274194717407	18.751590098809757	0.6929950994522918	0.6889400921658986
2	0.4835953712463379	17.212572351508186	0.7350821562409916	0.6774193548387096
3	0.4868663549423218	16.744687290366638	0.7431536465840299	0.7142857142857143
4	0.4773951530456543	16.269116419170974	0.7474776592678005	0.7004608294930875
5	0.4718046188354492	15.43504796334363	0.7647737100028826	0.7027649769585254
6	0.46764469146728516	13.551906222597175	0.801671951571058	0.6682027649769585
7	0.46328145265579224	13.213960816007141	0.8146439896223696	0.695852534562212
8	0.46096441480848527	12.312464350954109	0.8247333525511675	0.7027649769585254
9	0.45897417068481444	11.699347769448517	0.8402997982127415	0.6981566820276498
10	0.4568146142092618	10.68130073853589	0.8570193139233209	0.7142857142857143
11	0.45548375447591144	8.89975229534534	0.8789276448544249	0.7142857142857143
12	0.45418909879831165	9.373407637307404	0.8786393773421736	0.7235023041474654
13	0.4537791354315622	6.903294345654479	0.9112136062265782	0.6820276497695853
14	0.4528611977895101	5.782540829903489	0.9293744594984146	0.695852534562212
15	0.4521654099225998	4.38568952488243	0.9501297203805131	0.6889400921658986
16	0.451690814074348	3.0253073646934756	0.9616604208705679	0.6797235023041475
17	0.4511447350184123	3.3919297719220505	0.9613721533583165	0.7235023041474654
18	0.4505677725139417	4.24951637098822	0.9533006630152782	0.7373271889400922
19	0.450013267993927	2.8366894098596833	0.9697319112136062	0.7188940092165899
20	0.4494696004050119	0.6790094939872212	0.9922167771692131	0.7373271889400922
21	0.44929092580621893	0.26799599039411054	0.9988469299509946	0.7142857142857143
22	0.4490748695705248	0.14527323474432555	0.9997117324877486	0.7119815668202765
23	0.4490301211675008	0.04390112794145361	0.9997117324877486	0.7004608294930875
24	0.44871084213256834	0.026742298058298235	1.0	0.7119815668202765
25	0.4482890550906842	0.013426156490005194	1.0	0.7073732718894009
26	0.4480097470460115	0.0100245049125579	1.0	0.7073732718894009
27	0.44798257521220614	0.007857858648987213	1.0	0.716589861751152
28	0.4481890941488332	0.00654199755835505	1.0	0.7119815668202765
29	0.4482227563858032	0.005552389679480357	1.0	0.716589861751152
30	0.44789258126289616	0.004678228054859957	1.0	0.716589861751152
31	0.44774914532899857	0.004145091322101541	1.0	0.716589861751152
32	0.4476347475340872	0.003650263132214538	1.0	0.7142857142857143
33	0.4477551263921401	0.0032556094640413076	1.0	0.7142857142857143
34	0.447574554170881	0.002926939017424539	1.0	0.7188940092165899
35	0.44766738679673934	0.002671459860854874	1.0	0.716589861751152
36	0.4476558260015539	0.002419198776364066	1.0	0.716589861751152
37	0.44791346474697713	0.0022291311420929625	1.0	0.716589861751152
38	0.4479702619405893	0.0020565115918118053	1.0	0.716589861751152
-1	-1	-1	-1	-1
0	0.5411489009857178	20.107812365260692	0.663591813202652	0.6566820276497696
1	0.4952911138534546	18.975646736425	0.6892476217930239	0.6658986175115207
2	0.47803393999735516	18.081009090493577	0.7097146151628712	0.6981566820276498
3	0.4712817668914795	16.956075965811355	0.7420005765350245	0.695852534562212
4	0.46660809516906737	16.37786665750206	0.7474776592678005	0.652073732718894
5	0.46408557891845703	15.707568470491182	0.7682329201498991	0.728110599078341
6	0.4614293234688895	14.668067866509114	0.7809166906889593	0.7373271889400922
7	0.46024930477142334	13.741800715070251	0.7990775439607957	0.7211981566820277
8	0.45807401339213055	12.852659159844075	0.820409339867397	0.728110599078341
9	0.45706682205200194	11.090095830619882	0.850100893629288	0.7350230414746544
10	0.45638093081387604	10.945929960373345	0.8550014413375613	0.7050691244239631
11	0.45630425214767456	8.75475964414964	0.8890170077832228	0.7465437788018433
12	0.45581830464876616	8.267419933179102	0.893052752954742	0.716589861751152
13	0.45693724496023996	6.2459563864480465	0.9204381666186221	0.7465437788018433
14	0.45700737635294597	4.064710764163131	0.9489766503315077	0.7373271889400922
15	0.4566124528646469	4.098981633645679	0.9541654655520323	0.7258064516129032
16	0.4561544586630428	4.050326577840595	0.9530123955030269	0.7350230414746544
17	0.45573825306362575	2.3802116491378995	0.9746324589218796	0.7350230414746544
18	0.4555674477627403	1.6118871599709221	0.9786682040933987	0.7235023041474654
19	0.4552166223526001	1.1862059331610115	0.9858748918996829	0.7004608294930875
20	0.4545862674713135	1.583634438352027	0.9829922167771692	0.7188940092165899
21	0.4536067247390747	0.691711294605747	0.9936581147304698	0.7304147465437788
22	0.45293434806492017	0.9219486585758422	0.9901989045834535	0.7142857142857143
23	0.4524473448594411	1.107713570254385	0.9881810319976939	0.7050691244239631
24	0.4525678539276123	0.3012677127593667	0.997693859901989	0.7396313364055299
25	0.45259157510904163	0.07394971534900299	0.9997117324877486	0.7396313364055299
26	0.45266798690513327	0.023162472250320257	1.0	0.7350230414746544
27	0.4528677122933524	0.012806060308496545	1.0	0.7211981566820277
28	0.45292398025249614	0.009617373164248686	1.0	0.7211981566820277
29	0.4526791175206502	0.007780595739701028	1.0	0.7211981566820277
30	0.4523517239478327	0.006415540750071442	1.0	0.7235023041474654
31	0.4522631838917732	0.0054659626203420394	1.0	0.7211981566820277
-1	-1	-1	-1	-1
0	0.5273580551147461	19.94373109800006	0.6511963101758432	0.7096774193548387
1	0.4894148111343384	19.46252119431802	0.6808878639377343	0.663594470046083
2	0.476150115331014	18.195799223873593	0.7108676852118766	0.7419354838709677
3	0.4669457674026489	17.446695953334142	0.7180743730181609	0.7119815668202765
4	0.46373748779296875	16.658289095677368	0.7425771115595272	0.7557603686635944
5	0.4606219132741292	16.165485963908903	0.7529547420005765	0.7649769585253456
6	0.4596992220197405	14.822743678311689	0.7872585759584895	0.7304147465437788
7	0.45834216475486755	14.292154167770246	0.7832228307869703	0.7235023041474654
8	0.4592103428310818	13.275204850993026	0.8163735946958778	0.7396313364055299
9	0.45800859928131105	11.883424013032826	0.8328048428942059	0.7235023041474654
10	0.457808407870206	10.89958591417435	0.850100893629288	0.6866359447004609
11	0.4570787151654561	10.032377113989734	0.8633611991928509	0.7350230414746544
12	0.4556781512040358	8.882558402665165	0.882963390025944	0.7373271889400922
13	0.45510971546173096	8.170839200326062	0.893052752954742	0.7419354838709677
14	0.4552360375722249	5.870018280427391	0.9293744594984146	0.728110599078341
15	0.4553757458925247	4.904244292219844	0.9388872874027098	0.7442396313364056
16	0.4552878772511202	5.5599887108584065	0.9345632747189392	0.7073732718894009
17	0.45488765504625106	3.466552118095783	0.960219083309311	0.7188940092165899
18	0.4547082875904284	3.370578327993734	0.9596425482848083	0.7142857142857143
19	0.45447964668273927	1.9247053677745916	0.9780916690688959	0.7142857142857143
20	0.4543709641411191	0.9927802047598253	0.9901989045834535	0.7188940092165899
21	0.4545138857581399	2.2270944863557816	0.9760737964831363	0.7073732718894009
22	0.4545074234838071	0.6507579209197552	0.9939463822427212	0.7211981566820277
23	0.4547168215115865	0.588397218016993	0.9948111847794754	0.7511520737327189
24	0.4546366214752197	2.930109122716779	0.968002306140098	0.7511520737327189
25	0.4546342079456036	0.5649781979859696	0.996829057365235	0.7396313364055299
26	0.45412045937997325	0.1098684569518509	0.9997117324877486	0.7465437788018433
27	0.4539950575147356	0.047540397404633256	1.0	0.7442396313364056
28	0.4539562340440421	0.027421195738214076	1.0	0.7419354838709677
29	0.45430925687154133	0.019139333602485306	1.0	0.7396313364055299
-1	-1	-1	-1	-1
0	0.5426311492919922	19.5858698853659	0.6589795330066301	0.7350230414746544
1	0.5012129545211792	18.614123265677637	0.6958777745748054	0.7142857142857143
2	0.48554269472757977	18.439422778033336	0.7062554050158547	0.7465437788018433
3	0.4789445996284485	17.213772834987815	0.7226866532141828	0.7557603686635944
4	0.4745801448822021	16.740640963983097	0.7443067166330355	0.7626728110599078
5	0.47165238857269287	15.823581109353162	0.761891034880369	0.7188940092165899
6	0.4695046288626535	14.922190044998029	0.7852407033727299	0.7488479262672811
7	0.46810826659202576	13.652217948108639	0.7982127414240415	0.7327188940092166
8	0.46501003371344674	12.421640516421117	0.8238685500144134	0.6797235023041475
9	0.4626484394073486	10.800105186777378	0.8463534159700202	0.728110599078341
10	0.4621312834999778	10.761463786483905	0.846929950994523	0.7350230414746544
11	0.46216070652008057	9.531449586973277	0.8685500144133756	0.7488479262672811
12	0.4615251100980319	8.240262560888167	0.895358893052753	0.7534562211981567
13	0.46081154687064035	8.184656020698197	0.8895935428077256	0.728110599078341
14	0.45966715812683107	5.252489979114007	0.9362928797924474	0.7580645161290323
15	0.4577704668045044	4.646274871235594	0.9466705102334967	0.7027649769585254
16	0.4568686906029196	3.4797076973893226	0.9556068031132892	0.7327188940092166
17	0.4559578498204549	2.9990400017128076	0.9662727010665898	0.695852534562212
18	0.4550685757084897	3.6409242881820836	0.9616604208705679	0.7327188940092166
19	0.45418156385421754	0.9259668880509674	0.9919285096569617	0.695852534562212
20	0.45356716428484234	0.7158761549262552	0.9925050446814644	0.7327188940092166
21	0.4527934789657593	2.77302696769459	0.970308446238109	0.7488479262672811
22	0.4522259131721828	2.4428587333051435	0.9752089939463823	0.7396313364055299
23	0.451493759950002	0.8666231491765298	0.9922167771692131	0.728110599078341
24	0.4511658954620361	0.580169272117761	0.9953877198039781	0.7258064516129032
25	0.45049394094027007	0.27218127537544373	0.9971173248774863	0.7396313364055299
26	0.4500240749782986	0.053343543593788845	0.9997117324877486	0.7350230414746544
27	0.44973765100751606	0.027437820079001606	1.0	0.7373271889400922
28	0.449380348468649	0.018909209122434857	1.0	0.7350230414746544
29	0.44919952551523845	0.014473910858948637	1.0	0.7258064516129032
-1	-1	-1	-1	-1
0	0.5325851440429688	20.133154195383053	0.660806916426513	0.6497695852534562
1	0.4982168674468994	18.374637665004904	0.7092219020172911	0.6566820276497696
2	0.4838920434315999	17.984167685202504	0.7118155619596542	0.6751152073732719
3	0.4769386649131775	17.055550881482045	0.7319884726224783	0.6866359447004609
4	0.47417140007019043	16.495869610287727	0.7530259365994236	0.7050691244239631
5	0.47239593664805096	15.31257698514046	0.7726224783861672	0.6682027649769585
6	0.46956218991960796	16.394223090705523	0.7559077809798271	0.684331797235023
7	0.46847087144851685	14.49314834437239	0.79164265129683	0.7027649769585254
8	0.4669680595397949	13.574314384285463	0.8089337175792507	0.7119815668202765
9	0.4655365705490112	11.947167665586559	0.830835734870317	0.7096774193548387
10	0.4651986685666171	11.922695203658638	0.8380403458213257	0.728110599078341
11	0.4635000427563985	10.455562193459327	0.8654178674351585	0.7188940092165899
12	0.46241365946256197	8.78187866167191	0.8890489913544669	0.7235023041474654
13	0.4611950431551252	7.675303706335365	0.9106628242074928	0.716589861751152
14	0.4603933016459147	6.4599204194655115	0.9198847262247839	0.7004608294930875
15	0.4601992666721344	4.667707042956571	0.9420749279538905	0.7142857142857143
16	0.45950018658357505	3.797028491256434	0.954178674351585	0.7188940092165899
17	0.4592284891340468	5.0662588726626625	0.9397694524495678	0.7188940092165899
18	0.45929163380673055	2.6769871823831437	0.969164265129683	0.7050691244239631
19	0.4591501593589783	2.3074740826263342	0.9737752161383285	0.7188940092165899
20	0.4588684808640253	1.1650897719568376	0.9899135446685879	0.7027649769585254
21	0.4583877758546309	1.5149143087002663	0.9827089337175793	0.7050691244239631
22	0.45774541730466095	0.7192614700030023	0.9930835734870317	0.7188940092165899
23	0.4573187828063965	1.3879311387854363	0.9870317002881844	0.6912442396313364
24	0.45720513343811037	0.9927701746549354	0.9916426512968299	0.7073732718894009
25	0.4569486929820134	1.2043152671743083	0.9870317002881844	0.7188940092165899
26	0.4566851368656865	0.10118515287748102	1.0	0.728110599078341
27	0.4567305956568037	0.034607664280391616	1.0	0.7258064516129032
28	0.45666689708315095	0.022077076459077076	1.0	0.7304147465437788
29	0.4564909696578979	0.016281112102543883	1.0	0.7327188940092166
30	0.45637802923879317	0.012627814267868808	1.0	0.7327188940092166
31	0.45599427819252014	0.010234716947381641	1.0	0.7327188940092166
32	0.45595285386750195	0.008629035663902076	1.0	0.7350230414746544
33	0.4556535552529728	0.007327142777802517	1.0	0.7350230414746544
34	0.4553226266588484	0.006373881118934401	1.0	0.7350230414746544
35	0.45534119341108537	0.005607831649110576	1.0	0.7327188940092166
36	0.4553449089462693	0.0049964868223402485	1.0	0.7327188940092166
37	0.455454851451673	0.004505514984960036	1.0	0.7327188940092166
38	0.45517488626333386	0.004061693005563388	1.0	0.7304147465437788
39	0.4547485649585724	0.003712159977054198	1.0	0.7327188940092166
40	0.4548024200811619	0.0033924832590054637	1.0	0.7327188940092166
41	0.45496776558104013	0.0031238018091828234	1.0	0.7304147465437788
42	0.4549337542334268	0.0028875784354810146	1.0	0.728110599078341
43	0.45485725727948273	0.00268495907842015	1.0	0.728110599078341
44	0.45470604366726347	0.0025057134624632553	1.0	0.728110599078341
45	0.45450772928154987	0.0023430763427280273	1.0	0.728110599078341
46	0.45460434162870367	0.002199419025625978	1.0	0.728110599078341
47	0.4545273383458455	0.002071593682111756	1.0	0.728110599078341
48	0.45439066692274444	0.001953139638584233	1.0	0.728110599078341
49	0.45417605876922607	0.0018543178485834612	1.0	0.7304147465437788
50	0.4541732142953312	0.0017492282008079367	1.0	0.7304147465437788
51	0.45430351679141706	0.0016609483797072728	1.0	0.7304147465437788
52	0.45432367414798375	0.0015794488452796807	1.0	0.7304147465437788
-1	-1	-1	-1	-1
0	0.55491042137146	19.927429995405564	0.6490924805531547	0.7043879907621247
1	0.5062114000320435	18.535904306884206	0.7035436473638721	0.6605080831408776
2	0.4892559051513672	17.248452536556698	0.7372515125324114	0.6628175519630485
3	0.4810352921485901	16.81017983287846	0.7415730337078652	0.6905311778290993
4	0.47614431381225586	15.935799318716066	0.7634687409968309	0.6674364896073903
5	0.471466859181722	14.94045048022489	0.7845001440507059	0.7159353348729792
6	0.46955394744873047	14.016516755480286	0.8000576202823394	0.7090069284064665
7	0.46818169951438904	13.210992384394375	0.8092768654566408	0.7090069284064665
8	0.4673299524519179	11.841747616409162	0.8409680207433017	0.7182448036951501
9	0.46505236625671387	10.613865694868455	0.8539325842696629	0.6928406466512702
10	0.46326817165721546	8.828619129067167	0.8795736099106886	0.7251732101616628
11	0.4627638061841329	8.730882513413736	0.878133102852204	0.7113163972286374
12	0.461891559454111	7.984825571742626	0.8942667819072313	0.7251732101616628
13	0.4618535723005022	5.395188286763813	0.9346009795447998	0.7182448036951501
14	0.4612309455871582	4.521246506260075	0.9478536444828579	0.7159353348729792
15	0.46080517768859863	4.248721839911347	0.9518870642466148	0.6836027713625866
16	0.46064305305480957	3.7396769611113663	0.9599539037741285	0.6951501154734411
17	0.46023127767774796	2.2653537851954817	0.9766637856525497	0.7020785219399538
18	0.4601810480418958	3.4291283772626056	0.9651397291846731	0.7321016166281755
19	0.46009972095489504	2.226004476667544	0.9781042927110343	0.7344110854503464
20	0.45958817572820754	0.9445473765356278	0.9919331604724864	0.6997690531177829
21	0.45879901539195667	0.16641214033246998	0.9994237971766061	0.7066974595842956
22	0.4588712091031282	0.06047470693544852	0.9997118985883031	0.7182448036951501
23	0.4592358469963074	0.0247738020519412	1.0	0.7090069284064665
24	0.45896403312683104	0.016654352396363478	1.0	0.7159353348729792
25	0.4586884150138268	0.011775347302719062	1.0	0.7205542725173211
26	0.4587223264906142	0.00929182235668456	1.0	0.7205542725173211
27	0.4585222176143101	0.007422568377186416	1.0	0.7205542725173211
28	0.45831840613792685	0.006243968612504824	1.0	0.7182448036951501
29	0.4585063934326172	0.0053533469342814605	1.0	0.7205542725173211
30	0.458431605369814	0.004659319370840847	1.0	0.7205542725173211
31	0.45847129821777344	0.004131766927224016	1.0	0.7205542725173211
32	0.45823248227437335	0.0036733047024068133	1.0	0.7182448036951501
33	0.4577860621845021	0.0033095671172246313	1.0	0.7205542725173211
34	0.45761950356619696	0.0029798223667216292	1.0	0.7205542725173211
35	0.4573559562365214	0.0027316542324081912	1.0	0.7182448036951501
36	0.45704905406848806	0.0025076472428144027	1.0	0.7182448036951501
37	0.45675093876688105	0.002304708131165471	1.0	0.7182448036951501
38	0.4563471843034793	0.0021305149710131597	1.0	0.7182448036951501
39	0.45596867203712466	0.001986813781889254	1.0	0.7182448036951501
-1	-1	-1	-1	-1
0	0.5999903678894043	19.753007565069638	0.6603284356093345	0.6997690531177829
1	0.5250698328018188	18.59821452569524	0.7032555459521752	0.6581986143187067
2	0.5039721330006918	17.665763719366232	0.7265917602996255	0.7066974595842956
3	0.49385398626327515	17.267184283755242	0.7363872082973206	0.7043879907621247
4	0.4875666618347168	17.07719438447865	0.7340823970037453	0.7020785219399538
5	0.4819270372390747	15.75225991065349	0.7617401325266494	0.7182448036951501
6	0.47838166781834196	14.97911909085895	0.7813310285220397	0.7228637413394919
7	0.4748857021331787	13.685772554590068	0.8038029386343993	0.74364896073903
8	0.4731135103437636	12.612995318316539	0.8323249783923942	0.6836027713625866
9	0.4715005874633789	11.537700762442492	0.8366464995678479	0.6905311778290993
10	0.4702515818855979	10.898456838152825	0.8571016997983291	0.6720554272517321
11	0.46878302097320557	8.82267300579526	0.88504753673293	0.6997690531177829
12	0.46852874755859375	8.170285620820632	0.8942667819072313	0.7251732101616628
13	0.46794305528913227	6.875414227673767	0.909248055315471	0.7020785219399538
14	0.4667499542236328	5.588655918016347	0.9276865456640737	0.6905311778290993
15	0.4653988480567932	4.031829632750345	0.9501584557764333	0.6859122401847575
16	0.465439614127664	4.299401561328031	0.9559204840103717	0.6766743648960739
17	0.4652090867360433	3.953575945775443	0.9573609910688562	0.7020785219399538
18	0.46419151205765574	2.007549032158808	0.975799481417459	0.6905311778290993
19	0.46312255859375	2.751175411113905	0.9697493517718236	0.6974595842956121
20	0.4619922637939453	3.5087454211001003	0.9611063094209161	0.6720554272517321
21	0.46123517643321643	1.5064496865171357	0.9838663209449726	0.7043879907621247
22	0.46074759441873303	0.7891228169527486	0.9902045520023048	0.7043879907621247
23	0.4604232609272003	0.26131369766604085	0.9982713915298185	0.6905311778290993
24	0.4601137733459473	0.09913451974643309	0.9994237971766061	0.6882217090069284
25	0.46009363577916074	0.07214140496190014	0.9997118985883031	0.6859122401847575
26	0.46073327241120515	0.02077729556466017	1.0	0.6882217090069284
27	0.4607322897229876	0.011545925423045805	1.0	0.6812933025404158
28	0.4604019296580347	0.008484990795654535	1.0	0.6812933025404158
29	0.45989030996958413	0.006651409939326636	1.0	0.6859122401847575
-1	-1	-1	-1	-1
