0	0.47768664360046387	95.51533917018345	0.2878205128205128	0.5820512820512821
1	0.4234057664871216	54.95071387777523	0.5083333333333333	0.5538461538461539
2	0.40592432022094727	31.14914148681018	0.6929487179487179	0.7487179487179487
3	0.3978874683380127	23.97931498897319	0.7564102564102564	0.7794871794871795
4	0.3934290409088135	19.321554957603922	0.8118589743589744	0.8333333333333334
5	0.39067550500233966	14.436702017881432	0.8525641025641025	0.8358974358974359
6	0.38799619674682617	14.097551980797125	0.8631410256410257	0.8641025641025641
7	0.38638564944267273	11.532059277806963	0.882051282051282	0.8589743589743589
8	0.38514116075303817	12.874059093849999	0.8753205128205128	0.7794871794871795
9	0.38402552604675294	13.111769447521288	0.871474358974359	0.8487179487179487
10	0.38290929794311523	12.423024542477666	0.8794871794871795	0.882051282051282
11	0.3816865086555481	7.007606565952301	0.926923076923077	0.9102564102564102
12	0.3808403198535626	6.196367022638419	0.9397435897435897	0.9102564102564102
13	0.3802308865955898	5.132091724750947	0.9461538461538461	0.8769230769230769
14	0.3797284762064616	5.535570555195516	0.9474358974358974	0.9384615384615385
15	0.3793146461248398	3.8870984352364832	0.9567307692307693	0.9153846153846154
16	0.37918678451986876	3.621819873473474	0.9605769230769231	0.9384615384615385
17	0.37851713763342965	2.420652082075878	0.9743589743589743	0.9051282051282051
18	0.3780384063720703	3.3957063717653555	0.9647435897435898	0.9153846153846154
19	0.37768343687057493	5.824189398513765	0.9506410256410256	0.9128205128205128
20	0.37731280780973886	3.473307871221736	0.9621794871794872	0.9256410256410257
21	0.37707744945179333	2.70397951043382	0.9733974358974359	0.9230769230769231
22	0.37685465812683105	2.243204995362582	0.9772435897435897	0.9384615384615385
23	0.3765472173690796	1.744646271424634	0.9804487179487179	0.9384615384615385
24	0.376135892868042	1.534230888412543	0.9865384615384616	0.9307692307692308
25	0.37617864975562465	1.3417934628906756	0.9862179487179488	0.9564102564102565
26	0.37595123714870876	1.016101099593489	0.9923076923076923	0.9461538461538461
27	0.375566942351205	0.842751434947155	0.9916666666666667	0.9358974358974359
28	0.3753574963273673	0.9425816938770479	0.9900641025641026	0.941025641025641
29	0.3750855286916097	1.4778171202681047	0.9839743589743589	0.9358974358974359
30	0.37491717646198885	0.8474249865726701	0.9897435897435898	0.9538461538461539
31	0.37486782670021057	0.6671162724366639	0.992948717948718	0.9487179487179487
32	0.3747580268166282	0.49018465798604777	0.9955128205128205	0.9512820512820512
33	0.3746975449954762	0.3269934053479323	0.9967948717948718	0.9512820512820512
34	0.37468141828264506	0.28859901371202906	0.9971153846153846	0.9512820512820512
35	0.37453578578101265	0.47325906095840986	0.9942307692307693	0.9564102564102565
36	0.37448835372924805	0.29959015503979514	0.9977564102564103	0.9564102564102565
37	0.37433998208296926	0.26173674113840895	0.9977564102564103	0.9538461538461539
38	0.37428835110786635	0.36171001049066887	0.996474358974359	0.9512820512820512
39	0.3741808831691742	0.4061690997170482	0.9955128205128205	0.9538461538461539
40	0.37423461821021103	1.066943654356339	0.9903846153846154	0.9512820512820512
41	0.3741328886577061	0.4291498028519991	0.9967948717948718	0.9512820512820512
42	0.37404166820437407	0.3218876772057693	0.996474358974359	0.9564102564102565
43	0.3739962035959417	0.25071964740850583	0.9977564102564103	0.9564102564102565
44	0.37399632136027017	0.24815317075990606	0.9977564102564103	0.9564102564102565
45	0.3738324434860893	0.2460813977112946	0.9977564102564103	0.9564102564102565
-1	-1	-1	-1	-1
0	0.5110955238342285	97.05606242588588	0.2685897435897436	0.541025641025641
1	0.4404921531677246	50.743051704095336	0.5278846153846154	0.6333333333333333
2	0.41701308886210126	32.20667689187186	0.6830128205128205	0.7051282051282052
3	0.4053215980529785	24.54246829480541	0.7532051282051282	0.7538461538461538
4	0.3987610340118408	19.851230451038905	0.7993589743589744	0.7487179487179487
5	0.3942296504974365	17.50540903149819	0.8275641025641025	0.7974358974358975
6	0.3911785398210798	16.113667867621597	0.8400641025641026	0.7871794871794872
7	0.3885921835899353	12.019777738318151	0.8730769230769231	0.8076923076923077
8	0.38529835806952584	10.990399618538058	0.8846153846153846	0.8205128205128205
9	0.38279592990875244	10.495494426513204	0.8977564102564103	0.8743589743589744
10	0.3807923143560236	9.546920483209648	0.9041666666666667	0.8358974358974359
11	0.3793116609255473	7.937040259035266	0.9157051282051282	0.8461538461538461
12	0.37858953842749965	7.990564171148806	0.9205128205128205	0.8717948717948718
13	0.37821386541639057	6.458766474711652	0.9326923076923077	0.8769230769230769
14	0.37781647046407063	5.821530601579924	0.9461538461538461	0.9076923076923077
15	0.37755055725574493	4.797486062864868	0.9509615384615384	0.8923076923076924
16	0.37832139520084157	4.575089210150193	0.9583333333333334	0.8897435897435897
17	0.3776931100421482	3.357028625753461	0.9666666666666667	0.8923076923076924
18	0.3775126055667275	3.3518205908108123	0.967948717948718	0.941025641025641
19	0.37710297107696533	2.7608308997385356	0.971474358974359	0.941025641025641
20	0.37700949396405903	2.427751039687012	0.9753205128205128	0.9256410256410257
21	0.3769210902127353	2.0278264836845348	0.9794871794871794	0.9333333333333333
22	0.37659086351809296	2.3804761493122397	0.9733974358974359	0.9230769230769231
23	0.3764424721399943	3.881420240604452	0.9669871794871795	0.8615384615384616
24	0.3763401889801025	5.629495672881603	0.9525641025641025	0.9076923076923077
25	0.3762516975402832	2.6249123909415637	0.9746794871794872	0.9256410256410257
26	0.3760372621041757	1.457592775322953	0.9839743589743589	0.9435897435897436
27	0.3757214290755136	0.8729332674114147	0.9916666666666667	0.9307692307692308
28	0.37541926318201524	1.147109049571944	0.9900641025641026	0.9512820512820512
29	0.3752545992533366	1.0130968090498402	0.9919871794871795	0.941025641025641
30	0.3752696898675734	0.5340609503197199	0.9948717948717949	0.9435897435897436
31	0.3750934451818466	0.8037056384598646	0.9923076923076923	0.9512820512820512
32	0.37493845188256464	0.630664932249323	0.9935897435897436	0.9461538461538461
33	0.3747247527627384	0.41483518526989166	0.9955128205128205	0.9435897435897436
34	0.37453604425702774	0.40778741650212064	0.9955128205128205	0.9435897435897436
35	0.37442991468641496	0.43759900159368825	0.9945512820512821	0.9564102564102565
36	0.37426683709428116	0.5459640848860786	0.9932692307692308	0.9538461538461539
37	0.3740134176455046	0.7625354785048665	0.9919871794871795	0.9333333333333333
38	0.373884304975852	0.4739120961612385	0.9955128205128205	0.9435897435897436
39	0.3737711369991302	0.3264979851944134	0.9971153846153846	0.9487179487179487
40	0.37361255506189855	0.2744094278845741	0.9971153846153846	0.9538461538461539
41	0.37343785876319524	0.24554428784889454	0.9977564102564103	0.9461538461538461
42	0.37336200337077297	0.20828889759717156	0.9980769230769231	0.9512820512820512
43	0.37320881540125067	0.21176952495888868	0.9980769230769231	0.9512820512820512
44	0.37319991323683	0.1797631180102608	0.9980769230769231	0.9564102564102565
45	0.3730712662572446	0.23566566538083492	0.9974358974358974	0.9461538461538461
46	0.37299563022370036	0.20289506768064286	0.9980769230769231	0.9461538461538461
47	0.3729246159394582	0.1934027187860326	0.9977564102564103	0.9538461538461539
48	0.3730016289925089	0.1664765230445334	0.9980769230769231	0.9538461538461539
49	0.3729241418838501	0.152551453403044	0.9987179487179487	0.9487179487179487
50	0.37282847890666887	0.14130965837908402	0.9980769230769231	0.9538461538461539
51	0.37280250971133894	0.1481591792827964	0.9980769230769231	0.9487179487179487
52	0.37271738052368164	0.15662459926370872	0.9990384615384615	0.9512820512820512
53	0.3727813385151051	0.15112208388110995	0.9987179487179487	0.9461538461538461
54	0.372796123678034	0.15223310453464883	0.9990384615384615	0.9538461538461539
55	0.3728730082511902	0.1498194808794565	0.9987179487179487	0.9512820512820512
-1	-1	-1	-1	-1
0	0.4585418701171875	96.73003054638298	0.2669871794871795	0.49743589743589745
1	0.4127333164215088	51.49600538915517	0.5237179487179487	0.6897435897435897
2	0.39903966585795086	31.23378442258251	0.6891025641025641	0.7128205128205128
3	0.39194726943969727	24.65873196660256	0.7625	0.7410256410256411
4	0.38709249496459963	20.834562797935643	0.7958333333333333	0.7794871794871795
5	0.38492393493652344	17.437908279652497	0.8233974358974359	0.7923076923076923
6	0.3826436315264021	16.14642678353251	0.8423076923076923	0.8307692307692308
7	0.38143646717071533	13.7307128735951	0.8599358974358975	0.8615384615384616
8	0.380138635635376	11.92238187789917	0.8817307692307692	0.823076923076923
9	0.37930452823638916	12.006865958778226	0.8817307692307692	0.8333333333333334
10	0.3787650845267556	13.97122832463712	0.867948717948718	0.8846153846153846
11	0.37813403209050495	11.012637998376574	0.8926282051282052	0.8794871794871795
12	0.37758500759418195	8.87465978520257	0.9080128205128205	0.9205128205128205
13	0.37728168283190044	7.506740380306633	0.9326923076923077	0.9153846153846154
14	0.3766701857248942	6.630772370769053	0.9298076923076923	0.9025641025641026
15	0.37619809806346893	5.991840696456481	0.9387820512820513	0.8923076923076924
16	0.37587623035206513	4.320855353407714	0.9506410256410256	0.9435897435897436
17	0.37563863065507674	3.4061091157550716	0.9641025641025641	0.9461538461538461
18	0.37562215955633865	2.76128019639576	0.967948717948718	0.9461538461538461
19	0.37552461624145506	2.5661829941506897	0.9730769230769231	0.9461538461538461
20	0.37555735451834543	2.882637973637225	0.9692307692307692	0.9384615384615385
21	0.37539052963256836	2.164523822540531	0.9759615384615384	0.9641025641025641
22	0.3753655889759893	1.6263447767978876	0.9810897435897435	0.9487179487179487
23	0.3752264181772868	1.7747937072904743	0.9839743589743589	0.9461538461538461
24	0.37509243965148925	1.8094235981187345	0.9814102564102564	0.9435897435897436
25	0.37514570126166713	2.1676539339467276	0.9791666666666666	0.958974358974359
26	0.37503939204745823	1.7968633129565539	0.982051282051282	0.9564102564102565
27	0.3751734324863979	2.3833008160415505	0.9788461538461538	0.9435897435897436
28	0.37516686834138013	1.4604275976782854	0.9833333333333333	0.9384615384615385
29	0.37523452440897626	1.233582783896685	0.9868589743589744	0.9564102564102565
30	0.37523912614391697	0.852733442778414	0.9903846153846154	0.9666666666666667
31	0.3750704228878021	0.5427486319439391	0.9955128205128205	0.9641025641025641
32	0.37516872810594964	0.43853769580149377	0.9961538461538462	0.9615384615384616
33	0.3750658736509435	0.39621985338245785	0.9967948717948718	0.9666666666666667
34	0.3750845296042306	0.4191867022404485	0.9951923076923077	0.9641025641025641
35	0.37498801946640015	0.5226824166961799	0.9942307692307693	0.9538461538461539
36	0.3748803654232541	1.2959793427619342	0.985897435897436	0.9512820512820512
37	0.3747548868781642	0.8306595930219057	0.9910256410256411	0.9717948717948718
38	0.3746814972315079	0.9692878886803091	0.9932692307692308	0.9358974358974359
39	0.37461828589439394	0.8431323904506102	0.9932692307692308	0.9641025641025641
40	0.3746479953207621	0.3272489737067431	0.996474358974359	0.9692307692307692
41	0.37452874297187444	0.2959830379202648	0.9971153846153846	0.9666666666666667
42	0.3744689198427422	0.24826528416733895	0.9977564102564103	0.9692307692307692
43	0.37451800974932586	0.2745767457118764	0.996474358974359	0.9666666666666667
44	0.3744243674808078	0.2709746001122284	0.9961538461538462	0.9666666666666667
45	0.3744203059569649	0.2450902969094572	0.9977564102564103	0.9692307692307692
46	0.37437972109368506	0.23133138614814794	0.9977564102564103	0.9641025641025641
47	0.37432844440142315	0.2612476887679433	0.9967948717948718	0.9666666666666667
48	0.3742675051397207	0.24922069415244588	0.9974358974358974	0.9666666666666667
49	0.3742759132385254	0.2392134337569587	0.9974358974358974	0.9692307692307692
50	0.3742641748166552	0.217314834736777	0.9977564102564103	0.9641025641025641
51	0.3741469704187833	0.20720166211633892	0.9980769230769231	0.9666666666666667
52	0.3741152286529541	0.20551236902673162	0.9980769230769231	0.9692307692307692
53	0.37414467334747314	0.20431169064383484	0.9980769230769231	0.9666666666666667
54	0.37410792437466706	0.20156650883669797	0.9980769230769231	0.9641025641025641
55	0.37400794880730764	0.20788341645641836	0.9980769230769231	0.9666666666666667
56	0.37395372725369636	0.19977924539808573	0.9980769230769231	0.9641025641025641
57	0.37389637272933435	0.20552020047487493	0.9977564102564103	0.9641025641025641
-1	-1	-1	-1	-1
0	0.452012300491333	104.13148638666893	0.23846153846153847	0.5230769230769231
1	0.4100494384765625	52.69115469407062	0.5192307692307693	0.6333333333333333
2	0.39768393834431964	31.894200977014037	0.6868589743589744	0.6461538461538462
3	0.390883207321167	23.96843742837711	0.760576923076923	0.735897435897436
4	0.38616175651550294	20.35086206514008	0.7980769230769231	0.7589743589743589
5	0.38461097081502277	18.455976384026663	0.8214743589743589	0.7974358974358975
6	0.38196546690804617	16.768913337162562	0.8285256410256411	0.8538461538461538
7	0.3792080581188202	12.170011252773051	0.878525641025641	0.8538461538461538
8	0.3771916495429145	11.474587074956116	0.8865384615384615	0.8871794871794871
9	0.375317907333374	9.730704812371002	0.8990384615384616	0.8692307692307693
10	0.3742775483564897	8.614143504171956	0.9105769230769231	0.8923076923076924
11	0.372963547706604	8.3472028891651	0.9189102564102564	0.8435897435897436
12	0.372438540825477	9.9193250670725	0.9076923076923077	0.8692307692307693
13	0.3715534380504063	8.406447815651797	0.9128205128205128	0.8641025641025641
14	0.37049835522969565	6.113815606856833	0.9413461538461538	0.9230769230769231
15	0.36979883909225464	3.5497234424918283	0.9628205128205128	0.9179487179487179
16	0.3694277090184829	3.7336650306016814	0.958974358974359	0.9333333333333333
17	0.3689231077829997	3.6769596165312186	0.9634615384615385	0.9282051282051282
18	0.3683411824075799	3.3852831306962337	0.9634615384615385	0.9153846153846154
19	0.36804431676864624	2.759013335467601	0.9685897435897436	0.9230769230769231
20	0.36756389481680735	2.1647044794671997	0.9759615384615384	0.9205128205128205
21	0.36734509468078613	1.4626875208139571	0.982051282051282	0.9384615384615385
22	0.3669891875723134	1.6432737361150318	0.9817307692307692	0.958974358974359
23	0.36662550767262775	1.5270343240111715	0.9830128205128205	0.9230769230769231
24	0.3670473861694336	2.128921427773502	0.9766025641025641	0.9538461538461539
25	0.36732276586385876	1.2272234659223837	0.9878205128205129	0.9435897435897436
26	0.36738332112630206	1.2697746835658517	0.9855769230769231	0.9487179487179487
27	0.36741540261677336	0.5643018769404414	0.9948717948717949	0.9487179487179487
28	0.3675199952618829	0.9611250586185263	0.989423076923077	0.9487179487179487
29	0.36771721045176187	0.7859985076974393	0.9926282051282052	0.9435897435897436
30	0.3678473503358902	0.5861506601653005	0.9942307692307693	0.9615384615384616
31	0.3680819272994995	0.4983038860099979	0.9948717948717949	0.9615384615384616
32	0.3683594862620036	0.4908945440010011	0.9945512820512821	0.9564102564102565
33	0.36851947447832895	0.3186010264860447	0.9961538461538462	0.9564102564102565
34	0.3687537397657122	0.28498835323143235	0.9977564102564103	0.958974358974359
35	0.3689469032817417	0.24684103192139076	0.9977564102564103	0.9615384615384616
36	0.3690265384880272	0.24682352057039234	0.9974358974358974	0.958974358974359
37	0.3690793514251709	0.26369903661246524	0.9967948717948718	0.958974358974359
38	0.3691699321453388	0.2216852054144529	0.9971153846153846	0.958974358974359
39	0.3693460762500763	0.23863655819879606	0.9974358974358974	0.958974358974359
40	0.3695056612898664	0.20917318484828926	0.9977564102564103	0.958974358974359
41	0.3694517385391962	0.4086655883895998	0.9958333333333333	0.9641025641025641
42	0.36934685707092285	0.29344501475549933	0.9967948717948718	0.9615384615384616
43	0.369227181781422	0.2380726872052408	0.9980769230769231	0.9615384615384616
44	0.369295687145657	0.3135907999423524	0.9971153846153846	0.9615384615384616
45	0.3692474831705508	0.4579373336425621	0.9945512820512821	0.9358974358974359
46	0.36928376238396826	0.38512331155073537	0.9951923076923077	0.9487179487179487
47	0.3692021270593007	1.041412069497283	0.989423076923077	0.9205128205128205
48	0.3691072415332405	0.7370418742484988	0.9932692307692308	0.9538461538461539
49	0.36910937309265135	0.22728555612515525	0.9980769230769231	0.9538461538461539
50	0.36917611196929334	0.2358695181533314	0.9971153846153846	0.9564102564102565
51	0.3692017931204576	0.19478512435025364	0.9977564102564103	0.9564102564102565
52	0.3691316955494431	0.16575845642720957	0.9987179487179487	0.9564102564102565
53	0.3691789044274224	0.17019676420605553	0.9987179487179487	0.958974358974359
54	0.3692048116163774	0.16243273085036686	0.9987179487179487	0.958974358974359
55	0.36917821424348013	0.15842501984156931	0.9980769230769231	0.958974358974359
56	0.3691643246433191	0.15263473828384364	0.9990384615384615	0.958974358974359
57	0.36914736649085733	0.13816587786095624	0.9987179487179487	0.958974358974359
58	0.3691264532380185	0.15412172261928891	0.9980769230769231	0.958974358974359
59	0.3691254536310832	0.14123046574717107	0.9983974358974359	0.958974358974359
60	0.3690973227141333	0.1658013180029749	0.9980769230769231	0.958974358974359
61	0.3691595292860462	0.12853088423386852	0.9990384615384615	0.958974358974359
-1	-1	-1	-1	-1
0	0.46130800247192383	100.53667374046482	0.26153846153846155	0.5538461538461539
1	0.4173123836517334	52.430218832833425	0.5240384615384616	0.6282051282051282
2	0.40191372235616046	32.8120410199068	0.6782051282051282	0.6923076923076923
3	0.3949540853500366	25.753516469682967	0.7483974358974359	0.7948717948717948
4	0.3900519847869873	19.125025233443903	0.8076923076923077	0.7743589743589744
5	0.38672709465026855	16.712825755683742	0.825	0.8025641025641026
6	0.38466484206063406	15.55165911450678	0.8394230769230769	0.8333333333333334
7	0.382861852645874	13.978526687135501	0.8666666666666667	0.8435897435897436
8	0.3817821078830295	11.200752482122304	0.8849358974358974	0.8846153846153846
9	0.380977463722229	11.553625638387642	0.8919871794871795	0.8974358974358975
10	0.38036931644786487	8.693016507187668	0.9192307692307692	0.9153846153846154
11	0.3793601989746094	8.786251807699399	0.9128205128205128	0.8974358974358975
12	0.3790292739868164	8.431991657432246	0.9179487179487179	0.9128205128205128
13	0.3783566100256784	6.738073311289963	0.9314102564102564	0.8974358974358975
14	0.3779630184173584	8.022834601679019	0.9208333333333333	0.8923076923076924
15	0.3776013106107712	5.5494818424387855	0.9403846153846154	0.9153846153846154
16	0.3770723342895508	4.0198086179336725	0.9605769230769231	0.9256410256410257
17	0.3766471942265828	3.7903112911296133	0.9580128205128206	0.9230769230769231
18	0.37637829780578613	3.54483783849496	0.9637820512820513	0.9358974358974359
19	0.37618658542633054	2.2369043360207685	0.9737179487179487	0.9512820512820512
20	0.37608288583301364	2.5457663080674044	0.971474358974359	0.9512820512820512
21	0.37571878866715863	2.2996789102480575	0.9727564102564102	0.9333333333333333
22	0.3756036551102348	2.3936590463379206	0.9740384615384615	0.9615384615384616
23	0.37573755780855816	1.9008832416872552	0.9794871794871794	0.9538461538461539
24	0.375644588470459	1.4030421593331028	0.9849358974358975	0.9564102564102565
25	0.3754817614188561	0.9681727976790078	0.989423076923077	0.9564102564102565
26	0.3753282935531051	1.2227616538768824	0.9862179487179488	0.9512820512820512
27	0.37538777930395945	0.9773916933419449	0.9897435897435898	0.9487179487179487
28	0.375394344329834	1.0671909512828428	0.9871794871794872	0.9538461538461539
29	0.37559402783711754	0.6810335435091437	0.9926282051282052	0.9512820512820512
30	0.37562361840278874	1.0383880821672002	0.9891025641025641	0.9615384615384616
31	0.37550341337919235	0.62457456459928	0.9923076923076923	0.9564102564102565
32	0.37532325946923456	1.0548082389322357	0.9910256410256411	0.9435897435897436
33	0.3751846341525807	0.666453283028297	0.9926282051282052	0.9666666666666667
34	0.375092465536935	0.46974501287361503	0.9955128205128205	0.958974358974359
35	0.37508613533443874	1.0847887406909686	0.9897435897435898	0.958974358974359
36	0.3750673886891958	1.0856193322213177	0.989423076923077	0.9564102564102565
37	0.37510903258072703	0.4561404766870083	0.9955128205128205	0.9564102564102565
38	0.37552591470571667	0.47620893655610935	0.9951923076923077	0.9615384615384616
39	0.37558757066726683	0.3146648587473687	0.9971153846153846	0.9564102564102565
40	0.37560401893243556	0.446720972290733	0.9948717948717949	0.9564102564102565
41	0.37544572353363037	0.4035957054432828	0.9958333333333333	0.958974358974359
42	0.37537401775981105	0.2930588459892867	0.9971153846153846	0.9564102564102565
43	0.375275888226249	0.2836582330281238	0.9971153846153846	0.9564102564102565
44	0.37523414293924967	0.2723926948105034	0.9974358974358974	0.958974358974359
45	0.37512675057286804	0.30445841643175264	0.996474358974359	0.9615384615384616
46	0.3750841668311586	0.2618814533379176	0.9974358974358974	0.9615384615384616
47	0.3750088761250178	0.2521628863572061	0.9971153846153846	0.958974358974359
48	0.37489261432569854	0.25349759923980797	0.9974358974358974	0.9615384615384616
49	0.37497021198272706	0.2700997499525737	0.9974358974358974	0.9615384615384616
50	0.3749653825572893	0.2403659904550518	0.9974358974358974	0.9538461538461539
51	0.3749503264060387	0.258194233158399	0.9971153846153846	0.9564102564102565
52	0.3748212715364852	0.3004046041234539	0.9971153846153846	0.958974358974359
53	0.3747157432414867	0.28721120383436627	0.9958333333333333	0.9564102564102565
-1	-1	-1	-1	-1
0	0.45952677726745605	95.81103394956006	0.2907051282051282	0.5
1	0.4127161502838135	53.19218710490635	0.5185897435897436	0.6564102564102564
2	0.3989078203837077	31.92313071659633	0.6932692307692307	0.7333333333333333
3	0.39160770177841187	23.657036937012965	0.7676282051282052	0.7487179487179487
4	0.3880311012268066	18.440408906158137	0.8153846153846154	0.7846153846153846
5	0.3867053985595703	16.03005545723195	0.8355769230769231	0.7923076923076923
6	0.3853817326681955	13.668370611813604	0.8541666666666666	0.8564102564102564
7	0.38438716530799866	11.832743892256094	0.8810897435897436	0.8538461538461538
8	0.3831799295213487	11.833542871231936	0.8839743589743589	0.8769230769230769
9	0.3822957515716553	11.9674924025122	0.8759615384615385	0.9333333333333333
10	0.3816644928672097	9.4362709960159	0.907051282051282	0.9205128205128205
11	0.3812543749809265	8.921292211328234	0.908974358974359	0.8897435897435897
12	0.3807699130131648	8.808761702508342	0.9105769230769231	0.9025641025641026
13	0.380229115486145	7.473675395153006	0.9217948717948717	0.8871794871794871
14	0.3796255588531494	6.331018007531458	0.9358974358974359	0.9205128205128205
15	0.37954577803611755	3.6186670242827765	0.9637820512820513	0.9282051282051282
16	0.3792093361125273	4.0035079483475	0.9535256410256411	0.9564102564102565
17	0.37871882650587296	4.487856621949041	0.9503205128205128	0.9333333333333333
18	0.37858878938775314	3.2439672023590123	0.9663461538461539	0.9179487179487179
19	0.3783437967300415	3.4158549716278	0.9708333333333333	0.9282051282051282
20	0.3784108729589553	3.4108070829807193	0.9605769230769231	0.9461538461538461
21	0.3782915852286599	2.699502315904413	0.9701923076923077	0.9461538461538461
22	0.3781628816024117	2.0469381221741134	0.9814102564102564	0.9538461538461539
23	0.37809622287750244	2.1679665217157074	0.9788461538461538	0.9564102564102565
24	0.3777754592895508	1.228004553226982	0.9871794871794872	0.9641025641025641
25	0.3775542424275325	2.1481750684657266	0.9791666666666666	0.9615384615384616
26	0.3773973959463614	1.5004640944511154	0.9884615384615385	0.9512820512820512
27	0.3773027573313032	1.3058397345273394	0.9852564102564103	0.9692307692307692
28	0.3772184108865672	0.8459257791198942	0.9897435897435898	0.9615384615384616
29	0.3769811789194743	0.4696828705610289	0.9958333333333333	0.9641025641025641
30	0.3769320749467419	0.49653368564833394	0.9945512820512821	0.9692307692307692
31	0.3770156279206276	0.3944367252988741	0.9955128205128205	0.9666666666666667
32	0.37693970131151605	0.35243268070174666	0.9961538461538462	0.9641025641025641
33	0.37677617634043975	0.3305808789042129	0.9971153846153846	0.9692307692307692
34	0.3766463484082903	0.30537935972609614	0.9971153846153846	0.9641025641025641
35	0.3766498698128594	0.32997350396982833	0.9961538461538462	0.9692307692307692
36	0.37653408823786555	0.24596934846036045	0.9971153846153846	0.9641025641025641
37	0.37646710872650146	0.19204431430544178	0.9983974358974359	0.9666666666666667
38	0.37669478318630123	0.18126599841907962	0.9980769230769231	0.9717948717948718
39	0.3765497148036957	0.1776546656195079	0.9977564102564103	0.9692307692307692
40	0.3766126167483446	0.161312528105703	0.9983974358974359	0.9717948717948718
41	0.37659225577399846	0.17039718962995704	0.9980769230769231	0.9666666666666667
42	0.3765666651171307	0.17913726578303701	0.9977564102564103	0.9717948717948718
43	0.37656944448297675	0.16366608005150088	0.9980769230769231	0.9717948717948718
44	0.37640747494167753	0.1603271490742057	0.9983974358974359	0.9692307692307692
45	0.3763461734937585	0.15795228249407955	0.9983974358974359	0.9692307692307692
46	0.37644707395675336	0.151930977955405	0.9980769230769231	0.9666666666666667
47	0.376410111784935	0.15655683390635816	0.9983974358974359	0.9692307692307692
48	0.37641683889895067	0.14870600504723464	0.9987179487179487	0.9692307692307692
49	0.37631778717041015	0.15685466049978217	0.9983974358974359	0.9666666666666667
50	0.3762219466415106	0.14497976549749608	0.9983974358974359	0.9692307692307692
51	0.37626248139601487	0.1492171841494624	0.9980769230769231	0.9692307692307692
52	0.3763432277823394	0.15161557709974918	0.9980769230769231	0.9692307692307692
53	0.3763441156457972	0.15518119902726446	0.9983974358974359	0.9692307692307692
54	0.37629483396356755	0.14155699927187942	0.9980769230769231	0.9692307692307692
55	0.37623119354248047	0.15361207826238255	0.9983974358974359	0.9692307692307692
56	0.37624430656433105	0.14598258493595273	0.9983974358974359	0.9692307692307692
57	0.37625939681612214	0.14128982451247607	0.9983974358974359	0.9666666666666667
58	0.37625178644212626	0.13874784803556395	0.9983974358974359	0.9692307692307692
-1	-1	-1	-1	-1
0	0.5210225582122803	98.13649697206458	0.28076923076923077	0.5076923076923077
1	0.44652843475341797	53.59855443604138	0.5147435897435897	0.6615384615384615
2	0.4231213728586833	31.788692513290716	0.6916666666666667	0.7410256410256411
3	0.41116344928741455	24.06114442981019	0.7560897435897436	0.7717948717948718
4	0.4038260459899902	19.59930130900169	0.7961538461538461	0.841025641025641
5	0.39858078956604004	15.327181426846252	0.8477564102564102	0.8461538461538461
6	0.39503043038504465	14.17592440089401	0.8442307692307692	0.8666666666666667
7	0.39177167415618896	13.084791215098633	0.8701923076923077	0.9051282051282051
8	0.3897506131066216	12.273393759922106	0.8794871794871795	0.8692307692307693
9	0.38796629905700686	10.889251402446202	0.8916666666666667	0.9179487179487179
10	0.3867450627413663	9.770750735487256	0.9060897435897436	0.9128205128205128
11	0.38571921984354657	9.032459098769694	0.9118589743589743	0.8897435897435897
12	0.3846417023585393	7.207039435299075	0.9272435897435898	0.9282051282051282
13	0.38375329971313477	6.054404535539905	0.9381410256410256	0.9230769230769231
14	0.383295742670695	5.044432091469667	0.9455128205128205	0.9461538461538461
15	0.382673054933548	4.258804386367603	0.9564102564102565	0.9282051282051282
16	0.382208179025089	4.319780831358263	0.9551282051282052	0.958974358974359
17	0.3815854920281304	3.9732095038100166	0.9608974358974359	0.9435897435897436
18	0.3812243185545269	2.65972396426321	0.971474358974359	0.9615384615384616
19	0.38080166578292846	1.723436152885611	0.9801282051282051	0.9692307692307692
20	0.38052797317504883	2.7023402974009514	0.9698717948717949	0.9358974358974359
21	0.380291223526001	2.8934057656561536	0.9682692307692308	0.9512820512820512
22	0.3800173324087392	2.178664500882127	0.9746794871794872	0.9692307692307692
23	0.37968594829241437	1.3287421742606225	0.9855769230769231	0.9615384615384616
24	0.37940947532653807	1.153455552302909	0.9871794871794872	0.958974358974359
25	0.37913928582118106	1.0622360927375907	0.9887820512820513	0.9564102564102565
26	0.3789840274386936	0.9696984357195811	0.9887820512820513	0.958974358974359
27	0.37893158197402954	0.9857089132859315	0.9887820512820513	0.9717948717948718
28	0.37878556087099274	1.0063496597951078	0.9887820512820513	0.9615384615384616
29	0.3785642862319946	0.7512616839364399	0.9919871794871795	0.9641025641025641
30	0.3785346169625559	0.4934138770866189	0.9942307692307693	0.9666666666666667
31	0.37847794592380524	0.5516969201776285	0.9945512820512821	0.9615384615384616
32	0.3783792221184933	0.2806689053393303	0.9967948717948718	0.9717948717948718
33	0.3783682584762573	0.28265402060208783	0.996474358974359	0.9692307692307692
34	0.3783041409083775	0.3520956596808641	0.9958333333333333	0.9743589743589743
35	0.37815961572859025	0.7164658823936146	0.9926282051282052	0.9692307692307692
36	0.37799138636202423	0.478047022711229	0.9951923076923077	0.9666666666666667
37	0.3779153447402151	0.33521909631696073	0.996474358974359	0.9743589743589743
38	0.37775869247240895	0.4189198060455371	0.9955128205128205	0.9641025641025641
39	0.3776738464832306	0.28283341269172746	0.9971153846153846	0.9717948717948718
40	0.3775382739741628	0.20979942488086134	0.9980769230769231	0.9743589743589743
41	0.37747232686905635	0.17557653905013076	0.9980769230769231	0.9743589743589743
42	0.3774229648501374	0.17920623439534453	0.9980769230769231	0.9743589743589743
43	0.3773158246820623	0.1789836838857178	0.9980769230769231	0.9743589743589743
44	0.3771604167090522	0.1905683988657167	0.9977564102564103	0.9692307692307692
45	0.37698238310606585	0.1938146532892442	0.9977564102564103	0.9743589743589743
46	0.3769051318473004	0.1551611594047189	0.9987179487179487	0.9743589743589743
47	0.37691401441891986	0.15551455918971535	0.9983974358974359	0.9743589743589743
48	0.3767937543440838	0.15385092037113468	0.9980769230769231	0.9743589743589743
49	0.37675364017486573	0.14875221085599244	0.9983974358974359	0.9743589743589743
50	0.37679458599464566	0.14299117754356358	0.9983974358974359	0.9743589743589743
51	0.37680627749516415	0.13838705462115528	0.9983974358974359	0.9743589743589743
52	0.3767387417127501	0.14280494291838575	0.9980769230769231	0.9743589743589743
53	0.3767597366262365	0.14194963371499733	0.9983974358974359	0.9743589743589743
54	0.3767887072129683	0.13962280990234627	0.9983974358974359	0.9743589743589743
-1	-1	-1	-1	-1
0	0.4683363437652588	99.47742907854976	0.26826923076923076	0.45897435897435895
1	0.42018866539001465	54.50793881319007	0.5128205128205128	0.5205128205128206
2	0.4042183558146159	34.95906999159833	0.6605769230769231	0.6564102564102564
3	0.39477235078811646	22.964221642941844	0.7775641025641026	0.7564102564102564
4	0.38913965225219727	19.04107651418569	0.8080128205128205	0.7589743589743589
5	0.38562758763631183	14.665603686352165	0.8564102564102564	0.8
6	0.3830729212079729	13.375571007631263	0.8634615384615385	0.8384615384615385
7	0.3814212679862976	10.842128904498352	0.8836538461538461	0.8307692307692308
8	0.38001351886325413	12.599630966478465	0.8743589743589744	0.8692307692307693
9	0.379083251953125	9.148770145007543	0.9105769230769231	0.8717948717948718
10	0.3787513429468328	11.12196413412386	0.8967948717948718	0.8743589743589744
11	0.37831228971481323	9.946053981781006	0.9108974358974359	0.9102564102564102
12	0.3776513429788443	7.781897054643047	0.9211538461538461	0.8897435897435897
13	0.37681479113442556	7.611121770678734	0.930448717948718	0.9230769230769231
14	0.3759994665781657	6.54051388161523	0.9298076923076923	0.8923076923076924
15	0.3753509074449539	5.113592460143323	0.9483974358974359	0.8538461538461538
16	0.3749064277200138	4.71231020112731	0.9560897435897436	0.9179487179487179
17	0.37432470586564803	3.427121933359577	0.9650641025641026	0.9307692307692308
18	0.3741279024826853	3.0744572854315746	0.9721153846153846	0.9384615384615385
19	0.3741975903511047	2.515829517277984	0.9753205128205128	0.9461538461538461
20	0.3742629232860747	2.909280757932943	0.9676282051282051	0.9435897435897436
21	0.374462907964533	2.0983379202685795	0.9794871794871794	0.9512820512820512
22	0.3747166550677756	2.2587754741425115	0.9733974358974359	0.9461538461538461
23	0.3749796350797017	1.8637618507087534	0.9814102564102564	0.9487179487179487
24	0.3750181198120117	1.6993207085345472	0.978525641025641	0.9564102564102565
25	0.3751136798125047	1.3963554308664206	0.985897435897436	0.9435897435897436
26	0.3752125898996989	1.078877851122287	0.9878205128205129	0.941025641025641
27	0.3752359322139195	0.7819889058461128	0.9907051282051282	0.9512820512820512
28	0.37532562222974053	0.6218820403600872	0.9942307692307693	0.941025641025641
29	0.37525586287180585	1.0850206868092254	0.9891025641025641	0.9461538461538461
30	0.3752319966593096	0.9069360380526632	0.9897435897435898	0.9564102564102565
31	0.37523165345191956	1.1312481864184445	0.9871794871794872	0.9461538461538461
32	0.375304381052653	0.6772714282614084	0.9916666666666667	0.9512820512820512
33	0.3753967495525585	0.4364478127063936	0.9951923076923077	0.9641025641025641
34	0.3758941990988595	0.4331881516251941	0.9955128205128205	0.9666666666666667
35	0.37587910890579224	0.4715844234320981	0.9939102564102564	0.9641025641025641
36	0.37582999951130636	0.3089347924800751	0.9967948717948718	0.9564102564102565
37	0.3756308179152639	0.3230422176053921	0.996474358974359	0.9564102564102565
38	0.3756070748353616	0.3119202828137513	0.9971153846153846	0.9564102564102565
39	0.37554319500923156	0.2591525533721231	0.9971153846153846	0.9564102564102565
40	0.37547082435793994	0.2570439755206224	0.9971153846153846	0.9564102564102565
41	0.37550910881587435	0.22663565532594493	0.9977564102564103	0.9564102564102565
42	0.37550039069597113	0.21507958847968792	0.9977564102564103	0.958974358974359
43	0.3753495216369629	0.2102375375927332	0.9980769230769231	0.9564102564102565
44	0.37531239721510146	0.22370243182228236	0.9974358974358974	0.958974358974359
45	0.3753315262172533	0.22876860096833723	0.9971153846153846	0.9641025641025641
46	0.3752518207468885	0.2165765701395184	0.9977564102564103	0.9538461538461539
47	0.37514743705590564	0.2028595626926865	0.9980769230769231	0.9564102564102565
48	0.37509454999651226	0.2009912275080584	0.9980769230769231	0.9564102564102565
49	0.3750686550140381	0.1951000618438062	0.9977564102564103	0.9564102564102565
50	0.374982333650776	0.19526679415948633	0.9980769230769231	0.9564102564102565
51	0.37496498914865345	0.19395489787951434	0.9980769230769231	0.9564102564102565
52	0.3749392842346767	0.20022797043187596	0.9980769230769231	0.9564102564102565
53	0.3747554531803838	0.19313050990608216	0.9980769230769231	0.9564102564102565
54	0.3747207814996893	0.1918249763992588	0.9977564102564103	0.9641025641025641
-1	-1	-1	-1	-1
0	0.5160505771636963	92.39561863334812	0.31794871794871793	0.5564102564102564
1	0.43911612033843994	49.90037001395712	0.5509615384615385	0.5948717948717949
2	0.41433080037434894	31.580467214389724	0.6983974358974359	0.7205128205128205
3	0.40327566862106323	23.300017668276418	0.7756410256410257	0.7307692307692307
4	0.3967151641845703	19.031076801066497	0.808974358974359	0.7974358974358975
5	0.39234793186187744	17.704581270412522	0.8282051282051283	0.7846153846153846
6	0.3895410810198103	14.607511685819041	0.8496794871794872	0.7948717948717948
7	0.3873870372772217	15.452335082754797	0.8519230769230769	0.8307692307692308
8	0.3859898779127333	12.848851598038966	0.8727564102564103	0.8461538461538461
9	0.384844970703125	11.331792145359273	0.8868589743589743	0.841025641025641
10	0.38379521803422406	10.99749325246227	0.889102564102564	0.8641025641025641
11	0.38266460100809735	8.27889683842659	0.9192307692307692	0.8538461538461538
12	0.3821830199314998	7.334165396739025	0.926923076923077	0.8435897435897436
13	0.3815521172114781	6.396998501553828	0.9368589743589744	0.8923076923076924
14	0.3808607578277588	4.694676471608026	0.95	0.9230769230769231
15	0.3799433410167694	3.925499842027012	0.9602564102564103	0.9128205128205128
16	0.3793184757232666	3.395140363245594	0.9650641025641026	0.9076923076923077
17	0.3785809808307224	3.920515409081566	0.9618589743589744	0.9051282051282051
18	0.37858841293736506	2.898666694912375	0.9682692307692308	0.9179487179487179
19	0.3784072518348694	2.4303031191990083	0.9756410256410256	0.9102564102564102
20	0.3781304359436035	3.958950544764497	0.9586538461538462	0.9205128205128205
21	0.377686316316778	2.2902878838002074	0.9746794871794872	0.9384615384615385
22	0.37728308594745136	1.6953453249012937	0.9817307692307692	0.9307692307692308
23	0.37703170379002887	1.5355189011137629	0.9826923076923076	0.9282051282051282
24	0.3768410015106201	1.708764957406615	0.9794871794871794	0.9333333333333333
25	0.37675665892087495	1.2310844328330488	0.9881410256410257	0.9538461538461539
26	0.37666300491050436	0.9059397907005813	0.9907051282051282	0.9435897435897436
27	0.37646664891924175	1.308044566962944	0.9897435897435898	0.9487179487179487
28	0.3762186724564125	1.1115495482690119	0.9884615384615385	0.9358974358974359
29	0.37600753307342527	1.5490803068066585	0.9846153846153847	0.9461538461538461
30	0.3759156503985005	1.51358685873886	0.9855769230769231	0.9256410256410257
31	0.37578994035720825	0.97295190556431	0.9903846153846154	0.9487179487179487
32	0.3757809725674716	0.6420668260698036	0.9939102564102564	0.9435897435897436
33	0.37572694525999184	0.6526901340907991	0.992948717948718	0.9564102564102565
34	0.3756359440939767	0.5298685884585471	0.9945512820512821	0.9435897435897436
35	0.375459717379676	0.5800525751891451	0.9939102564102564	0.9487179487179487
36	0.375339598269076	0.3756581436045591	0.996474358974359	0.9641025641025641
37	0.37524695145456416	0.3263010314691869	0.9971153846153846	0.958974358974359
38	0.3752804719484769	0.2596265762825782	0.9974358974358974	0.9641025641025641
39	0.37530839443206787	0.23117511636422822	0.9977564102564103	0.9615384615384616
40	0.3751299032350866	0.2345737566362487	0.9977564102564103	0.9641025641025641
41	0.37514740512484596	0.24246298454313453	0.9974358974358974	0.958974358974359
42	0.3750878544740899	0.454986146656554	0.9961538461538462	0.9461538461538461
43	0.3751085563139482	0.4143297458913923	0.9955128205128205	0.9538461538461539
44	0.37511617872450087	0.2604188487662492	0.9974358974358974	0.9641025641025641
45	0.37504091470137885	0.2518801615919148	0.9974358974358974	0.9615384615384616
46	0.37496797581936453	0.22064347974439294	0.9977564102564103	0.9615384615384616
47	0.3753090153137843	0.20746135828100093	0.9974358974358974	0.9641025641025641
48	0.375061677426708	0.19892951992473432	0.9977564102564103	0.9615384615384616
49	0.3749754238128662	0.19560021572653233	0.9980769230769231	0.9615384615384616
50	0.3748628532185274	0.19425302776935682	0.9980769230769231	0.9615384615384616
51	0.37497989489482	0.19384096856269098	0.9980769230769231	0.9615384615384616
52	0.37486958503723145	0.19160415987805524	0.9977564102564103	0.9615384615384616
53	0.37479117623081915	0.19659773104100095	0.9977564102564103	0.9615384615384616
54	0.37480559782548384	0.18667302460232107	0.9980769230769231	0.9615384615384616
55	0.37477050934519085	0.19356489001505423	0.9980769230769231	0.9615384615384616
56	0.3746376915981895	0.1872277115204381	0.9980769230769231	0.9615384615384616
-1	-1	-1	-1	-1
0	0.44949865341186523	98.56401198250907	0.26282051282051283	0.5487179487179488
1	0.4073415994644165	51.690732547215056	0.5307692307692308	0.541025641025641
2	0.3944243590037028	32.2646663626846	0.6871794871794872	0.7256410256410256
3	0.38771623373031616	23.55865232798518	0.7673076923076924	0.717948717948718
4	0.38325066566467286	19.007063943512584	0.8028846153846154	0.7589743589743589
5	0.3808317979176839	17.020216593936997	0.8307692307692308	0.8333333333333334
6	0.37889054843357634	14.114873545510429	0.8548076923076923	0.8205128205128205
7	0.3776901662349701	11.68904498158669	0.8775641025641026	0.8256410256410256
8	0.3768750826517741	13.17849793604442	0.8695512820512821	0.8538461538461538
9	0.3758939027786255	10.6333807998774	0.8887820512820512	0.8282051282051283
10	0.3756691976027055	9.860722467607381	0.9051282051282051	0.8615384615384616
11	0.3749807874361674	10.255090636562327	0.9003205128205128	0.8974358974358975
12	0.3748484208033635	5.891830820210126	0.9384615384615385	0.9230769230769231
13	0.37438699177333284	4.760257224951472	0.9522435897435897	0.9128205128205128
14	0.3744134744008382	4.521923197585405	0.955448717948718	0.941025641025641
15	0.37416447699069977	4.343701190486247	0.9560897435897436	0.9128205128205128
16	0.3739117594326244	3.610403094592751	0.9641025641025641	0.9487179487179487
17	0.3737480772866143	2.352680583085333	0.9743589743589743	0.9512820512820512
18	0.3737736501191792	3.3434667085506478	0.9676282051282051	0.9512820512820512
19	0.3736709713935852	3.8582205802810434	0.9628205128205128	0.9641025641025641
20	0.3735775493440174	2.1954928765724393	0.9794871794871794	0.9461538461538461
21	0.37344081835313275	1.7725408693813547	0.9823717948717948	0.9512820512820512
22	0.3732735592385997	2.591365625093482	0.9740384615384615	0.9384615384615385
23	0.37320295969645184	2.2274663313862164	0.9769230769230769	0.9384615384615385
24	0.3728402328491211	1.4054205091432572	0.9875	0.9461538461538461
25	0.3725705696986272	0.9035542227555903	0.9910256410256411	0.9487179487179487
26	0.37268837292989093	0.9581301596974336	0.9900641025641026	0.9564102564102565
27	0.3726642302104405	0.7355258239240727	0.9926282051282052	0.9512820512820512
28	0.3727115598218194	0.5200893120502825	0.9945512820512821	0.9615384615384616
29	0.37244083881378176	0.5935657212233921	0.9939102564102564	0.9538461538461539
30	0.37244957493197534	0.8547842531305814	0.9926282051282052	0.9641025641025641
31	0.3727015107870102	0.615737264593398	0.9935897435897436	0.9615384615384616
32	0.372816750497529	0.37179222300753223	0.996474358974359	0.9615384615384616
33	0.3728767843807445	0.3497464479829729	0.9971153846153846	0.958974358974359
34	0.37302064214433944	0.3282638330705112	0.9967948717948718	0.9641025641025641
35	0.37306467029783463	0.30082173211537466	0.996474358974359	0.958974358974359
36	0.37311804616773453	0.339761343198396	0.9955128205128205	0.958974358974359
37	0.3731625707525956	0.31232502883477187	0.9961538461538462	0.958974358974359
38	0.3732709945776524	0.27097018054441185	0.9967948717948718	0.958974358974359
39	0.37323795557022094	0.2889628064804221	0.9971153846153846	0.9641025641025641
-1	-1	-1	-1	-1
0	0.5159859657287598	100.43558936216394	0.25544871794871793	0.49743589743589745
1	0.44702064990997314	52.666649254000916	0.530448717948718	0.6205128205128205
2	0.4244375228881836	32.515296215913736	0.6900641025641026	0.6871794871794872
3	0.4092567563056946	23.9230015131892	0.7637820512820512	0.6820512820512821
4	0.40029420852661135	20.502982003348215	0.7919871794871794	0.7846153846153846
5	0.3936754862467448	15.521980097099226	0.8426282051282051	0.8487179487179487
6	0.3895795685904367	15.189239643057999	0.8551282051282051	0.7692307692307693
7	0.385849267244339	14.077485254832677	0.8612179487179488	0.8256410256410256
8	0.3838963243696425	11.745207038460945	0.8782051282051282	0.8179487179487179
9	0.3817809343338013	9.12470823161456	0.9064102564102564	0.8948717948717949
10	0.3797448548403653	8.453865387914131	0.9157051282051282	0.882051282051282
11	0.3779948155085246	8.805441485375773	0.9096153846153846	0.8589743589743589
12	0.376759987611037	9.650942990366293	0.907051282051282	0.8692307692307693
13	0.37588068417140413	5.868205456709375	0.9349358974358974	0.8923076923076924
14	0.3747193654378255	4.161762865982493	0.9544871794871795	0.9102564102564102
15	0.3738494962453842	4.463116021484745	0.9560897435897436	0.9
16	0.37317242341883045	3.7014686758344877	0.9596153846153846	0.9
17	0.37307972378200954	3.281688693834811	0.9682692307692308	0.9025641025641026
18	0.3733326886829577	3.6512699294455198	0.9673076923076923	0.9205128205128205
19	0.37358043193817136	2.5981218111606275	0.9705128205128205	0.9102564102564102
20	0.3735512438274565	2.68085984193853	0.9737179487179487	0.9
21	0.3733431642705744	2.15851547154693	0.9772435897435897	0.9256410256410257
22	0.372886440028315	2.3743545256450544	0.9753205128205128	0.9435897435897436
23	0.37266260385513306	2.011210327863465	0.9791666666666666	0.9153846153846154
24	0.3721813678741455	1.5356169310873564	0.9855769230769231	0.9358974358974359
25	0.3717720967072707	1.046866001656317	0.9907051282051282	0.941025641025641
26	0.3713671189767343	0.9370292192515062	0.9903846153846154	0.9435897435897436
27	0.3711487480572292	1.0496643369884364	0.9884615384615385	0.9358974358974359
28	0.37072395456248314	0.7682257724845097	0.9919871794871795	0.9461538461538461
29	0.370491615931193	0.5411594219580625	0.9942307692307693	0.9256410256410257
30	0.37003794793159733	1.009406090733044	0.9887820512820513	0.9435897435897436
31	0.36982717365026474	1.1255841537720848	0.9913461538461539	0.9461538461538461
32	0.36956865859754157	1.060304423826224	0.9897435897435898	0.9538461538461539
33	0.36927853612338796	0.8147471324654714	0.9932692307692308	0.9564102564102565
34	0.3690210410526821	0.4743625353225887	0.9935897435897436	0.9435897435897436
35	0.368889139758216	0.442170882485902	0.9958333333333333	0.9461538461538461
36	0.3687326070424673	0.33731703474649644	0.9961538461538462	0.9435897435897436
37	0.36854762152621623	1.6108495357733847	0.9849358974358975	0.9128205128205128
38	0.36825074293674565	1.0101455748104966	0.9900641025641026	0.9487179487179487
39	0.3680991351604462	0.7639042265779737	0.9916666666666667	0.9512820512820512
40	0.3679755548151528	0.39441332659726885	0.996474358974359	0.9435897435897436
41	0.3677930434544881	0.29207993147236044	0.9974358974358974	0.9384615384615385
42	0.3675302350243857	0.27722487949923025	0.9971153846153846	0.9384615384615385
43	0.3673148480328647	0.22246295032533564	0.9974358974358974	0.941025641025641
44	0.3671126206715902	0.21730940280172129	0.9977564102564103	0.941025641025641
45	0.3669360824253248	0.21212352612928953	0.9974358974358974	0.9435897435897436
46	0.3667936984528887	0.24125401867355806	0.9971153846153846	0.941025641025641
47	0.36660948892434436	0.3671627796821686	0.9961538461538462	0.9435897435897436
48	0.3664760784227021	0.3068105025017665	0.9958333333333333	0.9435897435897436
49	0.36639741420745847	0.30385299116178244	0.9971153846153846	0.9435897435897436
50	0.3662746326596129	0.2050386224524415	0.9977564102564103	0.9384615384615385
51	0.3660575564091022	0.1985463407973115	0.9980769230769231	0.9384615384615385
52	0.3659351231916895	0.19435481994351364	0.9977564102564103	0.9384615384615385
53	0.36573428136331065	0.1889762494419654	0.9977564102564103	0.941025641025641
-1	-1	-1	-1	-1
0	0.43822240829467773	91.9003203450417	0.316025641025641	0.5743589743589743
1	0.39925646781921387	53.4949630036646	0.5144230769230769	0.5974358974358974
2	0.38427122433980304	30.24917209391691	0.7121794871794872	0.7282051282051282
3	0.37808579206466675	24.670122136875076	0.7592948717948718	0.7410256410256411
4	0.37326679229736326	20.809130634580338	0.7891025641025641	0.7538461538461538
5	0.3726304769515991	17.862221440490412	0.826602564102564	0.7743589743589744
6	0.3720926897866385	14.277512929877457	0.8519230769230769	0.8358974358974359
7	0.3718598186969757	13.383583830327403	0.8695512820512821	0.8461538461538461
8	0.3713143931494819	12.258639873290548	0.8772435897435897	0.8717948717948718
9	0.37084853649139404	12.601218109228173	0.8772435897435897	0.8358974358974359
10	0.3709824952212247	10.781310106418571	0.8913461538461539	0.8564102564102564
11	0.3712785243988037	7.954329541143106	0.9224358974358975	0.8384615384615385
12	0.37105661172133225	8.199851191165497	0.9115384615384615	0.8974358974358975
13	0.37145279135022846	7.724885435736909	0.923397435897436	0.8923076923076924
14	0.37146196365356443	5.8994999768174425	0.9365384615384615	0.8692307692307693
15	0.3713354766368866	7.270724925003489	0.9272435897435898	0.8897435897435897
16	0.371429162866929	5.464789151841281	0.9416666666666667	0.8974358974358975
17	0.3711888657675849	4.611182842023519	0.9512820512820512	0.9205128205128205
18	0.3712415820673892	3.7056384449254494	0.9580128205128206	0.9282051282051282
19	0.37125595808029177	3.3471267123763657	0.9634615384615385	0.9538461538461539
20	0.3709810915447417	2.5340509226127548	0.9730769230769231	0.9205128205128205
21	0.37098740447651257	2.55232987910205	0.9730769230769231	0.9538461538461539
22	0.37078843946042267	1.9477471574684795	0.9817307692307692	0.9384615384615385
23	0.3702535629272461	1.4309727323849744	0.9842948717948717	0.958974358974359
24	0.3699522018432617	1.3347287567959605	0.9836538461538461	0.9333333333333333
25	0.3694329811976506	1.4834955918165493	0.9830128205128205	0.9512820512820512
26	0.3689943242956091	2.0994704268392823	0.9791666666666666	0.9641025641025641
27	0.3686939137322562	1.0173151180604283	0.9900641025641026	0.9512820512820512
28	0.36877380568405677	0.7755569613310603	0.9919871794871795	0.9487179487179487
29	0.3688034693400065	0.7696468189824373	0.9910256410256411	0.9487179487179487
30	0.36862262602775325	0.6730838994832937	0.9926282051282052	0.9435897435897436
31	0.368547260761261	1.5593496628523784	0.9833333333333333	0.9564102564102565
32	0.36868393059932825	1.192792643046919	0.9897435897435898	0.9564102564102565
33	0.36873604269588695	0.9511651878568287	0.9910256410256411	0.958974358974359
34	0.3688687665121896	0.6028902608609036	0.9926282051282052	0.9487179487179487
35	0.3689282006687588	1.200860658606778	0.9897435897435898	0.958974358974359
36	0.368972398139335	0.4902047495623784	0.9955128205128205	0.9538461538461539
37	0.3689301641363847	0.6073988058048357	0.9935897435897436	0.958974358974359
38	0.3689332252893692	0.41192498924127513	0.9958333333333333	0.9564102564102565
39	0.36895487308502195	0.33488052954828385	0.9971153846153846	0.9564102564102565
40	0.3689269089117283	0.43638472140238654	0.9951923076923077	0.9666666666666667
41	0.36893374011630103	0.32564767028207475	0.996474358974359	0.9615384615384616
42	0.3689382076263428	0.3119121624984807	0.9971153846153846	0.9666666666666667
43	0.3690219088034196	0.33416939581232386	0.9961538461538462	0.9615384615384616
44	0.36907575925191244	0.3021264503912214	0.996474358974359	0.9641025641025641
45	0.36908077675363293	0.32996828176374965	0.9971153846153846	0.9641025641025641
46	0.3691243567365281	0.2957578812153714	0.9971153846153846	0.9615384615384616
47	0.36906465888023376	0.27319067659801494	0.9967948717948718	0.9666666666666667
48	0.3691898949292241	0.2705340491058673	0.9967948717948718	0.9666666666666667
49	0.36922904968261716	0.26149818074250386	0.9971153846153846	0.9666666666666667
50	0.369259563146853	0.26244190447653876	0.9974358974358974	0.9641025641025641
51	0.3692771838261531	0.263101888525036	0.9974358974358974	0.9666666666666667
52	0.3692712963752027	0.26058169462517905	0.9967948717948718	0.9641025641025641
53	0.36923945391619645	0.26310175481676756	0.9971153846153846	0.9666666666666667
54	0.3692282286557284	0.25408283688768873	0.9974358974358974	0.9641025641025641
55	0.36921049867357525	0.2572751007384925	0.9967948717948718	0.9666666666666667
56	0.36903435723823413	0.24975367087026082	0.9974358974358974	0.9641025641025641
57	0.36902214740884715	0.2568973625421417	0.9967948717948718	0.9666666666666667
58	0.3689638679310427	0.24710915247465445	0.9974358974358974	0.9666666666666667
59	0.36879493395487467	0.24910384135126856	0.9971153846153846	0.9666666666666667
60	0.368563425345499	0.24442323594266038	0.9971153846153846	0.9666666666666667
-1	-1	-1	-1	-1
0	0.4474647045135498	99.25337655203683	0.2641025641025641	0.5051282051282051
1	0.40311527252197266	54.81819014646569	0.49935897435897436	0.6256410256410256
2	0.3878012498219808	33.422562180733195	0.683974358974359	0.7538461538461538
3	0.3807123303413391	24.094328855981633	0.7589743589743589	0.7564102564102564
4	0.375238037109375	19.355282715388707	0.8096153846153846	0.7666666666666667
5	0.372645099957784	18.55130082733777	0.8012820512820513	0.8435897435897436
6	0.3703512804848807	14.580905773201767	0.8576923076923076	0.8564102564102564
7	0.3689875900745392	13.216596858842033	0.8737179487179487	0.8487179487179487
8	0.3690191109975179	13.589650363338237	0.8596153846153847	0.8153846153846154
9	0.3679507732391357	11.1167806350455	0.8830128205128205	0.8692307692307693
10	0.3670491088520397	9.865673374156563	0.8967948717948718	0.9179487179487179
11	0.3666863242785136	7.944866295979947	0.9173076923076923	0.8948717948717949
12	0.36632625873272234	8.005286340506709	0.9208333333333333	0.9230769230769231
13	0.36585308824266705	6.746370550929283	0.9333333333333333	0.9102564102564102
14	0.365694268544515	5.9121151353631705	0.9362179487179487	0.941025641025641
15	0.36518694460392	4.897531152379756	0.9512820512820512	0.9487179487179487
16	0.3648243511424345	3.511518719815174	0.9580128205128206	0.9461538461538461
17	0.36469647619459367	4.349250418647212	0.9535256410256411	0.9128205128205128
18	0.3645037098934776	2.965882299353882	0.9666666666666667	0.9641025641025641
19	0.3647820234298706	2.344836083925044	0.9756410256410256	0.9692307692307692
20	0.36464658237638925	2.2682364156887846	0.9775641025641025	0.9692307692307692
21	0.3650737242265181	1.6294325122571722	0.9814102564102564	0.9384615384615385
22	0.36535566786061163	2.1686599147601093	0.975	0.9692307692307692
23	0.3656524419784546	1.6001107365924068	0.9833333333333333	0.9487179487179487
24	0.3660409450531006	2.084317006893	0.9772435897435897	0.9615384615384616
25	0.3663692290966327	1.4412409631079253	0.9852564102564103	0.9461538461538461
26	0.3665155393105966	1.382726031930509	0.9836538461538461	0.9641025641025641
27	0.3666878172329494	0.9154767224289553	0.9903846153846154	0.982051282051282
28	0.3670154522205221	0.9110671308031781	0.9900641025641026	0.9641025641025641
29	0.3674046039581299	0.8883090005398785	0.9907051282051282	0.9538461538461539
30	0.36772363416610226	0.8274244724841769	0.9910256410256411	0.982051282051282
31	0.36810848861932755	0.756955267331677	0.9919871794871795	0.9743589743589743
32	0.3682150768511223	0.5952034201330448	0.9932692307692308	0.9717948717948718
33	0.36844029847313375	0.49453603479493297	0.9951923076923077	0.9769230769230769
34	0.36869867869785855	0.3177680838259165	0.9971153846153846	0.9794871794871794
35	0.36872472365697223	0.3462021353972924	0.996474358974359	0.9794871794871794
36	0.3688551026421624	0.24792755464963823	0.9977564102564103	0.9794871794871794
37	0.368850356654117	0.3264191793455675	0.996474358974359	0.9717948717948718
38	0.3688437021695651	0.42438183308042093	0.9958333333333333	0.9743589743589743
39	0.36909401416778564	0.8079181075014759	0.9939102564102564	0.9717948717948718
40	0.36919440292730565	0.4972802658894394	0.9945512820512821	0.982051282051282
41	0.36934403010777067	0.5585357559499169	0.9939102564102564	0.9743589743589743
42	0.3693731995516045	0.190468265652141	0.9980769230769231	0.982051282051282
43	0.3693978732282465	0.1467356967133332	0.9987179487179487	0.9769230769230769
44	0.3696064631144206	0.14081943487025808	0.9990384615384615	0.9769230769230769
45	0.36973277382228686	0.12552160634071213	0.9987179487179487	0.9794871794871794
46	0.3704529062230536	0.14095618732641682	0.9990384615384615	0.9769230769230769
47	0.3702840854724248	0.10557108818443803	0.9990384615384615	0.9794871794871794
-1	-1	-1	-1	-1
0	0.5207951068878174	102.58144479868363	0.2407051282051282	0.49743589743589745
1	0.4425264596939087	51.80225709019875	0.5185897435897436	0.6076923076923076
2	0.416945219039917	31.507610934121267	0.6862179487179487	0.7692307692307693
3	0.40462273359298706	25.192863172414352	0.7522435897435897	0.7410256410256411
4	0.3972496032714844	18.524259956515564	0.8112179487179487	0.8051282051282052
5	0.39193352063496906	19.16258854768714	0.8144230769230769	0.7923076923076923
6	0.3879904406411307	15.186313115820592	0.8455128205128205	0.8897435897435897
7	0.3855136036872864	11.928055243832725	0.8807692307692307	0.8743589743589744
8	0.38394011391533744	14.43173670038885	0.8673076923076923	0.8282051282051283
9	0.3830022096633911	13.641688545139468	0.8663461538461539	0.8666666666666667
10	0.3815223520452326	10.00575766879685	0.9051282051282051	0.8307692307692308
11	0.3803841670354207	9.216748838521996	0.9028846153846154	0.8666666666666667
12	0.3794412429516132	8.485977440464254	0.9166666666666666	0.9076923076923077
13	0.37902733257838656	7.61224084605976	0.9227564102564103	0.9102564102564102
14	0.37859710057576496	5.190138555607017	0.9448717948717948	0.9256410256410257
15	0.3782462775707245	4.247154528389172	0.9528846153846153	0.9461538461538461
16	0.37752504909739776	4.026547394997003	0.9570512820512821	0.9538461538461539
17	0.377254949675666	4.095605265083058	0.9583333333333334	0.9512820512820512
18	0.37693314803274053	3.479180264837888	0.9608974358974359	0.9358974358974359
19	0.37655112743377683	2.7756872924843004	0.9730769230769231	0.9538461538461539
20	0.37633830025082543	2.0473153657298915	0.9756410256410256	0.9384615384615385
21	0.3761354793201793	2.4498870013452763	0.9740384615384615	0.9512820512820512
22	0.375730327937914	2.8749701931920586	0.971474358974359	0.9666666666666667
23	0.37538251280784607	1.873012064157852	0.9794871794871794	0.9564102564102565
24	0.3751616096496582	1.907159209517496	0.9794871794871794	0.9461538461538461
25	0.37479044840886044	1.8186878895349041	0.9807692307692307	0.9461538461538461
26	0.374563111199273	1.3109617474374875	0.9855769230769231	0.958974358974359
27	0.3745338235582624	1.3909752012743635	0.9852564102564103	0.9615384615384616
28	0.37441486325757256	0.7342236017029048	0.9932692307692308	0.958974358974359
29	0.3741610050201416	0.8227049368932577	0.9900641025641026	0.958974358974359
30	0.3739072507427585	1.253347911962251	0.9865384615384616	0.9615384615384616
31	0.37405699491500854	0.9224041510511152	0.9907051282051282	0.9564102564102565
32	0.37397136110247986	0.7300571864530235	0.9939102564102564	0.9615384615384616
33	0.37389341522665587	0.680490626809805	0.9923076923076923	0.9564102564102565
34	0.3738619259425572	0.7060127781997483	0.9932692307692308	0.9615384615384616
35	0.3736154105928209	0.5098377183763957	0.9951923076923077	0.9564102564102565
36	0.373492008930928	0.4803552848323455	0.9942307692307693	0.9692307692307692
37	0.37352765861310455	0.6831373217615432	0.9926282051282052	0.9615384615384616
38	0.37349371421031463	1.0868487004725242	0.9897435897435898	0.9564102564102565
39	0.37349157929420473	0.7641372031945621	0.9919871794871795	0.9641025641025641
40	0.37341786593925663	0.4155235034983833	0.9955128205128205	0.9615384615384616
41	0.3735236894516718	0.3605829488037021	0.9961538461538462	0.9641025641025641
42	0.3734480946563011	0.29640003924296066	0.9974358974358974	0.9692307692307692
43	0.37343643470243976	0.27509009962240993	0.9967948717948718	0.9717948717948718
44	0.37337080637613934	0.2591156366258047	0.9974358974358974	0.9692307692307692
45	0.3733455357344254	0.23964759537468164	0.9977564102564103	0.9666666666666667
46	0.3732257548798906	0.22920121841206292	0.9977564102564103	0.9666666666666667
47	0.37316804627577466	0.23064991272117275	0.9967948717948718	0.9641025641025641
48	0.3730127714118179	0.2320458429639242	0.9977564102564103	0.9641025641025641
49	0.3729360389709473	0.22986309395057514	0.9977564102564103	0.9666666666666667
50	0.372846570669436	0.2254149847108145	0.9977564102564103	0.9692307692307692
51	0.3728311061859131	0.2220043190387997	0.9974358974358974	0.9666666666666667
52	0.3727903995873793	0.21667153731182132	0.9977564102564103	0.9666666666666667
53	0.372749474313524	0.22515078284451026	0.9971153846153846	0.9692307692307692
54	0.37259674939242277	0.21486357449959206	0.9977564102564103	0.9666666666666667
55	0.37245708278247286	0.20951145927578255	0.9977564102564103	0.9692307692307692
56	0.37229024736504807	0.21087718014210363	0.9974358974358974	0.9666666666666667
57	0.3722798331030484	0.20348768567018108	0.9980769230769231	0.9692307692307692
58	0.37226289813801394	0.20766924153142508	0.9977564102564103	0.9692307692307692
59	0.3721433599789937	0.2005965349128427	0.9977564102564103	0.9692307692307692
60	0.37206018166463883	0.1987900551584043	0.9977564102564103	0.9692307692307692
61	0.37207761118488925	0.19188663839690426	0.9977564102564103	0.9692307692307692
62	0.3720832779293969	0.1970538468032865	0.9977564102564103	0.9692307692307692
63	0.3720613904297352	0.18906670685598273	0.9977564102564103	0.9692307692307692
-1	-1	-1	-1	-1
0	0.4485898017883301	104.10026176608339	0.22916666666666666	0.41794871794871796
1	0.4066203832626343	52.462393429814554	0.5182692307692308	0.6307692307692307
2	0.39441847801208496	33.82552653916028	0.673397435897436	0.735897435897436
3	0.387942373752594	25.486094095269028	0.75	0.7794871794871795
4	0.38469109535217283	19.324744219682653	0.7948717948717948	0.782051282051282
5	0.38189252217610675	16.876821211406163	0.8320512820512821	0.8384615384615385
6	0.37964166913713726	13.1534205383184	0.860897435897436	0.8333333333333334
7	0.37828004360198975	13.892710894954448	0.8612179487179488	0.8076923076923077
8	0.377199649810791	12.98280473996182	0.8778846153846154	0.8564102564102564
9	0.3767089366912842	10.588505221872914	0.8903846153846153	0.882051282051282
10	0.37610216574235394	8.801554125182482	0.9025641025641026	0.8769230769230769
11	0.3752236564954122	7.383689009413427	0.9282051282051282	0.8923076923076924
12	0.37456448261554426	7.511928932399166	0.926923076923077	0.8871794871794871
13	0.37420713901519775	4.988392882961399	0.9458333333333333	0.9051282051282051
14	0.3739800771077474	5.058351938365673	0.951602564102564	0.9051282051282051
15	0.3733002543449402	5.308631255006303	0.9451923076923077	0.9205128205128205
16	0.3730160488801844	4.229512656373637	0.9605769230769231	0.9205128205128205
17	0.3727305995093452	3.6982853688603763	0.9596153846153846	0.9205128205128205
18	0.372548918975027	2.91465143733943	0.9676282051282051	0.9384615384615385
19	0.37252832651138307	2.4822369458210862	0.9730769230769231	0.9153846153846154
20	0.3721500010717483	2.2539813469487187	0.9740384615384615	0.9435897435897436
21	0.3720367496663874	1.8836707659445855	0.9804487179487179	0.9256410256410257
22	0.3721926626951798	1.312139336402262	0.9862179487179488	0.9333333333333333
23	0.3721726139386495	1.2102413120898132	0.9875	0.9358974358974359
24	0.372225284576416	1.0170718943747712	0.9871794871794872	0.9282051282051282
25	0.372184157371521	1.26557566278272	0.9865384615384616	0.9205128205128205
26	0.3721842235989041	1.9222516791125266	0.9817307692307692	0.9384615384615385
27	0.37232509681156706	1.9178879662911046	0.9826923076923076	0.9307692307692308
28	0.3722890327716696	1.289376821551871	0.9852564102564103	0.9256410256410257
29	0.37227370738983157	3.0114095045743055	0.975	0.9128205128205128
30	0.37225963223365044	1.3674080168248668	0.9836538461538461	0.941025641025641
31	0.3721165284514427	0.5587497045362027	0.9939102564102564	0.9461538461538461
32	0.37202584382259485	0.6409905909902739	0.992948717948718	0.9384615384615385
33	0.3720148521311143	0.6394020262986839	0.9939102564102564	0.9461538461538461
34	0.3719616140638079	0.3891987907213197	0.9948717948717949	0.9538461538461539
35	0.37189094887839425	0.30494333792249767	0.9971153846153846	0.9487179487179487
36	0.3717683714789313	0.2963891339818567	0.996474358974359	0.9512820512820512
37	0.37172981312400416	0.2617201611663367	0.9971153846153846	0.9512820512820512
38	0.37166621134831357	0.25085758702052585	0.9967948717948718	0.9538461538461539
39	0.371619313955307	0.20229034087910525	0.9974358974358974	0.9538461538461539
40	0.3714777492895359	0.18444884828843025	0.9977564102564103	0.9538461538461539
41	0.3714683566774641	0.19078788103456182	0.9980769230769231	0.9538461538461539
42	0.37151309501293095	0.17153902462094414	0.9974358974358974	0.9564102564102565
43	0.3714918223294345	0.18179842728776358	0.9980769230769231	0.9512820512820512
44	0.3713850498199463	0.15623906289470235	0.9983974358974359	0.9564102564102565
45	0.3713743479355522	0.17496925064826466	0.9980769230769231	0.9538461538461539
46	0.3713105232157606	0.1799995441630314	0.9974358974358974	0.9538461538461539
47	0.37133972346782684	0.16444138505480344	0.9980769230769231	0.9538461538461539
48	0.3713411652311987	0.16267882190865693	0.9971153846153846	0.9538461538461539
49	0.3712355136871338	0.15613616600677807	0.9983974358974359	0.9512820512820512
50	0.371198855194391	0.16452481611694175	0.9977564102564103	0.9538461538461539
51	0.37107792725929845	0.15418315532781202	0.9977564102564103	0.9538461538461539
52	0.3711030753153675	0.15524696767934817	0.9980769230769231	0.9538461538461539
53	0.37106978451764144	0.15090114883505334	0.9980769230769231	0.9538461538461539
54	0.37108478979630904	0.1529911482336446	0.9983974358974359	0.9538461538461539
55	0.3710452360766275	0.13660420773081866	0.9980769230769231	0.9538461538461539
56	0.3710859867564419	0.1444409330932623	0.9980769230769231	0.9512820512820512
57	0.37104424114885004	0.1477072217716415	0.9980769230769231	0.9538461538461539
58	0.3710732621661687	0.16231766893015817	0.9980769230769231	0.9538461538461539
59	0.3710809270540873	0.14603663216475793	0.9977564102564103	0.9538461538461539
60	0.3710844985774306	0.13920137584886552	0.9983974358974359	0.9538461538461539
61	0.3710856706865372	0.13628967370897618	0.9983974358974359	0.9538461538461539
62	0.37105740062774173	0.13785870382904547	0.9983974358974359	0.9538461538461539
-1	-1	-1	-1	-1
0	0.5147867202758789	97.1855516044461	0.2881410256410256	0.5025641025641026
1	0.4422515630722046	50.334459051793935	0.5423076923076923	0.676923076923077
2	0.4177199999491374	31.692437960177053	0.691025641025641	0.7128205128205128
3	0.4050357937812805	23.215462840333277	0.7631410256410256	0.7205128205128205
4	0.3970191478729248	19.931549617222377	0.8032051282051282	0.8102564102564103
5	0.39212214946746826	18.582304205213273	0.816025641025641	0.7871794871794872
6	0.3894573620387486	13.51853059749214	0.8596153846153847	0.8307692307692308
7	0.38726383447647095	13.014956194527295	0.8621794871794872	0.8435897435897436
8	0.3859724203745524	11.362073738356026	0.8881410256410256	0.8794871794871795
9	0.3842692613601685	13.155176446145894	0.8721153846153846	0.7974358974358975
10	0.3830194690010764	9.47465612541656	0.903525641025641	0.882051282051282
11	0.3823050657908122	8.467620755944933	0.9108974358974359	0.8974358974358975
12	0.38129038077134353	6.84695641179474	0.9298076923076923	0.8871794871794871
13	0.38048180512019564	7.551864996552467	0.925	0.8384615384615385
14	0.379241418838501	5.816111117601395	0.9365384615384615	0.8948717948717949
15	0.3784848302602768	3.5786195619373906	0.9592948717948718	0.8897435897435897
16	0.37799983866074505	3.7300728574699287	0.9573717948717949	0.9025641025641026
17	0.37755662865108913	5.769593876539444	0.9490384615384615	0.9153846153846154
18	0.3768969209570634	4.000164588343124	0.9605769230769231	0.9076923076923077
19	0.37629616260528564	2.7325032874181563	0.969551282051282	0.9153846153846154
20	0.37589476222083684	3.540818219282189	0.9628205128205128	0.9205128205128205
21	0.375607739795338	2.2314907398207913	0.9759615384615384	0.9307692307692308
22	0.37533781839453656	2.0514375463280143	0.978525641025641	0.9333333333333333
23	0.3752911686897278	1.9633928192874455	0.9810897435897435	0.9358974358974359
24	0.37500412940979005	1.7878854518414151	0.9798076923076923	0.9384615384615385
25	0.3748128322454599	1.6902846439019301	0.9839743589743589	0.9333333333333333
26	0.37467780819645635	1.869513406831657	0.9836538461538461	0.9333333333333333
27	0.37458986043930054	1.2881258574922627	0.9878205128205129	0.941025641025641
28	0.37450497725914267	0.6012059960571327	0.9942307692307693	0.9487179487179487
29	0.37435069878896077	0.618214590705418	0.9942307692307693	0.9358974358974359
30	0.3742185869524556	1.7411287104942876	0.9804487179487179	0.9128205128205128
31	0.37407873570919037	1.8279485609691248	0.9833333333333333	0.9307692307692308
32	0.3740554722872647	0.8965217833958414	0.9903846153846154	0.9358974358974359
33	0.3739632999195772	0.5532415839035673	0.9948717948717949	0.9538461538461539
34	0.37371268953595843	0.3669845352795127	0.9955128205128205	0.9538461538461539
35	0.3732807371351454	0.34600813278681314	0.996474358974359	0.9564102564102565
36	0.37305873149150126	0.3189326540711906	0.9974358974358974	0.9564102564102565
37	0.3728968657945332	0.3212904046488301	0.9967948717948718	0.9512820512820512
38	0.372799005263891	0.33231514240113175	0.9961538461538462	0.9538461538461539
39	0.372592830657959	0.2549259686641804	0.9967948717948718	0.9538461538461539
40	0.37240848890165	0.2425137982105038	0.9974358974358974	0.9538461538461539
41	0.37231690543038504	0.21859184646449165	0.9977564102564103	0.9512820512820512
42	0.37226096419400945	0.21105919321119898	0.9977564102564103	0.9564102564102565
43	0.3719493259083141	0.20469075916406262	0.9977564102564103	0.9538461538461539
44	0.3716338051689996	0.21041081232011047	0.9980769230769231	0.9564102564102565
45	0.37136140077010443	0.19569647595963777	0.9967948717948718	0.9538461538461539
46	0.3710684167577865	0.19272171934745547	0.9980769230769231	0.9538461538461539
47	0.37078327933947247	0.19559106500792597	0.9974358974358974	0.9538461538461539
48	0.37041639795108716	0.19065192322675417	0.9980769230769231	0.9538461538461539
49	0.3702277421951294	0.18771866922238867	0.9980769230769231	0.9538461538461539
50	0.37015677900875316	0.18308426399840866	0.9980769230769231	0.9538461538461539
51	0.37011554607978236	0.18479713248119395	0.9977564102564103	0.9538461538461539
52	0.36990719921184034	0.18355860773022423	0.9977564102564103	0.9538461538461539
53	0.36977418705269144	0.1819911541423032	0.9974358974358974	0.9538461538461539
54	0.3695698087865656	0.1804648861824698	0.9980769230769231	0.9538461538461539
55	0.3694678970745632	0.1860508542095162	0.9977564102564103	0.9538461538461539
-1	-1	-1	-1	-1
0	0.45188140869140625	100.7591193257546	0.2592948717948718	0.49743589743589745
1	0.40877580642700195	52.63667114413514	0.5240384615384616	0.6282051282051282
2	0.3952353795369466	32.303462816744435	0.6801282051282052	0.7333333333333333
3	0.388316810131073	23.534693523329132	0.7689102564102565	0.8076923076923077
4	0.38281774520874023	20.508910485676356	0.8	0.7538461538461538
5	0.3803873459498088	16.009254061445898	0.8355769230769231	0.8358974358974359
6	0.37855485507420134	14.03579240429158	0.8573717948717948	0.8564102564102564
7	0.3852000832557678	12.523275560262253	0.8682692307692308	0.9025641025641026
8	0.3837413258022732	12.79910434265526	0.8743589743589744	0.8564102564102564
9	0.38220117092132566	12.084908900212268	0.8836538461538461	0.882051282051282
10	0.38104540651494806	10.335995703327413	0.9032051282051282	0.8461538461538461
11	0.3798307577768962	8.682754126738528	0.9153846153846154	0.9230769230769231
12	0.3789362540611854	8.577706965256711	0.9179487179487179	0.9282051282051282
13	0.3781782729285104	5.721205275885913	0.9458333333333333	0.9358974358974359
14	0.3776659647623698	6.2661615962884865	0.9413461538461538	0.9128205128205128
15	0.37735919654369354	5.016544093586961	0.9496794871794871	0.9615384615384616
16	0.37688446044921875	4.410528747706997	0.955448717948718	0.9384615384615385
17	0.376651750670539	3.6860912534959462	0.9605769230769231	0.958974358974359
18	0.3765745162963867	3.6695795015108827	0.9621794871794872	0.958974358974359
19	0.376357102394104	2.938395286397058	0.9701923076923077	0.9666666666666667
20	0.3760973498934791	2.0028700913511672	0.9788461538461538	0.9769230769230769
21	0.37564716555855493	2.8112099910040897	0.9724358974358974	0.9615384615384616
22	0.375330054241678	2.59743073483815	0.9740384615384615	0.9743589743589743
23	0.3753190338611603	1.60928139630325	0.9839743589743589	0.9692307692307692
24	0.3752150630950928	1.4773400598538242	0.9849358974358975	0.9692307692307692
25	0.37487610486837536	1.5271970501872807	0.985897435897436	0.9743589743589743
26	0.37475291004887334	1.0593529344887986	0.9875	0.9717948717948718
27	0.37469602482659475	1.2266362113545515	0.985897435897436	0.9666666666666667
28	0.37470214942405966	0.8111214304713494	0.9910256410256411	0.9794871794871794
29	0.37468257745107014	1.12682181365826	0.9868589743589744	0.982051282051282
30	0.3745143259725263	1.1193854527557459	0.9868589743589744	0.9846153846153847
31	0.3743184804916382	0.5287983737712517	0.9948717948717949	0.9846153846153847
32	0.37418203642874054	0.451571956016741	0.9955128205128205	0.9846153846153847
33	0.37405481058008533	0.4400573135338776	0.9951923076923077	0.982051282051282
34	0.37410666601998466	0.3951913712541626	0.9955128205128205	0.982051282051282
35	0.3740772671169705	0.5873134952010016	0.9948717948717949	0.9717948717948718
36	0.37393596365645126	0.7750071048622533	0.9926282051282052	0.982051282051282
37	0.3737273718181409	0.3656866594279489	0.9961538461538462	0.9794871794871794
38	0.3737518726251064	0.3476744982097963	0.9958333333333333	0.982051282051282
39	0.3737383484840393	0.3738004409913591	0.9958333333333333	0.982051282051282
40	0.3737667828071408	0.35780325664990764	0.9951923076923077	0.9769230769230769
41	0.37378456479027156	0.5502321480866046	0.9935897435897436	0.9794871794871794
42	0.37381131704463516	0.319829312683563	0.9971153846153846	0.9769230769230769
43	0.37383404103192414	0.2541112940048987	0.9974358974358974	0.982051282051282
44	0.37386722564697267	0.35781612195019913	0.9971153846153846	0.9794871794871794
45	0.37389396066251007	0.2036370597701423	0.9983974358974359	0.9846153846153847
46	0.37388683379964627	0.21091482759435834	0.9977564102564103	0.982051282051282
47	0.373832439382871	0.18598554917337293	0.9980769230769231	0.982051282051282
48	0.37380253538793445	0.19849766864532212	0.9977564102564103	0.9846153846153847
49	0.3738920497894287	0.16858506410092244	0.9983974358974359	0.9846153846153847
50	0.3738692087285659	0.27666553897491825	0.9971153846153846	0.982051282051282
-1	-1	-1	-1	-1
0	0.45935630798339844	102.4664728982108	0.2403846153846154	0.5102564102564102
1	0.4154353141784668	54.29390044115028	0.49935897435897436	0.6076923076923076
2	0.4028291702270508	32.848417554582866	0.676923076923077	0.7
3	0.39542847871780396	23.87640896135447	0.7596153846153846	0.7512820512820513
4	0.39046483039855956	21.153101434513015	0.7894230769230769	0.764102564102564
5	0.3868584632873535	17.5137766818611	0.8278846153846153	0.8307692307692308
6	0.3846822125571115	14.967736966755925	0.8506410256410256	0.8666666666666667
7	0.3829939365386963	12.85649068501531	0.8605769230769231	0.8641025641025641
8	0.38182679812113446	12.263203664701813	0.8823717948717948	0.8846153846153846
9	0.38087174892425535	10.198581626828837	0.896474358974359	0.8769230769230769
10	0.3797414953058416	9.957423988653689	0.9038461538461539	0.9102564102564102
11	0.37874068816502887	8.195483326911926	0.9134615384615384	0.8846153846153846
12	0.3779910160945012	7.70196361596487	0.9221153846153847	0.941025641025641
13	0.37749849046979633	5.216502996427672	0.9448717948717948	0.9256410256410257
14	0.377053960164388	4.9874138733258055	0.9493589743589743	0.9205128205128205
15	0.37710270285606384	5.353083428375575	0.9426282051282051	0.9487179487179487
16	0.37689172520357017	5.578022313969476	0.9451923076923077	0.9435897435897436
17	0.3769195212258233	3.644390867832972	0.9628205128205128	0.9230769230769231
18	0.3768910357826634	3.863683121544974	0.9608974358974359	0.9153846153846154
19	0.3767605900764465	3.166282747853167	0.967948717948718	0.9461538461538461
20	0.37663547197977704	2.04131153096654	0.9769230769230769	0.9435897435897436
21	0.3765346353704279	2.362729425390004	0.9737179487179487	0.941025641025641
22	0.3763268408568009	1.4114195278522617	0.9826923076923076	0.9512820512820512
23	0.3764429787794749	1.7306853428825129	0.9826923076923076	0.9564102564102565
24	0.3764290237426758	1.6756155939145507	0.9849358974358975	0.9384615384615385
25	0.376169910797706	2.1364145096847595	0.9778846153846154	0.9487179487179487
26	0.37581469394542555	1.4741032592648147	0.9849358974358975	0.9358974358974359
27	0.37551199538367136	2.138778667279272	0.982051282051282	0.9461538461538461
28	0.37524755247708025	1.8539442331625187	0.9826923076923076	0.9641025641025641
29	0.3751529852549235	1.0140137131449443	0.989423076923077	0.9564102564102565
30	0.375095175158593	0.5748466823335585	0.9942307692307693	0.9461538461538461
31	0.37494751065969467	0.4425200596344847	0.9958333333333333	0.9512820512820512
32	0.3749413779287627	0.6064056052306039	0.9935897435897436	0.9564102564102565
33	0.37482787581051097	0.47497029783387135	0.9955128205128205	0.9487179487179487
34	0.37459721565246584	0.5135385769844645	0.9939102564102564	0.9564102564102565
35	0.37431104977925617	1.0410138100845387	0.989423076923077	0.9487179487179487
36	0.3740587298934524	0.747465221655593	0.9913461538461539	0.9641025641025641
37	0.3737009261783801	0.4196503488085594	0.9958333333333333	0.9564102564102565
38	0.37346560527116823	0.32630134780881737	0.996474358974359	0.9615384615384616
39	0.3732734978199005	0.21724291908410995	0.9983974358974359	0.9615384615384616
40	0.3729349694600919	0.2192671280532448	0.9977564102564103	0.9641025641025641
41	0.37269018377576557	0.19241686035553468	0.9980769230769231	0.9666666666666667
42	0.3726243750993596	0.17781592508747832	0.9987179487179487	0.9615384615384616
43	0.37262110818516125	0.16279250561452427	0.9987179487179487	0.9641025641025641
44	0.3726484775543213	0.1646835597623104	0.9983974358974359	0.9666666666666667
45	0.37267341821090033	0.15684853319584252	0.9987179487179487	0.9615384615384616
46	0.37257164082628613	0.15642605145368013	0.9987179487179487	0.9641025641025641
47	0.3725418945153554	0.1406737829199802	0.9990384615384615	0.9641025641025641
48	0.37276381375838297	0.1403337414983386	0.9990384615384615	0.9615384615384616
49	0.3728723812103272	0.14168335683998334	0.9987179487179487	0.9641025641025641
50	0.372970884921504	0.13610459708834985	0.9990384615384615	0.9641025641025641
51	0.3730876629169171	0.13470102928881622	0.9987179487179487	0.9641025641025641
52	0.3732368361275151	0.13203715224376444	0.9987179487179487	0.9641025641025641
53	0.37328388955858016	0.12702550782052305	0.9990384615384615	0.9666666666666667
54	0.3730909607627175	0.12335021957154155	0.9987179487179487	0.9641025641025641
55	0.37302360364368986	0.12003964224221614	0.9990384615384615	0.9666666666666667
56	0.37299167482476486	0.11628165478778472	0.9987179487179487	0.9666666666666667
57	0.37291492264846277	0.12132876196521317	0.9990384615384615	0.9666666666666667
58	0.3728850332357116	0.11848719758808682	0.9990384615384615	0.9666666666666667
59	0.37283734877904257	0.10940442945944337	0.9987179487179487	0.9641025641025641
60	0.37285109035304337	0.11034146031411461	0.9990384615384615	0.9666666666666667
61	0.37294101330541796	0.1065472385008081	0.9993589743589744	0.9666666666666667
-1	-1	-1	-1	-1
0	0.5230345726013184	98.44069994712362	0.2746794871794872	0.5076923076923077
1	0.44671499729156494	51.419775690351216	0.5435897435897435	0.5717948717948718
2	0.4188832441965739	32.5463367773562	0.676923076923077	0.6948717948717948
3	0.4068129062652588	24.977391009428064	0.7548076923076923	0.7461538461538462
4	0.3988677978515625	18.920618329729354	0.8003205128205129	0.8179487179487179
5	0.39407630761464435	17.578079768589564	0.825	0.8333333333333334
6	0.3908117839268276	14.288101765574241	0.860897435897436	0.8179487179487179
7	0.38846179842948914	13.875177488035085	0.8605769230769231	0.8256410256410256
8	0.3863767782847087	12.786616490811717	0.8769230769230769	0.8589743589743589
9	0.38524203300476073	11.428609760440125	0.8826923076923077	0.8538461538461538
10	0.3838770172812722	11.747647239237416	0.8842948717948718	0.8435897435897436
11	0.3827468156814575	8.93568172503491	0.9128205128205128	0.9179487179487179
12	0.38156821177555966	7.525188502000303	0.9272435897435898	0.8794871794871795
13	0.3809706653867449	5.276184646146638	0.948076923076923	0.9153846153846154
14	0.3806905746459961	4.48319372139415	0.9548076923076924	0.8948717948717949
15	0.38013409078121185	7.155531255870449	0.9346153846153846	0.9025641025641026
16	0.37987557579489317	4.213978409463046	0.9532051282051283	0.9128205128205128
17	0.37937813334994847	5.557285822775899	0.9512820512820512	0.9179487179487179
18	0.37933458779987533	3.66283936083925	0.9637820512820513	0.9282051282051282
19	0.37927697896957396	3.091763285520886	0.9663461538461539	0.9307692307692308
20	0.37908168066115605	1.8171198828792086	0.9817307692307692	0.9384615384615385
21	0.3787035616961392	1.8386354666507365	0.978525641025641	0.9282051282051282
22	0.37840966556383215	2.254169696894455	0.9759615384615384	0.9512820512820512
23	0.3782392541567485	1.0796698027501852	0.9878205128205129	0.9487179487179487
24	0.37816991806030276	1.0672137763051848	0.9881410256410257	0.9435897435897436
25	0.3779316865480863	0.8015451231645896	0.9907051282051282	0.9538461538461539
26	0.37778523233201766	1.504637261489121	0.9865384615384616	0.9512820512820512
27	0.3775051065853664	0.7069619533425311	0.9939102564102564	0.9512820512820512
28	0.377391215028434	0.9048342719265469	0.9910256410256411	0.9666666666666667
29	0.37708996136983236	0.6761251540726279	0.9948717948717949	0.9461538461538461
30	0.37686510239878007	0.5948256410323368	0.9951923076923077	0.9512820512820512
31	0.37691639363765717	0.39465109569766577	0.996474358974359	0.9512820512820512
32	0.3766878734935414	0.42484813411105354	0.9951923076923077	0.9435897435897436
33	0.3765753367367913	0.5714149824290166	0.9948717948717949	0.9512820512820512
34	0.376513671875	0.3382836761783419	0.9974358974358974	0.9564102564102565
35	0.3763440383805169	0.26362298495475944	0.9971153846153846	0.9564102564102565
36	0.3762419094910493	0.1958866832978021	0.9980769230769231	0.9538461538461539
37	0.3760632903952348	0.1999132810720321	0.9983974358974359	0.9564102564102565
38	0.37599670581328565	0.1959961040901158	0.9983974358974359	0.958974358974359
39	0.37590553164482116	0.20811580450390466	0.9983974358974359	0.958974358974359
40	0.37577554074729363	0.2636700293250753	0.9967948717948718	0.9641025641025641
41	0.37569444520132883	0.9310682915039455	0.9910256410256411	0.9435897435897436
42	0.3755732691565225	0.3583053962781322	0.9958333333333333	0.9487179487179487
43	0.37566100467335095	0.24568248600018927	0.9977564102564103	0.9538461538461539
44	0.3755678547753228	0.1795642152268259	0.9983974358974359	0.9564102564102565
45	0.37546091494352923	0.18168279552476319	0.9983974358974359	0.958974358974359
46	0.3753993308290522	0.17131000181629763	0.9987179487179487	0.9538461538461539
47	0.3754631032546361	0.18537701113330382	0.9977564102564103	0.9538461538461539
48	0.3754445241422069	0.16631171946566461	0.9987179487179487	0.9564102564102565
-1	-1	-1	-1	-1
0	0.46686291694641113	96.69814935022471	0.2814102564102564	0.5564102564102564
1	0.41843998432159424	54.620924268450054	0.5019230769230769	0.5948717948717949
2	0.40390602747599286	31.671676771981375	0.6858974358974359	0.8256410256410256
3	0.39589422941207886	22.816419367887537	0.771474358974359	0.8205128205128205
4	0.3913917541503906	18.846436388638555	0.8134615384615385	0.8435897435897436
5	0.38880304495493573	17.748604122473267	0.8237179487179487	0.8128205128205128
6	0.386932373046875	15.614829732447255	0.844551282051282	0.8743589743589744
7	0.38488513231277466	14.193914082585549	0.8605769230769231	0.8769230769230769
8	0.3825814988878038	11.273506018580223	0.8839743589743589	0.8743589743589744
9	0.3820472478866577	11.32953824923963	0.8849358974358974	0.9205128205128205
10	0.3816203854300759	10.2776985679354	0.8980769230769231	0.8871794871794871
11	0.38123361269632977	9.526538280808197	0.9141025641025641	0.9025641025641026
12	0.3806174535017747	8.463439055243317	0.9237179487179488	0.9128205128205128
13	0.38028531415121897	6.437728558267866	0.9423076923076923	0.9179487179487179
14	0.38030951817830405	5.643358051092649	0.9416666666666667	0.9
15	0.3800068497657776	5.144894590791391	0.9483974358974359	0.941025641025641
16	0.38000886580523324	4.2601820297387185	0.9599358974358975	0.9307692307692308
17	0.3798594872156779	3.1968790513216234	0.9663461538461539	0.941025641025641
18	0.379798224097804	3.4318970738320935	0.9637820512820513	0.9384615384615385
19	0.37961816787719727	2.007331302883674	0.9772435897435897	0.9435897435897436
20	0.37975653012593585	2.5723854583707086	0.971474358974359	0.9384615384615385
21	0.37964600866491144	2.5943267116209072	0.9746794871794872	0.958974358974359
22	0.3791910876398501	1.5861058075608192	0.9826923076923076	0.9384615384615385
23	0.3787541190783183	1.3945367568723706	0.9842948717948717	0.9487179487179487
24	0.3785188484191895	1.3890430117501136	0.9855769230769231	0.9564102564102565
25	0.37830869968120867	1.0747884084275752	0.9884615384615385	0.9615384615384616
26	0.3779701480159053	0.798654775163729	0.9913461538461539	0.9615384615384616
27	0.37768207277570454	0.6208960852539405	0.9935897435897436	0.9615384615384616
28	0.3775901876646897	1.0109242875311923	0.9897435897435898	0.958974358974359
29	0.37725531260172523	1.1049525130787219	0.9891025641025641	0.9384615384615385
30	0.3770104838955787	1.1861162247487858	0.9887820512820513	0.9538461538461539
31	0.37679584324359894	0.448733625006957	0.9967948717948718	0.9564102564102565
32	0.37668681144714355	0.40010448186468256	0.9951923076923077	0.9538461538461539
33	0.3764639461741728	0.6842662131132282	0.9945512820512821	0.958974358974359
34	0.376312780380249	0.5800079490109799	0.9935897435897436	0.9564102564102565
35	0.37616680065790814	0.460953286316481	0.9955128205128205	0.9512820512820512
36	0.3765261817622829	0.5156863324025798	0.9955128205128205	0.9564102564102565
37	0.37617892968027217	0.4221636108645447	0.996474358974359	0.958974358974359
38	0.37614211669334996	0.2773931656296814	0.9974358974358974	0.958974358974359
39	0.3760169088840485	0.28696185025509463	0.9974358974358974	0.9641025641025641
40	0.3760387955642328	0.34575194435292733	0.9967948717948718	0.958974358974359
41	0.37582075595855713	0.2259560801487948	0.9980769230769231	0.958974358974359
42	0.3756283272144406	0.20855238088492745	0.9977564102564103	0.9641025641025641
43	0.3755968917499889	0.2038211750935131	0.9977564102564103	0.9641025641025641
44	0.37545223765903046	0.2533229317022214	0.9980769230769231	0.9615384615384616
45	0.37549706127332605	0.2010309642027263	0.9980769230769231	0.9666666666666667
46	0.3753376108534793	0.18732551348170537	0.9980769230769231	0.9641025641025641
47	0.3753172556559245	0.18077465537565757	0.9983974358974359	0.9641025641025641
48	0.37522164656191453	0.18816408380207947	0.9977564102564103	0.9666666666666667
49	0.3750120973587036	0.18793729686000674	0.9983974358974359	0.9666666666666667
50	0.37498821931726795	0.17741326925764098	0.9980769230769231	0.9666666666666667
51	0.37502000423578113	0.18213256494371827	0.9980769230769231	0.9666666666666667
52	0.374997948700527	0.17704025450977348	0.9983974358974359	0.9666666666666667
53	0.37501750610492846	0.1736497097127187	0.9983974358974359	0.9666666666666667
54	0.37507580410350455	0.1793780982802209	0.9983974358974359	0.9666666666666667
55	0.3751701073987143	0.17833568176653286	0.9977564102564103	0.9666666666666667
56	0.37527495936343547	0.1726261569997869	0.9983974358974359	0.9666666666666667
57	0.37532609084556845	0.1743602533424193	0.9983974358974359	0.9666666666666667
58	0.3754177335965431	0.1700284760509392	0.9980769230769231	0.9666666666666667
59	0.3754247824350993	0.1713613579060843	0.9983974358974359	0.9666666666666667
60	0.3754351529918733	0.1706177250033557	0.9980769230769231	0.9666666666666667
61	0.3754324528478807	0.1710045335048748	0.9983974358974359	0.9666666666666667
62	0.3754068859039791	0.1750888207489898	0.9983974358974359	0.9666666666666667
63	0.37531841173768044	0.17234107207269628	0.9983974358974359	0.9666666666666667
64	0.3753827058351957	0.16953823123474984	0.9980769230769231	0.9666666666666667
65	0.3754156575058446	0.16616730469087662	0.9983974358974359	0.9666666666666667
-1	-1	-1	-1	-1
0	0.5187091827392578	101.94577800984285	0.2407051282051282	0.45384615384615384
1	0.45416712760925293	52.623034574547596	0.5269230769230769	0.6102564102564103
2	0.42358628908793133	34.57411452702114	0.6698717948717948	0.7461538461538462
3	0.4083612561225891	23.657326418526317	0.7653846153846153	0.7871794871794872
4	0.4007289409637451	19.58022113722198	0.8057692307692308	0.8487179487179487
5	0.394994854927063	23.09196170495481	0.7919871794871794	0.7743589743589744
6	0.39051760946001324	18.678776458818085	0.8246794871794871	0.8051282051282052
7	0.38745880126953125	12.805669057125948	0.8724358974358974	0.8487179487179487
8	0.3846352895100911	13.604896316722948	0.864423076923077	0.8461538461538461
9	0.3829805374145508	10.585694719334038	0.8961538461538462	0.9025641025641026
10	0.3810142387043346	10.405223436501561	0.8948717948717949	0.9076923076923077
11	0.3795147140820821	8.694751193328779	0.9125	0.8846153846153846
12	0.37880860842191255	7.5276690727593945	0.9256410256410257	0.9230769230769231
13	0.37782672473362516	4.843438432532913	0.9512820512820512	0.9487179487179487
14	0.3770867029825846	3.821597016967681	0.9576923076923077	0.9358974358974359
15	0.3763992488384247	4.204247335086063	0.9573717948717949	0.9641025641025641
16	0.3758673948400161	3.946959374510512	0.9580128205128206	0.9461538461538461
17	0.37536703215705025	4.0475999846750375	0.9551282051282052	0.9564102564102565
18	0.3751468156513415	3.438823827352299	0.9641025641025641	0.9487179487179487
19	0.3746174216270447	2.4393528972999476	0.9727564102564102	0.9538461538461539
20	0.3742359933399019	2.507785523082225	0.9762820512820513	0.9461538461538461
21	0.374223069711165	2.1381268510024767	0.9766025641025641	0.9487179487179487
22	0.3740436201510222	2.0369922664700724	0.9798076923076923	0.9692307692307692
23	0.373949537674586	1.6774583507557304	0.9836538461538461	0.9615384615384616
24	0.3734980392456055	1.4316167160108382	0.9868589743589744	0.9692307692307692
25	0.3734060800992526	1.5246733148031089	0.9830128205128205	0.9666666666666667
26	0.37340624244124804	1.3017700839103485	0.9887820512820513	0.9717948717948718
27	0.3734503814152309	0.9000138178258679	0.9913461538461539	0.9641025641025641
28	0.3735331091387519	0.9572007592900523	0.9923076923076923	0.9717948717948718
29	0.3736685593922933	0.8706983767511627	0.9923076923076923	0.9666666666666667
30	0.37374068075610745	0.9018481528019409	0.9913461538461539	0.9692307692307692
31	0.37382619827985764	0.7674561213388355	0.9926282051282052	0.9692307692307692
32	0.3739840839848374	1.1040505818958508	0.9903846153846154	0.9538461538461539
33	0.37401198639589195	1.4769722226988145	0.9868589743589744	0.9666666666666667
34	0.3740236282348633	0.7381808725399517	0.9932692307692308	0.9692307692307692
35	0.3740026222334968	0.47201142353552145	0.9955128205128205	0.9717948717948718
36	0.3740654249449034	0.32930617546543894	0.9971153846153846	0.9717948717948718
37	0.37416310059396846	0.34078698976640115	0.9971153846153846	0.9743589743589743
38	0.3742178097749368	0.4111618414647136	0.996474358974359	0.9717948717948718
39	0.37416075468063353	0.277310201699836	0.9977564102564103	0.9717948717948718
40	0.3742224007118039	0.27102214112706785	0.9971153846153846	0.9692307692307692
41	0.3743890807742164	0.25966563975861373	0.9977564102564103	0.9717948717948718
42	0.37448125107343805	0.24414762131524112	0.9977564102564103	0.9717948717948718
43	0.37457847595214844	0.25957238835779173	0.9977564102564103	0.9717948717948718
44	0.3745798693762885	0.24950852363259884	0.9974358974358974	0.9743589743589743
45	0.3745591640472412	0.2559875949598939	0.9977564102564103	0.9717948717948718
46	0.3745911933006124	0.25368670901765916	0.9977564102564103	0.9717948717948718
47	0.3746546705563863	0.24408644089468295	0.9977564102564103	0.9743589743589743
48	0.3746699313728177	0.23848496323492382	0.9977564102564103	0.9743589743589743
49	0.37470335960388185	0.24748701584461258	0.9977564102564103	0.9743589743589743
50	0.37462649158402983	0.2398291839944788	0.9974358974358974	0.9743589743589743
51	0.37459964935596174	0.23105947878250344	0.9977564102564103	0.9769230769230769
52	0.3746909960260931	0.231117493632322	0.9977564102564103	0.9769230769230769
53	0.3747178890086986	0.24250621212908002	0.9977564102564103	0.9769230769230769
54	0.3747244358062744	0.2363736312027515	0.9977564102564103	0.9769230769230769
55	0.37462944643838064	0.2206659372160936	0.9977564102564103	0.9769230769230769
56	0.37452325486300286	0.21547772461929768	0.9977564102564103	0.9769230769230769
57	0.37445525876406965	0.2209755977196901	0.9977564102564103	0.9769230769230769
58	0.3744100756564383	0.22208628270486863	0.9980769230769231	0.9769230769230769
59	0.37443931500116984	0.22051069652735925	0.9977564102564103	0.9743589743589743
60	0.3744051690961494	0.20665246422018124	0.9977564102564103	0.9769230769230769
61	0.37441698197395573	0.20813701967656054	0.9977564102564103	0.9769230769230769
62	0.3743990527258979	0.20545761184513714	0.9983974358974359	0.9769230769230769
63	0.3744175098836422	0.2029362713276302	0.9977564102564103	0.9769230769230769
64	0.3742485156426063	0.19723649712469357	0.9980769230769231	0.9769230769230769
65	0.3741044925920891	0.20387071581492874	0.9977564102564103	0.9769230769230769
66	0.37404887711823875	0.19293015430835392	0.9983974358974359	0.9769230769230769
67	0.3739612488185658	0.18979194803800128	0.9980769230769231	0.9743589743589743
68	0.3738967888597129	0.18531230052285166	0.9980769230769231	0.9769230769230769
69	0.3738340071269444	0.1823203603690969	0.9977564102564103	0.9743589743589743
70	0.37373117997612754	0.1762600777027153	0.9983974358974359	0.9743589743589743
71	0.3736645115746392	0.17390149381661066	0.9980769230769231	0.9743589743589743
-1	-1	-1	-1	-1
0	0.4407839775085449	99.63714202569456	0.27115384615384613	0.5615384615384615
1	0.4011831283569336	52.16932656813641	0.5163461538461539	0.5974358974358974
2	0.3891417980194092	35.75090236079936	0.666025641025641	0.7
3	0.3813546895980835	24.539575567050857	0.7490384615384615	0.7230769230769231
4	0.3789501190185547	21.04463386049076	0.7897435897435897	0.7410256410256411
5	0.3787103096644084	17.936292716435023	0.8163461538461538	0.7794871794871795
6	0.3776681423187256	14.031466685995763	0.8602564102564103	0.8333333333333334
7	0.3772318363189697	14.197364807128906	0.8567307692307692	0.8435897435897436
8	0.37712566057840985	11.172813740311836	0.8887820512820512	0.8589743589743589
9	0.3775241136550903	11.914640446098483	0.8817307692307692	0.8435897435897436
10	0.37738297202370386	10.303579925274363	0.8977564102564103	0.8615384615384616
11	0.3768244981765747	9.596217313591314	0.9076923076923077	0.8384615384615385
12	0.375749422953679	8.481285096431264	0.9214743589743589	0.8871794871794871
13	0.3752272469656808	6.404053872337147	0.9342948717948718	0.8769230769230769
14	0.3751487890879313	8.662892954690117	0.9201923076923076	0.9153846153846154
15	0.37511366605758667	7.632711187917359	0.9294871794871795	0.8871794871794871
16	0.3751819554497214	4.552690380385944	0.951602564102564	0.9333333333333333
17	0.3752038213941786	3.083713751020176	0.9673076923076923	0.9282051282051282
18	0.37462978614004033	3.2599880747421057	0.9682692307692308	0.9076923076923077
19	0.374144172668457	2.450358590529281	0.9772435897435897	0.9435897435897436
20	0.3739082586197626	2.2504133709554313	0.975	0.9282051282051282
21	0.37353096225044946	2.4890735320632857	0.9743589743589743	0.9256410256410257
22	0.3733594624892525	1.739168737653871	0.9807692307692307	0.9384615384615385
23	0.3733414312203725	1.9398546876357299	0.9804487179487179	0.9435897435897436
24	0.3733555507659912	2.01018659557615	0.9791666666666666	0.9358974358974359
25	0.3732215166091919	1.1624354112760298	0.9881410256410257	0.9564102564102565
26	0.3727038259859438	1.0292381652564342	0.9900641025641026	0.9512820512820512
27	0.37234162432806833	1.0694265689876652	0.9878205128205129	0.9461538461538461
28	0.37197636735850365	1.0384507716356597	0.9881410256410257	0.9384615384615385
29	0.3716559569040934	0.7169767991278548	0.9923076923076923	0.9615384615384616
30	0.37147963431573683	0.6639153501007002	0.9916666666666667	0.9487179487179487
31	0.37113386392593384	0.5108171065274997	0.9955128205128205	0.9538461538461539
32	0.370742653355454	0.5509176265343796	0.9948717948717949	0.9641025641025641
33	0.37042852009043975	1.0309867844893121	0.9891025641025641	0.9538461538461539
34	0.3702697345188686	1.2700567517230021	0.9884615384615385	0.9461538461538461
35	0.3701973027653164	0.4944887729646752	0.9958333333333333	0.9692307692307692
36	0.3699195449416702	0.29527442806551224	0.9974358974358974	0.9641025641025641
37	0.3697578405079089	0.2543777664813744	0.9974358974358974	0.958974358974359
38	0.36968782009222567	0.27281907519648724	0.9971153846153846	0.9641025641025641
39	0.3696002185344696	0.2611683833094169	0.9974358974358974	0.9641025641025641
40	0.3694363163738716	0.23576472210567903	0.9980769230769231	0.9615384615384616
41	0.36924363317943754	0.23164849998476933	0.9971153846153846	0.9641025641025641
42	0.3690385374911996	0.24068926528306459	0.9971153846153846	0.9641025641025641
43	0.3689252083951777	0.23485920947756053	0.9971153846153846	0.9641025641025641
44	0.3688642660776774	0.21357851831936034	0.9977564102564103	0.9666666666666667
45	0.3687151048494422	0.22588585006169337	0.9974358974358974	0.9641025641025641
46	0.3686050151256805	0.21804436012506795	0.9977564102564103	0.9641025641025641
47	0.3684226522843043	0.20578766910270763	0.9980769230769231	0.9641025641025641
48	0.36833906173706055	0.2061515328835839	0.9980769230769231	0.9641025641025641
49	0.368238582611084	0.20746946250007142	0.9980769230769231	0.9666666666666667
50	0.36814099667119043	0.21792059952772713	0.9974358974358974	0.9615384615384616
51	0.36799945739599377	0.25027676143048555	0.9977564102564103	0.9641025641025641
52	0.3679289143040495	0.22070664214905783	0.9977564102564103	0.9666666666666667
53	0.3678073927208229	0.20519275202731274	0.9980769230769231	0.9641025641025641
54	0.36773704182017936	0.19662765499690846	0.9980769230769231	0.9641025641025641
55	0.3676210769585201	0.20027279985018195	0.9980769230769231	0.9615384615384616
-1	-1	-1	-1	-1
0	0.5048520565032959	90.62290623723244	0.32564102564102565	0.5384615384615384
1	0.43142426013946533	48.753850586560304	0.5560897435897436	0.6051282051282051
2	0.40623315175374347	29.074492911903224	0.7169871794871795	0.6794871794871795
3	0.3940628170967102	23.785898743843546	0.7612179487179487	0.7564102564102564
4	0.38809890747070314	19.6898822395169	0.8044871794871795	0.7743589743589744
5	0.38471662998199463	18.011994970088104	0.8253205128205128	0.7615384615384615
6	0.38290776525224957	14.155687251869512	0.8605769230769231	0.8256410256410256
7	0.38131025433540344	11.894514546102407	0.8804487179487179	0.8358974358974359
8	0.38032590018378365	9.754082476606174	0.9	0.8641025641025641
9	0.37916789054870603	12.958194396933731	0.8868589743589743	0.7461538461538462
10	0.378002253445712	14.943764127030665	0.8564102564102564	0.8435897435897436
11	0.3773695429166158	9.71435061036324	0.8977564102564103	0.8384615384615385
12	0.3771509390610915	8.404442351387472	0.9118589743589743	0.882051282051282
13	0.37656288487570627	6.096221171471537	0.9362179487179487	0.8897435897435897
14	0.3759200890858968	5.770799607038498	0.9419871794871795	0.9025641025641026
15	0.3751395642757416	4.534047518685764	0.9564102564102565	0.9051282051282051
16	0.37479344536276427	2.8390667746413727	0.9711538461538461	0.9102564102564102
17	0.3744257423612807	3.6061836141256656	0.9612179487179487	0.9179487179487179
18	0.3741873439989592	2.890713935413835	0.9698717948717949	0.9205128205128205
19	0.374228298664093	2.1752501122762773	0.9775641025641025	0.9256410256410257
20	0.37395510219392325	1.805171776833773	0.9794871794871794	0.9230769230769231
21	0.3739524646238847	1.9379050229267427	0.9804487179487179	0.9153846153846154
22	0.37407625239828357	1.032907636365758	0.9897435897435898	0.9230769230769231
23	0.37418314814567566	1.807200624545732	0.9804487179487179	0.9461538461538461
24	0.3741798114776611	1.4612012720115635	0.9842948717948717	0.9384615384615385
25	0.3741589142726018	1.5816665921419353	0.9814102564102564	0.9461538461538461
26	0.3742715076163963	2.674492239838048	0.9717948717948718	0.9384615384615385
27	0.3739210196903774	1.0118891783818906	0.9887820512820513	0.9435897435897436
28	0.37360232451866415	0.6359655425612986	0.9932692307692308	0.9333333333333333
29	0.3735130469004313	0.8303693185170771	0.9910256410256411	0.9487179487179487
30	0.37360805080782983	0.9060294848001961	0.9923076923076923	0.941025641025641
31	0.37359652668237686	0.6263906090349263	0.9945512820512821	0.9461538461538461
32	0.37365071701281	0.5114704177917423	0.9945512820512821	0.9461538461538461
33	0.3734459947137272	0.5478118992943972	0.9942307692307693	0.941025641025641
34	0.3734832831791469	0.3273589736045509	0.9961538461538462	0.9435897435897436
35	0.37362490097681683	0.33591200328121384	0.9955128205128205	0.9564102564102565
36	0.37376392854226603	0.3418803294233821	0.9958333333333333	0.9461538461538461
37	0.3737601731952868	0.3632432147927347	0.9955128205128205	0.9641025641025641
38	0.3736521402994792	0.33728656275833396	0.9967948717948718	0.9538461538461539
39	0.37369913458824155	0.2496034892215643	0.9971153846153846	0.9487179487179487
40	0.3736501088956507	0.2342579928400501	0.9971153846153846	0.9487179487179487
41	0.3736591168812343	0.24079497100572145	0.9967948717948718	0.9512820512820512
42	0.37336750917656475	0.2339949102850332	0.9971153846153846	0.9487179487179487
43	0.3731844262643294	0.25528527263683215	0.9967948717948718	0.941025641025641
44	0.37287457784016925	0.2383447335394113	0.9974358974358974	0.9564102564102565
45	0.3726895166480023	0.21621754611720573	0.9974358974358974	0.9435897435897436
46	0.3725747453405502	0.21518317318690122	0.9974358974358974	0.9487179487179487
47	0.37273632486661273	0.20633812767883516	0.9977564102564103	0.9564102564102565
48	0.372536158075138	0.2039363946448192	0.9971153846153846	0.9487179487179487
49	0.3724687194824219	0.2049561095034881	0.9974358974358974	0.9487179487179487
50	0.37245653189864814	0.20303392379579163	0.9974358974358974	0.9487179487179487
51	0.37256359595518845	0.2042743702277592	0.9977564102564103	0.9487179487179487
52	0.3726257603123503	0.20565220290711517	0.9974358974358974	0.9512820512820512
53	0.3726939448603877	0.20239862806185407	0.9977564102564103	0.9512820512820512
54	0.3725950587879528	0.20215741160175138	0.9974358974358974	0.9512820512820512
55	0.3725920958178384	0.19686013424818935	0.9974358974358974	0.9512820512820512
56	0.37250174974140365	0.19552894799243387	0.9971153846153846	0.9538461538461539
57	0.3724506476829792	0.19891864053875924	0.9971153846153846	0.9538461538461539
-1	-1	-1	-1	-1
0	0.45461034774780273	97.3651037021559	0.2724358974358974	0.6153846153846154
1	0.4145526885986328	51.08260489483269	0.5368589743589743	0.6282051282051282
2	0.4042946497599284	32.14677644262508	0.6868589743589744	0.7282051282051282
3	0.39484304189682007	24.25140212506664	0.7586538461538461	0.7974358974358975
4	0.39159231185913085	21.329691896633225	0.7990384615384616	0.8
5	0.3896001974741618	15.75559233159435	0.8394230769230769	0.8025641025641026
6	0.3888163225991385	14.271941630207763	0.8637820512820513	0.8692307692307693
7	0.38657674193382263	12.13084334499982	0.8772435897435897	0.8717948717948718
8	0.3848390844133165	11.866931944477315	0.8788461538461538	0.8615384615384616
9	0.383868145942688	11.266973575767206	0.9022435897435898	0.882051282051282
10	0.38292860984802246	7.849249907294098	0.9185897435897435	0.8846153846153846
11	0.3825315634409587	8.315964090884949	0.9221153846153847	0.9102564102564102
12	0.38222166208120495	7.061907567539993	0.9259615384615385	0.9230769230769231
13	0.3816363981791905	7.901363528504664	0.9240384615384616	0.9153846153846154
14	0.38111443519592286	6.74331112479677	0.9298076923076923	0.9128205128205128
15	0.3810664117336273	4.9350472656743865	0.9519230769230769	0.8948717948717949
16	0.3810393389533548	3.9284047015315418	0.9612179487179487	0.9102564102564102
17	0.38078445858425564	3.8004963569038983	0.958974358974359	0.9333333333333333
18	0.38025705437911184	2.7176183765012847	0.9753205128205128	0.9435897435897436
19	0.37997297048568723	2.4791807152558953	0.9724358974358974	0.9487179487179487
20	0.3796458357856387	1.917501990949469	0.9791666666666666	0.9512820512820512
21	0.3795894601128318	1.8592149973276775	0.9826923076923076	0.9615384615384616
22	0.3794577536375626	2.7195604673149636	0.9746794871794872	0.9102564102564102
23	0.3792982796827952	2.66100960418734	0.9733974358974359	0.9615384615384616
24	0.3791232967376709	1.6511414565183982	0.9849358974358975	0.9538461538461539
25	0.37905098841740537	1.3055777977082916	0.9865384615384616	0.9512820512820512
26	0.3792367069809525	1.263848010431595	0.985897435897436	0.9641025641025641
27	0.3791756970541818	0.657295949905588	0.9926282051282052	0.9615384615384616
28	0.3789718479945742	0.7046985866368881	0.9923076923076923	0.9615384615384616
29	0.3788792053858439	0.5231121209122203	0.9942307692307693	0.9615384615384616
30	0.37888393094462736	0.6250739777864585	0.9923076923076923	0.958974358974359
31	0.37889884412288666	0.4311048152585685	0.9951923076923077	0.9666666666666667
32	0.37902999646735913	0.5493438584701519	0.9945512820512821	0.9615384615384616
33	0.3789418234544642	0.5792121459748976	0.9935897435897436	0.9615384615384616
34	0.37890476499285014	0.27884627732790396	0.9977564102564103	0.9666666666666667
35	0.3787451916270786	0.36724188577203193	0.9961538461538462	0.9641025641025641
36	0.37858606029201197	0.46434125909522384	0.9942307692307693	0.9692307692307692
37	0.37859758577848734	0.38543471814031066	0.9955128205128205	0.958974358974359
38	0.3785655253972763	0.2820855213261782	0.9971153846153846	0.9641025641025641
39	0.37834941744804385	0.21419963898473984	0.9980769230769231	0.9641025641025641
40	0.3782661019301996	0.1967150034500691	0.9974358974358974	0.958974358974359
41	0.3781500657399495	0.1877393294811814	0.9977564102564103	0.9666666666666667
42	0.378082181132117	0.2206410058037252	0.9974358974358974	0.9641025641025641
43	0.3780008771202781	0.17650487434745016	0.9977564102564103	0.9641025641025641
44	0.37781920962863497	0.1751495917564245	0.9977564102564103	0.9615384615384616
45	0.3777449027351711	0.1758497613578695	0.9974358974358974	0.9666666666666667
46	0.3775540514195219	0.16640924212623184	0.9983974358974359	0.9641025641025641
47	0.3772937109073003	0.15529438414189511	0.9983974358974359	0.9615384615384616
48	0.37710723098443477	0.14962085785213722	0.9980769230769231	0.9641025641025641
49	0.376943883895874	0.15299023671420345	0.9980769230769231	0.9641025641025641
50	0.3768618667826933	0.15082952135797276	0.9977564102564103	0.9641025641025641
51	0.37683526369241566	0.1481271154510495	0.9983974358974359	0.9641025641025641
52	0.37671645632329975	0.14295470503560753	0.9977564102564103	0.9641025641025641
53	0.37669664842111095	0.14890114055776152	0.9983974358974359	0.9641025641025641
54	0.3766465750607577	0.145842820350054	0.9983974358974359	0.9641025641025641
55	0.3765423425606319	0.14908553487490578	0.9980769230769231	0.9641025641025641
56	0.3765038481929846	0.1473948110428586	0.9980769230769231	0.9641025641025641
-1	-1	-1	-1	-1
0	0.45197081565856934	96.55387582584304	0.2923076923076923	0.5256410256410257
1	0.41024911403656006	50.836242325451906	0.5435897435897435	0.6666666666666666
2	0.39543525377909344	31.606164066158996	0.6996794871794871	0.7256410256410256
3	0.38899528980255127	25.242523008463333	0.7564102564102564	0.7410256410256411
4	0.3858142375946045	18.613863327065292	0.816025641025641	0.7717948717948718
5	0.3835439682006836	15.719401865589376	0.8403846153846154	0.8051282051282052
6	0.38223232541765484	13.891238541019206	0.8560897435897435	0.7564102564102564
7	0.38087666034698486	13.781770689146859	0.860897435897436	0.8512820512820513
8	0.37995049688551163	10.712486191671722	0.8919871794871795	0.8333333333333334
9	0.37879958152771	10.617398252292555	0.8900641025641025	0.8641025641025641
10	0.3778329979289662	12.553470837826632	0.8839743589743589	0.8974358974358975
11	0.37740451097488403	7.197112813287852	0.9298076923076923	0.9230769230769231
12	0.3769653393672063	6.754733450558721	0.9349358974358974	0.9076923076923077
13	0.3766102279935564	5.4651754942475534	0.9439102564102564	0.9153846153846154
14	0.376030699412028	4.629955633866544	0.9503205128205128	0.9230769230769231
15	0.37573277950286865	3.8772620807344818	0.9551282051282052	0.9256410256410257
16	0.37567738925709443	3.939533664711884	0.9621794871794872	0.9333333333333333
17	0.3754624393251207	3.7925875956306654	0.9583333333333334	0.9487179487179487
18	0.3750678614566201	3.0198597104421685	0.9689102564102564	0.9358974358974359
19	0.3748196721076965	3.3013617349978612	0.9653846153846154	0.9333333333333333
20	0.3749409630185082	2.5574820416466313	0.9692307692307692	0.9307692307692308
21	0.37499864534898236	4.065446588419834	0.9586538461538462	0.9487179487179487
22	0.37490529599397077	2.600705927808066	0.9727564102564102	0.9487179487179487
23	0.3744617700576782	1.7802638750599356	0.9788461538461538	0.9384615384615385
24	0.3747174644470215	1.8049260827627185	0.9823717948717948	0.9461538461538461
25	0.3744519307063176	1.2816373111860713	0.985897435897436	0.9333333333333333
26	0.3742496790709319	1.1646510629311242	0.9875	0.9461538461538461
27	0.37444970437458586	0.9635750594482358	0.9865384615384616	0.9487179487179487
28	0.37434252377214106	1.2084589079592605	0.9875	0.9461538461538461
29	0.3742585023244222	0.9029915383143816	0.9907051282051282	0.9538461538461539
30	0.37419689086175734	0.5848700830989698	0.9942307692307693	0.9538461538461539
31	0.37414735555648804	1.3115725765403892	0.9884615384615385	0.9487179487179487
32	0.37421968488982227	1.0576199308834846	0.9871794871794872	0.9435897435897436
33	0.3741505847257726	1.2096922252712088	0.9884615384615385	0.941025641025641
34	0.3741851261683873	0.4487410898080419	0.9951923076923077	0.9487179487179487
35	0.37407100862926906	0.3089161831327258	0.996474358974359	0.9487179487179487
36	0.3740727965896194	0.2790949701566762	0.9967948717948718	0.9435897435897436
37	0.37394247556987564	0.4078052537895891	0.996474358974359	0.9512820512820512
38	0.37384995436057067	0.22955919675557512	0.9977564102564103	0.9487179487179487
39	0.37364464402198794	0.4114173769449568	0.9961538461538462	0.9435897435897436
40	0.3736086008025379	1.63928882081159	0.9900641025641026	0.9205128205128205
41	0.37357527301425025	1.1269867371017	0.9900641025641026	0.9538461538461539
42	0.3735517512920291	0.3132609323508163	0.9971153846153846	0.958974358974359
43	0.37353409962220624	0.18261462207752927	0.9983974358974359	0.9538461538461539
44	0.3735336038801405	0.17436161834440117	0.9980769230769231	0.9564102564102565
45	0.37357334468675696	0.16084098857554266	0.9983974358974359	0.9564102564102565
46	0.3735144594882397	0.13723464098958565	0.9983974358974359	0.9564102564102565
47	0.37345225115617114	0.1460359341018579	0.9983974358974359	0.958974358974359
48	0.3733917693702542	0.1403199895792902	0.9987179487179487	0.9564102564102565
49	0.3733724308013916	0.15056739466646313	0.9980769230769231	0.9564102564102565
50	0.37346282659792435	0.23680810282278297	0.9974358974358974	0.9564102564102565
51	0.3735220982478215	0.22514679735200954	0.9974358974358974	0.9538461538461539
52	0.37354085580357965	0.2940259162593177	0.9967948717948718	0.9512820512820512
53	0.3736315965652466	0.33390289958066316	0.9971153846153846	0.9538461538461539
54	0.37363028959794475	0.12399445998729491	0.9987179487179487	0.9512820512820512
55	0.3736941133226667	0.1158248751209835	0.9987179487179487	0.9538461538461539
56	0.373660965969688	0.12098054114012856	0.9987179487179487	0.9538461538461539
57	0.3736661014885738	0.10239606206269687	0.9990384615384615	0.9564102564102565
58	0.373550128128569	0.0997987882962049	0.9990384615384615	0.9564102564102565
59	0.3734334190686544	0.1004555027323718	0.9990384615384615	0.9564102564102565
60	0.3734062069752177	0.09943880318827056	0.9990384615384615	0.9564102564102565
61	0.37336880930008426	0.09638724252897878	0.9990384615384615	0.9564102564102565
62	0.37336648835076225	0.09240380481074978	0.9993589743589744	0.9564102564102565
-1	-1	-1	-1	-1
0	0.5149655342102051	94.55521694494753	0.30448717948717946	0.6102564102564103
1	0.4398057460784912	52.338033033877004	0.5256410256410257	0.6
2	0.41702739397684735	32.031468966785745	0.6878205128205128	0.7897435897435897
3	0.4053018093109131	22.58776092529297	0.7756410256410257	0.7461538461538462
4	0.3979452610015869	20.587197114010248	0.7951923076923076	0.8256410256410256
5	0.3925471305847168	17.192012587372137	0.8352564102564103	0.8256410256410256
6	0.38954877853393555	13.89557248232316	0.8589743589743589	0.8307692307692308
7	0.38719162344932556	14.535958445802027	0.8580128205128205	0.8282051282051283
8	0.3852372434404161	10.60072339189296	0.8913461538461539	0.8743589743589744
9	0.3835151195526123	12.465579142375868	0.875	0.8358974358974359
10	0.3826663927598433	10.81481497506706	0.8884615384615384	0.8897435897435897
11	0.38231587409973145	8.523784215352974	0.9118589743589743	0.9128205128205128
12	0.3815175203176645	7.13651344286544	0.9317307692307693	0.9076923076923077
13	0.38126114436558317	4.240292206406593	0.9541666666666667	0.941025641025641
14	0.3808118979136149	6.053208608712469	0.9435897435897436	0.9025641025641026
15	0.38043633103370667	5.664938137239339	0.9455128205128205	0.9051282051282051
16	0.3797428607940674	4.110481494847609	0.9615384615384616	0.9384615384615385
17	0.37920165061950684	3.8596562892198563	0.9618589743589744	0.9128205128205128
18	0.37865764216372844	2.6987246363138664	0.9727564102564102	0.9205128205128205
19	0.37822824716567993	6.854795054969739	0.9532051282051283	0.9205128205128205
20	0.37807447569710867	5.274565609133973	0.9474358974358974	0.9538461538461539
21	0.37775312770496716	3.7990244643724695	0.9612179487179487	0.9461538461538461
22	0.3775927191195281	2.196325757597782	0.9766025641025641	0.941025641025641
23	0.3772094746430715	1.7438924729358405	0.9804487179487179	0.9487179487179487
24	0.37696763038635256	1.156221869021502	0.9891025641025641	0.941025641025641
25	0.37670234533456654	0.8870653698389532	0.9910256410256411	0.9615384615384616
26	0.3763583854392723	0.7542582283566269	0.9926282051282052	0.9538461538461539
27	0.3762208478791373	1.4356477454813121	0.9849358974358975	0.9435897435897436
28	0.3761105866267763	1.607972219738425	0.9826923076923076	0.9512820512820512
29	0.3759581168492635	0.8100391769287537	0.9910256410256411	0.958974358974359
30	0.3757856661273587	0.6515338053589459	0.9945512820512821	0.958974358974359
31	0.37546782195568085	0.513050493714756	0.9955128205128205	0.958974358974359
32	0.3753087376103257	0.37640097989001053	0.996474358974359	0.9615384615384616
33	0.37528225954841166	0.3262948510094489	0.9974358974358974	0.9615384615384616
34	0.37517170906066893	0.3372051964602457	0.996474358974359	0.9641025641025641
35	0.37507617473602295	0.5190583391421921	0.9948717948717949	0.9615384615384616
36	0.3748784451871305	0.3914998786809631	0.9958333333333333	0.9641025641025641
37	0.3747360518104152	0.29569687484399765	0.9971153846153846	0.9641025641025641
38	0.3747383019863031	0.26253604188300694	0.9974358974358974	0.9615384615384616
39	0.37475096583366396	0.2784171060517036	0.9971153846153846	0.9666666666666667
40	0.3747563362121582	0.5442366451482356	0.9945512820512821	0.9641025641025641
41	0.3746121270315988	0.2853046750272054	0.9977564102564103	0.9641025641025641
42	0.37466217196264934	0.2460083630804937	0.9980769230769231	0.9641025641025641
43	0.37458912892775104	0.247957752185784	0.9977564102564103	0.9666666666666667
44	0.3745263417561849	0.2316008065145998	0.9980769230769231	0.9666666666666667
45	0.3745142998902694	0.2313841312319784	0.9977564102564103	0.9641025641025641
46	0.3744213428903133	0.32688151132933113	0.9971153846153846	0.9666666666666667
47	0.37444552779197693	0.2954802197893551	0.9967948717948718	0.9615384615384616
48	0.3745029994419643	0.3161812451219944	0.9961538461538462	0.9615384615384616
49	0.3744987106323242	0.243306748718605	0.9980769230769231	0.9666666666666667
50	0.3745199792525348	0.21839599985413566	0.9980769230769231	0.9666666666666667
51	0.37444771711642927	0.2167560026981085	0.9974358974358974	0.9666666666666667
52	0.37450615415033306	0.21301160241737493	0.9980769230769231	0.9666666666666667
53	0.37445962870562516	0.21189984385609376	0.9980769230769231	0.9666666666666667
54	0.37437840375033293	0.21383095347861242	0.9977564102564103	0.9666666666666667
55	0.37435224652290344	0.20923849344822254	0.9980769230769231	0.9666666666666667
56	0.3743057920221697	0.20645916302530576	0.9980769230769231	0.9666666666666667
57	0.37425825102575894	0.20808333235187576	0.9977564102564103	0.9666666666666667
58	0.3743699930481992	0.2043142211996197	0.9980769230769231	0.9666666666666667
59	0.37440986235936485	0.20463421476745922	0.9980769230769231	0.9666666666666667
-1	-1	-1	-1	-1
0	0.4523279666900635	97.61821256365094	0.2862179487179487	0.47692307692307695
1	0.41129088401794434	52.80098203736909	0.521474358974359	0.6205128205128205
2	0.3969883918762207	31.898323107738886	0.6951923076923077	0.6487179487179487
3	0.3912532925605774	26.53934117725917	0.7349358974358975	0.7333333333333333
4	0.386746883392334	20.032771183519948	0.7913461538461538	0.7794871794871795
5	0.38403602441151935	15.181915020456119	0.8451923076923077	0.8333333333333334
6	0.38200582776750835	18.19352685432045	0.8282051282051283	0.8051282051282052
7	0.3806898593902588	12.742415900133095	0.864423076923077	0.8589743589743589
8	0.3796824879116482	11.708939732945694	0.8794871794871795	0.8333333333333334
9	0.37905082702636717	13.363774817817065	0.8663461538461539	0.8564102564102564
10	0.3783616369420832	10.372563430241176	0.892948717948718	0.8794871794871795
11	0.37824557224909466	8.612136086030882	0.9134615384615384	0.9
12	0.37774227215693545	7.338351622527959	0.9173076923076923	0.882051282051282
13	0.3774595090321132	5.530668166979235	0.9448717948717948	0.9205128205128205
14	0.3772749900817871	6.725893235328246	0.9375	0.8282051282051283
15	0.3769241124391556	7.918918279056647	0.9246794871794872	0.8717948717948718
16	0.3768349675571217	6.029179327341975	0.9346153846153846	0.9307692307692308
17	0.37667596340179443	3.797432559181233	0.9567307692307693	0.941025641025641
18	0.3766870749624152	3.0871312712528267	0.969551282051282	0.9461538461538461
19	0.3766710519790649	2.932289235750023	0.9711538461538461	0.9025641025641026
20	0.3765139125642322	2.175492622395407	0.9727564102564102	0.9487179487179487
21	0.3760029836134477	1.9753847557728237	0.9804487179487179	0.9205128205128205
22	0.37556776793106744	3.0656865630298853	0.969551282051282	0.9358974358974359
23	0.37532567977905273	2.124424112618578	0.9772435897435897	0.9512820512820512
24	0.3753141689300537	1.6671994407708777	0.9826923076923076	0.9512820512820512
25	0.3750616770524245	1.0633747213916873	0.9907051282051282	0.958974358974359
26	0.37494772451895253	1.3320816247248832	0.9849358974358975	0.9615384615384616
27	0.37485551834106445	1.4764654349995425	0.9871794871794872	0.9384615384615385
28	0.37476281462044553	1.4382367669961091	0.9855769230769231	0.9564102564102565
29	0.37469099362691244	1.3075665495767048	0.9839743589743589	0.9487179487179487
30	0.3745779452785369	2.035773475321808	0.9817307692307692	0.9512820512820512
31	0.3744518607854843	0.8146455531475985	0.9926282051282052	0.9487179487179487
32	0.37421688166531647	0.8011429270026179	0.9916666666666667	0.958974358974359
33	0.3740421253092149	0.5794844540995451	0.9951923076923077	0.9666666666666667
34	0.37395773615155903	0.4090459493062535	0.9955128205128205	0.9615384615384616
35	0.373934547106425	0.3901693517044044	0.9967948717948718	0.9666666666666667
36	0.3739383671734784	0.4349671304695147	0.9951923076923077	0.9641025641025641
37	0.37384904685773346	0.3765115345132119	0.9951923076923077	0.9692307692307692
38	0.37387921871283114	0.5088044585167414	0.9955128205128205	0.9615384615384616
39	0.37377715706825254	0.4445944997857382	0.9955128205128205	0.9615384615384616
40	0.3737195468530422	0.32462265736623	0.9961538461538462	0.9641025641025641
41	0.3736479850042434	0.29765227188864646	0.9967948717948718	0.9666666666666667
42	0.37349563421205034	0.3033465794560842	0.9967948717948718	0.9641025641025641
43	0.37342805754054675	0.3031637211106314	0.9967948717948718	0.9666666666666667
44	0.37348041534423826	0.30119459861202347	0.9967948717948718	0.9641025641025641
45	0.37363816862520965	0.2829547200369178	0.9967948717948718	0.9666666666666667
46	0.3736608028411865	0.27738363275127587	0.996474358974359	0.9692307692307692
47	0.3735700448354085	0.28034951301438293	0.9971153846153846	0.9666666666666667
48	0.37348513700524155	0.27118910884375363	0.9974358974358974	0.9692307692307692
49	0.37345170974731445	0.26637288192887354	0.9974358974358974	0.9692307692307692
50	0.3735305982477525	0.28985815279854565	0.9967948717948718	0.9692307692307692
51	0.3736153841018677	0.26615310876632625	0.9974358974358974	0.9692307692307692
52	0.3735426596875461	0.26539414417582485	0.9974358974358974	0.9692307692307692
53	0.373633759993094	0.2584643044038432	0.9967948717948718	0.9692307692307692
54	0.3737637173045765	0.26583283236917	0.9967948717948718	0.9692307692307692
55	0.3737514019012451	0.2577950650343062	0.9974358974358974	0.9692307692307692
56	0.3737220805987977	0.24876935730802016	0.9974358974358974	0.9692307692307692
57	0.37368884579888706	0.2650623625951103	0.9967948717948718	0.9692307692307692
-1	-1	-1	-1	-1
0	0.5188639163970947	101.15521290837502	0.2621794871794872	0.47692307692307695
1	0.44647765159606934	58.007821170651184	0.49006410256410254	0.6435897435897436
2	0.42064595222473145	34.15957579320791	0.6657051282051282	0.7666666666666667
3	0.408541202545166	25.430925636875386	0.7490384615384615	0.7333333333333333
4	0.4021172046661377	20.19140684847929	0.7862179487179487	0.7717948717948718
5	0.39729416370391846	16.32371288416337	0.8371794871794872	0.8051282051282052
6	0.3937410967690604	15.182973803306112	0.8525641025641025	0.8794871794871795
7	0.39071759581565857	13.404913601218437	0.8621794871794872	0.8564102564102564
8	0.38825276162889266	12.072330124524175	0.871474358974359	0.8769230769230769
9	0.38643641471862794	10.08615300606708	0.9025641025641026	0.9
10	0.3846960501237349	9.494509553422732	0.9112179487179487	0.8974358974358975
11	0.38306411107381183	10.600447044080617	0.8974358974358975	0.8717948717948718
12	0.38223864481999326	9.544313173665076	0.9092948717948718	0.8871794871794871
13	0.38172478335244314	8.495086270327471	0.9166666666666666	0.9076923076923077
14	0.38128720919291176	5.3129441543501255	0.9442307692307692	0.9102564102564102
15	0.3805401772260666	5.977711412371422	0.9323717948717949	0.9153846153846154
16	0.38074611215030446	7.364376131369143	0.9317307692307693	0.882051282051282
17	0.38019022676679826	4.0941890931251095	0.9548076923076924	0.941025641025641
18	0.3793051242828369	3.709485857842528	0.966025641025641	0.9205128205128205
19	0.3782883286476135	4.00279809922284	0.9644230769230769	0.9358974358974359
20	0.37747083391462055	2.307869179549684	0.9756410256410256	0.9615384615384616
21	0.3764810128645463	2.540217975610677	0.9762820512820513	0.9487179487179487
22	0.3758366626241933	1.8877245883210276	0.9810897435897435	0.9564102564102565
23	0.3755643864472707	1.8673695507934507	0.9804487179487179	0.9564102564102565
24	0.37528057098388673	1.2061040084048802	0.9884615384615385	0.9641025641025641
25	0.37490081787109375	1.4730197193376644	0.9842948717948717	0.958974358974359
26	0.3742804262373183	1.3740330283406514	0.9881410256410257	0.9615384615384616
27	0.37385750668389456	1.2460676097187537	0.9884615384615385	0.9615384615384616
28	0.3738668293788515	1.3324286606096263	0.985897435897436	0.9512820512820512
29	0.3739438613255819	0.9239435641294611	0.9900641025641026	0.9615384615384616
30	0.37377648968850413	1.2099402944405315	0.9878205128205129	0.9615384615384616
31	0.37377769500017166	0.7683843390859322	0.9913461538461539	0.9641025641025641
32	0.37375347542040277	0.5763201226512379	0.9942307692307693	0.9692307692307692
33	0.3732071694205789	0.3833943308017464	0.9961538461538462	0.9692307692307692
34	0.37282839502607074	0.34564091468215635	0.9974358974358974	0.9666666666666667
35	0.3728134102291531	0.31485215241665004	0.996474358974359	0.9692307692307692
36	0.3727856520059946	0.30676487674912895	0.9967948717948718	0.9641025641025641
37	0.37259611957951594	0.320941326008992	0.9971153846153846	0.9692307692307692
38	0.3724834857842861	0.27842179007830614	0.9974358974358974	0.9692307692307692
39	0.372275710105896	0.2724507238087185	0.9974358974358974	0.9692307692307692
40	0.37213078940786964	0.28352634544516686	0.9974358974358974	0.9692307692307692
41	0.3718408743540446	0.28054327918466604	0.9971153846153846	0.9666666666666667
42	0.3716943984807924	0.2571212428267653	0.9967948717948718	0.9692307692307692
43	0.371409302408045	0.2575317574677572	0.996474358974359	0.9692307692307692
44	0.3710723770989312	0.272920348138337	0.9971153846153846	0.9692307692307692
45	0.3708199521769648	0.24262497262115715	0.9974358974358974	0.9692307692307692
46	0.3706574084910941	0.27041740922215135	0.9974358974358974	0.9692307692307692
47	0.3705088098843892	0.22392650169563333	0.9980769230769231	0.9692307692307692
48	0.3705148210330885	0.21684812057834763	0.9974358974358974	0.9692307692307692
49	0.3705251026153564	0.2349063945368879	0.9971153846153846	0.9692307692307692
50	0.3705309091829786	0.20949734175322804	0.9980769230769231	0.9692307692307692
51	0.3705878945497366	0.21321013183404255	0.9977564102564103	0.9692307692307692
52	0.3707140526681576	0.20352829087153865	0.9977564102564103	0.9692307692307692
-1	-1	-1	-1	-1
0	0.46216464042663574	101.7373645159663	0.2548076923076923	0.49230769230769234
1	0.41288506984710693	52.08132531691571	0.5150641025641025	0.6384615384615384
2	0.39446457227071124	30.231182847704208	0.7060897435897436	0.6717948717948717
3	0.3932461142539978	24.47289157400326	0.7612179487179487	0.7153846153846154
4	0.38834514617919924	16.982123180311554	0.8288461538461539	0.8128205128205128
5	0.38634026050567627	16.950437283029363	0.8214743589743589	0.8051282051282052
6	0.38451017652239117	14.922542985604734	0.8522435897435897	0.764102564102564
7	0.3826977014541626	13.386538988473465	0.8653846153846154	0.8717948717948718
8	0.3821540143754747	11.390252376089292	0.8897435897435897	0.8307692307692308
9	0.3813163757324219	10.435052675252058	0.8955128205128206	0.8897435897435897
10	0.38116808371110394	11.280616383163297	0.8868589743589743	0.8589743589743589
11	0.38062379757563275	8.423471371130068	0.9144230769230769	0.8871794871794871
12	0.3803432904756986	8.516343644687108	0.9192307692307692	0.9307692307692308
13	0.380290082522801	5.386297562900855	0.9439102564102564	0.882051282051282
14	0.37990840276082355	5.357936411791918	0.9506410256410256	0.8692307692307693
15	0.379544273018837	4.591807598970374	0.9512820512820512	0.9256410256410257
16	0.37958136726828184	3.48335907228139	0.9669871794871795	0.9256410256410257
17	0.37956489457024467	3.7896634779718457	0.9641025641025641	0.9230769230769231
18	0.37931029420149953	2.3391775388878826	0.9743589743589743	0.9358974358974359
19	0.3795117616653442	2.6458411480547213	0.9701923076923077	0.9102564102564102
20	0.37931510380336214	2.483397979954524	0.9730769230769231	0.9282051282051282
21	0.3792895403775302	2.7474373731268	0.9717948717948718	0.9205128205128205
22	0.3793931111045506	1.6393364783666307	0.9846153846153847	0.9358974358974359
23	0.3792255123456319	1.329715737958952	0.9855769230769231	0.9358974358974359
24	0.3794319725036621	1.8368752135572082	0.9842948717948717	0.9333333333333333
25	0.3794313119007991	1.7475199516297184	0.9810897435897435	0.9461538461538461
26	0.3793780980286775	1.0081098420018026	0.9897435897435898	0.9512820512820512
27	0.37916297571999685	1.3329526593823138	0.9868589743589744	0.9435897435897436
28	0.379029446634753	1.3860044690319433	0.9871794871794872	0.9333333333333333
29	0.3789565324783325	1.3342761987136031	0.9891025641025641	0.9538461538461539
30	0.37892130113417105	0.6262055206568722	0.9932692307692308	0.9538461538461539
31	0.3789610043168068	0.49071532550353403	0.9948717948717949	0.9487179487179487
32	0.3788543903466427	0.5296240207187983	0.9945512820512821	0.9487179487179487
33	0.3787532133214614	0.4584823531889813	0.9955128205128205	0.9564102564102565
34	0.3787039075578962	0.329051166953108	0.996474358974359	0.9564102564102565
35	0.37866536776224774	0.3488547956664234	0.996474358974359	0.9435897435897436
36	0.3787696877041379	0.33716386940602894	0.9958333333333333	0.9538461538461539
37	0.3789153726477372	0.2927318718959993	0.996474358974359	0.958974358974359
38	0.3789582191369472	0.5189145377537768	0.9939102564102564	0.9487179487179487
39	0.3789477586746216	0.4196194928704894	0.9942307692307693	0.9564102564102565
40	0.37864617603581124	0.4714726645562427	0.9961538461538462	0.9487179487179487
41	0.37850190911974224	0.6308557141865652	0.9939102564102564	0.9512820512820512
42	0.37848749826120776	0.42537020951419197	0.996474358974359	0.9564102564102565
43	0.3783734440803528	0.27279981970029754	0.9967948717948718	0.9615384615384616
44	0.3781622992621528	0.21919000226536847	0.9977564102564103	0.9615384615384616
45	0.3781261392261671	0.20318348096043337	0.9983974358974359	0.958974358974359
46	0.3780926897170696	0.2629627104577	0.9974358974358974	0.9564102564102565
47	0.378113254904747	0.23100038840642143	0.9967948717948718	0.9564102564102565
48	0.3781076985962537	0.28124940942522086	0.9974358974358974	0.9615384615384616
49	0.3781063795089722	0.20911785361237648	0.9974358974358974	0.958974358974359
50	0.3781420904047349	0.21411370231139792	0.9977564102564103	0.958974358974359
51	0.37780579236837536	0.20538765970678116	0.9983974358974359	0.9615384615384616
52	0.37774947454344554	0.1827275213762528	0.9980769230769231	0.9641025641025641
53	0.37765642007191974	0.16703766160774147	0.9983974358974359	0.958974358974359
54	0.37754263444380326	0.18115956172988837	0.9983974358974359	0.9564102564102565
55	0.37739208340644836	0.23567829074038724	0.9980769230769231	0.958974358974359
56	0.3773570604491652	0.15666235687470417	0.9987179487179487	0.9564102564102565
57	0.3773864877635035	0.1420988448431412	0.9990384615384615	0.958974358974359
58	0.3774398140988107	0.14937318672292924	0.9980769230769231	0.9615384615384616
59	0.37745687961578367	0.1373789369595865	0.9987179487179487	0.9615384615384616
60	0.37749363164432714	0.1487164730812338	0.9987179487179487	0.9615384615384616
61	0.3774772959370767	0.12321969176813656	0.9993589743589744	0.958974358974359
62	0.37744074397616917	0.12567307814665862	0.9990384615384615	0.9615384615384616
63	0.37746743857860565	0.11387956009746965	0.9990384615384615	0.9615384615384616
64	0.37745988552386944	0.10224738233413593	0.9993589743589744	0.9615384615384616
65	0.37749676270918414	0.10364429494888916	0.9990384615384615	0.9564102564102565
66	0.3774910435747744	0.10976009747680239	0.9990384615384615	0.958974358974359
67	0.37762174886815686	0.10202221101684589	0.9990384615384615	0.9615384615384616
68	0.37751491173453955	0.09788981443561708	0.9993589743589744	0.9615384615384616
69	0.3774174554007394	0.09339785243994171	0.9993589743589744	0.958974358974359
70	0.37736500149041835	0.09657876434707481	0.9993589743589744	0.958974358974359
71	0.37736594014697605	0.09006867617645926	0.9993589743589744	0.958974358974359
72	0.37729973335788675	0.08709223857801719	0.9993589743589744	0.958974358974359
-1	-1	-1	-1	-1
0	0.5153112411499023	100.70334547393176	0.2592948717948718	0.5256410256410257
1	0.4434701204299927	53.05014347543522	0.5182692307692308	0.5743589743589743
2	0.41971858342488605	31.818047358065236	0.6891025641025641	0.7512820512820513
3	0.4087625741958618	21.324471137961563	0.7868589743589743	0.7846153846153846
4	0.40156378746032717	19.051844854744115	0.8067307692307693	0.8102564102564103
5	0.3972510099411011	17.325910923432332	0.8317307692307693	0.7743589743589744
6	0.3937287671225412	15.937998289964638	0.8394230769230769	0.8769230769230769
7	0.3914845585823059	12.821330145913727	0.8685897435897436	0.8538461538461538
8	0.39145154423183864	12.150816671702326	0.8788461538461538	0.841025641025641
9	0.3889895439147949	11.33963581737207	0.8849358974358974	0.7948717948717948
10	0.38738599690524017	12.719854515426013	0.8676282051282052	0.8512820512820513
11	0.38601116339365643	9.849706942937813	0.9016025641025641	0.8512820512820513
12	0.38461780548095703	9.250652107049008	0.9144230769230769	0.9025641025641026
13	0.3836038793836321	6.4641458601975925	0.9288461538461539	0.9128205128205128
14	0.3823855400085449	4.903904698332962	0.9464743589743589	0.9333333333333333
15	0.38168494403362274	3.669750673734412	0.9567307692307693	0.9256410256410257
16	0.38169825778288	4.360791938645499	0.9557692307692308	0.8897435897435897
17	0.38039249844021267	4.155803341342478	0.9621794871794872	0.9333333333333333
18	0.3793150751214278	3.696401277442976	0.9586538461538462	0.9256410256410257
19	0.3791059613227844	2.9836789002375945	0.9692307692307692	0.9051282051282051
20	0.37869706608000253	2.4831723257215046	0.9737179487179487	0.9461538461538461
21	0.3779232176867398	3.49469592110539	0.9669871794871795	0.9282051282051282
22	0.3771144203517748	3.2135543079704654	0.9689102564102564	0.9461538461538461
23	0.3768331706523895	1.6972275176750762	0.9817307692307692	0.9564102564102565
24	0.37642239570617675	1.5687500163437609	0.9810897435897435	0.9564102564102565
25	0.37641391387352574	1.6634267209648934	0.982051282051282	0.9461538461538461
26	0.3765665778407344	1.2483197043896939	0.9875	0.958974358974359
27	0.3761761614254543	0.8351364436663915	0.9932692307692308	0.9615384615384616
28	0.37596372078204976	0.5010006333611031	0.9951923076923077	0.9615384615384616
29	0.37571372191111246	0.66611741146795	0.9942307692307693	0.9692307692307692
30	0.37545664848819854	0.5343146057168677	0.9948717948717949	0.9615384615384616
31	0.37534748017787933	0.3860306473820392	0.9961538461538462	0.9692307692307692
32	0.37511433254588733	0.4008852272386228	0.9961538461538462	0.9641025641025641
33	0.37486688529743867	0.7744837340819222	0.9935897435897436	0.9435897435897436
34	0.37476848193577356	1.045224500722632	0.9907051282051282	0.9615384615384616
35	0.37456638283199734	0.8100859408768141	0.9919871794871795	0.9512820512820512
36	0.3746410189448176	0.7435593841067629	0.992948717948718	0.9641025641025641
37	0.3746394860117059	0.5218235418088829	0.9939102564102564	0.9641025641025641
38	0.37442837006006485	0.3615767227376488	0.996474358974359	0.9666666666666667
39	0.3743304073810577	0.3808889865277725	0.9958333333333333	0.958974358974359
40	0.37415989433846825	0.5884419244984925	0.9939102564102564	0.9538461538461539
41	0.37409386180696036	0.5415737819748013	0.9948717948717949	0.958974358974359
42	0.37389156430266623	0.5634953885586286	0.9961538461538462	0.9615384615384616
43	0.37372844327579846	0.324176414557602	0.996474358974359	0.9615384615384616
44	0.37351708941989475	0.31337339510652357	0.9967948717948718	0.9615384615384616
45	0.3733659049739008	0.30433511874093244	0.9967948717948718	0.9641025641025641
46	0.3732883118568583	0.2888644221512012	0.9974358974358974	0.9641025641025641
47	0.3732141504685084	0.29299459891299934	0.9974358974358974	0.958974358974359
48	0.37306781204379336	0.31572783591816134	0.9958333333333333	0.9615384615384616
49	0.37300198554992675	0.30467832186770133	0.9971153846153846	0.9641025641025641
-1	-1	-1	-1	-1
0	0.4475255012512207	99.81482961226483	0.2548076923076923	0.48205128205128206
1	0.40728306770324707	51.2074391306663	0.5336538461538461	0.6205128205128205
2	0.3947891394297282	33.90628269740513	0.6679487179487179	0.6666666666666666
3	0.3874198794364929	27.724610815242844	0.7282051282051282	0.7794871794871795
4	0.3840638637542725	18.74181707537904	0.8025641025641026	0.8102564102564103
5	0.3810650904973348	16.001942683239374	0.8423076923076923	0.7717948717948718
6	0.37913012504577637	15.474814612038282	0.8522435897435897	0.841025641025641
7	0.3782649040222168	14.023819259234838	0.8605769230769231	0.8102564102564103
8	0.3770870367685954	12.450574383443715	0.8778846153846154	0.9
9	0.3768807888031006	9.814316002690063	0.9	0.8794871794871795
10	0.37617880647832697	12.729957983201864	0.8839743589743589	0.8384615384615385
11	0.3753446141878764	10.11833025423848	0.9016025641025641	0.882051282051282
12	0.37484312057495117	7.481377479373192	0.9224358974358975	0.9025641025641026
13	0.3746319498334612	6.673516637816721	0.933974358974359	0.8897435897435897
14	0.37424136797587076	5.854666255262433	0.9397435897435897	0.9128205128205128
15	0.37389376759529114	4.559369217680425	0.9506410256410256	0.9333333333333333
16	0.3736567216760972	4.029339195514212	0.955448717948718	0.9282051282051282
17	0.3735627995596992	3.694081225413449	0.9612179487179487	0.9282051282051282
18	0.3732827588131553	3.276094296186858	0.9676282051282051	0.9025641025641026
19	0.3731712341308594	2.8746277840465915	0.9705128205128205	0.9333333333333333
20	0.3731669925508045	2.5493522303521026	0.971474358974359	0.9282051282051282
21	0.37314870140769263	3.622337935150278	0.9698717948717949	0.9076923076923077
22	0.37305746907773224	2.3204672740278194	0.9724358974358974	0.941025641025641
23	0.3728354771931966	2.2111951809338466	0.9746794871794872	0.941025641025641
24	0.37260597229003906	1.887896779791585	0.9772435897435897	0.941025641025641
25	0.37256049192868745	1.7523055918210624	0.9804487179487179	0.9538461538461539
26	0.372573870199698	1.6898918608013465	0.9846153846153847	0.9487179487179487
27	0.372407180922372	1.392182521550555	0.9846153846153847	0.9512820512820512
28	0.3723118058566389	1.3290313502431523	0.9865384615384616	0.958974358974359
29	0.37239832083384194	3.155421220763986	0.9769230769230769	0.9333333333333333
30	0.37231679116525956	1.959042429042581	0.9849358974358975	0.9641025641025641
31	0.37207571417093277	0.7818600473478816	0.9923076923076923	0.9384615384615385
32	0.3719204194617994	1.2084644542132714	0.9855769230769231	0.9538461538461539
33	0.3718868003172033	1.1507601859523173	0.9881410256410257	0.9487179487179487
34	0.3718613488333566	0.9459206895886122	0.9897435897435898	0.9641025641025641
35	0.3717847267786662	0.5144881253339806	0.9958333333333333	0.9666666666666667
36	0.3719379257511448	0.3586503147724921	0.9967948717948718	0.9615384615384616
37	0.37199960884295014	0.39517044304924714	0.9945512820512821	0.9641025641025641
38	0.3720581959455441	0.30426977997840554	0.996474358974359	0.9717948717948718
39	0.37209039330482485	0.3056433013104596	0.9967948717948718	0.9641025641025641
40	0.37220578658871534	0.29164279911759766	0.9974358974358974	0.9666666666666667
41	0.37239220596495126	0.2725092034132252	0.9967948717948718	0.9666666666666667
42	0.3725968516150186	0.26227938217569463	0.9967948717948718	0.9615384615384616
43	0.3725811784917658	0.289799477476199	0.9971153846153846	0.9641025641025641
44	0.372569481531779	0.2576656546024962	0.9974358974358974	0.9615384615384616
45	0.3727036662723707	0.2538629912909973	0.9977564102564103	0.9615384615384616
46	0.37283369328113314	0.24864596217646198	0.9977564102564103	0.9692307692307692
47	0.3730383316675822	0.38526517104393715	0.9955128205128205	0.9641025641025641
48	0.3730396689200888	0.8470699299873465	0.9910256410256411	0.9641025641025641
49	0.3730555295944214	0.3848388514764208	0.9967948717948718	0.9692307692307692
50	0.37330198287963867	0.2490238926818295	0.9977564102564103	0.9692307692307692
51	0.37343647388311535	0.24357499911690997	0.9974358974358974	0.9666666666666667
52	0.3734414172622393	0.23498266739847984	0.9971153846153846	0.9666666666666667
53	0.37341834439171684	0.22863008531930973	0.9977564102564103	0.9692307692307692
54	0.37344272786920724	0.22873038970164442	0.9977564102564103	0.9666666666666667
55	0.373474725655147	0.22856818065546186	0.9974358974358974	0.9692307692307692
56	0.37333298147770394	0.22425103342939853	0.9977564102564103	0.9717948717948718
57	0.3732607529081147	0.21929609355378935	0.9977564102564103	0.9692307692307692
58	0.3731212413917154	0.22286377318395892	0.9977564102564103	0.9692307692307692
-1	-1	-1	-1	-1
0	0.4503943920135498	94.13277384699607	0.3003205128205128	0.5205128205128206
1	0.41218137741088867	51.10273092620227	0.5294871794871795	0.5641025641025641
2	0.39871811866760254	32.7646205571233	0.6903846153846154	0.7128205128205128
3	0.3924309015274048	24.5886944167468	0.7538461538461538	0.8
4	0.3879488468170166	17.61061405162422	0.823076923076923	0.8307692307692308
5	0.3853052457173665	17.168482819382024	0.8269230769230769	0.8205128205128205
6	0.3834935597011021	15.978885059454003	0.8480769230769231	0.8256410256410256
7	0.38199424743652344	15.563088906054594	0.8538461538461538	0.823076923076923
8	0.3803659809960259	12.12280308470434	0.8814102564102564	0.8384615384615385
9	0.3791156530380249	12.604984577821225	0.8711538461538462	0.8153846153846154
10	0.37852566892450507	9.39275704476298	0.9	0.8538461538461538
11	0.3791675766309102	7.678807199609523	0.9176282051282051	0.8794871794871795
12	0.3787065652700571	6.246131520794362	0.9349358974358974	0.8282051282051283
13	0.37844341141836985	8.714379893273723	0.9131410256410256	0.8717948717948718
14	0.377985159556071	5.332159716255811	0.9477564102564102	0.882051282051282
15	0.3777451068162918	4.217421103572967	0.9605769230769231	0.9179487179487179
16	0.37752419359543743	3.4087773064265448	0.9641025641025641	0.9179487179487179
17	0.37745968500773114	4.105485608155022	0.9608974358974359	0.882051282051282
18	0.3773786017769261	2.9246501865587673	0.9673076923076923	0.9333333333333333
19	0.3774687170982361	2.7233597616455993	0.9717948717948718	0.9384615384615385
20	0.37728485606965567	2.6004715263463405	0.9730769230769231	0.9179487179487179
21	0.37707470763813367	2.4887004168133955	0.9753205128205128	0.9564102564102565
22	0.37703091165293817	1.6490857108277555	0.9823717948717948	0.9512820512820512
23	0.37690601746241253	2.587306239428379	0.9766025641025641	0.941025641025641
24	0.37655340194702147	2.355741128249436	0.9798076923076923	0.9564102564102565
25	0.37610710584200346	1.1708598310051828	0.9887820512820513	0.9666666666666667
26	0.3759538067711724	0.9607142164010782	0.9900641025641026	0.9487179487179487
27	0.37580685104642597	1.0988293720750204	0.9897435897435898	0.9487179487179487
28	0.3756418063722808	0.8602771417015679	0.9926282051282052	0.9282051282051282
29	0.3755398511886597	1.8924752818040398	0.9836538461538461	0.9333333333333333
30	0.3753033914873677	1.034426330159328	0.9900641025641026	0.9538461538461539
31	0.3750435933470726	0.8743884421609418	0.9903846153846154	0.9641025641025641
32	0.3749625538334702	0.5659921180821565	0.9942307692307693	0.9692307692307692
33	0.37509139145121856	0.39483191522387123	0.996474358974359	0.9641025641025641
34	0.3751096793583461	0.3614027727091191	0.9971153846153846	0.9641025641025641
35	0.3750886585977342	0.2936708768633698	0.9977564102564103	0.9641025641025641
36	0.3749740188186233	0.2935845318157701	0.9977564102564103	0.9641025641025641
37	0.3750020767513074	0.27525191935140414	0.9980769230769231	0.9615384615384616
38	0.3750730966910338	0.27449513061598124	0.9977564102564103	0.9641025641025641
39	0.3748999536037445	0.5675092698279792	0.996474358974359	0.9564102564102565
40	0.3749349698787782	0.4777065289874409	0.9958333333333333	0.958974358974359
41	0.3749311367670695	0.3278405233589239	0.9967948717948718	0.9641025641025641
42	0.37519327429837956	0.5884671609956243	0.9948717948717949	0.9717948717948718
43	0.37500164725563745	0.30207088908711593	0.9974358974358974	0.9692307692307692
44	0.3749342335595025	0.2538854062198768	0.9980769230769231	0.9641025641025641
45	0.37478854345238727	0.25209235417082243	0.9980769230769231	0.9666666666666667
46	0.37481210586872504	0.23761193086272903	0.9977564102564103	0.9666666666666667
47	0.37482597927252453	0.23110232409119502	0.9980769230769231	0.9666666666666667
48	0.3748157073040398	0.2243715309623254	0.9980769230769231	0.9666666666666667
49	0.37490158557891845	0.2225024559956883	0.9980769230769231	0.9666666666666667
50	0.37488403039820056	0.22864005534285417	0.9980769230769231	0.9666666666666667
51	0.3749149487568782	0.22192754717583071	0.9980769230769231	0.9666666666666667
52	0.37502417474422817	0.23179654190489044	0.9980769230769231	0.9641025641025641
53	0.37508431628898337	0.21728162286059644	0.9980769230769231	0.9666666666666667
54	0.3750833381306041	0.21456099186226701	0.9980769230769231	0.9666666666666667
55	0.3750351752553667	0.21380766165095003	0.9977564102564103	0.9641025641025641
56	0.37492377297920093	0.21276018063894744	0.9980769230769231	0.9666666666666667
57	0.3749041064032193	0.21430492490364778	0.9980769230769231	0.9666666666666667
58	0.37490894026675464	0.21242455104703015	0.9980769230769231	0.9641025641025641
59	0.3748885591824849	0.21820157267998463	0.9980769230769231	0.9666666666666667
60	0.3747718334197998	0.20503226363886212	0.9980769230769231	0.9641025641025641
61	0.3747957214232414	0.2042401519541142	0.9980769230769231	0.9692307692307692
62	0.3748750875866602	0.20775610291119456	0.9980769230769231	0.9666666666666667
-1	-1	-1	-1	-1
0	0.520404577255249	102.2193159375872	0.24967948717948718	0.5102564102564102
1	0.44726598262786865	53.80259998477235	0.510576923076923	0.5102564102564102
2	0.4223901430765788	33.36586428661736	0.6801282051282052	0.6974358974358974
3	0.4108791947364807	24.06228628937079	0.7682692307692308	0.7512820512820513
4	0.40292792320251464	19.14136952040147	0.8147435897435897	0.8102564102564103
5	0.3991199731826782	16.124974231330715	0.8387820512820513	0.8435897435897436
6	0.39635484559195383	13.949454297824781	0.8548076923076923	0.8846153846153846
7	0.3938877582550049	13.339041077360815	0.8698717948717949	0.7794871794871795
8	0.3921706411573622	14.911682126473407	0.8586538461538461	0.8564102564102564
9	0.3907834529876709	11.230140447616577	0.8993589743589744	0.8307692307692308
10	0.3892548951235684	9.739184950079236	0.9038461538461539	0.8538461538461538
11	0.38787466287612915	8.605752606781161	0.9134615384615384	0.9
12	0.3871169273669903	7.70298290222275	0.9262820512820513	0.8846153846153846
13	0.3860825981412615	6.8268988892740134	0.9278846153846154	0.8974358974358975
14	0.3855330308278402	5.378238489053079	0.9407051282051282	0.9358974358974359
15	0.3852957934141159	3.949380494806231	0.9573717948717949	0.9153846153846154
16	0.38457194496603575	3.915227115534398	0.9557692307692308	0.9358974358974359
17	0.3841019736395942	3.684251221543064	0.9621794871794872	0.9205128205128205
18	0.3836497256630345	2.696119563254927	0.9717948717948718	0.9358974358974359
19	0.3833622097969055	3.047358848192558	0.9692307692307692	0.9461538461538461
20	0.38306626819428946	2.755061925597945	0.9733974358974359	0.9333333333333333
21	0.38280586762861774	2.4455140425196413	0.9727564102564102	0.9384615384615385
22	0.3824842287146527	2.632077523896813	0.9746794871794872	0.958974358974359
23	0.3824005921681722	1.101302371597944	0.989423076923077	0.9538461538461539
24	0.3823480987548828	1.4930706375791711	0.9871794871794872	0.9512820512820512
25	0.38213550127469575	0.8702985813689171	0.9907051282051282	0.9538461538461539
26	0.38213548836884675	0.9691131534244941	0.9907051282051282	0.9615384615384616
27	0.3820118818964277	1.2979050809184887	0.9862179487179488	0.9512820512820512
28	0.38142012727671654	1.3833787923165577	0.9871794871794872	0.9384615384615385
29	0.380801256497701	2.360199684666812	0.9798076923076923	0.9384615384615385
30	0.3801263686149351	1.0746463612220916	0.9878205128205129	0.958974358974359
31	0.3795696869492531	0.5679731643141	0.9951923076923077	0.9564102564102565
32	0.3790091167796742	0.5157467581531299	0.9942307692307693	0.958974358974359
33	0.3785843007704791	0.7873560812773316	0.9913461538461539	0.958974358974359
34	0.37819705009460447	0.5258877205873878	0.9948717948717949	0.9461538461538461
35	0.37767714262008667	0.5197994813646133	0.9948717948717949	0.9538461538461539
36	0.37728766492895177	0.31876705248979137	0.9974358974358974	0.958974358974359
37	0.3769594054473074	0.38447992989261237	0.9955128205128205	0.9564102564102565
38	0.3766212585644844	0.2543017866787244	0.9974358974358974	0.9564102564102565
39	0.37620497345924375	0.22747621895437728	0.9977564102564103	0.958974358974359
40	0.3759736084356541	0.21045314307842516	0.9983974358974359	0.9641025641025641
41	0.375885077885219	0.20051983288980482	0.9980769230769231	0.9538461538461539
42	0.3758781067160673	0.25844605192506437	0.9977564102564103	0.9564102564102565
43	0.3759200193665244	0.22466754287612573	0.9974358974358974	0.9615384615384616
44	0.3757834964328342	0.21456981143778742	0.9980769230769231	0.9615384615384616
45	0.3757147633511087	0.25772271036676475	0.9977564102564103	0.9615384615384616
46	0.37573482635173394	0.17777744245570515	0.9987179487179487	0.958974358974359
47	0.3756273686885834	0.16703783047364132	0.9983974358974359	0.9641025641025641
48	0.37553225244794575	0.17474844704108308	0.9987179487179487	0.9641025641025641
49	0.3753285551071167	0.16216668841424303	0.9983974358974359	0.9641025641025641
50	0.375167636310353	0.20530572673985206	0.9980769230769231	0.9615384615384616
51	0.3749871070568378	0.40144466955618036	0.9961538461538462	0.9538461538461539
52	0.37483618394383844	0.34586005138523007	0.9961538461538462	0.9538461538461539
53	0.37474751472473145	0.4928380374753478	0.9961538461538462	0.958974358974359
54	0.3746701630679044	0.31186968312665286	0.9971153846153846	0.9538461538461539
55	0.3746815621852875	0.1862568900445583	0.9987179487179487	0.9641025641025641
56	0.3747080459929349	0.16107423987348887	0.9987179487179487	0.9641025641025641
57	0.37469297030876425	0.15716278484889737	0.9987179487179487	0.9641025641025641
58	0.3746563135567358	0.15427893097853948	0.9983974358974359	0.9641025641025641
59	0.37456874052683514	0.15730713270156174	0.9987179487179487	0.9641025641025641
60	0.374554380041654	0.15329718084073962	0.9987179487179487	0.9641025641025641
61	0.3745966803643011	0.14852940693912833	0.9987179487179487	0.9666666666666667
62	0.3746296526893737	0.1456438771968221	0.9987179487179487	0.9641025641025641
63	0.37457964196801186	0.14540002510099784	0.9987179487179487	0.9641025641025641
64	0.3745706631587102	0.14630042586566339	0.9987179487179487	0.9641025641025641
65	0.37467335209702	0.14279733381408732	0.9987179487179487	0.9641025641025641
66	0.3747332451948479	0.14118492752897174	0.9987179487179487	0.9641025641025641
67	0.37459032675799203	0.1409104612108162	0.9987179487179487	0.9666666666666667
68	0.3745308578878209	0.1401049992073611	0.9987179487179487	0.9641025641025641
69	0.37452268600463867	0.1363724479348576	0.9987179487179487	0.9641025641025641
70	0.3745840133075983	0.1357679715576375	0.9987179487179487	0.9641025641025641
71	0.3746340076128642	0.13495121943527252	0.9987179487179487	0.9666666666666667
72	0.3746167698951617	0.1351596546543561	0.9987179487179487	0.9641025641025641
73	0.37463517124588425	0.13197577109932188	0.9987179487179487	0.9641025641025641
74	0.3746003214518229	0.13196498166567205	0.9987179487179487	0.9641025641025641
75	0.374498492793033	0.13042494531899657	0.9987179487179487	0.9641025641025641
76	0.37432345477017487	0.12684093329338866	0.9990384615384615	0.9641025641025641
77	0.3741782078376183	0.13143522408011318	0.9987179487179487	0.9641025641025641
78	0.3740230693092829	0.12806545913825138	0.9987179487179487	0.9641025641025641
79	0.37386668026447295	0.12561612692704738	0.9987179487179487	0.9641025641025641
80	0.3737731568607283	0.1283557275874788	0.9987179487179487	0.9641025641025641
81	0.37386317078660175	0.12592050508151353	0.9987179487179487	0.9641025641025641
-1	-1	-1	-1	-1
0	0.46335721015930176	91.7038212406392	0.31826923076923075	0.5564102564102564
1	0.421217679977417	47.561298818004374	0.5634615384615385	0.6358974358974359
2	0.40579970677693683	30.83614130895965	0.7086538461538462	0.6820512820512821
3	0.3964638113975525	22.317650726863317	0.7858974358974359	0.735897435897436
4	0.39188971519470217	19.748521254987132	0.7971153846153847	0.7871794871794872
5	0.3887571096420288	20.23634253472698	0.8096153846153846	0.7897435897435897
6	0.3864987237112863	14.571426089929075	0.8567307692307692	0.8615384615384616
7	0.3856430947780609	11.697168851385312	0.8833333333333333	0.8512820512820513
8	0.385119809044732	11.74114397593907	0.8788461538461538	0.7897435897435897
9	0.384015154838562	12.660175661651456	0.8791666666666667	0.8692307692307693
10	0.3834604133259166	9.280280997558515	0.9057692307692308	0.882051282051282
11	0.38279608885447186	7.274973494665963	0.9275641025641026	0.9025641025641026
12	0.38234978455763596	6.221453723250603	0.9326923076923077	0.8974358974358975
13	0.38162641865866526	5.0507296031835125	0.9458333333333333	0.9230769230769231
14	0.38143898646036783	6.035687934683294	0.9448717948717948	0.9
15	0.38106346130371094	5.067479860569749	0.9512820512820512	0.8666666666666667
16	0.38068678799797506	4.902118632227791	0.9557692307692308	0.9179487179487179
17	0.3800051079856025	2.917058516521843	0.9685897435897436	0.9333333333333333
18	0.37978681765104594	2.9967740216382723	0.971474358974359	0.9384615384615385
19	0.3794485807418823	2.1061807815745777	0.978525641025641	0.9307692307692308
20	0.379297517594837	2.097147776621717	0.9759615384615384	0.9153846153846154
21	0.3789729963649403	3.605179385643224	0.967948717948718	0.9102564102564102
22	0.3786409419515859	4.726801709405014	0.9522435897435897	0.9205128205128205
23	0.3784606357415517	2.4547167587835266	0.9746794871794872	0.9564102564102565
24	0.378275728225708	1.7423257385665665	0.9823717948717948	0.9307692307692308
25	0.37820932498345006	1.2129736795679342	0.9871794871794872	0.9435897435897436
26	0.3783126053986726	1.9239086328711057	0.9801282051282051	0.9333333333333333
27	0.3784370422363281	1.6742667751956959	0.9842948717948717	0.9487179487179487
28	0.3784557128774709	0.8408643033364978	0.9919871794871795	0.9333333333333333
29	0.37830665906270344	0.9895752680497434	0.9916666666666667	0.9358974358974359
30	0.37831145717251685	0.40990347320651066	0.9958333333333333	0.9512820512820512
31	0.3782628998160362	0.49632211545677096	0.9955128205128205	0.9512820512820512
32	0.378262895526308	0.712159749535055	0.9926282051282052	0.9384615384615385
33	0.3782794335309197	0.44372178773676063	0.9948717948717949	0.9512820512820512
34	0.3782238279070173	0.3008078198579416	0.9967948717948718	0.941025641025641
35	0.37829019625981647	0.6733339920869259	0.9955128205128205	0.9333333333333333
36	0.3781958399592219	0.7579919262622882	0.9916666666666667	0.9384615384615385
37	0.3780301432860525	0.27174030580232394	0.9980769230769231	0.9487179487179487
38	0.3780675606849866	0.22553592000859884	0.9983974358974359	0.9538461538461539
39	0.3780797302722931	0.21089997849390338	0.9980769230769231	0.9435897435897436
40	0.3780149541250089	0.20238737837228524	0.9980769230769231	0.9512820512820512
41	0.3780332122530256	0.1863857827414236	0.9983974358974359	0.9487179487179487
42	0.3780567535134249	0.18721906008580178	0.9983974358974359	0.9512820512820512
43	0.37808120250701904	0.2025240078360277	0.9977564102564103	0.9461538461538461
-1	-1	-1	-1	-1
0	0.5045371055603027	95.89594835164596	0.2875	0.4717948717948718
1	0.42926859855651855	50.18866332696409	0.5397435897435897	0.5974358974358974
2	0.4066308339436849	33.0030243737357	0.6778846153846154	0.7615384615384615
3	0.3940412998199463	23.394469728275222	0.7708333333333334	0.7615384615384615
4	0.3877569675445557	20.104636435606043	0.7967948717948717	0.8461538461538461
5	0.38325448830922443	17.558123286889526	0.8253205128205128	0.8282051282051283
6	0.37971881457737516	14.891950792195846	0.844551282051282	0.8512820512820513
7	0.37739115953445435	12.654383034122233	0.8724358974358974	0.8564102564102564
8	0.37608785099453396	11.69287333926376	0.8801282051282051	0.8435897435897436
9	0.3748464584350586	12.63969520038488	0.8663461538461539	0.8461538461538461
10	0.37405508214777167	9.162772747935081	0.9083333333333333	0.9102564102564102
11	0.37316914399464923	8.516460308615041	0.9128205128205128	0.9
12	0.3723902335533729	6.732307182891028	0.9246794871794872	0.9205128205128205
13	0.37164815834590365	5.630323118701273	0.9429487179487179	0.9179487179487179
14	0.37147305806477865	6.9612285081221135	0.9464743589743589	0.8871794871794871
15	0.37085339426994324	6.981468557703252	0.9266025641025641	0.9384615384615385
16	0.37052517778733196	4.68030038688864	0.9490384615384615	0.9179487179487179
17	0.3701760371526082	4.6963242602591615	0.9522435897435897	0.9230769230769231
18	0.3701403642955579	3.642613450711479	0.9631410256410257	0.9564102564102565
19	0.36984590291976926	2.8427957612260872	0.9682692307692308	0.9538461538461539
20	0.3696559951418922	2.0630664744091276	0.9794871794871794	0.9615384615384616
21	0.3697048208930276	2.2156955037950254	0.9775641025641025	0.9615384615384616
22	0.37004924857098126	2.115363416566076	0.9759615384615384	0.9641025641025641
23	0.3703445593516032	2.2368645889266414	0.9769230769230769	0.9538461538461539
24	0.3705346202850342	2.239681880122849	0.9769230769230769	0.9564102564102565
25	0.3703992458490225	1.3299706781054943	0.9871794871794872	0.9538461538461539
26	0.3700840914690936	1.525992453877567	0.9830128205128205	0.9564102564102565
27	0.3698226639202663	2.129945431066183	0.9801282051282051	0.9435897435897436
28	0.3695627574262948	2.3399523468878196	0.9756410256410256	0.9512820512820512
29	0.36933720906575523	1.172137983970116	0.9887820512820513	0.9641025641025641
30	0.3690271685200353	0.9746849173157267	0.9903846153846154	0.9692307692307692
31	0.36884939670562744	0.7620557650961742	0.9926282051282052	0.958974358974359
32	0.3685832384860877	0.6020130732789284	0.9939102564102564	0.9692307692307692
33	0.3684520721435547	0.5558048994725865	0.9945512820512821	0.9717948717948718
34	0.36824146679469516	0.46268037647663435	0.9939102564102564	0.9692307692307692
35	0.3680416809187995	0.31446167434582356	0.9961538461538462	0.9692307692307692
36	0.3679108490815034	0.32301911871229316	0.9958333333333333	0.9692307692307692
37	0.36773937626888875	0.34684995721085105	0.9958333333333333	0.9692307692307692
38	0.36752860974042845	0.3300435495686394	0.9961538461538462	0.9717948717948718
39	0.36729958057403567	0.2973985837767143	0.9967948717948718	0.9717948717948718
40	0.36737247792685906	0.2773767121902985	0.9967948717948718	0.9666666666666667
41	0.3674053464617048	0.2783067417920541	0.9967948717948718	0.9692307692307692
42	0.3675127750219301	0.29171301636872193	0.9971153846153846	0.9692307692307692
43	0.36764551292766223	0.2675470994889073	0.9971153846153846	0.9666666666666667
44	0.3677159521314833	0.2478415665819015	0.9967948717948718	0.9692307692307692
45	0.3679406331933063	0.28105806939871697	0.9971153846153846	0.9692307692307692
46	0.36804416839112625	0.2409195004088082	0.9977564102564103	0.9692307692307692
47	0.3681557973225911	0.23526982127627052	0.9977564102564103	0.9692307692307692
48	0.36812620746846103	0.23941835721505375	0.9977564102564103	0.9692307692307692
49	0.36817732334136966	0.2286732095646065	0.9974358974358974	0.9692307692307692
50	0.3682744923759909	0.23101769296086713	0.9977564102564103	0.9692307692307692
51	0.36840574557964617	0.22539695560838907	0.9974358974358974	0.9692307692307692
52	0.36845974202425974	0.22494368184149552	0.9971153846153846	0.9692307692307692
53	0.36847048777121083	0.23509118002261764	0.9971153846153846	0.9692307692307692
-1	-1	-1	-1	-1
0	0.4624316692352295	100.0656423763353	0.25096153846153846	0.5538461538461539
1	0.4153705835342407	52.99550782417764	0.517948717948718	0.5794871794871795
2	0.39999135335286456	32.8734058749919	0.6766025641025641	0.6743589743589744
3	0.39232999086380005	27.647119726453507	0.7266025641025641	0.764102564102564
4	0.3871909618377686	21.715825421469553	0.7865384615384615	0.7846153846153846
5	0.3844212293624878	16.595160744628128	0.8419871794871795	0.8051282051282052
6	0.38230916431971956	13.2620908313868	0.864423076923077	0.8435897435897436
7	0.38062727451324463	11.833619842723925	0.8846153846153846	0.8512820512820513
8	0.3802007834116618	10.57264493071303	0.8926282051282052	0.8538461538461538
9	0.3797749996185303	11.389897837930796	0.8862179487179487	0.8974358974358975
10	0.37949410351839935	11.768682275499616	0.8823717948717948	0.8487179487179487
11	0.37875378131866455	13.22551934329831	0.8743589743589744	0.8974358974358975
12	0.37831658583420974	8.194172089197197	0.9128205128205128	0.8846153846153846
13	0.3783778122493199	8.140448681554016	0.9240384615384616	0.9076923076923077
14	0.37849680582682294	5.202695387814726	0.9455128205128205	0.9282051282051282
15	0.37851767241954803	4.074740134483697	0.9541666666666667	0.9384615384615385
16	0.3782174587249756	4.031695908733776	0.9583333333333334	0.9230769230769231
17	0.37770013014475506	3.6219897338626335	0.9631410256410257	0.9282051282051282
18	0.3775117146341424	3.1342767898886637	0.9689102564102564	0.9179487179487179
19	0.3770963191986084	2.692372529577388	0.971474358974359	0.9512820512820512
20	0.37695122900463285	2.521608841653001	0.9711538461538461	0.9333333333333333
21	0.37673521041870117	2.1660877226718833	0.9762820512820513	0.9358974358974359
22	0.3766057698622994	2.7968568207544027	0.9705128205128205	0.9179487179487179
23	0.37644142905871075	1.991937390585639	0.9788461538461538	0.9333333333333333
24	0.376189136505127	1.7506752082773922	0.9830128205128205	0.941025641025641
25	0.3762785288003775	1.4555910675862462	0.9849358974358975	0.9564102564102565
26	0.37623041647451894	0.9698420926282296	0.9897435897435898	0.941025641025641
27	0.37625254903520855	0.6091456346484662	0.9942307692307693	0.9487179487179487
28	0.3762247397981841	0.6217619473855867	0.9939102564102564	0.9512820512820512
29	0.3763325055440267	1.1233372530206203	0.9891025641025641	0.9384615384615385
30	0.37617175809798703	1.1088873556463466	0.9871794871794872	0.9333333333333333
31	0.3759082928299904	1.287269241319095	0.9862179487179488	0.9435897435897436
32	0.3758922345710523	0.6187521416143923	0.9945512820512821	0.9512820512820512
33	0.3757077245151295	0.7044018217723589	0.9923076923076923	0.9487179487179487
34	0.3755487714494978	0.44903101588834593	0.9955128205128205	0.9461538461538461
35	0.37541983524958294	0.35439808420303553	0.9961538461538462	0.9461538461538461
36	0.37516735695503856	0.40316822070495356	0.9948717948717949	0.9461538461538461
37	0.37502669660668625	0.5986471465320744	0.9955128205128205	0.941025641025641
38	0.374759221688295	0.5684663161732808	0.9939102564102564	0.9461538461538461
39	0.37462990880012514	0.47810159765637705	0.9955128205128205	0.9435897435897436
40	0.3744018019699469	0.42813472786433615	0.9955128205128205	0.941025641025641
41	0.3742634341830299	0.3260762485389227	0.9967948717948718	0.9461538461538461
42	0.37410209899724917	0.33173727317195273	0.996474358974359	0.9512820512820512
43	0.374032892964103	0.27313878952985277	0.9974358974358974	0.9435897435897436
44	0.37396879725986054	0.2506314853366051	0.9977564102564103	0.9435897435897436
45	0.37387505303258484	0.2465968648921633	0.9974358974358974	0.9461538461538461
-1	-1	-1	-1	-1
0	0.4650583267211914	105.14019606064777	0.2205128205128205	0.48717948717948717
1	0.41897332668304443	54.61226074063048	0.5060897435897436	0.541025641025641
2	0.4038321177164714	32.87623369450472	0.6830128205128205	0.6615384615384615
3	0.3961971402168274	24.13985211022046	0.7596153846153846	0.7538461538461538
4	0.3922994136810303	18.208329497551432	0.8102564102564103	0.8025641025641026
5	0.3885056972503662	15.85045928371196	0.8391025641025641	0.841025641025641
6	0.38561735834394184	13.403240833963666	0.8548076923076923	0.8615384615384616
7	0.38355886936187744	15.381690509465276	0.8483974358974359	0.8435897435897436
8	0.3826005988650852	14.492494081964297	0.8586538461538461	0.8589743589743589
9	0.38142211437225343	10.895495420815994	0.8907051282051283	0.882051282051282
10	0.3805944702842019	11.167180490128848	0.8945512820512821	0.8538461538461538
11	0.3795212109883626	7.653851343660938	0.9182692307692307	0.8974358974358975
12	0.3787098481104924	7.808111522270709	0.9214743589743589	0.8743589743589744
13	0.37831410339900423	6.854215913281148	0.9272435897435898	0.9051282051282051
14	0.377742067972819	6.364782924554786	0.9391025641025641	0.9128205128205128
15	0.37687233090400696	4.862557935471437	0.948076923076923	0.9102564102564102
16	0.37627678758957805	5.137754450647199	0.9451923076923077	0.9384615384615385
17	0.37617292669084335	4.297830762227579	0.9596153846153846	0.9256410256410257
18	0.37578399557816355	4.3711607146019835	0.9586538461538462	0.9282051282051282
19	0.3753239274024963	3.3112032911455143	0.9637820512820513	0.9256410256410257
20	0.37502914383297875	4.025476779484627	0.9628205128205128	0.9435897435897436
21	0.37469556114890357	2.559008521293955	0.9724358974358974	0.9435897435897436
22	0.3750001451243525	2.3320030680268395	0.9766025641025641	0.9564102564102565
23	0.37479087710380554	1.9235431521522754	0.9810897435897435	0.9641025641025641
24	0.3747576904296875	1.486013561525211	0.9836538461538461	0.9538461538461539
25	0.3744506285740779	1.9928810812285815	0.9791666666666666	0.9512820512820512
26	0.37413751637494125	1.094674979479109	0.9881410256410257	0.9666666666666667
27	0.3739973647253854	1.0851677078183513	0.9881410256410257	0.9564102564102565
28	0.37390253461640455	1.1214977791604148	0.9891025641025641	0.9615384615384616
29	0.37362260023752847	0.8657119488771244	0.9916666666666667	0.9615384615384616
30	0.3743207916136711	0.6184740618924962	0.992948717948718	0.9666666666666667
31	0.37405847758054733	0.47309766777634277	0.9951923076923077	0.9666666666666667
32	0.3740215879498106	0.6694934227645197	0.9935897435897436	0.9641025641025641
33	0.3737390812705545	0.6146735459232313	0.9939102564102564	0.9615384615384616
34	0.3735612324305943	0.5595948559948367	0.9939102564102564	0.958974358974359
35	0.373277935716841	0.40652116082789264	0.9958333333333333	0.9692307692307692
36	0.37307688996598526	0.32496722424236524	0.996474358974359	0.9666666666666667
37	0.37299316180379766	0.3663181069791697	0.9958333333333333	0.9666666666666667
38	0.37275972733130824	0.31543265354553207	0.9967948717948718	0.9666666666666667
39	0.372755753993988	0.28973435588445035	0.9974358974358974	0.9692307692307692
40	0.37244084404736033	0.305665821103113	0.9967948717948718	0.9666666666666667
41	0.3723653725215367	0.28701873177484155	0.996474358974359	0.9641025641025641
42	0.3722953962725262	0.3059179478800708	0.9974358974358974	0.9666666666666667
43	0.37220856276425446	0.248411885191709	0.9971153846153846	0.9666666666666667
44	0.37202464739481605	0.2452370856274368	0.9977564102564103	0.9692307692307692
45	0.37188937871352484	0.2407149659216253	0.9974358974358974	0.9692307692307692
46	0.37177376036948345	0.23882619844427647	0.9977564102564103	0.9692307692307692
47	0.3716292480627696	0.23323569901040916	0.9980769230769231	0.9692307692307692
48	0.37152572067416445	0.23699199824744827	0.9974358974358974	0.9692307692307692
49	0.3713868236541748	0.236122675552906	0.9974358974358974	0.9692307692307692
50	0.3712952557732077	0.2266270037171311	0.9974358974358974	0.9692307692307692
51	0.3711995849242577	0.22725438932996309	0.9977564102564103	0.9692307692307692
52	0.37105442892830326	0.223068002858707	0.9974358974358974	0.9692307692307692
53	0.3710026167057179	0.2233439916275232	0.9974358974358974	0.9692307692307692
54	0.3709852782162753	0.21739169773584818	0.9974358974358974	0.9692307692307692
55	0.37109250255993437	0.22363398274436413	0.9977564102564103	0.9717948717948718
56	0.37107607774567186	0.21403870937299463	0.9977564102564103	0.9717948717948718
57	0.3711011080906309	0.2105489221024499	0.9977564102564103	0.9717948717948718
58	0.3711429652521166	0.20450258326988605	0.9980769230769231	0.9717948717948718
59	0.37114731073379514	0.20877230596566473	0.9980769230769231	0.9717948717948718
60	0.37122187067250734	0.2083601323356004	0.9977564102564103	0.9717948717948718
61	0.37119278215592905	0.20755553881969382	0.9974358974358974	0.9717948717948718
62	0.37117075163220603	0.19890442250799628	0.9980769230769231	0.9717948717948718
63	0.3711293078958988	0.19401000417142034	0.9977564102564103	0.9717948717948718
64	0.3711597515986516	0.19209191218287372	0.9977564102564103	0.9717948717948718
65	0.3713035330627904	0.18953359718297902	0.9983974358974359	0.9717948717948718
66	0.37130531624181945	0.18847039559473996	0.9980769230769231	0.9717948717948718
67	0.3713429465013392	0.18650396780581754	0.9987179487179487	0.9717948717948718
68	0.37129055935403577	0.1814847089865777	0.9980769230769231	0.9717948717948718
69	0.37125467913491383	0.1828303943847069	0.9983974358974359	0.9717948717948718
70	0.3711840703453816	0.18669409410594828	0.9983974358974359	0.9717948717948718
71	0.3711824317773183	0.1700037536566943	0.9980769230769231	0.9717948717948718
72	0.37118511983793073	0.16989890698896118	0.9980769230769231	0.9717948717948718
73	0.3711197086282679	0.16816194890335673	0.9987179487179487	0.9717948717948718
74	0.3710740502675374	0.16581482543748577	0.9987179487179487	0.9717948717948718
75	0.3710833129129912	0.16879296626072518	0.9987179487179487	0.9717948717948718
-1	-1	-1	-1	-1
0	0.4578540325164795	98.36115477036456	0.27884615384615385	0.4948717948717949
1	0.41629815101623535	49.87482228571055	0.5419871794871794	0.6512820512820513
2	0.4035493532816569	32.21798632096271	0.6923076923076923	0.6948717948717948
3	0.3960515260696411	24.618727567244548	0.7625	0.7846153846153846
4	0.3911219596862793	18.755388303678863	0.8099358974358974	0.8358974358974359
5	0.38834555943806964	15.991215579363764	0.8387820512820513	0.7974358974358975
6	0.3870560782296317	14.868217001155932	0.85	0.823076923076923
7	0.3858979046344757	17.381356287975702	0.846474358974359	0.8435897435897436
8	0.3846899668375651	12.438792700670204	0.8733974358974359	0.8512820512820513
9	0.3838059425354004	11.1668525228695	0.8852564102564102	0.8897435897435897
10	0.38295047933405096	12.04789095508809	0.8782051282051282	0.8333333333333334
11	0.38251469532648724	9.502278338281476	0.9067307692307692	0.8923076923076924
12	0.3819881219130296	6.219990237026798	0.9362179487179487	0.9153846153846154
13	0.38134115082877024	5.070453463160262	0.9451923076923077	0.9230769230769231
14	0.38070882161458336	4.781213597071414	0.9496794871794871	0.9230769230769231
15	0.3802732974290848	4.064081392117909	0.9599358974358975	0.9282051282051282
16	0.37984972841599407	4.312440521558937	0.9548076923076924	0.9487179487179487
17	0.3797038661109077	3.748604100501659	0.9599358974358975	0.8846153846153846
18	0.37939957568519994	5.31349774298011	0.95	0.9282051282051282
19	0.3791148543357849	3.649490376668317	0.9615384615384616	0.9358974358974359
20	0.3787307171594529	3.4294945413664895	0.9669871794871795	0.941025641025641
21	0.3785380341789939	2.871201072078274	0.9711538461538461	0.9461538461538461
22	0.3787100418754246	1.8124113023775268	0.9798076923076923	0.941025641025641
23	0.37872663140296936	1.8903191792018408	0.9801282051282051	0.9512820512820512
24	0.3788203048706055	1.7602468623865244	0.9794871794871794	0.9538461538461539
25	0.37846333246964675	1.0635171363519846	0.9878205128205129	0.9435897435897436
26	0.3786656856536865	1.4970867428120833	0.9849358974358975	0.9615384615384616
27	0.3781149983406067	0.9805984398521179	0.989423076923077	0.9615384615384616
28	0.3776723763038372	0.5554485094058803	0.9945512820512821	0.9666666666666667
29	0.37723626295725504	0.9489060993085388	0.9907051282051282	0.9435897435897436
30	0.3769136013523225	1.0367646462412323	0.9897435897435898	0.9641025641025641
31	0.3765827566385269	0.5411519423071937	0.9942307692307693	0.9717948717948718
32	0.3765319621924198	0.37826799383275306	0.9967948717948718	0.9717948717948718
33	0.37645993513219494	0.4148386321674999	0.9958333333333333	0.9641025641025641
34	0.376516376222883	0.5591645558894498	0.9942307692307693	0.9615384615384616
35	0.37656621800528634	0.4977586463091382	0.9945512820512821	0.9538461538461539
36	0.3765468017475025	0.7346183792598859	0.9910256410256411	0.9615384615384616
37	0.3766292459086368	0.3879296852040968	0.9961538461538462	0.9692307692307692
38	0.376572847366333	0.587039411519369	0.9945512820512821	0.9666666666666667
39	0.37666215300559996	0.9584266666461932	0.9900641025641026	0.9666666666666667
40	0.37660778441080234	0.8167586855861187	0.9919871794871795	0.9641025641025641
41	0.37666931606474374	0.34346729463170644	0.9958333333333333	0.9692307692307692
42	0.3766746299211369	0.3020189064914213	0.9967948717948718	0.9692307692307692
43	0.3767846009948037	0.273332241754082	0.9967948717948718	0.9717948717948718
44	0.37675541771782767	0.27963571269861043	0.9971153846153846	0.9692307692307692
45	0.37672002419181494	0.2662879010307251	0.9971153846153846	0.9692307692307692
46	0.3766765594482422	0.2629968480962686	0.9971153846153846	0.9666666666666667
47	0.3765765229860942	0.2603476318058989	0.9971153846153846	0.9717948717948718
48	0.3766012094458755	0.2545115461069479	0.9971153846153846	0.9666666666666667
49	0.3765561580657959	0.25877193945004306	0.9967948717948718	0.9666666666666667
50	0.3765157297545788	0.24299262688940387	0.9971153846153846	0.9692307692307692
51	0.37636749102519107	0.24867172557661638	0.9971153846153846	0.9666666666666667
-1	-1	-1	-1	-1
0	0.4564199447631836	100.95002987920022	0.2618589743589744	0.5051282051282051
1	0.41376614570617676	53.12399774668168	0.5198717948717949	0.6512820512820513
2	0.4010734558105469	31.517481823356785	0.691025641025641	0.7410256410256411
3	0.3942030072212219	25.728883081552933	0.7403846153846154	0.764102564102564
4	0.3891584873199463	20.908076291181604	0.7974358974358975	0.823076923076923
5	0.38583119710286456	14.529508364443876	0.8455128205128205	0.8666666666666667
6	0.383514404296875	14.84582494716255	0.8477564102564102	0.8897435897435897
7	0.381610631942749	11.095246855093508	0.8881410256410256	0.8589743589743589
8	0.38082456588745117	12.084021491663796	0.882051282051282	0.8846153846153846
9	0.3798109292984009	10.31490289678379	0.9012820512820513	0.8461538461538461
10	0.3786433610049161	17.072893085528392	0.8541666666666666	0.8666666666666667
11	0.3771733244260152	9.082120293257187	0.9083333333333333	0.9076923076923077
12	0.37639720623309797	8.754900824658725	0.9208333333333333	0.8948717948717949
13	0.37532784257616314	9.651599955497955	0.9102564102564102	0.8846153846153846
14	0.37469309171040854	5.45551336784752	0.9413461538461538	0.9076923076923077
15	0.37477143108844757	3.8260650516164545	0.9599358974358975	0.9461538461538461
16	0.3739941120147705	4.258038885131175	0.9519230769230769	0.941025641025641
17	0.3729611767662896	3.085722443324571	0.969551282051282	0.9384615384615385
18	0.3719135460100676	2.244618149930421	0.9737179487179487	0.9358974358974359
19	0.37107813358306885	1.8430757811388039	0.9762820512820513	0.9564102564102565
20	0.37061240559532527	1.9682171687065644	0.9775641025641025	0.9487179487179487
21	0.37018423730676825	2.7712187973820432	0.9740384615384615	0.941025641025641
22	0.3697475246761156	2.3056306788621814	0.9791666666666666	0.9564102564102565
23	0.36915666858355206	1.2427322396590395	0.9855769230769231	0.9564102564102565
24	0.3686943340301514	1.2393425647929615	0.9881410256410257	0.9487179487179487
25	0.36846210406376767	2.3894562919206006	0.9798076923076923	0.9487179487179487
26	0.3682316409216987	0.835771203330927	0.9913461538461539	0.9615384615384616
27	0.3678681424685887	0.546292465510398	0.9935897435897436	0.958974358974359
28	0.36746131140610266	1.2641045300251976	0.9871794871794872	0.9538461538461539
29	0.3671911160151164	0.6968707269460334	0.9910256410256411	0.9615384615384616
30	0.36698222929431545	0.7473463457830878	0.9923076923076923	0.9564102564102565
31	0.36675646901130676	1.0972175497100785	0.9916666666666667	0.9615384615384616
32	0.3664462205135461	0.4086759529523171	0.996474358974359	0.9615384615384616
33	0.3663494797313915	0.33596029791895454	0.9967948717948718	0.9641025641025641
34	0.3665693146841867	0.28731909540020956	0.9971153846153846	0.9615384615384616
35	0.3667641944355435	0.29683360993346597	0.9974358974358974	0.9641025641025641
36	0.3668249555536219	0.2646239705105212	0.9971153846153846	0.9615384615384616
37	0.36687150754426656	0.26764224915544277	0.9971153846153846	0.9615384615384616
38	0.366912719530937	0.31806912714358876	0.996474358974359	0.9666666666666667
39	0.3670309603214264	0.3221720110135609	0.996474358974359	0.9641025641025641
40	0.3671955597109911	0.22362347891315465	0.9974358974358974	0.9666666666666667
41	0.36724733171008883	0.22317784251906547	0.9974358974358974	0.9641025641025641
42	0.36735530786736065	0.22302857009582316	0.9974358974358974	0.9615384615384616
43	0.36740322546525434	0.20098646133994072	0.9977564102564103	0.9641025641025641
44	0.36750753190782337	0.2058421336947151	0.9977564102564103	0.9641025641025641
45	0.3676598020221876	0.2021178466629306	0.9974358974358974	0.9641025641025641
46	0.3676413728835735	0.1960217902791444	0.9977564102564103	0.9641025641025641
47	0.36765190462271374	0.18445996225770558	0.9974358974358974	0.9615384615384616
48	0.3678221264664008	0.18424811024031404	0.9977564102564103	0.9641025641025641
49	0.3679134607315063	0.18142681669636732	0.9974358974358974	0.9615384615384616
50	0.3679664976456586	0.17408363572661872	0.9977564102564103	0.9666666666666667
51	0.36800617896593535	0.1647799435568788	0.9977564102564103	0.9641025641025641
52	0.368059293279108	0.16710116806899925	0.9983974358974359	0.9641025641025641
53	0.36807687635774966	0.16604999269189388	0.9977564102564103	0.9641025641025641
54	0.3681277448480779	0.16456509690760868	0.9980769230769231	0.9641025641025641
55	0.3681918467794146	0.14247045141605574	0.9980769230769231	0.9641025641025641
56	0.36825152865627353	0.14546383884018205	0.9987179487179487	0.9641025641025641
57	0.3683505017181923	0.13911894823954474	0.9977564102564103	0.9641025641025641
58	0.36843485347295213	0.1549580201088767	0.9980769230769231	0.9641025641025641
-1	-1	-1	-1	-1
0	0.5078372955322266	99.24754878452846	0.2766025641025641	0.49230769230769234
1	0.43730199337005615	51.55890799541863	0.5272435897435898	0.6333333333333333
2	0.4147953987121582	31.98957771184493	0.6894230769230769	0.7153846153846154
3	0.40407025814056396	24.238596196077307	0.7628205128205128	0.7615384615384615
4	0.39721198081970216	19.26279106432078	0.8108974358974359	0.8179487179487179
5	0.39309028784434	17.43133567912238	0.826602564102564	0.8051282051282052
6	0.3901525224958147	16.460079227175033	0.8342948717948718	0.7487179487179487
7	0.3880736529827118	15.391151802880424	0.8451923076923077	0.8307692307692308
8	0.38521316316392684	12.23128943540612	0.8730769230769231	0.8692307692307693
9	0.3839211702346802	9.459003601755414	0.9022435897435898	0.8564102564102564
10	0.38263734904202545	9.974535290075808	0.8990384615384616	0.8769230769230769
11	0.3823378284772237	6.764556695003899	0.9336538461538462	0.8923076923076924
12	0.38143053421607387	8.357981322675336	0.9182692307692307	0.8794871794871795
13	0.380832314491272	6.789556381957872	0.9330128205128205	0.8666666666666667
14	0.380001703898112	6.296034587889301	0.9346153846153846	0.9076923076923077
15	0.3794807195663452	4.650915426715296	0.9528846153846153	0.9128205128205128
16	0.3788715811336742	3.7174457573160833	0.9615384615384616	0.9128205128205128
17	0.3784414794709947	2.996918433706979	0.967948717948718	0.9205128205128205
18	0.3779198872415643	3.989903337037077	0.9567307692307693	0.9282051282051282
19	0.3774424195289612	2.65148414226667	0.9737179487179487	0.9205128205128205
20	0.3774983315240769	3.0196353613722082	0.9682692307692308	0.9153846153846154
21	0.37732297723943536	2.589325736295812	0.9753205128205128	0.9230769230769231
22	0.3770622274150019	2.802287547145875	0.9705128205128205	0.9435897435897436
23	0.37669028838475543	1.7922193166676301	0.982051282051282	0.9205128205128205
24	0.3762715911865234	1.7443043262488684	0.9833333333333333	0.9358974358974359
25	0.3760850429534912	0.9406170499301991	0.9887820512820513	0.941025641025641
26	0.3760945796966553	0.8380677752524652	0.9891025641025641	0.9358974358974359
27	0.3757981998579843	1.27122117078635	0.9865384615384616	0.9358974358974359
28	0.3753205332262763	0.786504937936932	0.9916666666666667	0.9358974358974359
29	0.3752870639165243	1.4943911716418	0.9855769230769231	0.9487179487179487
30	0.37528333356303556	0.5388959701498495	0.9939102564102564	0.9487179487179487
31	0.3752513825893402	0.7181335345578228	0.9926282051282052	0.9435897435897436
32	0.3751563447894472	0.4540423878269004	0.9948717948717949	0.9461538461538461
33	0.37507030543159037	0.5858881175921926	0.9932692307692308	0.9435897435897436
34	0.37516940661839077	1.9905981364596412	0.985897435897436	0.9384615384615385
35	0.375129759311676	1.8360686350366746	0.9891025641025641	0.941025641025641
36	0.37502699284940155	0.7868427593660142	0.9913461538461539	0.9384615384615385
37	0.37486744554419266	0.6375049283556944	0.9926282051282052	0.9487179487179487
38	0.37471678318121493	0.4112939170813568	0.996474358974359	0.9538461538461539
39	0.37460721135139463	0.38260556959157466	0.9958333333333333	0.9538461538461539
40	0.37455116248712306	0.2289079910908037	0.9971153846153846	0.9512820512820512
41	0.3743903012502761	0.21209586619361476	0.9974358974358974	0.9487179487179487
42	0.3743452471356059	0.2708198087734208	0.9971153846153846	0.9538461538461539
43	0.37431092153895984	0.21075635824613248	0.9977564102564103	0.9461538461538461
44	0.3741720093621148	0.17384446735318027	0.9980769230769231	0.9487179487179487
45	0.3740591329077016	0.15332057001618596	0.9980769230769231	0.9487179487179487
46	0.37399917967776036	0.19211528097218192	0.9974358974358974	0.9487179487179487
47	0.37403084834416706	0.15457419737132874	0.9980769230769231	0.9487179487179487
48	0.3739014255757235	0.23764051937430442	0.9967948717948718	0.9435897435897436
49	0.3738153648376465	0.16221619655861644	0.9980769230769231	0.9461538461538461
50	0.3737144236471139	0.16036148327453256	0.9980769230769231	0.9487179487179487
51	0.37365724031741804	0.12626258949054245	0.9983974358974359	0.9461538461538461
52	0.3736912304500364	0.1602001215605367	0.9980769230769231	0.9487179487179487
53	0.37363982642138444	0.12105676041525784	0.9987179487179487	0.9461538461538461
54	0.37362291596152564	0.11377127907274241	0.9987179487179487	0.9487179487179487
55	0.3735540977546147	0.11049568643276722	0.9990384615384615	0.9461538461538461
56	0.37356059174788625	0.24978428037316727	0.9971153846153846	0.9512820512820512
57	0.37347384978984965	0.2757226910005705	0.9983974358974359	0.9435897435897436
58	0.37342374203568796	0.09628300355622314	0.9990384615384615	0.9461538461538461
-1	-1	-1	-1	-1
0	0.4620518684387207	95.18889656845404	0.29583333333333334	0.5435897435897435
1	0.41738176345825195	53.25400650257967	0.5182692307692308	0.5897435897435898
2	0.40153050422668457	30.739357335226877	0.6929487179487179	0.7564102564102564
3	0.39439356327056885	24.629769529615128	0.7576923076923077	0.7717948717948718
4	0.3900003910064697	21.090687450097533	0.7913461538461538	0.8025641025641026
5	0.3869200547536214	18.616929837635585	0.8208333333333333	0.8769230769230769
6	0.38459927695138113	14.992486715316772	0.8461538461538461	0.8974358974358975
7	0.3834051489830017	11.935973970257507	0.878525641025641	0.8564102564102564
8	0.38274460368686253	14.288986046703494	0.8560897435897435	0.8384615384615385
9	0.38178038597106934	12.904856482330633	0.8746794871794872	0.9076923076923077
10	0.3808114311911843	9.260788541667315	0.8971153846153846	0.8794871794871795
11	0.3803085684776306	8.289268806272624	0.9176282051282051	0.8923076923076924
12	0.38024596067575306	9.022346426637805	0.9099358974358974	0.9384615384615385
13	0.37993557112557547	7.130554049598928	0.9278846153846154	0.9282051282051282
14	0.37983121871948244	5.00545286098305	0.9493589743589743	0.9487179487179487
15	0.37942178547382355	4.813928950806053	0.9483974358974359	0.9435897435897436
16	0.3791958724751192	3.8627339804507033	0.9548076923076924	0.9512820512820512
17	0.3789229128095839	3.507969114967451	0.9644230769230769	0.9512820512820512
18	0.37873168995505885	3.2160775515497946	0.9618589743589744	0.958974358974359
19	0.3784109830856323	2.3666255335152453	0.9727564102564102	0.9615384615384616
20	0.3782774493807838	1.8700704681758331	0.9775641025641025	0.9666666666666667
21	0.37846052646636963	3.0354940990100103	0.9657051282051282	0.9179487179487179
22	0.37841297232586407	3.195381003603035	0.9657051282051282	0.958974358974359
23	0.37853633364041644	1.9754314542348896	0.9798076923076923	0.9666666666666667
24	0.37855871200561525	2.0579175383840895	0.9810897435897435	0.9666666666666667
25	0.37846855933849627	2.645632871545433	0.9746794871794872	0.9641025641025641
26	0.3782801363203261	1.75655924271298	0.9794871794871794	0.982051282051282
27	0.3783110124724252	1.2376569845922747	0.9862179487179488	0.9743589743589743
28	0.37835477138387746	1.1458821332519304	0.9878205128205129	0.9794871794871794
29	0.3783979972203573	1.045130691203593	0.989423076923077	0.982051282051282
30	0.3783991875187043	0.707891004946444	0.9913461538461539	0.982051282051282
31	0.3783115968108177	1.1302727239933434	0.9881410256410257	0.9743589743589743
32	0.37827082113786176	1.386907863482947	0.9871794871794872	0.9743589743589743
33	0.37819992794710044	0.6048667196383966	0.9939102564102564	0.9769230769230769
34	0.37824793543134416	0.8630259714935127	0.9913461538461539	0.9846153846153847
35	0.3781694637404548	0.6401715154355102	0.9945512820512821	0.982051282051282
36	0.3780096092739621	0.5659518788487897	0.9932692307692308	0.9794871794871794
37	0.3779159596091823	0.408176045053477	0.9961538461538462	0.982051282051282
38	0.377713191203582	0.3009684420730063	0.996474358974359	0.9846153846153847
39	0.37765890955924986	0.3255189439692839	0.9967948717948718	0.9846153846153847
40	0.3774669577435749	0.2778584751138958	0.9974358974358974	0.9846153846153847
41	0.3773373649233863	0.4472807585033089	0.9955128205128205	0.9717948717948718
42	0.37725087653758915	0.28893566429698175	0.9974358974358974	0.9846153846153847
43	0.3771798989989541	0.28743079843606006	0.9967948717948718	0.982051282051282
44	0.3771790716383192	0.2604313907415454	0.9974358974358974	0.9846153846153847
45	0.3771198365999305	0.25258416787671323	0.9967948717948718	0.9846153846153847
46	0.37697684003951704	0.23877597849089083	0.9974358974358974	0.9846153846153847
47	0.3769087741772334	0.22358442828111463	0.9977564102564103	0.9846153846153847
48	0.376947748417757	0.2229161234180519	0.9967948717948718	0.9846153846153847
49	0.37688910484313964	0.21759067187964803	0.9974358974358974	0.9846153846153847
50	0.37680614695829506	0.20663867014898604	0.9977564102564103	0.9846153846153847
51	0.37672788821733916	0.21372228047536682	0.9977564102564103	0.9846153846153847
52	0.37665402664328523	0.2119330775612794	0.9974358974358974	0.9846153846153847
53	0.37660862781383375	0.2082989742636101	0.9974358974358974	0.9846153846153847
54	0.37662568525834517	0.20421528949046494	0.9974358974358974	0.9846153846153847
-1	-1	-1	-1	-1
0	0.5124456882476807	93.20069091174068	0.3057692307692308	0.5230769230769231
1	0.44385194778442383	49.7725769549	0.5544871794871795	0.6717948717948717
2	0.41947023073832196	30.29511272663973	0.7	0.7512820512820513
3	0.40723657608032227	23.967019504430343	0.7663461538461539	0.7846153846153846
4	0.40119314193725586	19.316346810788524	0.8048076923076923	0.8179487179487179
5	0.39658395449320477	17.583224179793376	0.8192307692307692	0.7846153846153846
6	0.39339896610804964	16.583159203432043	0.841025641025641	0.8153846153846154
7	0.39065900444984436	14.723787312604943	0.8493589743589743	0.8846153846153846
8	0.3885098033481174	12.065341752402636	0.8794871794871795	0.8717948717948718
9	0.3872849464416504	11.602977721666804	0.8862179487179487	0.8692307692307693
10	0.38600934635509143	8.785249940290743	0.9112179487179487	0.841025641025641
11	0.3846736749013265	8.833531573110697	0.907051282051282	0.8717948717948718
12	0.38455768731924206	6.23500857608659	0.9362179487179487	0.9051282051282051
13	0.38438197544642855	5.833198777000819	0.9391025641025641	0.9051282051282051
14	0.38406758308410643	5.440235306261753	0.9391025641025641	0.9230769230769231
15	0.38323886692523956	3.9063099726122252	0.9573717948717949	0.9128205128205128
16	0.3824564849629122	4.505123336096199	0.9564102564102565	0.8871794871794871
17	0.3819730016920302	3.079714578481353	0.966025641025641	0.9282051282051282
18	0.38137882634213094	3.68489448327039	0.9615384615384616	0.9205128205128205
19	0.3808366656303406	2.183603100174544	0.9759615384615384	0.941025641025641
20	0.3806859084538051	2.665567438279716	0.969551282051282	0.9307692307692308
21	0.38037470254031097	3.0192105306350454	0.9666666666666667	0.9487179487179487
22	0.38007183696912683	1.7989154725278518	0.9833333333333333	0.9230769230769231
23	0.3797929485638936	2.2197362486349075	0.9810897435897435	0.9435897435897436
24	0.37935332298278807	1.344572902505039	0.9839743589743589	0.9384615384615385
25	0.379095407632681	1.3661656508991988	0.9862179487179488	0.9512820512820512
26	0.37890215273256656	0.9662078566568885	0.9897435897435898	0.9615384615384616
27	0.3785738689558847	0.8986649094458328	0.989423076923077	0.9564102564102565
28	0.37795526405860635	1.3353341002330867	0.9862179487179488	0.941025641025641
29	0.37767915725708007	2.2679980717295285	0.9791666666666666	0.9512820512820512
30	0.3774684013858918	1.2488111318843391	0.9887820512820513	0.9487179487179487
31	0.377189539372921	1.0178697640575203	0.9913461538461539	0.941025641025641
32	0.3770187840317235	0.9063060265770942	0.9887820512820513	0.9358974358974359
33	0.3769363235024845	0.7841830436967085	0.9916666666666667	0.9538461538461539
34	0.37681867054530555	0.4522282773378182	0.9951923076923077	0.9487179487179487
35	0.37676317161983913	0.3221238193233445	0.9974358974358974	0.9512820512820512
36	0.37673812299161347	0.2899793584790076	0.9971153846153846	0.9512820512820512
37	0.37665636288492305	0.28249331070976635	0.9961538461538462	0.9461538461538461
38	0.3765520804967636	0.47411035607008817	0.9945512820512821	0.9487179487179487
39	0.37657943964004514	0.28262165867706746	0.9971153846153846	0.9512820512820512
40	0.3765906880541546	0.29882571455665147	0.9971153846153846	0.9512820512820512
41	0.3766175394966489	0.28354037724502446	0.9961538461538462	0.9512820512820512
42	0.376472040664318	0.23623789344143303	0.9971153846153846	0.9512820512820512
43	0.37622460993853485	0.23669041125062254	0.9971153846153846	0.9487179487179487
44	0.3762121147579617	0.22487912937429763	0.9974358974358974	0.9512820512820512
45	0.376178326814071	0.24421874465049917	0.9974358974358974	0.9487179487179487
46	0.3762127490753823	0.2095932703428398	0.9977564102564103	0.9487179487179487
-1	-1	-1	-1	-1
0	0.4697697162628174	101.110772775144	0.2467948717948718	0.5205128205128206
1	0.44641590118408203	54.66860331321249	0.503525641025641	0.5641025641025641
2	0.42080314954121906	31.948648929595947	0.680448717948718	0.7769230769230769
3	0.40789270401000977	25.938528124166993	0.746474358974359	0.7589743589743589
4	0.39965357780456545	22.179356224682866	0.780448717948718	0.782051282051282
5	0.395079771677653	17.976490234842107	0.8185897435897436	0.8641025641025641
6	0.3921456677573068	14.225832126578506	0.8480769230769231	0.8
7	0.3896562457084656	13.452251366206578	0.8647435897435898	0.9102564102564102
8	0.38803500599331325	11.016737986584099	0.8903846153846153	0.9025641025641026
9	0.3859180212020874	10.767528911026156	0.8913461538461539	0.8743589743589744
10	0.3846603740345348	9.662175218669736	0.896474358974359	0.8692307692307693
11	0.38398754596710205	9.488948944880038	0.9144230769230769	0.8871794871794871
12	0.38304866277254546	7.8023490881433295	0.9201923076923076	0.9076923076923077
13	0.3820592335292271	6.078514961107653	0.9378205128205128	0.9102564102564102
14	0.3812917073567708	6.439708931713688	0.9346153846153846	0.882051282051282
15	0.3807976245880127	5.097547893621484	0.9471153846153846	0.9076923076923077
16	0.38020960022421446	3.690606102119295	0.9586538461538462	0.9230769230769231
17	0.37950248188442653	3.3151667565107346	0.9637820512820513	0.9256410256410257
18	0.378887929414448	2.9045050377596398	0.9685897435897436	0.9256410256410257
19	0.3783589005470276	3.1844119749279045	0.9650641025641026	0.9153846153846154
20	0.3778822649092901	2.212914497192417	0.9766025641025641	0.9487179487179487
21	0.37756938284093683	2.705767058824398	0.9721153846153846	0.941025641025641
22	0.3771843391916026	2.001631733239153	0.9791666666666666	0.9512820512820512
23	0.3770204881827037	1.5718376726572574	0.9846153846153847	0.958974358974359
24	0.3769696617126465	1.5969946842868716	0.9823717948717948	0.9487179487179487
25	0.3767618674498338	1.2623684323411815	0.9855769230769231	0.9512820512820512
26	0.3764589892493354	1.0954660141403425	0.9887820512820513	0.9615384615384616
27	0.37630447319575716	0.8486116411050364	0.9916666666666667	0.9641025641025641
28	0.3763497122402849	0.5515525678317633	0.9942307692307693	0.9666666666666667
29	0.3763280868530273	0.6674825355068458	0.992948717948718	0.958974358974359
30	0.3762340391835859	0.6893257179103878	0.9932692307692308	0.9666666666666667
31	0.37604793906211853	0.5546760743238003	0.9948717948717949	0.9692307692307692
32	0.376015330805923	0.38189311151328015	0.9961538461538462	0.9641025641025641
33	0.37578439712524414	0.5476124442897604	0.9935897435897436	0.9717948717948718
34	0.3757072516850063	0.3787890192268568	0.9961538461538462	0.9666666666666667
35	0.3757140437761943	0.5472693449255716	0.9935897435897436	0.9743589743589743
36	0.3757891783843169	0.6688986962449699	0.9932692307692308	0.9641025641025641
37	0.3757822701805516	0.4471434346995345	0.9961538461538462	0.9717948717948718
38	0.3756976005358574	0.3178675927290674	0.9971153846153846	0.9717948717948718
39	0.3756930887699127	0.2790186628987371	0.9967948717948718	0.9692307692307692
40	0.3756296227617962	0.29503457690307	0.996474358974359	0.9641025641025641
41	0.3756140016374134	0.30855513768649556	0.996474358974359	0.9666666666666667
42	0.37563993764478104	0.22307931046118623	0.9977564102564103	0.9692307692307692
43	0.3755824024027044	0.3014252678143637	0.996474358974359	0.9692307692307692
44	0.375631931093004	0.2575601414272179	0.9974358974358974	0.9692307692307692
45	0.3756971618403559	0.23458618634544925	0.9974358974358974	0.9717948717948718
46	0.37565282557873014	0.23049797264031105	0.9974358974358974	0.9717948717948718
47	0.3756542553504308	0.22265987216674055	0.9971153846153846	0.9666666666666667
48	0.3756666816010767	0.22215976823377898	0.9974358974358974	0.9666666666666667
49	0.3756228446960449	0.2446091202928816	0.9974358974358974	0.9692307692307692
50	0.3755391485550824	0.2383148440363881	0.9971153846153846	0.9666666666666667
51	0.3753800162902245	0.2142819575804294	0.9974358974358974	0.9692307692307692
52	0.37506309545265054	0.19534196005874296	0.9977564102564103	0.9717948717948718
53	0.3748394957295171	0.2157496073498861	0.9974358974358974	0.9717948717948718
54	0.3746265931562944	0.1924392415764988	0.9980769230769231	0.9717948717948718
55	0.3744190292698996	0.19784818210439192	0.9971153846153846	0.9717948717948718
-1	-1	-1	-1	-1
0	0.4544045925140381	101.14152410079022	0.2625	0.4461538461538462
1	0.41038215160369873	52.49795220822704	0.5128205128205128	0.5282051282051282
2	0.3930809497833252	34.56568600206959	0.6557692307692308	0.6948717948717948
3	0.38446640968322754	25.51628354130959	0.7493589743589744	0.7435897435897436
4	0.3799271106719971	19.947257387394806	0.7964743589743589	0.7512820512820513
5	0.3786267042160034	16.835738405889394	0.8346153846153846	0.8179487179487179
6	0.3774797575814383	13.676647057338636	0.8589743589743589	0.8205128205128205
7	0.377377450466156	12.866875942872495	0.8711538461538462	0.823076923076923
8	0.37605857849121094	11.56611182251755	0.8794871794871795	0.823076923076923
9	0.3749218225479126	11.441656494627194	0.8894230769230769	0.8615384615384616
10	0.37388931621204724	12.229034725500613	0.8900641025641025	0.8641025641025641
11	0.3729509909947713	10.309481859207153	0.9	0.8564102564102564
12	0.3724257212418776	8.629023800699079	0.9131410256410256	0.8538461538461538
13	0.37202627318246023	7.205916887035175	0.9237179487179488	0.8794871794871795
14	0.3713450749715169	6.321978290470279	0.9423076923076923	0.8769230769230769
15	0.37091709673404694	4.844487425015897	0.9464743589743589	0.9128205128205128
16	0.3702235642601462	3.9613214661272202	0.9564102564102565	0.9
17	0.3697751892937554	3.2815031268614896	0.9669871794871795	0.9153846153846154
18	0.3695525370146099	2.641044249377993	0.9701923076923077	0.9205128205128205
19	0.36941033601760864	3.283676095725018	0.9621794871794872	0.9025641025641026
20	0.3690524214789981	2.174831663752545	0.9743589743589743	0.9307692307692308
21	0.3687635226683183	2.178784872804369	0.9756410256410256	0.9179487179487179
22	0.3687137417171312	2.4291435822236296	0.9759615384615384	0.9179487179487179
23	0.3686098555723826	1.725027725936807	0.9823717948717948	0.9076923076923077
24	0.36848525047302244	1.3155424004528737	0.9833333333333333	0.9333333333333333
25	0.3687473994034987	0.7609330112546948	0.9913461538461539	0.9358974358974359
26	0.3683697117699517	1.510366239456688	0.9833333333333333	0.9333333333333333
27	0.3682639513696943	0.8857926309479363	0.9907051282051282	0.9256410256410257
28	0.3686371425102497	0.6357602217598172	0.9926282051282052	0.9333333333333333
29	0.368969734509786	1.5132684338771338	0.9849358974358975	0.9358974358974359
30	0.3691595677406557	0.5730504469627666	0.9939102564102564	0.9333333333333333
31	0.36924435943365097	0.49235823899341213	0.9939102564102564	0.9384615384615385
32	0.36933374404907227	0.49941305859153673	0.9951923076923077	0.9333333333333333
33	0.36954132949604707	0.49531409943272	0.9942307692307693	0.941025641025641
34	0.36951587540762765	0.424226097288608	0.9955128205128205	0.9384615384615385
35	0.3697379363907708	0.6033175888035341	0.9923076923076923	0.9435897435897436
36	0.3698362208701469	0.6468506007629319	0.9932692307692308	0.9358974358974359
37	0.37002815698322494	0.46222339660566	0.9961538461538462	0.9333333333333333
38	0.3700408996679844	0.7439973611474912	0.9942307692307693	0.9333333333333333
39	0.3701347589492798	0.5596685370843744	0.9939102564102564	0.9358974358974359
40	0.3701208800804324	0.3078138831155303	0.996474358974359	0.9435897435897436
41	0.37015511308397564	0.27033250199390896	0.996474358974359	0.9435897435897436
42	0.37035796808642013	0.25786957896091234	0.9974358974358974	0.9384615384615385
43	0.37049865180795843	0.24199662012450768	0.9967948717948718	0.9461538461538461
44	0.3706573486328125	0.2337859344899735	0.9977564102564103	0.941025641025641
45	0.3708283434743467	0.23379338629619809	0.9971153846153846	0.941025641025641
46	0.3709457580079424	0.22977500061928627	0.9974358974358974	0.9435897435897436
47	0.3709915677706401	0.22208398515691183	0.9977564102564103	0.9461538461538461
48	0.3709810072061967	0.2039467258271506	0.9980769230769231	0.941025641025641
49	0.3710226535797119	0.1985720544959934	0.9980769230769231	0.9435897435897436
50	0.37105681381973565	0.19647108711158542	0.9980769230769231	0.9435897435897436
51	0.3710465110265292	0.19887483737470668	0.9974358974358974	0.941025641025641
52	0.37099184180205724	0.1963763523634377	0.9977564102564103	0.941025641025641
53	0.37100958824157715	0.1899286306979775	0.9980769230769231	0.941025641025641
54	0.37105806957591664	0.18671830308946427	0.9980769230769231	0.9461538461538461
55	0.37110923869269236	0.1860933426991583	0.9977564102564103	0.9461538461538461
56	0.3710708199885854	0.1845224753744741	0.9977564102564103	0.9435897435897436
57	0.3710814180045292	0.18901871560781877	0.9977564102564103	0.9461538461538461
58	0.3712598873397051	0.1845729651873366	0.9974358974358974	0.9435897435897436
59	0.3713412046432495	0.18328109524948244	0.9980769230769231	0.941025641025641
60	0.3714293300128374	0.18464275579345685	0.9980769230769231	0.9435897435897436
61	0.3714051438916114	0.18320863765127018	0.9977564102564103	0.9435897435897436
62	0.37143014726184664	0.18110479953592942	0.9974358974358974	0.9435897435897436
63	0.3714505098760128	0.18252025150342183	0.9974358974358974	0.9435897435897436
-1	-1	-1	-1	-1
0	0.5318710803985596	97.57682882036481	0.26666666666666666	0.5666666666666667
1	0.45160675048828125	54.74599126893647	0.5121794871794871	0.6128205128205129
2	0.42403149604797363	32.725308729677785	0.6894230769230769	0.7282051282051282
3	0.4102482199668884	24.323658179263678	0.7548076923076923	0.7512820512820513
4	0.40192651748657227	21.652154455379563	0.7884615384615384	0.7871794871794872
5	0.39661526679992676	20.26503480697165	0.8009615384615385	0.8153846153846154
6	0.3934215136936733	13.667542382162445	0.8631410256410257	0.8487179487179487
7	0.3908868730068207	13.860979722470653	0.8557692307692307	0.8717948717948718
8	0.38868257734510636	11.692921244064156	0.8801282051282051	0.8564102564102564
9	0.3868375778198242	11.214622030452807	0.8926282051282052	0.8794871794871795
10	0.38555431365966797	9.384538881024536	0.9086538461538461	0.8512820512820513
11	0.3844078779220581	9.027083747240962	0.907051282051282	0.9128205128205128
12	0.38368775294377255	6.577419859414198	0.930448717948718	0.9230769230769231
13	0.3827723605292184	8.079291151494395	0.9253205128205129	0.8743589743589744
14	0.38215478261311847	6.922426053151792	0.9298076923076923	0.9256410256410257
15	0.3815791606903076	5.351626326995237	0.9413461538461538	0.9384615384615385
16	0.3811361649457146	5.756134576639351	0.9419871794871795	0.9205128205128205
17	0.38051961527930367	5.057286375031179	0.9519230769230769	0.9333333333333333
18	0.38014019163031326	3.2662024890281716	0.9650641025641026	0.9538461538461539
19	0.38007149696350095	2.796425631992063	0.9727564102564102	0.9256410256410257
20	0.3798926898411342	2.5113338247245673	0.9721153846153846	0.9358974358974359
21	0.37965276024558325	2.3791002278425255	0.9766025641025641	0.9461538461538461
22	0.37930970606596576	1.7209648870701464	0.9804487179487179	0.9512820512820512
23	0.37877650062243146	1.7118743533857774	0.9830128205128205	0.9564102564102565
24	0.37856289863586423	1.5480344817232417	0.9826923076923076	0.9538461538461539
25	0.37830426142765927	1.741169912488751	0.9814102564102564	0.9512820512820512
26	0.3783664615065963	0.8943309038829971	0.9903846153846154	0.958974358974359
27	0.3782894270760672	0.862184930650389	0.9913461538461539	0.9538461538461539
28	0.37813942185763655	0.8099342616380677	0.9919871794871795	0.9615384615384616
29	0.3780836900075277	1.0319734546225232	0.9884615384615385	0.9461538461538461
30	0.378040244502406	1.0019209973552092	0.9891025641025641	0.958974358974359
31	0.37785840034484863	1.5840640812803402	0.9865384615384616	0.9461538461538461
32	0.37774252169059985	0.6569568577510001	0.9942307692307693	0.9641025641025641
33	0.37782082838170666	0.6002648800839575	0.9942307692307693	0.9564102564102565
34	0.3778299195425851	0.6008761598305701	0.9939102564102564	0.9512820512820512
35	0.3776973419719272	0.4829210435201851	0.9955128205128205	0.9641025641025641
36	0.3775440744451574	0.4527554338211693	0.9948717948717949	0.9538461538461539
37	0.37737003125642476	0.3740004229685113	0.9961538461538462	0.9615384615384616
38	0.3772873144883376	0.46044762393908706	0.9945512820512821	0.958974358974359
39	0.3771467864513397	0.3621512211298532	0.9961538461538462	0.9666666666666667
40	0.37715321633873916	0.3113278552381398	0.996474358974359	0.958974358974359
41	0.37702571210407076	0.3443242040172793	0.9961538461538462	0.9615384615384616
42	0.3769292720528536	0.3305345441562798	0.9958333333333333	0.9641025641025641
43	0.3767687840895219	0.3365008762689564	0.9967948717948718	0.958974358974359
44	0.3765285015106201	0.2991796597340852	0.996474358974359	0.958974358974359
45	0.37641369778177014	0.3005142839328565	0.9967948717948718	0.9615384615384616
46	0.37633020319837207	0.2943816795046513	0.9971153846153846	0.958974358974359
47	0.37618422011534375	0.2628381825315027	0.9977564102564103	0.9615384615384616
48	0.3761805563556905	0.25392831087387724	0.9974358974358974	0.9615384615384616
49	0.3760945653915405	0.25883423592361454	0.9971153846153846	0.9615384615384616
50	0.3760976370643167	0.2361187692543038	0.9974358974358974	0.9615384615384616
51	0.37611250693981463	0.24693586472594875	0.9971153846153846	0.9615384615384616
52	0.37610039171182885	0.22832288340637485	0.9980769230769231	0.9615384615384616
53	0.37604556260285554	0.21724447104338188	0.9977564102564103	0.9615384615384616
54	0.37590377114035867	0.20713838626811687	0.9974358974358974	0.9641025641025641
55	0.37580255951200214	0.23277052462617576	0.9974358974358974	0.9641025641025641
56	0.37577530793976366	0.19482121922569534	0.9977564102564103	0.9615384615384616
57	0.3757172494099058	0.19671669739688827	0.9974358974358974	0.9666666666666667
58	0.3757000575631352	0.19001599937611008	0.9980769230769231	0.9641025641025641
59	0.3756548961003621	0.19114712607050915	0.9983974358974359	0.9641025641025641
-1	-1	-1	-1	-1
0	0.4659454822540283	98.32425329636554	0.26634615384615384	0.5769230769230769
1	0.41967296600341797	51.65568143494275	0.5294871794871795	0.5923076923076923
2	0.40376901626586914	33.30588503273166	0.6666666666666666	0.6974358974358974
3	0.3952668309211731	23.065319815460516	0.7701923076923077	0.7769230769230769
4	0.39041748046875	22.099114111491613	0.7871794871794872	0.8384615384615385
5	0.3871089617411296	15.9614282286897	0.8346153846153846	0.8282051282051283
6	0.38503783089773996	14.429591132670033	0.8576923076923076	0.7871794871794872
7	0.38402360677719116	12.598828821766134	0.8685897435897436	0.8871794871794871
8	0.3830797142452664	10.880804215158735	0.8903846153846153	0.764102564102564
9	0.3823936700820923	10.968529785165982	0.8887820512820512	0.8743589743589744
10	0.3815732002258301	9.657459942661987	0.908974358974359	0.8871794871794871
11	0.3809054692586263	10.352597675761398	0.9080128205128205	0.8153846153846154
12	0.3803090498997615	12.291924570287977	0.8910256410256411	0.8743589743589744
13	0.37951631205422537	6.568349771353663	0.9320512820512821	0.9205128205128205
14	0.37930684089660643	5.619745126792362	0.9397435897435897	0.9153846153846154
15	0.37917546927928925	5.106518917241875	0.9483974358974359	0.9051282051282051
16	0.37891288364634795	4.805938443207011	0.9506410256410256	0.9384615384615385
17	0.3787923786375258	3.330338324059029	0.9641025641025641	0.9205128205128205
18	0.37866356498316717	3.248469486680566	0.9657051282051282	0.958974358974359
19	0.3785922765731812	2.259737068483112	0.9762820512820513	0.9564102564102565
20	0.3783641883305141	2.0904979586734305	0.9791666666666666	0.9333333333333333
21	0.3783429535952481	2.8982486830530116	0.9701923076923077	0.9538461538461539
22	0.3780623311581819	2.013652395381003	0.9769230769230769	0.941025641025641
23	0.37794920802116394	1.5497063513968747	0.9839743589743589	0.9538461538461539
24	0.3776456642150879	1.3319637785851004	0.9842948717948717	0.9538461538461539
25	0.3773704400429359	1.4517863006235994	0.9849358974358975	0.9538461538461539
26	0.37730602864865903	0.9162996351975492	0.9897435897435898	0.9487179487179487
27	0.3772330028670175	0.8144943923214261	0.9916666666666667	0.9564102564102565
28	0.3772417430219979	0.5715648157103937	0.9942307692307693	0.9641025641025641
29	0.3772027651468913	0.5748143169668988	0.992948717948718	0.958974358974359
30	0.37699560965261153	0.539434676466638	0.9948717948717949	0.9564102564102565
31	0.3768543526530266	0.3846754659601601	0.9955128205128205	0.9615384615384616
32	0.37680569562045013	0.5057713066552034	0.9958333333333333	0.9564102564102565
33	0.37669270880082073	0.6981753761421566	0.992948717948718	0.958974358974359
34	0.3764932428087507	0.5748990018334126	0.9951923076923077	0.9743589743589743
35	0.37637627787060207	0.307696979542795	0.9974358974358974	0.9641025641025641
36	0.3763544817228575	0.2595356017771671	0.9974358974358974	0.9692307692307692
37	0.37624189100767436	0.31821667403517273	0.996474358974359	0.9717948717948718
38	0.3760179556333102	0.26713391702547334	0.9974358974358974	0.9615384615384616
39	0.37593076229095457	0.2660003658618697	0.9974358974358974	0.9692307692307692
40	0.375654581116467	0.24632944228550496	0.9974358974358974	0.9641025641025641
41	0.37543400696345736	0.23206403302872192	0.9977564102564103	0.9641025641025641
42	0.3754118930461795	0.2274414806131378	0.9980769230769231	0.9666666666666667
43	0.3753687631000172	0.22374355162676748	0.9980769230769231	0.9641025641025641
44	0.3752835909525553	0.21669684379148935	0.9977564102564103	0.9641025641025641
45	0.3752138614654541	0.22031919370442202	0.9980769230769231	0.9641025641025641
46	0.37512636691965956	0.21764335963012038	0.9977564102564103	0.9641025641025641
47	0.375079482793808	0.20308654476133486	0.9980769230769231	0.9641025641025641
48	0.37504181083367794	0.2051682214239695	0.9980769230769231	0.9641025641025641
49	0.3750859022140503	0.20688268786832442	0.9980769230769231	0.9641025641025641
50	0.37507279246461156	0.2010888294430051	0.9980769230769231	0.9641025641025641
51	0.37504319502757144	0.19975028223924876	0.9977564102564103	0.9641025641025641
52	0.3750762129729649	0.20430168827576325	0.9980769230769231	0.9641025641025641
53	0.3750309944152832	0.20220779063459546	0.9980769230769231	0.9641025641025641
54	0.3750613689422607	0.20050904347018722	0.9980769230769231	0.9641025641025641
-1	-1	-1	-1	-1
0	0.5222370624542236	96.37495901146714	0.29134615384615387	0.5128205128205128
1	0.4470592737197876	51.29172667678522	0.5217948717948718	0.6205128205128205
2	0.42381127675374347	30.712904706293223	0.7041666666666667	0.7102564102564103
3	0.4116220474243164	23.820729941737895	0.7628205128205128	0.7051282051282052
4	0.40379018783569337	18.727413389147543	0.8153846153846154	0.7666666666666667
5	0.39952794710795086	17.424956925061284	0.8246794871794871	0.7256410256410256
6	0.396374123437064	17.090702083646036	0.8326923076923077	0.8256410256410256
7	0.393604576587677	12.963580987891373	0.8695512820512821	0.8564102564102564
8	0.39131609598795575	11.741277936769992	0.8865384615384615	0.8666666666666667
9	0.38966641426086424	10.055627707315951	0.9	0.8564102564102564
10	0.3882685791362416	11.016948296099294	0.8983974358974359	0.882051282051282
11	0.3874882062276204	11.888894011171496	0.8987179487179487	0.8717948717948718
12	0.38667961267324596	8.268575608730316	0.9169871794871794	0.8692307692307693
13	0.38577660492488314	7.681267871236314	0.9310897435897436	0.8692307692307693
14	0.38502661387125653	5.346669015227532	0.9432692307692307	0.9
15	0.3845919966697693	5.183689954633615	0.9467948717948718	0.9076923076923077
16	0.3840823033276726	3.850052347444758	0.958974358974359	0.8923076923076924
17	0.3834105994966295	3.3829518420887843	0.9676282051282051	0.9051282051282051
18	0.3829312199040463	3.1976390486697155	0.9682692307692308	0.9179487179487179
19	0.3825096726417542	2.9086134696417316	0.9698717948717949	0.8923076923076924
20	0.38226464816502165	3.502667251081035	0.9657051282051282	0.9128205128205128
21	0.38182023438540375	2.7599456200034034	0.9717948717948718	0.941025641025641
22	0.3816235894742219	1.8396872771827846	0.9801282051282051	0.9358974358974359
23	0.3813011646270752	1.7311892413287138	0.9839743589743589	0.9358974358974359
24	0.38129328727722167	1.326913925229895	0.9855769230769231	0.9307692307692308
25	0.3810996092282809	1.0073694116721044	0.989423076923077	0.941025641025641
26	0.38099081427962694	1.2665322281572284	0.9849358974358975	0.9333333333333333
27	0.3806062085287912	1.5101921138239607	0.9846153846153847	0.9333333333333333
28	0.38030113845035945	1.0824255440669248	0.9881410256410257	0.941025641025641
29	0.3799142281214396	0.6114216378369672	0.9939102564102564	0.9384615384615385
30	0.37968440209665605	0.513210671108064	0.9942307692307693	0.9358974358974359
31	0.3795206695795059	0.6062856819676663	0.992948717948718	0.941025641025641
32	0.3793675899505615	0.5127866222874775	0.9951923076923077	0.9358974358974359
33	0.3791046142578125	0.484061421367948	0.9945512820512821	0.941025641025641
34	0.37902730533054896	0.4199878774139061	0.9951923076923077	0.9461538461538461
35	0.378919349776374	0.40879725393030214	0.9951923076923077	0.9384615384615385
36	0.37875936482403727	0.4494819474190934	0.9961538461538462	0.9333333333333333
37	0.37851915234013606	0.39493913149249704	0.9958333333333333	0.941025641025641
38	0.3783774070250682	0.5488506764462615	0.9955128205128205	0.9435897435897436
39	0.3783377051353455	0.35706598256662375	0.996474358974359	0.9435897435897436
40	0.37832918981226477	0.4358703203544458	0.9955128205128205	0.9358974358974359
41	0.3782315935407366	0.460545451305771	0.9942307692307693	0.9333333333333333
42	0.37801357757213505	0.27966508237800647	0.9971153846153846	0.9384615384615385
43	0.37786752527410333	0.25811846348948836	0.9974358974358974	0.9358974358974359
44	0.3778444661034478	0.23836486227216427	0.9974358974358974	0.9333333333333333
45	0.3777844698532768	0.23082958987785732	0.9980769230769231	0.9358974358974359
46	0.3777486821438404	0.22567860458054514	0.9980769230769231	0.9358974358974359
47	0.3775736043850581	0.2243727832956953	0.9977564102564103	0.9384615384615385
48	0.37745229078798875	0.2492876031628468	0.9971153846153846	0.941025641025641
49	0.37733232975006104	0.2359683994395802	0.9977564102564103	0.9384615384615385
50	0.377288865108116	0.22974754731000516	0.9977564102564103	0.941025641025641
51	0.37721240978974563	0.2326752178484398	0.9974358974358974	0.9384615384615385
52	0.37712609093144256	0.20601295500655767	0.9980769230769231	0.9384615384615385
53	0.3769633107715183	0.19990425875377177	0.9980769230769231	0.9384615384615385
54	0.37681792866099967	0.23781097643337973	0.9967948717948718	0.941025641025641
-1	-1	-1	-1	-1
0	0.46590089797973633	95.31601314155422	0.2849358974358974	0.5692307692307692
1	0.4172494411468506	52.89231302300278	0.5173076923076924	0.5871794871794872
2	0.4017604986826579	30.30234668692764	0.7044871794871795	0.7564102564102564
3	0.3937299847602844	23.21200793616626	0.7673076923076924	0.7538461538461538
4	0.38732328414916994	19.304741781585072	0.8051282051282052	0.8256410256410256
5	0.38454143206278485	17.760591093374757	0.8182692307692307	0.7666666666666667
6	0.38283586502075195	14.605989045026352	0.8493589743589743	0.8102564102564103
7	0.38194555044174194	13.476448713516703	0.8682692307692308	0.823076923076923
8	0.38068220350477433	10.78319224046201	0.8878205128205128	0.8692307692307693
9	0.3794419288635254	12.203277190120852	0.8826923076923077	0.8794871794871795
10	0.37862025607715954	9.005519744084806	0.9099358974358974	0.8666666666666667
11	0.3778019944826762	11.674511044609304	0.8926282051282052	0.8666666666666667
12	0.37708506217369664	8.000120419020556	0.9227564102564103	0.8871794871794871
13	0.3767280578613281	8.122736949701698	0.9291666666666667	0.8538461538461538
14	0.3759712378184001	7.0647555309899	0.9217948717948717	0.9102564102564102
15	0.3755478113889694	5.22024069604825	0.9397435897435897	0.9205128205128205
16	0.3753749342525707	4.069224880057938	0.9592948717948718	0.9358974358974359
17	0.37512919637891984	3.382700532826842	0.9637820512820513	0.9358974358974359
18	0.37511874500073883	2.421341541356274	0.975	0.941025641025641
19	0.3745873928070068	3.073328276145823	0.9663461538461539	0.9512820512820512
20	0.3744256837027414	2.152735881756858	0.9733974358974359	0.9461538461538461
21	0.3739409771832553	2.015056841617108	0.9753205128205128	0.9358974358974359
22	0.3737616124360458	1.834618700744242	0.9814102564102564	0.941025641025641
23	0.3736279010772705	1.284724317966219	0.9855769230769231	0.9512820512820512
24	0.3734699535369873	1.510244912211308	0.9823717948717948	0.9333333333333333
25	0.3735298285117516	0.9935510796874913	0.9903846153846154	0.9538461538461539
26	0.37348182113082323	1.0531705244805436	0.9887820512820513	0.9615384615384616
27	0.3734710897718157	1.157603448047778	0.9878205128205129	0.9487179487179487
28	0.37332787184879695	2.534176174171117	0.975	0.9307692307692308
29	0.37328000863393146	1.7257430009752968	0.9830128205128205	0.9435897435897436
30	0.37332026420101044	0.8766342582969869	0.9903846153846154	0.9538461538461539
31	0.37321837246418	0.6689677349569713	0.9935897435897436	0.958974358974359
32	0.3732373497702859	0.5789445747956349	0.9948717948717949	0.9538461538461539
33	0.3731831803041346	0.8012553814024075	0.9913461538461539	0.9564102564102565
34	0.37301307405744283	0.5926408053991119	0.9939102564102564	0.9615384615384616
35	0.373034311665429	0.5582104667228865	0.996474358974359	0.9564102564102565
36	0.3730525197209539	0.3769438934932066	0.9967948717948718	0.958974358974359
37	0.3729613642943533	0.41088289871742967	0.9961538461538462	0.9512820512820512
38	0.3729059023734851	0.40042154123445045	0.9967948717948718	0.9615384615384616
39	0.3729651033878326	0.2883543673310576	0.9977564102564103	0.9615384615384616
40	0.373013263795434	0.3105504339919022	0.9974358974358974	0.9615384615384616
41	0.37298887684231713	0.3449495167074112	0.9967948717948718	0.9615384615384616
42	0.3728797491206679	0.2810689395961274	0.9977564102564103	0.9615384615384616
43	0.37285683913664386	0.2584112005350441	0.9977564102564103	0.9615384615384616
44	0.37277727127075194	0.25026972127759983	0.9974358974358974	0.9615384615384616
45	0.3727673188499782	0.257632028627327	0.9977564102564103	0.9615384615384616
46	0.37258315086364746	0.25236982304415173	0.9977564102564103	0.9615384615384616
-1	-1	-1	-1	-1
0	0.5111532211303711	97.05540240540796	0.2685897435897436	0.5333333333333333
1	0.4405033588409424	53.24981328419277	0.5157051282051283	0.6487179487179487
2	0.41629958152770996	32.24721379182777	0.6817307692307693	0.7487179487179487
3	0.4039584994316101	24.16688494840447	0.7551282051282051	0.8256410256410256
4	0.396864652633667	19.23037150684668	0.8016025641025641	0.8384615384615385
5	0.3917192618052165	16.2796034569643	0.8365384615384616	0.8974358974358975
6	0.3878869669778006	15.004623974464378	0.8487179487179487	0.882051282051282
7	0.38523343205451965	12.060013230966062	0.8807692307692307	0.8948717948717949
8	0.38325566715664333	11.553776171742653	0.8878205128205128	0.8717948717948718
9	0.3818561792373657	10.51519803125031	0.892948717948718	0.8615384615384616
10	0.38029293580488727	10.47921780177525	0.8958333333333334	0.8871794871794871
11	0.3795738418896993	12.772058068489542	0.8887820512820512	0.8923076923076924
12	0.37868694158700794	8.790454694202968	0.9115384615384615	0.8871794871794871
13	0.377766524042402	7.726962616249007	0.9224358974358975	0.8948717948717949
14	0.37749476432800294	5.876716797449151	0.9413461538461538	0.9333333333333333
15	0.37690219283103943	4.213094393133509	0.9544871794871795	0.9256410256410257
16	0.37657465654260974	4.074445291897472	0.9618589743589744	0.9282051282051282
17	0.37624192237854004	3.4339189375845756	0.9657051282051282	0.9282051282051282
18	0.3758556089903179	4.167501137268786	0.9580128205128206	0.9153846153846154
19	0.3756558299064636	2.6354533683280557	0.971474358974359	0.9461538461538461
20	0.3753730115436372	2.0891717766620674	0.9759615384615384	0.9538461538461539
21	0.37481811913576996	2.480115999068533	0.9737179487179487	0.9435897435897436
22	0.37447661938874616	3.1837440492699343	0.9756410256410256	0.9102564102564102
23	0.37434182564417523	2.190208194891409	0.9794871794871794	0.9538461538461539
24	0.37420942306518556	1.6311320812840546	0.9839743589743589	0.9641025641025641
25	0.3739601281973032	1.4314890174784374	0.9855769230769231	0.9743589743589743
26	0.37393848984329786	1.381303353365796	0.9855769230769231	0.9615384615384616
27	0.3738307101385934	1.1504234411748961	0.9881410256410257	0.9615384615384616
28	0.3735593680677743	0.8467830592369642	0.992948717948718	0.9641025641025641
29	0.37357177734375	0.8702049272429502	0.9923076923076923	0.9641025641025641
30	0.373613219107351	1.0065199596123124	0.9887820512820513	0.9692307692307692
31	0.3734523355960846	0.665011354005772	0.9935897435897436	0.9692307692307692
32	0.3734478372516054	0.4521655774614726	0.996474358974359	0.9717948717948718
33	0.37297386982861686	0.5720653249730703	0.9935897435897436	0.9641025641025641
34	0.3729658331189837	0.5135755187036513	0.9951923076923077	0.9692307692307692
35	0.3728860682911343	0.4740749653942565	0.9961538461538462	0.9717948717948718
36	0.37280695502822464	0.44463378013743027	0.9955128205128205	0.9692307692307692
37	0.37281987541600276	0.6234073361639665	0.9942307692307693	0.9641025641025641
38	0.37282637449411243	0.6783282198276186	0.9932692307692308	0.9615384615384616
39	0.3728449046611786	0.5920789133340396	0.9945512820512821	0.9666666666666667
40	0.3727176887233083	0.3537921435051189	0.996474358974359	0.9743589743589743
41	0.3726652576809838	0.28931281837570594	0.9977564102564103	0.9717948717948718
42	0.37261543163033417	0.23585121670535325	0.9980769230769231	0.9743589743589743
43	0.37235400351611053	0.22934171946060963	0.9980769230769231	0.9794871794871794
44	0.3723623858557807	0.2200669904541428	0.9983974358974359	0.9743589743589743
45	0.37234187644460925	0.21170217229593283	0.9980769230769231	0.9743589743589743
46	0.37225523400813976	0.21415564958071479	0.9977564102564103	0.9743589743589743
47	0.3722101052602132	0.1974816465367532	0.9980769230769231	0.9743589743589743
48	0.3722992624555315	0.19164092718963321	0.9983974358974359	0.9717948717948718
49	0.3723608112335205	0.19158968972980653	0.9983974358974359	0.9743589743589743
50	0.3724362476199281	0.18783249309638692	0.9983974358974359	0.9717948717948718
51	0.3723559883924631	0.18131969527125968	0.9983974358974359	0.9743589743589743
52	0.3724281832856952	0.1876393387816019	0.9983974358974359	0.9743589743589743
53	0.37251872486538357	0.17651506165596087	0.9983974358974359	0.9717948717948718
54	0.3725537733598189	0.18420904415350897	0.9983974358974359	0.9743589743589743
55	0.37257746713502066	0.18378379274434672	0.9983974358974359	0.9717948717948718
56	0.37255852682548657	0.18211377036059462	0.9983974358974359	0.9743589743589743
57	0.3725135614132059	0.18413195833801757	0.9980769230769231	0.9743589743589743
58	0.3725411285788326	0.1732479074658952	0.9983974358974359	0.9743589743589743
59	0.37251813809076945	0.1749305510872119	0.9983974358974359	0.9717948717948718
60	0.3725389847989942	0.17606454595168505	0.9983974358974359	0.9743589743589743
61	0.372553163959134	0.17272648347781278	0.9983974358974359	0.9743589743589743
62	0.37252132854764425	0.17481128336776794	0.9983974358974359	0.9743589743589743
63	0.37253056839108467	0.16427499438505408	0.9983974358974359	0.9717948717948718
-1	-1	-1	-1	-1
0	0.4692509174346924	98.3997299038634	0.27275641025641023	0.5025641025641026
1	0.42039573192596436	51.1059796858807	0.5375	0.617948717948718
2	0.40381677945454914	32.821092060634065	0.6788461538461539	0.6948717948717948
3	0.39637213945388794	24.284246055447326	0.7560897435897436	0.7769230769230769
4	0.3928074359893799	19.24639655132683	0.8041666666666667	0.8076923076923077
5	0.3893583615620931	16.183743953704834	0.833974358974359	0.7948717948717948
6	0.3874398980821882	17.033064212117875	0.8310897435897436	0.8307692307692308
7	0.3861410617828369	14.501219155837079	0.8560897435897435	0.8512820512820513
8	0.3849508497450087	12.108275936574351	0.8801282051282051	0.8743589743589744
9	0.38439714908599854	11.76588186682487	0.8804487179487179	0.8435897435897436
10	0.38350681825117633	12.563254861199127	0.8756410256410256	0.8769230769230769
11	0.3824622829755147	8.326355284574081	0.9131410256410256	0.9
12	0.3816143549405612	7.543943993899287	0.9253205128205129	0.8794871794871795
13	0.38144052028656006	6.172744775000884	0.933974358974359	0.9102564102564102
14	0.38072234789530435	5.083775524278076	0.9474358974358974	0.9205128205128205
15	0.38049428164958954	4.765954566549282	0.9490384615384615	0.9230769230769231
16	0.3800709948820226	3.365299240058782	0.9605769230769231	0.9205128205128205
17	0.37984687752193874	3.0801322812936744	0.9682692307692308	0.9461538461538461
18	0.3796323851535195	2.292145305864361	0.975	0.9358974358974359
19	0.3794037222862244	2.336614857104664	0.9756410256410256	0.9461538461538461
20	0.3792933850061326	2.74422493607414	0.9740384615384615	0.9282051282051282
21	0.3793281858617609	2.0585521803028426	0.978525641025641	0.9384615384615385
22	0.3791544644728951	2.1927432927531094	0.9762820512820513	0.9205128205128205
23	0.37896547714869183	1.7954164343619985	0.9807692307692307	0.9435897435897436
24	0.37883872985839845	1.5422100460784016	0.9842948717948717	0.9564102564102565
25	0.37865111461052525	1.4722829259627936	0.9852564102564103	0.9512820512820512
26	0.3785014240830033	1.6065804347091792	0.9839743589743589	0.9487179487179487
27	0.37843711035592215	1.5798307174474608	0.9836538461538461	0.941025641025641
28	0.3783856671431969	0.9063641035226079	0.989423076923077	0.9487179487179487
29	0.3782700935999552	0.6435357413530274	0.9910256410256411	0.9538461538461539
30	0.3781148002993676	0.7213263963372922	0.9916666666666667	0.9461538461538461
31	0.37807852774858475	1.1782733578738585	0.9865384615384616	0.9333333333333333
32	0.3779914379119873	1.7982274698264593	0.9865384615384616	0.9564102564102565
33	0.37802670983707204	0.8153497001146708	0.9897435897435898	0.958974358974359
34	0.37793019839695524	0.6091154200471558	0.9932692307692308	0.9641025641025641
35	0.3777856495645311	0.5154853469825217	0.9942307692307693	0.958974358974359
36	0.3776909660648655	0.4858069137921937	0.9948717948717949	0.9564102564102565
37	0.3774948559309307	0.46670369703467574	0.9961538461538462	0.9641025641025641
38	0.37751040703211075	0.29455514974139	0.9971153846153846	0.9615384615384616
39	0.3773352146148682	0.36129079323068347	0.9958333333333333	0.9564102564102565
40	0.3772455715551609	0.598408383287297	0.9939102564102564	0.9564102564102565
41	0.37712756792704266	0.6316463148146535	0.9926282051282052	0.9538461538461539
42	0.3771124052446942	0.5410654866760264	0.9945512820512821	0.9564102564102565
43	0.37711514126170764	0.29154235994139194	0.9977564102564103	0.9615384615384616
44	0.3770157602098253	0.2499686670305483	0.9977564102564103	0.9641025641025641
45	0.37690474676049274	0.24267759348493906	0.9977564102564103	0.958974358974359
46	0.3767570282550568	0.25518434386025063	0.9974358974358974	0.9641025641025641
47	0.3767099976539612	0.2628313843682064	0.9967948717948718	0.9641025641025641
48	0.3766195579450958	0.25428470210392	0.9974358974358974	0.9615384615384616
49	0.37640334129333497	0.21821489748862757	0.9980769230769231	0.9615384615384616
50	0.37615113164864333	0.23114883054482302	0.9974358974358974	0.9641025641025641
51	0.3759153210199796	0.21362864300636847	0.9980769230769231	0.9641025641025641
52	0.37565680719771477	0.2149772825269254	0.9980769230769231	0.958974358974359
53	0.37536787103723596	0.2206135498295875	0.9980769230769231	0.9666666666666667
54	0.3751332499764182	0.2091359231468529	0.9977564102564103	0.9666666666666667
55	0.3749470625604902	0.20994928814454805	0.9980769230769231	0.9666666666666667
56	0.3747755017196923	0.205485273293877	0.9980769230769231	0.9666666666666667
57	0.37478920098008783	0.20385742519851638	0.9980769230769231	0.9666666666666667
58	0.3747615248469983	0.20934433119610008	0.9980769230769231	0.9666666666666667
59	0.3747759580612183	0.2003873497239826	0.9977564102564103	0.9666666666666667
60	0.37488641504381526	0.20562604103000995	0.9980769230769231	0.9666666666666667
61	0.3749192683927475	0.2011553211905266	0.9980769230769231	0.9666666666666667
62	0.37498918790665886	0.20132557757891362	0.9980769230769231	0.9666666666666667
63	0.374947939068079	0.19468916848370788	0.9980769230769231	0.9666666666666667
64	0.3749556981600248	0.19836769798133233	0.9977564102564103	0.9666666666666667
65	0.3749305443330245	0.19246048099799107	0.9980769230769231	0.9666666666666667
66	0.3749276951177796	0.19468085800345222	0.9980769230769231	0.9666666666666667
67	0.37496033486197977	0.19677579785754035	0.9980769230769231	0.9666666666666667
68	0.3750007152557373	0.19449338525748538	0.9980769230769231	0.9666666666666667
69	0.37498182228633337	0.19338200394705216	0.9974358974358974	0.9666666666666667
70	0.3750125589505048	0.19239301041410986	0.9980769230769231	0.9666666666666667
71	0.37507105535931057	0.1901329366137732	0.9980769230769231	0.9666666666666667
72	0.37502802234806426	0.19043630028217917	0.9980769230769231	0.9666666666666667
73	0.3749606995969205	0.18850536373872961	0.9980769230769231	0.9666666666666667
-1	-1	-1	-1	-1
0	0.5072076320648193	96.24636472974505	0.2743589743589744	0.5153846153846153
1	0.4399082660675049	52.23307504459303	0.5259615384615385	0.6358974358974359
2	0.416112740834554	30.809849875313894	0.7	0.7102564102564103
3	0.40587812662124634	24.14034859501586	0.7618589743589743	0.7692307692307693
4	0.3984814167022705	18.349042116379252	0.8070512820512821	0.7384615384615385
5	0.39360737800598145	16.543527778314086	0.833974358974359	0.8461538461538461
6	0.390437262398856	14.23248044325381	0.8554487179487179	0.8128205128205128
7	0.38841116428375244	13.355120902158776	0.8657051282051282	0.8461538461538461
8	0.3875034915076362	10.403066404011785	0.896474358974359	0.8512820512820513
9	0.38596549034118655	9.950974031370514	0.9073717948717949	0.8846153846153846
10	0.3849644227461381	9.231289043718455	0.903525641025641	0.9153846153846154
11	0.3842887282371521	6.804818768282326	0.9278846153846154	0.9128205128205128
12	0.3830462602468637	5.945615849932846	0.933974358974359	0.8948717948717949
13	0.38226241724831717	6.168256193551482	0.9391025641025641	0.9153846153846154
14	0.3817327817281087	6.84686553539062	0.9458333333333333	0.8794871794871795
15	0.38109593093395233	5.530422395209269	0.9426282051282051	0.9128205128205128
16	0.38018075157614317	4.964452123915662	0.9506410256410256	0.9333333333333333
17	0.37928293810950386	4.197037302565818	0.9544871794871795	0.9256410256410257
18	0.37919053278471293	3.0571595891853987	0.9673076923076923	0.9179487179487179
19	0.3785027265548706	2.326654817832976	0.9756410256410256	0.9256410256410257
20	0.37803168523879277	2.041080079364533	0.9791666666666666	0.9435897435897436
21	0.37765010920437897	1.8487351736866355	0.9807692307692307	0.9384615384615385
22	0.37730116429536237	1.2845697205808317	0.9875	0.9384615384615385
23	0.37698835134506226	1.2003020589163869	0.9891025641025641	0.9384615384615385
24	0.3767893505096436	1.7559701718142902	0.9826923076923076	0.9487179487179487
25	0.37673919934492844	1.317526158097447	0.9855769230769231	0.9256410256410257
26	0.3762156256922969	1.0908168747793048	0.9887820512820513	0.9435897435897436
27	0.37607345410755705	1.5345388647663045	0.989423076923077	0.941025641025641
28	0.37579004517916975	1.7472742028553419	0.9839743589743589	0.9179487179487179
29	0.37548336187998455	0.883001985619966	0.9916666666666667	0.9435897435897436
30	0.37535737406822944	1.0625819569846795	0.9900641025641026	0.9487179487179487
31	0.3751768320798874	0.7589507782570447	0.9910256410256411	0.9461538461538461
32	0.37484631393895007	1.013948245834065	0.9907051282051282	0.9564102564102565
33	0.3746863252976361	0.51304401603898	0.9951923076923077	0.9487179487179487
34	0.37452218873160226	0.7421319741881642	0.9916666666666667	0.9512820512820512
35	0.3744260006480747	0.6142458060580515	0.9932692307692308	0.9538461538461539
36	0.3742832622012576	0.37923048989020514	0.9961538461538462	0.9538461538461539
37	0.3742889856037341	0.4285314317640601	0.9958333333333333	0.9512820512820512
38	0.3743628294039995	0.3633519716448583	0.996474358974359	0.9538461538461539
39	0.37449037432670595	0.3826720021835562	0.9961538461538462	0.958974358974359
40	0.37457764439466523	0.3235687671109858	0.9967948717948718	0.9564102564102565
41	0.3745009388242449	0.36237430818711835	0.9958333333333333	0.9512820512820512
42	0.37456727027893066	0.3934102351432761	0.9955128205128205	0.9512820512820512
43	0.3744847286831249	0.3422506492943099	0.9961538461538462	0.9564102564102565
44	0.37449398040771487	0.3824653219746732	0.996474358974359	0.9538461538461539
45	0.37444029165350873	0.29709260613593386	0.9974358974358974	0.9564102564102565
46	0.3743076425917605	0.32327925887734543	0.996474358974359	0.9564102564102565
47	0.37429867188135785	0.2875485710279389	0.9967948717948718	0.9461538461538461
48	0.37433839817436376	0.3442724870033182	0.9967948717948718	0.9512820512820512
49	0.3743010711669922	0.5137174953982752	0.9951923076923077	0.9487179487179487
50	0.37427497377582625	0.26434414093685576	0.9977564102564103	0.9564102564102565
51	0.374313643345466	0.25021689724317	0.9977564102564103	0.9538461538461539
52	0.3742339790992017	0.26751002861089307	0.9974358974358974	0.9487179487179487
53	0.3743472805729619	0.2587380218647755	0.9971153846153846	0.9564102564102565
54	0.37433004812760784	0.25673622201340585	0.9974358974358974	0.9487179487179487
55	0.37431593026433674	0.3120908020198617	0.9971153846153846	0.9538461538461539
56	0.3742857857754356	0.24913112673677498	0.9977564102564103	0.9564102564102565
57	0.3742325182618766	0.24947334219122036	0.9977564102564103	0.9564102564102565
58	0.3742420915829933	0.245556740817624	0.9977564102564103	0.9564102564102565
59	0.37427672147750857	0.24419165625551278	0.9977564102564103	0.9564102564102565
-1	-1	-1	-1	-1
0	0.45022106170654297	94.16203742124597	0.3105769230769231	0.45897435897435895
1	0.41113483905792236	52.015973159245085	0.5288461538461539	0.6153846153846154
2	0.39856735865275067	31.407139223449086	0.6942307692307692	0.7256410256410256
3	0.39199984073638916	24.10976742724983	0.7564102564102564	0.6641025641025641
4	0.388164758682251	20.607610357050994	0.7894230769230769	0.8179487179487179
5	0.3844088315963745	16.186991949470677	0.8349358974358975	0.8153846153846154
6	0.3821798392704555	14.90112361859302	0.8528846153846154	0.8153846153846154
7	0.3802318572998047	13.628971777400192	0.860897435897436	0.7846153846153846
8	0.37891538937886554	13.974901546020897	0.8634615384615385	0.8153846153846154
9	0.37855777740478513	10.364651603358132	0.8945512820512821	0.8794871794871795
10	0.3775796890258789	10.186187185803238	0.9044871794871795	0.8333333333333334
11	0.3769400318463643	8.943309291284912	0.9086538461538461	0.8871794871794871
12	0.3765356173882118	6.994111630989581	0.9310897435897436	0.9051282051282051
13	0.3761995349611555	5.781299543928127	0.9403846153846154	0.8923076923076924
14	0.37609680493672687	5.1639088036454455	0.9458333333333333	0.9205128205128205
15	0.3756360113620758	7.957068895807072	0.9278846153846154	0.8923076923076924
16	0.37505536920884075	4.579436105885068	0.9538461538461539	0.882051282051282
17	0.37468914190928143	4.455838291012511	0.9544871794871795	0.9256410256410257
18	0.37406856135318156	3.3208690842195434	0.9634615384615385	0.9153846153846154
19	0.37402881383895875	3.0700077727741126	0.9663461538461539	0.9307692307692308
20	0.37694517771402997	3.3384224710111714	0.9673076923076923	0.9102564102564102
21	0.37646601416847925	2.361701006487924	0.9721153846153846	0.9307692307692308
22	0.37615222516267194	2.153440570496783	0.9772435897435897	0.9230769230769231
23	0.37579745054244995	1.6195550209899643	0.9804487179487179	0.9358974358974359
24	0.3756768894195557	2.057623954888965	0.978525641025641	0.9307692307692308
25	0.37540985070742094	1.6460396397326673	0.9814102564102564	0.9333333333333333
26	0.37539323170979816	2.052986671283309	0.9817307692307692	0.9333333333333333
27	0.37532512630735126	1.5086169208456972	0.9839743589743589	0.9461538461538461
28	0.3748752659764783	1.000013186501301	0.9884615384615385	0.9487179487179487
29	0.37477081616719565	0.7168754487220027	0.9910256410256411	0.9461538461538461
30	0.37448988422270746	0.6242096219188058	0.9932692307692308	0.941025641025641
31	0.37431663274765015	0.909829054039675	0.9903846153846154	0.9435897435897436
32	0.3742628675518614	0.8093712408147866	0.9907051282051282	0.9435897435897436
33	0.3742848424350514	0.7591309402617911	0.9910256410256411	0.9435897435897436
34	0.3743002414703369	0.6549400337615373	0.9932692307692308	0.9487179487179487
35	0.3741801248656379	0.8988614006636769	0.9903846153846154	0.9435897435897436
36	0.3741038876610833	0.7435676865042092	0.9935897435897436	0.9461538461538461
37	0.3740580960323936	0.36161139716479773	0.9967948717948718	0.9512820512820512
38	0.37403460038013947	0.3874847249386889	0.996474358974359	0.9487179487179487
39	0.3738569438457489	0.3306112217441277	0.9961538461538462	0.9461538461538461
40	0.37369442567592714	0.2812012527010294	0.996474358974359	0.9487179487179487
41	0.3733442340578352	0.29346855499512015	0.996474358974359	0.9538461538461539
42	0.37300756365753884	0.3123695928086038	0.996474358974359	0.9487179487179487
43	0.37304327162829315	0.296793296472413	0.9967948717948718	0.9461538461538461
44	0.373081906636556	0.2494207123585214	0.9971153846153846	0.9461538461538461
45	0.37299161371977435	0.2658597363541568	0.996474358974359	0.9461538461538461
46	0.3728885954998909	0.276966014457332	0.9971153846153846	0.9461538461538461
47	0.37275854746500653	0.2392940536003004	0.9971153846153846	0.9512820512820512
48	0.37269275529044016	0.2468049608891009	0.9967948717948718	0.9487179487179487
49	0.37263271331787107	0.2259135051442302	0.9977564102564103	0.9461538461538461
50	0.3725338776906331	0.23113598178872274	0.9971153846153846	0.9461538461538461
51	0.37240408017085147	0.22237859436130264	0.9977564102564103	0.9461538461538461
52	0.3723189695826117	0.23088387260762902	0.9971153846153846	0.9512820512820512
53	0.372180355919732	0.2431069260981679	0.9967948717948718	0.9461538461538461
54	0.37204310243779964	0.21299434577742096	0.9971153846153846	0.9461538461538461
55	0.37206336855888367	0.21156641864967687	0.9977564102564103	0.9461538461538461
56	0.3718356500592148	0.254293127562533	0.996474358974359	0.9461538461538461
57	0.37164528616543474	0.22451110653172673	0.9967948717948718	0.9461538461538461
58	0.3715267706725557	0.232539131883808	0.9974358974358974	0.9461538461538461
59	0.37132086753845217	0.20881187689601388	0.9971153846153846	0.9487179487179487
60	0.3710852490096796	0.21296439928427185	0.9974358974358974	0.9487179487179487
61	0.3708176766672442	0.20357178538721868	0.9971153846153846	0.9461538461538461
-1	-1	-1	-1	-1
0	0.45658302307128906	95.98726019567373	0.2916666666666667	0.45897435897435895
1	0.41428303718566895	51.81896955139783	0.530448717948718	0.6205128205128205
2	0.3988156318664551	33.83686252516143	0.6679487179487179	0.6641025641025641
3	0.3913382887840271	24.551468070672485	0.7621794871794871	0.782051282051282
4	0.3864707946777344	18.903527605290314	0.8173076923076923	0.8538461538461538
5	0.38359590371449787	16.058633609693878	0.8416666666666667	0.8256410256410256
6	0.3811999729701451	16.36224834529721	0.8362179487179487	0.8564102564102564
7	0.3794797658920288	14.869004619364835	0.8541666666666666	0.8615384615384616
8	0.37783127360873753	12.549194803043287	0.8782051282051282	0.8641025641025641
9	0.37675046920776367	9.92081951365179	0.8955128205128206	0.8871794871794871
10	0.37574789740822534	8.85359926734652	0.9019230769230769	0.8923076923076924
11	0.37532206376393634	9.326616091995824	0.903525641025641	0.9025641025641026
12	0.3748399294339694	6.356482420952952	0.9326923076923077	0.9179487179487179
13	0.3742501565388271	5.84713210986585	0.9378205128205128	0.9051282051282051
14	0.3740049044291178	5.0141966686565045	0.9471153846153846	0.9025641025641026
15	0.3735470622777939	7.005262595810453	0.9246794871794872	0.9051282051282051
16	0.373334337683285	6.8579589222766915	0.9358974358974359	0.9230769230769231
17	0.3731524282031589	3.818485884338009	0.9544871794871795	0.9384615384615385
18	0.37284856093557256	3.438807814267977	0.9634615384615385	0.9179487179487179
19	0.37253466844558714	3.4724342528806655	0.9637820512820513	0.9384615384615385
20	0.372234651020595	2.7050768640652603	0.9705128205128205	0.9615384615384616
21	0.3720037178559737	2.017093933325223	0.9794871794871794	0.958974358974359
22	0.37196376012719196	1.6416779164871087	0.9788461538461538	0.958974358974359
23	0.3711840609709422	2.3443944125189162	0.9782051282051282	0.958974358974359
24	0.37108281135559085	1.8504314860091449	0.9788461538461538	0.9641025641025641
25	0.37108173737159145	2.0421620235464784	0.9759615384615384	0.9692307692307692
26	0.370911024234913	1.537488626002581	0.9846153846153847	0.9743589743589743
27	0.3708801695278713	1.111416810244436	0.9884615384615385	0.9743589743589743
28	0.37089441562521047	0.7850519485714637	0.9916666666666667	0.9666666666666667
29	0.37076369921366376	1.2012389682005256	0.9891025641025641	0.9743589743589743
30	0.37079605748576505	0.8851611844729632	0.9903846153846154	0.9717948717948718
31	0.37083665281534195	1.0117162903010541	0.9897435897435898	0.9846153846153847
32	0.3708888834173029	1.3051316059783709	0.9855769230769231	0.9666666666666667
33	0.3707539053524242	0.8144499928457662	0.9900641025641026	0.9666666666666667
34	0.37066847256251745	0.7485154068967024	0.9926282051282052	0.9743589743589743
35	0.3707627124256558	0.8587729524208081	0.9919871794871795	0.9769230769230769
36	0.37078781385679505	0.4894367349642918	0.9948717948717949	0.9717948717948718
37	0.37096859279431793	0.3388826814539522	0.9961538461538462	0.9794871794871794
38	0.37102741461533767	0.2788380850938016	0.9971153846153846	0.9846153846153847
39	0.3712019145488739	0.2571437598365877	0.9967948717948718	0.9794871794871794
40	0.371311844849005	0.35697599966465066	0.9958333333333333	0.9717948717948718
41	0.371506515003386	0.3629109403299648	0.9967948717948718	0.9794871794871794
42	0.371557074923848	0.32168825190782796	0.996474358974359	0.9769230769230769
43	0.37150971456007525	0.26139728701458137	0.9967948717948718	0.982051282051282
44	0.37141584290398494	0.25260954162468824	0.9971153846153846	0.9794871794871794
45	0.37138569873312244	0.24551394031310078	0.9967948717948718	0.9794871794871794
46	0.3713629296485414	0.22778425469643518	0.9971153846153846	0.982051282051282
47	0.37139251331488293	0.23898669512854379	0.9977564102564103	0.982051282051282
48	0.37140885664492235	0.2193189676731612	0.9974358974358974	0.982051282051282
49	0.37150638103485106	0.22923476049544086	0.9974358974358974	0.982051282051282
50	0.37160091306649	0.22245237977313082	0.9967948717948718	0.982051282051282
51	0.37165666085023147	0.21367532840118583	0.9974358974358974	0.9846153846153847
-1	-1	-1	-1	-1
0	0.4647543430328369	99.92018096301021	0.2551282051282051	0.5076923076923077
1	0.41669678688049316	53.593310375602876	0.5185897435897436	0.5205128205128206
2	0.4007999897003174	31.963490719697912	0.6862179487179487	0.7897435897435897
3	0.3939116597175598	24.58479252640082	0.7618589743589743	0.7307692307692307
4	0.3902300834655762	20.888649663146662	0.7980769230769231	0.7846153846153846
5	0.3870929479598999	17.997725783562174	0.8185897435897436	0.7717948717948718
6	0.3837102821895054	12.950638157980782	0.8653846153846154	0.8
7	0.380783349275589	12.799848225651955	0.8663461538461539	0.8358974358974359
8	0.37924689716762966	17.169895546776907	0.8413461538461539	0.8512820512820513
9	0.37759783267974856	11.632492837705174	0.8801282051282051	0.8692307692307693
10	0.3763920177112926	11.777102972779955	0.8887820512820512	0.8871794871794871
11	0.3753540913263957	9.20621395232726	0.9105769230769231	0.9384615384615385
12	0.3743141981271597	7.283856388865685	0.9221153846153847	0.9256410256410257
13	0.37309913975851877	6.869085357505448	0.9282051282051282	0.9256410256410257
14	0.37221465110778806	5.345688694593858	0.9464743589743589	0.9230769230769231
15	0.37132060527801514	5.040504091552326	0.9509615384615384	0.9512820512820512
16	0.37046205296235923	4.067403752812925	0.9535256410256411	0.9205128205128205
17	0.3698227538002862	3.964208768794731	0.9564102564102565	0.9179487179487179
18	0.3694199009945518	3.529307902695573	0.9631410256410257	0.9307692307692308
19	0.3693912386894226	3.529396057737117	0.9612179487179487	0.9461538461538461
20	0.36985414368765696	3.0120738728390055	0.9673076923076923	0.9487179487179487
21	0.3700136488134211	2.6236598659686896	0.9730769230769231	0.9512820512820512
22	0.3702162452366041	2.5102277370739956	0.9724358974358974	0.941025641025641
23	0.3706910212834676	2.048411632821496	0.9769230769230769	0.9512820512820512
24	0.3708648204803467	1.51453978301273	0.9833333333333333	0.9641025641025641
25	0.3711141072786771	1.6124060299064564	0.9830128205128205	0.9692307692307692
26	0.37114693500377516	1.1394950846003427	0.9891025641025641	0.9538461538461539
27	0.37117219822747366	1.4733315237087425	0.9871794871794872	0.9435897435897436
28	0.3712586287794442	1.4379527581741616	0.9862179487179488	0.958974358974359
29	0.37130653858184814	0.8093683399112743	0.9913461538461539	0.9692307692307692
30	0.37119126319885254	1.051417178911518	0.9900641025641026	0.9769230769230769
31	0.37084557861089706	0.7760983069108951	0.9932692307692308	0.9769230769230769
32	0.37059751423922455	1.0367955516605658	0.9919871794871795	0.9615384615384616
33	0.37080085277557373	0.5782950002776117	0.9945512820512821	0.9769230769230769
34	0.3710215364183698	0.5074240807016209	0.9951923076923077	0.9692307692307692
35	0.371215283870697	0.5502323016645482	0.9951923076923077	0.9794871794871794
36	0.3714126122964395	0.3971164817506048	0.9958333333333333	0.9717948717948718
37	0.37155976420954656	0.3501740320091497	0.9967948717948718	0.9717948717948718
38	0.37161605786054563	0.34026947964163384	0.996474358974359	0.9769230769230769
39	0.371670800447464	0.3435992439412892	0.9961538461538462	0.9743589743589743
40	0.37177596441129357	0.4022044778313863	0.9961538461538462	0.9692307692307692
41	0.3718964315596081	0.40200965179157755	0.9951923076923077	0.9717948717948718
42	0.3720470195592836	0.3263301676705275	0.9967948717948718	0.9717948717948718
43	0.37206871943040326	0.33245745997927006	0.996474358974359	0.9743589743589743
44	0.37210570441352	0.3573457264208962	0.9955128205128205	0.9692307692307692
45	0.37224089062732196	0.5151623470691105	0.9951923076923077	0.9692307692307692
46	0.3720953363053342	0.34527188299086575	0.9967948717948718	0.9717948717948718
47	0.37192760904630023	0.5551132389536717	0.9945512820512821	0.958974358974359
48	0.3717232139743104	0.3262974855030307	0.996474358974359	0.9641025641025641
49	0.37165618896484376	0.3242871675903764	0.996474358974359	0.9692307692307692
50	0.37142164099450203	0.3068829322674363	0.9971153846153846	0.9717948717948718
51	0.3711725565103384	0.2746308700209608	0.9971153846153846	0.9666666666666667
52	0.37092223257388707	0.2778933768450046	0.9974358974358974	0.9692307692307692
53	0.3707339807792946	0.2856588736861767	0.9971153846153846	0.9717948717948718
54	0.3705617211081765	0.2679336667660747	0.9967948717948718	0.9666666666666667
55	0.37033773745809284	0.28649108404255347	0.9967948717948718	0.9615384615384616
-1	-1	-1	-1	-1
0	0.44249534606933594	100.4470788994614	0.253525641025641	0.47692307692307695
1	0.40193378925323486	53.7893329347883	0.49903846153846154	0.5743589743589743
2	0.38946533203125	32.77317420803771	0.6772435897435898	0.6358974358974359
3	0.3825875520706177	23.48379067985379	0.7634615384615384	0.7717948717948718
4	0.37711048126220703	20.181849095286154	0.791025641025641	0.8128205128205128
5	0.37364280223846436	18.87348632909814	0.8057692307692308	0.7923076923076923
6	0.371962308883667	15.279995378182859	0.8391025641025641	0.8769230769230769
7	0.37048277258872986	14.223143438903653	0.8554487179487179	0.841025641025641
8	0.36932677692837185	12.075283349776754	0.8756410256410256	0.8743589743589744
9	0.3680549144744873	12.045878529548645	0.8814102564102564	0.8897435897435897
10	0.3675075444308194	10.142089656421117	0.8897435897435897	0.9
11	0.3667946656545003	8.8036091656101	0.9048076923076923	0.9230769230769231
12	0.3663498621720534	7.98412704102847	0.9182692307692307	0.9358974358974359
13	0.36568530968257357	7.305461256175625	0.9211538461538461	0.9102564102564102
14	0.3661386013031006	5.670161672696775	0.9387820512820513	0.9179487179487179
15	0.36629752814769745	7.614481048924582	0.9224358974358975	0.9307692307692308
16	0.3669237389284022	5.203458356918121	0.9423076923076923	0.9538461538461539
17	0.36747388044993085	3.9471107324471277	0.9596153846153846	0.9564102564102565
18	0.3676383746297736	3.6351688554396433	0.9599358974358975	0.9692307692307692
19	0.3678220629692078	3.142235255819194	0.9685897435897436	0.9615384615384616
20	0.3678868952251616	2.555799541956916	0.9727564102564102	0.9743589743589743
21	0.36786252802068536	1.9915716507453092	0.9778846153846154	0.982051282051282
22	0.3680845136227815	3.696777641317066	0.9625	0.9025641025641026
23	0.3683968186378479	5.492970647556441	0.9471153846153846	0.9692307692307692
24	0.3684823513031006	2.079959192484313	0.9788461538461538	0.9794871794871794
25	0.3687485364767221	2.086132070258716	0.978525641025641	0.9897435897435898
26	0.3688870271046956	1.358773333880556	0.9842948717948717	0.9692307692307692
27	0.36907693317958284	1.9113982980310613	0.9801282051282051	0.9743589743589743
28	0.3690848597164812	1.8224470017439858	0.9814102564102564	0.9846153846153847
29	0.36908241907755535	1.613423131368294	0.9817307692307692	0.9923076923076923
30	0.36915136152698147	0.7947725977045389	0.9913461538461539	0.9923076923076923
31	0.36912107467651367	1.31438571749069	0.985897435897436	0.9794871794871794
32	0.36917910431370593	0.7339425984555048	0.9919871794871795	0.9923076923076923
33	0.36931156410890464	0.4700380362313697	0.9948717948717949	0.9923076923076923
34	0.3693266936710903	0.6307009352675202	0.9932692307692308	0.9923076923076923
35	0.3694956236415439	0.562979280490699	0.9942307692307693	0.9871794871794872
36	0.36950210622839025	0.5353665811120181	0.9945512820512821	0.9923076923076923
37	0.3696163704520778	0.40885144027486936	0.9961538461538462	0.9923076923076923
38	0.3696503027891501	0.3260631402298138	0.9961538461538462	0.9923076923076923
39	0.36960542798042295	0.30270491972712954	0.9967948717948718	0.9923076923076923
40	0.3695958939994254	0.30848965625001273	0.9967948717948718	0.9923076923076923
41	0.3694904077620733	0.39433939653671196	0.996474358974359	0.9923076923076923
42	0.36950709098993345	0.29973424351281175	0.996474358974359	0.9923076923076923
43	0.3695186268199574	0.2951743223630747	0.996474358974359	0.9923076923076923
44	0.3696343262990316	0.2862705985279885	0.9974358974358974	0.9897435897435898
45	0.3698356514391692	0.258661967553721	0.9977564102564103	0.9923076923076923
46	0.36992514387090153	0.2521033085507655	0.9971153846153846	0.9923076923076923
47	0.369892622033755	0.2421250142291015	0.9974358974358974	0.9923076923076923
48	0.3699062989682567	0.2337671244667388	0.9977564102564103	0.9923076923076923
49	0.37007731914520264	0.24073578909571683	0.9967948717948718	0.9923076923076923
-1	-1	-1	-1	-1
0	0.5298562049865723	98.62330522342604	0.2743589743589744	0.4897435897435897
1	0.4510294198989868	54.96625043907944	0.5054487179487179	0.5846153846153846
2	0.42489878336588544	33.25602803911482	0.6666666666666666	0.7051282051282052
3	0.4115416407585144	23.926509424131744	0.7644230769230769	0.7769230769230769
4	0.40336217880249026	19.62248946209343	0.7958333333333333	0.7743589743589744
5	0.39805833498636883	17.62548268571192	0.8288461538461539	0.7897435897435897
6	0.39422522272382465	16.103588960608658	0.8407051282051282	0.8025641025641026
7	0.391521155834198	17.164082570951813	0.8365384615384616	0.8307692307692308
8	0.38869555791219074	13.166350968030034	0.8599358974358975	0.8179487179487179
9	0.38637504577636717	9.618398594612978	0.8993589743589744	0.8589743589743589
10	0.38513476198369806	8.721251668370499	0.905448717948718	0.9025641025641026
11	0.38428521156311035	7.724919015655712	0.9179487179487179	0.8897435897435897
12	0.383567608319796	6.524617532078101	0.9336538461538462	0.8717948717948718
13	0.3826672690255301	7.653385632500356	0.9240384615384616	0.8564102564102564
14	0.3815815289815267	5.960645843525322	0.9378205128205128	0.9025641025641026
15	0.3807077258825302	6.128691750521562	0.9358974358974359	0.9128205128205128
16	0.3804672044866225	6.198861599880821	0.9432692307692307	0.9384615384615385
17	0.380245566368103	4.917264169272111	0.9522435897435897	0.9256410256410257
18	0.37983728709973785	3.455332442357832	0.9644230769230769	0.9461538461538461
19	0.37910139560699463	3.445365110450253	0.9599358974358975	0.9256410256410257
20	0.3784828640165783	2.6660520785241104	0.9740384615384615	0.9384615384615385
21	0.3782546411861073	2.6120672712900808	0.9762820512820513	0.9564102564102565
22	0.3777953230816385	2.334272160898058	0.9730769230769231	0.9307692307692308
23	0.3775075177351634	1.9826513072285725	0.9801282051282051	0.9564102564102565
24	0.37703731536865237	1.355139578760326	0.9852564102564103	0.9512820512820512
25	0.3767204284667969	1.3094421602163122	0.9855769230769231	0.958974358974359
26	0.3764636781480577	1.250978399795119	0.9862179487179488	0.9461538461538461
27	0.3761714611734663	0.934506955589833	0.9903846153846154	0.9358974358974359
28	0.3760462300530795	0.7977530169217582	0.9910256410256411	0.9538461538461539
29	0.37586962381998695	0.8560008341446519	0.9910256410256411	0.958974358974359
30	0.37588386381826094	0.5193732884565216	0.9951923076923077	0.958974358974359
31	0.375677689909935	0.4837100439982926	0.9951923076923077	0.9564102564102565
32	0.37559859680406976	0.5744020550807865	0.9932692307692308	0.9512820512820512
33	0.37556400719810934	0.37930539973752514	0.9955128205128205	0.9615384615384616
34	0.375580358505249	0.5622129153712101	0.9958333333333333	0.9615384615384616
35	0.37547461854086983	0.2849169165675281	0.9971153846153846	0.9615384615384616
36	0.37550174223410115	0.26526288557067107	0.9980769230769231	0.958974358974359
37	0.3756489690981413	0.22560910576430615	0.9977564102564103	0.958974358974359
38	0.3755908501453889	0.22329012045817337	0.9980769230769231	0.958974358974359
39	0.3755034625530243	0.21916488722928654	0.9977564102564103	0.958974358974359
40	0.37536342551068563	0.22590760269935234	0.9977564102564103	0.958974358974359
41	0.37523200966063	0.23227794663502468	0.9971153846153846	0.9615384615384616
42	0.37528718904007313	0.22070993483742182	0.9974358974358974	0.958974358974359
43	0.3752424012530934	0.2042840299218926	0.9980769230769231	0.958974358974359
44	0.375104014078776	0.21326750848341047	0.9980769230769231	0.958974358974359
45	0.37508479408595874	0.2092211637939968	0.9974358974358974	0.958974358974359
46	0.3750758627627758	0.20232765269228906	0.9980769230769231	0.9615384615384616
47	0.374995619058609	0.201143110755153	0.9974358974358974	0.9615384615384616
48	0.375030094263505	0.2061971313542388	0.9980769230769231	0.9615384615384616
49	0.3749841833114624	0.20547625240300366	0.9974358974358974	0.9615384615384616
50	0.3750009676989387	0.20456286225022752	0.9977564102564103	0.9615384615384616
51	0.37492380233911365	0.20154194963867425	0.9980769230769231	0.9615384615384616
52	0.37496380086215036	0.20112803051486072	0.9971153846153846	0.9615384615384616
53	0.3748728213486848	0.19924960219102605	0.9980769230769231	0.9615384615384616
-1	-1	-1	-1	-1
0	0.45555925369262695	97.82330437095798	0.2743589743589744	0.5846153846153846
1	0.4122333526611328	53.107111687562906	0.5150641025641025	0.6692307692307692
2	0.39913225173950195	31.580337592533656	0.6990384615384615	0.7846153846153846
3	0.39265865087509155	23.49084319873732	0.7637820512820512	0.7282051282051282
4	0.38740029335021975	18.995233234094115	0.8076923076923077	0.8076923076923077
5	0.3836832443873088	17.93801584779	0.8150641025641026	0.8025641025641026
6	0.3812769481113979	14.263284079882563	0.8564102564102564	0.8307692307692308
7	0.37951722741127014	13.55556311899302	0.867948717948718	0.8487179487179487
8	0.37877898746066624	11.81578485576474	0.8782051282051282	0.8717948717948718
9	0.3778711795806885	11.631430127182785	0.8913461538461539	0.8538461538461538
10	0.3773656975139271	12.579395268644605	0.8833333333333333	0.8384615384615385
11	0.3769611914952596	8.673285674075691	0.9134615384615384	0.9025641025641026
12	0.376397389632005	6.30565086280813	0.9336538461538462	0.9076923076923077
13	0.37582950932638987	7.022557970820641	0.9317307692307693	0.9384615384615385
14	0.3755558172861735	3.9802654277609317	0.9618589743589744	0.9282051282051282
15	0.37502337992191315	3.757437404473217	0.9631410256410257	0.9128205128205128
16	0.3746177869684556	5.3674695461380235	0.9483974358974359	0.9179487179487179
17	0.3745603693856133	3.174963892874669	0.9673076923076923	0.9384615384615385
18	0.374625143251921	2.8178547348599046	0.9717948717948718	0.9256410256410257
19	0.3743025302886963	2.154493017692347	0.9759615384615384	0.9153846153846154
20	0.3741897060757592	2.010589775002124	0.9766025641025641	0.9256410256410257
21	0.3738662871447476	2.532814600771027	0.9737179487179487	0.9512820512820512
22	0.37372005504110584	2.5341914304513105	0.9743589743589743	0.9487179487179487
23	0.3734489381313324	1.214410386751501	0.9865384615384616	0.9461538461538461
24	0.37325690269470213	1.3089575366430668	0.9868589743589744	0.9384615384615385
25	0.3732807911359347	1.689690490343551	0.9833333333333333	0.9564102564102565
26	0.373159717630457	1.440824724971412	0.9839743589743589	0.9487179487179487
27	0.3732555253165109	1.166621347167054	0.9875	0.9615384615384616
28	0.37324676020392056	0.9170512942554505	0.9913461538461539	0.9487179487179487
29	0.3731631437937419	0.8260837770969968	0.9907051282051282	0.958974358974359
30	0.37314787218647616	0.797696966263917	0.9916666666666667	0.9461538461538461
31	0.3730117380619049	1.1519267243209619	0.9881410256410257	0.9307692307692308
32	0.3730624516805013	0.9439071967760672	0.9897435897435898	0.958974358974359
33	0.37301163813647104	0.6911802805380478	0.9935897435897436	0.9717948717948718
34	0.3729674748011998	0.41217778643892544	0.9958333333333333	0.9692307692307692
35	0.3730135891172621	0.49618648018982564	0.9948717948717949	0.9666666666666667
36	0.3729865873182142	0.321174264137101	0.9967948717948718	0.958974358974359
37	0.3730119968715467	0.33073753159913727	0.9967948717948718	0.9692307692307692
38	0.37295632484631663	0.31602515602942877	0.9967948717948718	0.9641025641025641
39	0.372721391916275	0.29953661540981114	0.9967948717948718	0.9717948717948718
40	0.3724527475310535	0.2854415251033283	0.996474358974359	0.9666666666666667
41	0.3722640843618484	0.36475952776571813	0.9958333333333333	0.9717948717948718
42	0.3720792448797891	0.35803836647792936	0.9955128205128205	0.9666666666666667
43	0.371958618814295	0.2853373223378166	0.9971153846153846	0.958974358974359
44	0.3718656910790337	0.2689602320333135	0.9971153846153846	0.9692307692307692
45	0.371969399244889	0.2542108938398495	0.9974358974358974	0.9692307692307692
46	0.37208913234954183	0.2487162204549294	0.9977564102564103	0.9717948717948718
47	0.3721390167872111	0.24282811872428878	0.9974358974358974	0.9717948717948718
48	0.3721591550476697	0.23552864053947684	0.9974358974358974	0.9717948717948718
49	0.3719014024734497	0.23975612787925996	0.9971153846153846	0.9717948717948718
50	0.37157545837701533	0.2321708247434762	0.9977564102564103	0.9692307692307692
51	0.37167383615787214	0.2277257115836582	0.9977564102564103	0.9692307692307692
52	0.37169227060282006	0.2278490427569504	0.9974358974358974	0.9717948717948718
53	0.37180811829037136	0.22649387885936376	0.9974358974358974	0.9692307692307692
-1	-1	-1	-1	-1
0	0.5135765075683594	97.03256852286202	0.27884615384615385	0.5153846153846153
1	0.4436757564544678	52.25188280611622	0.5278846153846154	0.6153846153846154
2	0.42018572489420575	33.55214885789521	0.6698717948717948	0.7256410256410256
3	0.40736669301986694	26.07102480713202	0.7483974358974359	0.7538461538461538
4	0.4004981994628906	20.928771792625895	0.7939102564102564	0.7692307692307693
5	0.3960305452346802	17.472568185961975	0.8214743589743589	0.8384615384615385
6	0.392610890524728	14.605205633202377	0.8544871794871794	0.7923076923076923
7	0.390498548746109	11.695616622360385	0.8788461538461538	0.8461538461538461
8	0.3884151511722141	11.141476222446986	0.8868589743589743	0.8538461538461538
9	0.38746674060821534	10.13305435010365	0.8990384615384616	0.9
10	0.3860318227247758	10.644096570355552	0.8974358974358975	0.8589743589743589
11	0.38487325112024945	7.873183880533491	0.9205128205128205	0.8538461538461538
12	0.38360095024108887	7.6581514672357205	0.9227564102564103	0.9256410256410257
13	0.38268394129616873	5.889957185302462	0.9384615384615385	0.9051282051282051
14	0.38173346519470214	5.309806289417403	0.9506410256410256	0.9333333333333333
15	0.3810340613126755	3.8078900970594614	0.958974358974359	0.9282051282051282
16	0.38058093014885397	4.149515902471482	0.9605769230769231	0.8948717948717949
17	0.3800783157348633	9.520614503559713	0.9301282051282052	0.8205128205128205
18	0.37999919841164037	8.726587113525186	0.9214743589743589	0.9153846153846154
19	0.37957297563552855	4.198257675128324	0.9580128205128206	0.9205128205128205
20	0.379382712500436	3.154066498866495	0.967948717948718	0.9487179487179487
21	0.3790853348645297	2.449509830689248	0.9730769230769231	0.9256410256410257
22	0.378672454668128	2.0222069123873907	0.9807692307692307	0.941025641025641
23	0.37824785709381104	1.8804195380142452	0.9798076923076923	0.9512820512820512
24	0.3780133533477783	1.4552705068739928	0.9836538461538461	0.9487179487179487
25	0.37775041506840634	1.1494103717722821	0.9849358974358975	0.9435897435897436
26	0.3775902235949481	1.3511354821277972	0.985897435897436	0.941025641025641
27	0.37724325486591886	1.0252053485803154	0.9887820512820513	0.9435897435897436
28	0.37702045769527043	1.0686523919706519	0.9881410256410257	0.9564102564102565
29	0.37676533063252765	0.7071919001078195	0.9919871794871795	0.9564102564102565
30	0.37663672816368843	1.09982439737805	0.9897435897435898	0.9461538461538461
31	0.3762994781136513	1.138252883054297	0.9887820512820513	0.941025641025641
32	0.37608082366712164	0.7214989600779147	0.9913461538461539	0.9435897435897436
33	0.375773359747494	0.5979888442540257	0.9935897435897436	0.941025641025641
34	0.37556447301592144	0.5672312138592635	0.9951923076923077	0.9564102564102565
35	0.37557316488689846	0.6570058715118723	0.9926282051282052	0.9307692307692308
36	0.3755705485472808	0.7944907291272028	0.9910256410256411	0.9487179487179487
37	0.3754349005849738	0.5358845491362593	0.9948717948717949	0.9512820512820512
38	0.37543547459137744	0.4550484688691225	0.9958333333333333	0.9538461538461539
39	0.3754482090473175	0.3569325929402483	0.9961538461538462	0.9461538461538461
40	0.3753424272304628	0.5832113325869075	0.9939102564102564	0.9512820512820512
41	0.3751137143089658	0.3581965808401464	0.9955128205128205	0.9615384615384616
42	0.37492095592410063	0.28923171571258705	0.9967948717948718	0.9512820512820512
43	0.37488544529134576	0.29318992019279344	0.9967948717948718	0.9538461538461539
44	0.37490690549214684	0.26421142796221386	0.9971153846153846	0.9512820512820512
45	0.3748959251072096	0.34368870164073495	0.9955128205128205	0.9487179487179487
46	0.3748559038689796	0.31234585381270685	0.996474358974359	0.9512820512820512
47	0.37487178047498065	0.3541382984045153	0.9961538461538462	0.9564102564102565
48	0.3747616008836396	0.2397501097367815	0.9977564102564103	0.9538461538461539
49	0.37469918727874757	0.22595418651385724	0.9971153846153846	0.9538461538461539
50	0.37459933524038275	0.25310530718989144	0.9967948717948718	0.9538461538461539
51	0.37458003484285796	0.24820724140293776	0.9967948717948718	0.9512820512820512
52	0.37457423390082595	0.2512593155463074	0.996474358974359	0.9512820512820512
53	0.3745256265004476	0.22693353200882446	0.9971153846153846	0.9538461538461539
54	0.3744733160192316	0.22667366805005573	0.9971153846153846	0.9512820512820512
55	0.3743430290903364	0.28613238803956514	0.9961538461538462	0.9512820512820512
56	0.3742490191208689	0.2446292533981881	0.996474358974359	0.9538461538461539
57	0.37415908122884817	0.23453480275811114	0.9967948717948718	0.9564102564102565
58	0.3741658582525738	0.21506854491109356	0.9974358974358974	0.9538461538461539
59	0.37418534358342487	0.20952516631312354	0.9977564102564103	0.9538461538461539
60	0.3742536052328641	0.21377308493872393	0.9974358974358974	0.9538461538461539
61	0.37426442484701833	0.20625685651905268	0.9971153846153846	0.9538461538461539
-1	-1	-1	-1	-1
0	0.4559328556060791	98.3158239442475	0.2762820512820513	0.4897435897435897
1	0.4127614498138428	51.572456106847646	0.5208333333333334	0.48205128205128206
2	0.39995694160461426	34.84285056834318	0.6602564102564102	0.6974358974358974
3	0.39128679037094116	25.489414633536825	0.7439102564102564	0.6974358974358974
4	0.38704214096069334	19.07390587183894	0.8086538461538462	0.7717948717948718
5	0.3844236135482788	17.186929099413813	0.823076923076923	0.7666666666666667
6	0.3822509901864188	16.815904816802668	0.8275641025641025	0.7974358974358975
7	0.3811916708946228	14.34874927024452	0.8541666666666666	0.8128205128205128
8	0.380348629421658	11.931785522675028	0.8839743589743589	0.8256410256410256
9	0.3796884298324585	10.335404695296774	0.903525641025641	0.8435897435897436
10	0.37882308526472613	9.32641311810941	0.8987179487179487	0.8538461538461538
11	0.3781949083010356	10.608997253739105	0.8884615384615384	0.8307692307692308
12	0.3774481186499962	9.198947994076477	0.9067307692307692	0.8692307692307693
13	0.3770322459084647	6.0974873432091306	0.9391025641025641	0.8743589743589744
14	0.3764217694600423	6.367481513595094	0.933974358974359	0.8897435897435897
15	0.37604257464408875	3.7911555073699175	0.9580128205128206	0.8948717948717949
16	0.37583404428818645	3.401163773649201	0.9634615384615385	0.882051282051282
17	0.3752989371617635	3.3197901672398555	0.9628205128205128	0.8974358974358975
18	0.37506335660030965	2.6631568941686834	0.9717948717948718	0.9205128205128205
19	0.3747814536094666	4.001114896745706	0.9608974358974359	0.9025641025641026
20	0.37429688090369817	3.407242296833773	0.9618589743589744	0.9051282051282051
21	0.37389225309545343	2.4129390250511316	0.9733974358974359	0.9102564102564102
22	0.37356295792952826	2.0873717332296833	0.9791666666666666	0.9384615384615385
23	0.37347275018692017	1.8204068204159944	0.9826923076923076	0.9307692307692308
24	0.3734980773925781	1.4955687984748154	0.985897435897436	0.9230769230769231
25	0.37339534209324765	2.762479018248922	0.9689102564102564	0.9358974358974359
26	0.3734409809112549	1.327557428900333	0.9849358974358975	0.941025641025641
27	0.3735068014689854	0.9537271051239983	0.9891025641025641	0.9487179487179487
28	0.37341916972193223	0.8745739457710665	0.989423076923077	0.9384615384615385
29	0.3732546091079712	0.6386457506581494	0.9926282051282052	0.9538461538461539
30	0.37316604583494123	0.6457023137006719	0.9916666666666667	0.9461538461538461
31	0.3731562867760658	1.0728559497534773	0.9871794871794872	0.9358974358974359
32	0.37304832718589087	0.6961488786286542	0.9910256410256411	0.9384615384615385
33	0.37299837084377513	1.0264895603058346	0.9923076923076923	0.9282051282051282
34	0.3729823521205357	0.9244762960517284	0.9919871794871795	0.9307692307692308
35	0.37299372752507526	0.6150016928001364	0.9942307692307693	0.9384615384615385
36	0.37293120977040883	0.3643248981252142	0.9967948717948718	0.9435897435897436
37	0.37284600734710693	0.208842131782	0.9983974358974359	0.9487179487179487
38	0.3730142238812569	0.28450909775755445	0.9967948717948718	0.9461538461538461
39	0.3728764235973358	0.16853175171431478	0.9980769230769231	0.9461538461538461
40	0.372930439507089	0.19021542878181208	0.9977564102564103	0.9435897435897436
41	0.37302731899988084	0.17071911680977792	0.9977564102564103	0.9487179487179487
42	0.37308006508405817	0.22050740522773798	0.9977564102564103	0.9384615384615385
43	0.3731001886454495	0.1758130224571891	0.9980769230769231	0.941025641025641
44	0.37311506271362305	0.16361659202774884	0.9983974358974359	0.9487179487179487
45	0.3732173546500828	0.15526759689133282	0.9983974358974359	0.9435897435897436
46	0.37322967610460644	0.13831016755696565	0.9987179487179487	0.9435897435897436
47	0.3732453187306722	0.13645113751245305	0.9987179487179487	0.941025641025641
48	0.3733395702984868	0.12748463976503427	0.9987179487179487	0.9435897435897436
49	0.37344988346099856	0.1281235456830918	0.9987179487179487	0.9461538461538461
-1	-1	-1	-1	-1
0	0.5093181133270264	101.77716951954122	0.2455128205128205	0.5282051282051282
1	0.44277143478393555	49.67064300848513	0.5458333333333333	0.6282051282051282
2	0.4194447199503581	32.09832358846859	0.6884615384615385	0.7410256410256411
3	0.4096056818962097	24.18157162958262	0.7538461538461538	0.7153846153846154
4	0.40330047607421876	20.238778868500066	0.7980769230769231	0.7666666666666667
5	0.39834876855214435	15.450995665423724	0.8384615384615385	0.8256410256410256
6	0.39520539556230816	14.600271767499496	0.8493589743589743	0.8153846153846154
7	0.39240506291389465	13.04074615118455	0.864423076923077	0.8
8	0.3901438183254666	11.84798258056446	0.8830128205128205	0.8615384615384616
9	0.3890516757965088	8.882202335158173	0.908974358974359	0.8538461538461538
10	0.3884061033075506	8.83733068193708	0.9067307692307692	0.9051282051282051
11	0.3876762588818868	7.209250000666599	0.923397435897436	0.8666666666666667
12	0.38697015322171724	8.720116050875916	0.9189102564102564	0.8974358974358975
13	0.38605787072862896	6.718878697679967	0.9301282051282052	0.8769230769230769
14	0.38559160232543943	6.44318739887403	0.9362179487179487	0.8769230769230769
15	0.3849862068891525	4.954484422368054	0.9474358974358974	0.9025641025641026
16	0.38436415616203756	3.974643770985457	0.9576923076923077	0.9333333333333333
17	0.3838174078199599	3.597742239431459	0.9596153846153846	0.941025641025641
18	0.38301155441685725	2.7200815814490222	0.9705128205128205	0.9282051282051282
19	0.3826789855957031	2.298174909506069	0.9759615384615384	0.9128205128205128
20	0.38231344450087773	1.8717614828171778	0.9807692307692307	0.941025641025641
21	0.3817671970887618	1.7805322768660832	0.9826923076923076	0.941025641025641
22	0.38135145021521527	1.5526802194475824	0.9817307692307692	0.9333333333333333
23	0.3810044328371684	1.7256646975969934	0.9839743589743589	0.9282051282051282
24	0.3805486583709717	1.263087663533432	0.9852564102564103	0.9487179487179487
25	0.3803765590374286	1.3649946210658823	0.9862179487179488	0.9435897435897436
26	0.3800841525748924	2.271650308058882	0.9807692307692307	0.9333333333333333
27	0.37990713119506836	1.199131425938151	0.9900641025641026	0.9512820512820512
28	0.379595920957368	0.7781869862513731	0.9916666666666667	0.9512820512820512
29	0.3793925444285075	0.8994584167043546	0.9897435897435898	0.941025641025641
30	0.37937367346978956	1.113726289106571	0.9907051282051282	0.9487179487179487
31	0.37934861332178116	0.7150599677685876	0.9919871794871795	0.9512820512820512
32	0.3791857054739287	0.7817450239779238	0.9926282051282052	0.9487179487179487
33	0.3788689795662375	0.693433931919423	0.9926282051282052	0.9487179487179487
34	0.37861507279532297	0.6087955601064355	0.9935897435897436	0.9564102564102565
35	0.37858221266004777	0.294525217153227	0.9980769230769231	0.9564102564102565
36	0.37851227296365275	0.2091622570596697	0.9983974358974359	0.9564102564102565
37	0.37841295568566574	0.20535280889052213	0.9977564102564103	0.9512820512820512
38	0.378242877813486	0.34818649708785765	0.9961538461538462	0.9512820512820512
39	0.378041410446167	0.22849372094476297	0.9977564102564103	0.9512820512820512
40	0.3776853259016828	0.22787658332912988	0.9980769230769231	0.9512820512820512
41	0.3774074032193139	0.33890830285607226	0.9967948717948718	0.9487179487179487
42	0.37720721821452297	0.26381792588045405	0.996474358974359	0.958974358974359
43	0.37693175402554596	0.19300695045551816	0.9987179487179487	0.9538461538461539
44	0.3767345852322049	0.17337644207064118	0.9983974358974359	0.9564102564102565
45	0.3765924028728319	0.16373090605992155	0.9987179487179487	0.9538461538461539
46	0.37640234764586106	0.15722031145330165	0.9987179487179487	0.9512820512820512
47	0.3761872698863347	0.16125041258100264	0.9987179487179487	0.9564102564102565
48	0.376029515752987	0.15571242751677197	0.9987179487179487	0.9564102564102565
49	0.37581140995025636	0.16126746721568694	0.9983974358974359	0.9538461538461539
50	0.3755790626301485	0.15411074470882472	0.9987179487179487	0.9538461538461539
51	0.3754196854738089	0.14771890112874364	0.9987179487179487	0.9538461538461539
52	0.3753660130050947	0.1491790009194472	0.9987179487179487	0.9538461538461539
53	0.37519024036548754	0.14506413577343052	0.9987179487179487	0.9538461538461539
54	0.37510182640769263	0.14607000560952618	0.9987179487179487	0.9538461538461539
55	0.3750021627971104	0.14477174870488835	0.9987179487179487	0.9512820512820512
56	0.3748937029587595	0.14312928161902794	0.9987179487179487	0.9538461538461539
57	0.37474817243115655	0.14663697999812753	0.9987179487179487	0.9538461538461539
58	0.374673180660959	0.14144934768128037	0.9987179487179487	0.9512820512820512
59	0.3745494206746419	0.14248260296515544	0.9987179487179487	0.9512820512820512
60	0.3744699212371326	0.1421198909836453	0.9987179487179487	0.9512820512820512
61	0.3743934669802266	0.14063413835779381	0.9987179487179487	0.9512820512820512
62	0.3743809556204175	0.13729824185788764	0.9987179487179487	0.9512820512820512
-1	-1	-1	-1	-1
0	0.44666481018066406	100.75535058002083	0.24166666666666667	0.517948717948718
1	0.4006582498550415	52.282331169868	0.5237179487179487	0.5974358974358974
2	0.4080061117808024	32.30673453759174	0.6942307692307692	0.6923076923076923
3	0.3980265259742737	22.692872665366348	0.7823717948717949	0.8
4	0.39225449562072756	21.184919162672394	0.7987179487179488	0.782051282051282
5	0.3875250021616618	16.424664069195185	0.8387820512820513	0.7871794871794872
6	0.384589638028826	16.28131275760884	0.8394230769230769	0.8
7	0.3821483850479126	14.115592338600937	0.8586538461538461	0.8564102564102564
8	0.38057494163513184	12.028223664176707	0.8772435897435897	0.8871794871794871
9	0.3792757749557495	10.000125965293574	0.9022435897435898	0.9102564102564102
10	0.37808856097134674	10.737413867395752	0.892948717948718	0.9051282051282051
11	0.37767207622528076	8.714514394195712	0.9096153846153846	0.8769230769230769
12	0.3775477409362793	6.734435721319549	0.9330128205128205	0.882051282051282
13	0.3774334362574986	5.430057693500908	0.9448717948717948	0.9333333333333333
14	0.37769641876220705	4.203232516135488	0.9544871794871795	0.9487179487179487
15	0.37733978033065796	3.5347173868925594	0.9625	0.9128205128205128
16	0.37734188753015857	3.6711746030011954	0.9621794871794872	0.9282051282051282
17	0.37767717573377824	3.4015810027414437	0.9647435897435898	0.941025641025641
18	0.3778557400954397	3.881834436892247	0.967948717948718	0.9230769230769231
19	0.37807086706161497	5.384535997041634	0.9493589743589743	0.9282051282051282
20	0.37796090898059664	3.020583651009567	0.9685897435897436	0.9153846153846154
21	0.37805923548611725	2.4757057245136522	0.9733974358974359	0.9461538461538461
22	0.3780098272406537	1.5859642783750076	0.9830128205128205	0.9487179487179487
23	0.3778989215691884	1.641387362432267	0.9826923076923076	0.9153846153846154
24	0.37792071342468264	1.6389085791282811	0.9836538461538461	0.958974358974359
25	0.37797319889068604	1.6811427637858658	0.9804487179487179	0.9487179487179487
26	0.3779506595046432	0.8831712081268126	0.9900641025641026	0.9538461538461539
27	0.3781059810093471	1.3091818825389279	0.9868589743589744	0.9564102564102565
28	0.37825223495220317	1.5012889738308683	0.9868589743589744	0.958974358974359
29	0.3783756653467814	0.8955814743994222	0.9903846153846154	0.9615384615384616
30	0.3783473660868983	0.5103006603443349	0.9939102564102564	0.9717948717948718
31	0.3781098872423172	0.5961400527193458	0.9919871794871795	0.9692307692307692
32	0.3780266516136401	0.48185642205691914	0.9948717948717949	0.9641025641025641
33	0.3781103246352252	0.6668555326652903	0.9935897435897436	0.9564102564102565
34	0.37807980946132114	0.8130730632775729	0.992948717948718	0.9692307692307692
35	0.3781444893942939	0.35197864704152415	0.9951923076923077	0.9692307692307692
36	0.3781623195957493	0.4323814917962799	0.9955128205128205	0.9666666666666667
37	0.3781763126975612	0.2519030712963063	0.9971153846153846	0.9666666666666667
38	0.37806046314728564	0.17471532828865896	0.9983974358974359	0.9666666666666667
39	0.3779737055301666	0.16550818217350455	0.9980769230769231	0.9666666666666667
40	0.3779383403498952	0.16501285706656244	0.9974358974358974	0.9641025641025641
41	0.3779518206914266	0.15991887361778193	0.9980769230769231	0.9641025641025641
42	0.37795765455379043	0.18421999063807282	0.9971153846153846	0.9641025641025641
43	0.377984957261519	0.14965547315110525	0.9983974358974359	0.9615384615384616
44	0.3780217965443929	0.12822106718455445	0.9987179487179487	0.9641025641025641
45	0.3780097857765529	0.12612754031415904	0.9983974358974359	0.9641025641025641
46	0.37799829625068826	0.11894022464169823	0.9983974358974359	0.9641025641025641
47	0.37802177170912427	0.11583058634344952	0.9987179487179487	0.9641025641025641
48	0.37798605159837373	0.11716908064687342	0.9987179487179487	0.9641025641025641
49	0.3780316257476807	0.1365662085996259	0.9980769230769231	0.9641025641025641
50	0.37807386061724496	0.11170845272225015	0.9987179487179487	0.9641025641025641
-1	-1	-1	-1	-1
0	0.4575777053833008	95.06666779031559	0.296474358974359	0.541025641025641
1	0.4165365695953369	53.34172433736373	0.517948717948718	0.6256410256410256
2	0.40245834986368817	32.20281070592452	0.6907051282051282	0.7051282051282052
3	0.39513659477233887	22.156524852830536	0.7830128205128205	0.7897435897435897
4	0.3917722702026367	17.642683554668817	0.823076923076923	0.8025641025641026
5	0.3887821435928345	17.752620176393158	0.8198717948717948	0.8512820512820513
6	0.3872932365962437	16.000961459412867	0.8403846153846154	0.8589743589743589
7	0.3851216435432434	12.339589258845972	0.8756410256410256	0.8794871794871795
8	0.3838970396253798	11.45510210552994	0.8823717948717948	0.8794871794871795
9	0.3831235408782959	11.342679521258997	0.8875	0.8666666666666667
10	0.38233089447021484	10.294878251698552	0.8961538461538462	0.8769230769230769
11	0.3810172478357951	9.425969616490967	0.9092948717948718	0.9025641025641026
12	0.3801612854003906	6.609668656879542	0.9362179487179487	0.9153846153846154
13	0.379810060773577	6.414638219971438	0.9355769230769231	0.8846153846153846
14	0.37906119028727214	6.165014515725934	0.9407051282051282	0.9
15	0.3786042779684067	5.248306238453607	0.9461538461538461	0.8948717948717949
16	0.37833143683040843	3.8247905961256854	0.9596153846153846	0.9282051282051282
17	0.3780700100792779	3.009041884419869	0.967948717948718	0.9256410256410257
18	0.37803220748901367	3.1431269644550524	0.9669871794871795	0.9256410256410257
19	0.3777901291847229	2.249743874697965	0.9753205128205128	0.9512820512820512
20	0.37742114067077637	2.3121741016262343	0.9740384615384615	0.941025641025641
21	0.37716334516351874	1.8981587403472893	0.978525641025641	0.9282051282051282
22	0.3769092559814453	1.81012098840913	0.982051282051282	0.9538461538461539
23	0.37677539388338727	2.683841728215695	0.9743589743589743	0.9205128205128205
24	0.3765935611724853	2.1369427481134022	0.9769230769230769	0.9538461538461539
25	0.37636884359213024	1.120283532193957	0.985897435897436	0.9487179487179487
26	0.3763261547795049	1.2049224006097612	0.9868589743589744	0.9512820512820512
27	0.3761940172740391	1.1992473611513115	0.9871794871794872	0.941025641025641
28	0.37609552514964134	0.8577495836771607	0.9913461538461539	0.9461538461538461
29	0.3761693239212036	1.3464659090220397	0.9868589743589744	0.9564102564102565
30	0.3762393228469356	1.107766566313423	0.9884615384615385	0.9512820512820512
31	0.37615136057138443	1.2341770453768193	0.9907051282051282	0.958974358974359
32	0.37618431178006256	0.8983108167493792	0.9916666666666667	0.9564102564102565
33	0.37608147368711586	0.5160285132979898	0.9951923076923077	0.9615384615384616
34	0.3760604994637626	0.8268740864717686	0.9907051282051282	0.9615384615384616
35	0.376089698738522	0.5482534433273143	0.9935897435897436	0.9641025641025641
36	0.37600751180906555	0.33054913871812314	0.9980769230769231	0.9615384615384616
37	0.3759068627106516	0.29391054778148384	0.996474358974359	0.958974358974359
38	0.37560434219164723	0.31085464757527415	0.9967948717948718	0.958974358974359
39	0.3754746913909912	0.3374055193627861	0.9958333333333333	0.9615384615384616
40	0.37536676337079306	0.2818585690110922	0.996474358974359	0.9615384615384616
41	0.37525650433131624	0.9342227960920094	0.9932692307692308	0.958974358974359
42	0.37524926939675973	0.7948520067171669	0.9910256410256411	0.9666666666666667
43	0.37507405606183136	0.523982694316703	0.9951923076923077	0.9641025641025641
44	0.3750024371676975	0.2918065420776007	0.9971153846153846	0.9615384615384616
45	0.3748655371043993	0.23322505629692722	0.9980769230769231	0.9615384615384616
46	0.37474765676133176	0.225337151582923	0.9977564102564103	0.9641025641025641
47	0.37462809681892395	0.20297019688082307	0.9980769230769231	0.9641025641025641
48	0.3744673826256577	0.24121286437834247	0.9971153846153846	0.9641025641025641
49	0.3743650770187378	0.2185200902328447	0.9980769230769231	0.9641025641025641
50	0.3742591025782566	0.18289448957467375	0.9983974358974359	0.9641025641025641
51	0.3741539487471947	0.19365825370394824	0.9980769230769231	0.9641025641025641
52	0.37406974018744704	0.18997214897327858	0.9977564102564103	0.9641025641025641
53	0.3739390461533158	0.18661612242059925	0.9983974358974359	0.9641025641025641
54	0.373878492008556	0.19202184009124296	0.9974358974358974	0.9641025641025641
55	0.37379583716392517	0.16861137602950757	0.9983974358974359	0.9666666666666667
56	0.3737533259810063	0.16384431036463606	0.9983974358974359	0.9666666666666667
57	0.3736270830549043	0.1566702144542544	0.9983974358974359	0.9666666666666667
58	0.373523655584303	0.1538592909440625	0.9983974358974359	0.9641025641025641
59	0.3734423081080119	0.15046561012879503	0.9980769230769231	0.9666666666666667
60	0.3733856599839007	0.14788842097988325	0.9987179487179487	0.9666666666666667
61	0.37337401989967595	0.138259670984539	0.9987179487179487	0.9666666666666667
62	0.3733628212459504	0.14233999535010336	0.9987179487179487	0.9666666666666667
-1	-1	-1	-1	-1
0	0.5148687362670898	92.44442207959233	0.31346153846153846	0.5333333333333333
1	0.4417842626571655	46.91390693430998	0.5647435897435897	0.6076923076923076
2	0.4162379900614421	30.93697076914262	0.6987179487179487	0.7
3	0.40284115076065063	21.807587827954972	0.7782051282051282	0.7538461538461538
4	0.39550933837890623	20.419596367952774	0.7948717948717948	0.8179487179487179
5	0.3920528491338094	15.250351356000316	0.8426282051282051	0.8153846153846154
6	0.38974012647356304	16.75880576396475	0.8298076923076924	0.823076923076923
7	0.38759276270866394	13.05601532970156	0.8746794871794872	0.8487179487179487
8	0.38562001122368705	14.289814683855797	0.853525641025641	0.8538461538461538
9	0.383756160736084	10.823018312454224	0.8900641025641025	0.8769230769230769
10	0.38283274390480737	10.170497449076905	0.8945512820512821	0.8897435897435897
11	0.38265494505564374	8.339417485862363	0.9189102564102564	0.8769230769230769
12	0.382357303912823	7.18173560500145	0.9291666666666667	0.9051282051282051
13	0.38201303141457693	5.357721400200104	0.9419871794871795	0.9076923076923077
14	0.38129463195800783	7.1581398592311505	0.9285256410256411	0.8897435897435897
15	0.3808015137910843	5.199329595328594	0.9394230769230769	0.9256410256410257
16	0.38054784606484804	3.7711155375047607	0.9570512820512821	0.9230769230769231
17	0.3800013330247667	3.321367293216136	0.9608974358974359	0.9102564102564102
18	0.37979434665880707	3.21108670167777	0.967948717948718	0.9256410256410257
19	0.3793290138244629	2.5910104362066	0.9711538461538461	0.9384615384615385
20	0.3790912287575858	2.2950083271277193	0.9746794871794872	0.9230769230769231
21	0.3788619908419522	2.905613461243255	0.9717948717948718	0.9358974358974359
22	0.37870818635691766	1.828011801932007	0.9823717948717948	0.9461538461538461
23	0.3787202636400859	1.786061609895634	0.982051282051282	0.9333333333333333
24	0.3784520149230957	2.4665088577728187	0.9753205128205128	0.9538461538461539
25	0.3783317987735455	1.5084577506023211	0.9836538461538461	0.9461538461538461
26	0.37798530967147265	1.8775852563581905	0.9807692307692307	0.9564102564102565
27	0.37762899909700665	1.3132628702121425	0.9865384615384616	0.9641025641025641
28	0.37765149412484006	1.045539430392507	0.9887820512820513	0.9615384615384616
29	0.37766281763712567	0.9643342487742098	0.9887820512820513	0.9435897435897436
30	0.37764440044280023	0.9547082346529053	0.9891025641025641	0.9564102564102565
31	0.3776649385690689	0.7508722062588536	0.9923076923076923	0.9512820512820512
32	0.3775524226101962	0.8749105475488955	0.9916666666666667	0.9435897435897436
33	0.3775469976312974	0.6770785167974857	0.992948717948718	0.9487179487179487
34	0.3772358553750174	0.5709375704725378	0.9935897435897436	0.958974358974359
35	0.37718013922373456	0.4687732314187273	0.9955128205128205	0.9512820512820512
36	0.37714653401761444	0.43785570000716467	0.9951923076923077	0.958974358974359
37	0.3770320352755095	0.6232708946229149	0.9945512820512821	0.9615384615384616
38	0.3769359894287892	0.6070270756317768	0.992948717948718	0.9538461538461539
39	0.37691745162010193	1.1848486347019445	0.989423076923077	0.958974358974359
40	0.37674703830625955	0.6682381471172059	0.9932692307692308	0.9564102564102565
41	0.3767171473730178	0.46957784304122097	0.9951923076923077	0.9666666666666667
42	0.37664534879285233	0.3091877646018437	0.9974358974358974	0.9615384615384616
43	0.3766467842188748	0.2935658581995902	0.9974358974358974	0.9641025641025641
44	0.37667284541659884	0.31240194794135073	0.9967948717948718	0.9564102564102565
45	0.3765716967375382	0.3157089481499089	0.996474358974359	0.9641025641025641
46	0.37656556799056684	0.3490592541870404	0.9971153846153846	0.9615384615384616
47	0.37656823297341663	0.27589566118049147	0.9974358974358974	0.9615384615384616
48	0.3765648481797199	0.25191851301333745	0.9977564102564103	0.9641025641025641
49	0.37651580810546875	0.29125377205951847	0.996474358974359	0.9615384615384616
50	0.37656287585987763	0.2838333825940416	0.9967948717948718	0.9641025641025641
51	0.3765452274909386	0.2843543228258828	0.9967948717948718	0.9615384615384616
52	0.37644855931120097	0.2542885701960233	0.9977564102564103	0.9641025641025641
53	0.37633103794521755	0.26037799687750224	0.9974358974358974	0.9615384615384616
54	0.37624373435974123	0.25115600917120084	0.9974358974358974	0.9615384615384616
55	0.37624190534864155	0.2664373320149025	0.9971153846153846	0.9641025641025641
56	0.376148964229383	0.24699900731183316	0.9977564102564103	0.9615384615384616
57	0.37601715120775947	0.23670280149502904	0.9977564102564103	0.9641025641025641
58	0.3760117150969424	0.2527930076885241	0.9971153846153846	0.9641025641025641
59	0.3759709040323893	0.26117695680295583	0.9974358974358974	0.9641025641025641
60	0.37590959423878156	0.26580389701753493	0.9967948717948718	0.9641025641025641
61	0.37575062628715267	0.23976883010507255	0.9974358974358974	0.9615384615384616
-1	-1	-1	-1	-1
0	0.45687174797058105	94.75837629668567	0.3006410256410256	0.5435897435897435
1	0.4148448705673218	52.77802126748221	0.5195512820512821	0.5820512820512821
2	0.40150658289591473	32.289847072289916	0.6875	0.735897435897436
3	0.39545679092407227	25.632303198989558	0.7413461538461539	0.7846153846153846
4	0.39209976196289065	18.596503311274002	0.8080128205128205	0.8076923076923077
5	0.38935383160909015	16.088896739239594	0.8391025641025641	0.8435897435897436
6	0.3879024641854422	15.139162535570106	0.8435897435897436	0.8461538461538461
7	0.3864245116710663	11.628822166092542	0.8769230769230769	0.8769230769230769
8	0.38526399930318195	12.886993179515917	0.8634615384615385	0.8487179487179487
9	0.38378148078918456	12.967890440201273	0.8673076923076923	0.8384615384615385
10	0.38256649537519977	9.751991729347074	0.8951923076923077	0.7974358974358975
11	0.3819141387939453	9.601151882385722	0.9048076923076923	0.8871794871794871
12	0.3810860193692721	7.385488386665072	0.9185897435897435	0.8923076923076924
13	0.38062478814806255	7.380134414045179	0.9259615384615385	0.8923076923076924
14	0.3797845045725505	6.273935055854369	0.9310897435897436	0.9102564102564102
15	0.37907038629055023	5.253646360976355	0.9419871794871795	0.8974358974358975
16	0.3786929775686825	4.140221525667881	0.955448717948718	0.9205128205128205
17	0.37853582700093585	4.398233945880618	0.9541666666666667	0.9282051282051282
18	0.3782418778068141	3.459045535827778	0.9615384615384616	0.9358974358974359
19	0.37798110246658323	2.1549453257526063	0.9756410256410256	0.9538461538461539
20	0.37790390423366	3.55711154244384	0.9637820512820513	0.9076923076923077
21	0.3779089775952426	4.225720216120992	0.9605769230769231	0.9435897435897436
22	0.37779597614122473	3.4434985412208707	0.9625	0.9333333333333333
23	0.3779305120309194	1.9945973931450625	0.9810897435897435	0.9358974358974359
24	0.37796241760253907	2.020389359254314	0.9791666666666666	0.9538461538461539
25	0.3777441061460055	1.213767263814997	0.9868589743589744	0.9461538461538461
26	0.37761475421764235	1.2418252311798992	0.9839743589743589	0.9307692307692308
27	0.3773510456085205	1.4519581105773889	0.9836538461538461	0.9512820512820512
28	0.377064088295246	1.121869566798096	0.9868589743589744	0.9435897435897436
29	0.3769391616185506	1.3664291872481378	0.9900641025641026	0.958974358974359
30	0.3767806637671686	0.6951420488547563	0.9935897435897436	0.958974358974359
31	0.3764299377799034	0.5577533074953992	0.9935897435897436	0.9615384615384616
32	0.3762038259795218	0.8121823781714609	0.9907051282051282	0.9435897435897436
33	0.3760363775141099	0.6681868541339526	0.992948717948718	0.9538461538461539
34	0.37581776210239953	0.7680371039991305	0.9932692307692308	0.9512820512820512
35	0.37580085462994045	0.4749288203418065	0.9939102564102564	0.941025641025641
36	0.3757053774756354	0.4571742503375186	0.9951923076923077	0.958974358974359
37	0.3756796309822484	0.5726386562015918	0.9923076923076923	0.9487179487179487
38	0.3754858542711307	0.6793179485322646	0.9923076923076923	0.9512820512820512
39	0.37552720308303833	1.7385030443214677	0.9849358974358975	0.9512820512820512
40	0.37550335977135635	0.8969619520345931	0.9919871794871795	0.9512820512820512
41	0.37550952321007136	0.554720966536219	0.9951923076923077	0.9538461538461539
42	0.3756183801695358	0.33870002916629177	0.9955128205128205	0.9564102564102565
43	0.37562558867714624	0.2772897800920075	0.9974358974358974	0.9538461538461539
44	0.3755822234683567	0.2690193735090398	0.9971153846153846	0.9538461538461539
45	0.37569427490234375	0.2875790573387497	0.9971153846153846	0.9538461538461539
46	0.3757252794630984	0.4209361525438964	0.9955128205128205	0.9538461538461539
47	0.37580057978630066	0.2629407847660109	0.9974358974358974	0.9564102564102565
48	0.37580216174222986	0.2529190943765867	0.9971153846153846	0.9564102564102565
49	0.37580533981323244	0.24424493394816432	0.9977564102564103	0.9564102564102565
50	0.3758203609316957	0.2431157738895735	0.9971153846153846	0.9538461538461539
51	0.37574184857881987	0.24981559903927536	0.9974358974358974	0.9512820512820512
-1	-1	-1	-1	-1
0	0.5108335018157959	94.54520704308335	0.2923076923076923	0.6102564102564103
1	0.4429863691329956	51.23411044295953	0.5307692307692308	0.6846153846153846
2	0.42159120241800946	32.7146107226002	0.6762820512820513	0.6923076923076923
3	0.41019272804260254	23.027623011141408	0.7701923076923077	0.7384615384615385
4	0.4030023097991943	19.95108726559853	0.7987179487179488	0.7923076923076923
5	0.3977605104446411	16.095724682418666	0.8378205128205128	0.8589743589743589
6	0.39433700697762625	13.406860855160927	0.8605769230769231	0.8564102564102564
7	0.39269107580184937	11.691302140148318	0.8775641025641026	0.8512820512820513
8	0.3908269935184055	11.136102789518784	0.8910256410256411	0.8717948717948718
9	0.3896859407424927	11.897640195428108	0.8839743589743589	0.9
10	0.38820049979469995	9.416745263703016	0.9016025641025641	0.8692307692307693
11	0.3872069517771403	9.080106971215228	0.9086538461538461	0.882051282051282
12	0.38668056634756237	7.250419426937492	0.9262820512820513	0.8923076923076924
13	0.38613929067339214	6.121550306373713	0.9375	0.9102564102564102
14	0.38540960947672526	6.150367559827104	0.9358974358974359	0.9282051282051282
15	0.38476093113422394	4.632670761371146	0.951602564102564	0.9076923076923077
16	0.38408711377312155	3.838121989399803	0.9608974358974359	0.9102564102564102
17	0.38344738218519425	3.3568101011368694	0.9621794871794872	0.9282051282051282
18	0.3827466462787829	2.9623748572657305	0.967948717948718	0.9333333333333333
19	0.38235241174697876	3.306787171153998	0.9663461538461539	0.9307692307692308
20	0.3818811916169666	2.5220113022214905	0.9743589743589743	0.941025641025641
21	0.3815600113435225	1.8087040033685613	0.9804487179487179	0.9307692307692308
22	0.38100279932436737	2.3994740140980717	0.9737179487179487	0.9333333333333333
23	0.38075536489486694	2.1085152472369373	0.9788461538461538	0.9384615384615385
24	0.38030576705932617	1.4757200663966337	0.9830128205128205	0.9307692307692308
25	0.3801238170036903	2.0221690336166294	0.978525641025641	0.9538461538461539
26	0.3798725340101454	7.040725070108869	0.9708333333333333	0.8692307692307693
27	0.3796468462262835	6.198227499212537	0.9493589743589743	0.9307692307692308
28	0.37950958876774227	2.020235446414777	0.9778846153846154	0.9461538461538461
29	0.379332160949707	1.48681547011876	0.985897435897436	0.9435897435897436
30	0.3792784906202747	1.2530524722224443	0.9891025641025641	0.9461538461538461
31	0.37921734154224396	0.60858518369876	0.9942307692307693	0.9538461538461539
32	0.37907601847793115	0.624356535364332	0.992948717948718	0.9564102564102565
33	0.3790174722671509	0.7092697010042944	0.9926282051282052	0.9538461538461539
34	0.37891313689095635	0.8369079508512205	0.9910256410256411	0.958974358974359
35	0.3788079553180271	0.43825061990385306	0.9958333333333333	0.958974358974359
36	0.37868082201158676	0.32448993527986186	0.9971153846153846	0.9666666666666667
37	0.3785547519984998	0.31613362733659583	0.996474358974359	0.9666666666666667
38	0.37847847816271657	0.29801720137714127	0.9974358974358974	0.9666666666666667
39	0.37846675515174866	0.2695085423700369	0.9977564102564103	0.9641025641025641
40	0.37828259351776866	0.2591260990946986	0.9977564102564103	0.9666666666666667
41	0.3781536817550659	0.2534338298581282	0.9974358974358974	0.9641025641025641
42	0.37797177669613863	0.2517779906478126	0.9977564102564103	0.9666666666666667
43	0.37783678011460736	0.2964265001694225	0.996474358974359	0.9641025641025641
44	0.3777097384134928	0.2603933673952789	0.996474358974359	0.9641025641025641
45	0.37765649608943774	0.2629918238069097	0.9971153846153846	0.9666666666666667
46	0.37756924426301997	0.24725414786237762	0.9974358974358974	0.9641025641025641
47	0.3774230629205704	0.23857834343831127	0.9977564102564103	0.9641025641025641
48	0.37732879969538474	0.24694686482058498	0.9974358974358974	0.9641025641025641
49	0.37728644847869874	0.2602037537426626	0.9967948717948718	0.9666666666666667
50	0.37729358673095703	0.24009056184253755	0.9977564102564103	0.9666666666666667
51	0.377269813647637	0.23616518159186092	0.9974358974358974	0.9641025641025641
52	0.3771971846526524	0.2320434667328337	0.9977564102564103	0.9666666666666667
53	0.3772025638156467	0.22117623807645606	0.9977564102564103	0.9641025641025641
54	0.3771794319152832	0.23522710573999983	0.9977564102564103	0.9666666666666667
55	0.377156172479902	0.22248525048580262	0.9977564102564103	0.9666666666666667
56	0.3770898559637237	0.2257400617791249	0.9977564102564103	0.9641025641025641
-1	-1	-1	-1	-1
0	0.45616984367370605	92.94749594707878	0.308974358974359	0.47435897435897434
1	0.41508638858795166	49.45361424465569	0.5487179487179488	0.5871794871794872
2	0.4016689459482829	32.083731583186555	0.6916666666666667	0.717948717948718
3	0.395061194896698	22.40442066776509	0.7807692307692308	0.7230769230769231
4	0.39066300392150877	19.512233729265173	0.8009615384615385	0.7025641025641025
5	0.38756072521209717	15.648939040242409	0.8413461538461539	0.8205128205128205
6	0.38510775566101074	13.44954001903534	0.8663461538461539	0.8307692307692308
7	0.3838389217853546	13.458001965162705	0.8685897435897436	0.8179487179487179
8	0.3828899595472548	12.36994508821137	0.8807692307692307	0.8512820512820513
9	0.38257498741149903	12.329438867617627	0.8698717948717949	0.8794871794871795
10	0.3815433112057773	11.46781503789279	0.8900641025641025	0.841025641025641
11	0.3808727264404297	8.951223733473798	0.9073717948717949	0.9076923076923077
12	0.38032053067133975	6.67563624604016	0.9278846153846154	0.9128205128205128
13	0.3799095494406564	6.607724967963842	0.9330128205128205	0.8692307692307693
14	0.37981648445129396	5.5059637150594165	0.9384615384615385	0.9051282051282051
15	0.3790729194879532	4.997919041283277	0.951602564102564	0.9102564102564102
16	0.37795451108147116	4.5729705654844945	0.9538461538461539	0.9230769230769231
17	0.37734120421939427	6.111925283256842	0.95	0.9282051282051282
18	0.37642170253552887	3.392148117325744	0.9663461538461539	0.9128205128205128
19	0.37571736574172976	2.5480943356393553	0.9705128205128205	0.8641025641025641
20	0.37523057347252253	5.31047097487109	0.9490384615384615	0.9128205128205128
21	0.37506700645793567	2.538905245917184	0.9721153846153846	0.9358974358974359
22	0.37493505685225775	2.043057719701711	0.9807692307692307	0.941025641025641
23	0.3751758138338725	2.2831212034525006	0.9772435897435897	0.9307692307692308
24	0.37517987251281737	1.6327904877918107	0.9833333333333333	0.9307692307692308
25	0.37529811492333043	1.0460571001464387	0.9916666666666667	0.9461538461538461
26	0.3754020796881782	1.091253036214989	0.9887820512820513	0.9282051282051282
27	0.3755541614123753	1.7558433067585741	0.9855769230769231	0.941025641025641
28	0.3755221613522234	2.476838314943776	0.9804487179487179	0.9282051282051282
29	0.37544679641723633	1.1137889830623657	0.989423076923077	0.9512820512820512
30	0.3754647393380442	0.920857824480199	0.9910256410256411	0.9512820512820512
31	0.3753393664956093	0.9353141005303026	0.9878205128205129	0.9461538461538461
32	0.3752738851489443	0.867495262596224	0.9919871794871795	0.9538461538461539
33	0.37529324783998375	1.462045976378936	0.9862179487179488	0.9435897435897436
34	0.3751735006059919	0.6637012892502493	0.9942307692307693	0.958974358974359
35	0.3750595516628689	0.4232973964274291	0.996474358974359	0.9538461538461539
36	0.37493509215277593	0.39344630202492914	0.9958333333333333	0.9538461538461539
37	0.374806379017077	0.6018447824183624	0.9932692307692308	0.9564102564102565
38	0.3747047583262126	0.5493231243917205	0.9945512820512821	0.9538461538461539
39	0.3747354507446289	0.3432362075453762	0.9971153846153846	0.9538461538461539
40	0.3746911374534049	0.2942587378599957	0.9974358974358974	0.9615384615384616
41	0.37457843621571857	0.2982893119838174	0.9967948717948718	0.9615384615384616
42	0.37457351351893226	0.28545907910109014	0.9974358974358974	0.9615384615384616
43	0.3745161132379012	0.28670557564550925	0.9971153846153846	0.9615384615384616
44	0.37445637914869523	0.28231404309294056	0.9967948717948718	0.958974358974359
45	0.3744229596594106	0.31085105095865273	0.996474358974359	0.9615384615384616
46	0.3744925945363146	0.28307782078775984	0.9974358974358974	0.958974358974359
47	0.37450265884399414	0.2666469601408236	0.9974358974358974	0.958974358974359
48	0.37455046420194665	0.2644688046391969	0.9971153846153846	0.958974358974359
49	0.3744603872299194	0.27087808819309506	0.9971153846153846	0.958974358974359
50	0.37441017580967323	0.26656099479129935	0.9974358974358974	0.958974358974359
51	0.3744364839333754	0.2588716268127595	0.9971153846153846	0.958974358974359
52	0.374444934557069	0.25696292934239584	0.9971153846153846	0.958974358974359
53	0.37447863154941136	0.2544818956575167	0.9971153846153846	0.958974358974359
54	0.3744845780459317	0.2587993033016481	0.9971153846153846	0.958974358974359
55	0.3744254537991115	0.24711324500243123	0.9974358974358974	0.958974358974359
56	0.37441906176115336	0.2542561031473362	0.9971153846153846	0.958974358974359
57	0.3744428404446306	0.2550609502148068	0.9967948717948718	0.9564102564102565
58	0.37442406153274793	0.24823033536278893	0.9974358974358974	0.958974358974359
59	0.3744521220525106	0.2537169585853286	0.9974358974358974	0.958974358974359
60	0.3744725712010118	0.2436622984803725	0.9974358974358974	0.9564102564102565
-1	-1	-1	-1	-1
0	0.5037264823913574	94.2319719548128	0.2900641025641026	0.49743589743589745
1	0.43901968002319336	53.19942894760443	0.5259615384615385	0.6487179487179487
2	0.41633931795756024	32.847460717571025	0.675	0.7230769230769231
3	0.40526169538497925	24.31068566380715	0.7576923076923077	0.8256410256410256
4	0.39969449043273925	19.810478740808914	0.8032051282051282	0.823076923076923
5	0.3954138358434041	17.112896364562367	0.8282051282051283	0.841025641025641
6	0.3925697122301374	16.99851158200478	0.8371794871794872	0.8153846153846154
7	0.3904406428337097	15.061232980416746	0.8503205128205128	0.8435897435897436
8	0.3887854152255588	12.08264798777444	0.8756410256410256	0.8974358974358975
9	0.3871999502182007	12.286449185439519	0.8817307692307692	0.882051282051282
10	0.38626618818803266	11.023716689372549	0.8967948717948718	0.8025641025641026
11	0.3852464556694031	9.42094304853556	0.9092948717948718	0.9051282051282051
12	0.3841892205751859	7.64522691641231	0.9208333333333333	0.8974358974358975
13	0.38337663241795134	7.044127566473825	0.9320512820512821	0.8948717948717949
14	0.38267857233683267	5.10548480904224	0.9487179487179487	0.9205128205128205
15	0.38234154880046844	4.076685902415489	0.9567307692307693	0.9487179487179487
16	0.38160305864670696	3.5560465215192156	0.9634615384615385	0.9435897435897436
17	0.38104859987894696	3.342457417094586	0.9621794871794872	0.9282051282051282
18	0.3805143707676938	3.3572918278526287	0.9653846153846154	0.9487179487179487
19	0.38021456003189086	3.0903343089419057	0.9663461538461539	0.9384615384615385
20	0.37975081943330313	2.803734408273381	0.9692307692307692	0.9256410256410257
21	0.3795205029574307	2.3408032192335444	0.9756410256410256	0.958974358974359
22	0.3791924455891485	1.776280081078971	0.9788461538461538	0.9538461538461539
23	0.37912583351135254	1.1416044212433472	0.9881410256410257	0.9538461538461539
24	0.37889636039733887	2.0626709996104924	0.975	0.9333333333333333
25	0.37871212225693923	1.8385091226890076	0.9794871794871794	0.941025641025641
26	0.3786174456278483	1.179085971169858	0.9875	0.9538461538461539
27	0.3786114283970424	1.5984869791997824	0.9852564102564103	0.9512820512820512
28	0.37858411361431255	0.8361319185576724	0.9919871794871795	0.958974358974359
29	0.37847423553466797	0.6414942039385894	0.992948717948718	0.9615384615384616
30	0.37832406259352164	0.9402557647815545	0.9916666666666667	0.941025641025641
31	0.37823329120874405	0.9076236512034428	0.989423076923077	0.9564102564102565
32	0.3781467206550367	1.0907623485189255	0.9897435897435898	0.9538461538461539
33	0.3780249357223511	1.006773604645527	0.9910256410256411	0.9615384615384616
34	0.3779824801853725	0.831239459789073	0.9919871794871795	0.9641025641025641
35	0.3778152929411994	0.37471169942683463	0.9971153846153846	0.9666666666666667
36	0.3774630765657167	0.309844360023984	0.9971153846153846	0.9692307692307692
37	0.37733960151672363	0.2615387055289941	0.9974358974358974	0.9666666666666667
38	0.3770597714644212	0.23365655714201702	0.9974358974358974	0.9641025641025641
39	0.37686834335327146	0.23605062403850974	0.9974358974358974	0.9666666666666667
40	0.37677921318426366	0.22502745571056243	0.9977564102564103	0.9666666666666667
41	0.3766359942299979	0.21924525839457767	0.9980769230769231	0.9666666666666667
42	0.3765023752700451	0.2192913643479447	0.9971153846153846	0.9666666666666667
43	0.3763834129680287	0.22442294940610366	0.9974358974358974	0.9666666666666667
44	0.37625722885131835	0.23140357007480128	0.9974358974358974	0.9641025641025641
45	0.37636709213256836	0.21924076250835076	0.9974358974358974	0.9641025641025641
46	0.3762828339921667	0.221676645254626	0.9974358974358974	0.9641025641025641
47	0.37622320652008057	0.21377195499497953	0.9974358974358974	0.9666666666666667
48	0.37618130567122476	0.2094948342223224	0.9974358974358974	0.9641025641025641
49	0.37608683586120606	0.21287178475874813	0.9974358974358974	0.9641025641025641
50	0.37598032109877644	0.20813566457515237	0.9971153846153846	0.9641025641025641
51	0.37577221485284656	0.21520011650173562	0.9974358974358974	0.9666666666666667
52	0.3757065017268343	0.21343640821760346	0.9974358974358974	0.9641025641025641
53	0.3756493815669307	0.20464995847682335	0.9974358974358974	0.9641025641025641
54	0.37593964663418855	0.20638835451000534	0.9971153846153846	0.9666666666666667
55	0.375721092735018	0.20540860414478498	0.9977564102564103	0.9641025641025641
56	0.3756633348632277	0.20656331362171879	0.9974358974358974	0.9641025641025641
-1	-1	-1	-1	-1
0	0.4485459327697754	95.41814408983502	0.275	0.4794871794871795
1	0.40776491165161133	50.66106035271469	0.5413461538461538	0.5717948717948718
2	0.3940797646840413	32.18540283125274	0.6894230769230769	0.6717948717948717
3	0.3883126974105835	23.060932062110123	0.7743589743589744	0.7102564102564103
4	0.38729043006896974	18.8700533253806	0.8064102564102564	0.782051282051282
5	0.3835078875223796	16.285916099742966	0.8333333333333334	0.8358974358974359
6	0.38124288831438335	15.665925663344714	0.8477564102564102	0.8102564102564103
7	0.38033759593963623	14.70275088475675	0.8528846153846154	0.8256410256410256
8	0.3797861470116509	10.78086348942348	0.8910256410256411	0.8512820512820513
9	0.3786871671676636	9.057452436612577	0.9076923076923077	0.8948717948717949
10	0.37831228429620917	8.182267066775536	0.9173076923076923	0.8666666666666667
11	0.3781216541926066	7.630673967149793	0.9243589743589744	0.8487179487179487
12	0.37766407086299014	7.900514125215764	0.9201923076923076	0.8769230769230769
13	0.37746133123125347	6.38825612621648	0.9358974358974359	0.8846153846153846
14	0.37716415723164876	6.053944490393814	0.9365384615384615	0.9102564102564102
15	0.377025306224823	4.636586549634836	0.9509615384615384	0.9205128205128205
16	0.3767997517305262	4.151779746826814	0.9592948717948718	0.9051282051282051
17	0.37644169065687394	3.3860967368913855	0.9673076923076923	0.9179487179487179
18	0.37634238443876566	4.516741344667211	0.9544871794871795	0.9128205128205128
19	0.37601580619812014	3.2125624244918627	0.9705128205128205	0.9128205128205128
20	0.3758310136340913	2.417964625856554	0.9743589743589743	0.9128205128205128
21	0.3757421211762862	2.46482406552805	0.975	0.9051282051282051
22	0.3755922213844631	2.784514015008296	0.975	0.9282051282051282
23	0.3752465744813283	1.4389432677809073	0.9823717948717948	0.9333333333333333
24	0.37480090141296385	1.4478087138410716	0.9855769230769231	0.9256410256410257
25	0.37458835198329044	1.1729049565275296	0.9871794871794872	0.941025641025641
26	0.37434675075389723	0.7834348226220309	0.9919871794871795	0.941025641025641
27	0.374168336391449	0.8187154009748174	0.9916666666666667	0.941025641025641
28	0.3743131818442509	0.82206977961813	0.9919871794871795	0.9384615384615385
29	0.3742610772450765	0.9867516383504951	0.9903846153846154	0.9461538461538461
30	0.3741403472039007	0.94787404618264	0.9900641025641026	0.9384615384615385
31	0.37400156259536743	0.718004880804445	0.992948717948718	0.941025641025641
32	0.3738297260168827	0.5236084892376497	0.9935897435897436	0.9461538461538461
33	0.373614044750438	0.4885167692911488	0.9955128205128205	0.941025641025641
34	0.37352573531014577	0.4125427800576364	0.9948717948717949	0.9461538461538461
35	0.37349315484364826	0.40320435071251787	0.9958333333333333	0.9435897435897436
36	0.37344989905486237	0.3638255960479966	0.9958333333333333	0.9512820512820512
37	0.3735239505767822	0.4631840749913993	0.9955128205128205	0.9435897435897436
38	0.37350065280229616	0.31362437763089807	0.9971153846153846	0.9512820512820512
39	0.3735154390335083	0.2901561769384508	0.9971153846153846	0.9435897435897436
40	0.37350326631127334	0.2747214045137632	0.9971153846153846	0.9487179487179487
41	0.3734629097438994	0.35470932937014554	0.9967948717948718	0.9461538461538461
42	0.37329540696255	0.33356517711017286	0.996474358974359	0.9461538461538461
43	0.3732470599087802	0.2879658397567774	0.996474358974359	0.9461538461538461
44	0.3731571939256456	0.24603942094309247	0.9980769230769231	0.9487179487179487
45	0.37308746317158575	0.26441293788868314	0.9971153846153846	0.9461538461538461
46	0.37302247514116005	0.3160912018981936	0.9967948717948718	0.9435897435897436
47	0.37288838624954224	0.22947482308466402	0.9980769230769231	0.9435897435897436
48	0.37292262972617635	0.22254900515477227	0.9974358974358974	0.9461538461538461
49	0.37290798664093017	0.21277989235186026	0.9980769230769231	0.9461538461538461
50	0.3729855733759263	0.2110567953581898	0.9980769230769231	0.9461538461538461
51	0.3730050462942857	0.2107223033312113	0.9977564102564103	0.9461538461538461
52	0.37291242491524174	0.21116330884012072	0.9980769230769231	0.9461538461538461
53	0.3728757478572704	0.2120508684910215	0.9980769230769231	0.9461538461538461
54	0.3727825424887917	0.20440888012115244	0.9980769230769231	0.9461538461538461
55	0.37278628775051664	0.19687136183024356	0.9980769230769231	0.9461538461538461
56	0.3727325012809352	0.20286238682455388	0.9980769230769231	0.9461538461538461
-1	-1	-1	-1	-1
0	0.4613192081451416	95.58542239909269	0.2955128205128205	0.5666666666666667
1	0.4165230989456177	51.00132767035036	0.5397435897435897	0.6102564102564103
2	0.40101877848307294	31.168958761254135	0.6955128205128205	0.6410256410256411
3	0.3936108350753784	23.961938021134358	0.764102564102564	0.7
4	0.3885383605957031	21.544741367807195	0.7932692307692307	0.7717948717948718
5	0.3852725426355998	15.711640961316167	0.8439102564102564	0.8256410256410256
6	0.3830275535583496	13.45085838132975	0.8663461538461539	0.7974358974358975
7	0.3814633786678314	15.304335822864454	0.8551282051282051	0.8512820512820513
8	0.3803406556447347	12.450829976675461	0.8759615384615385	0.7846153846153846
9	0.3796729564666748	11.81079226610612	0.8846153846153846	0.8307692307692308
10	0.37877076322382147	11.741613316292666	0.8897435897435897	0.8897435897435897
11	0.3780225912729899	8.600083332888934	0.9099358974358974	0.8871794871794871
12	0.37804519213162935	6.186753323795844	0.9400641025641026	0.8974358974358975
13	0.37778632981436594	6.498221661667435	0.933974358974359	0.8717948717948718
14	0.37729969024658205	8.281836291356962	0.9243589743589744	0.8897435897435897
15	0.3768956810235977	4.241634397786491	0.9551282051282052	0.8897435897435897
16	0.37668749865363627	3.0722225290932217	0.9685897435897436	0.9230769230769231
17	0.37660251723395455	2.7773139334416816	0.9698717948717949	0.9384615384615385
18	0.37619246934589584	3.3608365061179715	0.9663461538461539	0.9128205128205128
19	0.37558344602584837	2.312604213741665	0.9733974358974359	0.9358974358974359
20	0.3752608753385998	2.6217169659117197	0.971474358974359	0.9076923076923077
21	0.37538191405209625	2.4828335691661554	0.975	0.9358974358974359
22	0.37532343035158905	2.852840658505352	0.9772435897435897	0.9282051282051282
23	0.37517249584198	2.092739285254965	0.9778846153846154	0.9153846153846154
24	0.3750232982635498	2.0886520229051917	0.982051282051282	0.941025641025641
25	0.3750779170256395	1.7514734002476444	0.9833333333333333	0.9358974358974359
26	0.3749205977828414	1.1279661213618	0.9903846153846154	0.9333333333333333
27	0.37509110144206453	1.026850075655788	0.9891025641025641	0.9538461538461539
28	0.37496761617989377	0.7957026745170136	0.9919871794871795	0.9512820512820512
29	0.3749734799067179	1.1561367747335867	0.9907051282051282	0.9487179487179487
30	0.3747617890757899	0.8716216589875367	0.9887820512820513	0.9564102564102565
31	0.37440239638090134	0.5911214661247534	0.9942307692307693	0.9717948717948718
32	0.374285076603745	0.4613622256794621	0.9948717948717949	0.9666666666666667
33	0.37417102561277504	0.4680450432359215	0.996474358974359	0.9538461538461539
34	0.37415426118033274	0.4061266185162822	0.9961538461538462	0.9564102564102565
35	0.3742562731107076	0.32742206661551254	0.9971153846153846	0.9512820512820512
36	0.3741794663506585	0.3692746710365434	0.9958333333333333	0.958974358974359
37	0.3741277079833181	0.37005551633417927	0.9958333333333333	0.958974358974359
38	0.3741574715345334	0.3608497770037502	0.996474358974359	0.958974358974359
39	0.3740752100944519	0.3534693636936528	0.9958333333333333	0.958974358974359
40	0.3738945402750155	0.337434006352331	0.996474358974359	0.9615384615384616
41	0.3738426253909156	0.31695245080392886	0.996474358974359	0.9615384615384616
42	0.3738535947577898	0.3111545124978578	0.9967948717948718	0.9666666666666667
43	0.37378195740959863	0.4916899882708985	0.9958333333333333	0.9615384615384616
44	0.3736274931165907	0.30964672587265807	0.9974358974358974	0.9615384615384616
45	0.37342635963274085	0.28942607453427627	0.9974358974358974	0.9564102564102565
46	0.3732700956628678	0.2817266339848082	0.9967948717948718	0.9615384615384616
47	0.3731820732355118	0.2831395959426062	0.9971153846153846	0.958974358974359
48	0.3730613796078429	0.30803410492459377	0.996474358974359	0.9615384615384616
49	0.37305285930633547	0.259456121101034	0.9974358974358974	0.9641025641025641
50	0.37306514440798294	0.2747298853124374	0.9977564102564103	0.9615384615384616
51	0.3727841056310214	0.3037636624834778	0.9961538461538462	0.9666666666666667
-1	-1	-1	-1	-1
0	0.5147085189819336	99.06212993543976	0.26987179487179486	0.5051282051282051
1	0.4462851285934448	50.24725511122723	0.5403846153846154	0.6
2	0.42067472139994305	33.78519456727164	0.6727564102564103	0.7692307692307693
3	0.4084256887435913	22.678656451556147	0.7743589743589744	0.735897435897436
4	0.4002520084381104	21.082320218183558	0.7897435897435897	0.7794871794871795
5	0.3946358760197957	14.647528135046667	0.8493589743589743	0.7743589743589744
6	0.3914938654218401	14.291482139606865	0.8560897435897435	0.8487179487179487
7	0.38912296295166016	13.064332917028544	0.8660256410256411	0.8461538461538461
8	0.38696720865037704	9.888326035470378	0.8977564102564103	0.8179487179487179
9	0.3855093717575073	10.714611915909515	0.8932692307692308	0.8589743589743589
10	0.3846034353429621	7.742655539999203	0.9198717948717948	0.8769230769230769
11	0.3841405510902405	7.455644997406979	0.9240384615384616	0.8589743589743589
12	0.3834448227515587	7.837390404574725	0.9240384615384616	0.882051282051282
13	0.3824817112513951	7.645838528871536	0.9256410256410257	0.9051282051282051
14	0.38174527486165366	5.064680914489591	0.9448717948717948	0.882051282051282
15	0.38092753291130066	6.079852039716681	0.9400641025641026	0.8666666666666667
16	0.380740670596852	5.276277859600222	0.9551282051282052	0.8846153846153846
17	0.3803437285953098	3.0236015681709563	0.969551282051282	0.9076923076923077
18	0.38029158742804275	2.9153848666393634	0.9708333333333333	0.9307692307692308
19	0.38023688793182375	3.142149890392867	0.9708333333333333	0.9358974358974359
20	0.379968938373384	2.397522760488625	0.9766025641025641	0.9205128205128205
21	0.3797855919057673	2.442355959771239	0.9759615384615384	0.9256410256410257
22	0.37951744121053943	3.231521886564335	0.978525641025641	0.9205128205128205
23	0.37936390439669293	1.7889051816369197	0.9830128205128205	0.9461538461538461
24	0.3790340518951416	1.142480239414667	0.9884615384615385	0.9461538461538461
25	0.3788006122295673	1.609811822636699	0.9804487179487179	0.9333333333333333
26	0.37865529236970125	1.0752617759744123	0.9871794871794872	0.9435897435897436
27	0.3785107135772705	1.0475966348550378	0.9913461538461539	0.9435897435897436
28	0.37839752230150947	1.004357981875691	0.9903846153846154	0.9435897435897436
29	0.37823744614919025	0.9638396117144873	0.9897435897435898	0.9384615384615385
30	0.37800815797621207	0.7549282887532395	0.9910256410256411	0.9512820512820512
31	0.37780576199293137	0.926360903503801	0.9897435897435898	0.9487179487179487
32	0.3776821295420329	0.5079120432658654	0.9958333333333333	0.9435897435897436
33	0.37745549398310047	0.3074983196666854	0.9967948717948718	0.9538461538461539
34	0.37726028987339566	0.2738078250721981	0.9971153846153846	0.9512820512820512
35	0.377053870095147	0.3001019033390734	0.9967948717948718	0.9512820512820512
36	0.37693358112025904	0.3932620844772865	0.9958333333333333	0.9487179487179487
37	0.3769562181673552	0.2997781550657237	0.9971153846153846	0.9538461538461539
38	0.37690123533591247	0.4148128455675834	0.9948717948717949	0.9564102564102565
39	0.37668309211730955	0.6549269262824816	0.9939102564102564	0.9538461538461539
40	0.3765568965818824	0.7317213453542517	0.9926282051282052	0.9564102564102565
41	0.37652141139620826	0.30849960838368506	0.9967948717948718	0.9512820512820512
42	0.37642143493474917	0.23632285239794754	0.9977564102564103	0.9564102564102565
43	0.3764077099886807	0.23997419609195833	0.9977564102564103	0.9564102564102565
44	0.376302252875434	0.2262941551871707	0.9977564102564103	0.9538461538461539
45	0.3761853705281797	0.20477907475272944	0.9974358974358974	0.9538461538461539
46	0.3760529934091771	0.20505419827413232	0.9980769230769231	0.9538461538461539
47	0.37604452669620514	0.2153962082787873	0.9977564102564103	0.9538461538461539
48	0.3759736430888273	0.20220655345277622	0.9977564102564103	0.9512820512820512
49	0.37595739841461184	0.19746323631603	0.9977564102564103	0.9512820512820512
50	0.37595689062978704	0.19054330227055863	0.9983974358974359	0.958974358974359
51	0.3759198738978459	0.19474955116296472	0.9980769230769231	0.9538461538461539
52	0.3759037683594902	0.1854600465415629	0.9980769230769231	0.958974358974359
53	0.37591622052369295	0.16757505551281704	0.9983974358974359	0.9564102564102565
54	0.37595823894847524	0.16728514617694154	0.9983974358974359	0.9564102564102565
55	0.3759321314947946	0.18169756129497486	0.9980769230769231	0.9564102564102565
56	0.37588679163079514	0.1781134825647611	0.9980769230769231	0.9538461538461539
57	0.3758218946128056	0.15699957794076538	0.9983974358974359	0.958974358974359
58	0.375796778727386	0.1801436393153028	0.9983974358974359	0.958974358974359
59	0.3759549021720886	0.14833009518580945	0.9987179487179487	0.9538461538461539
60	0.375902316609367	0.14383075454431066	0.9987179487179487	0.9564102564102565
61	0.37595906180720173	0.16375477092166263	0.9987179487179487	0.9512820512820512
62	0.37594510260082425	0.164536446581618	0.9980769230769231	0.958974358974359
63	0.37595978006720543	0.16706584201280322	0.9977564102564103	0.9487179487179487
64	0.37589537180387056	0.21825716889306745	0.9983974358974359	0.958974358974359
65	0.37583127888766205	0.127508985062934	0.9987179487179487	0.9564102564102565
66	0.3758004601322003	0.12178371721256553	0.9990384615384615	0.9538461538461539
67	0.3757286878193126	0.12457236941510037	0.9983974358974359	0.9512820512820512
68	0.37578737908515375	0.11393414938687116	0.9990384615384615	0.9512820512820512
69	0.3757922172546387	0.11194054378337365	0.9993589743589744	0.9512820512820512
70	0.3757375999235771	0.10886058244961198	0.9990384615384615	0.9512820512820512
-1	-1	-1	-1	-1
0	0.4670693874359131	96.9294235463045	0.2676282051282051	0.5051282051282051
1	0.4202728271484375	50.21173989042944	0.5314102564102564	0.5230769230769231
2	0.4038061300913493	32.21767819657617	0.6833333333333333	0.7051282051282052
3	0.3957175612449646	24.15311353060664	0.7618589743589743	0.7717948717948718
4	0.39087939262390137	19.059947485826452	0.8134615384615385	0.8256410256410256
5	0.3879621426264445	17.78839405702085	0.8192307692307692	0.782051282051282
6	0.38493592398507254	15.89980934104141	0.8416666666666667	0.8538461538461538
7	0.3836074769496918	12.039037852871175	0.8766025641025641	0.8435897435897436
8	0.3821786774529351	14.229395027063331	0.8554487179487179	0.8641025641025641
9	0.38078453540802004	10.769713392063062	0.8903846153846153	0.8538461538461538
10	0.3794836564497514	11.493881461571673	0.8769230769230769	0.8538461538461538
11	0.3786334792772929	10.62559128415828	0.8974358974358975	0.9076923076923077
12	0.3780490435086764	7.156336576354747	0.9272435897435898	0.9076923076923077
13	0.37718301159994944	5.846202591244055	0.9358974358974359	0.9205128205128205
14	0.3766364415486654	5.310379600646544	0.9416666666666667	0.9282051282051282
15	0.3763842284679413	3.8800536378913995	0.9592948717948718	0.9307692307692308
16	0.3768619228811825	4.149711782112718	0.9535256410256411	0.9307692307692308
17	0.3769036531448364	4.53384079160739	0.9506410256410256	0.9487179487179487
18	0.3769328092273913	3.088714464548595	0.9689102564102564	0.9512820512820512
19	0.37702847719192506	3.748365602779145	0.9644230769230769	0.9512820512820512
20	0.3770672253199986	2.731126711276189	0.971474358974359	0.9564102564102565
21	0.37693565542047675	2.4709100057275926	0.9762820512820513	0.9564102564102565
22	0.3770757654438848	1.9705548382991431	0.9782051282051282	0.9615384615384616
23	0.3771528700987498	1.752539145465636	0.9801282051282051	0.9666666666666667
24	0.37720017433166503	1.586207711517963	0.982051282051282	0.9641025641025641
25	0.3772187049572284	1.8000952288536924	0.9826923076923076	0.9564102564102565
26	0.37721693074261703	1.4374381890995618	0.985897435897436	0.9641025641025641
27	0.3770617161478315	1.3496775494090147	0.9878205128205129	0.9641025641025641
28	0.3781342835261904	0.7465521365778915	0.9923076923076923	0.9615384615384616
29	0.37774105072021485	1.0219326159531934	0.9910256410256411	0.9615384615384616
30	0.3779184510630946	0.8716049350011733	0.9910256410256411	0.9666666666666667
31	0.37784137576818466	0.7403289165267036	0.9910256410256411	0.9717948717948718
32	0.37780103538975573	0.7608975416075495	0.9910256410256411	0.9666666666666667
33	0.37769607936634736	0.6223262465791777	0.9923076923076923	0.9666666666666667
34	0.3774460451943534	0.41473109237891287	0.9971153846153846	0.9641025641025641
35	0.3773945172627767	0.31888946375990174	0.9974358974358974	0.9666666666666667
36	0.37740947104789113	0.31537480350959174	0.9958333333333333	0.9666666666666667
37	0.37726670189907674	0.34936943332063586	0.9961538461538462	0.9717948717948718
38	0.3771638992505196	0.3268403290665224	0.9961538461538462	0.9692307692307692
39	0.37696266174316406	0.26372464593293204	0.9977564102564103	0.9717948717948718
40	0.3768434350083514	0.246915666247054	0.9980769230769231	0.9717948717948718
41	0.3766370444070725	0.2331715895437513	0.9977564102564103	0.9717948717948718
42	0.37647354325582816	0.22228839399975892	0.9980769230769231	0.9717948717948718
43	0.3762686252593994	0.23593138362883445	0.9980769230769231	0.9717948717948718
44	0.3761145273844401	0.22560504907299644	0.9977564102564103	0.9692307692307692
45	0.3761552883231122	0.2191215305550458	0.9977564102564103	0.9717948717948718
46	0.3760797571628652	0.21578504516577485	0.9977564102564103	0.9717948717948718
47	0.37603139380613965	0.21768641115767776	0.9980769230769231	0.9717948717948718
48	0.3759746794797936	0.21409303550131992	0.9977564102564103	0.9717948717948718
49	0.375962028503418	0.20810437423548064	0.9980769230769231	0.9717948717948718
50	0.37598441628848805	0.20453037176371347	0.9980769230769231	0.9717948717948718
51	0.37586070941044736	0.2043869040041073	0.9980769230769231	0.9717948717948718
-1	-1	-1	-1	-1
0	0.5086565017700195	102.15276722032196	0.25064102564102564	0.5205128205128206
1	0.44133543968200684	54.14645206684969	0.5028846153846154	0.6358974358974359
2	0.4189995924631755	32.445714181783245	0.6817307692307693	0.7256410256410256
3	0.40719401836395264	24.713815338757573	0.7557692307692307	0.7846153846153846
4	0.39990839958190916	20.854583905667674	0.7907051282051282	0.8
5	0.39514319101969403	18.35230575897256	0.8102564102564103	0.8205128205128205
6	0.3916799681527274	15.42211096140803	0.8448717948717949	0.8256410256410256
7	0.38905802369117737	14.465222504674172	0.8474358974358974	0.8461538461538461
8	0.3873448636796739	11.486279777726349	0.885576923076923	0.8641025641025641
9	0.3860553026199341	11.764995201509826	0.8875	0.8512820512820513
10	0.3845390189777721	12.259574971636948	0.8798076923076923	0.882051282051282
11	0.38381264607111615	8.695798069846873	0.9153846153846154	0.8769230769230769
12	0.38289712025569034	8.539060479524185	0.9179487179487179	0.9
13	0.38235502583639963	8.313939812232038	0.9179487179487179	0.9205128205128205
14	0.38180031776428225	7.000008234564139	0.9330128205128205	0.9230769230769231
15	0.38108600676059723	5.547247750418527	0.9448717948717948	0.9179487179487179
16	0.38045988363378186	3.3432402200616744	0.9663461538461539	0.9333333333333333
17	0.3798825475904677	3.380460170154669	0.9650641025641026	0.9358974358974359
18	0.37931176235801295	2.45518040759679	0.9759615384615384	0.9538461538461539
19	0.3790330171585083	2.341850364010553	0.9759615384615384	0.9333333333333333
20	0.378515709014166	2.433519064220695	0.9762820512820513	0.9230769230769231
21	0.3777166930111972	2.923918209171721	0.9733974358974359	0.9230769230769231
22	0.3771046140919561	3.0170002961341216	0.9666666666666667	0.9358974358974359
23	0.37701913714408875	2.31789418682456	0.9753205128205128	0.9512820512820512
24	0.3768759059906006	2.3980579676524716	0.9743589743589743	0.9512820512820512
25	0.37664526242476243	1.5411819249999767	0.9852564102564103	0.9538461538461539
26	0.37626868707162364	0.8145776350949225	0.9916666666666667	0.958974358974359
27	0.37620214905057636	0.827338504433936	0.9907051282051282	0.9615384615384616
28	0.3759668284449084	0.9332948628603956	0.9900641025641026	0.9615384615384616
29	0.37573434511820475	0.8781625242922835	0.9923076923076923	0.9512820512820512
30	0.37560570624566847	0.607906380232319	0.9939102564102564	0.9641025641025641
31	0.3757330924272537	0.3809782207827084	0.9958333333333333	0.958974358974359
32	0.37593508489204175	0.43289862221228054	0.9955128205128205	0.9641025641025641
33	0.37605231649735393	0.5183099566267481	0.9939102564102564	0.9615384615384616
34	0.37636160169328964	0.493873551147586	0.9955128205128205	0.9564102564102565
35	0.37616368134816486	0.5226903748152093	0.9948717948717949	0.9538461538461539
36	0.37617919896100016	0.5277895845005963	0.9967948717948718	0.958974358974359
37	0.37610096053073283	1.3358503726966755	0.9903846153846154	0.941025641025641
38	0.3760589819688063	0.4291370715738075	0.9961538461538462	0.958974358974359
39	0.37584967613220216	0.29275852732529045	0.9977564102564103	0.9615384615384616
40	0.3758354884822194	0.23465016396652089	0.9977564102564103	0.9641025641025641
41	0.37576520442962646	0.22018137652761355	0.9983974358974359	0.9615384615384616
42	0.3757511183272961	0.20209096669907234	0.9980769230769231	0.9641025641025641
43	0.3757767243818803	0.29471529074243685	0.9974358974358974	0.9615384615384616
44	0.3756678051418728	0.23762118232843932	0.9977564102564103	0.9615384615384616
45	0.37561641050421674	0.22695073027375193	0.9980769230769231	0.9641025641025641
46	0.3755776070533915	0.19600975911987695	0.9983974358974359	0.9641025641025641
47	0.37551891307036084	0.1895150359274822	0.9983974358974359	0.9641025641025641
48	0.37543423808350856	0.1832354205928693	0.9983974358974359	0.9641025641025641
49	0.3754634475708008	0.1905392930051193	0.9983974358974359	0.9666666666666667
50	0.37552443205141556	0.18940099561958199	0.9983974358974359	0.9641025641025641
51	0.37560126414665806	0.1811582321083826	0.9983974358974359	0.9641025641025641
52	0.3755949758133798	0.17854668458112058	0.9983974358974359	0.9641025641025641
53	0.3755367199579875	0.16756474892173748	0.9983974358974359	0.9641025641025641
54	0.37547371604225854	0.1637874219898605	0.9983974358974359	0.9641025641025641
55	0.37553922619138447	0.17943492537211123	0.9983974358974359	0.9641025641025641
56	0.375557962216829	0.17828499649915233	0.9983974358974359	0.9641025641025641
57	0.37559453783364133	0.15303293630688353	0.9983974358974359	0.9641025641025641
58	0.3757061432983916	0.16090052292001558	0.9983974358974359	0.9641025641025641
59	0.3755808194478353	0.16018433466899518	0.9983974358974359	0.9641025641025641
60	0.3754286844222272	0.15061799797149433	0.9983974358974359	0.9641025641025641
61	0.37534854104441984	0.14804181018181986	0.9983974358974359	0.9641025641025641
62	0.37531826609656926	0.1425487090650955	0.9983974358974359	0.9641025641025641
63	0.37520794197916985	0.1428769053105238	0.9983974358974359	0.9641025641025641
64	0.3751743976886456	0.13616864647523544	0.9987179487179487	0.9615384615384616
65	0.3750944571061568	0.1424839702252085	0.9983974358974359	0.9641025641025641
66	0.3750284572145832	0.13064722959855002	0.9987179487179487	0.9666666666666667
67	0.3749797309146208	0.13249737634414857	0.9987179487179487	0.9641025641025641
68	0.3747368308081143	0.1265107508409027	0.9990384615384615	0.9641025641025641
69	0.37459513459886823	0.12503941114499292	0.9987179487179487	0.9666666666666667
-1	-1	-1	-1	-1
0	0.4538097381591797	95.96178401246362	0.2842948717948718	0.5153846153846153
1	0.4121072292327881	52.00238303748929	0.5243589743589744	0.6076923076923076
2	0.397797425587972	33.60541418620518	0.6737179487179488	0.7102564102564103
3	0.39096319675445557	24.05483070684939	0.7573717948717948	0.7487179487179487
4	0.38707575798034666	19.561243928208643	0.8070512820512821	0.8
5	0.38471277554829914	17.290998210712356	0.8275641025641025	0.823076923076923
6	0.38211607933044434	15.997727768761772	0.841025641025641	0.8769230769230769
7	0.38072410225868225	12.452498815497574	0.8695512820512821	0.8435897435897436
8	0.37983454598320854	10.51252901797392	0.8926282051282052	0.8743589743589744
9	0.3797844409942627	11.667032045977455	0.8849358974358974	0.8487179487179487
10	0.37947630882263184	15.0830458706739	0.8637820512820513	0.8794871794871795
11	0.37903688351313275	8.3380619980851	0.916025641025641	0.9153846153846154
12	0.3783080577850342	8.019850663080508	0.9224358974358975	0.8897435897435897
13	0.3770327568054199	6.285052190325698	0.9407051282051282	0.9076923076923077
14	0.3759268919626872	5.725958429885154	0.9423076923076923	0.9282051282051282
15	0.3751319944858551	3.9737447701698665	0.9599358974358975	0.9307692307692308
16	0.3741813126732321	3.996926009502946	0.9583333333333334	0.9358974358974359
17	0.3734218544430203	3.8943982522706597	0.9602564102564103	0.9230769230769231
18	0.37305273507770736	2.600692596438588	0.9717948717948718	0.941025641025641
19	0.37279496192932127	2.551843444740742	0.9730769230769231	0.941025641025641
20	0.37241898264203754	2.0527606838838937	0.9772435897435897	0.941025641025641
21	0.37201865152879193	2.2729159826127696	0.9782051282051282	0.9256410256410257
22	0.3718067044797151	2.0983184127479184	0.9794871794871794	0.9487179487179487
23	0.3715258340040843	2.296190519665121	0.9775641025641025	0.9435897435897436
24	0.37155982971191404	1.3274117189373973	0.9868589743589744	0.9538461538461539
25	0.37159265921666074	1.206623433461907	0.9881410256410257	0.9512820512820512
26	0.37171254334626375	1.2809665021201482	0.9871794871794872	0.9615384615384616
27	0.371674690927778	1.629535455893421	0.9839743589743589	0.9615384615384616
28	0.3718777196160678	0.9221055366726097	0.9897435897435898	0.9615384615384616
29	0.3717014233271281	0.5482358634899541	0.9951923076923077	0.9564102564102565
30	0.3716697923598751	0.6100886953871089	0.9939102564102564	0.9461538461538461
31	0.3718102052807808	0.8729210374758065	0.9932692307692308	0.9641025641025641
32	0.37198487195101654	1.866676189917691	0.9830128205128205	0.9615384615384616
33	0.3722851136151482	1.0605114935392428	0.9913461538461539	0.9641025641025641
34	0.3723901067461286	0.4042789620532635	0.9955128205128205	0.9666666666666667
35	0.3721783757209778	0.4799063772970468	0.9951923076923077	0.9692307692307692
36	0.3717436210529224	0.341383338569692	0.9967948717948718	0.9692307692307692
37	0.3714321663505153	0.30310167567044194	0.9974358974358974	0.9692307692307692
38	0.37119078636169434	0.26617141497322616	0.9977564102564103	0.9692307692307692
39	0.37112595438957213	0.2588519722892076	0.9977564102564103	0.9692307692307692
40	0.37131333932643984	0.2797648487642303	0.9971153846153846	0.9692307692307692
41	0.3713709683645339	0.2510200572395828	0.9971153846153846	0.9692307692307692
42	0.37170878122019213	0.23169712128865472	0.9980769230769231	0.9692307692307692
43	0.3719502199779857	0.25183314880105545	0.9971153846153846	0.9692307692307692
44	0.37214639981587727	0.23351810540206855	0.9977564102564103	0.9692307692307692
45	0.37219813077346137	0.23872300579695344	0.9971153846153846	0.9692307692307692
46	0.37219661854683084	0.24274803120604294	0.9977564102564103	0.9692307692307692
47	0.37216995159784955	0.23023884190449595	0.9977564102564103	0.9692307692307692
48	0.37214094278763754	0.2379562187872988	0.9971153846153846	0.9692307692307692
49	0.37212151527404785	0.23247974303272453	0.9977564102564103	0.9692307692307692
50	0.3720358867271274	0.21855954775688885	0.9980769230769231	0.9692307692307692
51	0.37196260690689087	0.22197294888402602	0.9980769230769231	0.9692307692307692
52	0.3720383194257628	0.2329579562952413	0.9977564102564103	0.9692307692307692
53	0.37202496440322314	0.2333973427965396	0.9974358974358974	0.9692307692307692
54	0.3720980210737749	0.21567329448619288	0.9980769230769231	0.9692307692307692
55	0.37200930288859774	0.21610451923111307	0.9980769230769231	0.9692307692307692
-1	-1	-1	-1	-1
0	0.4571552276611328	96.78539307263432	0.2814102564102564	0.5538461538461539
1	0.41562390327453613	50.72107792873772	0.5413461538461538	0.6615384615384615
2	0.40250372886657715	32.94079934334268	0.6810897435897436	0.7282051282051282
3	0.3950621485710144	25.250235046659196	0.7516025641025641	0.7717948717948718
4	0.3902888298034668	18.929620514110642	0.8128205128205128	0.7692307692307693
5	0.38791195551554364	16.10438326426915	0.8467948717948718	0.7923076923076923
6	0.3862664358956473	16.524493669976994	0.8455128205128205	0.8
7	0.38463282585144043	12.895151527560486	0.867948717948718	0.8512820512820513
8	0.3832962777879503	10.657673098603073	0.8942307692307693	0.8384615384615385
9	0.3826436996459961	11.509493893506576	0.8875	0.8307692307692308
10	0.3814877596768466	11.45777546872898	0.8913461538461539	0.8512820512820513
11	0.38085442781448364	8.636793441918432	0.907051282051282	0.8769230769230769
12	0.38027112300579363	8.199694094913346	0.923397435897436	0.8846153846153846
13	0.3798681156975882	6.265391004937036	0.9320512820512821	0.9256410256410257
14	0.3797234058380127	4.550108458618729	0.9496794871794871	0.8948717948717949
15	0.379186749458313	3.9547722169331143	0.9573717948717949	0.9
16	0.3788960400749655	3.740691596147965	0.958974358974359	0.9307692307692308
17	0.37850697835286456	4.727646583653226	0.9564102564102565	0.8641025641025641
18	0.37829445537767914	2.981684277024196	0.9698717948717949	0.9435897435897436
19	0.37808468341827395	3.2239773027902965	0.9669871794871795	0.9333333333333333
20	0.37789043926057364	4.027444363096539	0.9653846153846154	0.9358974358974359
21	0.3774833462455056	2.629546898360155	0.9727564102564102	0.9282051282051282
22	0.3773674964904785	2.291978523021146	0.9782051282051282	0.9282051282051282
23	0.37754486004511517	1.9316419959210849	0.9798076923076923	0.9282051282051282
24	0.37752595901489255	1.9460178150282221	0.9814102564102564	0.9051282051282051
25	0.377518342091487	1.9742258177804095	0.9801282051282051	0.9179487179487179
26	0.37734181792647753	1.2904068796553325	0.9875	0.9384615384615385
27	0.3773127794265747	0.9449854262211189	0.9916666666666667	0.9461538461538461
28	0.37736559736317604	1.1418975063514116	0.9884615384615385	0.9564102564102565
29	0.3771714210510254	0.645893181237031	0.9923076923076923	0.958974358974359
30	0.37717404673176425	0.5990207173020522	0.9935897435897436	0.9564102564102565
31	0.3773976191878319	0.4252164842322117	0.9961538461538462	0.958974358974359
32	0.3769616936192368	0.3450477959389789	0.9961538461538462	0.9487179487179487
33	0.37662065730375405	0.4666747088159187	0.996474358974359	0.9512820512820512
34	0.37615808078220914	0.8946094755297147	0.9916666666666667	0.9538461538461539
35	0.3761615620719062	0.6204674701439217	0.9939102564102564	0.9538461538461539
36	0.37592646882340713	0.6744617260885615	0.9932692307692308	0.9564102564102565
37	0.3755591417613782	0.4115703238301426	0.9961538461538462	0.9564102564102565
38	0.3753567658937894	0.4029590157819888	0.9967948717948718	0.9512820512820512
39	0.37535197138786314	0.28954862478505156	0.9971153846153846	0.9564102564102565
40	0.3753330416795684	0.2365976380180135	0.9974358974358974	0.9564102564102565
41	0.3753512586866106	0.2198069761709158	0.9980769230769231	0.9564102564102565
42	0.3752926283104475	0.21759986708089782	0.9977564102564103	0.9564102564102565
43	0.3751981258392334	0.2055410347529687	0.9980769230769231	0.9564102564102565
44	0.3752092997233073	0.19875451025810825	0.9977564102564103	0.9564102564102565
45	0.3751450880714085	0.2070144146002386	0.9977564102564103	0.9564102564102565
46	0.37508826560162484	0.20284789011544044	0.9980769230769231	0.9564102564102565
47	0.374978835384051	0.20141772039924222	0.9980769230769231	0.9564102564102565
48	0.3750308776388363	0.2058848273031335	0.9971153846153846	0.9564102564102565
49	0.375106897354126	0.1976595326213639	0.9977564102564103	0.9564102564102565
-1	-1	-1	-1	-1
0	0.5124292373657227	98.45543900314642	0.2782051282051282	0.49230769230769234
1	0.44257664680480957	50.14061519077846	0.5349358974358974	0.5974358974358974
2	0.41989294687906903	29.596607432073476	0.7099358974358975	0.6692307692307692
3	0.4075421094894409	25.991990561387976	0.7480769230769231	0.8
4	0.4000508785247803	19.906346750502685	0.8016025641025641	0.7974358974358975
5	0.39561160405476886	16.264318188842463	0.8358974358974359	0.7538461538461538
6	0.39279392787388395	13.445176679260877	0.8612179487179488	0.8461538461538461
7	0.3906005918979645	12.15765148036334	0.882051282051282	0.8102564102564103
8	0.3883885012732612	15.213174436773572	0.8560897435897435	0.8
9	0.3866621494293213	11.56179106965357	0.8871794871794871	0.8692307692307693
10	0.38529268178072845	9.907918831523585	0.9044871794871795	0.8333333333333334
11	0.38420818249384564	8.150016672757207	0.9163461538461538	0.8769230769230769
12	0.38283236210162824	7.362504434220645	0.9288461538461539	0.882051282051282
13	0.3820875883102417	6.799258408953949	0.930448717948718	0.8974358974358975
14	0.38132325808207196	4.696221415485654	0.9493589743589743	0.8769230769230769
15	0.38084784150123596	5.521584214148473	0.9455128205128205	0.8871794871794871
16	0.3801460266113281	4.577877769208684	0.9564102564102565	0.9051282051282051
17	0.3798685868581136	3.253202449530363	0.967948717948718	0.9
18	0.3796956664637515	2.621413671753692	0.9724358974358974	0.9230769230769231
19	0.3795520067214966	3.641671377101115	0.9615384615384616	0.9179487179487179
20	0.37886693364097956	3.9392550087400844	0.9621794871794872	0.8769230769230769
21	0.37772431156852027	2.342059022157776	0.9733974358974359	0.9128205128205128
22	0.3771210649739141	2.200515417648213	0.9769230769230769	0.9333333333333333
23	0.37687306602795917	1.431613443129487	0.9855769230769231	0.9358974358974359
24	0.3768365097045898	1.3644842430093915	0.9855769230769231	0.9333333333333333
25	0.37685447472792405	1.320360692151423	0.9865384615384616	0.9256410256410257
26	0.3767389456431071	0.8922424991995248	0.9907051282051282	0.9307692307692308
27	0.37675000940050396	1.0737779438756976	0.989423076923077	0.9230769230769231
28	0.37673382101387815	0.8637437213815711	0.9891025641025641	0.9461538461538461
29	0.3768876234690348	1.160477374977318	0.9868589743589744	0.9333333333333333
30	0.37643971750813143	1.1426002732192984	0.9884615384615385	0.9307692307692308
31	0.3758913576602936	0.9299119766041333	0.9913461538461539	0.9435897435897436
32	0.3753563274036754	0.734229875204025	0.9910256410256411	0.9384615384615385
33	0.3747285043492037	0.9074145668395319	0.9913461538461539	0.9358974358974359
34	0.37420505114964075	0.4789374198399874	0.9955128205128205	0.9384615384615385
35	0.373724897702535	0.40543541745033246	0.9948717948717949	0.9461538461538461
36	0.3733559685784417	0.34486003868384	0.9961538461538462	0.9487179487179487
37	0.37293976231625203	0.284659168650659	0.996474358974359	0.941025641025641
38	0.37256673666147083	0.3095005926859033	0.9958333333333333	0.9487179487179487
39	0.3722722947597504	0.2949607924039105	0.9974358974358974	0.941025641025641
40	0.3719802891335836	0.23345665189065454	0.9971153846153846	0.9512820512820512
41	0.3717045329865955	0.21318112199158498	0.9977564102564103	0.9512820512820512
42	0.371368829594102	0.18796778509111353	0.9980769230769231	0.9564102564102565
43	0.3710716420953924	0.1805261968001272	0.9983974358974359	0.9512820512820512
44	0.3708234892951118	0.1717272268083898	0.9983974358974359	0.9538461538461539
45	0.3707709830740224	0.17726933202067477	0.9980769230769231	0.9512820512820512
46	0.37084783899023177	0.1805207058895186	0.9977564102564103	0.9564102564102565
47	0.37098441024621326	0.17480720392349935	0.9980769230769231	0.9564102564102565
48	0.3709671059433295	0.17220076355602495	0.9980769230769231	0.9512820512820512
49	0.3708806037902832	0.16964532328425516	0.9980769230769231	0.9564102564102565
50	0.3708619042938831	0.16542740595123548	0.9983974358974359	0.9538461538461539
51	0.3708946521465595	0.16327805393453043	0.9980769230769231	0.9538461538461539
52	0.3709054982887124	0.16727845071452938	0.9977564102564103	0.9538461538461539
53	0.3709065914154053	0.16123995799130264	0.9983974358974359	0.9538461538461539
54	0.3709864182905717	0.15984575437561238	0.9983974358974359	0.9512820512820512
55	0.37099746295384	0.16171088906301112	0.9980769230769231	0.9538461538461539
56	0.3710925202620657	0.16212000225548726	0.9980769230769231	0.9564102564102565
57	0.37114693378580027	0.16103004766840484	0.9983974358974359	0.9538461538461539
58	0.37115499528787904	0.15348680018010846	0.9983974358974359	0.9538461538461539
59	0.3711698571840922	0.1565980929541666	0.9983974358974359	0.9564102564102565
60	0.3711753751410813	0.15828937321965691	0.9980769230769231	0.9564102564102565
61	0.37108627826936785	0.1555511430606759	0.9983974358974359	0.9564102564102565
62	0.3710424824366494	0.15279112314174756	0.9983974358974359	0.9538461538461539
-1	-1	-1	-1	-1
0	0.46802568435668945	95.04226127935915	0.29455128205128206	0.5435897435897435
1	0.41822826862335205	52.86963638967397	0.5147435897435897	0.617948717948718
2	0.4023737907409668	31.983379811656718	0.6926282051282051	0.6641025641025641
3	0.3941549062728882	23.118133768743398	0.7650641025641025	0.7512820512820513
4	0.3872941017150879	18.941112343145875	0.8131410256410256	0.7512820512820513
5	0.38285958766937256	17.354847333869156	0.8246794871794871	0.7974358974358975
6	0.3805610452379499	25.163114255788376	0.7849358974358974	0.7743589743589744
7	0.3796147406101227	15.931881449660477	0.8362179487179487	0.7923076923076923
8	0.3786468505859375	14.21374341419765	0.8676282051282052	0.8076923076923077
9	0.37766273021698	10.727291429529386	0.8913461538461539	0.8512820512820513
10	0.37685504826632416	10.39533418538619	0.8951923076923077	0.8538461538461538
11	0.37628700335820514	6.8601420229795025	0.9262820512820513	0.8487179487179487
12	0.3760124169863187	6.714072211664551	0.9256410256410257	0.8743589743589744
13	0.37542314188820974	5.398466727563313	0.9403846153846154	0.8743589743589744
14	0.3750541845957438	5.976063965534677	0.9365384615384615	0.9153846153846154
15	0.37466028332710266	4.281282851890642	0.9551282051282052	0.9
16	0.37453091845792885	3.5538872079543617	0.9605769230769231	0.9076923076923077
17	0.37456337610880536	4.799373866724117	0.9509615384615384	0.9102564102564102
18	0.37436357297395406	2.983568492212466	0.9682692307692308	0.9128205128205128
19	0.37435461282730104	3.1296845303506267	0.9673076923076923	0.9205128205128205
20	0.3740806920187814	2.6557675146934936	0.9717948717948718	0.9153846153846154
21	0.3738434531471946	1.5682425346624638	0.9846153846153847	0.9358974358974359
22	0.3737551544023597	1.5392293882917385	0.9830128205128205	0.9230769230769231
23	0.373716006676356	2.856254247739455	0.9740384615384615	0.9256410256410257
24	0.3736418724060059	1.8726881225498355	0.9791666666666666	0.9282051282051282
25	0.3738721242317787	1.4908220456789572	0.9823717948717948	0.9333333333333333
26	0.3740722956480803	1.3692197229009957	0.9865384615384616	0.9487179487179487
27	0.374332206589835	1.2547931444869205	0.9868589743589744	0.9307692307692308
28	0.37443420804780103	1.2625245202180682	0.9862179487179488	0.9282051282051282
29	0.37432715892791746	1.0498623418270097	0.9910256410256411	0.9358974358974359
30	0.3744199122152021	0.9429079739814054	0.9897435897435898	0.9384615384615385
31	0.37432999908924103	0.5696241232823125	0.9935897435897436	0.9384615384615385
32	0.3743083260276101	0.47606117725467345	0.9955128205128205	0.9461538461538461
33	0.3742716312408447	0.5290270585766328	0.9939102564102564	0.9282051282051282
34	0.3742293221609933	0.5951149176083961	0.9935897435897436	0.9358974358974359
35	0.37420721848805744	1.7767027573165846	0.9842948717948717	0.9384615384615385
36	0.3742592205872407	0.7664281745876034	0.9923076923076923	0.941025641025641
37	0.37439817503878947	0.5177390764310614	0.9955128205128205	0.9435897435897436
38	0.3744950539026505	0.3597792418464562	0.9961538461538462	0.9435897435897436
39	0.3744790852069855	0.31094377620246055	0.9967948717948718	0.9461538461538461
40	0.3744819047974377	0.28723582674687426	0.9971153846153846	0.9435897435897436
41	0.3744515237354097	0.2817582893408051	0.9971153846153846	0.9461538461538461
42	0.3745222258013348	0.27412165127331106	0.9971153846153846	0.941025641025641
43	0.37454250725832855	0.31256669755236305	0.9967948717948718	0.9435897435897436
44	0.37445616722106934	0.2516563125685266	0.9971153846153846	0.941025641025641
45	0.37451522246651026	0.26477871551142756	0.9971153846153846	0.9435897435897436
46	0.37450121311431234	0.2457738356970367	0.9977564102564103	0.941025641025641
-1	-1	-1	-1	-1
0	0.5064210891723633	105.85656917338468	0.22083333333333333	0.5128205128205128
1	0.43798863887786865	52.763683455330984	0.514102564102564	0.6307692307692307
2	0.4161473910013835	31.719810563690807	0.6833333333333333	0.735897435897436
3	0.4055221676826477	25.54288252032533	0.7509615384615385	0.7435897435897436
4	0.39882626533508303	21.284643679249044	0.7836538461538461	0.8128205128205128
5	0.3948130210240682	16.4215315750667	0.8362179487179487	0.8153846153846154
6	0.39079209736415316	14.955334831257256	0.8496794871794872	0.8717948717948718
7	0.3877256214618683	12.284669014872337	0.8721153846153846	0.8871794871794871
8	0.38560909695095485	11.616711673687915	0.8791666666666667	0.8307692307692308
9	0.38409278392791746	11.214094283629437	0.8862179487179487	0.8897435897435897
10	0.38331016627225006	10.223302712245863	0.8916666666666667	0.9153846153846154
11	0.3826011021931966	9.264314253111275	0.9157051282051282	0.8794871794871795
12	0.38205741002009463	6.454659635315136	0.9317307692307693	0.8974358974358975
13	0.3816325494221279	6.881740756484927	0.9282051282051282	0.9307692307692308
14	0.38102149963378906	5.108692154592397	0.9467948717948718	0.9333333333333333
15	0.38034750521183014	4.492176653703257	0.9496794871794871	0.941025641025641
16	0.3799755713518928	3.5387442175831114	0.9666666666666667	0.9487179487179487
17	0.37975796063741046	2.6115158871006297	0.9721153846153846	0.9538461538461539
18	0.37937184383994654	4.095134161935397	0.9628205128205128	0.9025641025641026
19	0.3794927477836609	2.740131762657999	0.9701923076923077	0.9512820512820512
20	0.37903542745681035	2.254554664564072	0.9766025641025641	0.9666666666666667
21	0.37871641462499445	1.4719400667794504	0.9855769230769231	0.9487179487179487
22	0.37825889172761334	2.615680058391727	0.9798076923076923	0.9153846153846154
23	0.37807626525561017	6.95605860513692	0.9493589743589743	0.9256410256410257
24	0.3778348922729492	3.684594061301679	0.9647435897435898	0.9512820512820512
25	0.37772807708153355	1.9707822682602065	0.9778846153846154	0.958974358974359
26	0.3774555347583912	1.4673454400950245	0.9836538461538461	0.9512820512820512
27	0.3772062659263611	1.2523397400960972	0.9878205128205129	0.9717948717948718
28	0.37713542477837925	0.9128387000516285	0.9897435897435898	0.9692307692307692
29	0.37686545848846437	0.7401256084808016	0.9923076923076923	0.9564102564102565
30	0.3767398864992203	0.7496242138482297	0.9935897435897436	0.9641025641025641
31	0.37669488042593	0.4936299643797648	0.9948717948717949	0.9666666666666667
32	0.376525777758974	0.4542482048136477	0.9945512820512821	0.9717948717948718
33	0.37649907785303455	0.5857959589445774	0.992948717948718	0.9717948717948718
34	0.37637759617396765	0.550631231713294	0.9942307692307693	0.9743589743589743
35	0.3764547109603882	0.39598610514907967	0.9958333333333333	0.9794871794871794
36	0.37646090017782674	0.3804414238984464	0.9945512820512821	0.9717948717948718
37	0.37638938426971436	0.4271705578210792	0.9945512820512821	0.9692307692307692
38	0.3764310738979242	0.38056139517646775	0.9955128205128205	0.9743589743589743
39	0.3764025866985321	0.33955576954721606	0.9951923076923077	0.9743589743589743
40	0.376450678197349	0.28172952612064306	0.9967948717948718	0.9692307692307692
41	0.3766386281876337	0.357528419067551	0.9958333333333333	0.9769230769230769
42	0.3765519053436989	0.5013542329296778	0.9942307692307693	0.9717948717948718
43	0.3766318993134932	0.5933280747516879	0.9932692307692308	0.9692307692307692
44	0.37661761707729763	0.4376909466892747	0.9939102564102564	0.9743589743589743
45	0.3768512891686481	0.30838968764488084	0.9974358974358974	0.9692307692307692
46	0.37658900910235465	0.2984619504676797	0.996474358974359	0.9692307692307692
47	0.3762969473997752	0.303534280933138	0.9967948717948718	0.9692307692307692
48	0.37632669234762384	0.25402426294422925	0.9971153846153846	0.9717948717948718
49	0.3763005018234253	0.2594221318531152	0.9967948717948718	0.9717948717948718
50	0.37619920337901397	0.24882148897732081	0.9967948717948718	0.9717948717948718
51	0.3761957104389484	0.24785330410490206	0.9971153846153846	0.9717948717948718
52	0.3760614844987977	0.23643840958809922	0.9971153846153846	0.9692307692307692
53	0.3759993623804163	0.23405603397793817	0.9974358974358974	0.9692307692307692
54	0.37597749449990014	0.23386990312450953	0.9974358974358974	0.9717948717948718
55	0.3758534235613687	0.22986897793037184	0.9971153846153846	0.9717948717948718
-1	-1	-1	-1	-1
0	0.4615497589111328	101.04546352308624	0.23076923076923078	0.45384615384615384
1	0.4162435531616211	52.57702992886913	0.5108974358974359	0.6512820512820513
2	0.4011881351470947	31.606653884965546	0.6977564102564102	0.7256410256410256
3	0.39467644691467285	24.249127373403432	0.7650641025641025	0.7
4	0.39007153511047366	20.282358135495866	0.8009615384615385	0.7871794871794872
5	0.3874533971150716	17.9157701949684	0.8198717948717948	0.8076923076923077
6	0.38587883540562223	13.498695436789065	0.8564102564102564	0.8743589743589744
7	0.3849083483219147	13.179287765707288	0.8689102564102564	0.8743589743589744
8	0.38428886731465656	12.68548394465933	0.8766025641025641	0.8692307692307693
9	0.38329999446868895	11.495911797698664	0.8830128205128205	0.8461538461538461
10	0.38260518420826306	11.792915133797393	0.882051282051282	0.8743589743589744
11	0.3814486066500346	7.2382421986180905	0.9240384615384616	0.882051282051282
12	0.3802033937894381	5.817425836409841	0.9387820512820513	0.9051282051282051
13	0.3785650559834072	7.0907023914006295	0.9330128205128205	0.9051282051282051
14	0.37710200945536293	7.354259234301898	0.923397435897436	0.9256410256410257
15	0.3760934919118881	5.832011786042427	0.9362179487179487	0.8846153846153846
16	0.37576644560870004	5.122125337470551	0.9451923076923077	0.9333333333333333
17	0.3754502667321099	4.6803913123297445	0.9519230769230769	0.9230769230769231
18	0.37672687831677887	2.9394414671601687	0.969551282051282	0.9358974358974359
19	0.37677563428878785	2.615440425101896	0.971474358974359	0.9538461538461539
20	0.3766230174473354	2.443577076669554	0.9733974358974359	0.9512820512820512
21	0.37625007195906207	2.487131206926947	0.9743589743589743	0.9282051282051282
22	0.37787961959838867	2.694687590763277	0.9737179487179487	0.9538461538461539
23	0.37730111678441364	1.7128246205725841	0.9801282051282051	0.958974358974359
24	0.3766523456573486	1.2940810457470693	0.9846153846153847	0.9538461538461539
25	0.37599393954643834	1.1930842494202436	0.9881410256410257	0.958974358974359
26	0.3757967772307219	1.689446358813201	0.9839743589743589	0.9564102564102565
27	0.37589986835207256	1.3885165400308919	0.9849358974358975	0.9692307692307692
28	0.3759608268737793	1.8291106161148267	0.9846153846153847	0.9641025641025641
29	0.3758730888366699	0.7707159642227546	0.9913461538461539	0.9615384615384616
30	0.3758010095165622	1.2866944234000937	0.9891025641025641	0.9666666666666667
31	0.37582720816135406	0.5924343488545024	0.9942307692307693	0.9666666666666667
32	0.37580412806886615	0.6028474905927267	0.9945512820512821	0.9666666666666667
33	0.375754153027254	0.7385572614249232	0.9935897435897436	0.9717948717948718
34	0.37571657725742885	0.42869806729912835	0.9955128205128205	0.9692307692307692
35	0.37556320428848267	0.4281421820223284	0.9942307692307693	0.9692307692307692
36	0.3754730546796644	0.5255953084388796	0.9945512820512821	0.9717948717948718
37	0.375493796248185	0.5549121210982664	0.9935897435897436	0.9641025641025641
38	0.3754571340022943	0.41366434743692054	0.9958333333333333	0.9743589743589743
39	0.37531888484954834	0.51355339983319	0.9942307692307693	0.9717948717948718
40	0.3751912931116616	0.27095153145771234	0.9977564102564103	0.9692307692307692
41	0.3751715705508277	0.2770724726875897	0.996474358974359	0.9717948717948718
42	0.375140345373819	0.249808128547278	0.9967948717948718	0.9717948717948718
43	0.3751364621249112	0.23386930207762277	0.9971153846153846	0.9717948717948718
44	0.3749835067325168	0.2651442230366674	0.9967948717948718	0.9743589743589743
45	0.3748356103897095	0.31770340271262343	0.9967948717948718	0.9769230769230769
46	0.3748484773838774	0.2305489917707746	0.9971153846153846	0.9717948717948718
47	0.3747875193754832	0.21332111841310303	0.9977564102564103	0.9743589743589743
48	0.3747398901958855	0.21965509230840882	0.9974358974358974	0.9769230769230769
49	0.37471374988555906	0.2045696829260049	0.9980769230769231	0.9769230769230769
50	0.3746167725207759	0.20314883316603635	0.9977564102564103	0.9769230769230769
51	0.3746219323231624	0.19665010565274446	0.9980769230769231	0.9769230769230769
52	0.37454079232125914	0.2121425569051525	0.9971153846153846	0.9769230769230769
53	0.37445196840498185	0.1934939340159816	0.9977564102564103	0.9769230769230769
54	0.3743413361636075	0.1878824839552589	0.9974358974358974	0.9769230769230769
55	0.37427771942956106	0.18779015976082408	0.9977564102564103	0.9769230769230769
56	0.3743027887846294	0.19049222162483398	0.9980769230769231	0.9769230769230769
57	0.37431580033795586	0.1890140777710369	0.9974358974358974	0.9769230769230769
58	0.3742506625288624	0.18830526210490925	0.9977564102564103	0.9769230769230769
59	0.3742405414581299	0.18440855861404182	0.9974358974358974	0.9743589743589743
60	0.37423688466431665	0.1842867263715246	0.9980769230769231	0.9769230769230769
61	0.37418408932224395	0.17001217706088864	0.9980769230769231	0.9743589743589743
62	0.37425467324635336	0.1741835225524	0.9980769230769231	0.9769230769230769
63	0.3743371292948723	0.1801745229488971	0.9977564102564103	0.9769230769230769
64	0.37426390647888186	0.17810757425147075	0.9977564102564103	0.9769230769230769
65	0.37419110717195453	0.16402992918039894	0.9977564102564103	0.9769230769230769
-1	-1	-1	-1	-1
0	0.5035429000854492	97.27061413745491	0.28076923076923077	0.5692307692307692
1	0.43476688861846924	53.3111334820183	0.514102564102564	0.6102564102564103
2	0.41233277320861816	31.918702816476628	0.6858974358974359	0.7051282051282052
3	0.4020709991455078	23.617998176691483	0.7592948717948718	0.6923076923076923
4	0.3957067489624023	20.799636938134018	0.7987179487179488	0.7461538461538462
5	0.39147353172302246	17.914037680139348	0.8240384615384615	0.7846153846153846
6	0.3888018812452044	14.996082775446833	0.8458333333333333	0.8487179487179487
7	0.3866422474384308	13.25381701089898	0.867948717948718	0.8512820512820513
8	0.38559288448757595	11.287230858997424	0.8875	0.841025641025641
9	0.384474515914917	12.272788279518789	0.8801282051282051	0.8384615384615385
10	0.38342783667824487	9.11025208173966	0.9048076923076923	0.841025641025641
11	0.3828025261561076	10.389028905605784	0.8923076923076924	0.9102564102564102
12	0.3823389456822322	5.56589874686027	0.9349358974358974	0.9230769230769231
13	0.3819969211305891	7.179994271726025	0.9310897435897436	0.882051282051282
14	0.3815701166788737	5.466607085904297	0.9471153846153846	0.8692307692307693
15	0.38111044466495514	4.81345674441177	0.9496794871794871	0.9051282051282051
16	0.3808886443867403	4.354035814501802	0.9557692307692308	0.9102564102564102
17	0.3804967800776164	3.514642119255601	0.9628205128205128	0.9153846153846154
18	0.3803735030324836	2.4150012416042843	0.9724358974358974	0.9205128205128205
19	0.380087673664093	2.687378243068043	0.9733974358974359	0.9333333333333333
20	0.3795488788968041	2.1261186310498768	0.9756410256410256	0.9282051282051282
21	0.3790371201255105	2.1241933454816437	0.978525641025641	0.9333333333333333
22	0.3788751104603643	1.6046732277514375	0.9826923076923076	0.9384615384615385
23	0.3788582682609558	1.4199637896286286	0.9849358974358975	0.9384615384615385
24	0.3789205837249756	1.2741938764467	0.9875	0.9333333333333333
25	0.37856921782860387	1.9233828884910564	0.9801282051282051	0.9256410256410257
26	0.37816462693391023	1.658020675510206	0.982051282051282	0.9333333333333333
27	0.37775578669139315	1.504364105454665	0.985897435897436	0.941025641025641
28	0.37780355585032493	0.8237239653054549	0.9926282051282052	0.9333333333333333
29	0.37745027542114257	0.6419061229740061	0.9932692307692308	0.941025641025641
30	0.3771564114478327	0.7233541840402296	0.9916666666666667	0.9384615384615385
31	0.37699540704488754	0.39299535382318085	0.9967948717948718	0.941025641025641
32	0.376791693947532	0.3545522763879675	0.9961538461538462	0.9487179487179487
33	0.37680844699635224	0.3723954193817323	0.996474358974359	0.9435897435897436
34	0.3767615727015904	0.27821186502590034	0.9974358974358974	0.9461538461538461
35	0.37655145592159694	0.4516725794255391	0.9955128205128205	0.9487179487179487
36	0.37641833279583903	1.6235744157444914	0.9881410256410257	0.9307692307692308
37	0.376115177807055	1.6003021040209093	0.9833333333333333	0.9307692307692308
38	0.3757352523314647	1.454361741103194	0.9865384615384616	0.9358974358974359
39	0.3757629096508026	0.42652553583884956	0.9967948717948718	0.941025641025641
40	0.37568740146916085	0.33598575809238745	0.9961538461538462	0.9435897435897436
41	0.3757230270476568	0.4741679207770491	0.9958333333333333	0.9461538461538461
42	0.3756113606829976	0.2750140890005111	0.9974358974358974	0.9461538461538461
43	0.37541721625761554	0.2997853369618367	0.9967948717948718	0.9461538461538461
44	0.3750499142540826	0.2710239960591081	0.9971153846153846	0.9487179487179487
45	0.3747036405231642	0.2422414777939055	0.9977564102564103	0.9487179487179487
46	0.3745271753757558	0.23074354989512358	0.9977564102564103	0.9487179487179487
47	0.374500850836436	0.2288890852400147	0.9974358974358974	0.9487179487179487
48	0.3745231239163146	0.2190455268106717	0.9971153846153846	0.9487179487179487
49	0.3744771480560303	0.226954333753309	0.9977564102564103	0.9487179487179487
50	0.3743860207351984	0.22297314814041244	0.9974358974358974	0.9487179487179487
51	0.3743298053741455	0.22605808161074956	0.9974358974358974	0.9487179487179487
52	0.37425956636104946	0.21389120391637445	0.9977564102564103	0.9487179487179487
-1	-1	-1	-1	-1
0	0.45441746711730957	98.21734751487264	0.28044871794871795	0.5717948717948718
1	0.41326332092285156	55.00691847898522	0.5057692307692307	0.6384615384615384
2	0.3991536299387614	32.224278634908245	0.6852564102564103	0.7435897435897436
3	0.4066174626350403	23.863201696045543	0.7567307692307692	0.7794871794871795
4	0.40005855560302733	19.148782691177058	0.7974358974358975	0.8615384615384616
5	0.3952433268229167	16.453045793942042	0.8352564102564103	0.7871794871794872
6	0.3926189967564174	15.917089669071899	0.8403846153846154	0.8384615384615385
7	0.39017653465270996	14.321092162813459	0.8573717948717948	0.8692307692307693
8	0.3879622088538276	11.748403044379486	0.8766025641025641	0.8897435897435897
9	0.38625781536102294	12.271468251335378	0.8746794871794872	0.9
10	0.38493353670293634	10.371276124703641	0.8887820512820512	0.9
11	0.38388731082280475	7.409784455688632	0.9163461538461538	0.8974358974358975
12	0.3828158928797795	6.79901476417269	0.9291666666666667	0.9461538461538461
13	0.38185875756399973	5.019718948675662	0.9467948717948718	0.9282051282051282
14	0.38154875437418617	4.599612323624291	0.955448717948718	0.9384615384615385
15	0.3810209184885025	3.867824596409895	0.9567307692307693	0.958974358974359
16	0.3804928695454317	3.2226449932370866	0.9647435897435898	0.9615384615384616
17	0.3801911407046848	2.710341493770176	0.9708333333333333	0.941025641025641
18	0.3798880702570865	3.6125301053196344	0.9615384615384616	0.941025641025641
19	0.3795613765716553	5.2992083022028815	0.958974358974359	0.9564102564102565
20	0.379289774667649	3.2360523469289957	0.9647435897435898	0.9487179487179487
21	0.3791405829516324	3.2321064204015597	0.9666666666666667	0.9384615384615385
22	0.3788310237552809	2.00209805631668	0.9791666666666666	0.9666666666666667
23	0.3786907394727071	1.9345691216425325	0.9830128205128205	0.9461538461538461
24	0.3787181758880615	1.5847473132699652	0.9826923076923076	0.9769230769230769
25	0.3788191538590651	1.7102601768173353	0.9830128205128205	0.9615384615384616
26	0.37880657337330004	1.5435089670520807	0.9842948717948717	0.9435897435897436
27	0.37884682416915894	2.141227757030794	0.9798076923076923	0.9666666666666667
28	0.37878718047306453	0.9980360371516828	0.9881410256410257	0.9692307692307692
29	0.37873743375142416	0.8371305501513773	0.992948717948718	0.9794871794871794
30	0.37876131457667195	0.6795244919972456	0.9919871794871795	0.9692307692307692
31	0.3788408786058426	1.0231292777295624	0.9903846153846154	0.9692307692307692
32	0.37885749701297644	1.1476826998725895	0.9891025641025641	0.9692307692307692
33	0.37881530032438393	0.7466341560986843	0.9903846153846154	0.9743589743589743
34	0.3786748341151646	0.6855353568443002	0.9926282051282052	0.9615384615384616
35	0.3785902261734009	0.5822736399868332	0.9945512820512821	0.9666666666666667
36	0.3785030712952485	0.45269516512647046	0.9958333333333333	0.9743589743589743
37	0.3784308182565789	0.35844751374753864	0.9967948717948718	0.9717948717948718
38	0.37802415016369945	0.4819027420159486	0.9948717948717949	0.9692307692307692
39	0.37781683802604676	0.3609158091383098	0.9971153846153846	0.9769230769230769
40	0.37764822564473965	0.2844463971610376	0.9967948717948718	0.9743589743589743
41	0.37757194609869094	0.2728673585443547	0.9971153846153846	0.9743589743589743
42	0.37754673736039984	0.2602314072741583	0.9977564102564103	0.9743589743589743
43	0.3774588866667314	0.2536900550185237	0.9974358974358974	0.9743589743589743
44	0.37741808891296386	0.250852220443467	0.9977564102564103	0.9743589743589743
45	0.3772353089374045	0.24231730428182716	0.9974358974358974	0.9743589743589743
46	0.3770214446047519	0.2380874334263279	0.9974358974358974	0.9743589743589743
47	0.3770192414522171	0.23328830223986838	0.9974358974358974	0.9743589743589743
48	0.3768867083958217	0.24486735634743628	0.9971153846153846	0.9743589743589743
49	0.376683783531189	0.23397630316871146	0.9977564102564103	0.9743589743589743
-1	-1	-1	-1	-1
0	0.46919870376586914	99.27799495385618	0.27339743589743587	0.49743589743589745
1	0.4242537021636963	53.4702024070584	0.5173076923076924	0.5871794871794872
2	0.40655771891276044	31.794282056847397	0.6907051282051282	0.558974358974359
3	0.3988901376724243	25.133795913384887	0.7586538461538461	0.7205128205128205
4	0.393259334564209	19.077330983414942	0.8121794871794872	0.7717948717948718
5	0.3901382287343343	17.652984998664078	0.8240384615384615	0.7923076923076923
6	0.3875811781202044	15.156901291438512	0.8432692307692308	0.8333333333333334
7	0.3854576349258423	13.003093033420797	0.8730769230769231	0.8333333333333334
8	0.3841984007093642	12.463186648427223	0.8775641025641026	0.8358974358974359
9	0.3824352502822876	12.99064091760285	0.8801282051282051	0.8717948717948718
10	0.380590482191606	9.032743349367259	0.907051282051282	0.8256410256410256
11	0.3791327476501465	8.920749613216945	0.9112179487179487	0.8564102564102564
12	0.37795679385845476	7.331565119782272	0.9214743589743589	0.9051282051282051
13	0.37707885674067904	5.969517838894104	0.9362179487179487	0.9128205128205128
14	0.37589097023010254	6.1593198484304	0.9384615384615385	0.8974358974358975
15	0.3747943490743637	4.487327574923331	0.9506410256410256	0.8923076923076924
16	0.3739568485933192	4.735976014058201	0.95	0.9102564102564102
17	0.37336418363783097	2.595422083751907	0.9724358974358974	0.9205128205128205
18	0.37255790359095525	2.649852820615075	0.9733974358974359	0.9230769230769231
19	0.3719679474830627	2.7544741521266345	0.9721153846153846	0.9256410256410257
20	0.3712402411869594	2.404924792142547	0.9743589743589743	0.941025641025641
21	0.37143305214968597	2.0011535843416137	0.9798076923076923	0.9435897435897436
22	0.371631497922151	2.010894481487078	0.978525641025641	0.9230769230769231
23	0.37165554364522296	1.480844484898737	0.9865384615384616	0.9435897435897436
24	0.371635684967041	1.6026092447929692	0.9839743589743589	0.9256410256410257
25	0.3717455038657555	1.3619922200331882	0.9862179487179488	0.9512820512820512
26	0.37198130289713544	0.7282847975587415	0.9926282051282052	0.9538461538461539
27	0.37211928197315763	0.6515017471962836	0.9923076923076923	0.9384615384615385
28	0.3722026019260801	1.3181736570431337	0.9855769230769231	0.9512820512820512
29	0.37216506799062093	0.732380564388705	0.992948717948718	0.9512820512820512
30	0.3721428378935783	0.5800497587470276	0.9939102564102564	0.9461538461538461
31	0.3720944672822952	0.8140805930373489	0.9907051282051282	0.9487179487179487
32	0.37226356882037537	0.6214710237703058	0.9926282051282052	0.9512820512820512
33	0.3722881218966316	1.6287904504439508	0.9862179487179488	0.9435897435897436
34	0.3723150525774275	0.8780001349003549	0.9907051282051282	0.9461538461538461
35	0.3723069628079732	0.35377735216099276	0.9971153846153846	0.958974358974359
36	0.3723643277142499	0.26474520847514954	0.9974358974358974	0.9564102564102565
37	0.3725480594133076	0.25412617359466005	0.9974358974358974	0.958974358974359
38	0.37259312776418835	0.24092342683798051	0.9971153846153846	0.9666666666666667
39	0.37264721989631655	0.23162083165427286	0.9967948717948718	0.9615384615384616
40	0.3726375161147699	0.22978182477200623	0.9974358974358974	0.9641025641025641
41	0.3727578662690662	0.2165843078650401	0.9977564102564103	0.9615384615384616
42	0.37281937377397406	0.23726460760212367	0.9974358974358974	0.9564102564102565
43	0.37291139364242554	0.2246554305384052	0.9971153846153846	0.958974358974359
44	0.37287762959798176	0.21444143936226895	0.9974358974358974	0.958974358974359
45	0.37286465064339014	0.2095112770265568	0.9971153846153846	0.958974358974359
46	0.3728390653082665	0.21329944605490803	0.9974358974358974	0.958974358974359
47	0.3728821277618408	0.20798018666878026	0.9974358974358974	0.9615384615384616
48	0.37299960486742917	0.21185042024414857	0.9977564102564103	0.9538461538461539
49	0.3730245351791382	0.20640132172413397	0.9971153846153846	0.958974358974359
50	0.37297143188177373	0.21064937350768428	0.9977564102564103	0.958974358974359
51	0.3730459396655743	0.20337960979831762	0.9977564102564103	0.958974358974359
52	0.37308635801639195	0.19574935206631436	0.9977564102564103	0.9564102564102565
53	0.373071758835404	0.19880590561638664	0.9974358974358974	0.9564102564102565
54	0.37312191182916815	0.19081617165031683	0.9977564102564103	0.958974358974359
55	0.37320840784481596	0.19530835962032886	0.9977564102564103	0.9564102564102565
56	0.3733639466135125	0.18952385570936509	0.9974358974358974	0.9564102564102565
57	0.3734602188241893	0.1942844998724913	0.9974358974358974	0.9564102564102565
58	0.3734680717274294	0.18981604421155773	0.9977564102564103	0.9564102564102565
-1	-1	-1	-1	-1
0	0.5235128402709961	101.0399660382952	0.2439102564102564	0.5051282051282051
1	0.44799232482910156	56.338808663037355	0.48493589743589743	0.5512820512820513
2	0.42375000317891437	34.32151854768091	0.6762820512820513	0.7
3	0.4110863208770752	24.6527161792833	0.7519230769230769	0.7051282051282052
4	0.403613805770874	19.61657259415607	0.7939102564102564	0.764102564102564
5	0.3995002905527751	15.480756360657361	0.8435897435897436	0.8102564102564103
6	0.3966031415121896	15.246850113479459	0.8439102564102564	0.8128205128205128
7	0.3939645290374756	12.774600749113121	0.8698717948717949	0.8051282051282052
8	0.39202451705932617	13.13072975071109	0.8724358974358974	0.8564102564102564
9	0.3910471200942993	11.01433396886806	0.8910256410256411	0.8769230769230769
10	0.39028614217584784	8.02732279714273	0.9147435897435897	0.882051282051282
11	0.38983553647994995	7.8702764450287335	0.9185897435897435	0.9051282051282051
12	0.38910234891451323	7.416086043630328	0.9275641025641026	0.8948717948717949
13	0.38814975534166607	7.006251567784621	0.9291666666666667	0.9102564102564102
14	0.3875430425008138	4.619597390370101	0.9483974358974359	0.9102564102564102
15	0.38674114644527435	5.159625997956918	0.9464743589743589	0.9205128205128205
16	0.3859582368065329	7.0275929637101235	0.9358974358974359	0.8897435897435897
17	0.3856908877690633	4.792804522021693	0.9519230769230769	0.9153846153846154
18	0.3850213602969521	2.8834784284462125	0.9727564102564102	0.9256410256410257
19	0.3845905065536499	2.8713098722985206	0.9705128205128205	0.9333333333333333
20	0.38416963531857445	2.9802138421836557	0.9698717948717949	0.9256410256410257
21	0.38376864519986237	2.291914106555739	0.9782051282051282	0.9435897435897436
22	0.3834391469540803	1.5263602315847362	0.9836538461538461	0.9307692307692308
23	0.3828309178352356	1.3085633094650597	0.9836538461538461	0.9435897435897436
24	0.3823371982574463	1.2638721137630695	0.9865384615384616	0.9230769230769231
25	0.38198871795947736	2.322926865244398	0.9737179487179487	0.9333333333333333
26	0.38167464291607894	0.8931415662768164	0.9907051282051282	0.9307692307692308
27	0.3814559919493539	1.09686672879497	0.9865384615384616	0.9282051282051282
28	0.3811554168832713	1.3037174258628215	0.985897435897436	0.9461538461538461
29	0.38073848088582357	1.4758050680084496	0.9836538461538461	0.9384615384615385
30	0.3804585472229988	0.644944438896123	0.9935897435897436	0.9435897435897436
31	0.38028474152088165	0.5916729760617588	0.9935897435897436	0.9384615384615385
32	0.380334066622185	0.7581149107866864	0.9913461538461539	0.9487179487179487
33	0.3800787785473992	0.6614719323070877	0.9916666666666667	0.941025641025641
34	0.37981042861938474	0.835164412775324	0.9926282051282052	0.9384615384615385
35	0.37970004479090375	1.034448204992092	0.9913461538461539	0.9384615384615385
36	0.37935024338799556	0.39324786772889714	0.996474358974359	0.941025641025641
37	0.37926466214029414	0.3780120435730336	0.9967948717948718	0.9435897435897436
38	0.3791060875623654	0.3627848003970754	0.996474358974359	0.9435897435897436
39	0.3789792776107788	0.3722220281022007	0.9961538461538462	0.9435897435897436
40	0.3787162710980671	0.31927509669838733	0.996474358974359	0.941025641025641
41	0.3785917702175322	0.29053593628679886	0.9967948717948718	0.9435897435897436
42	0.37847152976102605	0.3057781581028765	0.9967948717948718	0.9461538461538461
43	0.3782499703493985	0.31328526627331316	0.996474358974359	0.941025641025641
44	0.37801420423719617	0.2738341505559665	0.996474358974359	0.9461538461538461
45	0.37796498381573224	0.27086598608951007	0.9971153846153846	0.9487179487179487
46	0.37781469872657286	0.27045873349619126	0.9967948717948718	0.9461538461538461
47	0.3779330998659134	0.27566817619796835	0.9971153846153846	0.9487179487179487
48	0.37773133783924334	0.26211310153793216	0.9971153846153846	0.9461538461538461
49	0.37759062290191653	0.2644169485295662	0.9967948717948718	0.9461538461538461
50	0.3775014082590739	0.2653196950113295	0.9974358974358974	0.9461538461538461
51	0.3774270965502812	0.2600352904720443	0.9967948717948718	0.9461538461538461
52	0.37740283642175065	0.2542450802948781	0.9971153846153846	0.9435897435897436
-1	-1	-1	-1	-1
0	0.46465563774108887	95.85028987028161	0.30641025641025643	0.541025641025641
1	0.41896748542785645	50.14957963203897	0.5461538461538461	0.6076923076923076
2	0.4034181435902913	31.754475613029637	0.7044871794871795	0.7384615384615385
3	0.3966081738471985	22.586671629730535	0.7855769230769231	0.8051282051282052
4	0.3917211055755615	18.310886027861613	0.8214743589743589	0.7666666666666667
5	0.3885537385940552	17.06000588621412	0.8317307692307693	0.8871794871794871
6	0.3860672542027065	13.12309531289704	0.8676282051282052	0.8538461538461538
7	0.3845060467720032	12.940271144010582	0.8756410256410256	0.8435897435897436
8	0.38295017348395455	12.339326036219694	0.8807692307692307	0.8538461538461538
9	0.3817169666290283	13.358437360549459	0.8737179487179487	0.8692307692307693
10	0.38058497688987036	9.42947063397388	0.9038461538461539	0.8871794871794871
11	0.3796512683232625	8.423899888079994	0.9141025641025641	0.8743589743589744
12	0.3790375819573036	7.169118906770434	0.9285256410256411	0.9
13	0.3785100153514317	5.733554217584279	0.95	0.9153846153846154
14	0.3792569160461426	4.717277881138179	0.951602564102564	0.9384615384615385
15	0.37924566864967346	4.0497911232618655	0.9570512820512821	0.9
16	0.3791210931890151	5.378794566709168	0.9439102564102564	0.9333333333333333
17	0.3788309627109104	3.587652973374542	0.9644230769230769	0.9384615384615385
18	0.37852431598462555	2.7402826771330164	0.9740384615384615	0.9512820512820512
19	0.3784195303916931	3.003412152621515	0.9692307692307692	0.9384615384615385
20	0.3783609867095947	2.964370562333842	0.9708333333333333	0.9512820512820512
21	0.37825099988417193	2.0044118922431857	0.9788461538461538	0.9564102564102565
22	0.37825188429459283	1.5265759145270805	0.9817307692307692	0.9717948717948718
23	0.3781432310740153	0.9615971461587053	0.9884615384615385	0.9564102564102565
24	0.37827316284179685	1.2895511745983659	0.9871794871794872	0.9615384615384616
25	0.3783096716954158	1.2589840661254426	0.9871794871794872	0.941025641025641
26	0.37842591603597003	1.6799669576029541	0.9833333333333333	0.9487179487179487
27	0.3784565585000174	0.6550914773465686	0.9942307692307693	0.9615384615384616
28	0.378520784706905	0.8469637707232175	0.9900641025641026	0.9538461538461539
29	0.3784246285756429	0.7663726519323453	0.9913461538461539	0.9538461538461539
30	0.378484679806617	1.1111879718611113	0.9887820512820513	0.9692307692307692
31	0.3785206750035286	0.5595274998483305	0.9945512820512821	0.9641025641025641
32	0.3785145210497307	0.5518154891134164	0.9945512820512821	0.958974358974359
33	0.3783739454606	0.38083932752696065	0.9961538461538462	0.9641025641025641
34	0.37844200815473283	0.35284011925235675	0.9955128205128205	0.9692307692307692
35	0.3783794641494751	0.7592522841184792	0.9916666666666667	0.9615384615384616
36	0.37839490658528097	0.4775560728419211	0.9951923076923077	0.9666666666666667
37	0.37837795207374975	0.321713963659523	0.9971153846153846	0.9641025641025641
38	0.37830350337884366	0.2751782099591338	0.9977564102564103	0.9666666666666667
39	0.3783496797084808	0.2532877255788272	0.9974358974358974	0.9666666666666667
40	0.37828925179272166	0.2639591496207482	0.9971153846153846	0.9641025641025641
41	0.37817515645708355	0.24599251966318827	0.9974358974358974	0.9666666666666667
42	0.3781524092652077	0.25718585007594735	0.9974358974358974	0.9666666666666667
-1	-1	-1	-1	-1
0	0.5218691825866699	102.36203785331882	0.25993589743589746	0.4948717948717949
1	0.4466511011123657	52.464634311442474	0.5160256410256411	0.6076923076923076
2	0.4235954284667969	31.41735315322876	0.6871794871794872	0.6948717948717948
3	0.4110987186431885	22.617288594343226	0.7782051282051282	0.7487179487179487
4	0.40480523109436034	18.69992655637313	0.8137820512820513	0.7717948717948718
5	0.3993990421295166	19.193610943093592	0.8125	0.7410256410256411
6	0.39551046916416716	17.033032559618658	0.8298076923076924	0.8205128205128205
7	0.39311760663986206	13.677496270257599	0.8621794871794872	0.8076923076923077
8	0.3917190233866374	11.365300718618899	0.8842948717948718	0.8717948717948718
9	0.3903595685958862	9.934040349356982	0.8955128205128206	0.9076923076923077
10	0.3893098397688432	9.825969598731216	0.903525641025641	0.8256410256410256
11	0.3880392114321391	14.659038638582034	0.8733974358974359	0.8
12	0.3871153501363901	8.598859397732483	0.9134615384615384	0.8666666666666667
13	0.3853957312447684	7.557313943395809	0.925	0.9076923076923077
14	0.38398545583089194	6.530540597986202	0.9342948717948718	0.8871794871794871
15	0.3827051371335983	4.573123032341198	0.9538461538461539	0.9179487179487179
16	0.38156993248883414	3.5132104447301553	0.9621794871794872	0.9333333333333333
17	0.3804607391357422	3.285642400041831	0.9634615384615385	0.9230769230769231
18	0.3803155296727231	3.633418681499149	0.9637820512820513	0.9051282051282051
19	0.38029239177703855	2.8531164306463026	0.9711538461538461	0.9307692307692308
20	0.37995145434424993	1.9572681222795223	0.9794871794871794	0.9282051282051282
21	0.37979856404391205	1.925695639977954	0.9801282051282051	0.9435897435897436
22	0.3796737401381783	1.8393734405957618	0.9814102564102564	0.9538461538461539
23	0.3793521722157796	2.375566129548931	0.9766025641025641	0.8923076923076924
24	0.3793163681030273	5.368630575814417	0.9557692307692308	0.9051282051282051
25	0.3790516211436345	3.23789712060623	0.9657051282051282	0.9256410256410257
26	0.3789270630589238	2.6425109833707006	0.9740384615384615	0.9435897435897436
27	0.3786531090736389	1.4339025268635275	0.9852564102564103	0.9512820512820512
28	0.3784806728363037	1.370618229684401	0.9852564102564103	0.9487179487179487
29	0.3785016377766927	0.9770321926216081	0.9900641025641026	0.9538461538461539
30	0.37856904152900944	0.607449974788695	0.9942307692307693	0.9615384615384616
31	0.37858107686042786	0.5726260862726604	0.9939102564102564	0.941025641025641
32	0.37863480683529016	1.0691916801187458	0.9884615384615385	0.9435897435897436
33	0.378517326186685	0.8292713254851726	0.9919871794871795	0.9512820512820512
34	0.37856646265302385	0.43649158147650735	0.9955128205128205	0.9512820512820512
35	0.37869510385725236	0.5341699911443022	0.9945512820512821	0.9538461538461539
36	0.37875082041766195	0.38234600946259667	0.9958333333333333	0.9512820512820512
37	0.3787678354664853	0.2797909827507339	0.9971153846153846	0.9512820512820512
38	0.37868005190140164	0.3382899577648329	0.9961538461538462	0.9461538461538461
39	0.3786141574382782	0.26981103853845245	0.9967948717948718	0.9564102564102565
40	0.378691306928309	0.2515139052577849	0.996474358974359	0.9538461538461539
41	0.37870904377528597	0.22371866137777663	0.9974358974358974	0.9487179487179487
42	0.3787344278291214	0.23097714609365522	0.9977564102564103	0.9538461538461539
43	0.37865936214273627	0.3057324438408131	0.9971153846153846	0.9564102564102565
44	0.37856746779547795	0.2549814523113963	0.9971153846153846	0.9564102564102565
45	0.37854789132657257	0.19845540348897162	0.9974358974358974	0.9512820512820512
46	0.37850570171437364	0.20829513109953152	0.9974358974358974	0.9564102564102565
47	0.3784409960110982	0.20734446880728963	0.9980769230769231	0.9512820512820512
48	0.37854458361255877	0.20337591170844424	0.9977564102564103	0.9538461538461539
49	0.37847291469573974	0.20270925813546994	0.9977564102564103	0.9512820512820512
50	0.3783833466324152	0.1883641536499695	0.9977564102564103	0.9564102564102565
-1	-1	-1	-1	-1
0	0.45446324348449707	98.75496350502482	0.26474358974358975	0.5333333333333333
1	0.41202592849731445	50.967432158333914	0.541025641025641	0.5769230769230769
2	0.39775745073954266	31.580308816870865	0.6887820512820513	0.717948717948718
3	0.39082783460617065	22.566265743605946	0.7717948717948718	0.8179487179487179
4	0.3868575572967529	19.288611514227732	0.8060897435897436	0.8333333333333334
5	0.38460691769917804	18.10909773378956	0.8269230769230769	0.7974358974358975
6	0.382800681250436	15.15667330732151	0.8487179487179487	0.7564102564102564
7	0.38142305612564087	15.670032243339383	0.8458333333333333	0.8205128205128205
8	0.38123059272766113	13.175596606974699	0.8689102564102564	0.882051282051282
9	0.3810632944107056	10.714023189885276	0.8923076923076924	0.8512820512820513
10	0.3811170621351762	10.2248748182034	0.9016025641025641	0.8871794871794871
11	0.38121310869852704	8.799020969137853	0.9147435897435897	0.8948717948717949
12	0.3811005445627066	6.8238382851895025	0.933974358974359	0.8846153846153846
13	0.380799617086138	6.808087703524803	0.9326923076923077	0.8512820512820513
14	0.3805062294006348	7.9214469565420735	0.9307692307692308	0.9025641025641026
15	0.3802805691957474	4.838625548597501	0.9496794871794871	0.9307692307692308
16	0.38028788566589355	3.252425278365916	0.9621794871794872	0.9205128205128205
17	0.3802141348520915	2.868207965616365	0.967948717948718	0.9435897435897436
18	0.3801869342201634	2.64017210333437	0.9753205128205128	0.9179487179487179
19	0.38002173900604247	2.4567349043731785	0.9772435897435897	0.9512820512820512
20	0.3799016248612177	2.3598460300958584	0.9733974358974359	0.9205128205128205
21	0.37961089611053467	2.9587362311324297	0.9711538461538461	0.9358974358974359
22	0.3792861440907354	2.8246001866170944	0.9676282051282051	0.9102564102564102
23	0.3792278468608856	3.0128572458515364	0.9705128205128205	0.9205128205128205
24	0.37922221183776855	2.4592463933691686	0.9762820512820513	0.9512820512820512
25	0.37916531012608456	1.364842927178406	0.9862179487179488	0.958974358974359
26	0.3791656935656512	1.5826665162755063	0.9852564102564103	0.9358974358974359
27	0.37916808468954905	1.1534979141041712	0.9903846153846154	0.9615384615384616
28	0.3790984400387468	0.9125734048572426	0.9916666666666667	0.9435897435897436
29	0.37901058197021487	0.809465755355706	0.9926282051282052	0.9512820512820512
30	0.3788128822080551	1.0763476727535113	0.9884615384615385	0.9564102564102565
31	0.3787279650568962	0.6080895820175231	0.9942307692307693	0.9538461538461539
32	0.3785805051976984	0.8163211326366077	0.992948717948718	0.9461538461538461
33	0.37845030251671286	0.9390530922540407	0.9923076923076923	0.9538461538461539
34	0.37823662076677594	0.40873814110254525	0.996474358974359	0.9666666666666667
35	0.37815317180421615	0.4569065733640502	0.9945512820512821	0.9666666666666667
36	0.3781471703503583	0.4684744472169954	0.9961538461538462	0.9692307692307692
37	0.3782058703271966	0.3540411057465648	0.9961538461538462	0.9564102564102565
38	0.3782409582382593	0.37077625530619857	0.996474358974359	0.9666666666666667
39	0.37829042673110963	0.3042493079410633	0.9974358974358974	0.9692307692307692
40	0.3782152082861924	0.2733280986750306	0.9974358974358974	0.9666666666666667
41	0.3782317468098232	0.25675840579409553	0.9977564102564103	0.9743589743589743
42	0.37812642718470374	0.2978872532377344	0.9971153846153846	0.9717948717948718
43	0.37799199602820654	0.2540112036750747	0.9980769230769231	0.9743589743589743
44	0.37808767954508465	0.25346206599477933	0.9977564102564103	0.9743589743589743
45	0.37804175459820294	0.23978824742798865	0.9980769230769231	0.9717948717948718
46	0.37793990906248703	0.2334060265475644	0.9980769230769231	0.9692307692307692
47	0.37789077560106915	0.22625535951515396	0.9980769230769231	0.9743589743589743
48	0.3779650172408746	0.2464089077316481	0.9977564102564103	0.9692307692307692
49	0.37789374351501465	0.2490557770821137	0.9974358974358974	0.9692307692307692
50	0.3777865615545535	0.23250588455225718	0.9980769230769231	0.9717948717948718
51	0.37781638365525466	0.23798011014158113	0.9977564102564103	0.9692307692307692
52	0.37783832370110276	0.22068061314515647	0.9980769230769231	0.9717948717948718
53	0.37780164347754586	0.220518237155022	0.9980769230769231	0.9717948717948718
54	0.37784226590936837	0.21697318005708996	0.9980769230769231	0.9717948717948718
55	0.3778625471251352	0.2133877257965465	0.9980769230769231	0.9717948717948718
56	0.3778111934661865	0.2141099545533507	0.9980769230769231	0.9717948717948718
57	0.377912817330196	0.21418890385722283	0.9980769230769231	0.9717948717948718
58	0.3779404082540738	0.2160162496365956	0.9980769230769231	0.9717948717948718
59	0.37796509663263955	0.21089310714463103	0.9980769230769231	0.9717948717948718
60	0.37796473112262663	0.21210777021088706	0.9980769230769231	0.9717948717948718
61	0.3779144787019299	0.20826624931446625	0.9980769230769231	0.9692307692307692
-1	-1	-1	-1	-1
0	0.5181941986083984	100.08294078281948	0.258974358974359	0.5461538461538461
1	0.444388747215271	55.444560050964355	0.4971153846153846	0.558974358974359
2	0.4202892780303955	34.51679169401831	0.6580128205128205	0.6692307692307692
3	0.40858393907546997	24.126325091537165	0.7490384615384615	0.8076923076923077
4	0.40189270973205565	21.282644213462362	0.7868589743589743	0.7923076923076923
5	0.39717992146809894	16.305348836645788	0.830448717948718	0.8128205128205128
6	0.3939390182495117	16.54044340824594	0.8243589743589743	0.841025641025641
7	0.3918295204639435	15.224637340526192	0.8455128205128205	0.8282051282051283
8	0.39034011628892684	12.07901769754838	0.8766025641025641	0.9
9	0.3888115644454956	10.485663389673038	0.8955128205128206	0.9051282051282051
10	0.387214638970115	9.034749028329946	0.9038461538461539	0.9205128205128205
11	0.38605286677678424	7.057188462846133	0.9266025641025641	0.9102564102564102
12	0.3854510233952449	8.231359011056472	0.9217948717948717	0.882051282051282
13	0.38491032804761616	7.82327623786975	0.9201923076923076	0.9153846153846154
14	0.38444032669067385	6.338914588397863	0.9349358974358974	0.9
15	0.3836585432291031	5.270294084536786	0.9503205128205128	0.9358974358974359
16	0.3832044320947984	3.921093897627933	0.9583333333333334	0.9384615384615385
17	0.3828148576948378	4.9313423635095965	0.9519230769230769	0.9512820512820512
18	0.38238634561237533	3.095109226448195	0.9689102564102564	0.9615384615384616
19	0.38215491771697996	2.4144545666189217	0.9733974358974359	0.9641025641025641
20	0.38208489190964473	2.0319493420764196	0.9782051282051282	0.9538461538461539
21	0.3816637234254317	1.5759004630737614	0.9830128205128205	0.9615384615384616
22	0.3814747540847115	1.7726614483042944	0.9794871794871794	0.9666666666666667
23	0.38120075066884357	1.5659797011009817	0.9852564102564103	0.9564102564102565
24	0.381054162979126	1.898910198142106	0.9788461538461538	0.9564102564102565
25	0.38092803955078125	1.6637369862434512	0.9833333333333333	0.9641025641025641
26	0.3807011710272895	1.2657734601976995	0.9868589743589744	0.9512820512820512
27	0.38044364963259014	1.085045001424412	0.9900641025641026	0.9641025641025641
28	0.3804001150460079	0.5395654928870499	0.9951923076923077	0.9692307692307692
29	0.3803584575653076	0.6682463184388696	0.9932692307692308	0.958974358974359
30	0.3801792513939642	0.5814779274514876	0.9939102564102564	0.9641025641025641
31	0.38015153259038925	1.1257447331896697	0.9868589743589744	0.941025641025641
32	0.3800109660986698	1.0152052530819284	0.9903846153846154	0.9538461538461539
33	0.3800099597257726	1.02338887126558	0.9923076923076923	0.9641025641025641
34	0.37984354836600165	0.49766983395580167	0.9948717948717949	0.9666666666666667
35	0.3796418176756965	0.3442046035874673	0.9971153846153846	0.9666666666666667
36	0.3795136374396247	0.3529548817694339	0.9961538461538462	0.9641025641025641
37	0.3794444862164949	0.4375052092695188	0.9945512820512821	0.9641025641025641
38	0.3792986319615291	0.7816844418489288	0.9916666666666667	0.9538461538461539
39	0.37926254272460935	0.5592164428184778	0.9942307692307693	0.958974358974359
40	0.3791317241947825	0.6672959527884591	0.9945512820512821	0.9615384615384616
41	0.3791996297382173	0.3003677506634148	0.9971153846153846	0.9666666666666667
42	0.37905709688053574	0.256479128528795	0.9980769230769231	0.9666666666666667
43	0.37891837683590973	0.25566372187209446	0.9977564102564103	0.9615384615384616
44	0.37882624202304416	0.24066121227937104	0.9977564102564103	0.9692307692307692
45	0.37878759529279626	0.2356561382182509	0.9980769230769231	0.9641025641025641
46	0.3787072871593719	0.22234310645922514	0.9974358974358974	0.9615384615384616
47	0.37864817678928375	0.2313838514022123	0.9980769230769231	0.9641025641025641
48	0.37861596321573066	0.21699822769866786	0.9980769230769231	0.9666666666666667
-1	-1	-1	-1	-1
0	0.4512627124786377	99.01398172183913	0.2743589743589744	0.5641025641025641
1	0.4117567539215088	51.790334721000825	0.5272435897435898	0.5538461538461539
2	0.3994756539662679	33.51463085291337	0.6826923076923077	0.6717948717948717
3	0.3922145962715149	24.925801306354757	0.7519230769230769	0.764102564102564
4	0.3884845733642578	20.32655735405124	0.7996794871794872	0.8179487179487179
5	0.38786784807840985	16.026620190970753	0.8391025641025641	0.8435897435897436
6	0.39296610014779226	13.257960818251785	0.8625	0.823076923076923
7	0.3900461494922638	12.672016424792153	0.8724358974358974	0.8589743589743589
8	0.38846537801954484	11.32621328319822	0.8862179487179487	0.8717948717948718
9	0.3868683099746704	11.964807324871725	0.8782051282051282	0.8717948717948718
10	0.3851146481253884	9.978072198069825	0.8980769230769231	0.9051282051282051
11	0.3837815721829732	9.711053084354011	0.9134615384615384	0.8846153846153846
12	0.3829152584075928	7.738444050964044	0.9246794871794872	0.8615384615384616
13	0.3818092516490391	6.530869597759174	0.9317307692307693	0.9076923076923077
14	0.38115431467692057	4.307668199040452	0.9576923076923077	0.9076923076923077
15	0.38041478395462036	5.269622119409697	0.9442307692307692	0.9051282051282051
16	0.3797311923083137	5.094443179210838	0.9490384615384615	0.9076923076923077
17	0.37910551495022243	5.326902751259658	0.9455128205128205	0.9076923076923077
18	0.3784583744249846	3.896692590369862	0.9612179487179487	0.9435897435897436
19	0.3780514717102051	3.0539801686393973	0.9631410256410257	0.941025641025641
20	0.377590747106643	2.199198900322829	0.9756410256410256	0.9358974358974359
21	0.37720013748515735	4.271050075344665	0.9618589743589744	0.9333333333333333
22	0.3770427703857422	2.377778069211208	0.9717948717948718	0.9282051282051282
23	0.3766656418641408	2.007570356168613	0.9775641025641025	0.9358974358974359
24	0.3763415241241455	2.3705748005066902	0.9756410256410256	0.9512820512820512
25	0.3761513508283175	1.6873561469267826	0.9791666666666666	0.9307692307692308
26	0.37609198358323837	1.5551198350968867	0.9817307692307692	0.9358974358974359
27	0.37607623849596294	1.1219809001539738	0.9887820512820513	0.9384615384615385
28	0.37600106206433526	0.9389676234307128	0.9907051282051282	0.9512820512820512
29	0.37588552633921307	0.8787672541327585	0.9916666666666667	0.9538461538461539
30	0.3757661619494038	1.3685780663722746	0.9842948717948717	0.9333333333333333
31	0.3755975440144539	1.9101639030577273	0.9801282051282051	0.9512820512820512
32	0.37548033396402997	1.1181310007956868	0.9887820512820513	0.958974358974359
33	0.37540946988498464	0.5339668397459069	0.9951923076923077	0.9512820512820512
34	0.3753168037959507	0.4123217664915612	0.9958333333333333	0.9512820512820512
35	0.37509972519344753	0.46094968685362375	0.9948717948717949	0.9615384615384616
36	0.3749458660950532	0.36245377891879926	0.9967948717948718	0.9564102564102565
37	0.374916766819201	0.4816551881519203	0.9948717948717949	0.9564102564102565
38	0.3748459510314159	0.34222991430890815	0.996474358974359	0.9538461538461539
39	0.3746683597564697	0.2883700243285287	0.9974358974358974	0.9487179487179487
40	0.37454675465095333	0.2769568150335025	0.9977564102564103	0.9538461538461539
41	0.37443346636635916	0.29464225295030666	0.996474358974359	0.9538461538461539
42	0.3742826650309008	0.25523315084330755	0.9974358974358974	0.9538461538461539
43	0.3741994987834584	0.2622367427711095	0.9977564102564103	0.9538461538461539
44	0.3742015732659234	0.24389772974334809	0.9974358974358974	0.9538461538461539
45	0.3741602897644043	0.2601562854323099	0.9977564102564103	0.9538461538461539
46	0.3741162634910421	0.24453834171317237	0.9977564102564103	0.9538461538461539
47	0.3741356084744136	0.25042525800448373	0.9974358974358974	0.9538461538461539
48	0.374185172878966	0.24572412153748718	0.9974358974358974	0.9538461538461539
49	0.37420605182647704	0.24009626069591275	0.9977564102564103	0.9538461538461539
50	0.37419641251657526	0.24143782731720867	0.9977564102564103	0.9538461538461539
51	0.37424052678621733	0.23065080346506356	0.9971153846153846	0.9538461538461539
52	0.3742630031873595	0.23160305509773768	0.9977564102564103	0.9538461538461539
53	0.3743180787121808	0.23813397779920298	0.9977564102564103	0.9538461538461539
54	0.3743752132762562	0.23448209762138542	0.9971153846153846	0.9538461538461539
55	0.3743363320827484	0.23072358234617704	0.9977564102564103	0.9538461538461539
-1	-1	-1	-1	-1
0	0.4620180130004883	97.15447577651666	0.28846153846153844	0.5461538461538461
1	0.4183194637298584	50.80369513375418	0.5272435897435898	0.5615384615384615
2	0.40316271781921387	32.18461925156262	0.6858974358974359	0.6282051282051282
3	0.39367568492889404	28.148948688896336	0.7275641025641025	0.7487179487179487
4	0.38961172103881836	21.74092798330346	0.7929487179487179	0.8282051282051283
5	0.38657665252685547	16.576507597553487	0.8362179487179487	0.8461538461538461
6	0.3832651206425258	14.405996089078942	0.860897435897436	0.8769230769230769
7	0.3816687762737274	13.021074577253692	0.8647435897435898	0.8538461538461538
8	0.3807745774586995	14.5405881307563	0.8573717948717948	0.8641025641025641
9	0.37971160411834715	11.306614608180766	0.8833333333333333	0.8794871794871795
10	0.3784036636352539	11.105480349793726	0.8881410256410256	0.8923076923076924
11	0.37738750378290814	8.644013733279948	0.9064102564102564	0.8615384615384616
12	0.37682912899897647	7.3320316146222915	0.9240384615384616	0.8871794871794871
13	0.3761378015790667	5.591606105468711	0.9435897435897436	0.9230769230769231
14	0.3771774133046468	5.132414286385994	0.9464743589743589	0.9282051282051282
15	0.3769204020500183	6.851723291892178	0.933974358974359	0.8948717948717949
16	0.3760871887207031	8.548922330141068	0.9253205128205129	0.9
17	0.3757505681779649	6.169933721727254	0.9336538461538462	0.9435897435897436
18	0.3757008627841347	3.7281397629757316	0.9592948717948718	0.9358974358974359
19	0.37556952238082886	3.9330635695737235	0.9615384615384616	0.9256410256410257
20	0.3753882476261684	3.4938729271596793	0.9644230769230769	0.9435897435897436
21	0.3753470182418823	2.707593126792689	0.9737179487179487	0.9333333333333333
22	0.37537716782611347	2.1022237014519622	0.9788461538461538	0.9461538461538461
23	0.37490010261535645	1.601774554623633	0.9807692307692307	0.9512820512820512
24	0.37471369743347166	1.294460402088886	0.9868589743589744	0.9435897435897436
25	0.37428444165449876	1.4650448963274152	0.9836538461538461	0.9435897435897436
26	0.37412182490030926	1.7304760856667951	0.9836538461538461	0.9461538461538461
27	0.3741193243435451	1.1601566881774712	0.9884615384615385	0.9461538461538461
28	0.37408513858400544	1.144954410167791	0.9875	0.9487179487179487
29	0.37390501499176027	0.7066851750192024	0.9932692307692308	0.9538461538461539
30	0.37374463388996737	0.8919030569531784	0.9910256410256411	0.9512820512820512
31	0.3738061338663101	0.9999527739341922	0.9884615384615385	0.9461538461538461
32	0.3737842458667177	1.6617123582875546	0.9871794871794872	0.9487179487179487
33	0.37382345339831186	0.577328502466636	0.9942307692307693	0.9564102564102565
34	0.37388552938188824	0.47109700622018047	0.9961538461538462	0.9538461538461539
35	0.37381499343448216	0.8215971961890689	0.9926282051282052	0.9564102564102565
36	0.37397679767093145	0.6364930944362233	0.9926282051282052	0.9538461538461539
37	0.37418076239134135	0.8669799964605327	0.9910256410256411	0.9538461538461539
38	0.37421302306346405	0.3882818425244091	0.9961538461538462	0.958974358974359
39	0.37423396706581114	0.3294530292118814	0.9967948717948718	0.9564102564102565
40	0.37416084801278465	0.2484915219502742	0.9980769230769231	0.9564102564102565
41	0.3742255313055856	0.2573239134184479	0.9977564102564103	0.9564102564102565
42	0.3742115663927655	0.24996603557237718	0.9980769230769231	0.9564102564102565
43	0.37410731749101117	0.24050570344724645	0.9974358974358974	0.9564102564102565
44	0.3740915881262885	0.22782943447459636	0.9974358974358974	0.9538461538461539
45	0.37414462670035986	0.22037747215019446	0.9977564102564103	0.9538461538461539
46	0.374127651782746	0.2109858023079364	0.9980769230769231	0.9564102564102565
47	0.3742266893386841	0.20911004125112098	0.9983974358974359	0.9538461538461539
48	0.3741400436479218	0.2208062840166219	0.9977564102564103	0.9564102564102565
49	0.37413591384887696	0.2028685856006335	0.9980769230769231	0.9487179487179487
50	0.37415635352041204	0.2081415655457393	0.9980769230769231	0.9538461538461539
51	0.3741448108966534	0.20136673111980544	0.9980769230769231	0.9538461538461539
52	0.3741224936719211	0.20300908054983036	0.9980769230769231	0.9538461538461539
53	0.3741282003897208	0.21207213400844105	0.9974358974358974	0.9487179487179487
54	0.37416574304754086	0.20221693299850924	0.9980769230769231	0.9512820512820512
55	0.37410224761281696	0.1895089426669408	0.9983974358974359	0.9564102564102565
56	0.37413341538947925	0.1872324517616831	0.9980769230769231	0.9512820512820512
57	0.37411427908930284	0.19708881503315845	0.9980769230769231	0.9538461538461539
58	0.37416819394645046	0.19273246300033453	0.9980769230769231	0.9538461538461539
-1	-1	-1	-1	-1
0	0.5202147960662842	98.02452036799217	0.27692307692307694	0.48205128205128206
1	0.44247639179229736	50.86096039596869	0.5355769230769231	0.6307692307692307
2	0.41733535130818683	32.31387772852061	0.6887820512820513	0.6897435897435897
3	0.40808141231536865	25.494942256382533	0.7625	0.7666666666666667
4	0.40102105140686034	20.187445129667008	0.7878205128205128	0.7948717948717948
5	0.39624595642089844	16.295715945107595	0.8352564102564103	0.8051282051282052
6	0.39302338872637066	15.475610942256694	0.8548076923076923	0.8743589743589744
7	0.3901999890804291	12.585332136981341	0.8740384615384615	0.8435897435897436
8	0.39063427183363175	11.039465299674443	0.8862179487179487	0.9025641025641026
9	0.3884715557098389	10.614409929635574	0.8910256410256411	0.8717948717948718
10	0.3879327123815363	10.79515372247112	0.8951923076923077	0.8666666666666667
11	0.38680607080459595	9.891560039958176	0.9006410256410257	0.9076923076923077
12	0.3860768721653865	8.099442660808563	0.9176282051282051	0.8871794871794871
13	0.385189379964556	9.331537874985715	0.9099358974358974	0.9179487179487179
14	0.38584973017374674	5.104487978074015	0.9394230769230769	0.9205128205128205
15	0.38475827872753143	4.6740341910294125	0.9519230769230769	0.9333333333333333
16	0.384109006208532	3.657211314810782	0.9631410256410257	0.9538461538461539
17	0.38348276085323757	2.5067290023577455	0.9743589743589743	0.9538461538461539
18	0.3830601416136089	2.3997529361929213	0.9746794871794872	0.9538461538461539
19	0.38230783939361573	2.196338430617233	0.975	0.9461538461538461
20	0.3816724391210647	2.079816379584372	0.9766025641025641	0.958974358974359
21	0.38117883422157983	2.8454537900658896	0.971474358974359	0.9692307692307692
22	0.3809497874716054	3.2431567950288254	0.9743589743589743	0.9358974358974359
23	0.3805402914683024	2.1144493459058658	0.9798076923076923	0.9666666666666667
24	0.3801298999786377	2.158362981388155	0.9778846153846154	0.9641025641025641
25	0.3799326236431415	3.354398667280163	0.9733974358974359	0.9538461538461539
26	0.3797755064787688	1.5117583345545798	0.9846153846153847	0.958974358974359
27	0.37949417318616596	1.6967237262834547	0.9807692307692307	0.9538461538461539
28	0.3789858735840896	1.4979518285895488	0.9846153846153847	0.9615384615384616
29	0.3789056857426961	1.1482062394474157	0.9891025641025641	0.9564102564102565
30	0.37839684947844476	0.7621274067716178	0.992948717948718	0.9666666666666667
31	0.3780822977423668	0.4772235050094219	0.9951923076923077	0.9692307692307692
32	0.37763817382581305	0.44233545199350205	0.9955128205128205	0.9692307692307692
33	0.37727684834424186	0.3490700695470061	0.9958333333333333	0.9717948717948718
34	0.3770908355712891	0.29604388602322673	0.9971153846153846	0.9692307692307692
35	0.3769211702876621	0.30476727594214026	0.9961538461538462	0.9743589743589743
36	0.3767061040208146	0.4114587870076042	0.9942307692307693	0.9666666666666667
37	0.3765166809684352	1.0263374429249574	0.9897435897435898	0.9717948717948718
38	0.37616260235126203	1.0551876781124632	0.989423076923077	0.9717948717948718
39	0.37586989998817444	0.40229305700750606	0.9961538461538462	0.9692307692307692
40	0.37571962868295067	0.2726883665986397	0.9974358974358974	0.9743589743589743
41	0.3755582968393962	0.24291165076120166	0.9980769230769231	0.9692307692307692
42	0.37541773707367654	0.25917309444835435	0.9977564102564103	0.9717948717948718
43	0.3752466548572887	0.23131748640825747	0.9977564102564103	0.9743589743589743
44	0.3751383834415012	0.21955053075889366	0.9980769230769231	0.9743589743589743
45	0.37501380236252496	0.19097968205386104	0.9983974358974359	0.9743589743589743
46	0.37516831337137424	0.19094445844054964	0.9980769230769231	0.9743589743589743
47	0.37510254979133606	0.18790533481170518	0.9980769230769231	0.9743589743589743
48	0.3750051138352375	0.17692794323226493	0.9980769230769231	0.9743589743589743
49	0.374972882270813	0.1792526027588328	0.9977564102564103	0.9743589743589743
50	0.3749711046031877	0.17498918546226952	0.9980769230769231	0.9743589743589743
51	0.37493392595878017	0.1720240062658915	0.9983974358974359	0.9743589743589743
52	0.37478754205523795	0.17122810925368923	0.9980769230769231	0.9743589743589743
53	0.3746909432941013	0.16720071402759998	0.9983974358974359	0.9743589743589743
54	0.37460300705649635	0.16773923312456998	0.9983974358974359	0.9743589743589743
55	0.3744631792817797	0.16773410600514155	0.9980769230769231	0.9743589743589743
-1	-1	-1	-1	-1
0	0.4584500789642334	98.71553777188672	0.27403846153846156	0.5333333333333333
1	0.4121042490005493	53.434198651994976	0.5160256410256411	0.6102564102564103
2	0.3962234656016032	34.231518434018504	0.6798076923076923	0.7230769230769231
3	0.3895747661590576	24.684433586743413	0.7509615384615385	0.7282051282051282
4	0.3845364570617676	19.724933658327377	0.808974358974359	0.7487179487179487
5	0.38131920496622723	17.59301425486195	0.8224358974358974	0.8102564102564103
6	0.379425116947719	15.318826232637678	0.8419871794871795	0.8179487179487179
7	0.3776308596134186	15.205834357105957	0.8483974358974359	0.8102564102564103
8	0.3769184218512641	13.422838048059113	0.8612179487179488	0.8435897435897436
9	0.37594921588897706	10.432234852897878	0.8980769230769231	0.8487179487179487
10	0.37534908814863727	9.274563291243144	0.9057692307692308	0.8487179487179487
11	0.374531090259552	10.347361392512614	0.905448717948718	0.8692307692307693
12	0.37398789479182315	8.057493586017161	0.916025641025641	0.8846153846153846
13	0.37369321073804584	6.824606887540039	0.930448717948718	0.8897435897435897
14	0.3734608173370361	5.918601282397095	0.9378205128205128	0.8974358974358975
15	0.3732728213071823	5.130001670928026	0.9416666666666667	0.9051282051282051
16	0.37293345787945914	4.758246775260385	0.9522435897435897	0.8794871794871795
17	0.37281295988294816	3.8590921939407683	0.958974358974359	0.9179487179487179
18	0.3726255266289962	3.1061658362040716	0.9637820512820513	0.9051282051282051
19	0.37263405323028564	3.4762559839505323	0.9625	0.9153846153846154
20	0.37275090671720956	3.4803142292158946	0.9666666666666667	0.9333333333333333
21	0.3726749962026423	3.123981235320775	0.9685897435897436	0.9333333333333333
22	0.3727194640947425	1.6701018055615833	0.9804487179487179	0.9282051282051282
23	0.37261922160784405	3.78673197931553	0.9685897435897436	0.9179487179487179
24	0.3726246547698975	2.2551545049729094	0.9756410256410256	0.9461538461538461
25	0.3725024186647855	1.332160445329334	0.985897435897436	0.9461538461538461
26	0.3724217238249602	1.3695930411887107	0.9833333333333333	0.9487179487179487
27	0.37238467591149466	0.9231744496394139	0.9910256410256411	0.9487179487179487
28	0.37231915572593954	1.0728871696842455	0.9891025641025641	0.9538461538461539
29	0.3720666567484538	0.9225690947828947	0.9903846153846154	0.9538461538461539
30	0.3719560330913913	0.7862581721880018	0.9910256410256411	0.9615384615384616
31	0.37172042578458786	0.515022585100176	0.9932692307692308	0.9538461538461539
32	0.37167452320908057	0.5020715036507867	0.9942307692307693	0.958974358974359
33	0.37164988237268787	0.5057460459006228	0.9945512820512821	0.9512820512820512
34	0.3716390473502023	0.5813695076566157	0.9945512820512821	0.958974358974359
35	0.3716682063208686	0.9769085126023797	0.9891025641025641	0.9564102564102565
36	0.3715713732951396	1.329850540560556	0.9897435897435898	0.9512820512820512
37	0.3717533036282188	0.5222500873330448	0.9932692307692308	0.958974358974359
38	0.37180506266080415	0.2894525085498664	0.9974358974358974	0.9538461538461539
39	0.37183414697647094	0.26160287163612356	0.996474358974359	0.9512820512820512
40	0.37181853085029415	0.26307965405594214	0.9971153846153846	0.9564102564102565
41	0.3717440764109294	0.29860644850271695	0.9955128205128205	0.9538461538461539
42	0.3717702211335648	0.312509167879138	0.9967948717948718	0.958974358974359
43	0.3717333566058766	0.26624844739523484	0.996474358974359	0.9538461538461539
44	0.37161190774705677	0.23059876130808296	0.9971153846153846	0.958974358974359
45	0.37143445014953613	0.19873908309685304	0.9977564102564103	0.958974358974359
46	0.3713112536897051	0.1924632553439421	0.9974358974358974	0.9564102564102565
47	0.37128664056460065	0.1953908427079726	0.9974358974358974	0.9615384615384616
48	0.37137846557461485	0.2004658886667594	0.9971153846153846	0.958974358974359
49	0.3714107465744019	0.1904348456421071	0.9974358974358974	0.9615384615384616
50	0.3718322398615818	0.1813552439648911	0.9977564102564103	0.9615384615384616
-1	-1	-1	-1	-1
0	0.5192487239837646	101.25780442296242	0.2548076923076923	0.5025641025641026
1	0.44048333168029785	51.420021173905354	0.5342948717948718	0.6384615384615384
2	0.41551899909973145	32.24871498224687	0.6798076923076923	0.7205128205128205
3	0.40321725606918335	23.460290178960683	0.7669871794871795	0.8076923076923077
4	0.395387077331543	20.791623957303106	0.7964743589743589	0.7256410256410256
5	0.39031581083933514	17.025844119033035	0.8336538461538462	0.8487179487179487
6	0.3872607776096889	13.86840705239043	0.8564102564102564	0.8435897435897436
7	0.3847242295742035	14.307708940943893	0.8628205128205129	0.8615384615384616
8	0.38257527351379395	11.181152630825432	0.8839743589743589	0.9153846153846154
9	0.38157598972320556	10.692844167047618	0.9044871794871795	0.8641025641025641
10	0.3802863467823375	10.334079791088493	0.9003205128205128	0.8923076923076924
11	0.3790184060732524	8.465488399778094	0.916025641025641	0.9076923076923077
12	0.3783435271336482	7.6558032814337285	0.9262820512820513	0.8897435897435897
13	0.3777013676507132	7.303054962839399	0.9262820512820513	0.9358974358974359
14	0.37710393269856773	5.9616177294935495	0.9387820512820513	0.9461538461538461
15	0.37637005746364594	3.8765388713503373	0.9596153846153846	0.9487179487179487
16	0.3758135823642506	2.837551347303147	0.9692307692307692	0.9487179487179487
17	0.3751948144700792	3.4172825766347197	0.9669871794871795	0.9153846153846154
18	0.37490616346660416	4.319042594989344	0.9599358974358975	0.9333333333333333
19	0.3748741984367371	3.0170158007923438	0.9682692307692308	0.9358974358974359
20	0.37450878960745676	2.1654976512096367	0.9775641025641025	0.9435897435897436
21	0.37395117499611596	2.174811120487141	0.9746794871794872	0.9333333333333333
22	0.3738928566808286	2.5305295647977264	0.9759615384615384	0.9615384615384616
23	0.3735879361629486	1.3886421793092953	0.9855769230769231	0.9512820512820512
24	0.37334022521972654	1.2855902464813267	0.985897435897436	0.9564102564102565
25	0.37305036874917835	1.5266172829065092	0.9881410256410257	0.9564102564102565
26	0.37306486235724556	0.9867827845832371	0.9891025641025641	0.9512820512820512
27	0.373181871005467	0.6627476767741372	0.9935897435897436	0.9615384615384616
28	0.3731798714604871	0.7808759880147647	0.9939102564102564	0.9435897435897436
29	0.37308102448781333	1.6520724444536075	0.9836538461538461	0.9461538461538461
30	0.3728288758185602	0.6336977750797071	0.9945512820512821	0.958974358974359
31	0.37258681654930115	0.8071360223955114	0.9913461538461539	0.9435897435897436
32	0.37256669998168945	0.9269396264031197	0.989423076923077	0.9487179487179487
33	0.37247906011693616	0.9498806910171192	0.9923076923076923	0.9666666666666667
34	0.37245071274893626	0.48904681000715994	0.9948717948717949	0.9564102564102565
35	0.3723069495624966	0.5641094535833928	0.9948717948717949	0.9615384615384616
36	0.37232948638297414	0.3957261306249147	0.9955128205128205	0.9641025641025641
37	0.3723076205504568	0.36295775312999246	0.9974358974358974	0.9666666666666667
38	0.37257840083195615	0.26054591630889595	0.9974358974358974	0.9666666666666667
39	0.3726361751556396	0.251350117879694	0.9977564102564103	0.9666666666666667
40	0.3724883009747761	0.23312366517266314	0.9980769230769231	0.9641025641025641
41	0.3721866664432344	0.23318872110216107	0.9980769230769231	0.9666666666666667
42	0.37241175562836404	0.229560369901877	0.9977564102564103	0.9666666666666667
43	0.37236712737516925	0.2284755253979024	0.9974358974358974	0.9666666666666667
44	0.37228440708584254	0.2208209617077658	0.9980769230769231	0.9641025641025641
45	0.3720623669417008	0.23299500526894806	0.9974358974358974	0.9641025641025641
46	0.37197047598818517	0.21395030663545037	0.9977564102564103	0.9641025641025641
47	0.37203789750734967	0.21163252631216595	0.9974358974358974	0.9641025641025641
48	0.371989444810517	0.21095714314781486	0.9980769230769231	0.9641025641025641
49	0.37185925006866455	0.2079168387275303	0.9980769230769231	0.9641025641025641
50	0.3717096833621754	0.2082290175099583	0.9974358974358974	0.9641025641025641
51	0.37172379860511195	0.2032172506461597	0.9980769230769231	0.9641025641025641
52	0.37179222646749244	0.20528662577857992	0.9977564102564103	0.9641025641025641
53	0.37177326944139266	0.20394592245830442	0.9980769230769231	0.9641025641025641
-1	-1	-1	-1	-1
0	0.4549746513366699	93.88396138561015	0.2948717948717949	0.5025641025641026
1	0.4132603406906128	49.5077407992616	0.5528846153846154	0.6128205128205129
2	0.39891401926676434	31.97088751014398	0.6871794871794872	0.6666666666666666
3	0.39242660999298096	23.348182751207936	0.7650641025641025	0.7974358974358975
4	0.38878817558288575	18.159246191686513	0.8108974358974359	0.8358974358974359
5	0.3866368929545085	16.94263083594186	0.8355769230769231	0.841025641025641
6	0.38265466690063477	14.680000879326645	0.857051282051282	0.8179487179487179
7	0.38149330019950867	15.029900365946244	0.8605769230769231	0.8666666666666667
8	0.3806733820173476	11.640934064680216	0.8775641025641026	0.8641025641025641
9	0.3792506456375122	12.525353648224655	0.8766025641025641	0.782051282051282
10	0.37783963030034845	14.111845417898529	0.8666666666666667	0.8666666666666667
11	0.3771636287371318	8.517316211243065	0.9105769230769231	0.8923076923076924
12	0.3764914916111873	8.487733965017357	0.9192307692307692	0.9051282051282051
13	0.3762283836092268	6.432377579869057	0.9288461538461539	0.8974358974358975
14	0.37606698671976724	5.6382613951454355	0.9387820512820513	0.9256410256410257
15	0.3759765774011612	5.232941996078102	0.9448717948717948	0.9358974358974359
16	0.37572291318108053	3.808618757303576	0.9634615384615385	0.9358974358974359
17	0.3754885196685791	3.1381534214074516	0.9669871794871795	0.9384615384615385
18	0.37493560188695	3.5410195715269266	0.9682692307692308	0.9307692307692308
19	0.3744747757911682	2.253300778871896	0.9762820512820513	0.941025641025641
20	0.3742779890696208	1.9990027661682392	0.9791666666666666	0.9538461538461539
21	0.37406648289073596	2.0959191410137072	0.9798076923076923	0.9538461538461539
22	0.3740378670070482	1.2741567916260577	0.9852564102564103	0.958974358974359
23	0.3738724887371063	1.2206374857258717	0.9871794871794872	0.9538461538461539
24	0.3736716079711914	4.558493110199212	0.9637820512820513	0.9256410256410257
25	0.373603866650508	4.413514403360231	0.9628205128205128	0.9307692307692308
26	0.3734496964348687	2.0821013622061937	0.9791666666666666	0.9538461538461539
27	0.37356970991407124	2.025183593417157	0.9810897435897435	0.9435897435897436
28	0.37339005799129094	1.0700816114870262	0.9887820512820513	0.9512820512820512
29	0.3732210954030355	0.9594762950413385	0.9903846153846154	0.9538461538461539
30	0.37303393117843137	0.889621313015113	0.9910256410256411	0.9512820512820512
31	0.37287789583206177	0.6796340881419197	0.992948717948718	0.9615384615384616
32	0.37297926527081116	1.049511549814381	0.9881410256410257	0.9435897435897436
33	0.37286975804497213	0.5359859166747644	0.9942307692307693	0.958974358974359
34	0.3728574139731271	0.7076869072910512	0.9935897435897436	0.958974358974359
35	0.3728666570451524	1.4750592546651558	0.9887820512820513	0.9461538461538461
36	0.37299771566648743	0.574129440301402	0.9945512820512821	0.9487179487179487
37	0.37304220074101496	0.3699180072967001	0.996474358974359	0.958974358974359
38	0.3731378591977633	0.34344794484905483	0.996474358974359	0.958974358974359
39	0.3731759190559387	0.31128302282577724	0.9971153846153846	0.958974358974359
40	0.37324816424672197	0.29168702291808213	0.996474358974359	0.958974358974359
41	0.37321660064515616	0.2819152102789043	0.9971153846153846	0.958974358974359
42	0.37322927630224895	0.2748379906381383	0.9971153846153846	0.958974358974359
43	0.373146192594008	0.2793760508226411	0.9967948717948718	0.958974358974359
44	0.3731319056616889	0.27735685282199746	0.9967948717948718	0.958974358974359
45	0.3731133678685064	0.2771033985897832	0.9967948717948718	0.958974358974359
46	0.3730450538878745	0.26893904107968486	0.9971153846153846	0.958974358974359
47	0.3730255315701167	0.26936135874533723	0.9974358974358974	0.958974358974359
48	0.37301147227384607	0.26718446313628064	0.9971153846153846	0.958974358974359
49	0.3729976511001587	0.2576030917086001	0.9971153846153846	0.958974358974359
50	0.3729248000126259	0.268677693995934	0.9974358974358974	0.958974358974359
51	0.37284956070093006	0.2596071519918932	0.9974358974358974	0.9615384615384616
-1	-1	-1	-1	-1
0	0.5033199787139893	101.75856010281309	0.24967948717948718	0.4846153846153846
1	0.4325575828552246	53.45100938057413	0.496474358974359	0.6333333333333333
2	0.4101254145304362	33.64880694175253	0.6766025641025641	0.676923076923077
3	0.39938855171203613	25.303596282491878	0.7477564102564103	0.7923076923076923
4	0.3936272621154785	20.108867788801387	0.7916666666666666	0.7923076923076923
5	0.3891986608505249	17.384012540992426	0.8342948717948718	0.7230769230769231
6	0.38581667627607075	17.656922965633626	0.8301282051282052	0.8102564102564103
7	0.38391122221946716	14.43052125950249	0.8509615384615384	0.882051282051282
8	0.38201019499037003	12.186042289344632	0.8788461538461538	0.8641025641025641
9	0.3808321237564087	10.923638630886467	0.8887820512820512	0.9025641025641026
10	0.38029042157259857	11.22357792513711	0.8868589743589743	0.8666666666666667
11	0.37975271542867023	7.811625939850905	0.9176282051282051	0.9256410256410257
12	0.37900378153874326	8.479478413657267	0.9208333333333333	0.8923076923076924
13	0.37833969933646067	6.90482923722997	0.930448717948718	0.9179487179487179
14	0.37793200810750327	4.926089569165999	0.9538461538461539	0.9358974358974359
15	0.3774632066488266	4.110872926760693	0.9544871794871795	0.9179487179487179
16	0.3768595807692584	3.754055821051707	0.9628205128205128	0.9435897435897436
17	0.37674200534820557	3.212366785511983	0.9634615384615385	0.9487179487179487
18	0.37679573109275416	6.83782646576969	0.9368589743589744	0.8769230769230769
19	0.3767242431640625	4.63273614318091	0.9564102564102565	0.9307692307692308
20	0.3763179665520078	3.7354174460835603	0.9634615384615385	0.9692307692307692
21	0.37601124156605115	2.474590182532461	0.9733974358974359	0.9564102564102565
22	0.3758080109306004	1.7944285628214782	0.9801282051282051	0.9666666666666667
23	0.3755725423494975	1.9339921887089708	0.9801282051282051	0.9692307692307692
24	0.3751350975036621	1.2932579884856787	0.9862179487179488	0.9743589743589743
25	0.37488940128913295	1.321330483166539	0.9852564102564103	0.9641025641025641
26	0.3746254002606427	0.6356095975450221	0.9926282051282052	0.9717948717948718
27	0.3744976350239345	1.6763507832763527	0.9839743589743589	0.9769230769230769
28	0.3743398189544678	1.098054250889952	0.9881410256410257	0.9717948717948718
29	0.3742185672124227	0.7090521276291764	0.9935897435897436	0.9794871794871794
30	0.3741209199351649	0.5698236855434738	0.9958333333333333	0.9794871794871794
31	0.37409161776304245	0.4498417365485897	0.9958333333333333	0.982051282051282
32	0.37398695223259204	0.4931542874689271	0.9945512820512821	0.9794871794871794
33	0.3740048057892743	0.3047045350721586	0.9967948717948718	0.9769230769230769
34	0.3739281177520752	0.3252783381872827	0.9971153846153846	0.982051282051282
35	0.37396354807747734	0.25885643368264377	0.9977564102564103	0.9794871794871794
36	0.37383534457232503	0.25881761847030044	0.9974358974358974	0.9794871794871794
37	0.37368867271824885	0.2360767467420819	0.9977564102564103	0.9794871794871794
38	0.3736491142175136	0.22950266142221637	0.9971153846153846	0.9794871794871794
39	0.3735995292663574	0.23787205742656642	0.9974358974358974	0.9794871794871794
40	0.37344066689654093	0.23607144955969153	0.996474358974359	0.9794871794871794
41	0.3734109855833508	0.23534485385830428	0.9977564102564103	0.9794871794871794
42	0.37331285587576934	0.21779076092093883	0.9977564102564103	0.9794871794871794
43	0.37323942509564484	0.21151073660788527	0.9977564102564103	0.9794871794871794
44	0.373158778084649	0.21568612457574962	0.9977564102564103	0.9794871794871794
45	0.3732949598975804	0.21238766289002806	0.9974358974358974	0.9794871794871794
46	0.3733107181305581	0.2191578436791968	0.9974358974358974	0.9794871794871794
47	0.37319375077883404	0.208204287635899	0.9977564102564103	0.9794871794871794
48	0.37315741363836796	0.19851926341923862	0.9977564102564103	0.9794871794871794
49	0.3730944538116455	0.1987102211674863	0.9977564102564103	0.9794871794871794
50	0.37307043636546416	0.20768390695864544	0.9974358974358974	0.9794871794871794
51	0.3729441165924072	0.18816191345683123	0.9980769230769231	0.9794871794871794
-1	-1	-1	-1	-1
0	0.45006608963012695	97.94197806533502	0.2766025641025641	0.5205128205128206
1	0.4088059663772583	50.081941254284914	0.5448717948717948	0.5641025641025641
2	0.3949596087137858	32.639732214869284	0.6862179487179487	0.7333333333333333
3	0.38745808601379395	25.313049180167063	0.7442307692307693	0.7538461538461538
4	0.38407387733459475	20.842368967679082	0.7926282051282051	0.764102564102564
5	0.3823421398798625	15.368611418471044	0.8439102564102564	0.7692307692307693
6	0.38073716844831196	17.553172174765137	0.8307692307692308	0.8
7	0.37916070222854614	13.209941289862808	0.8650641025641026	0.8461538461538461
8	0.37803986337449813	10.989861135580101	0.8846153846153846	0.882051282051282
9	0.3778847217559814	10.381789635638802	0.896474358974359	0.8692307692307693
10	0.3774014819752086	8.24523205066822	0.9157051282051282	0.8846153846153846
11	0.3767065803209941	8.595960177937332	0.9137820512820513	0.9256410256410257
12	0.3763424249795767	6.515000135922919	0.933974358974359	0.8589743589743589
13	0.3762187787464687	6.389057769763227	0.9358974358974359	0.9
14	0.37588456471761067	6.031244364320015	0.9391025641025641	0.9051282051282051
15	0.37576423585414886	4.352911857774063	0.9557692307692308	0.9205128205128205
16	0.3756867436801686	4.419106835461393	0.9544871794871795	0.8769230769230769
17	0.37544849183824325	12.81298071069985	0.9092948717948718	0.8948717948717949
18	0.37532727341902883	6.093796218650377	0.9365384615384615	0.9153846153846154
19	0.3750368595123291	4.478145129522499	0.9544871794871795	0.9282051282051282
20	0.3745726403735933	2.709574193446612	0.9724358974358974	0.9384615384615385
21	0.37430301579562103	2.2843986634469156	0.9766025641025641	0.958974358974359
22	0.37401870022649353	2.9896315709706776	0.9743589743589743	0.941025641025641
23	0.3738098442554474	3.3875668460541233	0.9692307692307692	0.9564102564102565
24	0.37344941139221194	1.822768780017956	0.9833333333333333	0.9487179487179487
25	0.3732297053703895	1.3552550460706103	0.9833333333333333	0.9564102564102565
26	0.37305297674956145	1.52158528331154	0.9855769230769231	0.9358974358974359
27	0.372850809778486	1.3733415336025006	0.9884615384615385	0.9615384615384616
28	0.37276803213974524	1.0678611446400077	0.9903846153846154	0.958974358974359
29	0.3724626223246256	1.265060560754025	0.9871794871794872	0.9461538461538461
30	0.3724478137108587	1.773985103951121	0.985897435897436	0.9666666666666667
31	0.37229765206575394	1.2067486727776537	0.9881410256410257	0.9435897435897436
32	0.37215675729693787	0.9777869501350713	0.9887820512820513	0.9666666666666667
33	0.371986515381757	0.9391407927246385	0.9897435897435898	0.9564102564102565
34	0.3720462390354701	0.42700255419274946	0.9961538461538462	0.9615384615384616
35	0.37210987673865425	0.3208549456871043	0.9971153846153846	0.9615384615384616
36	0.37207463625315074	0.2739516393559491	0.9974358974358974	0.958974358974359
37	0.3719733890734221	0.26033901770264195	0.9977564102564103	0.9615384615384616
38	0.371917908008282	0.2513587987121689	0.9974358974358974	0.9641025641025641
39	0.37188865542411803	0.2568983045009877	0.9977564102564103	0.9666666666666667
40	0.3718366274019567	0.2529742499698804	0.9977564102564103	0.9666666666666667
41	0.3717653921672276	0.24049964340638882	0.9971153846153846	0.9641025641025641
42	0.3715766806935155	0.2489170592348923	0.9977564102564103	0.9641025641025641
43	0.3714040517807007	0.23597113714232382	0.9977564102564103	0.9641025641025641
44	0.37132550875345866	0.2423705570992232	0.9974358974358974	0.9641025641025641
45	0.3713641011196634	0.24101525443345925	0.9967948717948718	0.9641025641025641
46	0.371367114655515	0.2469154266842192	0.9974358974358974	0.9641025641025641
47	0.37138525644938153	0.2322260095840035	0.9977564102564103	0.9615384615384616
48	0.37135507135975115	0.23470603339540372	0.9977564102564103	0.9641025641025641
49	0.3713253116607666	0.2280469680615114	0.9974358974358974	0.9641025641025641
50	0.3713693618774414	0.2268111198813576	0.9974358974358974	0.9641025641025641
-1	-1	-1	-1	-1
0	0.46180295944213867	91.78765330022695	0.31634615384615383	0.5461538461538461
1	0.4157651662826538	51.18847052905024	0.5330128205128205	0.6538461538461539
2	0.40020068486531574	32.66266600939692	0.6903846153846154	0.6974358974358974
3	0.39377808570861816	25.934330696962316	0.7426282051282052	0.764102564102564
4	0.3892660140991211	17.3242001630822	0.8182692307692307	0.8025641025641026
5	0.3863825798034668	18.126195630248713	0.8179487179487179	0.8076923076923077
6	0.38427564076014925	16.96233426794714	0.8346153846153846	0.8153846153846154
7	0.3826906383037567	14.060050030143893	0.8586538461538461	0.8769230769230769
8	0.381881766849094	13.258059027243634	0.8717948717948718	0.8538461538461538
9	0.38070120811462405	11.919535477550662	0.8830128205128205	0.8666666666666667
10	0.3796021721579812	11.782523780452962	0.8823717948717948	0.8487179487179487
11	0.3787377079327901	9.225058590879245	0.9115384615384615	0.8564102564102564
12	0.37816927983210635	11.73926192643691	0.8939102564102565	0.8589743589743589
13	0.37752836091177805	7.9694066333527465	0.9179487179487179	0.9102564102564102
14	0.3775433858235677	6.623598794547879	0.9310897435897436	0.9256410256410257
15	0.37740086019039154	5.067330082840457	0.9461538461538461	0.9076923076923077
16	0.37695980072021484	4.599455736349432	0.9493589743589743	0.9256410256410257
17	0.3769010305404663	3.021705138516061	0.9669871794871795	0.9282051282051282
18	0.37660015256781326	2.8968052005737412	0.9669871794871795	0.9512820512820512
19	0.3762198805809021	2.6169627470021344	0.9689102564102564	0.9461538461538461
20	0.37605714797973633	2.8165877091945433	0.9689102564102564	0.9230769230769231
21	0.3758390491658991	2.6914925359721695	0.9717948717948718	0.9358974358974359
22	0.3755432419154955	2.1272506510116616	0.9737179487179487	0.958974358974359
23	0.3754549225171407	1.2026227667039184	0.9884615384615385	0.958974358974359
24	0.3753458404541016	1.5499168831750523	0.9842948717948717	0.9615384615384616
25	0.3752367129692665	1.5566767980807878	0.9826923076923076	0.9564102564102565
26	0.37490244264955874	1.108526791916324	0.9881410256410257	0.9512820512820512
27	0.37466706548418316	1.4854036575534895	0.9839743589743589	0.9384615384615385
28	0.37456601241539267	1.6541427744229382	0.982051282051282	0.9461538461538461
29	0.3745018482208252	0.8939666541445316	0.9900641025641026	0.9512820512820512
30	0.37442213489163306	1.0282012548295267	0.9900641025641026	0.9666666666666667
31	0.37417761981487274	0.6221871923237127	0.9926282051282052	0.958974358974359
32	0.37399671294472436	0.6683352729068043	0.9939102564102564	0.9692307692307692
33	0.3740183185128605	0.35735239430535015	0.9967948717948718	0.9615384615384616
34	0.3739784445081438	0.28114102204288394	0.9980769230769231	0.9666666666666667
35	0.37391183111402726	0.3327236165107247	0.9958333333333333	0.9615384615384616
36	0.37372219240343246	0.5692566354484035	0.9932692307692308	0.9666666666666667
37	0.37362424323433324	0.4603335808485043	0.9951923076923077	0.9666666666666667
38	0.37344966179285294	0.34275640883157504	0.9967948717948718	0.9666666666666667
39	0.3733891129493713	0.24256216234863706	0.9974358974358974	0.9666666666666667
40	0.37335209730194835	0.24471849754916883	0.9977564102564103	0.9666666666666667
41	0.37322773819877986	0.2330659926649657	0.9977564102564103	0.9692307692307692
42	0.3731758483620577	0.21428263232385744	0.9977564102564103	0.9666666666666667
43	0.37316445870832965	0.21402271348452648	0.9980769230769231	0.9666666666666667
44	0.37303545739915633	0.21787345132223873	0.9980769230769231	0.9692307692307692
45	0.3730440139770508	0.24188142654681116	0.9977564102564103	0.9666666666666667
46	0.37284382353437706	0.2727537368152799	0.996474358974359	0.9641025641025641
47	0.37278881172339123	0.3347779723362135	0.9971153846153846	0.9641025641025641
48	0.3728493525057423	0.23022650630654035	0.9974358974358974	0.9666666666666667
49	0.372826132774353	0.2108783384328304	0.9980769230769231	0.9692307692307692
50	0.3728203352759866	0.2084548630484315	0.9980769230769231	0.9666666666666667
51	0.37266793159338146	0.20806923366092875	0.9980769230769231	0.9692307692307692
52	0.3725647161591728	0.1995968718528813	0.9977564102564103	0.9666666666666667
-1	-1	-1	-1	-1
0	0.5223331451416016	93.7053109577724	0.30416666666666664	0.5487179487179488
1	0.44449007511138916	50.13016130486313	0.5391025641025641	0.5461538461538461
2	0.41867788632710773	33.02258110046387	0.6820512820512821	0.7384615384615385
3	0.40685147047042847	23.52470353184914	0.7657051282051283	0.8025641025641026
4	0.4008942604064941	21.37531041125862	0.8006410256410257	0.7717948717948718
5	0.39561939239501953	16.915199391695918	0.830448717948718	0.8
6	0.39227962493896484	14.882243771942294	0.8483974358974359	0.8358974358974359
7	0.38994377851486206	10.857005721452285	0.8852564102564102	0.8615384615384616
8	0.38770386907789445	10.971001497336797	0.8900641025641025	0.8794871794871795
9	0.38588542938232423	10.39686021999437	0.8907051282051283	0.8948717948717949
10	0.3842443986372514	12.241149564178622	0.8894230769230769	0.7743589743589744
11	0.3827504316965739	13.295205512825323	0.8772435897435897	0.8743589743589744
12	0.38159783069904035	8.216344605903236	0.9176282051282051	0.8974358974358975
13	0.380542380469186	7.156095644649194	0.9256410256410257	0.8794871794871795
14	0.3797927697499593	6.072976644550051	0.9403846153846154	0.9179487179487179
15	0.37905995547771454	5.356138493333544	0.9413461538461538	0.9
16	0.37853440116433534	3.837349038495093	0.9641025641025641	0.9256410256410257
17	0.3781452708774143	4.055839953240843	0.9586538461538462	0.9153846153846154
18	0.37763700987163346	3.4075322384584923	0.9634615384615385	0.9307692307692308
19	0.3772242784500122	2.2108842273318796	0.9740384615384615	0.9358974358974359
20	0.3768305097307478	2.0938126712381764	0.978525641025641	0.9333333333333333
21	0.3764196309176358	2.3308646456547537	0.978525641025641	0.9512820512820512
22	0.37601178625355597	1.7721470996205295	0.9798076923076923	0.9538461538461539
23	0.3758203387260437	2.300419230869382	0.9775641025641025	0.9512820512820512
24	0.3756297302246094	1.7644447216631047	0.9810897435897435	0.9282051282051282
25	0.3751426568398109	2.4232894277808312	0.9766025641025641	0.9307692307692308
26	0.37498536816349737	1.4627829406847608	0.9830128205128205	0.9435897435897436
27	0.37485133750098093	1.1149066943219121	0.9887820512820513	0.9461538461538461
28	0.3744225913080676	0.6996831588104976	0.992948717948718	0.9538461538461539
29	0.37414063612620035	0.966132639015179	0.9913461538461539	0.9641025641025641
30	0.3740155004685925	1.2270782891463736	0.9884615384615385	0.9512820512820512
31	0.37387899309396744	0.6422905331253007	0.9939102564102564	0.9435897435897436
32	0.3737779675108014	0.9059352024496362	0.9913461538461539	0.958974358974359
33	0.37362323789035573	0.6917700862645039	0.9935897435897436	0.958974358974359
34	0.3735441071646554	0.50877863598384	0.9945512820512821	0.9564102564102565
35	0.37354936864640975	0.4348432254426333	0.9945512820512821	0.958974358974359
36	0.3734831552247743	0.45620218091455766	0.9945512820512821	0.958974358974359
37	0.3734224093587775	0.3251863158045441	0.9971153846153846	0.9641025641025641
38	0.3733188983721611	0.38747477106428085	0.9955128205128205	0.9564102564102565
39	0.37331296801567077	0.36598157624022715	0.9967948717948718	0.958974358974359
40	0.3732937836065525	0.4097569120622582	0.9961538461538462	0.9564102564102565
41	0.37326493717375253	0.3023505363267685	0.996474358974359	0.9564102564102565
42	0.3732049243394719	0.2547273453974227	0.9974358974358974	0.9564102564102565
43	0.3732445348392833	0.3671256412559828	0.996474358974359	0.9615384615384616
44	0.373158942328559	0.40820880299275925	0.9961538461538462	0.958974358974359
45	0.3731517325276914	0.26340597902407703	0.9977564102564103	0.958974358974359
46	0.3732540505997678	0.23166822268890708	0.9980769230769231	0.958974358974359
47	0.37328561147054035	0.22282474627777726	0.9980769230769231	0.958974358974359
48	0.37320929644059164	0.22189646207832028	0.9971153846153846	0.9615384615384616
49	0.3731528091430664	0.2103652545846931	0.9980769230769231	0.9615384615384616
-1	-1	-1	-1	-1
0	0.4676849842071533	95.19889504568917	0.28910256410256413	0.5435897435897435
1	0.4187270402908325	49.81565385935258	0.5548076923076923	0.6384615384615384
2	0.4031659762064616	31.816640844150466	0.6939102564102564	0.7256410256410256
3	0.395302414894104	23.96433907139058	0.7660256410256411	0.7743589743589744
4	0.38987231254577637	18.923484104020254	0.8115384615384615	0.7948717948717948
5	0.3866463899612427	15.917900744749575	0.8323717948717949	0.8153846153846154
6	0.3843326228005545	14.887738704681396	0.8474358974358974	0.8128205128205128
7	0.3825240433216095	13.831189678639781	0.8573717948717948	0.8435897435897436
8	0.38050413131713867	10.357994034582255	0.8926282051282052	0.8692307692307693
9	0.37906177043914796	10.605108555482358	0.8967948717948718	0.8717948717948718
10	0.3784917267886075	10.32295243350827	0.8935897435897436	0.8948717948717949
11	0.37771570682525635	8.289937456043399	0.9150641025641025	0.8743589743589744
12	0.3773778768686148	6.26514638990772	0.9317307692307693	0.8794871794871795
13	0.3767047269003732	5.226287792835917	0.9483974358974359	0.9102564102564102
14	0.37644936243693033	5.142235941196582	0.9496794871794871	0.9230769230769231
15	0.3759468197822571	8.576347811793795	0.9243589743589744	0.9
16	0.37533653483671303	5.528102979976303	0.9442307692307692	0.8974358974358975
17	0.3748675054974026	4.322275717381616	0.9580128205128206	0.9128205128205128
18	0.37423507790816457	4.405520490693803	0.9583333333333334	0.9256410256410257
19	0.37386445999145507	3.032490343007506	0.9673076923076923	0.9128205128205128
20	0.3737234842209589	2.729734942450055	0.9705128205128205	0.9333333333333333
21	0.3734553943980824	2.2902993739544586	0.9717948717948718	0.9487179487179487
22	0.3733947277069092	1.1893156794451025	0.985897435897436	0.9461538461538461
23	0.3731197118759155	1.531964742084395	0.9855769230769231	0.941025641025641
24	0.3728733444213867	2.123956479065652	0.9782051282051282	0.941025641025641
25	0.3727143727816068	1.2647306886976775	0.985897435897436	0.9435897435897436
26	0.37263287438286674	0.9249476070933956	0.9897435897435898	0.9564102564102565
27	0.3726345385823931	0.6903416114397185	0.9926282051282052	0.9564102564102565
28	0.3723760308890507	1.5590046220102671	0.9833333333333333	0.9384615384615385
29	0.37241939703623456	2.007702070763525	0.9833333333333333	0.9384615384615385
30	0.37239898404767435	1.8713346389407406	0.9814102564102564	0.9435897435897436
31	0.372454009950161	1.1824880855975255	0.9868589743589744	0.9564102564102565
32	0.3724277380741004	1.516864211920991	0.9852564102564103	0.958974358974359
33	0.3722785711288452	0.777713660799366	0.9913461538461539	0.941025641025641
34	0.37212350027901786	0.6179155480088095	0.9919871794871795	0.9487179487179487
35	0.3721045255661011	0.5826602510666019	0.9939102564102564	0.9538461538461539
36	0.37203636040558685	0.6669897052188575	0.9939102564102564	0.958974358974359
37	0.37183692580775213	0.6253792244693911	0.9932692307692308	0.9641025641025641
38	0.37177137839488494	0.6283020057224868	0.992948717948718	0.9564102564102565
39	0.37179848551750183	0.42837794605471496	0.9958333333333333	0.9564102564102565
40	0.3717694049928246	0.34110980618766473	0.9958333333333333	0.958974358974359
41	0.3717925548553467	0.3174675293183619	0.9974358974358974	0.958974358974359
42	0.3718216585558514	0.2948088673096654	0.9974358974358974	0.9641025641025641
43	0.37177588181062177	0.3123594203183418	0.9967948717948718	0.958974358974359
44	0.3718193954891629	0.3745696467611159	0.9958333333333333	0.958974358974359
45	0.37172290553217346	0.3938025385889757	0.9961538461538462	0.9615384615384616
46	0.3718307424098887	0.31528690050068614	0.9961538461538462	0.9564102564102565
47	0.3717930217583974	0.2897446855590251	0.9971153846153846	0.9564102564102565
48	0.37198365464502453	0.2784980127297767	0.9967948717948718	0.9564102564102565
49	0.37198123931884763	0.2718319852523267	0.9974358974358974	0.9564102564102565
50	0.371936793420829	0.2739163684056658	0.9967948717948718	0.9564102564102565
51	0.37176783268268293	0.2698644389846387	0.9967948717948718	0.9564102564102565
52	0.3716830442536552	0.2612612679167796	0.9967948717948718	0.9564102564102565
53	0.37158083474194564	0.2572754758579582	0.9974358974358974	0.9564102564102565
54	0.3716485023498535	0.2560464443454943	0.9971153846153846	0.9564102564102565
55	0.3716152480670384	0.25218442660726786	0.9974358974358974	0.9564102564102565
56	0.3714465634864673	0.25365298566552785	0.9974358974358974	0.9564102564102565
57	0.37134368666287126	0.25152384495120306	0.9967948717948718	0.9564102564102565
-1	-1	-1	-1	-1
0	0.5187168121337891	94.20971734183175	0.3032051282051282	0.517948717948718
1	0.4434462785720825	51.240288208942026	0.5371794871794872	0.558974358974359
2	0.4170556863149007	33.05592543738229	0.6849358974358974	0.7282051282051282
3	0.40327441692352295	25.42180304138028	0.7467948717948718	0.735897435897436
4	0.39638452529907225	19.62945152788746	0.8067307692307693	0.7487179487179487
5	0.3912201722462972	16.14750442456226	0.8426282051282051	0.7615384615384615
6	0.3877477305276053	15.7020666161362	0.8407051282051282	0.7794871794871795
7	0.38542288541793823	11.94137003227156	0.8737179487179487	0.8128205128205128
8	0.38363636864556205	11.372550822642385	0.8862179487179487	0.8487179487179487
9	0.38154942989349366	10.089763662036585	0.9022435897435898	0.8794871794871795
10	0.3802005811171098	10.534791939112605	0.8990384615384616	0.8512820512820513
11	0.3794155915578206	9.18289032274363	0.9092948717948718	0.8641025641025641
12	0.37873878845801723	8.670930607586492	0.9169871794871794	0.8794871794871795
13	0.37813184942517963	6.4175966786486764	0.9368589743589744	0.9205128205128205
14	0.3774679978688558	5.855543779475348	0.9448717948717948	0.9307692307692308
15	0.3766307234764099	3.9094263139579977	0.9612179487179487	0.9205128205128205
16	0.37587502423454733	5.008051134189781	0.9512820512820512	0.9307692307692308
17	0.3756027883953518	3.777877793248211	0.9580128205128206	0.9307692307692308
18	0.37522825441862406	2.8990526990299776	0.9689102564102564	0.9487179487179487
19	0.3750384092330933	3.1648396162354215	0.9698717948717949	0.9230769230769231
20	0.37458624158586773	2.233797511637059	0.9762820512820513	0.9076923076923077
21	0.37460205771706323	2.0607343327006973	0.9769230769230769	0.9487179487179487
22	0.37431717955547833	2.485970848125919	0.9759615384615384	0.9461538461538461
23	0.3741915126641591	1.7316724051322256	0.9810897435897435	0.9487179487179487
24	0.3739308834075928	1.9274006670683015	0.9798076923076923	0.9512820512820512
25	0.37362789190732515	1.5172786153472808	0.9842948717948717	0.941025641025641
26	0.3733678570500127	1.4265821684170894	0.9839743589743589	0.9538461538461539
27	0.37328663894108366	1.2595328757520385	0.9862179487179488	0.9461538461538461
28	0.3730714074496565	1.3567523893434554	0.9868589743589744	0.941025641025641
29	0.37295411427815756	0.7188820639679836	0.9910256410256411	0.958974358974359
30	0.37278906760677216	0.5548096629232644	0.9945512820512821	0.9487179487179487
31	0.37259942293167114	0.5373067835913686	0.9945512820512821	0.9615384615384616
32	0.37253742507009796	0.9699025157938844	0.9907051282051282	0.9564102564102565
33	0.3725065694135778	0.5521781430365897	0.9939102564102564	0.9564102564102565
34	0.37245317867824007	0.470935230495287	0.9951923076923077	0.9615384615384616
35	0.3723527193069458	0.38863888786296713	0.9961538461538462	0.958974358974359
36	0.37219588820998734	0.6728479534269391	0.992948717948718	0.9615384615384616
37	0.3722516172810605	0.8382895697675626	0.9910256410256411	0.9564102564102565
38	0.3721640476813683	0.6370391321560958	0.9939102564102564	0.9615384615384616
39	0.3720481038093567	0.380616448609377	0.996474358974359	0.9641025641025641
40	0.37191514852570323	0.31419023456781325	0.9974358974358974	0.9564102564102565
41	0.37203493572416757	0.2886382974865395	0.9967948717948718	0.958974358974359
42	0.37202021133068	0.2896801483329167	0.9967948717948718	0.9615384615384616
43	0.372026573527943	0.27771024658818066	0.9974358974358974	0.9615384615384616
44	0.372015725241767	0.27006868334761486	0.9967948717948718	0.9615384615384616
45	0.37199247919994854	0.2642891817731837	0.9967948717948718	0.958974358974359
46	0.37194003957383176	0.2624805879634235	0.9974358974358974	0.9615384615384616
47	0.3719366391499837	0.26786611663630205	0.9974358974358974	0.9615384615384616
48	0.3720618948644521	0.2744929518515591	0.9967948717948718	0.958974358974359
49	0.37202800273895265	0.2603124624343318	0.9971153846153846	0.9564102564102565
50	0.37205086969861795	0.2618261185446184	0.9971153846153846	0.9641025641025641
51	0.37195015870607817	0.2575318782525514	0.9967948717948718	0.9615384615384616
52	0.3719647380540956	0.2528981005988851	0.9967948717948718	0.9641025641025641
53	0.3719954314055266	0.2677150039110399	0.9974358974358974	0.9615384615384616
54	0.37202046567743474	0.25320094195803344	0.9971153846153846	0.9641025641025641
55	0.3720662295818329	0.25110129438214746	0.9967948717948718	0.9615384615384616
56	0.372080033285576	0.25600440716895106	0.9967948717948718	0.9641025641025641
57	0.372087260772442	0.2503519877164039	0.9971153846153846	0.9641025641025641
58	0.37212220693038683	0.2561977519041963	0.9967948717948718	0.9641025641025641
59	0.37204941511154177	0.25037881118146754	0.9971153846153846	0.9641025641025641
-1	-1	-1	-1	-1
0	0.4599902629852295	94.84507897435402	0.29423076923076924	0.49743589743589745
1	0.41317617893218994	52.79897617807194	0.5144230769230769	0.6102564102564103
2	0.3986531098683675	34.65395248179533	0.6711538461538461	0.6692307692307692
3	0.3912655711174011	23.267575913546036	0.7650641025641025	0.7307692307692307
4	0.38697428703308107	19.4689163869741	0.8108974358974359	0.7512820512820513
5	0.3855273723602295	17.461921419416154	0.8259615384615384	0.7871794871794872
6	0.38483050891331266	14.100944219803324	0.857051282051282	0.8615384615384616
7	0.3846678137779236	14.276877043198565	0.8576923076923076	0.7769230769230769
8	0.3836050828297933	14.078579155766235	0.860897435897436	0.8256410256410256
9	0.38234753608703614	11.7845517688868	0.8852564102564102	0.8384615384615385
10	0.381506854837591	8.691962858852076	0.9134615384615384	0.8615384615384616
11	0.3818007906277974	9.538689225303884	0.9092948717948718	0.8897435897435897
12	0.3815530263460599	8.620207119961174	0.9173076923076923	0.8794871794871795
13	0.3807734591620309	7.275328683609865	0.9262820512820513	0.8948717948717949
14	0.38013916015625	5.242817773350647	0.9477564102564102	0.8846153846153846
15	0.379225954413414	4.29187471385361	0.955448717948718	0.9128205128205128
16	0.37868426827823415	3.5822544617160244	0.9628205128205128	0.9128205128205128
17	0.37847766611311173	3.8831514361485535	0.9605769230769231	0.941025641025641
18	0.37830967652170283	3.4612168505483742	0.9621794871794872	0.9256410256410257
19	0.37797045707702637	3.234256676113119	0.9708333333333333	0.941025641025641
20	0.3775463444846017	2.8040145184388576	0.9743589743589743	0.9358974358974359
21	0.37715531479228626	1.4568032793301557	0.9842948717948717	0.9512820512820512
22	0.37686852786851965	1.5249748510850252	0.9810897435897435	0.941025641025641
23	0.376546045144399	2.066648585436752	0.9769230769230769	0.941025641025641
24	0.3764465236663818	1.2126023661848917	0.9878205128205129	0.9564102564102565
25	0.3768516687246469	0.9206394670312578	0.9910256410256411	0.9487179487179487
26	0.37676345860516586	0.8135282958011922	0.9932692307692308	0.9512820512820512
27	0.37636585746492657	0.6760980892440599	0.992948717948718	0.9358974358974359
28	0.3762368004897545	1.1154151654289084	0.9891025641025641	0.9461538461538461
29	0.376102622350057	0.7305788265859556	0.9932692307692308	0.9487179487179487
30	0.37570468071968327	0.8326089350626642	0.9919871794871795	0.9461538461538461
31	0.37554503977298737	0.7860733327462947	0.9916666666666667	0.9538461538461539
32	0.37533023863127735	0.5743233848337027	0.9935897435897436	0.9461538461538461
33	0.3751199245452881	0.6931161983128713	0.9916666666666667	0.9487179487179487
34	0.3749920981270926	0.4343776681492514	0.9971153846153846	0.9487179487179487
35	0.37475698524051243	0.3146097442991699	0.996474358974359	0.9461538461538461
36	0.37462677182377996	0.2545750197486439	0.9974358974358974	0.9487179487179487
37	0.3745742534336291	0.29210168502812645	0.9967948717948718	0.9435897435897436
38	0.3745506421113626	0.41094129290063486	0.9951923076923077	0.9435897435897436
39	0.3744973480701447	0.22519661611993202	0.9977564102564103	0.9487179487179487
40	0.37438143753423925	0.20410412380101198	0.9977564102564103	0.9487179487179487
41	0.37444257736206055	0.23370124412313276	0.996474358974359	0.9487179487179487
42	0.374575886615487	0.20038497374123984	0.9977564102564103	0.9512820512820512
43	0.37459278106689453	0.20004787387733813	0.9977564102564103	0.9487179487179487
44	0.37456460528903535	0.1827051294416638	0.9980769230769231	0.9538461538461539
-1	-1	-1	-1	-1
0	0.5089833736419678	94.87356047727624	0.2846153846153846	0.49743589743589745
1	0.44132328033447266	51.961279470093395	0.5243589743589744	0.6512820512820513
2	0.41744565963745117	31.79646345060699	0.6955128205128205	0.7333333333333333
3	0.40422046184539795	22.143128044751226	0.7740384615384616	0.7307692307692307
4	0.39632382392883303	21.802982865547648	0.7849358974358974	0.8307692307692308
5	0.3913874626159668	17.633637214193538	0.8246794871794871	0.8
6	0.3873020240238735	12.429460406303406	0.8708333333333333	0.8
7	0.38473498821258545	18.198794537661026	0.8275641025641025	0.6948717948717948
8	0.3820871247185601	16.178633976955805	0.8471153846153846	0.8205128205128205
9	0.3802818298339844	12.569237305193532	0.8794871794871795	0.8589743589743589
10	0.3789431398565119	8.833683254159226	0.916025641025641	0.8307692307692308
11	0.3773606816927592	8.826737116794197	0.9157051282051282	0.8487179487179487
12	0.37683974779569185	6.7392804418899575	0.9317307692307693	0.8974358974358975
13	0.37610033580235075	5.686394226414208	0.9391025641025641	0.9333333333333333
14	0.3753391742706299	5.067922322725763	0.9490384615384615	0.9025641025641026
15	0.3744601905345917	3.765290611974743	0.9557692307692308	0.9205128205128205
16	0.37393663911258473	4.176259991617835	0.958974358974359	0.9025641025641026
17	0.37368375725216335	3.1718965680623543	0.9653846153846154	0.9461538461538461
18	0.3733470941844739	2.514353460309153	0.9721153846153846	0.9384615384615385
19	0.37285982370376586	2.612600271418995	0.9701923076923077	0.9179487179487179
20	0.37250598271687824	1.6328174669523627	0.9833333333333333	0.9358974358974359
21	0.3723545182834972	2.447257422633013	0.9740384615384615	0.9384615384615385
22	0.3718140850896421	2.1014736071989244	0.9772435897435897	0.9307692307692308
23	0.3715141514937083	1.9489415094104348	0.9791666666666666	0.9512820512820512
24	0.3717310333251953	1.4746571467258036	0.9852564102564103	0.9538461538461539
25	0.3718739839700552	0.9528455579539343	0.9903846153846154	0.9230769230769231
26	0.37213601889433684	2.0171569650660137	0.9766025641025641	0.941025641025641
27	0.37228357791900635	1.024400445076694	0.9887820512820513	0.9512820512820512
28	0.3723697908993425	1.2362503116850607	0.9887820512820513	0.9512820512820512
29	0.3723857561747233	1.2088345605713715	0.9881410256410257	0.9384615384615385
30	0.3723893011769941	1.5451371764136972	0.9855769230769231	0.9538461538461539
31	0.3725818172097206	1.052361469107623	0.9900641025641026	0.9564102564102565
32	0.3725989587379224	0.599375980766015	0.9939102564102564	0.9564102564102565
33	0.3727046812281889	0.3895316863556069	0.9961538461538462	0.9641025641025641
34	0.37276425361633303	0.4434014239018232	0.9945512820512821	0.9641025641025641
35	0.372708002726237	0.26427928033630527	0.9967948717948718	0.958974358974359
36	0.3728411390974715	0.23040631212643348	0.9974358974358974	0.958974358974359
37	0.37254123938711065	0.3794880624853398	0.9955128205128205	0.9615384615384616
38	0.37247690176352477	0.22108003497984954	0.9971153846153846	0.9615384615384616
39	0.37242066860198975	0.3508500033729396	0.9977564102564103	0.9641025641025641
40	0.37235404805439276	0.23477617346168478	0.9967948717948718	0.9641025641025641
41	0.37233117080870126	0.14084308709158105	0.9980769230769231	0.958974358974359
42	0.37229332258534986	0.1166107504128488	0.9987179487179487	0.9615384615384616
43	0.3720929405905984	0.11005561680673165	0.9990384615384615	0.9666666666666667
44	0.37208668920728893	0.10803263202236552	0.9987179487179487	0.9666666666666667
45	0.3721300674521405	0.11709457329131083	0.9983974358974359	0.9641025641025641
46	0.37222941885603233	0.1280455691791888	0.9983974358974359	0.9692307692307692
47	0.3722838858763377	0.30168352622080863	0.9971153846153846	0.958974358974359
48	0.3723259312765939	0.1660582531295237	0.9980769230769231	0.958974358974359
49	0.3723259162902832	0.17355613023792846	0.9977564102564103	0.9666666666666667
50	0.3722830052469291	0.10100149110476937	0.9987179487179487	0.9692307692307692
51	0.3723316559424767	0.10089472420477992	0.9990384615384615	0.9666666666666667
52	0.37232898766139766	0.09117834435127574	0.9990384615384615	0.9666666666666667
53	0.3720504707760281	0.09132200444063139	0.9987179487179487	0.9666666666666667
54	0.37193807688626374	0.09734896090498185	0.9983974358974359	0.9666666666666667
55	0.37204374160085407	0.09137656087203104	0.9990384615384615	0.9666666666666667
56	0.3720632017704478	0.08822258043166621	0.9990384615384615	0.9666666666666667
57	0.37216146649985477	0.08531639452759955	0.9987179487179487	0.9666666666666667
58	0.37198061458135057	0.08838514572029713	0.9990384615384615	0.9666666666666667
59	0.3720282793045044	0.08528398203641849	0.9987179487179487	0.9666666666666667
60	0.3719391510134838	0.08707064378804531	0.9990384615384615	0.9666666666666667
61	0.3718102785848802	0.08467573915991775	0.9990384615384615	0.9666666666666667
62	0.3717479213835701	0.0837794446682224	0.9990384615384615	0.9666666666666667
63	0.37160275876522064	0.0832244840859709	0.9987179487179487	0.9666666666666667
64	0.37150285794184756	0.08336075304915928	0.9990384615384615	0.9666666666666667
65	0.37137341860568884	0.08091853407098157	0.9987179487179487	0.9666666666666667
66	0.37128858068096104	0.08244279977425693	0.9990384615384615	0.9666666666666667
-1	-1	-1	-1	-1
0	0.4439692497253418	118.23270019219846	0.2685897435897436	0.6102564102564103
1	0.40360069274902344	40.92037974571695	0.6663461538461538	0.7230769230769231
2	0.38942543665568036	22.089218378067017	0.791025641025641	0.8051282051282052
3	0.38209444284439087	15.60841896582623	0.8544871794871794	0.8589743589743589
4	0.3782355308532715	13.631258060129321	0.8711538461538462	0.841025641025641
5	0.3764868179957072	12.235780861912941	0.8894230769230769	0.8615384615384616
6	0.3746120589120047	10.129536699275581	0.9019230769230769	0.8435897435897436
7	0.37331122159957886	8.878658450379664	0.9108974358974359	0.8589743589743589
8	0.3724317815568712	8.931479933310529	0.9102564102564102	0.8641025641025641
9	0.3711042642593384	6.917069164465885	0.9298076923076923	0.8974358974358975
10	0.37051556327126245	5.984809518772728	0.9384615384615385	0.9153846153846154
11	0.3700609604517619	6.067325578356276	0.9400641025641026	0.8974358974358975
12	0.3694956119243915	5.080487769933379	0.9493589743589743	0.9051282051282051
13	0.36936661175319124	4.688749703521631	0.9522435897435897	0.9
14	0.3692648410797119	3.5433707237243652	0.9628205128205128	0.9358974358974359
15	0.3697217255830765	3.3156777273635476	0.9669871794871795	0.9230769230769231
16	0.370160790050731	2.893693663103848	0.969551282051282	0.9230769230769231
17	0.37048288186391193	1.779754218417315	0.982051282051282	0.9179487179487179
18	0.3707496617969714	3.143470424379469	0.9685897435897436	0.8923076923076924
19	0.3708996295928955	2.708497215100393	0.9717948717948718	0.9128205128205128
20	0.37137142817179364	2.197477433450368	0.9798076923076923	0.9179487179487179
21	0.3715454881841486	1.2780364005332243	0.9868589743589744	0.9230769230769231
22	0.3714093954666801	1.3212582513366884	0.9881410256410257	0.9205128205128205
23	0.37129167715708417	1.282259875224257	0.9855769230769231	0.9282051282051282
24	0.37122325897216796	1.1360423444884316	0.9891025641025641	0.9384615384615385
25	0.371315965285668	0.6408815040272109	0.9942307692307693	0.9333333333333333
26	0.37150655852423775	0.8009791250473687	0.9916666666666667	0.9358974358974359
27	0.3717550550188337	1.0354040243558358	0.9881410256410257	0.9179487179487179
28	0.37188481462412865	0.9972504250852543	0.9913461538461539	0.9282051282051282
29	0.3719480514526367	0.5775067182970518	0.9935897435897436	0.9256410256410257
30	0.3721856686376756	0.7960179926974851	0.9916666666666667	0.941025641025641
31	0.37236131727695465	0.5801219858124624	0.9945512820512821	0.9358974358974359
32	0.3725115169178356	0.49901783178389375	0.9951923076923077	0.9333333333333333
33	0.3724791582892923	0.4491587231014095	0.9948717948717949	0.9333333333333333
34	0.3725733348301479	0.43243316141532123	0.9958333333333333	0.941025641025641
35	0.3727107908990648	0.4453554919217618	0.9948717948717949	0.9333333333333333
36	0.37280288258114375	0.3403722541656212	0.996474358974359	0.9384615384615385
37	0.3728646290929694	0.2918038093511666	0.9974358974358974	0.941025641025641
38	0.372877286030696	0.3034039524954634	0.9974358974358974	0.9384615384615385
39	0.37306862473487856	0.35831432352709697	0.996474358974359	0.9384615384615385
40	0.3733024771620588	0.3287146704548219	0.9967948717948718	0.9333333333333333
41	0.373403339158921	0.2923558876262883	0.9971153846153846	0.9384615384615385
42	0.3735770624737407	0.270668832458406	0.9974358974358974	0.9384615384615385
43	0.37372579357840796	0.32585806576181703	0.996474358974359	0.9358974358974359
44	0.37381322118971083	0.3045354501417914	0.9974358974358974	0.9384615384615385
45	0.3738921725231668	0.27618316081305017	0.9974358974358974	0.9333333333333333
46	0.37399645054594	0.26079322210375255	0.9977564102564103	0.9358974358974359
47	0.3740212817986806	0.2641813431222619	0.9971153846153846	0.9384615384615385
48	0.37402055701430964	0.27356304317250685	0.996474358974359	0.9384615384615385
49	0.37408000469207764	0.26083561747064055	0.9974358974358974	0.9333333333333333
50	0.3741145554710837	0.25411873108302585	0.9971153846153846	0.9384615384615385
-1	-1	-1	-1	-1
0	0.4615206718444824	115.6864178326665	0.2903846153846154	0.5820512820512821
1	0.4197942018508911	40.83925105114373	0.6669871794871794	0.6538461538461539
2	0.40523823102315265	23.277932575770787	0.780448717948718	0.8
3	0.3980920910835266	15.867978256575915	0.8407051282051282	0.782051282051282
4	0.39389562606811523	13.646360635757446	0.8701923076923077	0.7948717948717948
5	0.3908855120340983	12.899336556999051	0.8762820512820513	0.7948717948717948
6	0.38824003083365305	10.643613261835915	0.8971153846153846	0.8615384615384616
7	0.38621780276298523	8.906070495138364	0.9115384615384615	0.841025641025641
8	0.3851788573794895	9.995095161759124	0.9032051282051282	0.8153846153846154
9	0.38474383354187014	7.872710923151094	0.923397435897436	0.8769230769230769
10	0.38407111167907715	6.561083901293424	0.9320512820512821	0.8666666666666667
11	0.38407232364018756	6.97310633957386	0.9285256410256411	0.8923076923076924
12	0.3839058509239784	5.311888255635086	0.9490384615384615	0.8589743589743589
13	0.38376522064208984	4.497496695238716	0.9551282051282052	0.8743589743589744
14	0.3826753298441569	5.125230440679862	0.9477564102564102	0.8871794871794871
15	0.3818187415599823	3.8112928100234393	0.9631410256410257	0.9256410256410257
16	0.38208093362696033	3.321180503473294	0.9685897435897436	0.8897435897435897
17	0.38212887446085614	2.551298258712097	0.9730769230769231	0.9051282051282051
18	0.38195968929089996	2.3870645175326843	0.975	0.9128205128205128
19	0.38182141780853274	2.5339688094218773	0.9746794871794872	0.9256410256410257
20	0.3812816029503232	1.9980000476923068	0.9788461538461538	0.9282051282051282
21	0.3807442513379184	2.280528675175595	0.9769230769230769	0.9307692307692308
22	0.3805692299552586	1.4140805610436566	0.985897435897436	0.9333333333333333
23	0.3803258736928304	1.767863063711901	0.9814102564102564	0.9153846153846154
24	0.3804998207092285	1.101003193619604	0.9891025641025641	0.9384615384615385
25	0.380448763187115	0.9914392299608005	0.9897435897435898	0.9461538461538461
26	0.380457083384196	0.8781549853762156	0.9903846153846154	0.9358974358974359
27	0.38059715713773457	0.8749248591603294	0.9919871794871795	0.9435897435897436
28	0.38035280129005167	0.6638626385936324	0.9932692307692308	0.9384615384615385
29	0.3800962766011556	0.531900495160086	0.9945512820512821	0.9307692307692308
30	0.3799147452077558	0.7432301748681776	0.992948717948718	0.9358974358974359
31	0.37984347343444824	0.7180595972732051	0.9923076923076923	0.9358974358974359
32	0.3797859856576631	1.2980062328706667	0.9849358974358975	0.9358974358974359
33	0.3797326298320995	0.8016566613437228	0.9910256410256411	0.9256410256410257
34	0.3798187187739781	0.6548052928529262	0.9935897435897436	0.941025641025641
35	0.3798007435268826	0.641358713552888	0.9935897435897436	0.9307692307692308
36	0.3799060357583536	0.5263336302869364	0.9961538461538462	0.9384615384615385
37	0.37991073257044744	0.4834903037455883	0.9958333333333333	0.9435897435897436
38	0.37978158241663224	0.5190088050926998	0.9945512820512821	0.941025641025641
39	0.3795885145664215	0.41071544912030766	0.9961538461538462	0.9435897435897436
40	0.3794326375170452	0.4154518143379614	0.9958333333333333	0.9461538461538461
41	0.3791669266564505	0.5525323536724556	0.9951923076923077	0.9384615384615385
42	0.37906312388043073	0.3727641884434721	0.9958333333333333	0.9461538461538461
43	0.3790108182213523	0.38866614709472835	0.9958333333333333	0.9461538461538461
44	0.37904385460747614	0.3334481481959264	0.9974358974358974	0.941025641025641
45	0.3790473834328029	0.2947294840343268	0.9974358974358974	0.9435897435897436
-1	-1	-1	-1	-1
0	0.5269575119018555	118.6400533403669	0.2878205128205128	0.5923076923076923
1	0.45176851749420166	42.73640446760216	0.6477564102564103	0.7615384615384615
2	0.4268784523010254	22.808954277817083	0.7935897435897435	0.8128205128205128
3	0.4132188558578491	17.93082924278415	0.8272435897435897	0.8333333333333334
4	0.40489845275878905	13.97411330865354	0.8554487179487179	0.8692307692307693
5	0.4003330071767171	12.354335070872793	0.8849358974358974	0.8615384615384616
6	0.39662650653294157	10.079483083316259	0.9003205128205128	0.8923076923076924
7	0.3942561745643616	9.435336689559781	0.9057692307692308	0.8846153846153846
8	0.39192218250698513	8.914258284228188	0.9102564102564102	0.8923076923076924
9	0.3904531002044678	7.767169037643744	0.9217948717948717	0.882051282051282
10	0.38928385214372113	8.501188297660983	0.9125	0.8666666666666667
11	0.3883765935897827	6.3337860435855635	0.9358974358974359	0.9179487179487179
12	0.3873868538783147	6.628094291200443	0.9342948717948718	0.9102564102564102
13	0.3865976503917149	5.169960406361794	0.9451923076923077	0.9153846153846154
14	0.3858777681986491	4.042476055801523	0.9592948717948718	0.9256410256410257
15	0.38570329546928406	3.2585381472445265	0.9676282051282051	0.9256410256410257
16	0.3855247497558594	2.9659984066265124	0.9698717948717949	0.9282051282051282
17	0.38520897759331596	2.7735170812098957	0.9705128205128205	0.9051282051282051
18	0.384823761488262	3.36467455293299	0.9663461538461539	0.9461538461538461
19	0.38457196950912476	2.3042187802493572	0.9778846153846154	0.9358974358974359
20	0.3843934763045538	2.095290663747155	0.9794871794871794	0.9307692307692308
21	0.3841118270700628	2.012502618172035	0.9778846153846154	0.9461538461538461
22	0.38379256621651026	1.8597377330178813	0.9817307692307692	0.9487179487179487
23	0.3832368652025859	1.8687516659004044	0.9775641025641025	0.9435897435897436
24	0.38292335510253905	1.5417803868043178	0.9839743589743589	0.9487179487179487
25	0.382731373493488	1.1039317621640405	0.9891025641025641	0.9435897435897436
26	0.38239864066795065	1.2743459962384434	0.9884615384615385	0.9435897435897436
27	0.3820550782339914	0.7080763685517013	0.9935897435897436	0.9461538461538461
28	0.38160347116404564	1.2013696786681456	0.9862179487179488	0.941025641025641
29	0.38129766782124835	1.2917535363753536	0.9865384615384616	0.9538461538461539
30	0.3810010340905959	0.8009948615051273	0.992948717948718	0.9435897435897436
31	0.3809516355395317	0.6003542871817908	0.9942307692307693	0.958974358974359
32	0.3807495724071156	0.5495261525644978	0.9942307692307693	0.9487179487179487
33	0.38054025173187256	0.5181382683281578	0.9935897435897436	0.9512820512820512
34	0.38035439082554406	0.4730028897115238	0.9958333333333333	0.9615384615384616
35	0.38022605578104657	0.46571823757685893	0.9955128205128205	0.958974358974359
36	0.38006961023485336	0.3707906812980619	0.9967948717948718	0.9538461538461539
37	0.3799016601160953	0.3310740714731189	0.9961538461538462	0.9538461538461539
38	0.3797753101740128	0.31578712166216916	0.9971153846153846	0.9615384615384616
39	0.3795667886734009	0.3238069832168177	0.9961538461538462	0.9564102564102565
40	0.37956775107034824	0.38615941197126724	0.9958333333333333	0.958974358974359
41	0.37955465770903085	0.5096806047641083	0.9955128205128205	0.9538461538461539
42	0.3794515742812046	0.3181463346070591	0.9974358974358974	0.9564102564102565
43	0.37926839698444714	0.32533704752814646	0.9961538461538462	0.9564102564102565
44	0.37916095521714954	0.3744024618413556	0.9961538461538462	0.9538461538461539
45	0.37904312299645465	0.34949465407021774	0.9967948717948718	0.9615384615384616
46	0.37899083279548806	0.2914604881941103	0.9971153846153846	0.9564102564102565
47	0.37878314157327014	0.3320455475700235	0.996474358974359	0.9512820512820512
48	0.37862456574731945	0.33673347069552806	0.9967948717948718	0.9564102564102565
49	0.378542914390564	0.26324119103572935	0.9971153846153846	0.9564102564102565
50	0.3784509079129088	0.2789140734637432	0.9977564102564103	0.958974358974359
51	0.3783191396639897	0.24761196708574545	0.9974358974358974	0.9512820512820512
52	0.3782979002538717	0.3435264719238538	0.9961538461538462	0.958974358974359
53	0.37820351123809814	0.33026410065881184	0.9971153846153846	0.9538461538461539
54	0.378131272576072	0.27125545738936685	0.9977564102564103	0.9615384615384616
-1	-1	-1	-1	-1
0	0.46517443656921387	118.62930582007583	0.2878205128205128	0.5871794871794872
1	0.41943788528442383	42.31765480430759	0.6602564102564102	0.7794871794871795
2	0.40404224395751953	22.821907311069722	0.7868589743589743	0.7923076923076923
3	0.3948390483856201	18.10830431081811	0.8275641025641025	0.8025641025641026
4	0.3900035858154297	14.560743915791415	0.8506410256410256	0.8179487179487179
5	0.3876471122105916	11.679290046497266	0.8849358974358974	0.8743589743589744
6	0.38559460639953613	10.247680547286054	0.8955128205128206	0.8435897435897436
7	0.38396528363227844	8.826736379034665	0.9125	0.8794871794871795
8	0.3832460774315728	7.858384001011751	0.9131410256410256	0.8717948717948718
9	0.38229458332061766	7.4394682037587065	0.9227564102564103	0.9025641025641026
10	0.38166720216924493	7.13069302573496	0.9307692307692308	0.8897435897435897
11	0.3809599081675212	6.792021023983858	0.9288461538461539	0.8641025641025641
12	0.38008994322556716	5.092721128494156	0.9467948717948718	0.882051282051282
13	0.3789893559047154	5.026461241804824	0.9506410256410256	0.9076923076923077
14	0.3780717372894287	4.47870882494109	0.9532051282051283	0.9025641025641026
15	0.3770633190870285	4.403653637411034	0.9528846153846153	0.9051282051282051
16	0.37647607747246237	3.31363917096537	0.9689102564102564	0.9205128205128205
17	0.3758623202641805	3.2549076216409403	0.9682692307692308	0.9307692307692308
18	0.37561903501811783	2.4324238808369456	0.9756410256410256	0.9025641025641026
19	0.3753064155578613	2.982380010263652	0.9689102564102564	0.9153846153846154
20	0.37527488526843844	2.103480171982427	0.9794871794871794	0.9256410256410257
21	0.3752171343023127	1.7259820391785126	0.9842948717948717	0.9102564102564102
22	0.3750732774319856	1.9614461708186688	0.9791666666666666	0.9230769230769231
23	0.374824861685435	1.3015600192379586	0.9875	0.9461538461538461
24	0.37466458320617674	0.9880623595209375	0.9903846153846154	0.9307692307692308
25	0.3745312965833224	0.9679579088198287	0.9900641025641026	0.9282051282051282
26	0.37426197970354996	0.8836472408218804	0.9907051282051282	0.9307692307692308
27	0.37407485927854267	1.0185020844908241	0.9881410256410257	0.9256410256410257
28	0.37411781015067264	1.4052642900496721	0.9852564102564103	0.9358974358974359
29	0.37400596936543784	0.9408521107397974	0.9887820512820513	0.9256410256410257
30	0.3738361558606548	0.7526112992116916	0.9919871794871795	0.9384615384615385
31	0.3737546354532242	0.5044510886762101	0.9945512820512821	0.941025641025641
32	0.3735849785082268	0.4919519465255114	0.9951923076923077	0.9307692307692308
33	0.3734860279980828	0.43763344354656697	0.9955128205128205	0.941025641025641
34	0.37356067384992325	0.41478204880175845	0.9951923076923077	0.9461538461538461
35	0.37354017628563774	0.6693446842421379	0.9932692307692308	0.9333333333333333
36	0.37358063620489995	0.9928192422079036	0.9891025641025641	0.9256410256410257
37	0.373515574555648	0.5541611763848258	0.9951923076923077	0.9358974358974359
38	0.37350809268462354	0.3585302005593228	0.996474358974359	0.9384615384615385
39	0.37343174815177915	0.3471929815194536	0.9961538461538462	0.9435897435897436
40	0.37356287095604873	0.34349448092006224	0.9958333333333333	0.9461538461538461
41	0.3736139252072289	0.3011629841835666	0.9967948717948718	0.941025641025641
42	0.3737047661182492	0.3667754602898566	0.9961538461538462	0.9384615384615385
43	0.3736934282562949	0.3713146793728514	0.996474358974359	0.9384615384615385
-1	-1	-1	-1	-1
0	0.5218884944915771	116.0422809756532	0.2881410256410256	0.6025641025641025
1	0.44795846939086914	41.9696910429974	0.6541666666666667	0.7256410256410256
2	0.42351285616556805	22.86563381370233	0.7875	0.7769230769230769
3	0.4096301198005676	16.69972148720099	0.8362179487179487	0.8128205128205128
4	0.401834774017334	14.196634105273656	0.857051282051282	0.8307692307692308
5	0.39720388253529865	12.225587202578176	0.882051282051282	0.882051282051282
6	0.39351422446114676	9.891624488392655	0.8967948717948718	0.8743589743589744
7	0.39164575934410095	8.734670363518656	0.9099358974358974	0.8871794871794871
8	0.3896082242329915	8.53567667275059	0.9099358974358974	0.8769230769230769
9	0.38762879371643066	9.74954953850532	0.8980769230769231	0.8461538461538461
10	0.3860001130537553	7.569381971140297	0.9201923076923076	0.8743589743589744
11	0.3851662079493205	6.7633950661639775	0.9355769230769231	0.9076923076923077
12	0.3841891838954045	5.185805773552583	0.9493589743589743	0.9076923076923077
13	0.38357538836342947	5.578138261121147	0.9394230769230769	0.9179487179487179
14	0.38236198425292967	3.781050884602021	0.9618589743589744	0.9230769230769231
15	0.3811345845460892	3.4391594492659276	0.9631410256410257	0.9128205128205128
16	0.38007105098051186	3.555144493601152	0.9602564102564103	0.9282051282051282
17	0.3791588412390815	2.8406738415740582	0.9701923076923077	0.9384615384615385
18	0.37836106199967234	1.92175351987992	0.9782051282051282	0.9358974358974359
19	0.378159236907959	2.8610574820325994	0.9708333333333333	0.9179487179487179
20	0.3779408931732178	2.064784434643023	0.9804487179487179	0.9384615384615385
21	0.37721545046026056	1.864821736149642	0.9849358974358975	0.9435897435897436
22	0.3767379159512727	1.2134660189135038	0.9865384615384616	0.9461538461538461
23	0.37614114085833233	0.9739369129362915	0.9897435897435898	0.9538461538461539
24	0.3754639434814453	1.0376901597886974	0.9907051282051282	0.9384615384615385
25	0.3749148753973154	1.9831737011138881	0.9810897435897435	0.9435897435897436
26	0.3746075453581633	0.8743156067817948	0.9916666666666667	0.9538461538461539
27	0.37411926473890034	0.7111926968209445	0.9935897435897436	0.9461538461538461
28	0.3737551261638773	0.6260174689434317	0.992948717948718	0.9435897435897436
29	0.37362406253814695	0.9457439173343212	0.9903846153846154	0.9435897435897436
30	0.37362254819562357	1.2842881604886556	0.9868589743589744	0.9512820512820512
31	0.3733256161212921	0.5796083126618641	0.9942307692307693	0.9564102564102565
32	0.3730860117709998	0.5006029310075528	0.9948717948717949	0.9564102564102565
33	0.37310971232021556	0.5077165366810917	0.9945512820512821	0.9512820512820512
34	0.3730290821620396	0.4104446504664208	0.9955128205128205	0.9512820512820512
35	0.37288365099165177	0.38984238188202985	0.9955128205128205	0.9461538461538461
36	0.37284978016002757	0.3844974237370628	0.9961538461538462	0.9512820512820512
37	0.3727334361327322	0.39005210301993243	0.9961538461538462	0.9512820512820512
38	0.37281025373018706	0.38174993359799764	0.996474358974359	0.9538461538461539
39	0.3726541042327881	0.39872584518636767	0.9955128205128205	0.9512820512820512
40	0.3725775509345822	0.3620863039501199	0.996474358974359	0.9538461538461539
41	0.3725269805817377	0.32776101260524415	0.9967948717948718	0.9564102564102565
42	0.37254504270331806	0.3152331287167225	0.9967948717948718	0.9487179487179487
43	0.37249723889610986	0.3242746715940837	0.996474358974359	0.9538461538461539
44	0.372521628273858	0.3664379772668994	0.9961538461538462	0.9487179487179487
45	0.37260577989661176	0.2928267139310376	0.9971153846153846	0.9538461538461539
46	0.3727278861593693	0.2875508361000672	0.9967948717948718	0.9538461538461539
47	0.3728395700454712	0.293812511144004	0.9967948717948718	0.9538461538461539
48	0.37292477062770296	0.2794102504213901	0.9971153846153846	0.9512820512820512
49	0.37294055938720705	0.2874244505048632	0.9971153846153846	0.9512820512820512
50	0.3730294517442292	0.27570487804709676	0.9971153846153846	0.9538461538461539
51	0.3731585924441998	0.2719680767180279	0.9974358974358974	0.9512820512820512
-1	-1	-1	-1	-1
0	0.46431493759155273	119.60905468220614	0.25384615384615383	0.5794871794871795
1	0.41993486881256104	42.78595168249948	0.6381410256410256	0.6743589743589744
2	0.4012494881947835	23.39461306163243	0.7871794871794872	0.764102564102564
3	0.39327090978622437	18.358334735948212	0.8240384615384615	0.782051282051282
4	0.38872804641723635	15.750135214961304	0.8455128205128205	0.8
5	0.38483281930287677	14.353761478346222	0.8560897435897435	0.841025641025641
6	0.38190014021737234	11.07004698381132	0.8900641025641025	0.8564102564102564
7	0.3800531029701233	10.310810917494248	0.8971153846153846	0.8666666666666667
8	0.37955578168233234	7.798965342190801	0.9237179487179488	0.9025641025641026
9	0.3786961555480957	8.202992557871099	0.9137820512820513	0.8692307692307693
10	0.3783562616868453	7.237328256879534	0.9237179487179488	0.9153846153846154
11	0.37811781962712604	6.500538124417772	0.9358974358974359	0.8974358974358975
12	0.37785476904649	7.2331274753930614	0.9314102564102564	0.9153846153846154
13	0.37749040126800537	5.097433603691812	0.9464743589743589	0.9153846153846154
14	0.377344290415446	4.56856664467831	0.95	0.9179487179487179
15	0.37703216075897217	5.325408127843117	0.9448717948717948	0.882051282051282
16	0.3768923282623291	3.7354059674758084	0.9580128205128206	0.9256410256410257
17	0.3763717810312907	3.6246744850080233	0.9621794871794872	0.9256410256410257
18	0.37588981578224584	2.265025994892479	0.9746794871794872	0.9256410256410257
19	0.3759151458740234	2.744008230206994	0.9692307692307692	0.9256410256410257
20	0.37553261575244723	2.3021185188649262	0.9762820512820513	0.9333333333333333
21	0.37533096833662555	2.0160164418535267	0.9762820512820513	0.9358974358974359
22	0.3747907721478006	2.1791484926314073	0.9753205128205128	0.9487179487179487
23	0.37435434261957806	1.240870281711829	0.9862179487179488	0.9538461538461539
24	0.3740857601165771	0.9436487515209889	0.9910256410256411	0.9384615384615385
25	0.37376646812145525	1.1634631477562445	0.9881410256410257	0.9461538461538461
26	0.37359715391088416	1.3394844099613172	0.9849358974358975	0.9461538461538461
27	0.3733765312603542	0.623987360496302	0.9951923076923077	0.9461538461538461
28	0.3732663105274069	0.7165193843930884	0.9923076923076923	0.9487179487179487
29	0.3730424722035726	0.8578984077570827	0.9897435897435898	0.9435897435897436
30	0.37295547608406315	0.49848043514600937	0.9945512820512821	0.9512820512820512
31	0.3728203848004341	0.5464192313517501	0.9935897435897436	0.9487179487179487
32	0.3728601932525635	0.552475263833838	0.9932692307692308	0.9333333333333333
33	0.3728077902513392	0.7604980252074952	0.9923076923076923	0.9538461538461539
34	0.3729398727416992	0.3174926354098419	0.9974358974358974	0.9512820512820512
35	0.37294769949383205	0.29727461042205744	0.9967948717948718	0.9512820512820512
36	0.3728824886115822	0.3452227690378299	0.996474358974359	0.9512820512820512
37	0.3728172088924207	0.2730451408268501	0.9974358974358974	0.9487179487179487
38	0.37277798774914866	0.24715571054756375	0.9967948717948718	0.9512820512820512
39	0.3726863145828247	0.22728055718708878	0.9977564102564103	0.9512820512820512
40	0.37250956674901453	0.2816930335550807	0.9967948717948718	0.9538461538461539
41	0.3723068634668986	0.2318910607240728	0.9983974358974359	0.9512820512820512
42	0.3723593922548516	0.20699311666040948	0.9983974358974359	0.9564102564102565
43	0.3723640441894531	0.21886049241910935	0.9983974358974359	0.9538461538461539
44	0.3724113729265001	0.19770920684095472	0.9983974358974359	0.9538461538461539
45	0.3724386588386867	0.19933668205458718	0.9977564102564103	0.9538461538461539
46	0.3724953874628595	0.20317016830486698	0.9977564102564103	0.9435897435897436
47	0.37243319551150006	0.2739049439563188	0.9977564102564103	0.9564102564102565
48	0.3724298720457116	0.1910782846190363	0.9980769230769231	0.9538461538461539
49	0.37235254287719727	0.1905232010529809	0.9983974358974359	0.9512820512820512
50	0.3723455457126393	0.1818457546882089	0.9983974358974359	0.9538461538461539
51	0.37232136267882127	0.18289685412666437	0.9980769230769231	0.9512820512820512
52	0.3723596806796092	0.18831074731638275	0.9977564102564103	0.9512820512820512
53	0.3723574965088456	0.19072890250138197	0.9980769230769231	0.9512820512820512
54	0.3724077744917436	0.1809098625954179	0.9983974358974359	0.9512820512820512
55	0.3724616425377982	0.17466060115676016	0.9980769230769231	0.9512820512820512
56	0.37248615214699193	0.17792782093230777	0.9980769230769231	0.9512820512820512
57	0.3725541830062866	0.17807296530654826	0.9983974358974359	0.9512820512820512
58	0.3725556114972648	0.1807210611063501	0.9977564102564103	0.9512820512820512
59	0.3725997765858968	0.17990011097067415	0.9977564102564103	0.9512820512820512
60	0.37255746419312524	0.1848774695104019	0.9980769230769231	0.9512820512820512
61	0.37260984605358494	0.17226390714918405	0.9980769230769231	0.9512820512820512
62	0.37257269450596403	0.18279916163200308	0.9980769230769231	0.9512820512820512
-1	-1	-1	-1	-1
0	0.5161302089691162	114.25934258285834	0.3003205128205128	0.6025641025641025
1	0.443286657333374	40.86882871511031	0.6666666666666666	0.7666666666666667
2	0.4191155433654785	23.38902368350905	0.783974358974359	0.823076923076923
3	0.4079510569572449	17.906638797448608	0.8233974358974359	0.8384615384615385
4	0.4002990245819092	14.161206912021248	0.8586538461538461	0.8717948717948718
5	0.3955974578857422	11.172772976816917	0.8884615384615384	0.8846153846153846
6	0.39271787234715055	10.140663457160093	0.8987179487179487	0.8589743589743589
7	0.3904024064540863	8.981125193591021	0.9051282051282051	0.8743589743589744
8	0.3886561128828261	8.908746030865883	0.9051282051282051	0.9
9	0.3872471570968628	8.373860329389572	0.9173076923076923	0.8666666666666667
10	0.3860917091369629	7.779344074580134	0.9237179487179488	0.9153846153846154
11	0.38492729266484577	5.989134874422939	0.9326923076923077	0.8948717948717949
12	0.3840698462266188	6.123920264140684	0.9375	0.9153846153846154
13	0.3835839884621756	5.369001804261791	0.9435897435897436	0.9076923076923077
14	0.3830565929412842	4.787199476543738	0.9509615384615384	0.9282051282051282
15	0.38240663707256317	4.195648393688762	0.9580128205128206	0.9179487179487179
16	0.38194998572854433	2.943311469895499	0.9698717948717949	0.941025641025641
17	0.38136177592807347	3.0721871376949914	0.9676282051282051	0.9487179487179487
18	0.3806396660051848	2.5199666499179236	0.9721153846153846	0.9333333333333333
19	0.38004891872406005	2.0717428133119733	0.9769230769230769	0.9435897435897436
20	0.3797094481331961	1.8484823969858033	0.9810897435897435	0.9384615384615385
21	0.3793311660939997	1.2773245198994267	0.9865384615384616	0.9307692307692308
22	0.37921964603921643	1.9707531380105991	0.9814102564102564	0.9358974358974359
23	0.3790879050890605	2.160450457082111	0.9791666666666666	0.9435897435897436
24	0.3789728927612305	0.8567018705866851	0.9907051282051282	0.9461538461538461
25	0.37867270983182466	0.9065022055363777	0.9900641025641026	0.9461538461538461
26	0.3784813439404523	1.234074481986273	0.9865384615384616	0.9256410256410257
27	0.37837739501680645	1.133269055366364	0.9871794871794872	0.9538461538461539
28	0.3783848861168171	0.5411553339586042	0.9955128205128205	0.9564102564102565
29	0.3782853364944458	0.46870126042096893	0.9958333333333333	0.9564102564102565
30	0.3783213630799324	0.7542338756136406	0.9935897435897436	0.9384615384615385
31	0.3783329576253891	0.7473232386424682	0.9932692307692308	0.9487179487179487
32	0.3782707055409749	0.7384457171238883	0.9932692307692308	0.9538461538461539
33	0.37816527310539694	0.8036039372364401	0.9919871794871795	0.9538461538461539
34	0.3781315462929862	0.4381539199634322	0.9958333333333333	0.9564102564102565
35	0.3781445887353685	0.38814552244136336	0.9948717948717949	0.9564102564102565
36	0.37818357106801626	0.2970450557792103	0.9971153846153846	0.9641025641025641
37	0.37817173882534627	0.2647132737644026	0.9974358974358974	0.9615384615384616
38	0.3781292010576297	0.4869258737741561	0.9951923076923077	0.958974358974359
39	0.3780983746051788	0.3971040676198235	0.9967948717948718	0.958974358974359
40	0.37797626634923426	0.30565450389332577	0.9967948717948718	0.9564102564102565
41	0.37799273218427387	0.23438983523002968	0.9977564102564103	0.9615384615384616
42	0.3779250577438709	0.3690282464869634	0.9958333333333333	0.9564102564102565
43	0.3779695684259588	0.22587019577206643	0.9977564102564103	0.958974358974359
44	0.37798455556233723	0.21838464135688976	0.9974358974358974	0.958974358974359
45	0.37792907590451447	0.20505018124347363	0.9980769230769231	0.958974358974359
46	0.3778972270640921	0.22154781161314493	0.9974358974358974	0.958974358974359
47	0.37780173619588214	0.21242049348193734	0.9980769230769231	0.958974358974359
48	0.3777952778096102	0.21993691402182164	0.9974358974358974	0.9564102564102565
49	0.3777283000946045	0.21648809146813155	0.9977564102564103	0.958974358974359
50	0.3777286305147059	0.26261968071018915	0.9967948717948718	0.9564102564102565
51	0.3777606212175809	0.33270683320912137	0.9967948717948718	0.9487179487179487
52	0.3777312692606224	0.25071411736651644	0.9974358974358974	0.958974358974359
53	0.3778218251687509	0.20015455091999348	0.9980769230769231	0.9564102564102565
54	0.3778551968661222	0.185323482115007	0.9983974358974359	0.958974358974359
55	0.3778364998953683	0.18292732831780864	0.9980769230769231	0.9564102564102565
56	0.37786543160154107	0.17244749049176772	0.9977564102564103	0.958974358974359
-1	-1	-1	-1	-1
0	0.4674184322357178	117.3457429457684	0.2798076923076923	0.5333333333333333
1	0.42136192321777344	43.29000951319325	0.6423076923076924	0.7
2	0.405722697575887	24.53481545253676	0.7775641025641026	0.7333333333333333
3	0.39822977781295776	17.937111499358195	0.8365384615384616	0.8102564102564103
4	0.3937064170837402	15.664539001425918	0.8544871794871794	0.8153846153846154
5	0.38985220591227215	13.390333557615476	0.8685897435897436	0.8256410256410256
6	0.38782494408743723	10.925406153104744	0.8871794871794871	0.8512820512820513
7	0.3858085572719574	8.701628092600375	0.9102564102564102	0.8769230769230769
8	0.38455480999416775	8.775353355067116	0.9099358974358974	0.8384615384615385
9	0.383189058303833	8.048322962254893	0.9176282051282051	0.8641025641025641
10	0.38241978125138715	8.201679694409274	0.9128205128205128	0.9076923076923077
11	0.3814183274904887	6.941105185722818	0.9272435897435898	0.8871794871794871
12	0.3805413612952599	5.849597562028437	0.9419871794871795	0.882051282051282
13	0.380218505859375	5.4203034228816325	0.9419871794871795	0.8948717948717949
14	0.379723326365153	5.0097724874408875	0.951602564102564	0.9051282051282051
15	0.3794220834970474	4.734396121483677	0.9557692307692308	0.9102564102564102
16	0.3787831278408275	3.6199725183601283	0.9602564102564103	0.9128205128205128
17	0.37824217478434247	2.986340338706362	0.9705128205128205	0.9179487179487179
18	0.3776937911384984	2.7755156224023323	0.971474358974359	0.9435897435897436
19	0.37750905752182007	2.712988842506798	0.9724358974358974	0.9358974358974359
20	0.37770107814243864	2.0039423691222864	0.978525641025641	0.9333333333333333
21	0.37850269404324616	2.1852156587553266	0.9769230769230769	0.9205128205128205
22	0.378362282462742	2.0724380055480465	0.9826923076923076	0.9205128205128205
23	0.37827905019124347	1.950289566316927	0.9823717948717948	0.9256410256410257
24	0.37830142974853515	1.4699712546010102	0.9842948717948717	0.941025641025641
25	0.37784207784212553	1.3755426464877947	0.9862179487179488	0.941025641025641
26	0.3775945857719139	1.3681311677875263	0.9842948717948717	0.9358974358974359
27	0.3772917815617153	0.7046167773731548	0.9935897435897436	0.9538461538461539
28	0.376929628437963	0.4847687420539786	0.9961538461538462	0.958974358974359
29	0.37675174872080486	0.6707048070835596	0.9939102564102564	0.9487179487179487
30	0.37645996770551127	0.5721596267397459	0.9945512820512821	0.941025641025641
31	0.3762032762169838	0.925313568310527	0.9891025641025641	0.9333333333333333
32	0.3762216062256784	0.9100819593639949	0.9923076923076923	0.9538461538461539
33	0.376256550059599	0.5839621767725995	0.9935897435897436	0.9461538461538461
34	0.3761194842202323	0.5237162887149642	0.9942307692307693	0.9384615384615385
35	0.3760516047477722	0.9413057422498241	0.9907051282051282	0.9512820512820512
36	0.37602706857629725	0.6288142203809504	0.9932692307692308	0.9487179487179487
37	0.3759647294094688	0.4745948128592299	0.9948717948717949	0.9564102564102565
38	0.3757977302257831	0.383798902698707	0.996474358974359	0.9461538461538461
39	0.37570897340774534	0.3720288809213065	0.9967948717948718	0.9512820512820512
40	0.3756395374856344	0.45286071634784875	0.9948717948717949	0.9512820512820512
41	0.37564841338566374	0.5173098032317619	0.9942307692307693	0.9538461538461539
42	0.37571188460948857	0.32550421060889734	0.9974358974358974	0.9487179487179487
43	0.37570960413325916	0.32418099925164323	0.9961538461538462	0.9538461538461539
44	0.37557633188035755	0.25980605481712776	0.9977564102564103	0.9538461538461539
45	0.37557468725287396	0.26712642333408515	0.9971153846153846	0.9564102564102565
46	0.3756118074376532	0.24666911705126227	0.9974358974358974	0.9564102564102565
47	0.37568384905656177	0.25042353454224137	0.9980769230769231	0.9564102564102565
48	0.37568570643055194	0.2268313060322187	0.9977564102564103	0.9564102564102565
-1	-1	-1	-1	-1
0	0.4698789119720459	117.3013524425273	0.2862179487179487	0.5871794871794872
1	0.42052578926086426	41.91564348765782	0.6544871794871795	0.7076923076923077
2	0.4040185610453288	23.571699731203974	0.7830128205128205	0.7717948717948718
3	0.39627403020858765	16.401509496630453	0.841025641025641	0.841025641025641
4	0.39084663391113283	13.198149527822222	0.8762820512820513	0.8256410256410256
5	0.3873136043548584	10.744512908312739	0.8961538461538462	0.8384615384615385
6	0.3851703235081264	9.67003648256769	0.9044871794871795	0.8179487179487179
7	0.3832413852214813	10.075966690876045	0.9009615384615385	0.8615384615384616
8	0.3815427091386583	8.972234615257808	0.9083333333333333	0.8102564102564103
9	0.3799874782562256	8.316802938373721	0.9208333333333333	0.8538461538461538
10	0.3785772757096724	8.297638634942016	0.923397435897436	0.8179487179487179
11	0.3777368466059367	7.15397600130159	0.9301282051282052	0.8769230769230769
12	0.3775324271275447	5.468106383267714	0.9471153846153846	0.8897435897435897
13	0.3773057631083897	5.8035149136368105	0.9397435897435897	0.8384615384615385
14	0.376558526357015	5.583876777060178	0.9448717948717948	0.8974358974358975
15	0.37616679072380066	3.657630711413768	0.9599358974358975	0.9076923076923077
16	0.3755527243894689	3.542793110469166	0.9653846153846154	0.9076923076923077
17	0.37517763508690727	2.5251584471944644	0.9698717948717949	0.9205128205128205
18	0.37487962371424627	1.6344871779675691	0.9810897435897435	0.9153846153846154
19	0.3744264721870422	1.60709100623368	0.9839743589743589	0.9282051282051282
20	0.37397762707301546	1.9348984656817452	0.9794871794871794	0.9102564102564102
21	0.37377888506109064	2.9553594315348537	0.9711538461538461	0.9153846153846154
22	0.3734444224316141	1.6849639264828697	0.9839743589743589	0.9256410256410257
23	0.3732420603434245	1.308031933296624	0.9868589743589744	0.9307692307692308
24	0.3730387878417969	1.5295438170147946	0.9839743589743589	0.9205128205128205
25	0.3730854896398691	1.032515755493422	0.9910256410256411	0.941025641025641
26	0.37280525101555717	1.332043905466871	0.9849358974358975	0.9205128205128205
27	0.37263854912349154	1.1350624700414245	0.9884615384615385	0.9333333333333333
28	0.372496563812782	0.9926208442514192	0.989423076923077	0.9230769230769231
29	0.372303851445516	1.0567476755882403	0.9897435897435898	0.9333333333333333
30	0.37225097225558373	0.586330060265027	0.9945512820512821	0.941025641025641
31	0.3722211718559265	0.4689972680798561	0.9948717948717949	0.9358974358974359
32	0.3720693516008782	0.6562614797220129	0.9935897435897436	0.9307692307692308
33	0.3717427884831148	0.49126957868236565	0.9945512820512821	0.9384615384615385
34	0.37153686114719936	0.53596854530636	0.9945512820512821	0.9435897435897436
35	0.37154870563083225	0.3718540613463491	0.996474358974359	0.9461538461538461
36	0.37141976485381256	0.3267235588329863	0.9971153846153846	0.9435897435897436
37	0.371401542111447	0.29525944000829907	0.9967948717948718	0.9435897435897436
38	0.37123780984144944	0.3179462189211187	0.9971153846153846	0.9461538461538461
39	0.37126557230949403	0.3269401041942896	0.9955128205128205	0.9384615384615385
40	0.3712739014044041	0.40590182147184817	0.9955128205128205	0.9358974358974359
41	0.3711890720185779	0.36470567514051977	0.9961538461538462	0.9384615384615385
42	0.3711103173189385	0.2884697119918609	0.9971153846153846	0.9435897435897436
43	0.3712603449821472	0.2792468433688889	0.9971153846153846	0.9435897435897436
44	0.3712215582529704	0.2884899636184706	0.9971153846153846	0.9435897435897436
45	0.37116147124249005	0.2675506391352261	0.9974358974358974	0.941025641025641
46	0.3711357116699219	0.27184614011000996	0.9971153846153846	0.941025641025641
47	0.37118994692961377	0.2687647013434408	0.9967948717948718	0.9435897435897436
48	0.3712139372922936	0.24191343344983227	0.9967948717948718	0.9435897435897436
49	0.3712413549423218	0.24369914928119754	0.9977564102564103	0.9461538461538461
50	0.37120989724701525	0.23616860409466817	0.9971153846153846	0.9435897435897436
51	0.3712398960040166	0.2189260442852285	0.9980769230769231	0.9461538461538461
52	0.3713200092315674	0.22054341249776724	0.9977564102564103	0.9461538461538461
53	0.37136897334346064	0.21263236385040765	0.9977564102564103	0.9461538461538461
54	0.371329589323564	0.21390764577265553	0.9980769230769231	0.9461538461538461
55	0.3713544351713998	0.21168560105909318	0.9980769230769231	0.9461538461538461
-1	-1	-1	-1	-1
0	0.5204880237579346	117.93994121162258	0.2746794871794872	0.5487179487179488
1	0.4448270797729492	45.28220575682971	0.6419871794871795	0.6923076923076923
2	0.4196738402048747	23.39138835790206	0.7887820512820513	0.7769230769230769
3	0.40759801864624023	18.291063663910847	0.826602564102564	0.8102564102564103
4	0.400651216506958	15.065434505744856	0.8637820512820513	0.8076923076923077
5	0.3950560887654622	12.894734385062238	0.8737179487179487	0.8358974358974359
6	0.391470057623727	10.167215402028999	0.8967948717948718	0.8512820512820513
7	0.3891861140727997	9.654988044378708	0.9051282051282051	0.8564102564102564
8	0.38762995931837296	7.903280141402264	0.9147435897435897	0.9102564102564102
9	0.3861159086227417	8.981965309503128	0.9112179487179487	0.8743589743589744
10	0.3847929564389316	7.538890219160488	0.9227564102564103	0.8948717948717949
11	0.3839553991953532	6.364633580479695	0.9365384615384615	0.8871794871794871
12	0.3831831675309401	5.792495832759506	0.9352564102564103	0.8923076923076924
13	0.3823829548699515	4.199213228967725	0.955448717948718	0.8897435897435897
14	0.3818059762318929	4.1795733485903055	0.9551282051282052	0.9384615384615385
15	0.38104669749736786	3.1673044498477663	0.9669871794871795	0.8923076923076924
16	0.3804028595195097	3.0578002267498143	0.9666666666666667	0.9179487179487179
17	0.3797665966881646	3.0938229125981427	0.9673076923076923	0.9076923076923077
18	0.37922674731204387	2.8412947758880196	0.9692307692307692	0.9230769230769231
19	0.3788426637649536	2.5828416357767217	0.9730769230769231	0.9153846153846154
20	0.37837038721357075	2.4822369100792065	0.9746794871794872	0.8974358974358975
21	0.3778155608610673	2.9726497508129297	0.969551282051282	0.9256410256410257
22	0.37744364531143854	1.7523460465730454	0.9823717948717948	0.9256410256410257
23	0.37717026472091675	1.1725289957949474	0.9884615384615385	0.9205128205128205
24	0.3769146156311035	1.0195342007459007	0.9884615384615385	0.9307692307692308
25	0.37667096578157866	0.8350172703040346	0.9919871794871795	0.9358974358974359
26	0.37633917949817797	0.9190474821074048	0.9913461538461539	0.941025641025641
27	0.3761278135435922	1.2963587948387223	0.985897435897436	0.9358974358974359
28	0.376017924012809	0.8812087128528071	0.9897435897435898	0.9384615384615385
29	0.375861914952596	0.6875704488555464	0.9916666666666667	0.9435897435897436
30	0.3755791341104815	0.9719308787381885	0.989423076923077	0.9333333333333333
31	0.37538060545921326	1.2532108968304356	0.9884615384615385	0.9205128205128205
32	0.3752899964650472	1.5556951183540633	0.9842948717948717	0.9384615384615385
33	0.3752387762069702	0.8931824530864476	0.9891025641025641	0.9487179487179487
34	0.37505760874067035	0.6313533527914397	0.9932692307692308	0.9384615384615385
35	0.374862982167138	0.4860863830152975	0.9945512820512821	0.9333333333333333
36	0.374731411805024	0.49829975833964285	0.9951923076923077	0.9384615384615385
37	0.3746505411047685	0.3726862760959193	0.9961538461538462	0.9435897435897436
38	0.374425545716897	0.3888345276176625	0.9955128205128205	0.9461538461538461
39	0.3742948830127716	0.33613423178535506	0.9958333333333333	0.941025641025641
40	0.37414450761748524	0.3318941635614242	0.9958333333333333	0.9461538461538461
41	0.37405400616782053	0.2983812290928041	0.9974358974358974	0.9384615384615385
42	0.37401613523793775	0.2782606787359513	0.9967948717948718	0.9384615384615385
43	0.37398610331795434	0.29093350573741045	0.9971153846153846	0.9358974358974359
44	0.3739379723866781	0.28169257951869475	0.9967948717948718	0.9358974358974359
45	0.3738074665484221	0.2628505771774181	0.9971153846153846	0.9358974358974359
46	0.3734617588367868	0.26156762153877194	0.9971153846153846	0.9384615384615385
47	0.373237485686938	0.25258122518841575	0.9974358974358974	0.9333333333333333
48	0.37302114525619817	0.26500462574649086	0.9974358974358974	0.9384615384615385
49	0.37280663967132566	0.25417100336659243	0.9974358974358974	0.9384615384615385
50	0.37282882017247815	0.24785919055551747	0.9977564102564103	0.9384615384615385
51	0.3727507453698378	0.24663806430923002	0.9974358974358974	0.9384615384615385
52	0.37274568935610214	0.24866906130640073	0.9971153846153846	0.9384615384615385
53	0.37282139283639415	0.24228054256405923	0.9971153846153846	0.941025641025641
-1	-1	-1	-1	-1
0	0.4518740177154541	119.21547068381795	0.2669871794871795	0.5205128205128206
1	0.4044358730316162	43.149782930101665	0.6528846153846154	0.7
2	0.3912302652994792	23.14511964759048	0.7842948717948718	0.7589743589743589
3	0.3854464292526245	16.931955164792587	0.8352564102564103	0.8153846153846154
4	0.3815430164337158	13.328826931058144	0.8708333333333333	0.8076923076923077
5	0.379417618115743	12.0878300776287	0.8846153846153846	0.8384615384615385
6	0.37745022773742676	11.251069435051509	0.8903846153846153	0.823076923076923
7	0.37733256816864014	10.779204122874201	0.896474358974359	0.8615384615384616
8	0.37669510311550564	8.855337916588297	0.9163461538461538	0.8641025641025641
9	0.3764973163604736	7.496792117551881	0.925	0.8769230769230769
10	0.3760344548658891	7.216441762082431	0.9285256410256411	0.8794871794871795
11	0.3762335379918416	6.667092502421262	0.9342948717948718	0.8846153846153846
12	0.37546509962815505	5.78366421786498	0.9439102564102564	0.8743589743589744
13	0.3745486395699637	4.740061650470811	0.9538461538461539	0.8692307692307693
14	0.3738232612609863	4.554068450036706	0.9532051282051283	0.8948717948717949
15	0.3731415122747421	4.2715532991046805	0.9557692307692308	0.8794871794871795
16	0.37275082924786734	3.1863324525100842	0.9666666666666667	0.9051282051282051
17	0.3726756837632921	2.1401428643005844	0.9788461538461538	0.9128205128205128
18	0.372354783509907	2.8115612231575104	0.9727564102564102	0.9102564102564102
19	0.3722927451133728	2.4284720622307185	0.9740384615384615	0.8846153846153846
20	0.3722203004927862	2.2113328352950665	0.9791666666666666	0.9051282051282051
21	0.3720037178559737	1.8551613569297656	0.9794871794871794	0.9230769230769231
22	0.37177530578944995	1.11241692809236	0.9871794871794872	0.9153846153846154
23	0.3717467089494069	1.043055105156132	0.9891025641025641	0.9230769230769231
24	0.3717848777770996	0.9711944737414621	0.9900641025641026	0.9051282051282051
25	0.37181002360123855	0.8639573958792667	0.9903846153846154	0.9307692307692308
26	0.3719519509209527	0.9592636461911381	0.9919871794871795	0.9153846153846154
27	0.3719153659684317	0.8759943926932613	0.9910256410256411	0.9384615384615385
28	0.37205887662953346	1.051325907552976	0.9884615384615385	0.9333333333333333
29	0.37206737995147704	0.7913385284731963	0.9926282051282052	0.9230769230769231
30	0.3722828588178081	0.7903634919072217	0.9919871794871795	0.9256410256410257
31	0.3720269799232483	0.6197506524141336	0.9932692307692308	0.9384615384615385
32	0.3717600504557292	0.4132831366590167	0.9951923076923077	0.9333333333333333
33	0.3718608126920812	0.33574549063424847	0.9974358974358974	0.9333333333333333
34	0.37202813284737724	0.2775792410289536	0.9971153846153846	0.9282051282051282
35	0.3721967538197835	0.3106992447161358	0.9974358974358974	0.9307692307692308
36	0.3721513941481307	0.2966374999413514	0.9967948717948718	0.9384615384615385
37	0.3722408319774427	0.35872300418939596	0.9961538461538462	0.9384615384615385
38	0.37214336028465855	0.6254229506261514	0.9932692307692308	0.9358974358974359
39	0.3721781253814697	0.38684174171304425	0.9955128205128205	0.9307692307692308
40	0.372139523668987	0.4949852233985439	0.9951923076923077	0.9333333333333333
41	0.37199391637529644	0.2533254219639015	0.9971153846153846	0.9358974358974359
42	0.37202536228091215	0.2502327413810179	0.9971153846153846	0.941025641025641
43	0.37194460088556464	0.22764350542645992	0.9974358974358974	0.9384615384615385
44	0.3717493110232883	0.22670467918600926	0.9977564102564103	0.941025641025641
45	0.37175308621448017	0.21938604636032286	0.9974358974358974	0.9461538461538461
46	0.3717369221626444	0.22085416504898825	0.9977564102564103	0.941025641025641
47	0.37170935173829395	0.21630850994730208	0.9977564102564103	0.941025641025641
48	0.3717367454450958	0.22080523699518453	0.9977564102564103	0.9461538461538461
49	0.3717290735244751	0.2115157561681687	0.9980769230769231	0.9435897435897436
50	0.37177181711383894	0.20897566833401487	0.9980769230769231	0.941025641025641
51	0.37179113351381743	0.20912922283427252	0.9980769230769231	0.941025641025641
52	0.3717674264368021	0.21020902334299646	0.9980769230769231	0.9435897435897436
53	0.3717510832680596	0.20304695442877235	0.9977564102564103	0.941025641025641
54	0.37181269905783915	0.2039505492127263	0.9980769230769231	0.9461538461538461
55	0.37188026309013367	0.20820282895035735	0.9977564102564103	0.9435897435897436
56	0.37195988705283717	0.20858267502674663	0.9977564102564103	0.9435897435897436
57	0.37192737645116347	0.20250151282163864	0.9980769230769231	0.9384615384615385
58	0.3719003523810435	0.20541629816461307	0.9980769230769231	0.9384615384615385
59	0.37196300029754636	0.20890035569235416	0.9977564102564103	0.9384615384615385
60	0.37204221037567636	0.20526274206928732	0.9980769230769231	0.9435897435897436
61	0.37202720488271407	0.20424395366316442	0.9977564102564103	0.9435897435897436
62	0.3720674931056916	0.2103716805431759	0.9977564102564103	0.9435897435897436
63	0.3721267357468605	0.20897303230535447	0.9977564102564103	0.9435897435897436
64	0.3723144457890437	0.20243978274573943	0.9974358974358974	0.9435897435897436
65	0.37222372763084643	0.20390129463451057	0.9980769230769231	0.9384615384615385
-1	-1	-1	-1	-1
0	0.5248394012451172	117.05919999492411	0.2842948717948718	0.5923076923076923
1	0.4458364248275757	43.123736945950256	0.6564102564102564	0.7282051282051282
2	0.4212833245595296	22.64641192008038	0.7916666666666666	0.7923076923076923
3	0.40893036127090454	16.766158089345815	0.8391025641025641	0.7923076923076923
4	0.4010592460632324	14.3157241976991	0.8583333333333333	0.8333333333333334
5	0.39524932702382404	11.371404574233658	0.8849358974358974	0.8641025641025641
6	0.39106716428484234	9.099924390413323	0.9092948717948718	0.9
7	0.3882559537887573	9.091105578505264	0.9134615384615384	0.8871794871794871
8	0.38710467020670575	8.644941485657984	0.9137820512820513	0.8615384615384616
9	0.3858752489089966	8.198988300196978	0.916025641025641	0.8897435897435897
10	0.38438864187760785	7.355232328784709	0.925	0.8743589743589744
11	0.3835614323616028	6.9293268149604605	0.9288461538461539	0.9179487179487179
12	0.3826379409203163	5.3081353770530955	0.9464743589743589	0.9153846153846154
13	0.3822265182222639	4.132858584996085	0.9551282051282052	0.9307692307692308
14	0.38172828356424965	3.811028840286391	0.9605769230769231	0.9205128205128205
15	0.38121388852596283	4.118612038085655	0.9564102564102565	0.8974358974358975
16	0.38090160313774557	3.382543408520976	0.9653846153846154	0.9282051282051282
17	0.38027791182200116	2.6354602857359817	0.969551282051282	0.9512820512820512
18	0.3801409445310894	1.9652107299438544	0.9810897435897435	0.9358974358974359
19	0.37976043224334716	2.1429331452034566	0.9791666666666666	0.9435897435897436
20	0.37939932232811335	1.5336339581396659	0.9846153846153847	0.9461538461538461
21	0.3791333870454268	1.694919473843231	0.982051282051282	0.9538461538461539
22	0.37866098984428076	1.7092714392561086	0.982051282051282	0.9435897435897436
23	0.3784668644269307	1.750958400274798	0.9826923076923076	0.9435897435897436
24	0.3781813812255859	1.4420935504176482	0.9842948717948717	0.9564102564102565
25	0.37802499991196853	1.268473760783197	0.9849358974358975	0.941025641025641
26	0.37757084104749894	0.8864566068811228	0.9900641025641026	0.9435897435897436
27	0.3774219070162092	0.9174503633201274	0.9923076923076923	0.9487179487179487
28	0.37740920329916067	0.8174001664322402	0.992948717948718	0.9666666666666667
29	0.3771325429280599	0.5553107092499124	0.9939102564102564	0.9512820512820512
30	0.3768575268407022	0.5657227415524956	0.9939102564102564	0.9564102564102565
31	0.3765041083097458	0.5726899730340976	0.9939102564102564	0.9538461538461539
32	0.37636894168275775	0.8869825395391969	0.9900641025641026	0.9487179487179487
33	0.3762057528776281	1.1726801159485167	0.9887820512820513	0.958974358974359
34	0.3760855674743652	0.6922696651617655	0.9935897435897436	0.9538461538461539
35	0.3762229283650716	0.47424095726039794	0.9955128205128205	0.9615384615384616
36	0.3759721227594324	0.4099547492164396	0.9955128205128205	0.9512820512820512
37	0.3758330031445152	0.4669549878447896	0.9951923076923077	0.958974358974359
38	0.37572439511617023	0.35339945576472054	0.9961538461538462	0.958974358974359
39	0.3756112039089203	0.324544400182239	0.996474358974359	0.958974358974359
40	0.3754555074180045	0.34065255949990014	0.9961538461538462	0.9615384615384616
41	0.3753577300480434	0.3439281418556062	0.996474358974359	0.9641025641025641
42	0.37535499971966413	0.31102987629484996	0.9971153846153846	0.958974358974359
43	0.3753393454985185	0.30373049896631843	0.9967948717948718	0.958974358974359
44	0.37535299725002713	0.30169010299735477	0.9971153846153846	0.9615384615384616
45	0.37549906709919806	0.30264729243446004	0.996474358974359	0.9615384615384616
46	0.37517398976265115	0.2983075743493605	0.9971153846153846	0.958974358974359
47	0.37496023376782733	0.3289922581622092	0.9958333333333333	0.9564102564102565
48	0.37482353132598256	0.28973876218233086	0.9967948717948718	0.958974358974359
-1	-1	-1	-1	-1
0	0.46071529388427734	117.95905257244499	0.27564102564102566	0.5538461538461539
1	0.4147372245788574	44.530805441797995	0.6365384615384615	0.7333333333333333
2	0.3977995713551839	24.533497226481536	0.775	0.7589743589743589
3	0.39056992530822754	16.828244233617976	0.8407051282051282	0.8384615384615385
4	0.38554959297180175	13.398267198582085	0.8682692307692308	0.8128205128205128
5	0.382400910059611	12.540296332568538	0.8730769230769231	0.8564102564102564
6	0.3803342751094273	11.196814991913888	0.8948717948717949	0.823076923076923
7	0.37838199734687805	10.511290907859802	0.8974358974358975	0.8615384615384616
8	0.376999298731486	9.845403010747871	0.9041666666666667	0.882051282051282
9	0.37594196796417234	7.187081467892442	0.9285256410256411	0.8641025641025641
10	0.3752631490880793	7.815538435566182	0.9198717948717948	0.8743589743589744
11	0.37431325515111286	6.6934634813544704	0.9326923076923077	0.9076923076923077
12	0.373535339648907	5.59282487281123	0.9387820512820513	0.8717948717948718
13	0.3734243427004133	5.269058551715345	0.948076923076923	0.8974358974358975
14	0.3729409376780192	4.458607838926267	0.9538461538461539	0.9205128205128205
15	0.37277987599372864	4.157147057202398	0.9570512820512821	0.9256410256410257
16	0.3727716417873607	3.5950151318114023	0.9631410256410257	0.9102564102564102
17	0.37237711747487384	3.075244183290978	0.9698717948717949	0.9153846153846154
18	0.372289544657657	3.3350303496937364	0.9637820512820513	0.9230769230769231
19	0.37220005989074706	2.817608312798702	0.9685897435897436	0.9179487179487179
20	0.37202478590465726	2.567162530344664	0.9743589743589743	0.9230769230769231
21	0.37194775451313367	1.986058950576247	0.978525641025641	0.9256410256410257
22	0.3718219632687776	1.7179306030691581	0.9826923076923076	0.9230769230769231
23	0.37182531754175824	1.730797015624691	0.982051282051282	0.9307692307692308
24	0.371812629699707	1.2889967034855971	0.9849358974358975	0.9333333333333333
25	0.371788896047152	1.0741233054681547	0.989423076923077	0.9384615384615385
26	0.37176861586394133	1.0759549550094394	0.9897435897435898	0.9435897435897436
27	0.37167837790080477	0.7759314303105811	0.9897435897435898	0.9384615384615385
28	0.3717775427061936	1.1337562029544568	0.9878205128205129	0.9153846153846154
29	0.3719360907872518	1.0492128148361357	0.9878205128205129	0.9333333333333333
30	0.3718821233318698	1.027744139943804	0.9900641025641026	0.9384615384615385
31	0.37170444428920746	0.9358438090920183	0.9897435897435898	0.9461538461538461
32	0.371688987269546	0.7005304438157045	0.992948717948718	0.941025641025641
33	0.37157584639156566	0.5587301727203766	0.9945512820512821	0.941025641025641
34	0.3716146809714181	0.537812298346116	0.9942307692307693	0.9435897435897436
35	0.37153873178693986	0.5875454540602026	0.9939102564102564	0.9307692307692308
36	0.37134710518089503	0.5958484584579662	0.9935897435897436	0.941025641025641
37	0.37120020389556885	0.584656905083518	0.9945512820512821	0.9461538461538461
38	0.3711875768808218	0.6584466497238003	0.9926282051282052	0.9461538461538461
39	0.3711555540561676	0.42788665506000423	0.996474358974359	0.9358974358974359
40	0.3710751649810047	0.5912012727978658	0.9948717948717949	0.9487179487179487
41	0.37096829073769705	0.4028365529066294	0.9961538461538462	0.9487179487179487
42	0.3709939025169195	0.3256000590739933	0.9971153846153846	0.9461538461538461
43	0.37091786753047595	0.3117100303791872	0.9971153846153846	0.9487179487179487
44	0.37099275059170195	0.4872346483586755	0.9951923076923077	0.9487179487179487
45	0.3710304084031478	0.4967135309149055	0.9958333333333333	0.9512820512820512
46	0.3709676519353339	0.31533270418983694	0.996474358974359	0.9487179487179487
47	0.371016984184583	0.3540632720158806	0.996474358974359	0.9487179487179487
48	0.37095633331610234	0.2918286380252316	0.9967948717948718	0.9487179487179487
49	0.3709221315383911	0.29340029222256986	0.9971153846153846	0.9461538461538461
50	0.3709422326555439	0.2857289514899354	0.9967948717948718	0.9461538461538461
51	0.37082122839414156	0.28848676623275255	0.9974358974358974	0.9487179487179487
52	0.3707765633205198	0.29020157006595343	0.996474358974359	0.9461538461538461
53	0.3718212578031752	0.2898776335641742	0.9971153846153846	0.9461538461538461
54	0.3718111601742831	0.3179536862183025	0.996474358974359	0.9512820512820512
55	0.3717735324587141	0.28339990128184506	0.9971153846153846	0.9435897435897436
56	0.37171374705799837	0.32526267632516576	0.9958333333333333	0.9461538461538461
57	0.3716544447274044	0.2897701538274806	0.9967948717948718	0.9461538461538461
58	0.3715891070285086	0.27913133418472597	0.9974358974358974	0.9461538461538461
59	0.3715588808059692	0.2812582172167711	0.9974358974358974	0.9435897435897436
60	0.3715489887800373	0.2729761994382062	0.9971153846153846	0.9461538461538461
61	0.3714847833879532	0.2732270837567164	0.9974358974358974	0.9461538461538461
62	0.3714631171453567	0.28416758931119573	0.996474358974359	0.9461538461538461
63	0.3714660778641701	0.27025473568625913	0.9971153846153846	0.9461538461538461
64	0.3714509890629695	0.2747912541824323	0.9967948717948718	0.9487179487179487
65	0.3714427442261667	0.2773328616859377	0.9967948717948718	0.9461538461538461
-1	-1	-1	-1	-1
0	0.4600532054901123	118.14257758004325	0.275	0.5974358974358974
1	0.41139423847198486	41.318563101243	0.6560897435897436	0.7051282051282052
2	0.39612555503845215	24.011502197810582	0.7762820512820513	0.782051282051282
3	0.39101487398147583	16.612435280060282	0.8358974358974359	0.8282051282051283
4	0.38757753372192383	14.631365381941503	0.8618589743589744	0.8769230769230769
5	0.3838595549265544	11.47088916447698	0.8913461538461539	0.8615384615384616
6	0.3816150597163609	10.418728347943754	0.892948717948718	0.8641025641025641
7	0.3814614713191986	10.2613208306079	0.9003205128205128	0.8538461538461538
8	0.3803735044267442	9.26428489022109	0.9086538461538461	0.8846153846153846
9	0.3790220975875854	7.399981078444695	0.9230769230769231	0.8666666666666667
10	0.3781027577140115	7.334923669999959	0.9221153846153847	0.882051282051282
11	0.37690114974975586	6.298905643881584	0.9400641025641026	0.882051282051282
12	0.3765306839576134	5.397312486658291	0.948076923076923	0.9051282051282051
13	0.37600110258374897	5.628402303068006	0.9423076923076923	0.8923076923076924
14	0.3755467414855957	6.220031027282987	0.9381410256410256	0.8948717948717949
15	0.37497006356716156	4.49768897571734	0.9570512820512821	0.882051282051282
16	0.374800864387961	3.5331594144963487	0.9628205128205128	0.9282051282051282
17	0.37457260820600724	3.42213739967924	0.9663461538461539	0.9230769230769231
18	0.37426874512120295	3.3497645682370174	0.9631410256410257	0.9435897435897436
19	0.3738231182098389	3.165352694158043	0.9634615384615385	0.9256410256410257
20	0.37351410729544504	1.9634736969458813	0.9775641025641025	0.9358974358974359
21	0.3742244135249745	1.8402746467451965	0.9810897435897435	0.941025641025641
22	0.37432296379752783	1.69258085035776	0.9830128205128205	0.9435897435897436
23	0.3745546539624532	1.5998872792804424	0.9846153846153847	0.9461538461538461
24	0.3745012378692627	1.4534766925118712	0.9817307692307692	0.9461538461538461
25	0.37417981257805455	1.0433643744659744	0.9884615384615385	0.941025641025641
26	0.37395856115553117	1.2557854705575702	0.9878205128205129	0.9435897435897436
27	0.37369267429624287	0.8915019365198606	0.9916666666666667	0.9487179487179487
28	0.3735426294392553	1.1254472006539986	0.9887820512820513	0.9384615384615385
29	0.37344139417012534	1.1571600141421872	0.9878205128205129	0.9538461538461539
30	0.3731896415833504	0.878961896675886	0.9913461538461539	0.9461538461538461
31	0.37297674268484116	0.595307651137439	0.9945512820512821	0.9512820512820512
32	0.3729043151393081	0.4159132625232926	0.9955128205128205	0.9512820512820512
33	0.37284005389494057	0.4094227039093646	0.9955128205128205	0.9538461538461539
34	0.372771338054112	0.3426144426660042	0.9971153846153846	0.9538461538461539
35	0.37256954775916207	0.45289712135171595	0.9961538461538462	0.9538461538461539
36	0.37265068131524165	0.3792255008248707	0.9967948717948718	0.9538461538461539
37	0.3728598669955605	0.7899703337604237	0.992948717948718	0.9461538461538461
38	0.37287806853269917	0.9916401978163999	0.9907051282051282	0.9512820512820512
39	0.3730807304382324	0.6189059472716489	0.9945512820512821	0.9461538461538461
40	0.3728659036682873	0.3906628661967187	0.9967948717948718	0.9512820512820512
41	0.3727340811774844	0.34935284578817544	0.9974358974358974	0.9538461538461539
42	0.3727615877639416	0.309003951073427	0.9974358974358974	0.9538461538461539
43	0.3727256872437217	0.3776008367422037	0.9961538461538462	0.9538461538461539
44	0.37255882157219783	0.29734834580226654	0.9974358974358974	0.9564102564102565
45	0.3724279870157656	0.28114013538882376	0.9974358974358974	0.9564102564102565
46	0.37249112636485	0.32734907095897253	0.9971153846153846	0.9564102564102565
47	0.37258508801460266	0.3255699295372398	0.996474358974359	0.9564102564102565
48	0.3727428426547926	0.2727801416565816	0.9977564102564103	0.9564102564102565
49	0.3728734016418457	0.26363941884305025	0.9974358974358974	0.9564102564102565
50	0.3729398203831093	0.27292937730063777	0.9977564102564103	0.9564102564102565
51	0.37299564251532924	0.26357467586830335	0.9977564102564103	0.9564102564102565
52	0.3730546168561252	0.2585554278762453	0.9974358974358974	0.9564102564102565
53	0.373135248819987	0.2597187746878077	0.9977564102564103	0.9564102564102565
54	0.37312151301990854	0.2523546323565676	0.9977564102564103	0.9564102564102565
55	0.3730470325265612	0.26434956370078966	0.9974358974358974	0.9564102564102565
56	0.3729470654537803	0.29315550345378066	0.9971153846153846	0.9564102564102565
57	0.3728558770541487	0.26674251422899	0.9971153846153846	0.9564102564102565
58	0.3727686607231528	0.2833974654916959	0.9971153846153846	0.9564102564102565
59	0.37272986968358357	0.3032845506380426	0.996474358974359	0.9564102564102565
60	0.37276601400531706	0.26848714893387704	0.9971153846153846	0.9564102564102565
61	0.3727597844216131	0.27678410686230004	0.996474358974359	0.9564102564102565
62	0.37275660984099857	0.289438134062057	0.9967948717948718	0.9564102564102565
63	0.37273290008306503	0.27558302947801744	0.9967948717948718	0.9564102564102565
64	0.37274742126464844	0.27614888501067275	0.9967948717948718	0.9538461538461539
-1	-1	-1	-1	-1
0	0.4544053077697754	117.47462844848633	0.2717948717948718	0.5923076923076923
1	0.4137120246887207	41.68093493519997	0.6599358974358974	0.6794871794871795
2	0.39874641100565594	21.40660537992205	0.7935897435897435	0.7923076923076923
3	0.3923454284667969	15.420245623101993	0.8487179487179487	0.8307692307692308
4	0.38771896362304686	12.982140427949478	0.8682692307692308	0.7846153846153846
5	0.38421062628428143	10.88279819001957	0.8948717948717949	0.8589743589743589
6	0.3816173417227609	10.240821597527484	0.9025641025641026	0.8666666666666667
7	0.3806189298629761	9.758533991113001	0.9044871794871795	0.8538461538461538
8	0.37940724690755206	8.431648601074608	0.9153846153846154	0.8923076923076924
9	0.3779848575592041	6.812650069290278	0.9278846153846154	0.8589743589743589
10	0.37767453627152875	6.358160212331889	0.9342948717948718	0.8871794871794871
11	0.37770108381907147	5.526591924988494	0.9442307692307692	0.882051282051282
12	0.37755832305321324	5.842157990652687	0.9426282051282051	0.8846153846153846
13	0.37712453092847553	4.261697620685611	0.9548076923076924	0.8871794871794871
14	0.37643918991088865	3.688415755954932	0.9618589743589744	0.9
15	0.37651336193084717	3.547365288345181	0.9612179487179487	0.9128205128205128
16	0.3762079126694623	3.769291078025589	0.9625	0.9
17	0.37578366862403023	3.1633462699092165	0.9701923076923077	0.9025641025641026
18	0.3760198668429726	1.910472425993304	0.9788461538461538	0.9076923076923077
19	0.3763187289237976	2.1745286120900085	0.9756410256410256	0.9230769230769231
20	0.3765155247279576	1.7055891210080258	0.9791666666666666	0.9230769230769231
21	0.37638814882798627	1.4178040416184243	0.9833333333333333	0.9153846153846154
22	0.3764739762181821	1.6102365057307237	0.9807692307692307	0.9307692307692308
23	0.37633560101191205	0.7721710863751264	0.9916666666666667	0.9282051282051282
24	0.37622508049011233	0.8756176979062432	0.9900641025641026	0.9282051282051282
25	0.37622858927800107	0.6576429098911051	0.9935897435897436	0.9205128205128205
26	0.37621476032115797	0.9048894779181716	0.9913461538461539	0.9128205128205128
27	0.37612879276275635	1.3118813366781237	0.9881410256410257	0.9256410256410257
28	0.3761063937483163	0.8556856705987712	0.9907051282051282	0.9333333333333333
29	0.3761957406997681	0.582614234728235	0.9945512820512821	0.9333333333333333
30	0.37619121613041046	0.48828855483336564	0.9958333333333333	0.9282051282051282
31	0.3759893998503685	0.44413031976460954	0.9955128205128205	0.9307692307692308
32	0.3759110046155525	0.6157597136536461	0.9942307692307693	0.9307692307692308
33	0.37592485371757955	0.3604173516303453	0.996474358974359	0.9358974358974359
34	0.37604210036141533	0.5559808709611166	0.9932692307692308	0.9358974358974359
35	0.3760572870572408	0.2771316227569644	0.9967948717948718	0.9358974358974359
36	0.3759618320980588	0.24108017045690924	0.996474358974359	0.9384615384615385
37	0.3759106397628784	0.22165174585706507	0.9977564102564103	0.9333333333333333
38	0.3759469252366286	0.21187064755228063	0.9974358974358974	0.941025641025641
39	0.375901597738266	0.20675870280223424	0.9977564102564103	0.941025641025641
40	0.3759116486805241	0.20340654543483372	0.9974358974358974	0.9333333333333333
41	0.3758382116045271	0.19313670344988113	0.9980769230769231	0.941025641025641
42	0.3757645141246707	0.18190097694234134	0.9980769230769231	0.9384615384615385
43	0.3758597103032199	0.19148357083476908	0.9980769230769231	0.9384615384615385
44	0.37591947979397244	0.17659005840434883	0.9983974358974359	0.9384615384615385
45	0.3758290902428005	0.17952757909132538	0.9983974358974359	0.9333333333333333
46	0.375735267679742	0.17558100578293195	0.9980769230769231	0.9307692307692308
47	0.37572071452935535	0.20540520522003394	0.9980769230769231	0.9333333333333333
48	0.3756991697817433	0.23385572122327974	0.9971153846153846	0.9282051282051282
49	0.37566486358642576	0.2228846531301946	0.9967948717948718	0.9358974358974359
50	0.3756379052704456	0.18859054145078907	0.9974358974358974	0.9358974358974359
51	0.37559374479147106	0.31550215092595735	0.996474358974359	0.9384615384615385
52	0.37545419189165224	0.18846098480705167	0.9974358974358974	0.9358974358974359
53	0.37542914902722396	0.16982835939668395	0.9983974358974359	0.9384615384615385
54	0.37532055161216044	0.16430596246580684	0.9977564102564103	0.9384615384615385
55	0.37517087374414715	0.15869624463173712	0.9983974358974359	0.9384615384615385
56	0.3751210371653239	0.1560091707910107	0.9983974358974359	0.9384615384615385
57	0.3750548157198676	0.15898489395758775	0.9980769230769231	0.9384615384615385
58	0.37501860473115567	0.15724630278626656	0.9977564102564103	0.9384615384615385
-1	-1	-1	-1	-1
0	0.4585869312286377	115.49849163756079	0.31185897435897436	0.6153846153846154
1	0.4175257682800293	40.933951076196166	0.6727564102564103	0.7692307692307693
2	0.4013715585072835	22.958837134497507	0.7823717948717949	0.7769230769230769
3	0.3946794271469116	17.906165064597616	0.8288461538461539	0.8333333333333334
4	0.3888722896575928	13.326977440289088	0.8673076923076923	0.8538461538461538
5	0.3843705654144287	11.521816599125765	0.8830128205128205	0.8487179487179487
6	0.3802340711866106	9.85358548529294	0.8977564102564103	0.8384615384615385
7	0.37725526094436646	9.46561525184281	0.9048076923076923	0.8692307692307693
8	0.3767130904727512	8.298447938597931	0.916025641025641	0.8743589743589744
9	0.37727861404418944	7.68254255214516	0.9246794871794872	0.9051282051282051
10	0.37655661322853784	6.556760096428346	0.9371794871794872	0.8666666666666667
11	0.3761962652206421	6.621606005697834	0.9333333333333333	0.8871794871794871
12	0.375303525191087	6.609852668582176	0.9400641025641026	0.8589743589743589
13	0.37495626722063335	5.744201461575469	0.9435897435897436	0.9153846153846154
14	0.37457011540730795	3.6277100504661095	0.9663461538461539	0.882051282051282
15	0.37436288595199585	4.3246666016627335	0.955448717948718	0.9256410256410257
16	0.37348128767574534	3.0088614556862385	0.967948717948718	0.9102564102564102
17	0.373101101981269	2.5877599771305615	0.9737179487179487	0.9179487179487179
18	0.3728061224284925	3.540071804684644	0.966025641025641	0.9153846153846154
19	0.37266652584075927	2.2921733048421387	0.9762820512820513	0.9487179487179487
20	0.37244897796994164	1.5075931988504467	0.9833333333333333	0.9307692307692308
21	0.3722114021127874	1.8054813780270669	0.9836538461538461	0.9102564102564102
22	0.37145760784978454	1.8419077946348306	0.9849358974358975	0.9384615384615385
23	0.3712691267331441	1.0831151215777712	0.9897435897435898	0.9153846153846154
24	0.3710897922515869	1.4777657432215554	0.9849358974358975	0.9333333333333333
25	0.3710303031481229	1.2272053535609526	0.9884615384615385	0.941025641025641
26	0.37093929008201315	0.9554015847911336	0.9891025641025641	0.9435897435897436
27	0.3708934783935547	1.0644684030617377	0.9878205128205129	0.9358974358974359
28	0.37087904173752356	0.8777016703210467	0.9913461538461539	0.9435897435897436
29	0.37088325023651125	0.9498899189413202	0.9897435897435898	0.9256410256410257
30	0.3709515756176364	0.965126370474202	0.9887820512820513	0.9435897435897436
31	0.37101705372333527	0.5031878533345476	0.9961538461538462	0.9435897435897436
32	0.3711303580891002	0.4291305219094098	0.9958333333333333	0.9487179487179487
33	0.37118544999290914	0.4849491344232644	0.9948717948717949	0.9461538461538461
34	0.37138217517307825	0.428759662672041	0.9951923076923077	0.9461538461538461
35	0.371510108311971	0.3421283898547254	0.996474358974359	0.9358974358974359
36	0.3715946158847293	0.3064380186557656	0.9967948717948718	0.9384615384615385
37	0.37166309356689453	0.3614170226727004	0.996474358974359	0.9461538461538461
38	0.3716649825756366	0.37546694784410944	0.9955128205128205	0.9487179487179487
39	0.37177505493164065	0.3086430986687465	0.9971153846153846	0.9435897435897436
-1	-1	-1	-1	-1
0	0.5205466747283936	118.72976061762596	0.28012820512820513	0.6
1	0.4461902379989624	40.62581610193058	0.6567307692307692	0.7538461538461538
2	0.4214930534362793	24.07681132336052	0.778525641025641	0.8153846153846154
3	0.40824419260025024	16.643728377867717	0.842948717948718	0.8282051282051283
4	0.3995487689971924	13.426052886612561	0.8615384615384616	0.8743589743589744
5	0.39580297470092773	12.005282263366544	0.8817307692307692	0.8794871794871795
6	0.3923721654074533	10.788171657494136	0.8948717948717949	0.9153846153846154
7	0.389615535736084	9.253375578291562	0.9125	0.8794871794871795
8	0.38789134555392796	9.112338730267115	0.9051282051282051	0.8974358974358975
9	0.38652706146240234	10.061528439424476	0.903525641025641	0.8589743589743589
10	0.3856076327237216	7.526891766458141	0.9278846153846154	0.9102564102564102
11	0.3846249580383301	6.414828055671284	0.9368589743589744	0.9153846153846154
12	0.38415899643531215	4.724700215367639	0.9509615384615384	0.9384615384615385
13	0.383720908846174	4.043595992560897	0.9560897435897436	0.9538461538461539
14	0.38314587275187173	3.392675841949424	0.9641025641025641	0.9153846153846154
15	0.38259005546569824	4.283607828259772	0.9573717948717949	0.9564102564102565
16	0.38243647182688995	3.583257264628702	0.9625	0.9333333333333333
17	0.38225384553273517	3.6494730577176933	0.9650641025641026	0.9512820512820512
18	0.3821785575465152	2.422676696423061	0.9733974358974359	0.9666666666666667
19	0.3821978449821472	2.3101128475854593	0.9740384615384615	0.9666666666666667
20	0.3817667734055292	1.708835659738706	0.9814102564102564	0.9512820512820512
21	0.38164364207874646	2.190242214869632	0.9743589743589743	0.9641025641025641
22	0.38106259055759595	1.8665141828586251	0.9794871794871794	0.958974358974359
23	0.3807462354501088	1.4464462610028153	0.985897435897436	0.9743589743589743
24	0.3806846046447754	1.432849078667255	0.9846153846153847	0.9743589743589743
25	0.38037018592541033	1.0350372958227478	0.9887820512820513	0.982051282051282
26	0.38048811312075015	1.5039822460931478	0.9842948717948717	0.9641025641025641
27	0.38046383006232126	1.3351825988965527	0.9865384615384616	0.9769230769230769
28	0.3804377769601756	1.1394877363927662	0.9868589743589744	0.9615384615384616
29	0.3803502718607585	0.8941209920187841	0.9907051282051282	0.9717948717948718
30	0.38029955279442573	0.6396755341449942	0.9923076923076923	0.9794871794871794
31	0.3800570145249367	0.9889509898410844	0.9891025641025641	0.9743589743589743
32	0.3799301710995761	0.7627869857218572	0.9932692307692308	0.982051282051282
33	0.37988986688501697	0.46520492325926543	0.9958333333333333	0.982051282051282
34	0.3798304694039481	0.4654541861275401	0.9955128205128205	0.982051282051282
35	0.3799237344000075	0.3863525347480056	0.9967948717948718	0.9794871794871794
36	0.37980267808244034	0.4559633923327427	0.9958333333333333	0.982051282051282
37	0.37964084273890447	0.510814602771888	0.9948717948717949	0.9846153846153847
38	0.37946004133958083	0.7731111105273083	0.9919871794871795	0.9794871794871794
39	0.3792846083641052	0.48715382922982453	0.9948717948717949	0.982051282051282
40	0.3790822726924245	0.40821907609969627	0.9961538461538462	0.982051282051282
41	0.37886613323574975	0.3566679164355357	0.9971153846153846	0.9794871794871794
42	0.3788221603216127	0.36516238602082607	0.9955128205128205	0.9794871794871794
43	0.37869215553457086	0.3274566352103685	0.9974358974358974	0.9846153846153847
44	0.3786398781670464	0.3229883930717752	0.996474358974359	0.982051282051282
45	0.3783915923989337	0.5532302938850729	0.9942307692307693	0.9692307692307692
46	0.37826003419592025	0.7743701962843224	0.9919871794871795	0.9743589743589743
47	0.37815018991629284	0.5784988455992306	0.9942307692307693	0.9769230769230769
48	0.37791967391967773	0.43075792934823953	0.9958333333333333	0.9769230769230769
49	0.37775023460388185	0.3375870397816916	0.9967948717948718	0.9769230769230769
50	0.37805575482985554	0.33720877132502064	0.9967948717948718	0.9769230769230769
51	0.37785075261042667	0.3361510920507016	0.996474358974359	0.9794871794871794
52	0.377772146800779	0.32964250241223325	0.9967948717948718	0.9769230769230769
53	0.3778507223835698	0.32326589416356444	0.9971153846153846	0.9794871794871794
54	0.37785673574967815	0.29058834331612604	0.9974358974358974	0.9769230769230769
55	0.37787563460213797	0.2920480591288948	0.9974358974358974	0.9769230769230769
56	0.3778261761916311	0.30158916681963943	0.9967948717948718	0.9769230769230769
57	0.3776590783020546	0.2869674093274124	0.9974358974358974	0.9769230769230769
-1	-1	-1	-1	-1
0	0.4588046073913574	117.33546829223633	0.28557692307692306	0.5871794871794872
1	0.4122244119644165	43.01094838551113	0.6586538461538461	0.7384615384615385
2	0.3974497318267822	22.05681903751529	0.7935897435897435	0.7794871794871795
3	0.39103972911834717	17.409510174576116	0.8307692307692308	0.8461538461538461
4	0.3860076904296875	13.320756946291242	0.8698717948717949	0.841025641025641
5	0.38343385855356854	12.243379726701853	0.8798076923076923	0.8487179487179487
6	0.3814481326511928	10.777559423933225	0.8926282051282052	0.8538461538461538
7	0.3799830675125122	10.743052733187772	0.8900641025641025	0.8666666666666667
8	0.3788619571261936	9.331842380518816	0.9102564102564102	0.9076923076923077
9	0.3783691644668579	8.476558888445096	0.9150641025641025	0.9076923076923077
10	0.3773668245835738	8.073103118915947	0.9192307692307692	0.9153846153846154
11	0.37703071037928265	6.565599150803624	0.9323717948717949	0.9153846153846154
12	0.37640841190631574	6.2270002620560785	0.9400641025641026	0.9333333333333333
13	0.37597973006112234	4.8772267638420574	0.9477564102564102	0.9230769230769231
14	0.3753998279571533	3.2866198239581927	0.9641025641025641	0.9333333333333333
15	0.37622541189193726	3.3199885160643228	0.9599358974358975	0.9384615384615385
16	0.37586195328656363	3.2649841389941927	0.9641025641025641	0.9307692307692308
17	0.3760881159040663	2.7428775853952585	0.9705128205128205	0.9307692307692308
18	0.3762375179089998	3.8207925101932214	0.9650641025641026	0.9641025641025641
19	0.37568691968917844	2.3012317012311243	0.9740384615384615	0.9461538461538461
20	0.3755482491992769	2.1370626464391087	0.978525641025641	0.9333333333333333
21	0.375248367136175	1.8805651596310187	0.9804487179487179	0.9615384615384616
22	0.37510927863742993	1.3412140994427764	0.9868589743589744	0.9487179487179487
23	0.3747755289077759	1.0525904829062673	0.9878205128205129	0.9615384615384616
24	0.3746072864532471	1.4174222840015225	0.9855769230769231	0.9538461538461539
25	0.3743574252495399	0.7050056832305592	0.9932692307692308	0.958974358974359
26	0.3740761809878879	0.6823168250812902	0.992948717948718	0.958974358974359
27	0.3740690691130502	0.5534473733943222	0.9945512820512821	0.9641025641025641
28	0.37389644261064203	0.8294574063561134	0.9923076923076923	0.9487179487179487
29	0.37381178538004556	1.1008176438567439	0.9897435897435898	0.9564102564102565
30	0.37383377936578566	0.9619385678729765	0.989423076923077	0.958974358974359
31	0.3737144321203232	0.5385613057843163	0.9961538461538462	0.9615384615384616
32	0.3735678990681966	0.44030031885319787	0.9955128205128205	0.9641025641025641
33	0.3735012306886561	0.3419298604249536	0.9955128205128205	0.9641025641025641
34	0.3734570435115269	0.41299237028757413	0.9958333333333333	0.9641025641025641
35	0.37352540095647174	0.4847578775863477	0.9955128205128205	0.9564102564102565
36	0.3735926151275635	0.6985875262489201	0.9919871794871795	0.9512820512820512
37	0.3735329540152299	0.5536519810610822	0.9945512820512821	0.9615384615384616
38	0.3735362444168482	0.3094174597716453	0.996474358974359	0.9666666666666667
39	0.37347586154937745	0.29286879057074156	0.9974358974358974	0.9615384615384616
40	0.37335212056229755	0.2874292929998922	0.9967948717948718	0.9641025641025641
41	0.3733824264435541	0.2723306033502532	0.9974358974358974	0.9641025641025641
42	0.3734592559725739	0.25182738106125224	0.9977564102564103	0.9641025641025641
43	0.37360411340540106	0.2887189343799742	0.9967948717948718	0.9666666666666667
44	0.37368472417195636	0.285537488530485	0.9974358974358974	0.9641025641025641
45	0.37352286732715106	0.23794492124847128	0.9974358974358974	0.9641025641025641
46	0.3735788477228043	0.3061897941570722	0.9967948717948718	0.9615384615384616
47	0.37371983627478284	0.43228012791179043	0.9951923076923077	0.9641025641025641
48	0.3738923948638293	0.3098982756266047	0.9974358974358974	0.9666666666666667
49	0.3740318536758423	0.23526136495816827	0.9980769230769231	0.9666666666666667
50	0.37407442635180904	0.229880660015921	0.9977564102564103	0.9666666666666667
51	0.37409345920269305	0.22489469939378348	0.9977564102564103	0.9666666666666667
52	0.37418415411463324	0.2202829149721264	0.9980769230769231	0.9666666666666667
53	0.3743312093946669	0.22225056810685248	0.9977564102564103	0.9666666666666667
54	0.374357422915372	0.22093155824078	0.9980769230769231	0.9666666666666667
55	0.3744782507419586	0.21777315272035538	0.9980769230769231	0.9666666666666667
56	0.3745610504819636	0.22088077719494395	0.9974358974358974	0.9666666666666667
57	0.37475597858428955	0.2233659163221648	0.9977564102564103	0.9666666666666667
58	0.37480572522696803	0.21091157757183857	0.9980769230769231	0.9666666666666667
-1	-1	-1	-1	-1
0	0.5178790092468262	117.20493842144401	0.28942307692307695	0.5692307692307692
1	0.4445762634277344	43.030436729898256	0.6349358974358974	0.6717948717948717
2	0.42207733790079754	23.8795764300288	0.7766025641025641	0.7846153846153846
3	0.4095795750617981	17.873200333848292	0.8246794871794871	0.782051282051282
4	0.4018888473510742	13.315354955439664	0.8724358974358974	0.8358974358974359
5	0.39620518684387207	11.981868486015165	0.878525641025641	0.8461538461538461
6	0.39303483281816753	11.60029798867751	0.8868589743589743	0.841025641025641
7	0.3910554349422455	9.382099744008512	0.907051282051282	0.8641025641025641
8	0.3892681863572862	9.084732956424052	0.9092948717948718	0.8717948717948718
9	0.3874506950378418	7.405238430110776	0.9208333333333333	0.8538461538461538
10	0.38622125712308014	7.316613809186585	0.926923076923077	0.8948717948717949
11	0.38488394021987915	6.402862893075359	0.9352564102564103	0.8512820512820513
12	0.3839134436387282	6.038346267476374	0.9384615384615385	0.8846153846153846
13	0.38311260087149485	5.770934815309485	0.9378205128205128	0.9051282051282051
14	0.38200486501057945	3.885806898681485	0.9615384615384616	0.8923076923076924
15	0.3815617710351944	4.1735159640713615	0.9564102564102565	0.9333333333333333
16	0.38126008650835824	2.6072561655725752	0.9730769230769231	0.9128205128205128
17	0.3808250427246094	2.4833937864370492	0.9759615384615384	0.9205128205128205
18	0.3804398586875514	2.5412600582883673	0.9743589743589743	0.9282051282051282
19	0.37956775426864625	2.5072019812555943	0.9772435897435897	0.9282051282051282
20	0.37851578848702566	1.964553989013847	0.978525641025641	0.9282051282051282
21	0.3775248419154774	1.9993706192745238	0.9788461538461538	0.9358974358974359
22	0.37655285130376404	1.0970597088774097	0.9891025641025641	0.9384615384615385
23	0.3757238487402598	1.1716563202231667	0.9871794871794872	0.9358974358974359
24	0.3751902770996094	1.3306326544986165	0.985897435897436	0.9384615384615385
25	0.3745461427248441	1.1664225120781635	0.9878205128205129	0.9538461538461539
26	0.37397249539693195	0.6199248985111789	0.9935897435897436	0.9487179487179487
27	0.373553318636758	0.6833653313972589	0.9932692307692308	0.9487179487179487
28	0.3736803696073335	1.019201818903509	0.9903846153846154	0.9435897435897436
29	0.37366960048675535	0.8696581499879154	0.992948717948718	0.9487179487179487
30	0.3735948993313697	0.5885830943149571	0.9945512820512821	0.9487179487179487
31	0.37338829040527344	0.47772293754055034	0.9948717948717949	0.9461538461538461
32	0.3732199957876494	0.4877440937514398	0.9939102564102564	0.9487179487179487
33	0.3731165843851426	0.4806188582953503	0.9948717948717949	0.9487179487179487
34	0.37308036940438405	0.39042724632391973	0.9961538461538462	0.9461538461538461
35	0.37280524439281887	0.3847943179984102	0.9958333333333333	0.9538461538461539
36	0.3726801163441426	0.4134884355459077	0.9967948717948718	0.9538461538461539
37	0.37289466355976303	0.30229896357566904	0.9971153846153846	0.9512820512820512
38	0.37274969541109526	0.2960556995388529	0.9971153846153846	0.9512820512820512
39	0.37291178703308103	0.4500793018681235	0.9958333333333333	0.9487179487179487
40	0.3729554501975455	0.27939843149542126	0.9974358974358974	0.9487179487179487
41	0.3731425830296108	0.2787186166637444	0.9967948717948718	0.9564102564102565
42	0.37325768138087073	0.2697299232609019	0.996474358974359	0.9512820512820512
43	0.37329638546163385	0.2507390992389873	0.9974358974358974	0.9512820512820512
44	0.37327844301859536	0.2748182785646201	0.9967948717948718	0.9487179487179487
45	0.37344600843346637	0.2603632780397786	0.9971153846153846	0.9487179487179487
46	0.37332666681167925	0.23273815283332344	0.9977564102564103	0.9564102564102565
47	0.37308092912038165	0.25778345472630165	0.9967948717948718	0.9512820512820512
48	0.37308657899194836	0.20815724296476312	0.9983974358974359	0.9487179487179487
49	0.3731750154495239	0.22318623069233062	0.9974358974358974	0.9538461538461539
50	0.37334179878234863	0.20052981964448807	0.9983974358974359	0.9461538461538461
51	0.3731151498281039	0.2037228158985773	0.9980769230769231	0.9487179487179487
52	0.37293063919499236	0.20611447934358268	0.9980769230769231	0.9461538461538461
53	0.3727768173924199	0.19261188804301463	0.9980769230769231	0.9512820512820512
54	0.37264763658696953	0.1974745340045715	0.9983974358974359	0.9512820512820512
55	0.3723615620817457	0.19228771500943087	0.9977564102564103	0.9487179487179487
56	0.3720676898956299	0.19691163627616406	0.9980769230769231	0.9487179487179487
57	0.371854436808619	0.20682719631945568	0.9980769230769231	0.9487179487179487
58	0.3716475761542886	0.20067245527151295	0.9983974358974359	0.9512820512820512
59	0.37146838108698527	0.19665549702455923	0.9980769230769231	0.9538461538461539
60	0.3713567100587438	0.1884211224892262	0.9983974358974359	0.9512820512820512
61	0.3712888994524556	0.20386644565632178	0.9977564102564103	0.9512820512820512
-1	-1	-1	-1	-1
0	0.4470973014831543	115.7723533863924	0.2983974358974359	0.6076923076923076
1	0.4087977409362793	40.395369656231935	0.6698717948717948	0.7692307692307693
2	0.39209238688151044	22.2126820038776	0.7884615384615384	0.823076923076923
3	0.38297539949417114	17.442045138806712	0.830448717948718	0.8333333333333334
4	0.37848052978515623	13.393011891112035	0.8641025641025641	0.8641025641025641
5	0.3772656520207723	10.843648170938296	0.8910256410256411	0.8743589743589744
6	0.37602663040161133	10.244603611985031	0.8961538461538462	0.8846153846153846
7	0.3751981258392334	9.17244204696344	0.9080128205128205	0.882051282051282
8	0.3743312093946669	7.627546133435502	0.9201923076923076	0.8846153846153846
9	0.37408974170684817	9.109004493878812	0.9134615384615384	0.8871794871794871
10	0.3745015100999312	7.163907833245336	0.9217948717948717	0.8948717948717949
11	0.3747122883796692	6.149073364023043	0.9349358974358974	0.8692307692307693
12	0.3747571248274583	6.360665998288563	0.9307692307692308	0.8974358974358975
13	0.37480337279183523	4.437614789422677	0.9532051282051283	0.9461538461538461
14	0.37495163281758626	3.7178978673657594	0.9628205128205128	0.9384615384615385
15	0.37505047023296356	3.9032412419209677	0.9608974358974359	0.9076923076923077
16	0.37512608135447784	2.9545954436976083	0.9705128205128205	0.9102564102564102
17	0.3751806683010525	2.3556397826771955	0.9730769230769231	0.9461538461538461
18	0.37510373717860174	2.249121322695698	0.9766025641025641	0.9461538461538461
19	0.3751327395439148	2.226810948010914	0.9756410256410256	0.9461538461538461
20	0.37513714744931176	2.0181635018362076	0.978525641025641	0.9333333333333333
21	0.3749292655424638	1.530379461504671	0.9849358974358975	0.9333333333333333
22	0.3747159087139627	1.2737770337725476	0.9871794871794872	0.9205128205128205
23	0.3743922213713328	1.1725031794428977	0.9884615384615385	0.9461538461538461
24	0.3742137145996094	0.9301276920572379	0.9903846153846154	0.9358974358974359
25	0.37404094292567325	2.3592928513048257	0.9782051282051282	0.9282051282051282
26	0.37411339194686327	1.5446863348158646	0.9852564102564103	0.941025641025641
27	0.3741316284452166	1.0207890166273834	0.9913461538461539	0.941025641025641
28	0.3738493097239527	0.7913158534816942	0.9923076923076923	0.941025641025641
29	0.3736350138982137	0.513548899931377	0.9939102564102564	0.9487179487179487
30	0.3736778997605847	0.4658015874423543	0.9942307692307693	0.941025641025641
31	0.3736661523580551	0.4297085221208233	0.9955128205128205	0.9461538461538461
32	0.3736093044281006	0.6871706438476543	0.992948717948718	0.9487179487179487
33	0.37355395625619325	0.5549099878764389	0.9939102564102564	0.9461538461538461
34	0.37342529296875	0.7506897311149241	0.9919871794871795	0.9461538461538461
35	0.3735379113091363	0.8051443778463088	0.992948717948718	0.941025641025641
36	0.37358968322341507	0.3424524509309962	0.9977564102564103	0.9461538461538461
37	0.37362805165742574	0.3818573065182878	0.9955128205128205	0.9435897435897436
38	0.37357775981609637	0.3406020702374861	0.9967948717948718	0.941025641025641
39	0.37340992093086245	0.42592317485595027	0.9958333333333333	0.9487179487179487
40	0.3735116342218911	0.27418675473582343	0.9974358974358974	0.9487179487179487
41	0.37351901758284795	0.2720036376612166	0.9971153846153846	0.9487179487179487
42	0.37354151038236394	0.265760318333953	0.9974358974358974	0.9487179487179487
43	0.37347387725656683	0.2333403805446602	0.9977564102564103	0.9487179487179487
44	0.3734622531467014	0.22017301506617068	0.9980769230769231	0.9487179487179487
45	0.3734014656232751	0.24884394695685358	0.9971153846153846	0.9487179487179487
46	0.37343569512062885	0.2968501940129648	0.9967948717948718	0.9435897435897436
47	0.3734744389851888	0.34766689090804215	0.996474358974359	0.9461538461538461
48	0.37345082419259207	0.22474240828352998	0.9980769230769231	0.9487179487179487
49	0.3733610486984253	0.2148290627466144	0.9983974358974359	0.9461538461538461
-1	-1	-1	-1	-1
0	0.4490525722503662	119.70425407253965	0.2657051282051282	0.5538461538461539
1	0.40476906299591064	44.78766514330494	0.6371794871794871	0.7333333333333333
2	0.39105725288391113	23.472769970796545	0.7826923076923077	0.8051282051282052
3	0.38388949632644653	16.932484607307277	0.8368589743589744	0.8179487179487179
4	0.3804765701293945	14.140696219035558	0.8657051282051282	0.8717948717948718
5	0.3787139256795247	12.230110993190687	0.8830128205128205	0.8871794871794871
6	0.3778433459145682	10.926192393716502	0.8868589743589743	0.8589743589743589
7	0.3774724006652832	9.048191625244764	0.9038461538461539	0.9
8	0.3772067228953044	8.673250481790426	0.9182692307692307	0.9102564102564102
9	0.37652566432952883	8.164048253273478	0.919551282051282	0.8871794871794871
10	0.3762086738239635	8.083591796913925	0.9179487179487179	0.8923076923076924
11	0.3756665587425232	7.035099053261232	0.9301282051282052	0.8794871794871795
12	0.37567688868596005	5.155588203242847	0.9451923076923077	0.8794871794871795
13	0.3757989065987723	4.999788657971183	0.9467948717948718	0.9102564102564102
14	0.3757824738820394	4.012963464065474	0.9634615384615385	0.9179487179487179
15	0.3759929686784744	3.163010407315225	0.969551282051282	0.9384615384615385
16	0.37584317431730385	3.5724963445444495	0.9625	0.9358974358974359
17	0.37548699643876815	2.579957586313997	0.9705128205128205	0.9282051282051282
18	0.37547806689613744	3.0794032326310266	0.9689102564102564	0.9230769230769231
19	0.37549116611480715	2.2964306619702555	0.9753205128205128	0.9358974358974359
20	0.375266779036749	2.05157094414593	0.9766025641025641	0.9205128205128205
21	0.37532415173270484	1.7033236643527538	0.9823717948717948	0.9512820512820512
22	0.375272274017334	2.554021814419907	0.9746794871794872	0.9384615384615385
23	0.37517701586087543	1.6703751099733066	0.9842948717948717	0.941025641025641
24	0.375041561126709	1.593918217308059	0.9830128205128205	0.9564102564102565
25	0.3749519953360924	1.134840319835942	0.9900641025641026	0.9461538461538461
26	0.3749839023307518	0.8517140661964991	0.9923076923076923	0.9435897435897436
27	0.37479338475636076	0.9822381663715885	0.9907051282051282	0.941025641025641
28	0.37474415220063306	0.8503640509419599	0.9919871794871795	0.9461538461538461
29	0.3747629483540853	0.6462220739126585	0.9935897435897436	0.9435897435897436
30	0.3747784476126394	1.1008464190206129	0.989423076923077	0.9487179487179487
31	0.37474312633275986	0.7448736989243451	0.992948717948718	0.9512820512820512
32	0.3748314669637969	0.6238177678540672	0.9948717948717949	0.958974358974359
33	0.37490195386550007	0.5513919708912964	0.9945512820512821	0.9615384615384616
34	0.37494981629507884	0.45603308471558823	0.9955128205128205	0.958974358974359
35	0.37490883138444686	0.3896868422613194	0.9955128205128205	0.9564102564102565
36	0.3748295436034331	0.39359095395062765	0.9967948717948718	0.958974358974359
37	0.374727820095263	0.3459526511124212	0.9967948717948718	0.9564102564102565
38	0.3746707806220421	0.35599471732251803	0.9967948717948718	0.9512820512820512
39	0.3747287690639496	0.383960776893441	0.996474358974359	0.9564102564102565
40	0.3746929226852045	0.4055489663495587	0.996474358974359	0.9615384615384616
41	0.3747215611594064	0.4354991945354933	0.9958333333333333	0.958974358974359
42	0.37478434207827543	0.4046662063305195	0.996474358974359	0.9564102564102565
43	0.37474240498109296	0.37937702772169546	0.9967948717948718	0.958974358974359
44	0.3747683948940701	0.28479390795971027	0.9974358974358974	0.958974358974359
45	0.3746999502182007	0.2865361066010058	0.9974358974358974	0.9615384615384616
46	0.37496867585689464	0.2801827657540158	0.9974358974358974	0.9615384615384616
47	0.3749169409275055	0.27381647932574826	0.9977564102564103	0.9615384615384616
48	0.375037465776716	0.27469837774177513	0.9977564102564103	0.9615384615384616
49	0.37512287616729734	0.271834371684681	0.9974358974358974	0.9615384615384616
50	0.3750813802083333	0.27255979415423676	0.9974358974358974	0.9615384615384616
51	0.37490163858120257	0.2676831789701412	0.9977564102564103	0.9615384615384616
52	0.37486559040141554	0.26816347117947975	0.9977564102564103	0.9615384615384616
53	0.3749353223376804	0.2712443711606451	0.9977564102564103	0.9615384615384616
-1	-1	-1	-1	-1
0	0.45412731170654297	117.26233556319256	0.2858974358974359	0.5846153846153846
1	0.4146416187286377	42.52499665046225	0.653525641025641	0.7230769230769231
2	0.3993428548177083	24.937430576402313	0.7756410256410257	0.7974358974358975
3	0.3917434811592102	17.654149308496592	0.8301282051282052	0.8179487179487179
4	0.3876741886138916	13.7420812839148	0.8676282051282052	0.8358974358974359
5	0.38474416732788086	12.102401521741127	0.8814102564102564	0.8435897435897436
6	0.3838057518005371	11.16526252639537	0.8846153846153846	0.841025641025641
7	0.382816880941391	10.260972616623858	0.8932692307692308	0.8589743589743589
8	0.3820278114742703	9.529107728174754	0.9044871794871795	0.8769230769230769
9	0.38170747756958007	8.807320454899145	0.9134615384615384	0.9025641025641026
10	0.3812032829631459	7.283244577597599	0.9262820512820513	0.8794871794871795
11	0.3805982271830241	6.854849878014351	0.9342948717948718	0.9076923076923077
12	0.37982775614811826	5.179566531765218	0.9461538461538461	0.8897435897435897
13	0.3791488068444388	4.77192304325195	0.9541666666666667	0.9179487179487179
14	0.3787110169728597	4.105291412345001	0.9599358974358975	0.9102564102564102
15	0.37837450206279755	4.597568691993247	0.9544871794871795	0.9025641025641026
16	0.3780215628006879	2.794707349786649	0.9705128205128205	0.9076923076923077
17	0.3776050806045532	3.8733256698719094	0.9615384615384616	0.9205128205128205
18	0.3770446024442974	2.868943297779378	0.9717948717948718	0.9179487179487179
19	0.376969313621521	2.1267842122790763	0.9769230769230769	0.941025641025641
20	0.37690103621709914	2.2432041348300267	0.9766025641025641	0.9358974358974359
21	0.37698313322934235	2.2794326233810613	0.9753205128205128	0.9461538461538461
22	0.3772767730381178	1.7397076614600206	0.9836538461538461	0.9205128205128205
23	0.37720151742299396	1.4983591688321714	0.9839743589743589	0.9512820512820512
24	0.3772440528869629	1.638217494333619	0.985897435897436	0.9230769230769231
25	0.3773686152238112	1.6571610099921117	0.985897435897436	0.9487179487179487
26	0.37741474752072934	1.0139859813474574	0.9907051282051282	0.9230769230769231
27	0.37741249799728394	1.5579836178685025	0.9862179487179488	0.9487179487179487
28	0.37744997287618703	0.8895712511385886	0.9907051282051282	0.9487179487179487
29	0.377482000986735	0.9412226304506921	0.9907051282051282	0.9564102564102565
30	0.37750238756979665	0.8488238057530276	0.9910256410256411	0.941025641025641
31	0.37730659544467926	0.6516288832419229	0.9932692307692308	0.9461538461538461
32	0.3772091937787605	0.45735545600859484	0.9958333333333333	0.9512820512820512
33	0.3771571341682883	0.3320014334191112	0.9974358974358974	0.958974358974359
34	0.377003458568028	0.35624696939532663	0.996474358974359	0.9564102564102565
35	0.37663522693845963	0.38960546831931797	0.9971153846153846	0.9512820512820512
36	0.3764233266985094	0.43009190413179066	0.996474358974359	0.9538461538461539
37	0.3760763344011809	0.2864011184185668	0.9974358974358974	0.9538461538461539
38	0.37576537254529124	0.2999374919846578	0.9967948717948718	0.9564102564102565
39	0.3753771483898163	0.2642267232532708	0.9980769230769231	0.9538461538461539
40	0.3751886356167677	0.25406879209586636	0.9974358974358974	0.9538461538461539
41	0.37485567161015104	0.24359733577623455	0.9977564102564103	0.9564102564102565
42	0.37494411579398224	0.23994376344549262	0.9977564102564103	0.9538461538461539
43	0.3745070424946872	0.2364150405783035	0.9980769230769231	0.9564102564102565
44	0.37413191265530055	0.23988777448361434	0.9977564102564103	0.9564102564102565
45	0.3738180243450662	0.22558932618252286	0.9980769230769231	0.9564102564102565
46	0.3736840613344882	0.22864822513775482	0.9980769230769231	0.9564102564102565
47	0.3734408418337504	0.23722684151868392	0.9980769230769231	0.9564102564102565
48	0.3730391531574483	0.23309151014777574	0.9974358974358974	0.9564102564102565
49	0.3727588129043579	0.2255218104865908	0.9980769230769231	0.9564102564102565
50	0.3725138271556181	0.2247704655830083	0.9977564102564103	0.9564102564102565
51	0.37224613703214204	0.22413474967945557	0.9980769230769231	0.9564102564102565
52	0.3719959304017841	0.2131050752971217	0.9980769230769231	0.9564102564102565
53	0.3717916188416658	0.22397697246939358	0.9977564102564103	0.9564102564102565
-1	-1	-1	-1	-1
0	0.4542415142059326	117.0319907908537	0.2814102564102564	0.5564102564102564
1	0.4045454263687134	41.005862274948434	0.6711538461538461	0.7205128205128205
2	0.3897244135538737	21.975914517227483	0.7996794871794872	0.7794871794871795
3	0.3819047212600708	15.292888222908488	0.857051282051282	0.8025641025641026
4	0.3769115924835205	13.64819473149825	0.8647435897435898	0.823076923076923
5	0.37383071581522626	10.318611421147171	0.8939102564102565	0.8461538461538461
6	0.37188587869916645	9.564404963838811	0.9022435897435898	0.8179487179487179
7	0.3704058825969696	9.057825425449682	0.9134615384615384	0.8358974358974359
8	0.3695639769236247	9.10632115359209	0.9096153846153846	0.8461538461538461
9	0.36882054805755615	9.352252303337565	0.908974358974359	0.8307692307692308
10	0.36837009950117633	7.321429844413485	0.9221153846153847	0.8589743589743589
11	0.36835400263468426	6.206881307065487	0.9371794871794872	0.8666666666666667
12	0.36832284927368164	5.497967927127468	0.9400641025641026	0.8846153846153846
13	0.3689316851752145	4.930701405874321	0.9506410256410256	0.9025641025641026
14	0.36899396578470867	3.6626998303192004	0.9612179487179487	0.8948717948717949
15	0.3692822754383087	3.583391066982734	0.9580128205128206	0.9051282051282051
16	0.3687511612387264	3.2609687696534153	0.9650641025641026	0.8948717948717949
17	0.36793768405914307	2.5426584295168215	0.9730769230769231	0.9153846153846154
18	0.36740325626574066	2.2311242649293677	0.9778846153846154	0.8974358974358975
19	0.3671416640281677	1.77124885937237	0.9804487179487179	0.9
20	0.36750536873227074	2.263678853476078	0.9788461538461538	0.9179487179487179
21	0.3675056912682273	1.6710162477149648	0.9833333333333333	0.9102564102564102
22	0.36733074810193933	1.5178339209464589	0.9849358974358975	0.9051282051282051
23	0.36742885907491046	1.2694257887232365	0.9868589743589744	0.9230769230769231
24	0.36746217727661135	1.2530147092778008	0.9855769230769231	0.9076923076923077
25	0.36731093663435715	1.7844931871383165	0.9830128205128205	0.9102564102564102
26	0.36745488202130355	1.0664034166815215	0.9887820512820513	0.9282051282051282
27	0.3674869111606053	1.1530505421771002	0.9878205128205129	0.9153846153846154
28	0.36762384710640744	0.8714559229318889	0.9923076923076923	0.9384615384615385
29	0.3678718169530233	0.7754155027642086	0.9919871794871795	0.9102564102564102
30	0.36822432856405934	0.5871608474562705	0.9939102564102564	0.9205128205128205
31	0.3684254065155983	0.6128800616454694	0.9939102564102564	0.9256410256410257
32	0.36865098548657965	0.4519179409211834	0.9955128205128205	0.9205128205128205
33	0.36888405154733095	0.3408052580667498	0.9971153846153846	0.9282051282051282
34	0.369146830695016	0.36010711182654853	0.996474358974359	0.9333333333333333
35	0.3693268630239699	0.30624907947951996	0.9967948717948718	0.9333333333333333
36	0.3695334937121417	0.2737107065123772	0.9971153846153846	0.9333333333333333
37	0.36925026617552104	0.3249880495161645	0.9967948717948718	0.9282051282051282
38	0.3689898466452574	0.27457575780655524	0.9967948717948718	0.9384615384615385
39	0.36911380887031553	0.24817218669340946	0.9974358974358974	0.9384615384615385
40	0.3692794950996957	0.24807206333675172	0.9967948717948718	0.9358974358974359
41	0.3691775685264951	0.24364750139677793	0.9974358974358974	0.9358974358974359
42	0.36908300532851107	0.2335229265452802	0.9977564102564103	0.9384615384615385
43	0.36899238282983954	0.23001248704486915	0.9974358974358974	0.9358974358974359
44	0.36887469821506075	0.22838040641912885	0.9974358974358974	0.9358974358974359
45	0.36880175445390784	0.22178625109206354	0.9977564102564103	0.9384615384615385
46	0.3687480814913486	0.22257329250165567	0.9977564102564103	0.9358974358974359
47	0.368828887740771	0.22198458257361733	0.9974358974358974	0.9358974358974359
48	0.3688858479869609	0.22519591017400523	0.9974358974358974	0.9358974358974359
-1	-1	-1	-1	-1
0	0.5077316761016846	118.6043197476134	0.2775641025641026	0.5820512820512821
1	0.43443238735198975	43.77013892543559	0.6442307692307693	0.7615384615384615
2	0.40972145398457843	23.924703700201853	0.7743589743589744	0.8256410256410256
3	0.39914894104003906	17.776566802238932	0.8298076923076924	0.8692307692307693
4	0.39469337463378906	14.146164616759943	0.8599358974358975	0.823076923076923
5	0.39201096693674725	11.988223597711446	0.8823717948717948	0.8923076923076924
6	0.39043099539620535	9.536182618871027	0.908974358974359	0.8743589743589744
7	0.3874993622303009	8.76508668977387	0.908974358974359	0.8769230769230769
8	0.3844155470530192	10.503530117930199	0.8977564102564103	0.8923076923076924
9	0.38269007205963135	7.977236965481116	0.9201923076923076	0.9
10	0.3808962215076793	9.495150943191684	0.908974358974359	0.8717948717948718
11	0.3798757791519165	6.555387616461637	0.9314102564102564	0.8948717948717949
12	0.3790611670567439	7.468309325831277	0.9256410256410257	0.9
13	0.3780554533004761	5.146152902926717	0.9419871794871795	0.9076923076923077
14	0.3768213113149007	4.088613474095355	0.9628205128205128	0.9307692307692308
15	0.37605826556682587	2.6443429165044607	0.9740384615384615	0.9487179487179487
16	0.37537477998172536	3.1076145657927405	0.9657051282051282	0.9128205128205128
17	0.37472491794162327	2.495713998312344	0.9733974358974359	0.9435897435897436
18	0.37408543887891266	2.194693411985526	0.9769230769230769	0.9307692307692308
19	0.3736948847770691	2.4322646380288107	0.9743589743589743	0.9256410256410257
20	0.3732927640279134	2.0551694737443205	0.9788461538461538	0.9307692307692308
21	0.37300083853981714	3.374070637688345	0.9650641025641026	0.9384615384615385
22	0.37253226404604706	1.7479286515629109	0.9804487179487179	0.9487179487179487
23	0.3722433050473531	1.5161647501173525	0.9839743589743589	0.9435897435897436
24	0.37177764892578125	1.4859777107046044	0.9833333333333333	0.9384615384615385
25	0.3714188062227689	1.2848706719446548	0.9875	0.9564102564102565
26	0.3710566008532489	1.0703975887094834	0.9903846153846154	0.9564102564102565
27	0.3705493722643171	1.0494967386962808	0.9900641025641026	0.9538461538461539
28	0.3703353816065295	0.7436203025851627	0.9939102564102564	0.9564102564102565
29	0.37029871145884197	0.583519733529918	0.9935897435897436	0.9512820512820512
30	0.3701037130048198	0.4990539497978586	0.9939102564102564	0.958974358974359
31	0.36981339752674103	0.8823255685904082	0.9913461538461539	0.9512820512820512
32	0.3695902463161584	0.6710098070539154	0.9910256410256411	0.9538461538461539
33	0.36956193867851705	0.4033584340964919	0.9951923076923077	0.9538461538461539
34	0.3693741457802909	0.33519606088639753	0.9971153846153846	0.9538461538461539
35	0.3693607184622023	0.3912429325995321	0.9955128205128205	0.9538461538461539
36	0.3692104429812045	1.2542333813141842	0.9887820512820513	0.9384615384615385
37	0.3691099944867586	0.5262276395936781	0.9951923076923077	0.9487179487179487
38	0.3689729066995474	0.42208372053395654	0.9951923076923077	0.9461538461538461
39	0.3689074873924255	0.4622279886793041	0.9951923076923077	0.9538461538461539
40	0.3687454549277701	0.45482448977655826	0.9948717948717949	0.9538461538461539
41	0.36858785720098586	0.2604485585708266	0.9967948717948718	0.9538461538461539
42	0.3684972164242767	0.22029545608603832	0.9980769230769231	0.9512820512820512
43	0.36829799955541437	0.20751273131181547	0.9974358974358974	0.9538461538461539
44	0.3681392298804389	0.1951793386299182	0.9977564102564103	0.9538461538461539
45	0.36803554451983905	0.18501426178848918	0.9983974358974359	0.9538461538461539
46	0.36802864581980604	0.18413455245306012	0.9980769230769231	0.9512820512820512
47	0.3680588056643804	0.18881710548647584	0.9974358974358974	0.9538461538461539
48	0.36803607064850474	0.19647578750582584	0.9977564102564103	0.9538461538461539
49	0.36798120975494386	0.18330642883487672	0.9977564102564103	0.9538461538461539
50	0.367893237693637	0.20286147160709797	0.9974358974358974	0.9512820512820512
-1	-1	-1	-1	-1
0	0.4601776599884033	118.96483530317035	0.26955128205128204	0.5692307692307692
1	0.41095030307769775	44.212058855562795	0.6387820512820512	0.717948717948718
2	0.39526136716206867	23.823286951804647	0.7842948717948718	0.7769230769230769
3	0.3880464434623718	16.605610562830556	0.8387820512820513	0.8076923076923077
4	0.38303651809692385	14.308390369220655	0.8625	0.8307692307692308
5	0.3808223406473796	11.83285105228424	0.8830128205128205	0.8435897435897436
6	0.37843206950596403	10.215258503446774	0.8996794871794872	0.8641025641025641
7	0.3772239089012146	9.502289475226888	0.9041666666666667	0.8538461538461538
8	0.3759547339545356	7.77734114564195	0.9208333333333333	0.8666666666666667
9	0.37488274574279784	9.223338636816765	0.9060897435897436	0.8666666666666667
10	0.3738941712812944	7.882573675744387	0.9208333333333333	0.8589743589743589
11	0.37290338675181073	5.805542264665876	0.9384615384615385	0.8692307692307693
12	0.3720278556530292	5.212258348659593	0.9477564102564102	0.9076923076923077
13	0.37113732951028006	4.3478496022978605	0.9525641025641025	0.9
14	0.37037426630655923	3.96885415485927	0.9567307692307693	0.9
15	0.37072473764419556	3.130225819820652	0.9647435897435898	0.9102564102564102
16	0.3707299372729133	3.321277628671758	0.9644230769230769	0.9205128205128205
17	0.3707449701097276	3.1430952304936186	0.966025641025641	0.9025641025641026
18	0.37053453294854416	2.081740164207485	0.9791666666666666	0.9179487179487179
19	0.3706365585327148	2.2885395941533604	0.9762820512820513	0.9102564102564102
20	0.37051643644060406	2.0119592130792383	0.9778846153846154	0.9153846153846154
21	0.3704025853763927	2.130899276926505	0.9772435897435897	0.9256410256410257
22	0.37019321192865784	1.1024571622351222	0.9878205128205129	0.9256410256410257
23	0.37018198768297833	0.8722420558998627	0.9881410256410257	0.9384615384615385
24	0.3702294445037842	1.359140596252733	0.9875	0.9256410256410257
25	0.3702083917764517	1.2884414684531107	0.9836538461538461	0.9358974358974359
26	0.37027618620130753	1.0552412162211782	0.9900641025641026	0.9307692307692308
27	0.3703057851110186	0.776795477406787	0.9923076923076923	0.9205128205128205
28	0.3702545741508747	0.6591332546513698	0.9926282051282052	0.9384615384615385
29	0.37023514906565347	0.8528894524907276	0.9907051282051282	0.9358974358974359
30	0.3702996700040756	0.5886612491568133	0.9923076923076923	0.9358974358974359
31	0.37037307024002075	0.368711681219236	0.9961538461538462	0.9333333333333333
32	0.3704618612925212	0.3079079078624443	0.9958333333333333	0.9358974358974359
33	0.37061992112328024	0.3776384078450881	0.9961538461538462	0.9358974358974359
34	0.3709212235042027	0.36237247409156464	0.9948717948717949	0.9384615384615385
35	0.3710738486713833	0.3383599230911219	0.9955128205128205	0.9358974358974359
36	0.3711503003094647	0.21618930271610484	0.9980769230769231	0.9384615384615385
37	0.37139541851846797	0.31048963584232425	0.9961538461538462	0.9256410256410257
38	0.37147172292073566	0.4495269203518769	0.9951923076923077	0.9307692307692308
39	0.3713935434818268	0.5719406319080083	0.9958333333333333	0.9282051282051282
40	0.3713952506460795	0.38784322324113885	0.996474358974359	0.9384615384615385
41	0.37141119298480807	0.2783676579479385	0.9974358974358974	0.9358974358974359
42	0.3715009245761605	0.17946415685701697	0.9983974358974359	0.9358974358974359
43	0.37145956537940283	0.1805205398969167	0.9974358974358974	0.941025641025641
44	0.3713086393144396	0.17394889341293102	0.9987179487179487	0.9358974358974359
45	0.37118112522622815	0.1806671661538623	0.9980769230769231	0.9384615384615385
46	0.3710543196252052	0.1595632016830436	0.9983974358974359	0.9435897435897436
47	0.3709531972805659	0.1751267368449682	0.9983974358974359	0.941025641025641
48	0.37079911815876865	0.17850616953646936	0.9983974358974359	0.941025641025641
49	0.3705967569351196	0.16607243597521731	0.9980769230769231	0.9435897435897436
50	0.3704652459013696	0.15204964830434398	0.9983974358974359	0.9435897435897436
51	0.3704974146989676	0.14376939690986063	0.9987179487179487	0.941025641025641
52	0.3703779409516533	0.14389482638543252	0.9987179487179487	0.9384615384615385
53	0.37028179345307527	0.17555576350275018	0.9974358974358974	0.9384615384615385
54	0.3701320128007369	0.14299992609731094	0.9987179487179487	0.941025641025641
55	0.3700771800109318	0.14515744628591407	0.9987179487179487	0.941025641025641
56	0.36993706435487983	0.15490634252429508	0.9987179487179487	0.941025641025641
57	0.36988908257977715	0.1443078846981623	0.9983974358974359	0.941025641025641
58	0.3702693187584311	0.14742459396134389	0.9987179487179487	0.9384615384615385
59	0.3701663295427958	0.1396118439199422	0.9987179487179487	0.9435897435897436
60	0.3702063599570853	0.15931102060561414	0.9983974358974359	0.9384615384615385
61	0.37026062703901724	0.14970255476287186	0.9987179487179487	0.9384615384615385
62	0.3706093667045472	0.14530651018889776	0.9987179487179487	0.941025641025641
63	0.3706417642533779	0.15937429849383283	0.9977564102564103	0.9384615384615385
64	0.37067947754493125	0.14806507135891683	0.9983974358974359	0.941025641025641
65	0.37070574543692847	0.19604801969309885	0.9977564102564103	0.9384615384615385
66	0.37079163807541576	0.6089615363684692	0.9932692307692308	0.9358974358974359
-1	-1	-1	-1	-1
0	0.517427921295166	117.53122290786432	0.2782051282051282	0.6
1	0.4422374963760376	43.75159865009542	0.6439102564102565	0.7307692307692307
2	0.41841928164164227	24.54506943177204	0.7737179487179487	0.782051282051282
3	0.40678131580352783	18.00737123100125	0.8275641025641025	0.8538461538461538
4	0.40119190216064454	14.603102129332873	0.8560897435897435	0.8512820512820513
5	0.39665432771046955	12.476804485126417	0.8701923076923077	0.8615384615384616
6	0.39376306533813477	12.505727405450783	0.8756410256410256	0.8666666666666667
7	0.39116883277893066	9.764313739173266	0.9019230769230769	0.8666666666666667
8	0.38981495963202584	7.759440843243988	0.9201923076923076	0.8717948717948718
9	0.3882663011550903	10.224921831062861	0.9025641025641026	0.8512820512820513
10	0.3870398131283847	7.84905868768692	0.9169871794871794	0.882051282051282
11	0.38577274481455487	7.017000856448193	0.9282051282051282	0.8871794871794871
12	0.3844896096449632	6.684321563462822	0.9307692307692308	0.9205128205128205
13	0.38426675115312847	5.562749148631583	0.9419871794871795	0.9256410256410257
14	0.3839137077331543	4.349105234657015	0.9506410256410256	0.9
15	0.38349516689777374	4.046446499167656	0.955448717948718	0.9282051282051282
16	0.38309870046727795	2.835869877314081	0.9711538461538461	0.9307692307692308
17	0.3827796909544203	2.3153070368594966	0.9743589743589743	0.9179487179487179
18	0.3821058524282355	2.8725881043593495	0.967948717948718	0.9512820512820512
19	0.3814696192741394	2.412243675262363	0.9769230769230769	0.9487179487179487
20	0.3809784821101597	2.1481141196373774	0.9794871794871794	0.9205128205128205
21	0.3803572112863714	2.739483216226253	0.9717948717948718	0.9435897435897436
22	0.3798842015473739	2.0226920738588183	0.9778846153846154	0.9358974358974359
23	0.37952784697214764	1.5181526302417019	0.9852564102564103	0.941025641025641
24	0.3793163204193115	1.4367403449462157	0.9846153846153847	0.9384615384615385
25	0.37909968999715954	1.247979302339408	0.9878205128205129	0.9487179487179487
26	0.3788462391606084	1.0715050944602307	0.9868589743589744	0.9538461538461539
27	0.3784359608377729	1.1178954921244664	0.9878205128205129	0.958974358974359
28	0.37814561251936285	0.8636760503547837	0.9926282051282052	0.9461538461538461
29	0.37791968186696373	0.7874014119769693	0.9916666666666667	0.9538461538461539
30	0.37775292704182284	0.7635140640575591	0.992948717948718	0.9512820512820512
31	0.37770286202430725	0.5727085998300843	0.9948717948717949	0.9666666666666667
32	0.3775159445675937	0.37497642235497813	0.9971153846153846	0.9641025641025641
33	0.37743567017947927	0.5143595970579071	0.9948717948717949	0.9615384615384616
34	0.37728617531912667	0.4917530468629426	0.9942307692307693	0.958974358974359
35	0.37714364131291706	0.5144927231957234	0.9951923076923077	0.9615384615384616
36	0.37693696408658417	0.4905308500996658	0.9958333333333333	0.9615384615384616
37	0.37674105167388916	0.43329580194715944	0.9955128205128205	0.958974358974359
38	0.37655104734958744	0.37416405963761334	0.9967948717948718	0.9512820512820512
39	0.3764616072177887	0.43132732644687855	0.9967948717948718	0.9615384615384616
40	0.37653398513793945	0.44393226706508393	0.9948717948717949	0.958974358974359
41	0.37656616596948533	0.3945792068058223	0.9967948717948718	0.9666666666666667
42	0.3765470815259357	0.48041117207707873	0.9955128205128205	0.941025641025641
43	0.37640352140773425	0.5473208178989399	0.9955128205128205	0.9538461538461539
44	0.37627475526597765	0.37203677473096797	0.996474358974359	0.9564102564102565
45	0.37635160529095196	0.27845538329221403	0.9977564102564103	0.958974358974359
46	0.3763804232820551	0.28903286117580435	0.9974358974358974	0.9538461538461539
47	0.3763907253742218	0.2808211380837079	0.9977564102564103	0.958974358974359
48	0.37628638014501453	0.2759001399396339	0.9974358974358974	0.9615384615384616
49	0.37621594905853273	0.29862253115350873	0.996474358974359	0.958974358974359
50	0.37615322599224016	0.26888397106709555	0.9974358974358974	0.9538461538461539
51	0.37618582523786104	0.2585200371098353	0.9974358974358974	0.9615384615384616
-1	-1	-1	-1	-1
0	0.45708560943603516	113.55644732105489	0.2846153846153846	0.5435897435897435
1	0.41634881496429443	41.6466690180253	0.6503205128205128	0.676923076923077
2	0.40305399894714355	25.198952061789377	0.7775641025641026	0.7589743589743589
3	0.3961058259010315	18.07044525535739	0.8189102564102564	0.8153846153846154
4	0.391934871673584	13.588640624163101	0.8599358974358975	0.8282051282051283
5	0.38891398906707764	12.388867768706108	0.878525641025641	0.8641025641025641
6	0.3863367353166853	10.826467034768084	0.8897435897435897	0.8487179487179487
7	0.3848733901977539	9.181842586215662	0.9073717948717949	0.8743589743589744
8	0.38451165623135036	8.841987703527723	0.9102564102564102	0.9
9	0.3837412118911743	7.899091426207095	0.9201923076923076	0.8717948717948718
10	0.3823988004164262	7.302541491328453	0.9259615384615385	0.8487179487179487
11	0.38056401411692303	6.1671516506039366	0.9378205128205128	0.8923076923076924
12	0.379010218840379	6.451849360855258	0.9323717948717949	0.9025641025641026
13	0.3778996297291347	4.825159557315768	0.95	0.8948717948717949
14	0.3766083558400472	3.7062427909398568	0.9628205128205128	0.9051282051282051
15	0.37563833594322205	4.229738061829489	0.9599358974358975	0.9025641025641026
16	0.3746028226964614	3.9172576462127724	0.9576923076923077	0.8974358974358975
17	0.3740377161237929	3.318095623534553	0.9653846153846154	0.9333333333333333
18	0.37406504781622635	2.687824171758732	0.9692307692307692	0.9076923076923077
19	0.3737713575363159	1.7668499475421042	0.9833333333333333	0.9076923076923077
20	0.3737670239948091	2.0662801948908185	0.9772435897435897	0.9205128205128205
21	0.37370952692898834	1.4602227174173281	0.9842948717948717	0.9128205128205128
22	0.3738521389339281	2.1683064626947957	0.9804487179487179	0.9282051282051282
23	0.3738810122013092	1.5138848493141788	0.9849358974358975	0.9282051282051282
24	0.3740304279327393	1.1872077074034937	0.9884615384615385	0.9358974358974359
25	0.374182783640348	1.088696424640259	0.9875	0.9256410256410257
26	0.37419434829994486	1.2825755484269135	0.9878205128205129	0.9230769230769231
27	0.37401596137455534	1.1007524556670414	0.9881410256410257	0.9307692307692308
28	0.373767219740769	0.9404556365773956	0.9907051282051282	0.9384615384615385
29	0.37374637126922605	0.9136187142397905	0.9926282051282052	0.9307692307692308
30	0.3738138060415945	0.7150222758206596	0.9926282051282052	0.9333333333333333
31	0.3739306405186653	0.8524206767603517	0.9923076923076923	0.8974358974358975
32	0.37376971678300336	1.4673878574477774	0.9878205128205129	0.9102564102564102
33	0.373696951305165	0.9108113659716839	0.9916666666666667	0.9333333333333333
34	0.37330446924482075	0.6100767830705118	0.9942307692307693	0.9307692307692308
35	0.37296461396747166	0.5579712566027504	0.9945512820512821	0.9282051282051282
36	0.3725866755923709	0.6824711891608692	0.9935897435897436	0.9333333333333333
37	0.37236816632120234	0.9003253448018044	0.9923076923076923	0.9358974358974359
38	0.37226063777238894	0.9282340905795406	0.9919871794871795	0.9307692307692308
39	0.37203608751296996	0.5212255755388321	0.9958333333333333	0.9358974358974359
40	0.3719477595352545	0.4038134092804786	0.996474358974359	0.9358974358974359
41	0.37180494694482713	0.3484161446175101	0.9971153846153846	0.9358974358974359
42	0.3716313062712204	0.3384345182222409	0.996474358974359	0.9358974358974359
43	0.37130352041938086	0.3529457377931531	0.9967948717948718	0.9358974358974359
44	0.3710628244611952	0.3674605394902459	0.996474358974359	0.9384615384615385
45	0.37097109400707745	0.3132825936658524	0.9971153846153846	0.9384615384615385
46	0.3710576016852196	0.30438560324873093	0.9974358974358974	0.9384615384615385
47	0.3711360643307368	0.304041747442727	0.9971153846153846	0.9384615384615385
48	0.3711600692904725	0.3002021376617319	0.9971153846153846	0.9384615384615385
-1	-1	-1	-1	-1
0	0.5153028964996338	118.19927449129065	0.2759615384615385	0.5743589743589743
1	0.441906213760376	43.046342197729615	0.642948717948718	0.717948717948718
2	0.4169298013051351	23.68698974531524	0.7833333333333333	0.7948717948717948
3	0.40448033809661865	18.212555160327835	0.8262820512820512	0.8333333333333334
4	0.39866414070129397	14.045905290817728	0.8602564102564103	0.8641025641025641
5	0.39480241139729816	11.95647886091349	0.8778846153846154	0.8871794871794871
6	0.3919429097856794	10.094560014958285	0.8942307692307693	0.8307692307692308
7	0.3891572952270508	10.439214216203105	0.8907051282051283	0.9051282051282051
8	0.3874192502763536	8.879805984545728	0.9121794871794872	0.9076923076923077
9	0.38646390438079836	8.099770649963496	0.923397435897436	0.8974358974358975
10	0.38516710021279077	8.811804804266716	0.9134615384615384	0.8923076923076924
11	0.38403600454330444	6.500481066807192	0.9342948717948718	0.9076923076923077
12	0.3834538459777832	5.333404401431278	0.9487179487179487	0.9179487179487179
13	0.3826791558946882	3.964396773552408	0.9551282051282052	0.9256410256410257
14	0.38223114013671877	4.46740027441054	0.9490384615384615	0.9307692307692308
15	0.38175520300865173	3.710255924080099	0.9628205128205128	0.9358974358974359
16	0.381278865477618	3.0825510286555	0.9708333333333333	0.9384615384615385
17	0.3808918661541409	2.702457075862556	0.9698717948717949	0.9461538461538461
18	0.38043458838211863	2.2057070639364573	0.9775641025641025	0.9435897435897436
19	0.38004467487335203	2.2315207402963115	0.9782051282051282	0.9487179487179487
20	0.37990924290248324	1.9903704512636273	0.9801282051282051	0.8948717948717949
21	0.37942897189747204	3.051528437785348	0.9733974358974359	0.9384615384615385
22	0.37914961317311163	1.5005176118860135	0.9855769230769231	0.9512820512820512
23	0.3787293533484141	1.2873568152153523	0.9855769230769231	0.9487179487179487
24	0.3783987045288086	1.7200211842867488	0.9810897435897435	0.9461538461538461
25	0.37834448997791	0.7020370501701777	0.9926282051282052	0.9615384615384616
26	0.3780909467626501	1.3081937665452383	0.9871794871794872	0.9461538461538461
27	0.37777336154665264	1.180023748247067	0.9875	0.958974358974359
28	0.37753579534333326	0.6272637938120763	0.9935897435897436	0.9615384615384616
29	0.37725304762522377	0.5615097723963043	0.9945512820512821	0.9564102564102565
30	0.37714494428327006	0.6334219677730141	0.9948717948717949	0.9538461538461539
31	0.37717077136039734	0.5198680892092536	0.9948717948717949	0.958974358974359
32	0.3770630793137984	0.7767503232985012	0.9919871794871795	0.9487179487179487
33	0.3768560325398165	0.9671502718155519	0.9891025641025641	0.958974358974359
34	0.3767496517726353	0.8268587201101971	0.9913461538461539	0.9564102564102565
35	0.37665019432703656	0.42526394575929305	0.9961538461538462	0.9615384615384616
36	0.37667501294935074	0.3310769628780913	0.996474358974359	0.9615384615384616
37	0.37666234217191996	0.35128874902029006	0.996474358974359	0.958974358974359
38	0.3766442506741255	0.3868813357334964	0.9955128205128205	0.958974358974359
39	0.37652832865715025	0.2804644503226808	0.9977564102564103	0.9564102564102565
40	0.37644527598125177	0.26847315764313623	0.9971153846153846	0.958974358974359
41	0.37638956024533227	0.2681849756642192	0.9974358974358974	0.9615384615384616
42	0.3763232674709586	0.27116394970668195	0.9967948717948718	0.958974358974359
43	0.3761983676390214	0.28342008456226664	0.9974358974358974	0.9615384615384616
44	0.37603877915276424	0.25802877137279473	0.9971153846153846	0.958974358974359
45	0.3759395298750504	0.2562447149906134	0.9977564102564103	0.9615384615384616
-1	-1	-1	-1	-1
0	0.46558046340942383	117.49895531790597	0.28525641025641024	0.6333333333333333
1	0.4182978868484497	40.196205956595286	0.6740384615384616	0.7615384615384615
2	0.4031711419423421	22.315184096900783	0.7964743589743589	0.7538461538461538
3	0.39612334966659546	17.278748556059234	0.8384615384615385	0.8179487179487179
4	0.3912519454956055	14.048628911680105	0.8669871794871795	0.8435897435897436
5	0.38867441813151044	11.321310875367145	0.8878205128205128	0.8641025641025641
6	0.3865490640912737	10.342103517785365	0.9022435897435898	0.8666666666666667
7	0.38500362634658813	8.745116480759211	0.9092948717948718	0.8717948717948718
8	0.3831135431925456	8.077897138437447	0.9179487179487179	0.882051282051282
9	0.3818367481231689	8.945866727099126	0.9121794871794872	0.8333333333333334
10	0.3812729228626598	6.986241785847411	0.9282051282051282	0.8589743589743589
11	0.3804830312728882	6.349736223415452	0.9362179487179487	0.8897435897435897
12	0.38010571553156924	6.5502800977959925	0.9403846153846154	0.8846153846153846
13	0.3797048841203962	5.4396858028687385	0.9458333333333333	0.9102564102564102
14	0.37942795753479003	4.138235855619518	0.9557692307692308	0.9230769230769231
15	0.378860279917717	3.4918595407994424	0.9625	0.9307692307692308
16	0.37834962676553163	3.6442002990112012	0.9576923076923077	0.9230769230769231
17	0.3780405918757121	2.3555766790915205	0.9743589743589743	0.9179487179487179
18	0.37768022637618215	2.944795098383816	0.9698717948717949	0.9384615384615385
19	0.3773318290710449	1.431406558016125	0.9871794871794872	0.9333333333333333
20	0.3769393875485375	1.6871772105520477	0.9810897435897435	0.9435897435897436
21	0.3765130259773948	1.6330048163250392	0.982051282051282	0.9384615384615385
22	0.37622679834780487	1.1691332301623854	0.985897435897436	0.9358974358974359
23	0.3759324351946513	1.0220282613941258	0.9871794871794872	0.9384615384615385
24	0.37568809509277346	1.6550696459872059	0.9833333333333333	0.9538461538461539
25	0.37568880961491513	1.0657509901864948	0.9887820512820513	0.9384615384615385
26	0.37549392382303876	1.125388091658147	0.9900641025641026	0.9487179487179487
27	0.3752278004373823	1.0205702072874243	0.989423076923077	0.9538461538461539
28	0.3751183296072072	0.6375967926887454	0.992948717948718	0.9564102564102565
29	0.3749375343322754	0.4490015866895377	0.9967948717948718	0.9512820512820512
30	0.374999753890499	0.39569435450866136	0.9958333333333333	0.9564102564102565
31	0.37487444281578064	0.41972962026668437	0.9961538461538462	0.9512820512820512
32	0.37480592727661133	0.4211733324942654	0.9948717948717949	0.9512820512820512
33	0.37455924118266387	0.534490428687957	0.9945512820512821	0.9538461538461539
34	0.37436652183532715	0.3596860827184377	0.9958333333333333	0.9564102564102565
35	0.3741802043384976	0.32287973530141506	0.9967948717948718	0.9538461538461539
36	0.37389820975226323	0.35128729538255543	0.9961538461538462	0.958974358974359
37	0.37376561917756734	0.3088334973732827	0.9961538461538462	0.9564102564102565
38	0.3736859957377116	0.29134740653668756	0.9971153846153846	0.9564102564102565
39	0.37354305386543274	0.2951047153964078	0.9971153846153846	0.9564102564102565
40	0.3735624464546762	0.28087283629087767	0.9977564102564103	0.9487179487179487
41	0.37361770016806467	0.31158931667195416	0.996474358974359	0.9538461538461539
42	0.3734911153482836	0.38547821907470314	0.9961538461538462	0.9538461538461539
43	0.3733702301979065	0.32154886595957094	0.9971153846153846	0.9564102564102565
44	0.3733367178175184	0.28810678799048645	0.996474358974359	0.9615384615384616
45	0.3732207909874294	0.7694046487855043	0.9939102564102564	0.9564102564102565
46	0.3731948213374361	0.5942147870890188	0.9926282051282052	0.9564102564102565
47	0.37319329380989075	0.3803995135560993	0.9967948717948718	0.9615384615384616
48	0.37309757057501347	0.3274475579151209	0.996474358974359	0.9564102564102565
49	0.3730574131011963	0.265512414335847	0.996474358974359	0.958974358974359
50	0.3730275116714777	0.2951616923305757	0.9971153846153846	0.9564102564102565
51	0.373040116750277	0.25048900508364585	0.9977564102564103	0.9564102564102565
52	0.3729865955856611	0.24555533507313787	0.9980769230769231	0.9538461538461539
53	0.3728917263172291	0.24005497389827019	0.9974358974358974	0.9512820512820512
54	0.3729135426607999	0.23668828131481787	0.9971153846153846	0.9564102564102565
55	0.3728968415941511	0.23020273716395664	0.9977564102564103	0.9538461538461539
56	0.3728034789102119	0.2489468868986979	0.9967948717948718	0.9538461538461539
57	0.37276425032780086	0.2995361000455664	0.9971153846153846	0.9487179487179487
58	0.3728108325247037	0.2875668665516542	0.996474358974359	0.9538461538461539
59	0.3728458603223165	0.3365258224161041	0.9967948717948718	0.9564102564102565
60	0.3728424799246866	0.25173422579038224	0.9974358974358974	0.9564102564102565
61	0.37280006562509843	0.23032202939764235	0.9980769230769231	0.9564102564102565
62	0.3728293350764683	0.2418281738462202	0.9971153846153846	0.9538461538461539
63	0.3727653957903385	0.2672647531975859	0.9974358974358974	0.9512820512820512
64	0.3727995469019963	0.25718344526652875	0.9977564102564103	0.9564102564102565
-1	-1	-1	-1	-1
0	0.46668052673339844	116.33258913001235	0.2916666666666667	0.5743589743589743
1	0.41226911544799805	42.0965338726433	0.6602564102564102	0.6923076923076923
2	0.39426549275716144	21.861085974440282	0.7942307692307692	0.7974358974358975
3	0.38492822647094727	16.69298204110593	0.8349358974358975	0.8205128205128205
4	0.3794515132904053	13.373136191951986	0.8657051282051282	0.8307692307692308
5	0.3758963743845622	10.868311755511225	0.8875	0.841025641025641
6	0.37398859432765413	10.253185714385948	0.8977564102564103	0.882051282051282
7	0.3726019859313965	8.882991230001254	0.9099358974358974	0.8307692307692308
8	0.370772573682997	8.14947010972062	0.9179487179487179	0.8794871794871795
9	0.37073440551757814	8.978689798895193	0.9108974358974359	0.8923076923076924
10	0.37021465735001996	7.031479162829263	0.9272435897435898	0.9076923076923077
11	0.3702121178309123	5.120412252539275	0.9432692307692307	0.882051282051282
12	0.36899353907658505	4.549765452134366	0.9532051282051283	0.9076923076923077
13	0.36839117322649273	4.410575432436807	0.955448717948718	0.8948717948717949
14	0.3676391919453939	4.633734114772203	0.9512820512820512	0.9076923076923077
15	0.36789074540138245	4.319791622307836	0.9570512820512821	0.9076923076923077
16	0.3682084644542021	3.638221402405476	0.9605769230769231	0.9153846153846154
17	0.36833470397525364	2.7251817623571473	0.9730769230769231	0.9487179487179487
18	0.36847320355867086	3.4975430590613765	0.9676282051282051	0.9205128205128205
19	0.36870441436767576	2.322153797487215	0.9753205128205128	0.9282051282051282
20	0.36884441829863046	1.834051142161598	0.9810897435897435	0.9256410256410257
21	0.3691395737908103	1.8703119132895858	0.9798076923076923	0.9230769230769231
22	0.3696412003558615	1.7691315772696112	0.9814102564102564	0.9461538461538461
23	0.37003358205159503	1.0673435498979322	0.9884615384615385	0.9384615384615385
24	0.3701845932006836	1.5780920944989145	0.9830128205128205	0.9333333333333333
25	0.3703576142971332	1.541359685741517	0.9836538461538461	0.9333333333333333
26	0.3706924385494656	1.201147376312589	0.9878205128205129	0.941025641025641
27	0.37079669748033794	1.0121955022557962	0.9907051282051282	0.9358974358974359
28	0.37093933697404535	0.7017803378688285	0.9923076923076923	0.9384615384615385
29	0.3710729757944743	0.5488872578384222	0.9945512820512821	0.9487179487179487
30	0.3712516138630529	0.5621748316797845	0.9948717948717949	0.9435897435897436
31	0.37181826680898666	0.5984165757390841	0.9945512820512821	0.9333333333333333
32	0.37167780327074457	0.972205485649673	0.989423076923077	0.9435897435897436
33	0.3715219076941995	0.7378657756952987	0.9919871794871795	0.9487179487179487
34	0.37135932104928154	0.6579104576174322	0.9935897435897436	0.9461538461538461
35	0.37131312158372665	0.7543830343674184	0.9923076923076923	0.9358974358974359
36	0.37124502981031265	0.6836410578820208	0.9942307692307693	0.9461538461538461
37	0.3713225565458599	0.4738832526419749	0.9939102564102564	0.9461538461538461
38	0.3713544821127867	0.48049235252701505	0.9951923076923077	0.9538461538461539
39	0.3715503513813019	0.4892034565920618	0.9951923076923077	0.9435897435897436
40	0.37154880384119543	0.5791986853728304	0.9942307692307693	0.9384615384615385
41	0.3714895759310041	0.42924299753836487	0.996474358974359	0.9384615384615385
42	0.37147267474684603	0.415196867029501	0.9958333333333333	0.9461538461538461
43	0.37143055417320947	0.3804256765395213	0.9961538461538462	0.941025641025641
44	0.37146451738145614	0.40994057606499434	0.9961538461538462	0.9461538461538461
45	0.371434994365858	0.3428918308440634	0.9967948717948718	0.9435897435897436
46	0.37147729447547423	0.3384146656581481	0.9958333333333333	0.941025641025641
47	0.37141983211040497	0.3612173940839094	0.9961538461538462	0.9435897435897436
48	0.37135798103955325	0.32528850192985764	0.9967948717948718	0.9435897435897436
49	0.37134876728057864	0.33826863212090424	0.9961538461538462	0.9461538461538461
50	0.3712182792962766	0.36413967979974493	0.9961538461538462	0.9487179487179487
51	0.37105328761614287	0.3218534284981671	0.9961538461538462	0.9461538461538461
52	0.37081683806653293	0.30178447005164344	0.9974358974358974	0.9461538461538461
53	0.3707467626642298	0.3042620848680191	0.9971153846153846	0.9487179487179487
54	0.3706740986217152	0.3252833936276147	0.9967948717948718	0.9461538461538461
55	0.37049517035484314	0.3551263626226389	0.9961538461538462	0.9461538461538461
56	0.37044485828332735	0.3586193097549507	0.996474358974359	0.9461538461538461
57	0.3703038240301198	0.3136114708646272	0.9974358974358974	0.9461538461538461
58	0.37022598315093475	0.29651386083735687	0.9974358974358974	0.9461538461538461
-1	-1	-1	-1	-1
0	0.5056490898132324	117.86243633348114	0.29134615384615387	0.6
1	0.42989492416381836	41.88636196876059	0.6576923076923077	0.7282051282051282
2	0.4071921507517497	23.065772226878575	0.7913461538461538	0.8102564102564103
3	0.39425909519195557	17.821382882643718	0.8214743589743589	0.841025641025641
4	0.38723082542419435	13.669072557468803	0.8612179487179488	0.8179487179487179
5	0.38212907314300537	12.081546442849296	0.8823717948717948	0.841025641025641
6	0.37901248250688824	11.727231400353569	0.8881410256410256	0.8897435897435897
7	0.3768315315246582	9.349772403434832	0.9038461538461539	0.8743589743589744
8	0.3748038080003526	8.91234098283612	0.9102564102564102	0.8538461538461538
9	0.37340779304504396	8.82316387064603	0.9157051282051282	0.8564102564102564
10	0.372112664309415	7.20716636886402	0.9256410256410257	0.8589743589743589
11	0.3711995879809062	6.837655611336231	0.9298076923076923	0.8923076923076924
12	0.3701965625469501	6.6139465754433555	0.9342948717948718	0.9
13	0.369587813104902	5.148879705187009	0.948076923076923	0.9076923076923077
14	0.36932209332784016	5.322710638751789	0.9464743589743589	0.9051282051282051
15	0.36897893249988556	3.845374768333776	0.9580128205128206	0.9153846153846154
16	0.3686181937946993	3.1941452059058513	0.9650641025641026	0.9256410256410257
17	0.3680308527416653	3.884402417178665	0.9621794871794872	0.9307692307692308
18	0.3678111151645058	2.8648084818708655	0.971474358974359	0.9
19	0.367395281791687	2.7793281131176926	0.9746794871794872	0.9333333333333333
20	0.36702604520888554	2.470072416816743	0.9743589743589743	0.9256410256410257
21	0.3666378476402976	2.148910241942777	0.9778846153846154	0.9461538461538461
22	0.36648556460504944	1.5655878346166288	0.9842948717948717	0.9435897435897436
23	0.36648059884707135	1.136416361610196	0.9887820512820513	0.9333333333333333
24	0.36690553665161135	1.0543110600425576	0.9900641025641026	0.9333333333333333
25	0.3672140378218431	0.7659044299246173	0.9923076923076923	0.9435897435897436
26	0.3671552781705503	0.6545285697175874	0.9942307692307693	0.9384615384615385
27	0.3674095017569406	2.19175476103793	0.9791666666666666	0.9076923076923077
28	0.36753177642822266	1.260954377170158	0.9868589743589744	0.9435897435897436
29	0.36784069538116454	1.0573548829772186	0.9897435897435898	0.9435897435897436
30	0.36807822412060154	0.8677773556989209	0.9932692307692308	0.9538461538461539
31	0.36778082698583603	0.6571786065849627	0.9932692307692308	0.9256410256410257
32	0.36763089353388007	0.8064163697013935	0.9919871794871795	0.9564102564102565
33	0.36762166023254395	0.9072053372213731	0.9910256410256411	0.9384615384615385
34	0.36733771051679337	0.5997588266339391	0.9945512820512821	0.9487179487179487
35	0.3669937517907884	0.5762137792177726	0.9945512820512821	0.9461538461538461
36	0.36684211524757177	0.5386145382582647	0.9955128205128205	0.9487179487179487
37	0.3669273853302002	0.4340820071514344	0.9951923076923077	0.9435897435897436
38	0.36693072930360454	0.5482215627954266	0.9948717948717949	0.9512820512820512
39	0.36706632375717163	0.5514875160629994	0.9951923076923077	0.9487179487179487
40	0.3672437260790569	0.47126607417143235	0.9961538461538462	0.9487179487179487
41	0.36718220370156424	0.29568837140568016	0.9971153846153846	0.9512820512820512
42	0.36716371913288914	0.28668364275862196	0.9974358974358974	0.9512820512820512
43	0.36722411892630835	0.29055908668343194	0.9974358974358974	0.9512820512820512
44	0.3672834078470866	0.36157438985834717	0.9961538461538462	0.9538461538461539
45	0.367419403532277	0.3657006069702127	0.9967948717948718	0.9487179487179487
46	0.3676238415089059	0.2682580598003388	0.9977564102564103	0.9512820512820512
47	0.36768239736557007	0.26259319566793704	0.9974358974358974	0.9564102564102565
48	0.3678117966165348	0.2502230103562731	0.9977564102564103	0.9512820512820512
49	0.3678995990753174	0.24631136481986352	0.9977564102564103	0.9538461538461539
50	0.368007874956318	0.2493729353096866	0.9977564102564103	0.9512820512820512
51	0.368178862791795	0.25660271499435444	0.9974358974358974	0.9538461538461539
52	0.3681391185184695	0.26898301647660056	0.9967948717948718	0.9512820512820512
-1	-1	-1	-1	-1
0	0.44448399543762207	116.65617580803074	0.28685897435897434	0.541025641025641
1	0.40247344970703125	41.69410156717106	0.6608974358974359	0.6871794871794872
2	0.39003507296244305	22.49673480890235	0.7916666666666666	0.8
3	0.38670557737350464	16.559317744508082	0.8439102564102564	0.8025641025641026
4	0.382503604888916	13.479602217674255	0.8621794871794872	0.7948717948717948
5	0.37965933481852215	11.469801579202924	0.8916666666666667	0.8256410256410256
6	0.37861333574567524	9.632046945241033	0.9076923076923077	0.8461538461538461
7	0.37772220373153687	9.350566565990448	0.9048076923076923	0.8461538461538461
8	0.3769420517815484	8.409833358866829	0.9205128205128205	0.8769230769230769
9	0.37645397186279295	7.972459442153269	0.9205128205128205	0.8358974358974359
10	0.3766045570373535	8.292048173291343	0.9176282051282051	0.8615384615384616
11	0.37656595309575397	6.672883297107657	0.9317307692307693	0.8538461538461538
12	0.37681177946237415	5.452533868502598	0.9413461538461538	0.8897435897435897
13	0.3765402691704886	5.237733732680885	0.9448717948717948	0.8974358974358975
14	0.37648216883341473	4.31944746265606	0.9544871794871795	0.8871794871794871
15	0.37665024399757385	3.664200260056829	0.9637820512820513	0.882051282051282
16	0.37645543322843666	3.4435135466711864	0.9711538461538461	0.9179487179487179
17	0.37663014729817706	2.7250662709073143	0.9717948717948718	0.9076923076923077
18	0.37653737319143193	2.3074345844132558	0.9753205128205128	0.8974358974358975
19	0.3765584945678711	2.343966218623884	0.9756410256410256	0.9256410256410257
20	0.3764485858735584	2.382543793024153	0.9801282051282051	0.8974358974358975
21	0.3762150352651423	2.538871288546646	0.9762820512820513	0.9128205128205128
22	0.37613964080810547	1.5915739185994073	0.9830128205128205	0.9333333333333333
23	0.37610135475794476	1.235260491354429	0.9891025641025641	0.9282051282051282
24	0.3762774276733398	1.1536644196175798	0.9868589743589744	0.9153846153846154
25	0.3763212515757634	0.954497364836707	0.9907051282051282	0.9205128205128205
26	0.37650244324295606	1.2999031338793205	0.985897435897436	0.9179487179487179
27	0.3765908990587507	1.0879130706450029	0.9907051282051282	0.9230769230769231
28	0.3766002161749478	1.144050716424874	0.9887820512820513	0.9358974358974359
29	0.3764843781789144	1.224443599401156	0.989423076923077	0.9102564102564102
30	0.3764497003247661	1.076733271382293	0.9903846153846154	0.9358974358974359
31	0.37647631764411926	0.5585116373935752	0.9948717948717949	0.9358974358974359
32	0.37642560583172424	0.4653965065954253	0.9961538461538462	0.9307692307692308
33	0.37643351975609274	0.5052154456147667	0.9955128205128205	0.9282051282051282
34	0.3763723577771868	0.5257774306810461	0.9958333333333333	0.9333333333333333
35	0.37636272774802315	0.7733380498758954	0.9951923076923077	0.9307692307692308
36	0.3764036023938978	0.4811355075300006	0.9961538461538462	0.9358974358974359
37	0.3764301162017019	0.45153529387993774	0.9958333333333333	0.9230769230769231
38	0.37645701872996795	0.3567988845301146	0.9967948717948718	0.9333333333333333
39	0.3764293551445007	0.42020590568426996	0.9961538461538462	0.9333333333333333
40	0.3762948222276641	0.3733072292394651	0.9967948717948718	0.9307692307692308
41	0.3762022994813465	0.3244799600090898	0.9967948717948718	0.9333333333333333
42	0.376035119211951	0.33306728153725923	0.9974358974358974	0.9307692307692308
43	0.37601320310072467	0.3164803701344811	0.9977564102564103	0.9358974358974359
44	0.376102426317003	0.3155850795755752	0.9974358974358974	0.9282051282051282
45	0.3760495289512303	0.30302023698340586	0.9977564102564103	0.9282051282051282
46	0.3760864683922301	0.35891068594325903	0.9967948717948718	0.9307692307692308
47	0.37602778275807697	0.28368407482048497	0.9980769230769231	0.9333333333333333
48	0.37609824842336226	0.4430352006955737	0.996474358974359	0.9307692307692308
-1	-1	-1	-1	-1
0	0.5123777389526367	118.46834626489756	0.27147435897435895	0.4897435897435897
1	0.4588207006454468	41.99799961946449	0.6621794871794872	0.717948717948718
2	0.42489202817281085	22.252666945360144	0.7974358974358975	0.7923076923076923
3	0.41210609674453735	17.501275763219716	0.8352564102564103	0.764102564102564
4	0.40425877571105956	13.279274906430926	0.8705128205128205	0.8358974358974359
5	0.4032086133956909	12.103165352831082	0.8865384615384615	0.8717948717948718
6	0.3981875010899135	9.785589258585658	0.9080128205128205	0.8641025641025641
7	0.39434048533439636	9.768376485425598	0.896474358974359	0.8615384615384616
8	0.39135143491956925	8.29669874115866	0.9214743589743589	0.8769230769230769
9	0.3894322395324707	7.745582213815378	0.9214743589743589	0.8615384615384616
10	0.38809787143360486	7.153214624341653	0.925	0.9179487179487179
11	0.3878507614135742	5.280937446015222	0.9483974358974359	0.8974358974358975
12	0.3865477488591121	6.401755609074417	0.9368589743589744	0.9205128205128205
13	0.38508731978280203	4.681907736981402	0.9487179487179487	0.9205128205128205
14	0.38419690132141116	4.024709825613061	0.958974358974359	0.9282051282051282
15	0.3837336301803589	3.9449422462482233	0.9583333333333334	0.9179487179487179
16	0.3834327809950885	2.9157785818893083	0.9692307692307692	0.9205128205128205
17	0.3833894729614258	2.833071752907518	0.9698717948717949	0.9051282051282051
18	0.38319403246829387	2.536230311729014	0.9708333333333333	0.9333333333333333
19	0.3831764101982117	2.093210658457662	0.9759615384615384	0.9230769230769231
20	0.3830542110261463	2.1216131057590246	0.9807692307692307	0.9358974358974359
21	0.38298731500452216	1.7184135955853426	0.9826923076923076	0.9384615384615385
22	0.3824296515920888	1.956409243268094	0.9810897435897435	0.9333333333333333
23	0.3819623291492462	0.9742676197380131	0.9903846153846154	0.9384615384615385
24	0.3815678787231445	1.003070808709504	0.9910256410256411	0.9435897435897436
25	0.38129034409156215	0.6742285465066112	0.9926282051282052	0.9358974358974359
26	0.3809546364678277	0.9499695520130538	0.9903846153846154	0.9435897435897436
27	0.3804964678628104	0.6768523328147629	0.9945512820512821	0.941025641025641
28	0.380082368850708	0.9150810627342791	0.9923076923076923	0.9461538461538461
29	0.37989811102549237	0.9484243149184907	0.9900641025641026	0.9256410256410257
30	0.37937079706499655	1.028142585129268	0.9935897435897436	0.9487179487179487
31	0.3788783997297287	0.38034080818048394	0.9961538461538462	0.9487179487179487
32	0.3784941832224528	0.3573260716001066	0.9974358974358974	0.9487179487179487
33	0.37827397094053383	0.3523248770459536	0.9974358974358974	0.9461538461538461
34	0.3779949528830392	0.2955810655759557	0.9974358974358974	0.9487179487179487
35	0.3778674337599013	0.3029915648910493	0.9971153846153846	0.9538461538461539
36	0.3777082417462323	0.24886200811276782	0.9980769230769231	0.9487179487179487
37	0.37749094084689494	0.23792784810434475	0.9983974358974359	0.9487179487179487
38	0.3771311992254013	0.24292196668117255	0.9977564102564103	0.9487179487179487
39	0.37684351205825806	0.21016046566216331	0.9987179487179487	0.9461538461538461
40	0.37662325254300744	0.20718937245350835	0.9983974358974359	0.9435897435897436
41	0.37640299115862164	0.25063443627821436	0.9980769230769231	0.9435897435897436
42	0.37623921106028	0.2631082319683034	0.9980769230769231	0.9538461538461539
43	0.37605839425867255	0.19247122184101406	0.9987179487179487	0.9487179487179487
44	0.37588408788045247	0.19765759173903036	0.9987179487179487	0.9487179487179487
45	0.37570852818696393	0.1920681354864168	0.9987179487179487	0.9512820512820512
46	0.37567915307714583	0.19289821309865482	0.9983974358974359	0.9487179487179487
47	0.37549622853597003	0.21692936462457102	0.9977564102564103	0.9512820512820512
48	0.37547152382986887	0.18327901415391445	0.9983974358974359	0.9512820512820512
49	0.3753713846206665	0.18522137101721528	0.9983974358974359	0.9487179487179487
50	0.37522219209110036	0.18389477235667778	0.9987179487179487	0.9512820512820512
51	0.3751174257351802	0.17631963015892138	0.9987179487179487	0.9487179487179487
52	0.37515369001424537	0.1804187486618781	0.9987179487179487	0.9487179487179487
53	0.3751222380885371	0.17442127303024327	0.9987179487179487	0.9487179487179487
54	0.37496625726873223	0.1733563928961414	0.9987179487179487	0.9461538461538461
55	0.37477441344942364	0.17151468068557882	0.9983974358974359	0.9461538461538461
-1	-1	-1	-1	-1
0	0.4607048034667969	115.36492386642767	0.2900641025641026	0.5897435897435898
1	0.41664016246795654	41.62376440301233	0.6592948717948718	0.7102564102564103
2	0.4026750723520915	22.803022618196447	0.7865384615384615	0.7230769230769231
3	0.3947126269340515	16.72211100860518	0.8384615384615385	0.782051282051282
4	0.38848023414611815	14.409663757499384	0.8625	0.7794871794871795
5	0.3846198320388794	11.591039747607951	0.8884615384615384	0.8589743589743589
6	0.38190068517412457	10.24829048161604	0.8983974358974359	0.8384615384615385
7	0.38113412261009216	9.545658584304002	0.9064102564102564	0.8512820512820513
8	0.38027633561028373	9.150148218991806	0.9144230769230769	0.841025641025641
9	0.37952826023101804	7.881751878833284	0.9185897435897435	0.8358974358974359
10	0.3782864917408336	8.03270981415194	0.9192307692307692	0.8435897435897436
11	0.3770121932029724	6.760030626642461	0.9320512820512821	0.8769230769230769
12	0.3763668170342079	5.421874062747372	0.9435897435897436	0.8897435897435897
13	0.37557242597852436	5.318412499464288	0.9419871794871795	0.8948717948717949
14	0.3749601205190023	5.043412358176951	0.9483974358974359	0.8717948717948718
15	0.3748009204864502	4.045819504528629	0.9564102564102565	0.8974358974358975
16	0.37459954093484316	3.5359391097207458	0.9621794871794872	0.9102564102564102
17	0.3749467664294773	3.184302794690035	0.9647435897435898	0.9153846153846154
18	0.37518073383130524	3.9741023341763992	0.9637820512820513	0.8794871794871795
19	0.3754337906837463	3.1759175041652457	0.9705128205128205	0.8871794871794871
20	0.37573613439287457	2.957974280971958	0.9685897435897436	0.9179487179487179
21	0.37584667856043036	1.9775834542566113	0.9823717948717948	0.9230769230769231
22	0.3760034830673881	1.290059649518558	0.9868589743589744	0.9230769230769231
23	0.3762672146161397	1.4293649935125545	0.9839743589743589	0.9102564102564102
24	0.3764406394958496	1.177176024726763	0.9891025641025641	0.9205128205128205
25	0.37637608784895676	0.7057830151883239	0.9942307692307693	0.9256410256410257
26	0.37643429085060404	0.7179821085265591	0.9935897435897436	0.9256410256410257
27	0.37628393513815744	1.776055942816964	0.9814102564102564	0.8871794871794871
28	0.37612814738832673	1.2560587787088386	0.9852564102564103	0.9179487179487179
29	0.3760770638783773	0.9092447561074086	0.9887820512820513	0.9128205128205128
30	0.37598243067341464	0.5460900612489074	0.9948717948717949	0.9179487179487179
31	0.37577812373638153	0.5543444905541742	0.9948717948717949	0.9205128205128205
32	0.37562383304942737	0.5846525489789794	0.9939102564102564	0.9230769230769231
33	0.37568485736846924	0.5846594359656815	0.992948717948718	0.9205128205128205
34	0.3757361820765904	0.8002440025364714	0.9923076923076923	0.9153846153846154
35	0.3757089508904351	0.6917257908142495	0.9926282051282052	0.9282051282051282
36	0.3757233039752857	0.3752305712812219	0.9961538461538462	0.9282051282051282
37	0.3756118385415328	0.2946337806049031	0.9977564102564103	0.9282051282051282
38	0.37554167478512496	0.2880488769222545	0.9971153846153846	0.9282051282051282
39	0.3754217803478241	0.2743608090202134	0.9977564102564103	0.9282051282051282
40	0.3751992888566924	0.2626557549799089	0.9977564102564103	0.9282051282051282
41	0.37505891777220224	0.27811154453452125	0.996474358974359	0.9205128205128205
42	0.37486925790476244	0.2758094458858606	0.9977564102564103	0.9256410256410257
43	0.3746980970556086	0.25368021624412257	0.9971153846153846	0.9256410256410257
44	0.3746284643809001	0.2463420034930875	0.9974358974358974	0.9282051282051282
45	0.3745262622833252	0.2300060214676742	0.9977564102564103	0.9282051282051282
46	0.3744205413980687	0.22046599337565048	0.9977564102564103	0.9205128205128205
47	0.3744496802488963	0.23171847440348106	0.9977564102564103	0.9282051282051282
48	0.37450064445028497	0.23474890191068787	0.9977564102564103	0.9282051282051282
49	0.3746499156951904	0.21705714677168264	0.9983974358974359	0.9282051282051282
50	0.3747259214812634	0.21007628456394814	0.9980769230769231	0.9307692307692308
51	0.3748389528347896	0.2109888423289462	0.9977564102564103	0.9282051282051282
52	0.37488663421486906	0.22291028046667485	0.9974358974358974	0.9282051282051282
53	0.37488875565705476	0.2070764480865494	0.9980769230769231	0.9282051282051282
54	0.37501371990550647	0.2417838072638284	0.9971153846153846	0.9307692307692308
55	0.3750143476894924	0.24264035718654353	0.9974358974358974	0.9282051282051282
56	0.37504455499481737	0.21842283280346572	0.9980769230769231	0.9282051282051282
57	0.3749835614500375	0.20784549521459314	0.9980769230769231	0.9282051282051282
58	0.37496583340531686	0.19528474716727423	0.9977564102564103	0.9307692307692308
59	0.3749725103378296	0.1945551877744984	0.9980769230769231	0.9307692307692308
60	0.374957549767416	0.1929899369730562	0.9977564102564103	0.9307692307692308
61	0.3748761876936882	0.2008747057032971	0.9980769230769231	0.9307692307692308
62	0.3748241076393733	0.2088683536923633	0.9971153846153846	0.9307692307692308
63	0.3747040256857872	0.2818792951165589	0.9974358974358974	0.9282051282051282
64	0.37455158233642577	0.3203204396989776	0.9971153846153846	0.9179487179487179
65	0.37450393040974933	0.24570009097583445	0.9974358974358974	0.9307692307692308
66	0.37456054473990824	0.2500994348832007	0.9974358974358974	0.9256410256410257
67	0.37455180813284483	0.21698782614379414	0.9971153846153846	0.9282051282051282
68	0.37460043464881787	0.22862863540601155	0.9974358974358974	0.9282051282051282
69	0.3745713881083897	0.2411467313292206	0.9971153846153846	0.9256410256410257
70	0.37455724662458395	0.25305448086881516	0.996474358974359	0.9307692307692308
-1	-1	-1	-1	-1
0	0.5081632137298584	116.466194230683	0.28557692307692306	0.5871794871794872
1	0.4392911195755005	41.360013319521535	0.6608974358974359	0.7692307692307693
2	0.4160699049631755	23.23677184143845	0.7926282051282051	0.7615384615384615
3	0.4038470387458801	16.63604309120957	0.8387820512820513	0.8333333333333334
4	0.3965610980987549	13.141729235649109	0.8762820512820513	0.8564102564102564
5	0.39218564828236896	11.8524086913284	0.885576923076923	0.8871794871794871
6	0.3896970748901367	9.420660475078893	0.9057692307692308	0.8846153846153846
7	0.3875656723976135	8.878869595576306	0.9092948717948718	0.8948717948717949
8	0.3860620657602946	8.670983542593158	0.9163461538461538	0.8846153846153846
9	0.38509387969970704	8.244567863491117	0.9121794871794872	0.8974358974358975
10	0.38428508151661267	8.01153682141888	0.9163461538461538	0.9102564102564102
11	0.38396135965983075	5.2142176618229366	0.9458333333333333	0.9256410256410257
12	0.38311395278343785	4.996449811574148	0.9477564102564102	0.8974358974358975
13	0.3822779655456543	5.504019374750098	0.9432692307692307	0.9256410256410257
14	0.38165152867635094	3.892263261031131	0.9599358974358975	0.9230769230769231
15	0.38201144337654114	3.793124874711645	0.9615384615384616	0.9384615384615385
16	0.3816107441397274	4.358019498766077	0.9551282051282052	0.9358974358974359
17	0.3804859717686971	2.8877637342226747	0.9721153846153846	0.9487179487179487
18	0.3797279157136616	2.349413010158709	0.9762820512820513	0.9512820512820512
19	0.37915990352630613	2.642235055261729	0.9708333333333333	0.9487179487179487
20	0.37879016285850886	2.6359901070898895	0.971474358974359	0.9564102564102565
21	0.37824805216355756	1.6611908600304504	0.9804487179487179	0.9487179487179487
22	0.3777741660242495	1.596672171831359	0.9817307692307692	0.9358974358974359
23	0.377210001150767	1.8090620110077518	0.9833333333333333	0.9512820512820512
24	0.3769635009765625	1.2009810715419602	0.9862179487179488	0.9538461538461539
25	0.3768232694038978	1.0903490595234444	0.9900641025641026	0.9564102564102565
26	0.3764389267674199	0.8238851904360653	0.9916666666666667	0.9538461538461539
27	0.3762087481362479	0.5532961719935494	0.9951923076923077	0.9641025641025641
28	0.37601932986029263	0.7408143282506843	0.9923076923076923	0.9538461538461539
29	0.3761478821436564	1.464104290785534	0.9846153846153847	0.9538461538461539
30	0.3761479931492959	0.8848445613687972	0.9903846153846154	0.9666666666666667
31	0.3761671334505081	0.5058626801426503	0.9951923076923077	0.9666666666666667
32	0.3759649233384566	0.478286981228644	0.9955128205128205	0.9641025641025641
33	0.37582962653216195	0.4610812068733919	0.9958333333333333	0.9641025641025641
34	0.37578368186950684	0.6460525240287023	0.9932692307692308	0.9615384615384616
35	0.37572526931762695	0.686161950316128	0.9919871794871795	0.9564102564102565
36	0.37563054626052444	0.5023724678274225	0.9955128205128205	0.9692307692307692
37	0.3755109247408415	0.6291051619396336	0.9939102564102564	0.9717948717948718
38	0.37520643992301744	0.4559326220291301	0.9948717948717949	0.9692307692307692
39	0.37510805726051333	0.35335397765952714	0.9974358974358974	0.9692307692307692
40	0.37514355124496834	0.3110591616690615	0.9967948717948718	0.9666666666666667
41	0.37506650175367084	0.28427065550486263	0.9974358974358974	0.9692307692307692
42	0.3750650882720947	0.27244904981118306	0.9977564102564103	0.9717948717948718
43	0.37495256012136285	0.28484214080274295	0.9971153846153846	0.9641025641025641
44	0.37500798967149523	0.6137017231522638	0.9951923076923077	0.9615384615384616
45	0.37486588954925537	0.35997300848485997	0.9951923076923077	0.9692307692307692
46	0.3747493510550641	0.282864704903195	0.9977564102564103	0.9692307692307692
47	0.3746430774529775	0.2632143355190887	0.9971153846153846	0.9666666666666667
48	0.3745751964802645	0.25929373923133187	0.9977564102564103	0.9666666666666667
49	0.37447721004486084	0.2600875070760483	0.9974358974358974	0.9641025641025641
50	0.37448891471414003	0.2664804621019023	0.9967948717948718	0.9666666666666667
51	0.37453551017321074	0.26916684299215615	0.9974358974358974	0.9641025641025641
52	0.374521367954758	0.24812965565753092	0.9977564102564103	0.9666666666666667
53	0.37434082119553175	0.24880128575557825	0.9974358974358974	0.9666666666666667
54	0.37424916354092685	0.2455928205714112	0.9977564102564103	0.9641025641025641
55	0.37410218375069754	0.26373623670714347	0.9967948717948718	0.9666666666666667
56	0.37394350871705173	0.25673950257222883	0.9977564102564103	0.9666666666666667
57	0.3738828815262893	0.2485283765097253	0.9974358974358974	0.9666666666666667
-1	-1	-1	-1	-1
0	0.45459794998168945	117.51060906235053	0.28044871794871795	0.5230769230769231
1	0.4106377363204956	43.958073985819915	0.6368589743589743	0.7205128205128205
2	0.39641650517781574	24.38577225743508	0.7701923076923077	0.782051282051282
3	0.4060409665107727	17.416228150834844	0.8301282051282052	0.823076923076923
4	0.39919157028198243	14.062586779497108	0.8602564102564103	0.8307692307692308
5	0.39411962032318115	12.498700786610039	0.8762820512820513	0.7974358974358975
6	0.39114911215645926	11.286892504108195	0.8871794871794871	0.8512820512820513
7	0.3892219364643097	9.350203161336937	0.907051282051282	0.8794871794871795
8	0.38750290870666504	9.113012137461682	0.9060897435897436	0.8615384615384616
9	0.38571810722351074	7.69182645666356	0.926923076923077	0.8692307692307693
10	0.3842103698036887	8.799377473033204	0.9118589743589743	0.8692307692307693
11	0.3833999236424764	6.103750324827068	0.9362179487179487	0.8923076923076924
12	0.38240654651935285	5.3830201508743425	0.9458333333333333	0.8564102564102564
13	0.3819553681782314	5.5241666238526905	0.9442307692307692	0.8769230769230769
14	0.3815611362457275	4.57134286481507	0.9538461538461539	0.8769230769230769
15	0.38080908358097076	5.38371630864484	0.9451923076923077	0.9076923076923077
16	0.38038354761460247	3.4171614963181165	0.9647435897435898	0.9307692307692308
17	0.37991416454315186	2.908193547354669	0.9692307692307692	0.9
18	0.37960151622169896	3.2526909247877036	0.9685897435897436	0.9179487179487179
19	0.379164981842041	2.692514650903794	0.969551282051282	0.9153846153846154
20	0.378957918712071	2.533088606288086	0.9743589743589743	0.8974358974358975
21	0.37862319296056574	1.590809048742664	0.9830128205128205	0.9256410256410257
22	0.3783060053120489	1.7203395378832915	0.9814102564102564	0.9102564102564102
23	0.37807952364285785	1.7047629394397443	0.9807692307692307	0.9205128205128205
24	0.3779483509063721	1.6963488786785426	0.9817307692307692	0.9205128205128205
25	0.37782894648038423	1.966211553853081	0.9807692307692307	0.9205128205128205
26	0.37761674103913484	1.0264304081472206	0.989423076923077	0.9256410256410257
27	0.3774380683898926	0.9077901414367465	0.9913461538461539	0.9282051282051282
28	0.37736782534369107	0.9371403246661838	0.9923076923076923	0.9256410256410257
29	0.3772787014643351	0.8957548318763396	0.9910256410256411	0.9307692307692308
30	0.37715922632525045	0.6775391243626269	0.9939102564102564	0.9333333333333333
31	0.37708690762519836	0.9031339606854647	0.9916666666666667	0.9358974358974359
32	0.37691463123668323	0.875917810998971	0.9923076923076923	0.9205128205128205
33	0.3768979451235603	0.709571716549084	0.992948717948718	0.9307692307692308
34	0.3767453738621303	0.5088229012385733	0.9955128205128205	0.9205128205128205
35	0.3767130904727512	0.46229195507476106	0.996474358974359	0.9307692307692308
36	0.3765170767500594	0.3470372966780536	0.9971153846153846	0.9358974358974359
37	0.37637460231781006	0.3183935385088113	0.9977564102564103	0.9333333333333333
38	0.3763562960502429	0.384860180097404	0.996474358974359	0.9333333333333333
39	0.3762538731098175	0.32933965158572764	0.9974358974358974	0.9358974358974359
40	0.37612068362352324	0.30845733795775937	0.9974358974358974	0.9384615384615385
41	0.375877476873852	0.3018242214130456	0.9967948717948718	0.9333333333333333
42	0.3756900499033373	0.3179001469920598	0.9971153846153846	0.9333333333333333
43	0.3756177533756603	0.28884380955809763	0.9977564102564103	0.9358974358974359
44	0.37557495964898	0.2806269116346292	0.9974358974358974	0.9358974358974359
45	0.3755452425583549	0.27415561817772927	0.9977564102564103	0.9333333333333333
46	0.3754733775524383	0.27653833458019533	0.9977564102564103	0.9333333333333333
47	0.3753949801127116	0.2712701905978492	0.9977564102564103	0.9333333333333333
48	0.37535977363586426	0.27045836121292915	0.9974358974358974	0.9333333333333333
49	0.3752140998840332	0.27277028107450213	0.9977564102564103	0.9333333333333333
50	0.3751854569304223	0.26694222845208987	0.9977564102564103	0.9333333333333333
51	0.3750856106097882	0.2680096107335198	0.9971153846153846	0.9333333333333333
52	0.3750048943285672	0.2647203972632343	0.9977564102564103	0.9333333333333333
53	0.3750762277179294	0.2670772004397693	0.9977564102564103	0.9333333333333333
54	0.37509998841719194	0.26254930755133	0.9967948717948718	0.9358974358974359
55	0.37508818932941984	0.2605838764730481	0.9971153846153846	0.9333333333333333
56	0.3750253685733728	0.2681751106776611	0.9977564102564103	0.9333333333333333
57	0.37498861345751533	0.2593498061221314	0.9974358974358974	0.9358974358974359
58	0.37493081820213187	0.25946056812549334	0.9977564102564103	0.9307692307692308
59	0.37485379378000894	0.25878909204513956	0.9977564102564103	0.9333333333333333
60	0.3748130641999792	0.25735614969818593	0.9974358974358974	0.9333333333333333
-1	-1	-1	-1	-1
0	0.4652562141418457	116.05490575517926	0.28173076923076923	0.617948717948718
1	0.4193990230560303	42.56453061590389	0.6474358974358975	0.6897435897435897
2	0.4028424421946208	23.382239794244573	0.7932692307692307	0.8051282051282052
3	0.3963471055030823	16.832043409347534	0.8477564102564102	0.7948717948717948
4	0.39167323112487795	14.418483305950554	0.8650641025641026	0.8256410256410256
5	0.38816118240356445	11.919284168554812	0.8814102564102564	0.841025641025641
6	0.3858563218797956	10.536443006019203	0.8907051282051283	0.8846153846153846
7	0.3848729133605957	9.128104160026629	0.9073717948717949	0.8564102564102564
8	0.38384442859225804	8.547667774618889	0.9102564102564102	0.8717948717948718
9	0.3832430362701416	7.358285018375942	0.9230769230769231	0.8974358974358975
10	0.3822694258256392	6.873190638362145	0.9310897435897436	0.882051282051282
11	0.38171382745107013	7.3637348446918995	0.9243589743589744	0.9
12	0.38063799417935884	5.912157410565688	0.9368589743589744	0.882051282051282
13	0.38023458208356586	4.272976340535952	0.955448717948718	0.9051282051282051
14	0.37981448173522947	4.49161111213723	0.9532051282051283	0.9179487179487179
15	0.379869282245636	3.5742395616003444	0.9618589743589744	0.9128205128205128
16	0.37940028134514303	4.50777324920102	0.9576923076923077	0.9358974358974359
17	0.3790394730038113	2.758006185597303	0.9730769230769231	0.9256410256410257
18	0.3790997956928454	2.6794501988939485	0.9730769230769231	0.9358974358974359
19	0.379193103313446	1.600732017156421	0.9823717948717948	0.9564102564102565
20	0.3791190669650123	1.8033439196760253	0.9804487179487179	0.9487179487179487
21	0.3787397362969138	1.7393326130600608	0.9801282051282051	0.9256410256410257
22	0.3783692173335863	1.5858480500019327	0.9830128205128205	0.9512820512820512
23	0.3781583507855733	1.5357045613191262	0.9855769230769231	0.958974358974359
24	0.3780237579345703	1.165683188494675	0.9868589743589744	0.9487179487179487
25	0.37795938895298886	1.435580691997418	0.9836538461538461	0.9384615384615385
26	0.3775733135364674	2.0225484183590328	0.9817307692307692	0.958974358974359
27	0.37732659918921335	1.0848595361624445	0.9884615384615385	0.9435897435897436
28	0.3771288066074766	0.9351063226587234	0.9907051282051282	0.9641025641025641
29	0.37685633500417076	0.6619292841273912	0.9951923076923077	0.9512820512820512
30	0.37652651725276826	1.2078282329009142	0.9881410256410257	0.9333333333333333
31	0.376140758395195	1.1100962723282224	0.989423076923077	0.9666666666666667
32	0.3759942560484915	0.7539339892338125	0.9916666666666667	0.9692307692307692
33	0.3759182411081651	0.6020228987635703	0.9932692307692308	0.9641025641025641
34	0.37580579348972865	0.5452691315773076	0.9951923076923077	0.9666666666666667
35	0.3756149874793159	0.5215517446762236	0.9935897435897436	0.9641025641025641
36	0.37542732341869456	0.43662196288731103	0.9955128205128205	0.958974358974359
37	0.3752619279058356	0.3888012669162055	0.9958333333333333	0.9666666666666667
38	0.37508906462253666	0.36926959927208075	0.9967948717948718	0.9692307692307692
39	0.374908584356308	0.3373324863484357	0.996474358974359	0.9717948717948718
40	0.37489315358603875	0.31560765219286885	0.9971153846153846	0.9641025641025641
41	0.3746334030514672	0.3405079724984624	0.9958333333333333	0.9641025641025641
42	0.37444263280824175	0.48697574871915333	0.9955128205128205	0.9615384615384616
43	0.37436117367310956	0.3831945373344102	0.9958333333333333	0.9641025641025641
44	0.37417555914984807	0.342242335650015	0.996474358974359	0.9641025641025641
45	0.37405726184015686	0.33825627519221674	0.996474358974359	0.9666666666666667
46	0.37392310893281977	0.32428926441756706	0.9967948717948718	0.9692307692307692
47	0.3738111158212026	0.31447531758927577	0.9967948717948718	0.9666666666666667
48	0.37368445493737046	0.2789844919675581	0.9974358974358974	0.9692307692307692
49	0.3736366891860962	0.27758909205547344	0.9971153846153846	0.9666666666666667
50	0.3735041758593391	0.25830571092005905	0.9974358974358974	0.9666666666666667
51	0.37336579194435704	0.25974285406074177	0.9977564102564103	0.9666666666666667
52	0.37332247338205016	0.2545505602278614	0.9971153846153846	0.9666666666666667
53	0.37325406074523926	0.2542242255200405	0.9974358974358974	0.9666666666666667
54	0.3732390577142889	0.24835256963127236	0.9974358974358974	0.9666666666666667
55	0.37314904161861967	0.25403011015946597	0.9977564102564103	0.9666666666666667
56	0.37305633645308645	0.2504456493732097	0.9977564102564103	0.9666666666666667
57	0.3729672514159104	0.24670570313945955	0.9971153846153846	0.9666666666666667
58	0.3730054548231222	0.2472886638721803	0.9977564102564103	0.9666666666666667
59	0.3729422887166341	0.2480314125969759	0.9971153846153846	0.9666666666666667
-1	-1	-1	-1	-1
0	0.5084257125854492	119.53646138249611	0.2669871794871795	0.5333333333333333
1	0.437235951423645	43.963086828893545	0.6400641025641025	0.7435897435897436
2	0.41453369458516437	24.699796579322037	0.7775641025641026	0.7512820512820513
3	0.40349048376083374	17.21572204998561	0.8400641025641026	0.8128205128205128
4	0.3977221965789795	15.005507318341003	0.8628205128205129	0.8282051282051283
5	0.39273516337076825	12.308761891053647	0.8788461538461538	0.8589743589743589
6	0.38964942523411344	9.836837280769737	0.8945512820512821	0.8128205128205128
7	0.3874535858631134	8.680588963080426	0.9112179487179487	0.8871794871794871
8	0.385657442940606	9.222693699963239	0.905448717948718	0.8589743589743589
9	0.3841562271118164	8.562156541006905	0.9112179487179487	0.9025641025641026
10	0.3823513117703525	7.0789598597555745	0.9282051282051282	0.8743589743589744
11	0.38101255893707275	6.185815766149638	0.9423076923076923	0.8897435897435897
12	0.38015459134028506	5.864396136025993	0.9416666666666667	0.8871794871794871
13	0.3792432887213571	5.255272862862568	0.9461538461538461	0.9051282051282051
14	0.378585418065389	3.7106637884007423	0.9644230769230769	0.8948717948717949
15	0.3779846280813217	3.5908162116396185	0.9634615384615385	0.9025641025641026
16	0.377151278888478	4.37866026820729	0.9548076923076924	0.9358974358974359
17	0.37660831875271267	2.452803263697317	0.9737179487179487	0.9205128205128205
18	0.3762774341984799	2.492157434550475	0.9737179487179487	0.9358974358974359
19	0.37601279020309447	1.9860077067183293	0.9801282051282051	0.9282051282051282
20	0.37545944395519437	1.570809860884839	0.9846153846153847	0.9333333333333333
21	0.37502364678816363	1.7032840523336614	0.9839743589743589	0.9230769230769231
22	0.3749656780906346	1.534835237933665	0.9846153846153847	0.9179487179487179
23	0.37462908029556274	1.3618690281422163	0.9862179487179488	0.9153846153846154
24	0.37444028854370115	1.5370963548158048	0.9865384615384616	0.9487179487179487
25	0.3741801610359779	0.9400367115871334	0.989423076923077	0.9512820512820512
26	0.37383762112370245	0.8900613574292131	0.9910256410256411	0.9461538461538461
27	0.37358373403549194	1.1467439044380978	0.9900641025641026	0.941025641025641
28	0.37353799260895826	0.9988948499299206	0.9903846153846154	0.9487179487179487
29	0.3733515739440918	0.6695201589811441	0.992948717948718	0.9564102564102565
30	0.3730866601390223	0.5391655338925727	0.9948717948717949	0.9461538461538461
31	0.3728712648153305	0.5275379335317685	0.9935897435897436	0.9615384615384616
32	0.37286521449233545	0.36857394194135407	0.9967948717948718	0.9564102564102565
33	0.3728671424529132	0.38836645276513787	0.996474358974359	0.958974358974359
34	0.3727902276175363	0.4340091294440327	0.9961538461538462	0.958974358974359
35	0.3727278510729472	0.33846120410171165	0.9967948717948718	0.9564102564102565
36	0.3728047512673043	0.3322864821078541	0.9971153846153846	0.9564102564102565
37	0.37264353978006465	0.47092464883462526	0.9939102564102564	0.9487179487179487
38	0.37262284450041944	0.4554359020156862	0.9948717948717949	0.9512820512820512
39	0.37256319522857667	0.35704490981463877	0.996474358974359	0.9615384615384616
40	0.37237719791691476	0.292363311017374	0.9974358974358974	0.9615384615384616
41	0.372259673618135	0.2926065092119364	0.9967948717948718	0.9615384615384616
42	0.37223058523133745	0.28852944530318586	0.9971153846153846	0.9641025641025641
43	0.3723015839403326	0.2797703029289699	0.9971153846153846	0.9615384615384616
44	0.3723678270975749	0.2835896965306328	0.9971153846153846	0.9615384615384616
45	0.37225680765898334	0.27955903760062495	0.9967948717948718	0.9615384615384616
46	0.3722178276548994	0.274670413222784	0.9967948717948718	0.9615384615384616
47	0.3721400201320648	0.28641505875447715	0.9967948717948718	0.9615384615384616
48	0.37210496104493435	0.2766723841795821	0.9974358974358974	0.9615384615384616
49	0.3720261096954346	0.27157849643488735	0.9974358974358974	0.9615384615384616
50	0.37199901132022634	0.2754128182809372	0.9967948717948718	0.9641025641025641
51	0.37206414112677944	0.2674830625090886	0.9974358974358974	0.9615384615384616
52	0.372074545554395	0.2725096783245562	0.9971153846153846	0.9641025641025641
53	0.3720313928745411	0.26192325642047337	0.9974358974358974	0.9641025641025641
54	0.37203740640120075	0.2618094431848161	0.9971153846153846	0.9666666666666667
55	0.37196533169065205	0.25767044783379806	0.9974358974358974	0.9641025641025641
56	0.3718753739407188	0.26200254805854106	0.9971153846153846	0.9641025641025641
57	0.37189880321765767	0.2720413279855667	0.9967948717948718	0.9641025641025641
58	0.3719135704687086	0.2646256883611442	0.9971153846153846	0.9641025641025641
59	0.37187418937683103	0.26129228992795106	0.9967948717948718	0.9666666666666667
60	0.3718426188484567	0.2696393672044256	0.9974358974358974	0.9641025641025641
61	0.3718224994597896	0.260767305677291	0.9974358974358974	0.9641025641025641
62	0.37175459331936306	0.2679609665478614	0.9967948717948718	0.9641025641025641
63	0.3717448152601719	0.26752824081186377	0.9971153846153846	0.9641025641025641
64	0.37173874561603254	0.26524740579347683	0.9967948717948718	0.9641025641025641
65	0.3717349550940774	0.271215315070716	0.9967948717948718	0.9641025641025641
66	0.37180161476135254	0.26072752375434255	0.9971153846153846	0.9641025641025641
67	0.3718946716364692	0.266337714883664	0.9967948717948718	0.9641025641025641
68	0.3718499169833418	0.2663715864538823	0.9974358974358974	0.9641025641025641
69	0.3717467887060983	0.2663326530519415	0.9967948717948718	0.9666666666666667
70	0.371654748916626	0.2677211340001401	0.9974358974358974	0.9641025641025641
71	0.37163882785373265	0.2588322409498446	0.9974358974358974	0.9641025641025641
72	0.3715739315503264	0.2647212120472413	0.9967948717948718	0.9641025641025641
73	0.3715277104764371	0.2602281414321475	0.9974358974358974	0.9615384615384616
74	0.3714470132191976	0.2680453052269847	0.9967948717948718	0.9666666666666667
-1	-1	-1	-1	-1
0	0.45924949645996094	118.35037402717434	0.2810897435897436	0.5717948717948718
1	0.4140859842300415	41.83615177748155	0.6525641025641026	0.7230769230769231
2	0.4005435307820638	23.14922159058707	0.7929487179487179	0.7923076923076923
3	0.3929418921470642	16.13703711908691	0.8525641025641025	0.8179487179487179
4	0.38706145286560056	13.31553679583024	0.8660256410256411	0.8461538461538461
5	0.38325707117716473	11.51190668709424	0.8814102564102564	0.8589743589743589
6	0.3817212922232492	9.529508900885679	0.9028846153846154	0.8384615384615385
7	0.38033348321914673	8.634269259413895	0.9157051282051282	0.8923076923076924
8	0.3795388274722629	9.084454571714206	0.9092948717948718	0.8358974358974359
9	0.3777552604675293	9.66627612649178	0.9012820512820513	0.8743589743589744
10	0.3763397390192205	7.062431275844574	0.9314102564102564	0.9076923076923077
11	0.3747294545173645	5.894928024587583	0.941025641025641	0.9128205128205128
12	0.37341800102820766	5.534979319389985	0.9416666666666667	0.9333333333333333
13	0.37226016180855886	3.821721389585612	0.958974358974359	0.9358974358974359
14	0.371320645014445	3.144931684039077	0.9676282051282051	0.9282051282051282
15	0.370259091258049	3.237819832236487	0.9669871794871795	0.9282051282051282
16	0.3696005765129538	3.193414716829299	0.9717948717948718	0.9333333333333333
17	0.3692686955134074	2.5333262925625455	0.9717948717948718	0.9307692307692308
18	0.3685038717169511	2.5401158407710644	0.9730769230769231	0.9307692307692308
19	0.36803106069564817	1.9839054837214702	0.9788461538461538	0.9358974358974359
20	0.3684068520863851	2.6245347698580246	0.9721153846153846	0.9128205128205128
21	0.36824785579334607	1.8756947907410106	0.9817307692307692	0.941025641025641
22	0.3680460349373195	1.3728110034836039	0.9839743589743589	0.9487179487179487
23	0.36768049995104474	0.9875865691835631	0.989423076923077	0.9384615384615385
24	0.3672006034851074	1.3667650381008125	0.9855769230769231	0.941025641025641
25	0.3669180778356699	0.8952663617864327	0.9903846153846154	0.9512820512820512
26	0.3665287671265779	0.5616819076477645	0.9951923076923077	0.9512820512820512
27	0.3661810500281198	0.724769729507935	0.9939102564102564	0.9538461538461539
28	0.3660641538685766	0.799838130440734	0.9916666666666667	0.958974358974359
29	0.3662485758463542	0.9278236671341393	0.9903846153846154	0.9538461538461539
30	0.3665233350569202	0.5586158136079297	0.9942307692307693	0.9538461538461539
31	0.366686075925827	0.45599258503382456	0.9942307692307693	0.9512820512820512
32	0.36669586644028174	0.44549511971275263	0.9948717948717949	0.958974358974359
33	0.36678394149331484	0.3120764757884305	0.9967948717948718	0.9538461538461539
34	0.36731395040239606	0.3341475781219612	0.9958333333333333	0.9538461538461539
35	0.367543982134925	0.46971204056349886	0.9945512820512821	0.9512820512820512
36	0.3681918350425926	0.6400598643546003	0.9942307692307693	0.9538461538461539
37	0.36821226697219045	0.3722798225742513	0.9955128205128205	0.9564102564102565
38	0.36821971184168106	0.2663034261721044	0.9971153846153846	0.958974358974359
39	0.3682960391044617	0.2710102324775534	0.996474358974359	0.958974358974359
40	0.36832272715684844	0.27427850946503674	0.9961538461538462	0.9564102564102565
41	0.36841217676798504	0.28842897527988964	0.9967948717948718	0.958974358974359
42	0.36836083545241244	0.33395603218251585	0.9958333333333333	0.9564102564102565
43	0.36839098821986804	0.38382614586901453	0.9945512820512821	0.9512820512820512
44	0.36837862332661947	0.33690176575268826	0.9958333333333333	0.958974358974359
45	0.3685694362806237	0.37482635920739027	0.9955128205128205	0.958974358974359
46	0.36864987332770166	0.35967118380833607	0.9955128205128205	0.9538461538461539
47	0.36863582332928974	0.31731899786616996	0.9961538461538462	0.9564102564102565
48	0.36880246473818407	0.25720903360016395	0.9974358974358974	0.9538461538461539
-1	-1	-1	-1	-1
0	0.5274515151977539	119.22661524402852	0.2766025641025641	0.541025641025641
1	0.4503413438796997	44.017784819311025	0.6477564102564103	0.6923076923076923
2	0.42369786898295086	24.372044534099345	0.7772435897435898	0.7435897435897436
3	0.41066575050354004	17.678483510503963	0.8307692307692308	0.8282051282051283
4	0.4042377948760986	13.64664664803719	0.8698717948717949	0.823076923076923
5	0.39813804626464844	11.296099665213605	0.8875	0.823076923076923
6	0.39401217869349886	10.641026470125938	0.8910256410256411	0.8307692307692308
7	0.3903713524341583	9.879843329896731	0.9044871794871795	0.8538461538461538
8	0.3880540794796414	9.607372040043073	0.9019230769230769	0.8743589743589744
9	0.3856032848358154	7.3791893890925815	0.926923076923077	0.8717948717948718
10	0.3841545148329301	6.772331152035266	0.933974358974359	0.8538461538461538
11	0.38316067059834796	6.4037047393467965	0.9349358974358974	0.8743589743589744
12	0.3825517434340257	5.535154987658773	0.9407051282051282	0.8717948717948718
13	0.3815127270562308	5.320451413490335	0.9496794871794871	0.9025641025641026
14	0.38073067665100097	3.293474060692349	0.9650641025641026	0.8871794871794871
15	0.3799077272415161	3.5387353055483226	0.9599358974358975	0.8948717948717949
16	0.37930715785307045	2.91014969607397	0.9711538461538461	0.9051282051282051
17	0.3787017928229438	3.6498070318936087	0.9631410256410257	0.9128205128205128
18	0.3782838018316972	2.6514208816866183	0.9698717948717949	0.9051282051282051
19	0.3780463099479675	1.6905659511115174	0.9823717948717948	0.9230769230769231
20	0.37750920795259024	2.127858536460494	0.9756410256410256	0.8897435897435897
21	0.37686481259085913	1.8452880354883263	0.9801282051282051	0.9153846153846154
22	0.3762842261272928	2.4690051762273115	0.9740384615384615	0.9128205128205128
23	0.3761642773946126	1.475738608962571	0.9826923076923076	0.9230769230769231
24	0.37598501205444335	1.3156240989587136	0.9865384615384616	0.9307692307692308
25	0.3758631944656372	0.774527373733189	0.9913461538461539	0.9358974358974359
26	0.37576692192642774	0.4600915476841358	0.9955128205128205	0.9153846153846154
27	0.3756234816142491	0.6383656955191067	0.9926282051282052	0.9358974358974359
28	0.37559231396379145	1.6036238934065463	0.9855769230769231	0.9333333333333333
29	0.375463072458903	0.5907738993505054	0.9935897435897436	0.9205128205128205
30	0.37530163026625113	0.6275500544650975	0.9926282051282052	0.9358974358974359
31	0.37517376989126205	0.5139027244259357	0.9948717948717949	0.9230769230769231
32	0.3751193537856593	1.6528569779748439	0.9826923076923076	0.9282051282051282
33	0.3749537608202766	0.521462788142511	0.9951923076923077	0.9230769230769231
34	0.3748453276497977	0.40419962798121706	0.9951923076923077	0.9333333333333333
35	0.3748827642864651	0.30789206051671575	0.9971153846153846	0.941025641025641
36	0.3747121321188437	0.304808767347321	0.996474358974359	0.9307692307692308
37	0.3746857203935322	0.31253802959512617	0.9967948717948718	0.9384615384615385
38	0.37450264661740035	0.2677693766071366	0.9967948717948718	0.9384615384615385
39	0.3743994414806366	0.4399142757590328	0.9948717948717949	0.941025641025641
40	0.3743894390943574	0.6022436391355527	0.9932692307692308	0.9384615384615385
41	0.37439238457452684	0.5223841615180409	0.9948717948717949	0.9307692307692308
42	0.37429974245470626	0.30241447983770536	0.9967948717948718	0.9358974358974359
43	0.3742422515695745	0.23102924025472615	0.9971153846153846	0.9333333333333333
44	0.374170266257392	0.2494003817496099	0.9967948717948718	0.9282051282051282
45	0.3740794451340385	0.3381749875729931	0.9967948717948718	0.9358974358974359
46	0.3741241110132096	0.20858322723135495	0.9974358974358974	0.9358974358974359
47	0.374075785279274	0.19730365088706056	0.9980769230769231	0.9384615384615385
48	0.37404286618135413	0.20422179286774456	0.9980769230769231	0.9333333333333333
49	0.37388646602630615	0.21211563945660006	0.9971153846153846	0.941025641025641
50	0.37379587397855873	0.2399600985650346	0.9971153846153846	0.9435897435897436
51	0.37384263368753284	0.29852714472241243	0.996474358974359	0.9333333333333333
52	0.3738035795823583	0.1946007292533569	0.9980769230769231	0.9358974358974359
53	0.373774630052072	0.2107495893611411	0.9971153846153846	0.9384615384615385
54	0.373752329566262	0.18738361145310312	0.9980769230769231	0.9358974358974359
55	0.37365370988845825	0.1923566507090926	0.9974358974358974	0.941025641025641
56	0.373651291194715	0.19120181010167675	0.9974358974358974	0.9384615384615385
57	0.3735925329142603	0.19602918633267555	0.9977564102564103	0.9358974358974359
58	0.3737367169331696	0.21436507924642814	0.9974358974358974	0.9384615384615385
59	0.3734179735183716	0.19624687367505264	0.9977564102564103	0.9358974358974359
60	0.37340352183482683	0.18756086738276467	0.9971153846153846	0.9384615384615385
61	0.37321137997411913	0.20562170789269993	0.9974358974358974	0.9358974358974359
62	0.37297104653858004	0.1955978712940123	0.9977564102564103	0.9384615384615385
63	0.3728305213153362	0.18847493945421384	0.9974358974358974	0.9358974358974359
64	0.3725594117091252	0.25392971205767434	0.9977564102564103	0.9435897435897436
65	0.37241615671100037	0.2605963158813229	0.9974358974358974	0.9333333333333333
66	0.3723266907592318	0.1860367488984686	0.9971153846153846	0.9358974358974359
67	0.37226749167722817	0.1859381059793475	0.9977564102564103	0.9358974358974359
68	0.37236716781837353	0.19222048870186864	0.9977564102564103	0.9333333333333333
69	0.3723613330296108	0.3924936661469288	0.9961538461538462	0.9307692307692308
70	0.372347999626482	0.9259243394789876	0.9903846153846154	0.9282051282051282
-1	-1	-1	-1	-1
0	0.45391082763671875	115.76711265408262	0.28846153846153844	0.558974358974359
1	0.41349613666534424	44.384223178941376	0.6455128205128206	0.7256410256410256
2	0.40079466501871747	23.973210558599355	0.7727564102564103	0.7897435897435897
3	0.39346617460250854	19.12152961808808	0.8201923076923077	0.8384615384615385
4	0.3886519432067871	14.454858020860321	0.8628205128205129	0.7974358974358975
5	0.386965274810791	13.660155688013349	0.8660256410256411	0.8512820512820513
6	0.3858491693224226	11.867461194797437	0.8839743589743589	0.8717948717948718
7	0.3825840651988983	9.460833975246974	0.9028846153846154	0.8948717948717949
8	0.38034923871358234	8.074647156559692	0.9173076923076923	0.9205128205128205
9	0.3785411357879639	6.440869977279585	0.9371794871794872	0.9076923076923077
10	0.3777182535691695	7.227789771191928	0.9208333333333333	0.8948717948717949
11	0.3773688077926636	7.277720015876147	0.9230769230769231	0.8923076923076924
12	0.37688310329730695	5.478964275699489	0.9407051282051282	0.9230769230769231
13	0.3764465706689017	5.037008165400856	0.9474358974358974	0.9205128205128205
14	0.3765381336212158	4.083047423739822	0.9564102564102565	0.9384615384615385
15	0.37650102376937866	3.098382366250972	0.9663461538461539	0.9538461538461539
16	0.3765111390282126	3.606611672940911	0.9641025641025641	0.9461538461538461
17	0.3764442072974311	2.743504467591339	0.9676282051282051	0.9333333333333333
18	0.37628535220497533	2.6110478597027913	0.9701923076923077	0.9461538461538461
19	0.37602237462997434	2.693896920211157	0.9740384615384615	0.941025641025641
20	0.37577857289995464	2.1100714084554504	0.9778846153846154	0.9487179487179487
21	0.37586953423239966	1.3108965594853674	0.9855769230769231	0.9487179487179487
22	0.37585130981777026	1.7373984132000073	0.9788461538461538	0.9435897435897436
23	0.3756876587867737	1.4637307638340458	0.9846153846153847	0.9564102564102565
24	0.37572014808654786	1.0882563741630589	0.9897435897435898	0.9615384615384616
25	0.3756515704668485	0.7513294753580525	0.992948717948718	0.9538461538461539
26	0.3756823981249774	0.5580425953863151	0.9951923076923077	0.9512820512820512
27	0.37574041741234915	0.8807281878805359	0.9907051282051282	0.9538461538461539
28	0.3756414035270954	0.8741181747422421	0.9907051282051282	0.9564102564102565
29	0.3757185141245524	0.44994331991338	0.9958333333333333	0.9538461538461539
30	0.37560333744172125	0.3731232217883653	0.996474358974359	0.9564102564102565
31	0.3755636289715767	0.36916443637966617	0.996474358974359	0.9564102564102565
32	0.37540008082534326	0.6514669283707769	0.9935897435897436	0.9564102564102565
33	0.3753349079805262	0.3626701901037227	0.9958333333333333	0.9615384615384616
34	0.37520195416041785	0.48952104748827785	0.9951923076923077	0.9641025641025641
35	0.37508747312757706	0.4955110145757707	0.9945512820512821	0.9641025641025641
36	0.37518646910383896	0.4151476574426146	0.9942307692307693	0.958974358974359
37	0.37515213615015935	0.32228420341532316	0.996474358974359	0.958974358974359
38	0.3752248898530618	0.37168524047592655	0.9961538461538462	0.9564102564102565
39	0.3752359628677368	0.28042572300568724	0.9974358974358974	0.958974358974359
40	0.37516705582781534	0.2719924527219537	0.9974358974358974	0.958974358974359
41	0.3750868808655512	0.26199276653672	0.9974358974358974	0.958974358974359
42	0.37503591249155444	0.2593779828855578	0.9974358974358974	0.9615384615384616
43	0.37483280355280096	0.25181702175801285	0.9974358974358974	0.958974358974359
44	0.37471623950534394	0.2462857580691462	0.9974358974358974	0.958974358974359
45	0.3746937565181566	0.23771287468743862	0.9974358974358974	0.958974358974359
46	0.37471690076462766	0.2505121209328443	0.9974358974358974	0.958974358974359
47	0.3747826814651489	0.2388730760811049	0.9974358974358974	0.958974358974359
48	0.37473265492186253	0.23413054699675723	0.9967948717948718	0.958974358974359
49	0.37467260360717775	0.23118366688437647	0.9974358974358974	0.958974358974359
50	0.374665802600337	0.2272630916375011	0.9974358974358974	0.958974358974359
51	0.37458471609995914	0.22902878217472772	0.9971153846153846	0.958974358974359
52	0.37457982549127544	0.2305764463331909	0.9974358974358974	0.958974358974359
53	0.37451280929424147	0.22629433599742735	0.9974358974358974	0.958974358974359
54	0.37447420033541595	0.2234869487827159	0.9974358974358974	0.958974358974359
-1	-1	-1	-1	-1
0	0.46552300453186035	116.44850777606575	0.29967948717948717	0.5461538461538461
1	0.4196377992630005	42.18453904560634	0.658974358974359	0.7205128205128205
2	0.40386756261189777	22.00936322309533	0.798397435897436	0.764102564102564
3	0.39687514305114746	17.122771323943624	0.8333333333333334	0.8128205128205128
4	0.39259862899780273	14.657931731671702	0.8663461538461539	0.8307692307692308
5	0.38919071356455487	12.827449760874924	0.8737179487179487	0.8487179487179487
6	0.38680761201041086	11.038985769055328	0.8878205128205128	0.8615384615384616
7	0.38518226146698	9.882776800467044	0.9009615384615385	0.8717948717948718
8	0.38435546557108563	8.569784620586706	0.9099358974358974	0.8589743589743589
9	0.3838736295700073	7.619498235838754	0.9192307692307692	0.8461538461538461
10	0.38342794505032624	7.510542628640423	0.9256410256410257	0.8589743589743589
11	0.38299719492594403	5.327937099398399	0.9416666666666667	0.8743589743589744
12	0.38234646503741926	5.494879389295773	0.9426282051282051	0.9076923076923077
13	0.38230582645961214	4.170219508969054	0.9557692307692308	0.9051282051282051
14	0.38183638254801433	4.800750029520417	0.9522435897435897	0.9128205128205128
15	0.3810492604970932	3.682928845666501	0.9634615384615385	0.8897435897435897
16	0.38036224421332865	2.7935567978693516	0.969551282051282	0.9153846153846154
17	0.3802165587743123	2.4955756215530696	0.9746794871794872	0.9282051282051282
18	0.37984034889622736	2.5592610523560824	0.9721153846153846	0.8948717948717949
19	0.37928506135940554	2.841645607268628	0.9705128205128205	0.9025641025641026
20	0.3789186364128476	1.960013539435304	0.9782051282051282	0.9358974358974359
21	0.3785352815281261	1.6537908252746778	0.9807692307692307	0.9205128205128205
22	0.3782479244729747	1.3937786925698117	0.9839743589743589	0.9179487179487179
23	0.3781256179014842	1.273626087328457	0.9852564102564103	0.9256410256410257
24	0.37773158073425295	1.797674596171864	0.9814102564102564	0.9282051282051282
25	0.37742112233088565	0.8941518502471474	0.9903846153846154	0.9205128205128205
26	0.37731268670823837	1.1541975484210618	0.9887820512820513	0.9384615384615385
27	0.3771430253982544	1.1187731877078626	0.9897435897435898	0.9256410256410257
28	0.37715407075553103	0.8036251206863292	0.9897435897435898	0.9153846153846154
29	0.3770523389180501	0.6781755708851757	0.992948717948718	0.9230769230769231
30	0.3768161573717671	1.3812330991875532	0.9881410256410257	0.941025641025641
31	0.37655723094940186	0.5179312406060267	0.9945512820512821	0.941025641025641
32	0.376426870172674	0.35351370244610064	0.9961538461538462	0.9358974358974359
33	0.37624043576857624	0.4069195280709228	0.9951923076923077	0.9333333333333333
34	0.37625270571027486	0.41577957890219797	0.9961538461538462	0.9435897435897436
35	0.37616080707973903	0.36848613639523714	0.996474358974359	0.9384615384615385
36	0.37606126553303487	0.30946503977091716	0.9961538461538462	0.9461538461538461
37	0.37608376929634496	0.34831935796668106	0.9958333333333333	0.9358974358974359
38	0.37601245366610014	0.36244506370490037	0.9958333333333333	0.9358974358974359
39	0.3759993612766266	0.28885386911415667	0.9967948717948718	0.9358974358974359
40	0.37594612051800985	0.2558543727809221	0.9974358974358974	0.9358974358974359
41	0.3758261317298526	0.23919196738279425	0.9971153846153846	0.9358974358974359
42	0.37583811338557754	0.23329952638477505	0.9971153846153846	0.9358974358974359
43	0.3758134029128335	0.23889056841690778	0.9974358974358974	0.9358974358974359
44	0.37584008110894096	0.2357866046065227	0.9974358974358974	0.9333333333333333
45	0.37572456442791485	0.2277669312708004	0.9974358974358974	0.9333333333333333
46	0.3756539973806828	0.22571378476307158	0.9974358974358974	0.9333333333333333
47	0.3755573829015096	0.2232407442857131	0.9977564102564103	0.9358974358974359
48	0.37560937355975715	0.22271753680103515	0.9971153846153846	0.9358974358974359
49	0.3760408353805542	0.2173205086247454	0.9974358974358974	0.9358974358974359
50	0.3761979271383846	0.21327355644417384	0.9977564102564103	0.9333333333333333
51	0.3760869823969327	0.21433666124075712	0.9974358974358974	0.9358974358974359
52	0.376060814227698	0.21097134557945835	0.9974358974358974	0.9333333333333333
53	0.3759808363737883	0.21514513348075542	0.9974358974358974	0.9333333333333333
54	0.3759640693664551	0.21148836844552032	0.9977564102564103	0.9358974358974359
55	0.3759374107633318	0.20830467454756477	0.9974358974358974	0.9333333333333333
56	0.375776914128086	0.2091080580734231	0.9971153846153846	0.9333333333333333
-1	-1	-1	-1	-1
0	0.5153329372406006	116.83835812004246	0.2743589743589744	0.5564102564102564
1	0.44304096698760986	42.25553408447577	0.6442307692307693	0.7076923076923077
2	0.42050735155741376	22.553291914414388	0.7852564102564102	0.782051282051282
3	0.40839987993240356	17.382053664752416	0.8413461538461539	0.8205128205128205
4	0.40002737045288084	14.376962717698545	0.8618589743589744	0.8333333333333334
5	0.3949597676595052	12.519351870429759	0.8807692307692307	0.8538461538461538
6	0.3918147768293108	11.130693503788539	0.8910256410256411	0.8641025641025641
7	0.38950321078300476	9.260561452836406	0.9067307692307692	0.8897435897435897
8	0.38770267698499894	7.4591409150435	0.9189102564102564	0.8846153846153846
9	0.3854295969009399	8.18415755550472	0.9179487179487179	0.8948717948717949
10	0.3840363025665283	6.6187604501539345	0.9333333333333333	0.8846153846153846
11	0.3828539252281189	5.932706620012011	0.9362179487179487	0.9230769230769231
12	0.38189587226280797	5.364648816993042	0.9426282051282051	0.8923076923076924
13	0.38102565492902485	4.390680981229763	0.9528846153846153	0.9179487179487179
14	0.38070815404256186	4.728299435152083	0.9525641025641025	0.9025641025641026
15	0.3804040849208832	2.9763252409365104	0.971474358974359	0.9282051282051282
16	0.37979959039127126	2.436175823515775	0.975	0.9384615384615385
17	0.37925367885165745	2.8784196838470444	0.9689102564102564	0.9153846153846154
18	0.3786703159934596	2.079859750307336	0.9759615384615384	0.9153846153846154
19	0.37849466800689696	1.8907137725274175	0.9788461538461538	0.9307692307692308
20	0.37848068418956937	1.8617694726860037	0.9823717948717948	0.9461538461538461
21	0.3782388080250133	1.4721256086830885	0.9862179487179488	0.9307692307692308
22	0.3779389547265094	1.3817454935146534	0.9862179487179488	0.9333333333333333
23	0.37776463230450946	1.367339692829291	0.985897435897436	0.9358974358974359
24	0.3776198196411133	1.2533039531851073	0.9875	0.9461538461538461
25	0.3773018947014442	0.6398351365624337	0.9935897435897436	0.9538461538461539
26	0.3771246715828224	0.5364382440718461	0.9958333333333333	0.9564102564102565
27	0.3771193368094308	0.5449752039679954	0.9945512820512821	0.9564102564102565
28	0.37698237649325667	0.588378698268088	0.992948717948718	0.9487179487179487
29	0.3769140640894572	0.6300461369433573	0.9951923076923077	0.9538461538461539
30	0.37685167404913134	0.37470339438925515	0.9961538461538462	0.9512820512820512
31	0.376709945499897	1.181706307512917	0.9875	0.9538461538461539
32	0.3765619017861106	1.030525585294378	0.9891025641025641	0.9512820512820512
33	0.37640591929940614	1.5062809504511556	0.9842948717948717	0.9487179487179487
34	0.3763702528817313	0.8620808549410645	0.9923076923076923	0.9538461538461539
35	0.37635434998406303	0.4511677548978288	0.9948717948717949	0.9512820512820512
36	0.37619204134554474	0.3922455528732009	0.9961538461538462	0.9564102564102565
37	0.37600851686377273	0.30184003268843707	0.9967948717948718	0.958974358974359
38	0.3759302420493884	0.34624288148930943	0.9961538461538462	0.9615384615384616
39	0.3757797062397003	0.2960084708637976	0.9971153846153846	0.958974358974359
40	0.3756535111404047	0.29321285433074157	0.9971153846153846	0.9615384615384616
41	0.3753913811274937	0.3057585768128403	0.9961538461538462	0.958974358974359
42	0.3751360482947771	0.26178339602454204	0.9971153846153846	0.9564102564102565
43	0.37511392073197797	0.27132164856641106	0.9971153846153846	0.958974358974359
44	0.3750273651546902	0.3011377484579832	0.996474358974359	0.9615384615384616
45	0.37492684696031653	0.27922070586052483	0.9967948717948718	0.9615384615384616
46	0.3748063128045265	0.26998216250530627	0.9971153846153846	0.9538461538461539
47	0.3746911386648814	0.23808907864648582	0.9974358974358974	0.9564102564102565
48	0.37467050552368164	0.24188007301311198	0.9977564102564103	0.958974358974359
49	0.3746702861785889	0.21977110935478442	0.9980769230769231	0.9615384615384616
50	0.37462646820965934	0.23727135063641722	0.9971153846153846	0.9615384615384616
51	0.3746336836081285	0.2590928768093326	0.9974358974358974	0.958974358974359
52	0.3746211168900976	0.23513289850249136	0.9974358974358974	0.958974358974359
53	0.3747045905501754	0.2172144448942367	0.9977564102564103	0.9564102564102565
54	0.37467649633234196	0.23558382507578746	0.9971153846153846	0.9564102564102565
55	0.3746670739991324	0.22929459047677203	0.9971153846153846	0.9564102564102565
56	0.3745761879703455	0.21127138070436075	0.9977564102564103	0.958974358974359
57	0.37447232213513604	0.2196053413452096	0.9977564102564103	0.9615384615384616
58	0.3744872262922384	0.21629639398080905	0.9980769230769231	0.9564102564102565
-1	-1	-1	-1	-1
0	0.4712409973144531	117.21125018839933	0.2762820512820513	0.5435897435897435
1	0.4221456050872803	42.91815260478428	0.6525641025641026	0.6487179487179487
2	0.40634942054748535	23.84186503108667	0.7855769230769231	0.782051282051282
3	0.3983595371246338	16.475716603045562	0.8416666666666667	0.7666666666666667
4	0.39464635848999025	14.267900423127777	0.8592948717948717	0.8282051282051283
5	0.3916813135147095	12.28598701953888	0.8743589743589744	0.7846153846153846
6	0.38972493580409456	9.531773375005137	0.8958333333333334	0.8205128205128205
7	0.3881896734237671	9.170971887452263	0.9147435897435897	0.8564102564102564
8	0.38669220606486004	7.9371320824233855	0.9198717948717948	0.8358974358974359
9	0.38528268337249755	7.194797708063709	0.926923076923077	0.8461538461538461
10	0.38440058448097925	8.0271036199161	0.9201923076923076	0.8512820512820513
11	0.3837381402651469	6.856019534626785	0.9352564102564103	0.8538461538461538
12	0.3831908702850342	5.101543729706687	0.9467948717948718	0.8589743589743589
13	0.3822180713926043	4.860844859663321	0.951602564102564	0.8512820512820513
14	0.38058624267578123	5.638131710339565	0.9455128205128205	0.8769230769230769
15	0.3795652985572815	3.7880619186527875	0.9599358974358975	0.8974358974358975
16	0.37890807320089903	2.848355918286406	0.9705128205128205	0.8846153846153846
17	0.37852855523427326	3.1330535741789	0.9666666666666667	0.8923076923076924
18	0.3779390987597014	2.509674520288803	0.9743589743589743	0.8871794871794871
19	0.3768957257270813	2.2224050975803817	0.9769230769230769	0.9
20	0.37633566629318965	1.5295373056540076	0.9849358974358975	0.9051282051282051
21	0.3760397434234619	1.4043542986393582	0.9855769230769231	0.9153846153846154
22	0.3756518778593644	1.2951612185534773	0.985897435897436	0.9205128205128205
23	0.37506893277168274	1.2373350193838075	0.9852564102564103	0.9076923076923077
24	0.37494984626770017	1.1647818942354726	0.9881410256410257	0.9025641025641026
25	0.37434983253479004	1.1724939328233464	0.9878205128205129	0.9128205128205128
26	0.3742759845874928	1.857233265053709	0.982051282051282	0.9153846153846154
27	0.37428347553525654	1.1590700957315916	0.9875	0.9128205128205128
28	0.3743132147295722	0.6932727226789099	0.9935897435897436	0.9282051282051282
29	0.37400511900583905	0.8804239727870314	0.9926282051282052	0.9128205128205128
30	0.3735848011509065	1.2059846186193124	0.9871794871794872	0.9282051282051282
31	0.3731647878885269	0.5794143157830576	0.9932692307692308	0.9230769230769231
32	0.3729474905765418	0.6379831880568622	0.9935897435897436	0.9230769230769231
33	0.3726712395163143	0.5250119193200478	0.9951923076923077	0.9205128205128205
34	0.3725396156311035	0.49042275679126685	0.9948717948717949	0.9205128205128205
35	0.3722517026795281	0.46934784043518524	0.9958333333333333	0.9256410256410257
36	0.37193010948799754	0.33255337182033273	0.9971153846153846	0.9282051282051282
37	0.3714968656238757	0.3454896398114364	0.9967948717948718	0.9230769230769231
38	0.37128729697985524	0.3618871563218762	0.996474358974359	0.9230769230769231
39	0.371062833070755	0.39463412431151873	0.9958333333333333	0.9153846153846154
40	0.37087104960185724	0.4038104863388331	0.9955128205128205	0.9307692307692308
41	0.37058518046424505	0.49268946761226196	0.9945512820512821	0.9205128205128205
42	0.37042839028114494	0.28457278285617466	0.9971153846153846	0.9230769230769231
43	0.3701541098681363	0.2651469416225006	0.9971153846153846	0.9256410256410257
44	0.37002812491522896	0.2730941342499359	0.9967948717948718	0.9307692307692308
45	0.36990923985191015	0.28022020436438483	0.9961538461538462	0.9282051282051282
46	0.36978946340844987	0.26863897644186496	0.9971153846153846	0.9282051282051282
47	0.36971619228521985	0.2371279169631319	0.9977564102564103	0.9205128205128205
48	0.36965256807755453	0.2652912802759045	0.9967948717948718	0.9256410256410257
49	0.3695405054092407	0.2546379009454169	0.996474358974359	0.9230769230769231
50	0.36943790959376915	0.2498502102364223	0.9971153846153846	0.9282051282051282
51	0.36928486365538377	0.24418570562230177	0.9974358974358974	0.9282051282051282
52	0.36933100448464445	0.22930441274603458	0.9974358974358974	0.9256410256410257
53	0.3692300054762099	0.22605471418011097	0.9974358974358974	0.9205128205128205
54	0.369188945943659	0.2166176988349453	0.9980769230769231	0.9282051282051282
55	0.3690825275012425	0.2207418110548894	0.9974358974358974	0.9256410256410257
56	0.36899892907393606	0.22531170263868708	0.9974358974358974	0.9230769230769231
57	0.3689374224892978	0.23126018598642467	0.9974358974358974	0.9307692307692308
58	0.3689237368308892	0.26043021987276677	0.9971153846153846	0.9307692307692308
59	0.3688363234202067	0.2618576378124405	0.9971153846153846	0.9256410256410257
60	0.36917853355407715	0.2640826086326157	0.9971153846153846	0.9230769230769231
-1	-1	-1	-1	-1
0	0.507756233215332	115.52622187867456	0.29583333333333334	0.5717948717948718
1	0.43534088134765625	40.082838671548025	0.666025641025641	0.735897435897436
2	0.41481955846150714	23.799798619990447	0.7830128205128205	0.8128205128205128
3	0.4037182927131653	16.645137044848227	0.8442307692307692	0.8666666666666667
4	0.39782915115356443	13.341687131901176	0.867948717948718	0.8435897435897436
5	0.3954462210337321	11.792319358611593	0.8836538461538461	0.8512820512820513
6	0.3933472292763846	8.733031452918539	0.9128205128205128	0.8692307692307693
7	0.3915691375732422	9.524386240511525	0.9080128205128205	0.8948717948717949
8	0.39009324709574383	8.690046383410085	0.9092948717948718	0.8871794871794871
9	0.38828110694885254	9.39911593466389	0.9057692307692308	0.882051282051282
10	0.38697769425132056	6.758967721036503	0.9336538461538462	0.9025641025641026
11	0.3861774802207947	6.122397382040413	0.9403846153846154	0.9051282051282051
12	0.3846743840437669	5.300462640973986	0.9455128205128205	0.8948717948717949
13	0.38312460694994244	4.477454142302883	0.9528846153846153	0.9205128205128205
14	0.3826666673024495	4.67855641306663	0.9528846153846153	0.8923076923076924
15	0.381693035364151	4.602700037311535	0.9544871794871795	0.9230769230769231
16	0.38042398060069366	3.898171356594076	0.9618589743589744	0.9179487179487179
17	0.37950876024034286	3.012847340418672	0.9682692307692308	0.9282051282051282
18	0.37887472855417353	1.9519192050306164	0.9778846153846154	0.9461538461538461
19	0.37855141162872313	2.1137823573484713	0.9798076923076923	0.9358974358974359
20	0.37794727370852516	2.310689013394318	0.975	0.9358974358974359
21	0.37726280905983667	2.6183506776863825	0.9769230769230769	0.9256410256410257
22	0.3767883984938912	2.2490128437627335	0.9791666666666666	0.9358974358974359
23	0.37658440073331195	1.4957639338847781	0.985897435897436	0.9384615384615385
24	0.37636515617370603	1.3234941099000601	0.9875	0.9461538461538461
25	0.37626647032224214	1.1528844541670489	0.9881410256410257	0.9512820512820512
26	0.3760957364682798	1.1876287164774781	0.9875	0.9512820512820512
27	0.37605789729527067	0.9554930682940295	0.9881410256410257	0.9487179487179487
28	0.37605320174118567	0.8746567322677762	0.9900641025641026	0.9435897435897436
29	0.3760794162750244	0.8219838035625538	0.992948717948718	0.9538461538461539
30	0.3760853967358989	0.47538874900367645	0.9958333333333333	0.9461538461538461
31	0.3758009672164917	0.6312061957254702	0.9939102564102564	0.9358974358974359
32	0.37535519310922333	0.8011461322846803	0.9913461538461539	0.9512820512820512
33	0.37514668352463665	0.47829502328698126	0.9951923076923077	0.9435897435897436
34	0.3747398853302002	0.4462398190326913	0.9955128205128205	0.9461538461538461
35	0.3744576970736186	0.7882526104893222	0.9926282051282052	0.9538461538461539
36	0.3742061692315179	0.4402340913870923	0.996474358974359	0.9538461538461539
37	0.3742541890395315	0.3700444454146663	0.9971153846153846	0.9615384615384616
38	0.3748594919840495	0.3367068446603632	0.9958333333333333	0.958974358974359
39	0.37453808784484866	0.33823454710066897	0.9971153846153846	0.958974358974359
40	0.37421428284993985	0.3107557607463048	0.9971153846153846	0.958974358974359
41	0.3741078660601661	0.34099443909552957	0.9961538461538462	0.9538461538461539
42	0.3739246213158896	0.3504977493276059	0.9958333333333333	0.9487179487179487
43	0.3737622716210105	0.30932153950888447	0.9971153846153846	0.9564102564102565
44	0.3735704263051351	0.3144976337210451	0.9958333333333333	0.9564102564102565
45	0.3735776725022689	0.3041397853818608	0.996474358974359	0.958974358974359
46	0.3733856475099604	0.3364417857814334	0.996474358974359	0.9564102564102565
47	0.3731686423222224	0.31680534530801663	0.996474358974359	0.9564102564102565
48	0.3730775872055365	0.28531124852467044	0.9974358974358974	0.9564102564102565
49	0.37287398338317873	0.2933653621804872	0.996474358974359	0.9564102564102565
50	0.3725913131938261	0.2986171490171858	0.9967948717948718	0.9564102564102565
51	0.37248669220851016	0.27652705351944434	0.9971153846153846	0.9564102564102565
52	0.37238443572566193	0.286046350036857	0.9971153846153846	0.9538461538461539
53	0.37230343730361376	0.2726554852935286	0.9971153846153846	0.9564102564102565
54	0.37212253483858976	0.27262163666804257	0.9974358974358974	0.9564102564102565
55	0.37205036197389874	0.2736562337574599	0.9971153846153846	0.9564102564102565
56	0.37198675724498015	0.27166071147075854	0.9974358974358974	0.9564102564102565
57	0.371828346416868	0.2698847279090693	0.9967948717948718	0.9564102564102565
-1	-1	-1	-1	-1
0	0.4452986717224121	120.07333533617916	0.25384615384615383	0.541025641025641
1	0.40241551399230957	45.11282934461321	0.6342948717948718	0.7
2	0.39050833384195965	24.20182611990948	0.7891025641025641	0.8205128205128205
3	0.38321763277053833	16.559323369240275	0.8384615384615385	0.7923076923076923
4	0.3787998676300049	15.236356002943856	0.8596153846153847	0.8538461538461538
5	0.3757425546646118	10.986072158326907	0.8974358974358975	0.8666666666666667
6	0.37452309472220285	8.493433358717938	0.9185897435897435	0.8589743589743589
7	0.3729476034641266	9.102487294649592	0.9105769230769231	0.882051282051282
8	0.3731522825029161	8.19767047373616	0.9176282051282051	0.8923076923076924
9	0.37270193099975585	6.636697339160102	0.9333333333333333	0.8717948717948718
10	0.37197973511435767	7.1211997139818815	0.930448717948718	0.8666666666666667
11	0.3717146913210551	6.675650143805815	0.933974358974359	0.9
12	0.3716355287111722	4.645343771698523	0.9496794871794871	0.9102564102564102
13	0.3716781309672764	4.333166481889024	0.9535256410256411	0.9179487179487179
14	0.3716900666554769	3.8943067104840767	0.9583333333333334	0.9102564102564102
15	0.37107980251312256	3.944636516805206	0.9641025641025641	0.9179487179487179
16	0.37061245301190543	3.0464048764231255	0.9730769230769231	0.9384615384615385
17	0.3701564735836453	2.676153046896263	0.9721153846153846	0.9307692307692308
18	0.3699028115523489	2.460940559413664	0.9772435897435897	0.9358974358974359
19	0.3698629140853882	2.4149312225683612	0.9772435897435897	0.9051282051282051
20	0.3694804282415481	2.117033558213437	0.9794871794871794	0.9307692307692308
21	0.3693473664197055	1.2553316511745964	0.9887820512820513	0.9282051282051282
22	0.3691784298938254	1.7027675566472569	0.9830128205128205	0.9384615384615385
23	0.36891833941141766	0.9591294688229658	0.9910256410256411	0.941025641025641
24	0.3688028621673584	1.4776734023934648	0.9865384615384616	0.9230769230769231
25	0.36858834670140195	1.7857961952876376	0.9814102564102564	0.9307692307692308
26	0.3684178899835657	1.3215486313577514	0.9875	0.9512820512820512
27	0.3683903557913644	0.7696494981028824	0.9939102564102564	0.9461538461538461
28	0.36816575609404467	0.4464105451598345	0.9958333333333333	0.9435897435897436
29	0.36805109977722167	0.514453560393066	0.9945512820512821	0.9538461538461539
30	0.3679196834564209	0.40633400460130215	0.9958333333333333	0.9461538461538461
31	0.36766228824853897	0.399817151340599	0.9958333333333333	0.9538461538461539
32	0.3675661954012784	0.34442635706378794	0.9961538461538462	0.9538461538461539
33	0.3674544095993042	0.30385132221272215	0.9971153846153846	0.9538461538461539
34	0.3673840182168143	0.2727644141503296	0.9974358974358974	0.9487179487179487
35	0.36743691232469344	0.2990716061069587	0.9974358974358974	0.9538461538461539
36	0.3676304817199707	0.2636810480073517	0.9977564102564103	0.9538461538461539
37	0.36769885138461467	0.33549383955494483	0.996474358974359	0.9512820512820512
38	0.36749540231166744	0.4986036045281383	0.9945512820512821	0.9487179487179487
39	0.36773409247398375	0.26712085822198006	0.9977564102564103	0.9564102564102565
40	0.3676829686978968	0.39246468599980733	0.9974358974358974	0.9538461538461539
41	0.3677197638012114	0.31885648383438225	0.996474358974359	0.9512820512820512
42	0.3676630896191264	0.34854701801015503	0.9967948717948718	0.958974358974359
43	0.3674791075966575	0.24008802428891482	0.9977564102564103	0.9538461538461539
44	0.36731908056471085	0.240448893869013	0.9980769230769231	0.9538461538461539
45	0.3672992664834727	0.23948618160945018	0.9977564102564103	0.9538461538461539
46	0.36841520350030127	0.24773619790832935	0.9977564102564103	0.9512820512820512
47	0.3682924012343089	0.24172050973557277	0.9980769230769231	0.9538461538461539
48	0.3681195268825609	0.22509742233033853	0.9977564102564103	0.9512820512820512
49	0.36796510696411133	0.22752921596289452	0.9974358974358974	0.9512820512820512
50	0.36794331027012245	0.22642052655253198	0.9980769230769231	0.9512820512820512
51	0.36783981781739455	0.22078110905939105	0.9977564102564103	0.9512820512820512
52	0.3677581211306014	0.21718656923176427	0.9977564102564103	0.9512820512820512
53	0.36764774940632006	0.217000477178716	0.9980769230769231	0.9538461538461539
54	0.36755113168196246	0.21459800063077675	0.9980769230769231	0.9512820512820512
55	0.3675279404435839	0.21261024748970642	0.9977564102564103	0.9512820512820512
56	0.3676002778505024	0.21313214198402866	0.9980769230769231	0.9512820512820512
57	0.36753115982844914	0.21476626382547914	0.9974358974358974	0.9538461538461539
58	0.36749792098999023	0.21249993569015677	0.9974358974358974	0.9512820512820512
59	0.36744045416514076	0.21359424131841645	0.9980769230769231	0.9538461538461539
60	0.36749190580649455	0.21444497689514477	0.9980769230769231	0.9512820512820512
61	0.36742947563048334	0.2116317675168941	0.9974358974358974	0.9512820512820512
62	0.36741780099414645	0.21217160999664458	0.9980769230769231	0.9538461538461539
-1	-1	-1	-1	-1
0	0.4521026611328125	117.33936874233946	0.29262820512820514	0.5641025641025641
1	0.4084268808364868	42.084362127343006	0.6621794871794872	0.6794871794871795
2	0.3949893315633138	22.50718576080945	0.7980769230769231	0.735897435897436
3	0.3877468705177307	17.298863566651637	0.8387820512820513	0.8076923076923077
4	0.38303537368774415	13.245922716296448	0.8685897435897436	0.823076923076923
5	0.37992080052693683	12.168537490221919	0.8862179487179487	0.8538461538461538
6	0.3783204214913504	9.307340038066007	0.9086538461538461	0.8461538461538461
7	0.37690412998199463	9.044101931610886	0.9118589743589743	0.7692307692307693
8	0.37587526109483504	9.183037509723585	0.9028846153846154	0.8384615384615385
9	0.37442352771759035	8.075648168520052	0.9169871794871794	0.8897435897435897
10	0.37357809326865454	7.071409096523207	0.9285256410256411	0.8615384615384616
11	0.37252314885457355	6.524399511059936	0.9330128205128205	0.8589743589743589
12	0.37203388947706956	5.782562462042789	0.9397435897435897	0.8769230769230769
13	0.37135285990578787	4.353813638644559	0.9570512820512821	0.9051282051282051
14	0.3707021713256836	3.8856955331807232	0.958974358974359	0.9025641025641026
15	0.37037934362888336	2.556055783769306	0.9740384615384615	0.9025641025641026
16	0.36978640275843006	2.838921583504701	0.9689102564102564	0.9076923076923077
17	0.36940597163306343	3.218208499442862	0.9669871794871795	0.9102564102564102
18	0.36918239844472783	3.5642744503079022	0.9641025641025641	0.8923076923076924
19	0.36889482736587526	2.407220099349411	0.9775641025641025	0.9205128205128205
20	0.36905076390221003	1.9284029338242752	0.9839743589743589	0.9153846153846154
21	0.36894179474223743	1.609780621125686	0.9807692307692307	0.8923076923076924
22	0.3688815780307936	1.2915030613266008	0.9868589743589744	0.9256410256410257
23	0.3689444859822591	1.120255123918914	0.9913461538461539	0.9282051282051282
24	0.3687533092498779	1.0264745233390404	0.9903846153846154	0.9256410256410257
25	0.3686350950827965	1.2452393534678814	0.9878205128205129	0.9205128205128205
26	0.3687904675801595	1.0324216264452102	0.989423076923077	0.9153846153846154
27	0.36870881489345003	1.201049705577672	0.9887820512820513	0.9333333333333333
28	0.36860516975665913	0.6621689661073366	0.9935897435897436	0.9256410256410257
29	0.3684334357579549	0.469262132473404	0.9961538461538462	0.9179487179487179
30	0.36827948016505085	0.41856090566476006	0.9955128205128205	0.9333333333333333
31	0.36818384379148483	0.4016396994619364	0.9967948717948718	0.9282051282051282
32	0.36814437490521057	0.6473892841557022	0.9935897435897436	0.9153846153846154
33	0.36802198606378894	1.1819935252448088	0.9884615384615385	0.9230769230769231
34	0.3679863452911377	0.6166689723055354	0.9932692307692308	0.9256410256410257
35	0.3680018385251363	0.43821849822594156	0.9958333333333333	0.9282051282051282
36	0.3680125958210713	0.3577602952588064	0.9967948717948718	0.9256410256410257
37	0.36791914387753133	0.3903724308106668	0.996474358974359	0.9307692307692308
38	0.3678907920152713	0.32949552595928994	0.9961538461538462	0.9358974358974359
39	0.36801172494888307	0.34094777256392933	0.9967948717948718	0.9358974358974359
40	0.3680305073900921	0.3128000568112653	0.9974358974358974	0.9282051282051282
41	0.3680665095647176	0.369708395040385	0.996474358974359	0.9333333333333333
42	0.3680926755417225	0.363353914933455	0.9971153846153846	0.9384615384615385
43	0.36800147186626087	0.3160193367464449	0.9967948717948718	0.9358974358974359
44	0.36789505216810436	0.26565644369527164	0.9977564102564103	0.9282051282051282
45	0.36786652647930645	0.2891944529077665	0.9974358974358974	0.9333333333333333
46	0.36790876185640375	0.26796553826716263	0.9971153846153846	0.9384615384615385
47	0.36786074936389923	0.2675810104915492	0.9971153846153846	0.9307692307692308
48	0.36777169363839285	0.31045260086325377	0.9967948717948718	0.9230769230769231
49	0.3677561044692993	0.29128619303988595	0.9971153846153846	0.9384615384615385
50	0.36772530219134164	0.2863671338323466	0.9971153846153846	0.9307692307692308
51	0.3677419057259193	0.27297935466524403	0.9967948717948718	0.9282051282051282
52	0.3676616335814854	0.2522196178431433	0.9974358974358974	0.9282051282051282
53	0.36762695400803175	0.2633866842465513	0.9967948717948718	0.9307692307692308
54	0.36762265725569293	0.24954482295243924	0.9967948717948718	0.9333333333333333
55	0.3674952983856201	0.23162099830414246	0.9977564102564103	0.941025641025641
56	0.3674974567011783	0.23842104191758803	0.9977564102564103	0.9384615384615385
57	0.3673999720606311	0.24708044875920418	0.9974358974358974	0.9333333333333333
58	0.36744176331212963	0.23397163322925382	0.9977564102564103	0.9307692307692308
59	0.36752256949742634	0.23425610051805162	0.9971153846153846	0.9384615384615385
60	0.36758877019413183	0.24188735851767348	0.9974358974358974	0.9282051282051282
61	0.36760949319408787	0.2795161708784931	0.9971153846153846	0.9333333333333333
62	0.36755732884482734	0.2295822628389311	0.9977564102564103	0.9358974358974359
63	0.3676118813455105	0.24813177949173984	0.9974358974358974	0.9384615384615385
64	0.3675786458528959	0.24205629393720896	0.9977564102564103	0.9307692307692308
65	0.36761219934983685	0.47827349665571167	0.9958333333333333	0.9307692307692308
66	0.3675780011646783	0.2654735554506817	0.9971153846153846	0.9256410256410257
67	0.3675649166107178	0.2470765460969474	0.9977564102564103	0.9384615384615385
68	0.36750962077707483	0.2312472620382026	0.9977564102564103	0.9358974358974359
69	0.3674920082092285	0.2316242344802179	0.9977564102564103	0.9358974358974359
70	0.36750942888394206	0.22460006474135966	0.9977564102564103	0.9282051282051282
71	0.3674270146422916	0.22853363271667837	0.9977564102564103	0.9384615384615385
72	0.36736870791814097	0.22787834948097468	0.9980769230769231	0.9333333333333333
73	0.3673995604386201	0.2394860213891513	0.9974358974358974	0.9358974358974359
74	0.36739762624104816	0.2307236874587442	0.9977564102564103	0.9282051282051282
75	0.3673651312526904	0.24220241342920082	0.9980769230769231	0.941025641025641
-1	-1	-1	-1	-1
0	0.4968526363372803	117.39420365314095	0.28044871794871795	0.5692307692307692
1	0.42775094509124756	40.604527249628184	0.6592948717948718	0.7307692307692307
2	0.406588872273763	22.220383361894257	0.7958333333333333	0.7974358974358975
3	0.39541739225387573	16.522871793532858	0.8403846153846154	0.8025641025641026
4	0.3895153522491455	14.362071256248319	0.8637820512820513	0.8384615384615385
5	0.3850826819737752	12.225289810068753	0.8804487179487179	0.8717948717948718
6	0.3818309647696359	10.670924151430325	0.896474358974359	0.8615384615384616
7	0.3798050880432129	8.982393676681179	0.9102564102564102	0.882051282051282
8	0.3776049878862169	8.810733390705925	0.9131410256410256	0.9153846153846154
9	0.3761364698410034	6.695477408413985	0.9294871794871795	0.9051282051282051
10	0.37511528622020374	6.441303698384032	0.9342948717948718	0.9
11	0.373885174592336	5.838649352898403	0.9416666666666667	0.8974358974358975
12	0.373172796689547	4.994099081170802	0.9503205128205128	0.9102564102564102
13	0.3726011003766741	5.043303466573054	0.9474358974358974	0.9230769230769231
14	0.3721464157104492	3.243341292805818	0.9692307692307692	0.941025641025641
15	0.3722658157348633	2.985445956186372	0.9689102564102564	0.9358974358974359
16	0.3725722116582534	3.309593113253311	0.9657051282051282	0.9538461538461539
17	0.37284792794121635	2.8490572637327167	0.9698717948717949	0.958974358974359
18	0.37302537968284205	2.8932797160683847	0.9727564102564102	0.9205128205128205
19	0.3730416655540466	3.244379642286471	0.969551282051282	0.9564102564102565
20	0.37307354382106234	1.4298427212527212	0.9862179487179488	0.941025641025641
21	0.3733021887865933	2.0658827969158184	0.9794871794871794	0.958974358974359
22	0.3733562075573465	1.819624462278978	0.9817307692307692	0.9512820512820512
23	0.3736873169740041	1.237444904946475	0.9891025641025641	0.9564102564102565
24	0.37355475425720214	1.2460170599622462	0.9878205128205129	0.9564102564102565
25	0.37312466364640456	1.2760587259271772	0.9871794871794872	0.958974358974359
26	0.37312246251989295	0.7690345667141053	0.9932692307692308	0.958974358974359
27	0.37322908639907837	0.8309562155069328	0.9932692307692308	0.9666666666666667
28	0.37320199506036167	0.6462544269826529	0.9945512820512821	0.9692307692307692
29	0.3732800006866455	0.5558108455021581	0.9951923076923077	0.9666666666666667
30	0.37335160470777945	0.4766180897778974	0.996474358974359	0.9666666666666667
31	0.3732660636305809	0.6070570667863501	0.9948717948717949	0.9666666666666667
32	0.3732664512865471	0.5860343537024907	0.9955128205128205	0.9641025641025641
33	0.37319134964662437	0.6125415213458354	0.9942307692307693	0.9538461538461539
34	0.37317418370928085	0.9122069762230908	0.9916666666666667	0.958974358974359
35	0.37313973903656006	0.5331838113167894	0.9951923076923077	0.9641025641025641
36	0.3731504517632562	0.4514696537772412	0.9961538461538462	0.9641025641025641
37	0.3733393330323069	0.37194225736608616	0.9967948717948718	0.9666666666666667
38	0.3733060421087803	0.34612653784605923	0.996474358974359	0.9666666666666667
39	0.3734840989112854	0.3228816057089716	0.9974358974358974	0.9666666666666667
40	0.3735900681193282	0.3121024555273055	0.9974358974358974	0.9666666666666667
41	0.37357687382470994	0.3035217509385227	0.9971153846153846	0.9666666666666667
42	0.3735347736713498	0.2925882963677488	0.9977564102564103	0.9692307692307692
43	0.3735587163404985	0.288944709750263	0.9971153846153846	0.9666666666666667
44	0.3734835518731011	0.2884096509247795	0.9971153846153846	0.9666666666666667
45	0.37350307340207306	0.2883942218180223	0.9977564102564103	0.9666666666666667
46	0.37339531614425336	0.28125413616362493	0.9977564102564103	0.9666666666666667
47	0.3734023372332255	0.2705055104064629	0.9977564102564103	0.9666666666666667
48	0.3733848892912573	0.27636405576539597	0.9977564102564103	0.9666666666666667
-1	-1	-1	-1	-1
0	0.4699857234954834	117.6458384066212	0.27724358974358976	0.5974358974358974
1	0.41905832290649414	43.025866673917186	0.6519230769230769	0.7102564102564103
2	0.4052753448486328	23.090464377889827	0.7775641025641026	0.8153846153846154
3	0.39826101064682007	18.385247094290598	0.8291666666666667	0.8333333333333334
4	0.3934783935546875	13.696649196196576	0.8676282051282052	0.8282051282051283
5	0.3895868460337321	11.55568422346699	0.8852564102564102	0.8948717948717949
6	0.38745232990809847	11.450325990817985	0.8926282051282052	0.8948717948717949
7	0.3845803737640381	9.351950357763135	0.9006410256410257	0.8897435897435897
8	0.38190529081556535	8.575370943059726	0.9157051282051282	0.8974358974358975
9	0.38064088821411135	9.124568910014872	0.9131410256410256	0.8769230769230769
10	0.3799496347253973	8.681705908811821	0.9176282051282051	0.8974358974358975
11	0.37932252883911133	6.771528209958758	0.9320512820512821	0.9051282051282051
12	0.37880732462956357	6.9176494083842455	0.9365384615384615	0.9230769230769231
13	0.37859247412000385	5.097634701704492	0.9455128205128205	0.9384615384615385
14	0.3782989343007406	3.8559693236436163	0.9570512820512821	0.9384615384615385
15	0.37811999022960663	3.3816799681101526	0.9685897435897436	0.9461538461538461
16	0.3777889504152186	3.039294196900969	0.966025641025641	0.9179487179487179
17	0.3776839044358995	2.960023686821972	0.9689102564102564	0.9435897435897436
18	0.3775974951292339	1.8882346918084183	0.9817307692307692	0.9461538461538461
19	0.37714716196060183	2.4913466625219707	0.9746794871794872	0.941025641025641
20	0.3767211437225342	2.2422993410074588	0.9775641025641025	0.9461538461538461
21	0.3764024647799405	2.3965396648557973	0.975	0.9564102564102565
22	0.37601931198783545	1.3963838842108238	0.9865384615384616	0.9564102564102565
23	0.3756522536277771	1.8174071376953198	0.982051282051282	0.958974358974359
24	0.3757016944885254	1.3608417931982144	0.9875	0.9666666666666667
25	0.3755974861291739	1.4488368203616415	0.985897435897436	0.9615384615384616
26	0.3754121020988182	0.8194196527700263	0.992948717948718	0.9641025641025641
27	0.3753257819584438	0.9630213175444122	0.9919871794871795	0.9641025641025641
28	0.3751326347219533	0.6752101334657672	0.9939102564102564	0.9641025641025641
29	0.3749739567438761	0.549753044959994	0.9951923076923077	0.9641025641025641
30	0.37491091605155696	0.5123958770914493	0.9948717948717949	0.9641025641025641
31	0.3747982159256935	0.5490681763930836	0.9948717948717949	0.9717948717948718
32	0.37460885625897034	1.6438851258907543	0.9830128205128205	0.941025641025641
33	0.37441280308891745	0.9402036854940258	0.9919871794871795	0.9692307692307692
34	0.3743747915540423	0.4920486624635357	0.9955128205128205	0.9666666666666667
35	0.3743019964959886	0.4535172643265877	0.9955128205128205	0.9717948717948718
36	0.3742462493277885	0.3969391863270454	0.9967948717948718	0.9717948717948718
37	0.374168176400034	0.40301700372234633	0.996474358974359	0.9641025641025641
38	0.3741898353283222	0.5798911754106058	0.9951923076923077	0.958974358974359
39	0.37413322925567627	0.38935173409919693	0.9967948717948718	0.9692307692307692
40	0.37406002021417384	0.2872473946368626	0.9977564102564103	0.9692307692307692
41	0.37401202746800016	0.3252643375533956	0.9971153846153846	0.9692307692307692
42	0.3738138952920603	0.32298389910387676	0.9967948717948718	0.9717948717948718
43	0.3736700415611267	0.2627096568217634	0.9983974358974359	0.9717948717948718
44	0.3736559338039822	0.38379131050555304	0.9967948717948718	0.9641025641025641
45	0.37356159479721734	0.27537367464849793	0.9977564102564103	0.9666666666666667
46	0.3734778343363011	0.269049184731854	0.9980769230769231	0.9641025641025641
47	0.3732062329848607	0.26582587501972593	0.9980769230769231	0.9615384615384616
48	0.3730493808279232	0.25755157071754947	0.9977564102564103	0.9641025641025641
49	0.3730094766616821	0.24410389886030984	0.9977564102564103	0.9717948717948718
50	0.37295043234731634	0.23144209397124002	0.9980769230769231	0.9641025641025641
51	0.37291101767466617	0.24299534376471882	0.9977564102564103	0.9666666666666667
-1	-1	-1	-1	-1
0	0.5036273002624512	116.3493102326685	0.2830128205128205	0.5769230769230769
1	0.4347125291824341	43.36269324166434	0.6474358974358975	0.6846153846153846
2	0.4138895670572917	25.63729949873321	0.7660256410256411	0.7897435897435897
3	0.40266484022140503	19.170000275787043	0.8182692307692307	0.8102564102564103
4	0.3960418701171875	15.41399081750792	0.8451923076923077	0.8333333333333334
5	0.39138567447662354	12.646851431350319	0.8733974358974359	0.8025641025641026
6	0.3874872752598354	12.749932481318105	0.8753205128205128	0.8769230769230769
7	0.3859405815601349	9.415685461491954	0.9064102564102564	0.841025641025641
8	0.38428203264872235	8.47981664112636	0.9121794871794872	0.8615384615384616
9	0.38310439586639405	9.49442964244862	0.9067307692307692	0.882051282051282
10	0.3819566856731068	7.652627614079689	0.9243589743589744	0.8769230769230769
11	0.38110123078028363	6.7552206382459525	0.9301282051282052	0.8923076923076924
12	0.3802056129162128	6.486987244109718	0.9317307692307693	0.882051282051282
13	0.3800628185272217	6.111693743844421	0.9371794871794872	0.9025641025641026
14	0.3796422481536865	4.125733197267566	0.9570512820512821	0.9179487179487179
15	0.37913064658641815	4.482758528115798	0.9567307692307693	0.9102564102564102
16	0.37839573972365437	4.077110467820751	0.9580128205128206	0.9051282051282051
17	0.3778813812467787	3.551063025028122	0.9605769230769231	0.8923076923076924
18	0.3774527876000655	3.496613751298615	0.9666666666666667	0.9153846153846154
19	0.3771855473518372	2.5792454316908	0.975	0.9230769230769231
20	0.37676291238693965	2.0381046130645033	0.9788461538461538	0.9205128205128205
21	0.37645398486744275	1.88739186190829	0.9791666666666666	0.9179487179487179
22	0.37616936020229175	1.8100176591198056	0.9804487179487179	0.9333333333333333
23	0.37601988514264423	1.6095845963311743	0.9855769230769231	0.9307692307692308
24	0.37566753387451174	1.7088539205985713	0.9855769230769231	0.9333333333333333
25	0.37536067229050857	1.5193778680903571	0.982051282051282	0.9256410256410257
26	0.3751863285347267	1.4116266821701156	0.9849358974358975	0.9282051282051282
27	0.3751579352787563	0.990137267335109	0.9903846153846154	0.9333333333333333
28	0.37500305833487674	0.8746642640730062	0.9897435897435898	0.9282051282051282
29	0.3745734691619873	0.8190067933910355	0.9910256410256411	0.9358974358974359
30	0.37440981403473883	1.322018695158922	0.9875	0.9153846153846154
31	0.37429606169462204	0.7576966118495151	0.9932692307692308	0.9282051282051282
32	0.3743006677338571	0.7357027633115649	0.9913461538461539	0.941025641025641
33	0.3741965784746058	0.594780912910284	0.9939102564102564	0.9435897435897436
34	0.3739163398742676	0.4483216903778268	0.9955128205128205	0.941025641025641
35	0.3737696011861165	0.5742605757989864	0.9942307692307693	0.941025641025641
36	0.37365153673532847	0.4115689988164896	0.9961538461538462	0.9384615384615385
37	0.37351056149131373	0.4297063453111094	0.9958333333333333	0.9461538461538461
38	0.373519194431794	0.3730641764414031	0.996474358974359	0.9333333333333333
39	0.3735723316669464	0.41230151687073996	0.9955128205128205	0.941025641025641
40	0.37357789714161943	0.3247975036252423	0.9967948717948718	0.9384615384615385
41	0.3736281394958496	0.3190921958475326	0.9974358974358974	0.9384615384615385
42	0.3736102026562358	0.44835897821015963	0.9958333333333333	0.9384615384615385
43	0.37360715866088867	0.35045648497358267	0.9967948717948718	0.9358974358974359
44	0.37362860573662654	0.2983620848520944	0.9974358974358974	0.941025641025641
45	0.37358693454576575	0.2686737821353077	0.9977564102564103	0.9384615384615385
46	0.37369441986083984	0.30945500720569113	0.9974358974358974	0.9307692307692308
47	0.3736006518205007	0.3851851858890601	0.9961538461538462	0.9461538461538461
48	0.373530100802986	0.31785422062016644	0.9971153846153846	0.9333333333333333
49	0.3735841464996338	0.31096634773504256	0.9974358974358974	0.941025641025641
50	0.37355149493497963	0.29411147403226673	0.9974358974358974	0.9435897435897436
51	0.3734352955451378	0.3194660504469743	0.9971153846153846	0.941025641025641
52	0.37323514020667886	0.2915609039654908	0.9974358974358974	0.941025641025641
53	0.37308500431202074	0.263385079420357	0.9974358974358974	0.9358974358974359
54	0.3731343225999312	0.2706874625722293	0.9974358974358974	0.9384615384615385
55	0.37304960404123577	0.26167365088533223	0.9974358974358974	0.9384615384615385
56	0.37294829937449675	0.24384485102066775	0.9977564102564103	0.9358974358974359
57	0.37291945671213084	0.2503032283676308	0.9971153846153846	0.9435897435897436
-1	-1	-1	-1	-1
0	0.44751453399658203	117.97798623844069	0.28685897435897434	0.5512820512820513
1	0.41368043422698975	40.91874954651813	0.6663461538461538	0.7666666666666667
2	0.3983200391133626	22.082771028791154	0.7852564102564102	0.7589743589743589
3	0.39011234045028687	16.199181727000646	0.8477564102564102	0.8282051282051283
4	0.3849472999572754	12.898984370182971	0.8692307692307693	0.8179487179487179
5	0.3815877040227254	12.647142269173447	0.875	0.8282051282051283
6	0.3792550563812256	9.035682044467148	0.9080128205128205	0.8461538461538461
7	0.37762710452079773	8.770247189366088	0.9115384615384615	0.8179487179487179
8	0.3765144083234999	8.968370753283404	0.9176282051282051	0.882051282051282
9	0.37543814182281493	7.838744522357474	0.9179487179487179	0.9
10	0.3744587248021906	8.11607970145284	0.9192307692307692	0.8641025641025641
11	0.37331010897954303	6.1652814508700855	0.9320512820512821	0.9051282051282051
12	0.3728486207815317	4.778190667531928	0.9503205128205128	0.8923076923076924
13	0.3726153884615217	4.4380496664314855	0.9567307692307693	0.9102564102564102
14	0.37242139180501305	3.9867191323820426	0.9599358974358975	0.8923076923076924
15	0.3722940981388092	3.4457056124751664	0.958974358974359	0.9025641025641026
16	0.3722398842082304	3.5362031387583333	0.9650641025641026	0.9205128205128205
17	0.37212672498491073	2.5779184423463075	0.9730769230769231	0.9153846153846154
18	0.3717948512027138	2.569758819568218	0.9737179487179487	0.8897435897435897
19	0.3714787602424622	1.8307324530917923	0.9826923076923076	0.9256410256410257
20	0.37141298112415133	2.373849354988458	0.9743589743589743	0.9230769230769231
21	0.37133250453255395	1.371111623877517	0.9865384615384616	0.9384615384615385
22	0.3711328817450482	1.0752075851077632	0.989423076923077	0.9256410256410257
23	0.3710059920946757	1.022026506922569	0.9907051282051282	0.9384615384615385
24	0.3710623550415039	0.9367451839605156	0.9903846153846154	0.9358974358974359
25	0.3709889283547035	0.5770673753256549	0.9958333333333333	0.941025641025641
26	0.37097035513983834	0.9483590924706101	0.9900641025641026	0.9333333333333333
27	0.37079734461648123	1.7291892892217777	0.9842948717948717	0.9333333333333333
28	0.37073825145589895	1.2580978539487233	0.9875	0.9358974358974359
29	0.3708023230234782	1.2168195797890728	0.9875	0.9333333333333333
30	0.37084056485083794	1.0218339889252093	0.9916666666666667	0.941025641025641
31	0.37090257555246353	0.6331493682287425	0.9945512820512821	0.9307692307692308
32	0.3707887837381074	0.6565354210063244	0.9945512820512821	0.9512820512820512
33	0.37083735886742086	0.4010865324805253	0.996474358974359	0.9435897435897436
34	0.3708444118499756	0.43743940378118745	0.9955128205128205	0.941025641025641
35	0.37086837821536595	0.5517688193691096	0.9945512820512821	0.941025641025641
36	0.37086660153157003	0.4587501764371136	0.9961538461538462	0.9333333333333333
37	0.3707683462845652	0.4869593623550419	0.9955128205128205	0.941025641025641
38	0.370707236803495	0.3757297846807015	0.9971153846153846	0.9461538461538461
39	0.3707966387271881	0.38599527558093244	0.9967948717948718	0.9384615384615385
40	0.3708717067067216	0.31944214709088853	0.9967948717948718	0.9461538461538461
41	0.3708823578698294	0.3017147088284386	0.9974358974358974	0.941025641025641
42	0.37079539409903595	0.295015736047074	0.9971153846153846	0.9461538461538461
43	0.37079173868352716	0.4037894386577192	0.996474358974359	0.9358974358974359
44	0.3707956420050727	0.3687210838246273	0.9958333333333333	0.9461538461538461
45	0.3707996814147286	0.39870578049960054	0.9958333333333333	0.9435897435897436
46	0.3708394334671345	0.61171887377966	0.9945512820512821	0.9461538461538461
47	0.3707868258158366	0.3605790738306217	0.9958333333333333	0.9461538461538461
48	0.3708484951330691	0.3242932146084949	0.9974358974358974	0.9487179487179487
49	0.37085829734802245	0.2899667068915584	0.9974358974358974	0.9512820512820512
50	0.3708789675843482	0.27080298425232974	0.9977564102564103	0.9461538461538461
51	0.3708434059069707	0.261922024537296	0.9977564102564103	0.9461538461538461
52	0.37077352685748405	0.2682131269530331	0.9977564102564103	0.9461538461538461
-1	-1	-1	-1	-1
0	0.4997427463531494	118.17400068166305	0.2605769230769231	0.5230769230769231
1	0.4340106248855591	43.64420564807191	0.6496794871794872	0.7076923076923077
2	0.41269826889038086	24.065812324991033	0.7852564102564102	0.8179487179487179
3	0.40185481309890747	16.98394870271488	0.833974358974359	0.7948717948717948
4	0.39474120140075686	14.547226458179708	0.8512820512820513	0.8282051282051283
5	0.3906019926071167	11.659354251258227	0.8817307692307692	0.8794871794871795
6	0.3875096184866769	10.101012998697708	0.8971153846153846	0.8871794871794871
7	0.3855098485946655	8.445651369435447	0.9176282051282051	0.9102564102564102
8	0.3834434085422092	7.938602445076923	0.9189102564102564	0.882051282051282
9	0.38197803497314453	7.351975188875685	0.9266025641025641	0.8948717948717949
10	0.38120063868435944	6.210447869890807	0.9320512820512821	0.9025641025641026
11	0.38075125217437744	5.946043961510366	0.9423076923076923	0.8846153846153846
12	0.3801377553206224	5.323046920859084	0.9522435897435897	0.9076923076923077
13	0.3793949569974627	6.507467329502106	0.9378205128205128	0.8923076923076924
14	0.3789211273193359	4.79231385765027	0.9496794871794871	0.9282051282051282
15	0.3786628693342209	2.749884565721969	0.971474358974359	0.9153846153846154
16	0.37842666401582603	2.6321251629566658	0.9717948717948718	0.9128205128205128
17	0.37794016467200386	2.4732737050828884	0.9746794871794872	0.9230769230769231
18	0.3776429954328035	3.1995245874764358	0.9676282051282051	0.9153846153846154
19	0.37707197666168213	2.764534346265148	0.967948717948718	0.9230769230769231
20	0.3766210987454369	2.1159034084756763	0.9775641025641025	0.9307692307692308
21	0.3763025782325051	1.8549753361742716	0.9772435897435897	0.9128205128205128
22	0.3761417554772418	2.0249404364018417	0.9791666666666666	0.9307692307692308
23	0.37588220834732056	1.351630203216812	0.9842948717948717	0.9487179487179487
24	0.3755565071105957	1.384004615684401	0.9849358974358975	0.941025641025641
25	0.3752974455173199	1.228330938297571	0.9881410256410257	0.941025641025641
26	0.37495318165531866	0.7237469009408841	0.9932692307692308	0.941025641025641
27	0.3746593339102609	0.6679200026330215	0.992948717948718	0.9384615384615385
28	0.374447723914837	0.6311538985369689	0.992948717948718	0.941025641025641
29	0.3741586367289225	0.9851095814124814	0.9919871794871795	0.9487179487179487
30	0.3740547703158471	0.5800600078726682	0.9939102564102564	0.9384615384615385
31	0.37395376712083817	1.6304193440045478	0.9823717948717948	0.941025641025641
32	0.37368158860640094	0.7689143977489095	0.9910256410256411	0.9461538461538461
33	0.37350509447209973	0.5194324360547435	0.9945512820512821	0.9487179487179487
34	0.3734095437186105	0.49478470161082033	0.9951923076923077	0.9564102564102565
35	0.3733170959684584	0.5342955603252393	0.9945512820512821	0.9435897435897436
36	0.3732149278795397	0.42308065480296025	0.9948717948717949	0.9512820512820512
37	0.3732586471658004	0.35701661090466325	0.9955128205128205	0.9512820512820512
38	0.37337366128579164	0.3581338750474079	0.996474358974359	0.9487179487179487
39	0.3734587073326111	0.4779277389051811	0.9951923076923077	0.9487179487179487
40	0.3734551115733821	0.37591693478242055	0.9967948717948718	0.9461538461538461
41	0.37356007666814894	0.2827352920074339	0.9974358974358974	0.9512820512820512
42	0.37349429241446563	0.2843997343716554	0.9967948717948718	0.9461538461538461
43	0.3735935091972351	0.4302031575768654	0.9955128205128205	0.941025641025641
44	0.3735287030537923	0.3060666494349455	0.996474358974359	0.9512820512820512
45	0.3734806931537131	0.26638704503851357	0.9974358974358974	0.9435897435897436
46	0.37350494303601856	0.29093502517742087	0.996474358974359	0.9512820512820512
47	0.37351854145526886	0.2535985745014433	0.9971153846153846	0.9487179487179487
48	0.37349018758657027	0.29275724100191336	0.996474358974359	0.9512820512820512
49	0.3733841419219971	0.2449153476526571	0.9974358974358974	0.9461538461538461
50	0.3733789593565698	0.24875070402999788	0.9974358974358974	0.9487179487179487
51	0.37344921093720657	0.261188304855082	0.9967948717948718	0.9461538461538461
52	0.37345366208058484	0.27551954519775773	0.996474358974359	0.9487179487179487
53	0.3735552319773921	0.2625408263167851	0.9967948717948718	0.9461538461538461
54	0.37352589693936433	0.24296890477705105	0.9971153846153846	0.9512820512820512
-1	-1	-1	-1	-1
0	0.4589669704437256	118.23208898427535	0.28910256410256413	0.5820512820512821
1	0.41690361499786377	43.741069219550305	0.6512820512820513	0.6410256410256411
2	0.40461119016011554	23.9258846020212	0.7753205128205128	0.7974358974358975
3	0.39716655015945435	18.217889041316752	0.833974358974359	0.8076923076923077
4	0.39298100471496583	13.64224080893458	0.8657051282051282	0.8487179487179487
5	0.38945051034291583	11.645279823517313	0.8826923076923077	0.8871794871794871
6	0.3874725954873221	10.33404433362338	0.8961538461538462	0.8333333333333334
7	0.3864552676677704	11.960168522231433	0.8887820512820512	0.8564102564102564
8	0.38570496771070695	9.20912198752773	0.9048076923076923	0.8564102564102564
9	0.3852228164672852	8.676984736505819	0.9150641025641025	0.9025641025641026
10	0.38444956866177643	6.976973413508766	0.9323717948717949	0.9102564102564102
11	0.3838069438934326	6.282256483423467	0.9387820512820513	0.8948717948717949
12	0.38359572337223935	4.360426498615012	0.9535256410256411	0.9025641025641026
13	0.38339684690747944	4.714817773398696	0.9532051282051283	0.9205128205128205
14	0.38698700269063313	3.6235837815329432	0.9586538461538462	0.9128205128205128
15	0.3866424560546875	4.4065955246285515	0.9541666666666667	0.8948717948717949
16	0.38629865646362305	3.0850094630934146	0.9689102564102564	0.941025641025641
17	0.38588281472524005	2.6467021404176343	0.9721153846153846	0.9153846153846154
18	0.38571591126291377	2.7959808547581946	0.9737179487179487	0.9384615384615385
19	0.38543760776519775	2.6176152981969776	0.9753205128205128	0.9307692307692308
20	0.38517810049511136	2.009546272684725	0.9769230769230769	0.9230769230769231
21	0.38481646234338934	2.245786058260318	0.9762820512820513	0.9307692307692308
22	0.38428061941395636	1.977918931948287	0.9788461538461538	0.9358974358974359
23	0.3840835392475128	1.6710450375756742	0.9810897435897435	0.9333333333333333
24	0.38384357452392576	0.9658450550228661	0.9897435897435898	0.9461538461538461
25	0.38364238005418044	1.1443520678986547	0.9871794871794872	0.9282051282051282
26	0.3831672226941144	1.278999237329414	0.9868589743589744	0.9461538461538461
27	0.38266594069344656	1.0144737188571267	0.9884615384615385	0.9487179487179487
28	0.38262467548764983	0.8846684905358267	0.9900641025641026	0.958974358974359
29	0.3825077931086222	0.8100107230664212	0.9919871794871795	0.9487179487179487
30	0.3822893865646855	0.5898742313064369	0.9932692307692308	0.9384615384615385
31	0.3819933608174324	0.9109915021904365	0.9910256410256411	0.9512820512820512
32	0.38171430790063104	0.8322484018780025	0.9907051282051282	0.9538461538461539
33	0.3814156967050889	0.7137552302957949	0.992948717948718	0.9564102564102565
34	0.3814443928854806	0.5058704910619298	0.9951923076923077	0.9615384615384616
35	0.38144993119769627	0.3697182750210584	0.9958333333333333	0.9564102564102565
36	0.3813922083055651	0.43638628966184523	0.9948717948717949	0.9564102564102565
37	0.38144009991696004	0.7677417957201381	0.992948717948718	0.9538461538461539
38	0.38133373627295863	0.6471226669667403	0.9932692307692308	0.9564102564102565
39	0.3813278257846832	0.3730314428120975	0.996474358974359	0.958974358974359
40	0.38117137187864725	0.295619915856039	0.9967948717948718	0.9615384615384616
41	0.3815054779960996	0.28244576024007984	0.9971153846153846	0.958974358974359
42	0.38117388237354366	0.27936473116041066	0.9974358974358974	0.958974358974359
43	0.38102189519188623	0.30012566040430994	0.9967948717948718	0.9615384615384616
44	0.3809424559275309	0.3043793986048977	0.9967948717948718	0.9564102564102565
45	0.3809596144634744	0.2910585491986332	0.996474358974359	0.9641025641025641
46	0.3808338743575076	0.28022842973171336	0.996474358974359	0.9615384615384616
47	0.3807511230309804	0.2724661059649091	0.9974358974358974	0.9615384615384616
48	0.38058012358996335	0.26984275715088246	0.9971153846153846	0.9615384615384616
49	0.38046791553497317	0.2699203223856617	0.9967948717948718	0.9615384615384616
50	0.38034841126086666	0.2470667053320521	0.9967948717948718	0.958974358974359
51	0.38034355640411377	0.24129245798216362	0.9977564102564103	0.9615384615384616
52	0.3802971435043047	0.23196149967102708	0.9971153846153846	0.9641025641025641
53	0.38014154522507276	0.23662573253475747	0.9971153846153846	0.9538461538461539
54	0.37997135682539507	0.25157299723880955	0.9971153846153846	0.9615384615384616
55	0.37981292605400085	0.237148718702772	0.9971153846153846	0.9641025641025641
56	0.379756396276909	0.24960079842498906	0.9974358974358974	0.958974358974359
57	0.37968378231443206	0.3282644381106551	0.996474358974359	0.958974358974359
58	0.3795679868277857	0.2975534743030095	0.996474358974359	0.958974358974359
59	0.3794706702232361	0.23887818532268879	0.9971153846153846	0.9615384615384616
60	0.37950189778062166	0.23516256202306904	0.9971153846153846	0.9641025641025641
61	0.3794657991778466	0.23194477001929117	0.9977564102564103	0.9641025641025641
62	0.3794339081597707	0.22562153295996035	0.9974358974358974	0.958974358974359
63	0.379311166703701	0.24529134372189257	0.9971153846153846	0.9615384615384616
64	0.379251164656419	0.23424462813911343	0.9967948717948718	0.9641025641025641
65	0.37914205319953687	0.22717938355315115	0.9974358974358974	0.9641025641025641
-1	-1	-1	-1	-1
0	0.45380496978759766	118.11805180140904	0.28044871794871795	0.5538461538461539
1	0.41256892681121826	43.759688455231334	0.6368589743589743	0.6717948717948717
2	0.3947989145914714	23.972251405521316	0.7791666666666667	0.764102564102564
3	0.3847758173942566	18.160697637772074	0.8256410256410256	0.8102564102564103
4	0.3789332866668701	16.327692912549388	0.8493589743589743	0.8179487179487179
5	0.37565771738688153	12.759139931931788	0.8705128205128205	0.8307692307692308
6	0.37312769889831543	10.496561562528415	0.8900641025641025	0.8717948717948718
7	0.3711441457271576	9.696033260043787	0.9032051282051282	0.8769230769230769
8	0.36949899461534286	8.712579691896634	0.9131410256410256	0.8794871794871795
9	0.3685967445373535	7.784655833122682	0.9153846153846154	0.8974358974358975
10	0.36783589016307483	8.118745083103375	0.9153846153846154	0.8538461538461538
11	0.3671308954556783	8.427600816804535	0.9153846153846154	0.8897435897435897
12	0.3664103654714731	6.495303470565348	0.9307692307692308	0.9128205128205128
13	0.3666455234800066	5.901402410195798	0.9426282051282051	0.9179487179487179
14	0.36721030871073407	4.6026007934492466	0.9522435897435897	0.9179487179487179
15	0.36736413836479187	3.7547568593706404	0.958974358974359	0.9384615384615385
16	0.3670598338632023	3.8291702461333905	0.9605769230769231	0.9128205128205128
17	0.36653440528445774	3.476059369970949	0.9653846153846154	0.941025641025641
18	0.36589522110788447	2.9165124856695837	0.971474358974359	0.9461538461538461
19	0.3656688332557678	2.4416307245514224	0.9743589743589743	0.941025641025641
20	0.36538669041224886	2.348980281958166	0.978525641025641	0.9487179487179487
21	0.36499505693262274	2.233959778288037	0.9753205128205128	0.9538461538461539
22	0.36479470004206116	1.7816627119496768	0.9810897435897435	0.9512820512820512
23	0.3647094964981079	1.4409759196699883	0.9846153846153847	0.9512820512820512
24	0.36464489936828615	1.330102027156295	0.9884615384615385	0.9512820512820512
25	0.3645477661719689	2.1524658906558645	0.9817307692307692	0.9615384615384616
26	0.36436897737008556	1.0342599729323114	0.9903846153846154	0.9564102564102565
27	0.36441237585885183	0.9220887550713532	0.9913461538461539	0.9564102564102565
28	0.3645286148992078	0.9909144952722198	0.9887820512820513	0.9666666666666667
29	0.36439445813496907	0.7315528132698537	0.9923076923076923	0.9641025641025641
30	0.3644630370601531	0.6550723244816217	0.9932692307692308	0.9666666666666667
31	0.36469222605228424	0.5358822839073266	0.9948717948717949	0.9615384615384616
32	0.3647295633951823	0.5027552169488686	0.9948717948717949	0.958974358974359
33	0.36502376724691954	0.6590927848806225	0.9939102564102564	0.958974358974359
34	0.36528185435703825	0.6914786797525285	0.9923076923076923	0.9487179487179487
35	0.3653884794976976	0.6635687741503233	0.9939102564102564	0.9615384615384616
36	0.36549437368238297	0.4354023727830689	0.996474358974359	0.9692307692307692
37	0.3658189397109182	0.4472367829911658	0.9948717948717949	0.9717948717948718
38	0.3657120191133939	0.3945318256808939	0.9967948717948718	0.9692307692307692
39	0.3657265901565552	0.3921713214729941	0.9958333333333333	0.9641025641025641
40	0.36579760109506004	0.4770802405362293	0.9961538461538462	0.9641025641025641
41	0.36592850230989005	0.404803087286252	0.9945512820512821	0.9641025641025641
42	0.36596505586491074	0.4075426483925964	0.9958333333333333	0.9641025641025641
43	0.36614425073970447	0.4733788748429162	0.9948717948717949	0.9641025641025641
44	0.36622842682732476	0.406591942878345	0.9948717948717949	0.9666666666666667
45	0.36621442566747253	0.36206372816303306	0.9958333333333333	0.9666666666666667
46	0.36623622001485623	0.35945552916263646	0.9961538461538462	0.9692307692307692
47	0.36631717284520465	0.3643414542118767	0.9958333333333333	0.9692307692307692
48	0.36642910996261907	0.4145679130321083	0.9955128205128205	0.9641025641025641
49	0.3663801097869873	0.43391506501167004	0.9958333333333333	0.9641025641025641
50	0.36615703152675255	0.33358069021511366	0.9967948717948718	0.9692307692307692
51	0.36617239163472104	0.3147374201573108	0.9967948717948718	0.9692307692307692
52	0.366226556166163	0.32260719612086364	0.9971153846153846	0.9692307692307692
53	0.3661353146588361	0.3137990152344526	0.9974358974358974	0.9692307692307692
54	0.36622222553599965	0.2978476375467334	0.9967948717948718	0.9692307692307692
55	0.36613362601825167	0.3021958676227416	0.9974358974358974	0.9692307692307692
56	0.36605384475306463	0.2892693641372215	0.9971153846153846	0.9692307692307692
57	0.3659104191023728	0.319897799378906	0.9967948717948718	0.9717948717948718
-1	-1	-1	-1	-1
0	0.5084841251373291	116.0331395596874	0.29102564102564105	0.5461538461538461
1	0.43592214584350586	42.733397152959085	0.6666666666666666	0.7256410256410256
2	0.4126485188802083	23.83848544529506	0.7823717948717949	0.7923076923076923
3	0.3994540572166443	18.09352657016443	0.823076923076923	0.823076923076923
4	0.3919874668121338	14.5988145458455	0.8564102564102564	0.8615384615384616
5	0.38690340518951416	11.679508032847425	0.882051282051282	0.8282051282051283
6	0.38319792066301617	9.981842426012973	0.9016025641025641	0.8538461538461538
7	0.3804558515548706	10.565850447635261	0.8951923076923077	0.8589743589743589
8	0.3787890010409885	9.601257730503471	0.9028846153846154	0.8897435897435897
9	0.37715041637420654	8.460771723669403	0.9121794871794872	0.8923076923076924
10	0.3760047609155828	8.138681608803418	0.9237179487179488	0.9051282051282051
11	0.3745992183685303	7.511945781659107	0.9266025641025641	0.9128205128205128
12	0.373893536054171	4.999695246316949	0.9538461538461539	0.8948717948717949
13	0.37293805394853863	4.750772283089404	0.9467948717948718	0.9333333333333333
14	0.37277798652648925	5.570795219771716	0.9464743589743589	0.9333333333333333
15	0.37270452082157135	3.9638043344020844	0.9592948717948718	0.958974358974359
16	0.3724810936871697	3.0063771295684334	0.969551282051282	0.9256410256410257
17	0.37241551611158585	3.223816451901684	0.9685897435897436	0.958974358974359
18	0.37252741110952275	3.0155791158274727	0.9657051282051282	0.9487179487179487
19	0.3725689649581909	2.2460236841318557	0.9772435897435897	0.9538461538461539
20	0.3725585029238746	3.0114050001210098	0.9673076923076923	0.941025641025641
21	0.37230311740528454	2.0163730617460547	0.9798076923076923	0.9512820512820512
22	0.37228836183962616	2.0883893132665934	0.9772435897435897	0.958974358974359
23	0.3722328543663025	1.7645744905826084	0.9823717948717948	0.9641025641025641
24	0.3721683692932129	1.9072447772498946	0.9807692307692307	0.9666666666666667
25	0.3721256714600783	1.58439071021727	0.9875	0.9717948717948718
26	0.3719441890716553	0.8650477881904464	0.9919871794871795	0.9692307692307692
27	0.37187268904277254	1.196889936800438	0.9884615384615385	0.9666666666666667
28	0.3719549672356967	0.9161985157513801	0.9913461538461539	0.9641025641025641
29	0.37192486921946205	1.3040380912657106	0.9881410256410257	0.9641025641025641
30	0.3719830589909707	1.0054883853822225	0.9891025641025641	0.9743589743589743
31	0.3720928207039833	0.7101276050611608	0.9932692307692308	0.9692307692307692
32	0.3720266313263864	0.5612378753032725	0.9939102564102564	0.9717948717948718
33	0.3721711565466488	0.5895042802820134	0.992948717948718	0.9666666666666667
34	0.3722373758043562	0.847854313787491	0.9923076923076923	0.9743589743589743
35	0.37225932545132107	0.5678328666028244	0.9948717948717949	0.9692307692307692
36	0.3718628110112371	0.4296283206940458	0.9955128205128205	0.9769230769230769
37	0.37149549157995926	0.5443659280313948	0.9945512820512821	0.9769230769230769
38	0.37122266720502806	0.47083538169592465	0.9951923076923077	0.9743589743589743
39	0.3708713948726654	0.4960649423610077	0.9955128205128205	0.9717948717948718
40	0.370494982091392	0.5430336672651145	0.9932692307692308	0.9769230769230769
41	0.3702028365362258	0.5375019124606909	0.9935897435897436	0.9769230769230769
42	0.36991142672161725	0.3866430688340559	0.9961538461538462	0.9769230769230769
43	0.36963449824940076	0.3294059464473952	0.9967948717948718	0.9769230769230769
44	0.3693716790941026	0.3624889687161325	0.9951923076923077	0.9769230769230769
45	0.36916307781053626	0.275823923121254	0.9974358974358974	0.9769230769230769
46	0.3692835036744463	0.2713534374541974	0.9977564102564103	0.9769230769230769
47	0.3693698098262151	0.2689813469923862	0.9971153846153846	0.9769230769230769
48	0.3694276225810148	0.2657508901866837	0.9977564102564103	0.9769230769230769
49	0.369503116607666	0.25812659648957437	0.9971153846153846	0.9769230769230769
50	0.36957403725268795	0.25520600470175553	0.9977564102564103	0.9769230769230769
51	0.3696183424729567	0.2563022800586994	0.9974358974358974	0.9769230769230769
52	0.3697896048707782	0.2559995274101051	0.9977564102564103	0.9769230769230769
53	0.3699755271275838	0.24953909528296803	0.9977564102564103	0.9769230769230769
54	0.37011963670903986	0.24855049826235662	0.9977564102564103	0.9769230769230769
55	0.3700995828424181	0.2529810601922598	0.9971153846153846	0.9769230769230769
56	0.37009927682709276	0.2466158040149413	0.9977564102564103	0.9769230769230769
-1	-1	-1	-1	-1
0	0.4558730125427246	117.36954432117696	0.27275641025641023	0.5153846153846153
1	0.4137439727783203	42.937744413103374	0.6573717948717949	0.7461538461538462
2	0.3995217482248942	24.035653094856105	0.7842948717948718	0.7769230769230769
3	0.39226263761520386	17.51374011745258	0.8416666666666667	0.8307692307692308
4	0.38780927658081055	13.616665546991387	0.8669871794871795	0.841025641025641
5	0.38510533173878986	10.589721426671865	0.8910256410256411	0.8666666666666667
6	0.38425350189208984	11.667114963336866	0.8852564102564102	0.8897435897435897
7	0.3832454979419708	9.450339638457006	0.9067307692307692	0.8512820512820513
8	0.38231028450859916	9.13120983267317	0.9051282051282051	0.8358974358974359
9	0.3816309690475464	8.498755863734655	0.9141025641025641	0.8743589743589744
10	0.38100262121720746	7.073526526440163	0.9230769230769231	0.882051282051282
11	0.3809147874514262	8.367069572818522	0.9163461538461538	0.8717948717948718
12	0.3807582121628981	6.924355975219181	0.9288461538461539	0.8974358974358975
13	0.3803118807928903	5.30078851705303	0.9477564102564102	0.9153846153846154
14	0.37979896863301593	4.096740888545708	0.9573717948717949	0.9025641025641026
15	0.37940172851085663	4.375618358047641	0.955448717948718	0.9051282051282051
16	0.3789366694057689	2.7061174505827377	0.9708333333333333	0.9153846153846154
17	0.3787088261710273	2.783453077381971	0.966025641025641	0.9282051282051282
18	0.37877941131591797	2.83843839677925	0.969551282051282	0.9307692307692308
19	0.37857688665390016	1.9840928118067735	0.9798076923076923	0.9256410256410257
20	0.37850890840802875	1.912543757609567	0.9804487179487179	0.9333333333333333
21	0.37819191542538727	1.756287628727756	0.9846153846153847	0.9307692307692308
22	0.37798848359481146	1.5354975200049124	0.9826923076923076	0.941025641025641
23	0.3778879940509796	1.1814605629413713	0.9855769230769231	0.941025641025641
24	0.3778504276275635	1.1881067152800304	0.9881410256410257	0.9307692307692308
25	0.3776225676903358	1.6125056147860477	0.9871794871794872	0.9307692307692308
26	0.37746185726589626	0.8747831089232041	0.9910256410256411	0.9384615384615385
27	0.37716431277138845	0.9650765627394525	0.9910256410256411	0.941025641025641
28	0.376964100475969	0.8552156515723589	0.9910256410256411	0.9461538461538461
29	0.376750914255778	0.6406344079236709	0.9935897435897436	0.941025641025641
30	0.37656697919291837	0.5460002088672197	0.9945512820512821	0.9487179487179487
31	0.3765712082386017	0.9084754204698268	0.9913461538461539	0.9461538461538461
32	0.3764979767076897	0.6026184919850939	0.9935897435897436	0.941025641025641
33	0.3763085814083324	0.6972912011254693	0.9926282051282052	0.9333333333333333
34	0.37616927964346747	0.6602207371710838	0.9939102564102564	0.9282051282051282
35	0.37606170442369247	0.740684049067382	0.9935897435897436	0.941025641025641
36	0.3760028143186827	0.7781829102432869	0.9913461538461539	0.9487179487179487
37	0.3761107419666491	0.6934370104727164	0.9945512820512821	0.941025641025641
38	0.37613759285364395	0.5761898365632003	0.9945512820512821	0.941025641025641
39	0.37604408264160155	0.5195652297115885	0.9939102564102564	0.9538461538461539
40	0.3761631046853414	0.3380907715241216	0.9961538461538462	0.9512820512820512
41	0.3760901008333479	0.28054464186900485	0.9974358974358974	0.9512820512820512
42	0.37610304632852243	0.27343437225766937	0.9967948717948718	0.9461538461538461
43	0.3760105859149586	0.3053252587334861	0.9958333333333333	0.9487179487179487
44	0.3759231726328532	0.2596346209733272	0.9974358974358974	0.9512820512820512
45	0.3758313863173775	0.23736121541730185	0.9974358974358974	0.9512820512820512
46	0.3758006856796589	0.29483558773181917	0.996474358974359	0.9435897435897436
47	0.37577633559703827	0.31028411294956104	0.9974358974358974	0.9512820512820512
48	0.3756285735539028	0.26708733275139523	0.9977564102564103	0.9538461538461539
49	0.3755464839935303	0.2334079788481028	0.9974358974358974	0.9512820512820512
50	0.37555695515052945	0.2291073469853157	0.9980769230769231	0.9538461538461539
51	0.375442582827348	0.23216278739175544	0.9980769230769231	0.9538461538461539
52	0.37539789361773795	0.22239565890049562	0.9980769230769231	0.9512820512820512
53	0.3753707143995497	0.21590977677290224	0.9980769230769231	0.9512820512820512
54	0.3752794612537731	0.21978945324372035	0.9977564102564103	0.9512820512820512
55	0.3751984281199319	0.21183857028117184	0.9980769230769231	0.9512820512820512
56	0.37515354574772347	0.22067959809572466	0.9980769230769231	0.9512820512820512
57	0.3750780697526603	0.21240112030752745	0.9980769230769231	0.9512820512820512
58	0.37506186355978754	0.21511062316962384	0.9977564102564103	0.9512820512820512
59	0.37494500080744425	0.21838397147847882	0.9977564102564103	0.9487179487179487
-1	-1	-1	-1	-1
0	0.5189938545227051	118.45221126322843	0.2669871794871795	0.6307692307692307
1	0.4430133104324341	44.73676278639813	0.6461538461538462	0.735897435897436
2	0.4180320103963216	24.150564738682338	0.7753205128205128	0.841025641025641
3	0.4060439467430115	17.258089717553588	0.8368589743589744	0.8153846153846154
4	0.39887824058532717	13.648053984252774	0.864423076923077	0.8769230769230769
5	0.3935921986897786	11.305781490948736	0.8881410256410256	0.841025641025641
6	0.3899179186139788	10.970178336513285	0.8951923076923077	0.8538461538461538
7	0.3875492811203003	8.583332028924202	0.9153846153846154	0.9051282051282051
8	0.3853427833980984	8.994819559917158	0.9128205128205128	0.882051282051282
9	0.3830283164978027	7.70033754317128	0.926923076923077	0.8769230769230769
10	0.3814585642381148	6.715239926260345	0.9301282051282052	0.8923076923076924
11	0.3797340194384257	6.222253700908349	0.9397435897435897	0.9128205128205128
12	0.3788301394535945	6.146127064541286	0.9407051282051282	0.8666666666666667
13	0.37768702847617014	5.400544480401642	0.9471153846153846	0.9102564102564102
14	0.37674930890401204	4.202885559474935	0.9567307692307693	0.9282051282051282
15	0.3757745772600174	3.196867002326311	0.9650641025641026	0.9076923076923077
16	0.37528317114886117	3.5449975937300797	0.9647435897435898	0.9333333333333333
17	0.3745495213402642	2.5887912598685645	0.9727564102564102	0.9230769230769231
18	0.3740112781524658	3.014484244113674	0.9685897435897436	0.9230769230769231
19	0.3735305905342102	1.7891200820782356	0.9801282051282051	0.9384615384615385
20	0.37313856397356304	2.0099649761556364	0.9775641025641025	0.9282051282051282
21	0.3725935762578791	2.035769677492885	0.9778846153846154	0.9384615384615385
22	0.3722863611967667	2.436015376288976	0.9759615384615384	0.9307692307692308
23	0.3718889057636261	2.2076252830233805	0.978525641025641	0.9384615384615385
24	0.37156965255737306	1.4427834220078526	0.9849358974358975	0.9333333333333333
25	0.37107005486121547	1.4349167209916882	0.9855769230769231	0.941025641025641
26	0.3709366498170076	1.231315583023908	0.9871794871794872	0.9333333333333333
27	0.3706155759947641	0.9943838764590268	0.989423076923077	0.9461538461538461
28	0.3702515569226495	0.8561904461251344	0.9913461538461539	0.941025641025641
29	0.37005170981089275	0.9533331025182745	0.9910256410256411	0.9333333333333333
30	0.3700095684297623	0.6049943753655962	0.9942307692307693	0.9487179487179487
31	0.369793102145195	0.48970050799983494	0.9948717948717949	0.9487179487179487
32	0.369776270606301	0.6137351849026104	0.9926282051282052	0.941025641025641
33	0.3695519391228171	0.5892535995036288	0.9948717948717949	0.9358974358974359
34	0.36944990839277	0.9264771985816674	0.9932692307692308	0.9538461538461539
35	0.3692705233891805	0.8046328434542449	0.9907051282051282	0.9538461538461539
36	0.3691498846621127	0.47813283341071966	0.9961538461538462	0.9564102564102565
37	0.36901222404680756	0.5058402424031982	0.9945512820512821	0.9487179487179487
38	0.36879820701403493	0.4231042138155911	0.9951923076923077	0.9358974358974359
39	0.3685839354991913	0.5694794520885418	0.9948717948717949	0.9461538461538461
40	0.36848636952842156	0.35616936652008824	0.996474358974359	0.9512820512820512
41	0.3683649982724871	0.3115252520121653	0.9971153846153846	0.958974358974359
42	0.3682679298312165	0.29261087387329804	0.9974358974358974	0.9564102564102565
43	0.36807797713713214	0.2857014274026258	0.9971153846153846	0.9564102564102565
44	0.36798615985446503	0.2733754538818101	0.9977564102564103	0.958974358974359
45	0.36787332140881085	0.2791550797089573	0.9974358974358974	0.9564102564102565
46	0.36777083417202566	0.27834631888046196	0.9971153846153846	0.9564102564102565
47	0.36764268080393475	0.2916173763069495	0.9967948717948718	0.9564102564102565
48	0.3675926364198023	0.2988861634334245	0.996474358974359	0.958974358974359
49	0.3674084901809692	0.2684411090093057	0.9974358974358974	0.958974358974359
50	0.36739284384484383	0.2629653891508125	0.9971153846153846	0.958974358974359
51	0.36727974048027623	0.2563192632705049	0.9971153846153846	0.9564102564102565
52	0.36722497220309275	0.2503742317381619	0.9974358974358974	0.9564102564102565
53	0.3671013955716734	0.24584022506255399	0.9977564102564103	0.958974358974359
54	0.3670978762886741	0.24775532046356713	0.9974358974358974	0.958974358974359
55	0.36703793917383465	0.24980026338996641	0.9977564102564103	0.958974358974359
56	0.3670866154787833	0.24895086766984456	0.9977564102564103	0.958974358974359
57	0.36701702249461204	0.24616866822476852	0.9974358974358974	0.958974358974359
58	0.3671032452987412	0.2455479621475002	0.9974358974358974	0.9564102564102565
59	0.36718659003575643	0.24518523960046432	0.9974358974358974	0.9564102564102565
60	0.3672353986833916	0.2458799894894972	0.9974358974358974	0.9564102564102565
61	0.3672761494113553	0.23943089550997756	0.9977564102564103	0.9564102564102565
-1	-1	-1	-1	-1
0	0.45929980278015137	120.92905215827786	0.2423076923076923	0.5871794871794872
1	0.4146937131881714	41.78421755226291	0.6612179487179487	0.7282051282051282
2	0.399422566095988	22.343670621210215	0.7907051282051282	0.8
3	0.3920239806175232	16.7996229541545	0.8381410256410257	0.8333333333333334
4	0.38729181289672854	12.71862918077683	0.8724358974358974	0.8
5	0.383780042330424	11.09636756473658	0.889102564102564	0.8666666666666667
6	0.3814871311187744	11.046481342948212	0.8907051282051283	0.841025641025641
7	0.37948548793792725	10.428222787623502	0.9038461538461539	0.8692307692307693
8	0.3786373668246799	8.971977473521719	0.9176282051282051	0.8717948717948718
9	0.37791264057159424	7.1281583929548455	0.9275641025641026	0.8794871794871795
10	0.3770656802437522	6.962907423778456	0.9330128205128205	0.9051282051282051
11	0.37645941972732544	6.334038771080728	0.9378205128205128	0.8794871794871795
12	0.3757001620072585	5.048473706050795	0.9461538461538461	0.9051282051282051
13	0.3752189023154123	4.5697625023978095	0.9532051282051283	0.9051282051282051
14	0.37457281748453775	3.973783902823925	0.9618589743589744	0.9153846153846154
15	0.3740704506635666	3.254239816978878	0.9669871794871795	0.9205128205128205
16	0.3741362655864042	3.8024981966128153	0.9615384615384616	0.9102564102564102
17	0.3740774525536431	2.942882541491061	0.969551282051282	0.9256410256410257
18	0.37384302992569773	2.2598646529855166	0.9743589743589743	0.9051282051282051
19	0.3735206604003906	3.3111285509123487	0.9689102564102564	0.9051282051282051
20	0.37341809272766113	2.3417310446253694	0.9782051282051282	0.9128205128205128
21	0.37331741506403143	1.5811836525075593	0.9833333333333333	0.9358974358974359
22	0.37329314066016156	1.4364260491078757	0.9862179487179488	0.9487179487179487
23	0.3733131190141042	1.4571472629809714	0.9849358974358975	0.9282051282051282
24	0.37310770988464353	1.3573914132252032	0.9855769230769231	0.9358974358974359
25	0.3728476304274339	1.1747802579585387	0.9881410256410257	0.9487179487179487
26	0.3726932207743327	0.8784796262007891	0.9900641025641026	0.9461538461538461
27	0.37264097588402884	0.6320394705571186	0.9945512820512821	0.9512820512820512
28	0.3726196124635894	0.7942434787626701	0.9932692307692308	0.9435897435897436
29	0.3723891735076904	0.653757535662426	0.9926282051282052	0.941025641025641
30	0.3722182166191839	0.5612609664177788	0.9932692307692308	0.9358974358974359
31	0.37218835204839706	1.9286357108313514	0.9810897435897435	0.9025641025641026
32	0.37221309632966015	1.4101806259999166	0.9865384615384616	0.9435897435897436
33	0.37222226227031036	0.8087978035411132	0.992948717948718	0.941025641025641
34	0.37222111565726146	0.6881704269243138	0.992948717948718	0.9461538461538461
35	0.37208278311623466	0.48208851771837824	0.9951923076923077	0.9487179487179487
36	0.3721395634316109	0.3568251989437362	0.9958333333333333	0.9461538461538461
37	0.3721404326589484	0.44600286536282213	0.9951923076923077	0.9435897435897436
38	0.3720550170311561	0.45525552572834554	0.9945512820512821	0.9487179487179487
39	0.37192319631576537	0.40098347332523376	0.9955128205128205	0.9461538461538461
40	0.3718740881943121	0.34184661716322545	0.9967948717948718	0.9538461538461539
41	0.37193600904373897	0.48704260323738335	0.9951923076923077	0.9435897435897436
42	0.3719212676203528	0.2992479218851908	0.9971153846153846	0.9461538461538461
43	0.37194749983874237	0.2961359550708392	0.9971153846153846	0.9461538461538461
44	0.3718316396077474	0.29882912800768485	0.996474358974359	0.9461538461538461
45	0.3717681532320769	0.2958289784740429	0.9971153846153846	0.9461538461538461
46	0.3718426379751652	0.27604950474318574	0.9967948717948718	0.9487179487179487
47	0.3718133270740509	0.2657629409026858	0.9974358974358974	0.9461538461538461
48	0.3718258653368269	0.2697472213096299	0.9974358974358974	0.9487179487179487
49	0.3718665456771851	0.2820780692024843	0.9971153846153846	0.9461538461538461
50	0.371806027842503	0.32795066233176134	0.996474358974359	0.9487179487179487
51	0.371856506054218	0.28788605667306205	0.9971153846153846	0.9435897435897436
52	0.37183061635719156	0.24413067589446247	0.9971153846153846	0.9487179487179487
53	0.3718222600442392	0.2585777501161068	0.9967948717948718	0.9461538461538461
54	0.37178299210288307	0.2667159686131285	0.9971153846153846	0.9487179487179487
55	0.37180217674800325	0.2897866629491731	0.996474358974359	0.9461538461538461
56	0.37171973261916846	0.2606069497959819	0.9971153846153846	0.9487179487179487
57	0.3716848800922262	0.24264534524694198	0.9971153846153846	0.9487179487179487
58	0.3716941122281349	0.247774220870158	0.9971153846153846	0.9461538461538461
59	0.37162299156188966	0.2535582664169517	0.9967948717948718	0.9461538461538461
60	0.3716634844170242	0.2787672452475966	0.9961538461538462	0.9512820512820512
-1	-1	-1	-1	-1
0	0.5218167304992676	117.40642107749471	0.2919871794871795	0.5230769230769231
1	0.44405484199523926	41.25073592516841	0.6551282051282051	0.6871794871794872
2	0.41865841547648114	22.446098775279765	0.7951923076923076	0.7666666666666667
3	0.4067605137825012	17.938195009620824	0.8253205128205128	0.7846153846153846
4	0.3986382961273193	13.59537211060524	0.8673076923076923	0.7846153846153846
5	0.39333685239156085	11.060382254269658	0.8871794871794871	0.841025641025641
6	0.390634400503976	9.216019062363372	0.9032051282051282	0.8589743589743589
7	0.3881094455718994	8.763524853453344	0.9105769230769231	0.8564102564102564
8	0.38627637757195366	8.370443446903813	0.9134615384615384	0.8589743589743589
9	0.38494186401367186	8.902350307727346	0.9137820512820513	0.8384615384615385
10	0.3830814578316428	7.548940762573359	0.9230769230769231	0.8641025641025641
11	0.3817593256632487	8.01356366337562	0.9182692307692307	0.8974358974358975
12	0.38096139981196475	5.2662514323482705	0.9464743589743589	0.8435897435897436
13	0.3800384317125593	4.782775171861356	0.9506410256410256	0.9076923076923077
14	0.37927020390828453	3.747626615118007	0.9628205128205128	0.8923076923076924
15	0.3791244328022003	3.2344667357297574	0.9631410256410257	0.8974358974358975
16	0.37864816890043373	3.128922509751758	0.9669871794871795	0.9025641025641026
17	0.37831947538587785	2.5262365165565694	0.971474358974359	0.8923076923076924
18	0.37791771637765986	1.9673864971656276	0.978525641025641	0.9102564102564102
19	0.3775081396102905	1.9495457717198499	0.9782051282051282	0.9076923076923077
20	0.37731453350612093	2.1945203776870454	0.9759615384615384	0.9205128205128205
21	0.3770445693622936	1.1990429375092595	0.9884615384615385	0.9307692307692308
22	0.3768012627311375	0.7874749663359562	0.992948717948718	0.9051282051282051
23	0.3763873378435771	1.05909612113895	0.9884615384615385	0.9384615384615385
24	0.3760311889648438	1.602340565885094	0.9817307692307692	0.9230769230769231
25	0.37599316927102894	0.9300186444425538	0.9903846153846154	0.9230769230769231
26	0.3757789929707845	0.8454072135120478	0.9919871794871795	0.9230769230769231
27	0.37564538206372944	0.6529274683265129	0.9939102564102564	0.9205128205128205
28	0.3754231025432718	0.9588044495892007	0.9900641025641026	0.9307692307692308
29	0.37511486212412515	1.198793016725733	0.9903846153846154	0.9333333333333333
30	0.3749066322080551	0.6708427029281703	0.9932692307692308	0.9230769230769231
31	0.37471865862607956	0.40837410112964084	0.9967948717948718	0.9282051282051282
32	0.3745487675522313	0.4379460588774682	0.9955128205128205	0.9487179487179487
33	0.3745193551568424	0.39975860654566514	0.996474358974359	0.9307692307692308
34	0.37434359959193636	0.2554116789821763	0.9977564102564103	0.9282051282051282
35	0.37440256939993966	0.2870191410041357	0.996474358974359	0.9384615384615385
36	0.3743888945192904	0.20458339505629347	0.9974358974358974	0.9333333333333333
37	0.37425678654720906	0.2760361805665117	0.996474358974359	0.9333333333333333
38	0.3741116584875645	0.24405813490560904	0.9971153846153846	0.9358974358974359
39	0.3740277409553528	0.3204087725381975	0.996474358974359	0.9384615384615385
40	0.3739045538553378	0.3988135197780176	0.9958333333333333	0.941025641025641
41	0.3738782746451242	0.25253399939642157	0.9974358974358974	0.9333333333333333
42	0.3738222177638564	0.26231044906010964	0.9977564102564103	0.9358974358974359
43	0.3736581802368164	0.21530771267253487	0.9971153846153846	0.9384615384615385
44	0.37377725707160103	0.16342919670955317	0.9980769230769231	0.941025641025641
45	0.37380846168683923	0.16602065682717676	0.9980769230769231	0.9384615384615385
46	0.3738058272828447	0.16551670676681726	0.9987179487179487	0.9384615384615385
47	0.3738082746664683	0.15310378884362075	0.9987179487179487	0.9358974358974359
48	0.373644512526843	0.1517665941518855	0.9987179487179487	0.941025641025641
49	0.3735857534408569	0.1465629872957147	0.9987179487179487	0.9384615384615385
50	0.373508799309824	0.14189202575801815	0.9983974358974359	0.941025641025641
51	0.3735599976319533	0.15459417716608317	0.9983974358974359	0.9461538461538461
52	0.37357521506975283	0.24363822557569045	0.9971153846153846	0.9358974358974359
-1	-1	-1	-1	-1
0	0.45054125785827637	116.87056833383988	0.28525641025641024	0.6
1	0.4088026285171509	41.70608975935956	0.6644230769230769	0.7128205128205128
2	0.3953501383463542	23.245068968558797	0.7817307692307692	0.7974358974358975
3	0.38878458738327026	17.023616056053005	0.8330128205128206	0.8358974358974359
4	0.38452796936035155	13.914879998382258	0.8605769230769231	0.8025641025641026
5	0.3823343912760417	12.103899571360374	0.8823717948717948	0.8282051282051283
6	0.3803051880427769	10.465862288766978	0.8987179487179487	0.8461538461538461
7	0.3791148364543915	9.822105159564893	0.9	0.8512820512820513
8	0.37821221351623535	8.259190614126167	0.9173076923076923	0.8564102564102564
9	0.37773330211639405	10.164593396138171	0.905448717948718	0.8358974358974359
10	0.3775069930336692	7.312018841505051	0.923397435897436	0.8692307692307693
11	0.37715790669123334	6.819003183014539	0.9349358974358974	0.8153846153846154
12	0.37630805602440465	6.955823558021565	0.9282051282051282	0.9128205128205128
13	0.37477305957249235	5.03615732665877	0.9467948717948718	0.9
14	0.37389113108317057	4.261247914588573	0.9628205128205128	0.9153846153846154
15	0.3737935274839401	4.752792068053873	0.958974358974359	0.9102564102564102
16	0.3739780958961038	3.818565215079152	0.9544871794871795	0.8871794871794871
17	0.37392054663764107	2.9716839371439145	0.9685897435897436	0.9205128205128205
18	0.37422923037880346	2.7963749979223524	0.969551282051282	0.9333333333333333
19	0.37429237365722656	1.9929443421792619	0.9798076923076923	0.9461538461538461
20	0.374309914452689	1.7479085912167722	0.9810897435897435	0.941025641025641
21	0.3741080544211648	1.9716280190350146	0.9791666666666666	0.9435897435897436
22	0.37397340069646423	1.6830569416550654	0.9833333333333333	0.9333333333333333
23	0.374188353617986	1.1524659078188089	0.9887820512820513	0.941025641025641
24	0.3743498420715332	1.0766107343061238	0.9878205128205129	0.9282051282051282
25	0.3740677833557129	1.3112711273798985	0.9878205128205129	0.9435897435897436
26	0.37346423113787613	0.6275738491641111	0.9945512820512821	0.9512820512820512
27	0.37297238622392925	0.6849693143514594	0.9945512820512821	0.9435897435897436
28	0.3726517414224559	0.6085110140242138	0.9942307692307693	0.9461538461538461
29	0.37225910027821857	1.4656189154353638	0.985897435897436	0.9435897435897436
30	0.3720513697593443	1.1255068215874158	0.985897435897436	0.9435897435897436
31	0.372103676199913	0.8538951286523394	0.9916666666666667	0.941025641025641
32	0.3722916805382931	0.8964369746865894	0.9916666666666667	0.9461538461538461
33	0.3721368663451251	0.5855881931398026	0.9939102564102564	0.941025641025641
34	0.3720583030155727	0.7159062899109832	0.9942307692307693	0.9461538461538461
35	0.372227410475413	0.4586120634125926	0.9951923076923077	0.9512820512820512
36	0.37220880791947647	0.3556751850647947	0.9971153846153846	0.9461538461538461
37	0.37222760602047567	0.3512485636990964	0.996474358974359	0.9461538461538461
38	0.37226588298112917	0.31160502125151524	0.9971153846153846	0.9435897435897436
39	0.3723316192626953	0.2809692664197836	0.9977564102564103	0.9538461538461539
40	0.3723411443756848	0.3306029888650412	0.996474358974359	0.9512820512820512
41	0.37227376869746615	0.29034329591882035	0.9974358974358974	0.9487179487179487
42	0.37229693767636324	0.21169920487932822	0.9983974358974359	0.9487179487179487
43	0.37226802652532404	0.21517641870637558	0.9983974358974359	0.9487179487179487
44	0.372273047765096	0.2486354320153252	0.9974358974358974	0.9512820512820512
45	0.37230895913165546	0.23977009504106922	0.9983974358974359	0.9487179487179487
46	0.37236950245309386	0.2693831690121442	0.9974358974358974	0.9487179487179487
47	0.3723931809266408	0.2353868083897693	0.9977564102564103	0.9487179487179487
48	0.3724537430977335	0.25593482249663496	0.9974358974358974	0.9512820512820512
49	0.37249249935150147	0.1958681075965596	0.9987179487179487	0.9487179487179487
50	0.37256165579253553	0.18632293449196852	0.9987179487179487	0.9487179487179487
51	0.37252734716121966	0.18052518359451955	0.9987179487179487	0.9487179487179487
52	0.3726803941546746	0.18720412768632333	0.9983974358974359	0.9512820512820512
53	0.37271431198826543	0.19023633622344613	0.9983974358974359	0.9487179487179487
54	0.37275113192471593	0.18542820778324942	0.9987179487179487	0.9512820512820512
55	0.37278849312237333	0.2249397318854771	0.9980769230769231	0.9512820512820512
56	0.37280833930299995	0.31351187497279986	0.9967948717948718	0.9512820512820512
57	0.3727984469512413	0.25561028137257824	0.9974358974358974	0.9512820512820512
58	0.37277880765623966	0.18357253527418443	0.9987179487179487	0.9512820512820512
59	0.37282530466715497	0.1746634096756568	0.9987179487179487	0.9512820512820512
-1	-1	-1	-1	-1
0	0.4609081745147705	118.7136490101717	0.2605769230769231	0.5333333333333333
1	0.41170740127563477	44.52929626678934	0.6298076923076923	0.7
2	0.3986576398213704	24.63665978276	0.7701923076923077	0.7897435897435897
3	0.39047902822494507	18.264430780800023	0.8259615384615384	0.7871794871794872
4	0.38495874404907227	13.814463887895856	0.8717948717948718	0.8179487179487179
5	0.381839394569397	11.716370385520312	0.8778846153846154	0.841025641025641
6	0.37999285970415386	9.07002788052267	0.9060897435897436	0.8435897435897436
7	0.3771674931049347	9.67084814881792	0.9099358974358974	0.8846153846153846
8	0.3754560947418213	7.443110134528608	0.9230769230769231	0.9282051282051282
9	0.3744339466094971	6.6207005594457895	0.933974358974359	0.8692307692307693
10	0.3734229694713246	7.679529781548345	0.9262820512820513	0.8923076923076924
11	0.37260711193084717	6.620376581744272	0.9375	0.8794871794871795
12	0.37209972968468297	5.596230454894961	0.9432692307692307	0.9076923076923077
13	0.371248688016619	3.201001197783923	0.966025641025641	0.9128205128205128
14	0.3708443323771159	3.484061666365181	0.9605769230769231	0.9384615384615385
15	0.36982856690883636	3.167359539668779	0.9666666666666667	0.9230769230769231
16	0.36896802397335277	2.297536184212991	0.9759615384615384	0.9282051282051282
17	0.3687240415149265	2.125670478555697	0.9775641025641025	0.9333333333333333
18	0.36835169792175293	2.824386472376634	0.9676282051282051	0.9358974358974359
19	0.36795023679733274	2.103469983066375	0.9746794871794872	0.941025641025641
20	0.36763302485148114	1.8863528778358383	0.9804487179487179	0.9128205128205128
21	0.3672427805987271	2.530779851410462	0.9756410256410256	0.9358974358974359
22	0.3668342154958974	1.4110369211281364	0.9839743589743589	0.9358974358974359
23	0.366522083679835	1.1335323462642881	0.9891025641025641	0.9384615384615385
24	0.3661998844146728	0.7771173937968454	0.9939102564102564	0.9333333333333333
25	0.36594143280616176	2.0073961856565914	0.9810897435897435	0.9435897435897436
26	0.36569131745232475	0.6239910877870434	0.9939102564102564	0.941025641025641
27	0.36565531151635305	0.7319324844295862	0.9919871794871795	0.9487179487179487
28	0.3656170203767974	0.9357148822853152	0.9916666666666667	0.9461538461538461
29	0.36545392672220867	0.9574980845826925	0.9887820512820513	0.9358974358974359
30	0.3652603164795906	0.37674287801646456	0.996474358974359	0.9512820512820512
31	0.36515485495328903	0.42077670180077226	0.9961538461538462	0.9538461538461539
32	0.36495293992938416	0.6296490059823406	0.9926282051282052	0.9487179487179487
33	0.36494771873249726	0.5548218451155236	0.992948717948718	0.941025641025641
34	0.3648702144622803	0.38291668333647755	0.9955128205128205	0.9384615384615385
35	0.3648667401737637	0.4273898405051429	0.9961538461538462	0.9512820512820512
36	0.36484043018237966	0.385995731835743	0.996474358974359	0.9487179487179487
37	0.36476738201944453	0.2631350983087477	0.996474358974359	0.9487179487179487
38	0.36458956278287447	0.24249747147835904	0.9967948717948718	0.9538461538461539
39	0.3644646108150482	0.23480147274795501	0.9977564102564103	0.9538461538461539
40	0.3644455118877132	0.2419857239060826	0.9967948717948718	0.9512820512820512
41	0.36447893437885104	0.204401335446164	0.9980769230769231	0.9538461538461539
42	0.3644417884737946	0.32044267458413556	0.996474358974359	0.9512820512820512
43	0.3642877665433017	0.1693755230778467	0.9983974358974359	0.9487179487179487
44	0.36415236790974936	0.19224135239019977	0.9980769230769231	0.9538461538461539
45	0.36412779144618823	0.2122111747935842	0.9971153846153846	0.9487179487179487
46	0.36405211306632834	0.16979434673569868	0.9977564102564103	0.9487179487179487
47	0.3639185428619385	0.14477345183829074	0.9987179487179487	0.9512820512820512
48	0.36377122937416545	0.14252215908984037	0.9980769230769231	0.9512820512820512
49	0.36371764183044436	0.13846868359393497	0.9983974358974359	0.9512820512820512
50	0.3636758374232872	0.1335244643266137	0.9987179487179487	0.9461538461538461
51	0.36365861617601836	0.14092771258746864	0.9980769230769231	0.9461538461538461
-1	-1	-1	-1	-1
0	0.5001459121704102	117.27079807982153	0.2762820512820513	0.5333333333333333
1	0.428605318069458	45.2954270888348	0.6323717948717948	0.6974358974358974
2	0.4053567250569661	24.228839066563822	0.7746794871794872	0.8025641025641026
3	0.3938465714454651	17.38596183426526	0.8336538461538462	0.8
4	0.38680033683776854	14.065489832235842	0.8589743589743589	0.8487179487179487
5	0.3818414608637492	11.445798443288218	0.8823717948717948	0.8256410256410256
6	0.3785130977630615	11.666253595936055	0.8900641025641025	0.8538461538461538
7	0.37615275382995605	8.965808536933393	0.9105769230769231	0.8846153846153846
8	0.3744543393452962	8.07484832345223	0.9201923076923076	0.8717948717948718
9	0.37294979095458985	8.750712575961133	0.9150641025641025	0.8692307692307693
10	0.3714838244698264	7.440562459887291	0.9275641025641026	0.8769230769230769
11	0.3706625501314799	6.735433149702695	0.9336538461538462	0.8948717948717949
12	0.369854578605065	6.202668585947582	0.9407051282051282	0.8897435897435897
13	0.3692663908004761	4.9308238564705364	0.9467948717948718	0.8871794871794871
14	0.36843223571777345	4.707347481226434	0.95	0.8743589743589744
15	0.36798180639743805	3.991439239407072	0.9596153846153846	0.9025641025641026
16	0.36754267355974984	3.133017816713878	0.9663461538461539	0.8923076923076924
17	0.3672841654883491	2.798036843424245	0.9676282051282051	0.9025641025641026
18	0.36689597681949015	3.296875732741794	0.967948717948718	0.9307692307692308
19	0.36675822734832764	2.240036819320248	0.975	0.9256410256410257
20	0.3664489814213344	1.704379133804112	0.9846153846153847	0.9384615384615385
21	0.3669259548187256	1.9091640039708238	0.9804487179487179	0.9282051282051282
22	0.3674769401550293	1.4028101319076531	0.9875	0.9333333333333333
23	0.3679643968741099	1.290889055791254	0.985897435897436	0.9435897435897436
24	0.3682917594909668	0.9252771549544544	0.9900641025641026	0.9358974358974359
25	0.3685172337752122	0.981897345401955	0.9884615384615385	0.9333333333333333
26	0.36874104429174354	1.3077313412475038	0.9875	0.9307692307692308
27	0.36888077429362703	1.2291844379232855	0.9875	0.9333333333333333
28	0.3690860764733676	1.1554260766513798	0.9884615384615385	0.9384615384615385
29	0.36915366649627684	0.8431779524758078	0.9907051282051282	0.9384615384615385
30	0.3693737368429861	0.8892022978267348	0.9903846153846154	0.9358974358974359
31	0.3697162792086601	1.2178681667285913	0.9878205128205129	0.9333333333333333
32	0.3699053345304547	0.9921944485882259	0.989423076923077	0.9333333333333333
33	0.3701825282152961	0.6339548583931233	0.992948717948718	0.9282051282051282
34	0.37017926488603864	0.4365533450713419	0.9961538461538462	0.9487179487179487
35	0.37027814653184676	0.3884541772861908	0.996474358974359	0.9487179487179487
36	0.37052666174398885	0.377435991516199	0.9958333333333333	0.9358974358974359
37	0.37081917963529887	0.32954629734087243	0.9971153846153846	0.941025641025641
38	0.3710028636149871	0.30821705815068695	0.9974358974358974	0.941025641025641
39	0.3711374282836914	0.2922438269662813	0.9971153846153846	0.9435897435897436
40	0.3713295866803425	0.260118917085715	0.9977564102564103	0.941025641025641
41	0.371491999853225	0.24820860705697168	0.9971153846153846	0.941025641025641
42	0.37154054087261823	0.25316431321327254	0.9971153846153846	0.9461538461538461
43	0.37170572172511707	0.2617386709031535	0.9971153846153846	0.9358974358974359
44	0.3718326409657796	0.24273575649701287	0.9980769230769231	0.9461538461538461
45	0.37192041459290875	0.35269674562910874	0.9967948717948718	0.9384615384615385
46	0.3720737010874647	0.23394753359381718	0.9980769230769231	0.9384615384615385
47	0.37225480874379474	0.2640133610539309	0.9974358974358974	0.9461538461538461
48	0.37232510897578025	0.3048171460217492	0.9967948717948718	0.9384615384615385
49	0.37242458820343016	0.20816587203310574	0.9983974358974359	0.9384615384615385
50	0.372471856135948	0.20913371314860082	0.9983974358974359	0.9384615384615385
51	0.37245120452000546	0.20629232479523682	0.9977564102564103	0.941025641025641
52	0.3724486378003966	0.2041925171135369	0.9983974358974359	0.9384615384615385
53	0.3725168131015919	0.19842726365296046	0.9980769230769231	0.9435897435897436
54	0.3726497086611661	0.19432193856289592	0.9983974358974359	0.941025641025641
-1	-1	-1	-1	-1
0	0.46482300758361816	114.49148349372707	0.29583333333333334	0.5948717948717949
1	0.417834997177124	41.618796338840404	0.6605769230769231	0.7307692307692307
2	0.4013357162475586	22.95323524669725	0.7919871794871794	0.7666666666666667
3	0.39427506923675537	16.729054674810293	0.8362179487179487	0.8
4	0.39051570892333987	13.478531546738683	0.8676282051282052	0.7743589743589744
5	0.38793150583902997	12.630582253543698	0.875	0.8025641025641026
6	0.3863020624433245	12.2538349543299	0.8814102564102564	0.8538461538461538
7	0.3850250840187073	9.150763004410024	0.9032051282051282	0.8589743589743589
8	0.3841608895195855	8.827579008073222	0.908974358974359	0.8923076923076924
9	0.38370394706726074	7.933703679819496	0.9201923076923076	0.8692307692307693
10	0.3832959695295854	6.859636773868483	0.9291666666666667	0.8948717948717949
11	0.3823896050453186	7.421153557543852	0.925	0.8692307692307693
12	0.3824777786548321	6.562488329045626	0.9365384615384615	0.9076923076923077
13	0.38172573702675955	4.323533645621976	0.9570512820512821	0.9128205128205128
14	0.3808764457702637	3.8978754285798995	0.9628205128205128	0.9205128205128205
15	0.38003768026828766	4.333829896866667	0.958974358974359	0.8871794871794871
16	0.3800325533922981	3.9216491583050512	0.9608974358974359	0.8948717948717949
17	0.3799205753538344	3.0627412322376455	0.9689102564102564	0.8948717948717949
18	0.37980326853300395	2.1233050574035364	0.9778846153846154	0.9230769230769231
19	0.3798620343208313	2.471661349406884	0.9753205128205128	0.9358974358974359
20	0.3796993777865455	1.5320559307666761	0.9852564102564103	0.9282051282051282
21	0.3794307058507746	2.311054795144164	0.9762820512820513	0.9333333333333333
22	0.3792440476624862	1.8816113684763562	0.9814102564102564	0.941025641025641
23	0.37910155455271405	0.9830403275531241	0.9916666666666667	0.9358974358974359
24	0.3788599491119385	1.5111268989988889	0.9855769230769231	0.9512820512820512
25	0.3786157828110915	1.1069461395013698	0.9871794871794872	0.9384615384615385
26	0.37846212916904026	1.1787069809637318	0.9881410256410257	0.9435897435897436
27	0.3783033490180969	0.8268758388977422	0.9910256410256411	0.9358974358974359
28	0.3781464346523943	1.4189538631246101	0.9842948717948717	0.9461538461538461
29	0.3779478152592977	0.8977517496927508	0.9913461538461539	0.9512820512820512
30	0.37787832752350836	0.7243564798881547	0.9932692307692308	0.9461538461538461
31	0.3778398483991623	0.6720447302795947	0.9951923076923077	0.958974358974359
32	0.3777029008576364	0.6770551075044621	0.9939102564102564	0.9461538461538461
33	0.37748672681696277	0.4527944731739901	0.9961538461538462	0.9512820512820512
34	0.3775179862976074	0.456593193688753	0.9948717948717949	0.9564102564102565
35	0.37731383906470406	0.4187488471025991	0.9955128205128205	0.9615384615384616
36	0.37722837602770004	0.45716488589912807	0.9955128205128205	0.9615384615384616
37	0.37704681095324066	0.49121169974476253	0.9948717948717949	0.958974358974359
38	0.37691115110348433	0.3736502302083548	0.996474358974359	0.958974358974359
39	0.37699866890907285	0.34442156518106254	0.9961538461538462	0.9615384615384616
40	0.3769746291928175	0.44560278029649103	0.9961538461538462	0.9564102564102565
41	0.37692493484133766	0.3250274989327501	0.9974358974358974	0.9641025641025641
42	0.37690905637519306	0.3309431984192144	0.9967948717948718	0.9538461538461539
43	0.3767783154140819	0.31980348916721946	0.9967948717948718	0.9615384615384616
44	0.37674282921685115	0.39269183816599695	0.9955128205128205	0.9564102564102565
45	0.37673264482746954	0.38060329043620017	0.9958333333333333	0.9564102564102565
46	0.3767092075753719	0.3523499372852396	0.996474358974359	0.9615384615384616
47	0.37647489209969837	0.3559533404245764	0.9955128205128205	0.9538461538461539
48	0.37612789017813547	0.39007440229226853	0.9955128205128205	0.9512820512820512
49	0.37581079483032226	0.34209155072238323	0.996474358974359	0.958974358974359
50	0.3755381902058919	0.31425326117890534	0.9967948717948718	0.9564102564102565
51	0.3753748398560744	0.3132360539094982	0.9967948717948718	0.9538461538461539
52	0.37542218982048753	0.33605096527619993	0.9958333333333333	0.9615384615384616
53	0.37532638178931343	0.34296996166308324	0.9967948717948718	0.9512820512820512
54	0.3752453760667281	0.2953839993771945	0.9977564102564103	0.958974358974359
55	0.3753298095294407	0.2796604632003808	0.9974358974358974	0.9538461538461539
56	0.375269986035531	0.3250029555745233	0.9967948717948718	0.9538461538461539
57	0.3752436802305024	0.2847921076903063	0.9974358974358974	0.9615384615384616
58	0.3754148483276367	0.30595099542923127	0.9967948717948718	0.9538461538461539
59	0.3752717773119609	0.2780854167667341	0.9974358974358974	0.958974358974359
60	0.3751830781092409	0.29127553714574694	0.9974358974358974	0.958974358974359
61	0.3751466735716789	0.2822318115436154	0.9971153846153846	0.9564102564102565
-1	-1	-1	-1	-1
0	0.5234143733978271	116.92750763406559	0.2746794871794872	0.6102564102564103
1	0.4445176124572754	42.78776791630959	0.6487179487179487	0.7846153846153846
2	0.41898608207702637	23.543714571972284	0.778525641025641	0.823076923076923
3	0.40452682971954346	17.43851331545382	0.8314102564102565	0.8564102564102564
4	0.3953106880187988	14.807225025430018	0.8506410256410256	0.8461538461538461
5	0.38864084084828693	12.660617821070613	0.8721153846153846	0.8615384615384616
6	0.3841515949794224	10.51111415940888	0.8967948717948718	0.8769230769230769
7	0.38095104694366455	11.079055915073473	0.8913461538461539	0.9153846153846154
8	0.378812313079834	8.522364731345858	0.9092948717948718	0.8769230769230769
9	0.37707431316375734	8.653664629070127	0.9150641025641025	0.9
10	0.37608111988414417	6.610096801300438	0.9282051282051282	0.9025641025641026
11	0.37494514385859173	7.655094621741042	0.9208333333333333	0.9051282051282051
12	0.37373698674715483	5.767271214601945	0.9400641025641026	0.9256410256410257
13	0.3725741079875401	5.007014464054789	0.951602564102564	0.9307692307692308
14	0.3720519224802653	3.6969838913302033	0.9580128205128206	0.9307692307692308
15	0.37186822295188904	3.841031309065162	0.9625	0.9333333333333333
16	0.3711389934315401	3.3005672494063574	0.9644230769230769	0.9076923076923077
17	0.37042996618482804	2.8511261683603633	0.9666666666666667	0.941025641025641
18	0.36990756737558467	2.8193891040828762	0.9698717948717949	0.9384615384615385
19	0.36951770782470705	2.3871869012257276	0.9753205128205128	0.9358974358974359
20	0.3689960411616734	1.589710404326645	0.9826923076923076	0.941025641025641
21	0.3684625733982433	2.260351808537368	0.9740384615384615	0.9461538461538461
22	0.3680735152700673	2.3189110012382876	0.9782051282051282	0.9435897435897436
23	0.36790985862414044	1.4786249940112537	0.9846153846153847	0.9435897435897436
24	0.36741339683532714	1.4974802821798592	0.9849358974358975	0.941025641025641
25	0.3671499490737915	1.5353335220252677	0.9833333333333333	0.958974358974359
26	0.36721409691704643	1.482680105300126	0.982051282051282	0.9384615384615385
27	0.3674238494464329	1.3655497469328706	0.985897435897436	0.9538461538461539
28	0.36758685934132546	0.6237134703444507	0.9935897435897436	0.9461538461538461
29	0.3677611112594604	0.6889334629356328	0.992948717948718	0.9487179487179487
30	0.3679681747190414	0.6150222765044214	0.9939102564102564	0.9564102564102565
31	0.36806780099868774	0.7638920458622885	0.9926282051282052	0.9512820512820512
32	0.36778856046272046	0.8154006703918305	0.9913461538461539	0.9564102564102565
33	0.36753642559051514	0.5972296449270251	0.9935897435897436	0.9564102564102565
34	0.36729202951703754	0.6128435115251519	0.9932692307692308	0.9538461538461539
35	0.36702648136350846	0.49772207291110193	0.9939102564102564	0.9564102564102565
36	0.3669622653239482	0.5951066362856868	0.992948717948718	0.9564102564102565
37	0.36671617156580877	0.5174348472703096	0.9948717948717949	0.9512820512820512
38	0.3664688697228065	0.36924291233418094	0.996474358974359	0.9564102564102565
39	0.36631487011909486	0.3262471750399991	0.9967948717948718	0.958974358974359
40	0.3666168015177657	0.38503184366545984	0.9955128205128205	0.9538461538461539
41	0.36672164712633404	0.4094141154592781	0.9958333333333333	0.958974358974359
42	0.3665659483089003	0.32624033671490166	0.996474358974359	0.9538461538461539
43	0.36644979498603125	0.3033867715982654	0.9967948717948718	0.958974358974359
44	0.36670871310763886	0.341948603704567	0.996474358974359	0.9512820512820512
45	0.3669286707173223	0.337444874900512	0.9961538461538462	0.9538461538461539
-1	-1	-1	-1	-1
0	0.4488205909729004	115.81836338432468	0.2907051282051282	0.6384615384615384
1	0.40931904315948486	41.05083795469634	0.6512820512820513	0.7692307692307693
2	0.3970640500386556	23.862247831967412	0.782051282051282	0.7589743589743589
3	0.3899517059326172	18.324263348871348	0.8253205128205128	0.8128205128205128
4	0.38630385398864747	14.855048208820577	0.8522435897435897	0.8256410256410256
5	0.38422489166259766	12.449074091959973	0.8762820512820513	0.8717948717948718
6	0.383005040032523	10.804556250572205	0.8916666666666667	0.8743589743589744
7	0.3817274868488312	10.100661027796415	0.8990384615384616	0.8743589743589744
8	0.3827819029490153	8.14211848925571	0.9179487179487179	0.8564102564102564
9	0.382240891456604	8.682580279452461	0.9083333333333333	0.8641025641025641
10	0.3813996531746604	7.316726704033053	0.9288461538461539	0.9025641025641026
11	0.3809385299682617	6.696954695545897	0.9314102564102564	0.9
12	0.3807104184077336	5.246472434121735	0.9403846153846154	0.8871794871794871
13	0.38032920019967215	4.598815712697652	0.9548076923076924	0.8948717948717949
14	0.3799746831258138	4.193092352881724	0.9548076923076924	0.8897435897435897
15	0.37976300716400146	4.428800704185756	0.9560897435897436	0.9128205128205128
16	0.37918748575098377	3.53519606362192	0.9631410256410257	0.9025641025641026
17	0.37797097365061444	3.095726701449983	0.9669871794871795	0.9128205128205128
18	0.3770540513490376	2.695780969319903	0.9711538461538461	0.9179487179487179
19	0.3768247842788696	2.8098839661296533	0.9711538461538461	0.9282051282051282
20	0.376521144594465	1.943162736768017	0.9798076923076923	0.9230769230769231
21	0.376420335336165	1.6994436446966945	0.9807692307692307	0.9435897435897436
22	0.37620423151099164	1.8424557461878475	0.9807692307692307	0.9384615384615385
23	0.37606417139371234	1.9843870298366766	0.9778846153846154	0.9333333333333333
24	0.3761054706573486	1.3750221198804828	0.9855769230769231	0.9512820512820512
25	0.37608935282780576	1.0173386397904582	0.9900641025641026	0.9384615384615385
26	0.3760190451586688	1.2501754136874854	0.9868589743589744	0.9153846153846154
27	0.3755888598305838	1.6388824024541797	0.9810897435897435	0.9230769230769231
28	0.37533476434904955	1.1697848719444923	0.9865384615384616	0.9358974358974359
29	0.3749433358510335	1.0820244439136313	0.9878205128205129	0.941025641025641
30	0.3743956704293528	0.7633865097067224	0.9910256410256411	0.9358974358974359
31	0.3741260692477226	0.7638089129587218	0.9926282051282052	0.9358974358974359
32	0.37386240381183045	1.7490867412083648	0.9881410256410257	0.9307692307692308
33	0.37389995771295886	0.7055418656815832	0.9923076923076923	0.9461538461538461
34	0.3739134992871966	0.5101225048313107	0.9961538461538462	0.9461538461538461
35	0.3740533987681071	0.38775667930687113	0.9961538461538462	0.9384615384615385
36	0.3740599284300933	0.3813453262400984	0.9958333333333333	0.9384615384615385
37	0.3740273588582089	0.3843425700366164	0.9961538461538462	0.9435897435897436
38	0.37393096777109	0.3887732054168663	0.9961538461538462	0.941025641025641
39	0.3739051342010498	0.32756380456361955	0.9971153846153846	0.9461538461538461
40	0.3739240576581257	0.3624432021656967	0.9951923076923077	0.9461538461538461
41	0.37385807150886174	0.3344472880066581	0.9967948717948718	0.9487179487179487
42	0.3739046551460444	0.3127861098675604	0.996474358974359	0.9461538461538461
43	0.3739806738766757	0.2862519707889486	0.9974358974358974	0.9435897435897436
44	0.3739201068878174	0.2963250860374668	0.9974358974358974	0.9461538461538461
-1	-1	-1	-1	-1
0	0.5139815807342529	118.03826402158154	0.2717948717948718	0.5025641025641026
1	0.4429692029953003	43.93841677295919	0.6419871794871795	0.6948717948717948
2	0.42106787363688153	24.226921052348857	0.7833333333333333	0.7666666666666667
3	0.4099186062812805	18.486908645046	0.8272435897435897	0.8051282051282052
4	0.4021172046661377	14.905876675430608	0.8548076923076923	0.7871794871794872
5	0.3968753019968669	12.745994879274953	0.8753205128205128	0.8153846153846154
6	0.3934375899178641	10.447899205344063	0.8935897435897436	0.8743589743589744
7	0.3909810483455658	9.712551013547547	0.8993589743589744	0.8538461538461538
8	0.38930543263753253	9.117919159787041	0.9025641025641026	0.8564102564102564
9	0.38742523193359374	7.954345494508743	0.9157051282051282	0.8333333333333334
10	0.3861885287544944	9.179402352595815	0.9163461538461538	0.8743589743589744
11	0.3852521975835164	7.0905720263111345	0.9285256410256411	0.8794871794871795
12	0.3840020803304819	5.9583065187444495	0.9375	0.8717948717948718
13	0.3831356593540737	6.233873839585149	0.9336538461538462	0.8692307692307693
14	0.382083257039388	5.413252835066951	0.944551282051282	0.8615384615384616
15	0.3811493515968323	4.547713535932862	0.95	0.882051282051282
16	0.38030388775993795	3.376473112050824	0.9692307692307692	0.8897435897435897
17	0.38002414173550075	3.067733148759117	0.966025641025641	0.8974358974358975
18	0.3797287062594765	2.435007603877053	0.9753205128205128	0.9179487179487179
19	0.379126238822937	2.225205088167318	0.978525641025641	0.9076923076923077
20	0.37872491564069477	1.953164572048248	0.9775641025641025	0.9025641025641026
21	0.37841110879724676	2.633447616113996	0.9733974358974359	0.9205128205128205
22	0.37843765383181366	1.8448708342882443	0.9794871794871794	0.9153846153846154
23	0.37830931941668194	2.3554838414551043	0.9730769230769231	0.9256410256410257
24	0.37823123931884767	1.614280169012443	0.9839743589743589	0.9179487179487179
25	0.3783824077019325	1.2727735213061073	0.9887820512820513	0.9205128205128205
26	0.37793134759973596	1.0588081755523322	0.9897435897435898	0.9256410256410257
27	0.37763090644563946	1.2522859633472576	0.9871794871794872	0.9333333333333333
28	0.37729043796144685	1.3917781728182026	0.9871794871794872	0.9358974358974359
29	0.3770506143569946	1.0329940259570674	0.9891025641025641	0.9205128205128205
30	0.37690125742266256	1.0224286665455724	0.9884615384615385	0.9358974358974359
31	0.3767522871494293	0.7507789374200855	0.9923076923076923	0.9282051282051282
32	0.3766469449707956	0.595719023692013	0.9942307692307693	0.9282051282051282
33	0.3763844686395982	0.6132768207331835	0.9948717948717949	0.9307692307692308
34	0.3763171059744699	0.6001309410696232	0.9942307692307693	0.9307692307692308
35	0.37628036075168186	0.5440263566644197	0.9942307692307693	0.9307692307692308
36	0.37615711624557907	0.7931343291515522	0.9916666666666667	0.9230769230769231
37	0.3760949310503508	0.7934307659458255	0.9926282051282052	0.9256410256410257
38	0.3760815889407427	0.5816837603425873	0.9935897435897436	0.9358974358974359
39	0.37601014971733093	0.4329176517179692	0.9961538461538462	0.9358974358974359
40	0.3760061380339832	0.40704187953117665	0.9955128205128205	0.9358974358974359
41	0.37598503771282377	0.3656081930356758	0.9958333333333333	0.9384615384615385
42	0.3760133565858353	0.37518464896426423	0.9961538461538462	0.9358974358974359
43	0.37598910656842316	0.3616354399377347	0.9961538461538462	0.9384615384615385
44	0.37599543465508356	0.37030818654647174	0.9961538461538462	0.9384615384615385
45	0.37592037864353345	0.34245681004035666	0.9961538461538462	0.9384615384615385
46	0.3758237767726817	0.37235316897953896	0.9961538461538462	0.9384615384615385
47	0.3757283886273702	0.34812359871789433	0.9961538461538462	0.9307692307692308
48	0.37564903376053793	0.32227800495694486	0.996474358974359	0.9435897435897436
49	0.37556607246398926	0.3725956085830575	0.9955128205128205	0.9358974358974359
50	0.3754733450272504	0.329968611596328	0.9971153846153846	0.941025641025641
51	0.3755176755098196	0.31436989115543984	0.9971153846153846	0.9358974358974359
52	0.37554469198550816	0.30300929378753777	0.9974358974358974	0.9358974358974359
53	0.3755620938760263	0.2972405837239681	0.9967948717948718	0.9358974358974359
54	0.3756350690668279	0.29734171005601434	0.9971153846153846	0.941025641025641
55	0.375592189175742	0.29700817154157355	0.9974358974358974	0.9358974358974359
56	0.3754714204553972	0.2941282987184775	0.9967948717948718	0.941025641025641
57	0.37552800260741137	0.2909261792160485	0.9971153846153846	0.941025641025641
58	0.37554895271689204	0.29055488529441076	0.9971153846153846	0.9384615384615385
59	0.3755171537399292	0.2922064849634047	0.9974358974358974	0.9358974358974359
60	0.37536746556641626	0.300807763181647	0.9971153846153846	0.9384615384615385
61	0.3752094891763503	0.35056583155201965	0.9961538461538462	0.9358974358974359
62	0.3752540709480407	0.3554204082517702	0.9967948717948718	0.9358974358974359
63	0.3752186559140682	0.30429436021163103	0.9967948717948718	0.9384615384615385
64	0.3751308294442984	0.3059967802408358	0.996474358974359	0.9384615384615385
65	0.37507256955811474	0.2901851898562626	0.9974358974358974	0.9358974358974359
66	0.37493999324627775	0.2892295340000657	0.9967948717948718	0.9384615384615385
67	0.3748204883407144	0.28306091617500617	0.9971153846153846	0.9333333333333333
68	0.3747428638347681	0.30214185032896146	0.9971153846153846	0.9333333333333333
-1	-1	-1	-1	-1
0	0.45079469680786133	117.76459876858458	0.2919871794871795	0.5666666666666667
1	0.4066115617752075	42.01332800728934	0.657051282051282	0.7307692307692307
2	0.39405186971028644	21.24975187559517	0.8025641025641026	0.8179487179487179
3	0.3858892321586609	14.602865744610222	0.8605769230769231	0.8692307692307693
4	0.3829977989196777	11.343757055243668	0.8875	0.8589743589743589
5	0.3808996280034383	11.57245636837823	0.8833333333333333	0.8358974358974359
6	0.37881003107343403	9.326062409245239	0.9105769230769231	0.8948717948717949
7	0.3773334324359894	9.369222405005475	0.9067307692307692	0.8923076923076924
8	0.3767521646287706	9.103440101049385	0.9131410256410256	0.8717948717948718
9	0.3759531259536743	7.9022113017889914	0.919551282051282	0.8948717948717949
10	0.37567459453235974	7.032156558061133	0.9275641025641026	0.8666666666666667
11	0.3754575451215108	6.6773286543938575	0.9326923076923077	0.8717948717948718
12	0.37499576348524827	5.35544556136034	0.9442307692307692	0.9205128205128205
13	0.37498208454677034	4.757629884901095	0.9503205128205128	0.9153846153846154
14	0.37470439275105794	4.304995967873505	0.9560897435897436	0.9256410256410257
15	0.37456442415714264	3.6202287537102795	0.9596153846153846	0.9230769230769231
16	0.3743402396931368	2.231029955385139	0.9778846153846154	0.9205128205128205
17	0.37421629163953996	2.524141382017382	0.9721153846153846	0.9230769230769231
18	0.37403695206893117	2.943225239004408	0.9701923076923077	0.9435897435897436
19	0.3738700270652771	1.7283277778449107	0.9826923076923076	0.9256410256410257
20	0.3738755952744257	1.7626732470543713	0.982051282051282	0.9307692307692308
21	0.37383650649677624	2.0398624013653217	0.9817307692307692	0.9512820512820512
22	0.3737649088320525	1.215856291522386	0.9875	0.9461538461538461
23	0.3739948272705078	1.4906621446538413	0.9855769230769231	0.9564102564102565
24	0.3740439224243164	0.9680249629713291	0.9907051282051282	0.9435897435897436
25	0.3741406202316284	0.8443273182967868	0.9913461538461539	0.9512820512820512
26	0.3739279552742287	1.0360893688606554	0.9871794871794872	0.9487179487179487
27	0.3738462158611843	1.1236600745374299	0.9875	0.9512820512820512
28	0.3742680714048188	0.9357266146974752	0.9913461538461539	0.9461538461538461
29	0.37423698902130126	0.7449558974524048	0.9926282051282052	0.9435897435897436
30	0.37416248936806956	0.7706709669223435	0.9919871794871795	0.9384615384615385
31	0.3740197718143463	0.5228107885590622	0.9939102564102564	0.9487179487179487
32	0.37381183739864465	0.36921722649083455	0.9955128205128205	0.9461538461538461
33	0.37347541837131276	0.32073595064540145	0.996474358974359	0.9435897435897436
34	0.3733395848955427	0.34430318833827706	0.996474358974359	0.9435897435897436
35	0.3732868300543891	0.30470303746596056	0.9967948717948718	0.9487179487179487
36	0.3749616532712369	0.3044998968466736	0.9971153846153846	0.9461538461538461
37	0.37494060867711115	0.30899762989013524	0.9961538461538462	0.9435897435897436
38	0.37507350016862917	0.3016256531641096	0.996474358974359	0.9487179487179487
39	0.3749913156032562	0.30084429616916314	0.9971153846153846	0.9435897435897436
40	0.3749614110807093	0.2622437834097025	0.9967948717948718	0.9461538461538461
41	0.37482363837105886	0.2695314017942945	0.9971153846153846	0.9435897435897436
42	0.3746619834456333	0.36578205037251477	0.9955128205128205	0.9487179487179487
43	0.3746764822439714	0.3471919115411821	0.9958333333333333	0.9461538461538461
-1	-1	-1	-1	-1
0	0.4607412815093994	117.6284269994619	0.2775641025641026	0.5153846153846153
1	0.41268956661224365	42.58586015506666	0.6599358974358974	0.7256410256410256
2	0.3983009656270345	24.6216496472456	0.7798076923076923	0.8025641025641026
3	0.3900691866874695	16.24975188411012	0.8384615384615385	0.7717948717948718
4	0.3856797695159912	15.26157153139309	0.8528846153846154	0.8128205128205128
5	0.384008526802063	12.184961511164296	0.8753205128205128	0.8333333333333334
6	0.3816803864070347	11.22250305024945	0.885576923076923	0.8384615384615385
7	0.38018545508384705	9.332313142260727	0.9051282051282051	0.8384615384615385
8	0.379227876663208	8.131091585648912	0.9176282051282051	0.8666666666666667
9	0.37906579971313475	6.741555209670748	0.9298076923076923	0.8615384615384616
10	0.37818926030939276	7.251764130835631	0.9278846153846154	0.8538461538461538
11	0.37791089216868085	6.164310239407481	0.9381410256410256	0.8769230769230769
12	0.3777756507580097	5.907342801592788	0.9416666666666667	0.8923076923076924
13	0.3774265391486032	6.398437190572826	0.9397435897435897	0.8717948717948718
14	0.37719863255818686	4.02642590126821	0.9586538461538462	0.9025641025641026
15	0.37686116993427277	4.378779314610423	0.9541666666666667	0.9025641025641026
16	0.37639783410465016	3.036764934811057	0.971474358974359	0.9025641025641026
17	0.3761493232515123	2.0609349916708104	0.9794871794871794	0.9
18	0.3757888266914769	2.4213711118363603	0.9733974358974359	0.9205128205128205
19	0.37585337162017823	1.9804126139045979	0.9807692307692307	0.9128205128205128
20	0.37579716954912457	1.8827431706749662	0.9807692307692307	0.9205128205128205
21	0.3756769136949019	1.5015633893579396	0.9862179487179488	0.9230769230769231
22	0.375385046005249	1.512849382999144	0.9833333333333333	0.9128205128205128
23	0.3752201497554779	1.2884196688288025	0.9836538461538461	0.9230769230769231
24	0.3752062225341797	1.3001608836217498	0.9868589743589744	0.9179487179487179
25	0.37500008252950817	0.8191221422962465	0.9919871794871795	0.9153846153846154
26	0.3749754340560348	0.6719329667334654	0.992948717948718	0.9256410256410257
27	0.37478349038532804	0.953596341642266	0.9884615384615385	0.9282051282051282
28	0.3747328889781031	0.8688115913834309	0.9913461538461539	0.9333333333333333
29	0.3746176322301229	0.5260467915510645	0.9948717948717949	0.9384615384615385
30	0.37452220147655857	0.800233630382703	0.9903846153846154	0.9333333333333333
31	0.37440793216228485	0.5145729573761892	0.9939102564102564	0.9358974358974359
32	0.37445069804336084	0.5961831951732462	0.9942307692307693	0.9282051282051282
33	0.37439532139722037	0.6598357603474216	0.9926282051282052	0.9256410256410257
34	0.37427190371922087	0.7888830386658142	0.9907051282051282	0.9230769230769231
35	0.3742452661196391	0.7951867213871863	0.9916666666666667	0.9205128205128205
36	0.37414285943314834	0.9917271367502304	0.9907051282051282	0.9307692307692308
37	0.37415673858241033	0.5252193239118371	0.9948717948717949	0.9307692307692308
38	0.3739908352876321	0.48420897970565274	0.9951923076923077	0.9230769230769231
39	0.3739182114601135	0.31234654221370134	0.9974358974358974	0.9256410256410257
40	0.37395737229323966	0.28929097908168877	0.9971153846153846	0.9256410256410257
41	0.37388759567624047	0.29437515632800604	0.996474358974359	0.9256410256410257
42	0.3738690087961596	0.33545111193872834	0.9967948717948718	0.9256410256410257
43	0.3738497387279164	0.2704742607418258	0.9971153846153846	0.9256410256410257
44	0.37378274069892037	0.2696750880021849	0.9974358974358974	0.9230769230769231
45	0.3737885589184968	0.28893089732119565	0.996474358974359	0.9230769230769231
46	0.3738396370664556	0.24834022916525564	0.9974358974358974	0.9282051282051282
47	0.3738141556580861	0.23982897033108333	0.9977564102564103	0.9282051282051282
48	0.3737924098968506	0.25893463064323663	0.9971153846153846	0.9282051282051282
49	0.3736553430557251	0.277087867584873	0.9971153846153846	0.9256410256410257
-1	-1	-1	-1	-1
0	0.5075759887695312	117.11818951976542	0.29583333333333334	0.6025641025641025
1	0.43975841999053955	43.581817101459116	0.6516025641025641	0.7076923076923077
2	0.41730189323425293	23.529123267348933	0.7926282051282051	0.764102564102564
3	0.4057725667953491	16.930173022406443	0.8330128205128206	0.7871794871794872
4	0.39816083908081057	14.42558492933001	0.8592948717948717	0.8179487179487179
5	0.3936643600463867	11.044484477870318	0.8913461538461539	0.8256410256410256
6	0.3901327337537493	11.080944467564018	0.8826923076923077	0.8256410256410256
7	0.3880417048931122	9.828419967573517	0.9032051282051282	0.8538461538461538
8	0.3863917986551921	8.50625608040362	0.9131410256410256	0.8512820512820513
9	0.38479952812194823	8.825796126711126	0.9121794871794872	0.8461538461538461
10	0.38340681249445135	6.730342372035493	0.9314102564102564	0.8666666666666667
11	0.3824692765871684	4.9688422015811105	0.9490384615384615	0.8871794871794871
12	0.3815567676837628	5.609981369303197	0.9439102564102564	0.8923076923076924
13	0.38078086716788156	5.5771093280339725	0.9471153846153846	0.8743589743589744
14	0.38006661732991537	3.577266611158848	0.9650641025641026	0.8974358974358975
15	0.37921176850795746	4.607985690388144	0.9551282051282052	0.9
16	0.37873411178588867	3.7250793634780814	0.958974358974359	0.9153846153846154
17	0.3786625729666816	2.894926258571902	0.9689102564102564	0.9179487179487179
18	0.3783908768704063	2.6580940138320535	0.9782051282051282	0.9179487179487179
19	0.378066086769104	2.419482753878193	0.9746794871794872	0.9128205128205128
20	0.37754457337515696	1.8315897707361728	0.9801282051282051	0.9128205128205128
21	0.37709893963553687	2.181949685916913	0.9775641025641025	0.9205128205128205
22	0.3770008605459462	2.2014466987884775	0.9762820512820513	0.9179487179487179
23	0.3769461115201314	1.874947956145494	0.9807692307692307	0.9282051282051282
24	0.3767036724090576	1.0470428742629914	0.9900641025641026	0.9282051282051282
25	0.3764912715324989	1.0422002191047126	0.9891025641025641	0.9256410256410257
26	0.3764363836359095	1.1216883272483793	0.9875	0.9076923076923077
27	0.3762341226850237	1.0559675716795027	0.9900641025641026	0.9358974358974359
28	0.3761539048162	0.5404589429915864	0.9951923076923077	0.9179487179487179
29	0.3760411500930786	0.4767390319374295	0.9955128205128205	0.9333333333333333
30	0.3758180910541165	0.6427545648244001	0.9932692307692308	0.9307692307692308
31	0.3755754232406616	0.6262752030458187	0.9939102564102564	0.9333333333333333
32	0.37542535319472803	0.4401306488803037	0.9961538461538462	0.9282051282051282
33	0.37542834001428943	0.48208333163199074	0.9958333333333333	0.9179487179487179
34	0.37534924915858675	0.4943782654377081	0.9945512820512821	0.9256410256410257
35	0.3751540846294827	1.0885848826229838	0.9884615384615385	0.9153846153846154
36	0.3750444425118936	0.9855577452773494	0.9900641025641026	0.9435897435897436
37	0.37497928895448385	0.7470677547223333	0.9945512820512821	0.9282051282051282
38	0.37495159491514546	0.6928092990906871	0.9923076923076923	0.9128205128205128
39	0.3747877061367035	0.6141625132544765	0.9923076923076923	0.9256410256410257
40	0.37462793908468106	0.5704165067302767	0.9939102564102564	0.9282051282051282
41	0.37466730390276226	0.37313353126555	0.996474358974359	0.9307692307692308
42	0.3746774751086568	0.35139570838287093	0.9967948717948718	0.9256410256410257
43	0.374655544757843	0.3050689219261938	0.9967948717948718	0.9256410256410257
44	0.3746677451663547	0.29900344025476705	0.9971153846153846	0.9307692307692308
45	0.374689071074776	0.29231759026879445	0.9974358974358974	0.9256410256410257
46	0.37468701220573264	0.2724200040589049	0.9977564102564103	0.9307692307692308
47	0.37472795446713764	0.31538053518351244	0.9967948717948718	0.9256410256410257
48	0.3746473302646559	0.28199260181875674	0.9974358974358974	0.9256410256410257
49	0.3745550012588501	0.2982740742047507	0.9971153846153846	0.9282051282051282
50	0.3743920559976615	0.2712290283777794	0.9977564102564103	0.9307692307692308
51	0.37432384490966797	0.2743226029335198	0.9974358974358974	0.9307692307692308
52	0.3742265746278583	0.28854284057339025	0.9967948717948718	0.9282051282051282
53	0.37416196752477576	0.29744143319565375	0.9967948717948718	0.9307692307692308
54	0.37403628609397194	0.2730226673700191	0.9974358974358974	0.9282051282051282
55	0.3739304968288967	0.2607674424795491	0.9971153846153846	0.9307692307692308
56	0.3739396145469264	0.26667253620006687	0.9977564102564103	0.9307692307692308
-1	-1	-1	-1	-1
0	0.46326375007629395	112.94691973316426	0.30833333333333335	0.6051282051282051
1	0.41522836685180664	39.18415088312967	0.676923076923077	0.7025641025641025
2	0.4001348813374837	23.384668072875666	0.7948717948717948	0.8025641025641026
3	0.3923006057739258	15.815216402618253	0.8493589743589743	0.8641025641025641
4	0.3883394241333008	12.585802601308238	0.8772435897435897	0.8384615384615385
5	0.38541706403096515	11.335127396242958	0.8865384615384615	0.8487179487179487
6	0.3832943780081613	9.222667860133308	0.9092948717948718	0.8512820512820513
7	0.3820418119430542	8.337032648373624	0.9131410256410256	0.8538461538461538
8	0.38080427381727433	8.282784145097343	0.9198717948717948	0.8487179487179487
9	0.37998075485229493	7.241014781046887	0.9294871794871795	0.8923076923076924
10	0.37922399694269354	7.459075678368004	0.9240384615384616	0.8538461538461538
11	0.37838075558344525	7.1050906102268065	0.9285256410256411	0.8641025641025641
12	0.3780769384824313	5.131976070300657	0.9442307692307692	0.9076923076923077
13	0.37756025791168213	3.959631275309592	0.9567307692307693	0.9025641025641026
14	0.37742660840352377	4.044398732027229	0.958974358974359	0.8794871794871795
15	0.37727299332618713	3.4889882848198925	0.9637820512820513	0.9102564102564102
16	0.37703171898336973	2.9091384584578326	0.9676282051282051	0.9102564102564102
17	0.37684403525458443	2.101347528155703	0.9782051282051282	0.9025641025641026
18	0.37630482723838404	2.1772485038227574	0.9756410256410256	0.9179487179487179
19	0.3754580974578857	2.2662740466470015	0.9778846153846154	0.9102564102564102
20	0.3749383404141381	1.9350123220332422	0.9826923076923076	0.9230769230769231
21	0.3745336640964855	1.2620415018909439	0.9865384615384616	0.9256410256410257
22	0.3737509976262632	1.2961985392743076	0.9862179487179488	0.9333333333333333
23	0.37297340234120685	1.1805160239110797	0.9871794871794872	0.9307692307692308
24	0.37266417503356936	1.5174306725170843	0.9855769230769231	0.9256410256410257
25	0.3723234213315524	1.296405953643796	0.9855769230769231	0.9282051282051282
26	0.3720109286131682	1.5864473926734977	0.9875	0.9256410256410257
27	0.37163035358701435	0.9309239464821484	0.9903846153846154	0.9282051282051282
28	0.3720368516856226	0.7697144978375611	0.9910256410256411	0.9153846153846154
29	0.37233288288116456	0.7461057385306197	0.9916666666666667	0.9230769230769231
30	0.37264097890546244	1.1094501316119745	0.9891025641025641	0.9256410256410257
31	0.3726221024990082	0.6023250366905609	0.9935897435897436	0.9333333333333333
32	0.37236381299567944	0.5497637539971335	0.9942307692307693	0.9384615384615385
33	0.3720932217205272	0.9051969410633022	0.9923076923076923	0.9307692307692308
34	0.3719107491629464	0.3833241032303444	0.9967948717948718	0.9282051282051282
35	0.37201066149605644	0.4997478661873397	0.9945512820512821	0.9384615384615385
36	0.3721588302303005	0.33816313344453064	0.9971153846153846	0.9384615384615385
37	0.37212776510339035	0.26840408328606996	0.9977564102564103	0.9384615384615385
38	0.3721978908930069	0.3535731416560914	0.9967948717948718	0.9358974358974359
39	0.372176867723465	0.2442811588514406	0.9980769230769231	0.941025641025641
40	0.3721887309376786	0.34770477753802564	0.9961538461538462	0.9358974358974359
41	0.37225286733536495	0.5412236081940545	0.9932692307692308	0.9282051282051282
42	0.37221622467041016	0.32446267118687	0.996474358974359	0.9358974358974359
43	0.3722358996217901	0.460342491772596	0.9971153846153846	0.9307692307692308
44	0.37229321267869736	0.24227508876753504	0.9977564102564103	0.9358974358974359
45	0.3723583739736806	0.29240629358789694	0.996474358974359	0.9358974358974359
46	0.3724549374681838	0.24251571649861314	0.9977564102564103	0.9333333333333333
47	0.372450311978658	0.2264279539498491	0.9977564102564103	0.9358974358974359
48	0.37240478943805305	0.2343148887537572	0.9980769230769231	0.9358974358974359
49	0.3724309778213501	0.21842408643759864	0.9977564102564103	0.9358974358974359
50	0.3725334195529713	0.2140721829218448	0.9977564102564103	0.9358974358974359
51	0.3725905693494357	0.21951185703177803	0.9980769230769231	0.9358974358974359
52	0.3725479728770706	0.22063646795615977	0.9974358974358974	0.9358974358974359
53	0.3725607218565764	0.21277049831019676	0.9980769230769231	0.9358974358974359
54	0.37255258560180665	0.2163216335029574	0.9980769230769231	0.9358974358974359
55	0.3725042130265917	0.2131036939141008	0.9974358974358974	0.9358974358974359
56	0.37253320426271674	0.2099365636210993	0.9980769230769231	0.9358974358974359
57	0.3725368483313199	0.21400817457262228	0.9977564102564103	0.9358974358974359
58	0.3725319757299908	0.2149983895416918	0.9977564102564103	0.9358974358974359
59	0.3726122220357259	0.2116952338737046	0.9980769230769231	0.9358974358974359
-1	-1	-1	-1	-1
0	0.5214567184448242	118.09181205593809	0.2833333333333333	0.5153846153846153
1	0.44662177562713623	42.476672989981516	0.642948717948718	0.7256410256410256
2	0.4201188882191976	22.967844919282562	0.7807692307692308	0.8128205128205128
3	0.4046843647956848	17.53385330219658	0.8272435897435897	0.8512820512820513
4	0.39562168121337893	13.207182869619253	0.8685897435897436	0.8205128205128205
5	0.38966957728068036	12.553261343313723	0.8737179487179487	0.8615384615384616
6	0.3855288709912981	9.921339045981972	0.896474358974359	0.8615384615384616
7	0.38166823983192444	8.621243236016253	0.9057692307692308	0.8769230769230769
8	0.37899507416619194	7.816452748921453	0.9185897435897435	0.882051282051282
9	0.37673220634460447	8.27405131501811	0.9147435897435897	0.9282051282051282
10	0.37578320503234863	7.8213773077848	0.9173076923076923	0.8897435897435897
11	0.3744628032048543	6.5466181410818685	0.9310897435897436	0.9
12	0.373274931540856	5.512530772965782	0.9391025641025641	0.9051282051282051
13	0.37237071990966797	5.1036704656268865	0.9464743589743589	0.9205128205128205
14	0.3717862923940023	4.545571001208558	0.9509615384615384	0.9358974358974359
15	0.3715137541294098	2.4636472647591514	0.9746794871794872	0.9307692307692308
16	0.37160630787120147	2.6747796940902364	0.9708333333333333	0.958974358974359
17	0.3718068599700928	2.6992233004420996	0.971474358974359	0.9230769230769231
18	0.3718056176838122	2.5618324458447037	0.9727564102564102	0.9461538461538461
19	0.37177592515945435	1.9954750650011155	0.9778846153846154	0.9512820512820512
20	0.3715089275723412	1.6367877374393676	0.9817307692307692	0.9666666666666667
21	0.37129760872233997	1.4784972406733705	0.9830128205128205	0.9461538461538461
22	0.37106846726459003	1.2235271199796425	0.9868589743589744	0.958974358974359
23	0.3708945612112681	1.1479177059016514	0.9865384615384616	0.941025641025641
24	0.3707571983337402	1.1646163458650818	0.9878205128205129	0.9487179487179487
25	0.37070829134721023	1.4801432491014046	0.9846153846153847	0.9487179487179487
26	0.3706214869463885	1.0414415206427552	0.9878205128205129	0.9564102564102565
27	0.37042341913495747	0.7837258489013706	0.9923076923076923	0.9615384615384616
28	0.37035596781763536	0.8226799177901573	0.9919871794871795	0.958974358974359
29	0.370198917388916	0.6621534951228402	0.992948717948718	0.9641025641025641
30	0.37011108090800626	0.8565479170350472	0.9923076923076923	0.9615384615384616
31	0.37008558213710785	0.7808188477778161	0.9916666666666667	0.9615384615384616
32	0.369947151704268	0.6760223645346277	0.9926282051282052	0.9538461538461539
33	0.36987367097069235	0.9937079095006065	0.9900641025641026	0.9615384615384616
34	0.3698075975690569	0.8475037108612608	0.9926282051282052	0.9717948717948718
35	0.3695825801955329	0.4277829093423824	0.9958333333333333	0.9666666666666667
36	0.36945506688710805	0.35421906607415604	0.9961538461538462	0.9641025641025641
37	0.3693220427161769	0.678130557912649	0.9935897435897436	0.9564102564102565
38	0.3693235531831399	0.48678921470751185	0.9961538461538462	0.958974358974359
39	0.3692752242088318	0.34950993828741567	0.9971153846153846	0.9641025641025641
40	0.3692423425069669	0.2824356816367517	0.9980769230769231	0.9641025641025641
41	0.3691129343850272	0.2549670042935759	0.9977564102564103	0.9641025641025641
42	0.3690755589063777	0.2523262986384109	0.9980769230769231	0.9641025641025641
43	0.3690429763360457	0.2512914250231804	0.9980769230769231	0.9641025641025641
44	0.36904629071553546	0.25382204404651965	0.9977564102564103	0.9666666666666667
45	0.3690563854963883	0.24510357426237422	0.9977564102564103	0.9641025641025641
46	0.3689700644066993	0.24917435072652272	0.9977564102564103	0.9641025641025641
47	0.3689652780691783	0.23949154845037385	0.9980769230769231	0.9641025641025641
48	0.3688625364887471	0.2404646525698196	0.9977564102564103	0.9641025641025641
49	0.36892869949340823	0.23339073490131676	0.9980769230769231	0.9641025641025641
50	0.368902795455035	0.22697356071935526	0.9980769230769231	0.9641025641025641
51	0.3688076321895306	0.22938030656921315	0.9980769230769231	0.9641025641025641
52	0.3687524885501502	0.23277500332365816	0.9980769230769231	0.9641025641025641
53	0.36863142914242214	0.22496980462402666	0.9980769230769231	0.9641025641025641
54	0.368565034866333	0.2212992861664412	0.9980769230769231	0.9641025641025641
-1	-1	-1	-1	-1
0	0.45831871032714844	117.99591835177675	0.27307692307692305	0.5461538461538461
1	0.40838897228240967	44.53260702016402	0.6246794871794872	0.6948717948717948
2	0.3929464817047119	24.629707913009486	0.7753205128205128	0.7897435897435897
3	0.38520127534866333	17.929898437188598	0.8256410256410256	0.841025641025641
4	0.3812253475189209	14.267681968455411	0.8554487179487179	0.8589743589743589
5	0.3780655860900879	11.384208651221527	0.8817307692307692	0.882051282051282
6	0.3759844984327044	10.960248529911041	0.8900641025641025	0.8076923076923077
7	0.3751295506954193	9.789477425570391	0.8996794871794872	0.8256410256410256
8	0.37390462557474774	9.844978338601639	0.9038461538461539	0.8923076923076924
9	0.37311434745788574	8.325420397884992	0.9163461538461538	0.9025641025641026
10	0.37279820442199707	7.959336015642906	0.9230769230769231	0.9025641025641026
11	0.3723787268002828	7.035468798510882	0.930448717948718	0.9256410256410257
12	0.372167917398306	4.499586147617321	0.9557692307692308	0.9051282051282051
13	0.3725402355194092	3.9878103582530606	0.9586538461538462	0.9128205128205128
14	0.3723873297373454	4.685474862553636	0.951602564102564	0.9333333333333333
15	0.37184466421604156	3.059396137388385	0.967948717948718	0.9307692307692308
16	0.3711705207824707	2.6699764160249306	0.9711538461538461	0.9153846153846154
17	0.37090039253234863	2.753276928575063	0.9701923076923077	0.9256410256410257
18	0.3706673822904888	2.929063884959537	0.9689102564102564	0.9333333333333333
19	0.37028181552886963	2.396118954698346	0.978525641025641	0.9435897435897436
20	0.36993693170093356	1.646450615240907	0.9836538461538461	0.9384615384615385
21	0.3694451938975941	2.0403419038546935	0.978525641025641	0.9487179487179487
22	0.36918308423913043	1.521733512009057	0.982051282051282	0.9384615384615385
23	0.3688417871793111	1.4530695533636502	0.9842948717948717	0.9205128205128205
24	0.3684890079498291	0.9199772974362179	0.9907051282051282	0.9384615384615385
25	0.3682049329464252	0.8404226941674263	0.9903846153846154	0.9384615384615385
26	0.3679917035279451	0.7445449513051783	0.9935897435897436	0.9282051282051282
27	0.3678762657301767	0.6083517858321418	0.9939102564102564	0.9384615384615385
28	0.3677090036457983	0.6922271459658003	0.9942307692307693	0.9487179487179487
29	0.36747786204020183	0.5307254940010037	0.9955128205128205	0.9461538461538461
30	0.3673336044434578	0.6596184595255181	0.9932692307692308	0.9461538461538461
31	0.3672219067811966	0.6372425487949228	0.9945512820512821	0.9435897435897436
32	0.36711109045780066	0.6633356983122435	0.9948717948717949	0.9333333333333333
33	0.36701078975901885	1.2468541074373132	0.989423076923077	0.9435897435897436
34	0.36679741995675225	0.6838447159923594	0.9942307692307693	0.9487179487179487
35	0.3667364716529846	0.46214364341350883	0.9961538461538462	0.9512820512820512
36	0.3667635917663574	0.3558217643971593	0.9974358974358974	0.9512820512820512
37	0.36663813340036494	0.36380287436221975	0.9974358974358974	0.9512820512820512
38	0.36654395934862966	0.29014132557346545	0.9974358974358974	0.9487179487179487
39	0.36647163033485414	0.3081240561233634	0.996474358974359	0.9461538461538461
40	0.3664788502018626	0.3437033250324466	0.996474358974359	0.9435897435897436
41	0.36638802006131127	0.44134759169775156	0.9958333333333333	0.9487179487179487
42	0.36636083070621933	0.32997023538218295	0.9971153846153846	0.9512820512820512
43	0.3662376674738797	0.34346764298569893	0.9974358974358974	0.9487179487179487
44	0.3662372748057047	0.3252235000652537	0.9977564102564103	0.941025641025641
45	0.3664105767789094	0.5116109564836251	0.9961538461538462	0.9384615384615385
46	0.36652489418679096	0.529689624439925	0.9951923076923077	0.9435897435897436
47	0.3666727840900421	0.3241102236396709	0.9974358974358974	0.9461538461538461
48	0.3666324031596281	0.25524033314925	0.9980769230769231	0.9461538461538461
49	0.36654741764068605	0.22951835223484893	0.9983974358974359	0.9461538461538461
50	0.3665519461912267	0.23002378035536303	0.9983974358974359	0.9461538461538461
51	0.366478090102856	0.22330884321572553	0.9983974358974359	0.9461538461538461
52	0.3664639086093543	0.23664924684123192	0.9983974358974359	0.9461538461538461
53	0.36637922569557474	0.22825999706757863	0.9983974358974359	0.9461538461538461
54	0.36644006208939983	0.21505494085966126	0.9983974358974359	0.9461538461538461
55	0.36643399936812265	0.21591344896845913	0.9983974358974359	0.9461538461538461
-1	-1	-1	-1	-1
0	0.5087697505950928	119.97391416588609	0.266025641025641	0.5948717948717949
1	0.4352152347564697	43.90765388644471	0.6445512820512821	0.7076923076923077
2	0.411221186319987	22.684015770347752	0.794551282051282	0.8358974358974359
3	0.40470147132873535	17.19060414178031	0.8378205128205128	0.8538461538461538
4	0.3977042198181152	13.527199292669492	0.8634615384615385	0.8794871794871795
5	0.3922838767369588	12.166567346879415	0.8759615384615385	0.8897435897435897
6	0.3897499697549002	8.948286338728302	0.9134615384615384	0.8923076923076924
7	0.3877211809158325	8.576557736007535	0.9157051282051282	0.9025641025641026
8	0.3865799638960097	8.307324003200142	0.9182692307692307	0.9
9	0.3860286235809326	7.929680549368566	0.9182692307692307	0.8948717948717949
10	0.3855107914317738	7.907776386762152	0.9221153846153847	0.9076923076923077
11	0.3847867250442505	7.790032159308998	0.9317307692307693	0.9102564102564102
12	0.3840175408583421	5.706253496587885	0.9439102564102564	0.9205128205128205
13	0.38341195242745535	5.339626509316114	0.9474358974358974	0.9461538461538461
14	0.3831278006235758	4.163978533021042	0.9538461538461539	0.9384615384615385
15	0.38277584314346313	3.85246562661261	0.9602564102564103	0.9538461538461539
16	0.3824303290423225	3.1388286513333417	0.9689102564102564	0.9461538461538461
17	0.38227715757158065	3.6733579689598814	0.9618589743589744	0.9384615384615385
18	0.3820946216583252	2.5413321408690237	0.9737179487179487	0.9487179487179487
19	0.3818582773208618	2.754116642535949	0.9746794871794872	0.9435897435897436
20	0.3815497216724214	1.984825571808888	0.9775641025641025	0.958974358974359
21	0.38113478097048675	1.6124883985374958	0.9830128205128205	0.9384615384615385
22	0.3814893909122633	1.617957354409202	0.9814102564102564	0.9461538461538461
23	0.38109978040059406	1.4751905283168414	0.985897435897436	0.9358974358974359
24	0.3805785942077637	1.4317708462856862	0.985897435897436	0.9538461538461539
25	0.3802938644702618	0.9954863202482538	0.9887820512820513	0.9615384615384616
26	0.3801933129628499	0.8200312636849679	0.9913461538461539	0.9641025641025641
27	0.3799059646470206	0.7222867357468574	0.9939102564102564	0.9615384615384616
28	0.37953415410272007	0.6710001677381616	0.9916666666666667	0.9512820512820512
29	0.3792643864949544	0.7905132686766815	0.992948717948718	0.9615384615384616
30	0.37912677180382515	0.7007304585481785	0.992948717948718	0.9641025641025641
31	0.3791086748242378	0.6659748211184668	0.9942307692307693	0.9487179487179487
32	0.3790116888104063	1.0222512809250845	0.989423076923077	0.9564102564102565
33	0.37875354290008545	0.6610041503148267	0.9942307692307693	0.9512820512820512
34	0.37869955471583777	0.47857701115319695	0.9955128205128205	0.9615384615384616
35	0.37866706318325466	0.6015768313664012	0.9951923076923077	0.9666666666666667
36	0.3786658274160849	0.44195674320953726	0.9955128205128205	0.9666666666666667
37	0.3785890779997173	0.3699790040560884	0.9967948717948718	0.9641025641025641
38	0.3785289434286264	0.3218617331431418	0.9974358974358974	0.9666666666666667
39	0.37838038206100466	0.3769866451062737	0.996474358974359	0.9641025641025641
40	0.3783397558258801	0.589824935308496	0.9932692307692308	0.9615384615384616
41	0.37834850947062176	0.47991081426034166	0.9958333333333333	0.9641025641025641
42	0.3783605874970902	0.3237349669590393	0.9971153846153846	0.9641025641025641
43	0.37833878668871795	0.4061871387892431	0.9961538461538462	0.958974358974359
44	0.3782626152038574	0.3860780319584443	0.996474358974359	0.9666666666666667
45	0.37818430817645526	0.3145273169505586	0.9974358974358974	0.9641025641025641
46	0.3782486509769521	0.2983676205051835	0.9974358974358974	0.9666666666666667
47	0.37804773449897766	0.5096652850892385	0.9948717948717949	0.9615384615384616
48	0.3777769731015575	0.3465851230721455	0.9967948717948718	0.9615384615384616
49	0.3775660133361816	0.32618153647728126	0.996474358974359	0.9641025641025641
50	0.3774465299120136	0.2834751820649087	0.9980769230769231	0.9641025641025641
51	0.3773362865814796	0.24699362601766514	0.9980769230769231	0.9615384615384616
52	0.3773753373128063	0.24287891983706741	0.9980769230769231	0.9641025641025641
53	0.37719842239662454	0.23740384121465838	0.9980769230769231	0.9615384615384616
54	0.37700968222184617	0.24086701323703522	0.9980769230769231	0.9641025641025641
55	0.37702007804598126	0.2347999319331857	0.9980769230769231	0.9641025641025641
-1	-1	-1	-1	-1
0	0.46471333503723145	117.99854737885144	0.28205128205128205	0.5538461538461539
1	0.4152238368988037	43.35559960774013	0.6541666666666667	0.7
2	0.39995360374450684	22.101402302177586	0.7951923076923076	0.7871794871794872
3	0.3923143148422241	17.718842795916967	0.8375	0.8051282051282052
4	0.3872713088989258	13.096437588029978	0.8810897435897436	0.8307692307692308
5	0.38421475887298584	12.231127488369845	0.8842948717948718	0.8487179487179487
6	0.3818650926862444	10.398258403855927	0.8955128205128206	0.8666666666666667
7	0.38077205419540405	9.080671286096377	0.9105769230769231	0.8846153846153846
8	0.3799230522579617	8.614169558700251	0.9176282051282051	0.8358974358974359
9	0.3787782430648804	8.011843476976667	0.9173076923076923	0.8512820512820513
10	0.37796365131031384	6.846738354283936	0.926923076923077	0.8589743589743589
11	0.37764795621236164	6.083552766211179	0.9368589743589744	0.8871794871794871
12	0.3779347859896146	4.765799092927149	0.9467948717948718	0.8692307692307693
13	0.37793382576533724	4.997982032749118	0.95	0.9025641025641026
14	0.37803319295247395	4.154388553025771	0.9612179487179487	0.8871794871794871
15	0.378094419836998	3.5079730254959087	0.9653846153846154	0.9153846153846154
16	0.37776721225065346	3.279964592345819	0.9637820512820513	0.9205128205128205
17	0.37747147348192	3.483372060163897	0.9666666666666667	0.9
18	0.37741688678139135	2.6775074588248926	0.9701923076923077	0.9128205128205128
19	0.37714716196060183	1.6571812253654459	0.9823717948717948	0.9333333333333333
20	0.3776375339144752	1.2360836571196512	0.9862179487179488	0.9384615384615385
21	0.3775503852150657	1.6232391592989466	0.9849358974358975	0.9153846153846154
22	0.37751383366792096	1.9837039653021766	0.9788461538461538	0.9230769230769231
23	0.37734581033388775	1.3715487809196039	0.9849358974358975	0.9358974358974359
24	0.37727670669555663	1.428336739958245	0.9846153846153847	0.9487179487179487
25	0.37711777136876035	1.5569561925997046	0.9871794871794872	0.9358974358974359
26	0.37676959567599827	1.804132797018796	0.9862179487179488	0.9230769230769231
27	0.3766278454235622	1.257250166759465	0.989423076923077	0.9333333333333333
28	0.3765956862219449	0.8742026064012732	0.9913461538461539	0.9358974358974359
29	0.37626968224843343	0.6486417403425642	0.9926282051282052	0.9615384615384616
30	0.37617379619229224	0.5855295481160283	0.9942307692307693	0.9512820512820512
31	0.3760897070169449	0.7627988686091361	0.9926282051282052	0.9461538461538461
32	0.37600809877569025	0.8616172123762151	0.9916666666666667	0.9512820512820512
33	0.3760376397301169	0.5330461572561109	0.9945512820512821	0.9538461538461539
34	0.37591100420270646	0.49789535946792407	0.9945512820512821	0.9512820512820512
35	0.3759397003385756	0.5224284618636783	0.9948717948717949	0.9512820512820512
36	0.37609403842204325	0.5365555459937575	0.9939102564102564	0.9487179487179487
37	0.3760063710965608	0.4149815269118669	0.996474358974359	0.9512820512820512
38	0.3760575636839255	0.7002523656131472	0.9926282051282052	0.9435897435897436
39	0.3760994434356689	0.5209410459525428	0.9951923076923077	0.9487179487179487
40	0.3759821333536288	0.31485355435751794	0.9971153846153846	0.9461538461538461
41	0.3762534062067668	0.2919877532950355	0.9974358974358974	0.9487179487179487
42	0.3760462306266607	0.3034489235944086	0.9958333333333333	0.9538461538461539
43	0.37585685469887475	0.2746794361666282	0.9974358974358974	0.9512820512820512
44	0.3757226996951633	0.28160587689846434	0.9977564102564103	0.9512820512820512
45	0.37558281421661377	0.2404531285051513	0.9974358974358974	0.9487179487179487
46	0.3754475268911808	0.2437977397360611	0.9977564102564103	0.9538461538461539
47	0.3754257659117381	0.23790974070897744	0.9977564102564103	0.9512820512820512
48	0.3755221756137147	0.2324335647204045	0.9974358974358974	0.9487179487179487
49	0.3756378412246704	0.22237842278056114	0.9980769230769231	0.9538461538461539
-1	-1	-1	-1	-1
0	0.4657561779022217	117.83796532300053	0.26346153846153847	0.5153846153846153
1	0.41705024242401123	43.711454994824464	0.6496794871794872	0.6794871794871795
2	0.40130114555358887	23.966259975822606	0.7823717948717949	0.7
3	0.3962583541870117	18.154495857199844	0.830448717948718	0.7589743589743589
4	0.39210848808288573	14.666622057253	0.8596153846153847	0.8358974358974359
5	0.38887067635854083	13.028840512645488	0.8766025641025641	0.8358974358974359
6	0.3871058055332729	9.661427073332728	0.9073717948717949	0.8564102564102564
7	0.38514718413352966	9.68486442857859	0.896474358974359	0.8307692307692308
8	0.3840369118584527	8.361899464714284	0.9224358974358975	0.8282051282051283
9	0.3833540201187134	7.387787179527234	0.9285256410256411	0.8666666666666667
10	0.3823816776275635	9.420325061496424	0.9076923076923077	0.8538461538461538
11	0.381649116675059	7.0292287882493465	0.9323717948717949	0.8769230769230769
12	0.38136764673086315	4.821388541815841	0.9496794871794871	0.8717948717948718
13	0.3811289072036743	4.379308061028014	0.9567307692307693	0.9179487179487179
14	0.38063697814941405	4.209343699472291	0.9557692307692308	0.8538461538461538
15	0.38055936992168427	4.3565939919528915	0.9557692307692308	0.8974358974358975
16	0.3801906810087316	2.723791723652762	0.9689102564102564	0.9102564102564102
17	0.37994160917070174	2.5372373346163304	0.9730769230769231	0.9256410256410257
18	0.3794179841091758	2.222527937735526	0.9772435897435897	0.8948717948717949
19	0.37857900857925414	2.564539582658635	0.9746794871794872	0.9153846153846154
20	0.3783739067259289	1.927270485050216	0.9791666666666666	0.9179487179487179
21	0.37817608226429333	1.5385896360729725	0.9849358974358975	0.9230769230769231
22	0.3778105093085248	1.3573193572062467	0.9830128205128205	0.9153846153846154
23	0.37753716111183167	1.1962452540174127	0.9871794871794872	0.9230769230769231
24	0.3769247245788574	1.3316950687226288	0.9855769230769231	0.9333333333333333
25	0.3764589566450853	0.9752639447509939	0.9881410256410257	0.9153846153846154
26	0.37622865041097003	1.4243465739406873	0.9842948717948717	0.9179487179487179
27	0.3765494057110378	0.8893845996068677	0.9903846153846154	0.9384615384615385
28	0.3763717618481866	1.1023374921737277	0.989423076923077	0.9282051282051282
29	0.3762747446695964	0.8045147654994828	0.9923076923076923	0.9384615384615385
30	0.3761499389525383	0.4991150526757523	0.9945512820512821	0.941025641025641
31	0.37592538446187973	0.37689226417569444	0.9967948717948718	0.9461538461538461
32	0.37560652964042895	0.32005319730806336	0.9974358974358974	0.9461538461538461
33	0.3749988079071045	0.47471357451286167	0.9955128205128205	0.941025641025641
34	0.3745856898171561	0.38960817417430416	0.9958333333333333	0.941025641025641
35	0.37426239914364284	0.32718016202585315	0.9961538461538462	0.9461538461538461
36	0.37423043637662323	0.23283478570775348	0.9983974358974359	0.9487179487179487
37	0.3742212559047498	0.38162963852055887	0.9955128205128205	0.9487179487179487
38	0.3742560362204527	0.48934952611144045	0.9961538461538462	0.9435897435897436
39	0.3742027282714844	0.23352296106108672	0.9974358974358974	0.9487179487179487
40	0.3742178300531899	0.29324238731618496	0.9974358974358974	0.9512820512820512
41	0.374102893329802	0.2192645258726362	0.9980769230769231	0.9487179487179487
42	0.3740586236465809	0.20284353640246472	0.9980769230769231	0.9461538461538461
43	0.37402574040673	0.20047138382713975	0.9980769230769231	0.9461538461538461
44	0.374022822909885	0.2567469772350575	0.9974358974358974	0.9461538461538461
45	0.374341809231302	0.25041737368719996	0.9971153846153846	0.9487179487179487
46	0.37427834754294537	0.19823582891709818	0.9980769230769231	0.9487179487179487
47	0.374231959382693	0.20233544379679727	0.9977564102564103	0.9487179487179487
48	0.374205511443469	0.2375008679018534	0.9977564102564103	0.9461538461538461
49	0.37422755241394046	0.2004866944379482	0.9974358974358974	0.9487179487179487
50	0.37417901731004904	0.28535922669344677	0.9977564102564103	0.9487179487179487
51	0.3741478415635916	0.24647573590022037	0.9971153846153846	0.9487179487179487
52	0.3741355437152791	0.19376195080688802	0.9980769230769231	0.9487179487179487
53	0.3742176647539492	0.17976324400111407	0.9983974358974359	0.9487179487179487
54	0.3742464672435414	0.1785235831942243	0.9983974358974359	0.9487179487179487
55	0.3743593054158347	0.1740060923264685	0.9983974358974359	0.9487179487179487
56	0.374422081729822	0.17820945100301083	0.9980769230769231	0.9487179487179487
57	0.37444421751745816	0.18448682051018053	0.9977564102564103	0.9487179487179487
58	0.37447313535011423	0.18099653262797058	0.9980769230769231	0.9487179487179487
59	0.3745027661323547	0.1794099271772174	0.9980769230769231	0.9487179487179487
60	0.3745769907216557	0.17916991864427584	0.9980769230769231	0.9487179487179487
-1	-1	-1	-1	-1
0	0.5273745059967041	116.58771261876943	0.2782051282051282	0.5384615384615384
1	0.4527897834777832	42.564378864911134	0.658974358974359	0.7230769230769231
2	0.42826183636983234	22.835622860460866	0.7923076923076923	0.7871794871794872
3	0.4150417447090149	17.76263556675035	0.8282051282051283	0.7692307692307693
4	0.4064466953277588	12.794455002765266	0.8740384615384615	0.8256410256410256
5	0.40118642648061115	11.220862906806323	0.8923076923076924	0.8512820512820513
6	0.3977874687739781	10.60192866471349	0.8971153846153846	0.8358974358974359
7	0.39439234137535095	10.245301438837636	0.9032051282051282	0.823076923076923
8	0.3923533757527669	9.217476750514946	0.9137820512820513	0.8512820512820513
9	0.3904115676879883	7.618776039809597	0.9256410256410257	0.8333333333333334
10	0.3889653032476252	7.050364855296758	0.9285256410256411	0.8692307692307693
11	0.38759201765060425	6.706365111226938	0.9342948717948718	0.8871794871794871
12	0.3865078595968393	6.2807543625941085	0.9387820512820513	0.8589743589743589
13	0.3857498679842268	5.661004765757492	0.9407051282051282	0.8769230769230769
14	0.3853308359781901	4.701242257745898	0.9525641025641025	0.9076923076923077
15	0.3850344121456146	3.013381040902162	0.9673076923076923	0.9051282051282051
16	0.3847384873558493	4.307767865666169	0.958974358974359	0.9153846153846154
17	0.38429737091064453	2.041217422226862	0.978525641025641	0.9230769230769231
18	0.3838431960658023	1.7636703386028507	0.9801282051282051	0.9256410256410257
19	0.38340942859649657	2.4437807390884476	0.9737179487179487	0.9282051282051282
20	0.38326442809331984	1.4815764719173692	0.985897435897436	0.941025641025641
21	0.38321148265491833	1.7189788096869478	0.9826923076923076	0.9307692307692308
22	0.3830424080724302	1.3032300488296327	0.9868589743589744	0.9282051282051282
23	0.38272034128506977	1.680364989480764	0.9830128205128205	0.9256410256410257
24	0.3824785614013672	1.8527954163847073	0.9826923076923076	0.9282051282051282
25	0.38237242515270525	1.7235317936034076	0.9852564102564103	0.9230769230769231
26	0.38216832832053854	1.9707010133686114	0.9826923076923076	0.941025641025641
27	0.38179008449826923	1.6963545780971039	0.9852564102564103	0.9384615384615385
28	0.38150847369226915	1.2660533380029457	0.9875	0.9230769230769231
29	0.3813684384028117	0.6902449185323274	0.9919871794871795	0.9435897435897436
30	0.3811196204154722	0.8048143375341837	0.9926282051282052	0.941025641025641
31	0.3810727372765541	0.5413004578921554	0.9945512820512821	0.9487179487179487
32	0.3808195229732629	0.45195802653502976	0.9955128205128205	0.9435897435897436
33	0.38052551185383515	0.43557861156058403	0.9958333333333333	0.9435897435897436
34	0.3803519930158343	0.40032426703231866	0.996474358974359	0.9435897435897436
35	0.3802773820029365	0.375701011265438	0.9967948717948718	0.9461538461538461
36	0.38019028225460566	0.30092795345040124	0.9977564102564103	0.9487179487179487
37	0.38007664680480957	0.3481236391330176	0.996474358974359	0.941025641025641
38	0.379898652052268	0.2991074816613667	0.9967948717948718	0.9435897435897436
39	0.3798297822475433	0.2891914120002778	0.9974358974358974	0.9435897435897436
40	0.37973135855139756	0.2808131247048197	0.996474358974359	0.9512820512820512
41	0.37955381756737117	0.3207762373726558	0.9971153846153846	0.9435897435897436
42	0.37960784379826035	0.2674656917800775	0.9974358974358974	0.9435897435897436
43	0.3795795061371543	0.2668182846415332	0.9974358974358974	0.9435897435897436
44	0.37951759232415094	0.255325389936286	0.9974358974358974	0.9487179487179487
45	0.3793812523717466	0.25131463918630603	0.9974358974358974	0.9461538461538461
46	0.3793459395144848	0.252396195548425	0.9977564102564103	0.9487179487179487
47	0.3792884846528371	0.25116581547552747	0.9974358974358974	0.9487179487179487
48	0.3792203883735501	0.24351249187406657	0.9974358974358974	0.9461538461538461
49	0.37906890392303466	0.24728032284177487	0.9971153846153846	0.9487179487179487
50	0.3789469821780336	0.2536649323296935	0.9971153846153846	0.9461538461538461
51	0.37886986365685094	0.24543253894110106	0.9977564102564103	0.9487179487179487
52	0.37879915057488206	0.2463755084251289	0.9977564102564103	0.9435897435897436
53	0.3786438394475866	0.24485066000666775	0.9974358974358974	0.9461538461538461
54	0.3785288333892822	0.235602591768393	0.9977564102564103	0.9461538461538461
55	0.37846251896449495	0.2381261418257574	0.9974358974358974	0.9435897435897436
56	0.3784663760871218	0.24008273130593993	0.9974358974358974	0.9461538461538461
57	0.3784237442345455	0.2363336310296216	0.9974358974358974	0.9461538461538461
58	0.3784215894796081	0.24804471185950894	0.9974358974358974	0.9487179487179487
59	0.37835323413213096	0.23418341222699085	0.9974358974358974	0.9461538461538461
60	0.37830290638032504	0.23869602758290687	0.9977564102564103	0.9487179487179487
-1	-1	-1	-1	-1
0	0.46033191680908203	118.02002295669244	0.2746794871794872	0.5794871794871795
1	0.4158107042312622	43.3478241258738	0.6445512820512821	0.735897435897436
2	0.4016934235890706	23.509408400983226	0.7769230769230769	0.7871794871794872
3	0.39471757411956787	19.731237640186233	0.816025641025641	0.8435897435897436
4	0.389512300491333	14.709380490439278	0.8538461538461538	0.8384615384615385
5	0.386358380317688	12.56712542261396	0.8791666666666667	0.8512820512820513
6	0.3853785651070731	11.292567749412692	0.8801282051282051	0.8769230769230769
7	0.3843282461166382	9.019064680654175	0.9076923076923077	0.8743589743589744
8	0.3829681873321533	8.702228047409836	0.9163461538461538	0.8743589743589744
9	0.3819743633270264	8.212287235016726	0.9131410256410256	0.8948717948717949
10	0.3812358162619851	7.743972345882533	0.9205128205128205	0.882051282051282
11	0.38060593605041504	5.473371209842818	0.944551282051282	0.9102564102564102
12	0.3801440459031325	5.521293131672606	0.9426282051282051	0.9384615384615385
13	0.37941806656973703	5.049791471082337	0.9448717948717948	0.9333333333333333
14	0.3789058685302734	3.5545154350752735	0.9647435897435898	0.9256410256410257
15	0.37888818979263306	3.417102213264728	0.9644230769230769	0.9256410256410257
16	0.3788544149959789	3.3692625925248985	0.9673076923076923	0.9205128205128205
17	0.3785601059595744	3.283959126746168	0.9689102564102564	0.9333333333333333
18	0.37856037993180125	2.95811566349347	0.9705128205128205	0.9333333333333333
19	0.3785269737243652	2.030626266320445	0.978525641025641	0.9358974358974359
20	0.37832102321443106	2.716436928138137	0.9721153846153846	0.9384615384615385
21	0.3781661662188443	1.3988968985231252	0.9833333333333333	0.9512820512820512
22	0.37823072723720386	1.133527960172113	0.9881410256410257	0.9435897435897436
23	0.37811943888664246	1.113620842255804	0.9878205128205129	0.958974358974359
24	0.3779082107543945	1.4996223544644913	0.9855769230769231	0.9358974358974359
25	0.37766393331380993	1.310977368425502	0.9875	0.9461538461538461
26	0.3774742815229628	1.166994317263669	0.9878205128205129	0.9282051282051282
27	0.3772808739117214	1.648001718059258	0.9823717948717948	0.941025641025641
28	0.3771843334724163	1.1904149891675584	0.9868589743589744	0.9435897435897436
29	0.3771101872126261	0.8572429754030035	0.9910256410256411	0.9487179487179487
30	0.3770195591834284	0.5683003272017825	0.9948717948717949	0.9512820512820512
31	0.3768230229616165	0.5434296354746484	0.9939102564102564	0.9512820512820512
32	0.37657914739666565	0.4246118597363179	0.9951923076923077	0.9461538461538461
33	0.3762628401027006	0.4924481391600257	0.9955128205128205	0.9461538461538461
34	0.37573633193969724	0.6348986918182702	0.9935897435897436	0.941025641025641
35	0.37520140409469604	0.6241147637056016	0.992948717948718	0.9512820512820512
36	0.37487898001799713	0.5689470378648755	0.9942307692307693	0.9435897435897436
37	0.37458245377791555	0.5071545746046765	0.9942307692307693	0.941025641025641
38	0.3742852455530411	0.41184308534554603	0.9961538461538462	0.9487179487179487
39	0.37405837178230283	0.36550895775530523	0.996474358974359	0.9512820512820512
40	0.37404859938272617	0.3554708104941766	0.9961538461538462	0.9538461538461539
41	0.3740251007534209	0.32365979085116864	0.9967948717948718	0.9487179487179487
42	0.37402649258458337	0.3276941777047777	0.9971153846153846	0.9461538461538461
43	0.37385580756447534	0.3008216976138231	0.9967948717948718	0.9487179487179487
-1	-1	-1	-1	-1
0	0.5247406959533691	117.24804341063208	0.2657051282051282	0.5128205128205128
1	0.449052095413208	42.85194786227479	0.6512820512820513	0.6820512820512821
2	0.4231600761413574	25.427994051758123	0.7657051282051283	0.8025641025641026
3	0.4103337526321411	17.248089605448197	0.8275641025641025	0.823076923076923
4	0.4027703762054443	13.895256572840164	0.8631410256410257	0.8564102564102564
5	0.3982105255126953	11.3183626325763	0.896474358974359	0.8769230769230769
6	0.39490086691720144	9.699684719041903	0.9028846153846154	0.8666666666666667
7	0.3922388255596161	9.036170144774475	0.9105769230769231	0.8846153846153846
8	0.3899889787038167	8.20853799824812	0.9150641025641025	0.8666666666666667
9	0.3889347553253174	7.620143998642357	0.9208333333333333	0.8769230769230769
10	0.3880378983237527	8.328573535899727	0.9128205128205128	0.8666666666666667
11	0.38695993026097614	7.754832615657729	0.9163461538461538	0.9051282051282051
12	0.3861071880047138	5.278828094200212	0.9467948717948718	0.8487179487179487
13	0.3854834181921823	5.771455710639759	0.9439102564102564	0.8948717948717949
14	0.3849739233652751	5.008731047717893	0.95	0.9256410256410257
15	0.3843594789505005	3.6342160672861703	0.9657051282051282	0.9384615384615385
16	0.3837377183577594	3.4953410519781163	0.9650641025641026	0.9358974358974359
17	0.38315827316708034	3.9741231615141945	0.9592948717948718	0.9333333333333333
18	0.38258710660432516	2.100582086005989	0.9810897435897435	0.9435897435897436
19	0.38242932558059695	1.8194294752629132	0.9804487179487179	0.9512820512820512
20	0.38179034278506324	1.949615367080028	0.9810897435897435	0.9384615384615385
21	0.380869442766363	2.010604991130911	0.978525641025641	0.9333333333333333
22	0.38035633253014606	1.8424732329856073	0.9794871794871794	0.9282051282051282
23	0.3802697956562042	1.3935789896213278	0.9868589743589744	0.9487179487179487
24	0.3801004028320312	1.1053396311531565	0.9903846153846154	0.958974358974359
25	0.3799401888480553	0.8895856258934554	0.9916666666666667	0.9641025641025641
26	0.37948836220635307	0.5979011320528023	0.9942307692307693	0.9692307692307692
27	0.3789287975856236	0.8348956497181778	0.9910256410256411	0.9564102564102565
28	0.37857081972319506	1.3733119265632514	0.9907051282051282	0.9538461538461539
29	0.3782297929128011	0.5998301021041995	0.9939102564102564	0.9615384615384616
30	0.37799802134113925	0.39132910225616424	0.9958333333333333	0.9641025641025641
31	0.3777428939938545	0.4040590050554245	0.9961538461538462	0.9615384615384616
32	0.3775351481004195	0.3784508552468781	0.996474358974359	0.9641025641025641
33	0.37731417487649355	0.4831579507540018	0.9945512820512821	0.9666666666666667
34	0.3771479061671666	0.622085895046606	0.9939102564102564	0.9615384615384616
35	0.37683187590705025	0.5562185441685499	0.9945512820512821	0.9666666666666667
36	0.37653747764793605	0.393521994241271	0.9955128205128205	0.9666666666666667
37	0.376796659670378	0.42069885655002176	0.9955128205128205	0.9666666666666667
38	0.3765100210140913	0.2941048466552961	0.9971153846153846	0.9666666666666667
39	0.37645636796951293	0.28519311309340695	0.9967948717948718	0.9666666666666667
40	0.37632946851776866	0.3550232051410213	0.9958333333333333	0.9666666666666667
41	0.37613452616192045	0.32580902366465364	0.9961538461538462	0.9666666666666667
42	0.3759665101073509	0.3027752656376759	0.9974358974358974	0.9666666666666667
43	0.3758401437239213	0.2507153721282743	0.9974358974358974	0.9717948717948718
44	0.3757425255245633	0.2733810768547059	0.9974358974358974	0.9666666666666667
45	0.37557111097418744	0.2785166381033879	0.9961538461538462	0.9692307692307692
46	0.37544112509869515	0.26252835585821266	0.996474358974359	0.9717948717948718
47	0.37534376978874207	0.2713455278892664	0.9971153846153846	0.9717948717948718
48	0.3751230288525017	0.25308653102844375	0.9971153846153846	0.9692307692307692
49	0.37500926971435544	0.24538470779359103	0.9974358974358974	0.9692307692307692
50	0.37490566571553546	0.23768483356534675	0.9971153846153846	0.9717948717948718
51	0.374779815857227	0.238530368280148	0.9977564102564103	0.9692307692307692
52	0.3746854539187449	0.2380532579695775	0.9971153846153846	0.9717948717948718
53	0.374663476590757	0.23048792970305895	0.9971153846153846	0.9717948717948718
54	0.3745248837904497	0.2251246862231673	0.9971153846153846	0.9717948717948718
55	0.374418888773237	0.22742333879031487	0.9977564102564103	0.9717948717948718
56	0.3742778426722476	0.22778076867095423	0.9977564102564103	0.9717948717948718
57	0.37444931474225274	0.23706747733837003	0.9967948717948718	0.9692307692307692
58	0.37439717276621676	0.22793164534024463	0.9967948717948718	0.9717948717948718
59	0.3743418296178182	0.2303471098173165	0.9971153846153846	0.9717948717948718
60	0.3742991509984751	0.2245396312018227	0.9974358974358974	0.9717948717948718
61	0.37417394115078834	0.22979502733030632	0.9971153846153846	0.9717948717948718
62	0.37415020049564424	0.22394668132946374	0.9974358974358974	0.9717948717948718
63	0.3740946687757969	0.23284479714263343	0.9974358974358974	0.9717948717948718
-1	-1	-1	-1	-1
0	0.4487571716308594	117.66733033316476	0.26474358974358975	0.6102564102564103
1	0.4081987142562866	42.02666142522072	0.6557692307692308	0.6948717948717948
2	0.39557067553202313	23.374622053029587	0.7830128205128205	0.7743589743589744
3	0.38809365034103394	17.48274102016371	0.8262820512820512	0.8128205128205128
4	0.3843822002410889	14.307500425650149	0.8596153846153847	0.8179487179487179
5	0.3816910187403361	11.840389553989683	0.882051282051282	0.8641025641025641
6	0.37971196855817524	10.281042931031207	0.8926282051282052	0.8461538461538461
7	0.3784656822681427	10.070839560761744	0.8967948717948718	0.8256410256410256
8	0.3773787021636963	9.07008553037838	0.905448717948718	0.8923076923076924
9	0.3766238451004028	8.206769996759842	0.9150641025641025	0.8564102564102564
10	0.3763342553919012	9.049020637054833	0.9073717948717949	0.8487179487179487
11	0.37564408779144287	6.025148629838107	0.9381410256410256	0.8871794871794871
12	0.37486905318040115	5.41087331455581	0.944551282051282	0.9
13	0.37433224064963205	4.735566297964174	0.9493589743589743	0.8564102564102564
14	0.3737380345662435	4.375271182887408	0.9544871794871795	0.9051282051282051
15	0.37356600165367126	3.188304677301524	0.967948717948718	0.9051282051282051
16	0.3732733866747688	3.5117185993158087	0.9618589743589744	0.9076923076923077
17	0.3726290331946479	2.6244026296296896	0.9717948717948718	0.9102564102564102
18	0.37171149253845215	2.222290616710575	0.9759615384615384	0.9205128205128205
19	0.37087675333023074	1.7501666808158767	0.9810897435897435	0.9205128205128205
20	0.3704300948551723	1.3164610150745328	0.9849358974358975	0.9487179487179487
21	0.36978304386138916	1.8343240110659782	0.9775641025641025	0.941025641025641
22	0.3693191279535708	1.4105120837232288	0.9839743589743589	0.9282051282051282
23	0.36875898639361065	1.4947051357820023	0.9842948717948717	0.9358974358974359
24	0.36847949028015137	1.2623931341471948	0.9865384615384616	0.941025641025641
25	0.3680872642076932	0.8441711863483854	0.9910256410256411	0.9230769230769231
26	0.36771898799472386	1.2812288108053713	0.9865384615384616	0.9205128205128205
27	0.3672630105699812	1.196073668106098	0.9875	0.9461538461538461
28	0.3670021336654137	0.8012771873202708	0.9932692307692308	0.9307692307692308
29	0.3667253176371256	0.7766082298618798	0.992948717948718	0.9256410256410257
30	0.36642369147269954	0.6715950509978753	0.9926282051282052	0.9358974358974359
31	0.3660634830594063	0.9374481329542338	0.9919871794871795	0.9358974358974359
32	0.36605761990402685	0.47221665811363833	0.9951923076923077	0.9384615384615385
33	0.36574652615715475	0.46832172218852736	0.9948717948717949	0.941025641025641
34	0.36550835200718473	0.4855469685019355	0.9945512820512821	0.941025641025641
35	0.36516569058100384	0.4335483233705733	0.9958333333333333	0.9333333333333333
36	0.36505323487359126	0.37814915887310585	0.9961538461538462	0.9282051282051282
37	0.3647908976203517	0.3387822494723321	0.9971153846153846	0.9435897435897436
38	0.3646742563981276	0.3220155844262953	0.9974358974358974	0.9461538461538461
39	0.36454299092292786	0.31268025235016356	0.9961538461538462	0.9384615384615385
40	0.36480046481620976	0.277172658438628	0.9971153846153846	0.9435897435897436
-1	-1	-1	-1	-1
0	0.5056350231170654	116.81003881960498	0.2701923076923077	0.6333333333333333
1	0.437955379486084	43.41808539020772	0.6442307692307693	0.7307692307692307
2	0.4158565203348796	23.575188943317958	0.7836538461538461	0.7923076923076923
3	0.40406107902526855	19.040664050043844	0.8125	0.8384615384615385
4	0.397518253326416	14.774842588268982	0.8490384615384615	0.8051282051282052
5	0.3931537866592407	12.665090125434252	0.8717948717948718	0.8564102564102564
6	0.3903954029083252	11.38633198154216	0.8862179487179487	0.8641025641025641
7	0.38803279399871826	9.433547808199513	0.9057692307692308	0.8897435897435897
8	0.38662658797370064	8.273746638881917	0.9153846153846154	0.9358974358974359
9	0.38457868099212644	8.991346204767423	0.9131410256410256	0.8743589743589744
10	0.3830083283511075	8.578453448353981	0.9131410256410256	0.9358974358974359
11	0.3826667070388794	5.303992589517516	0.9435897435897436	0.9205128205128205
12	0.3823719941652738	5.973027971934299	0.9400641025641026	0.9205128205128205
13	0.3814753975187029	4.920862537257525	0.9493589743589743	0.9179487179487179
14	0.3803909142812093	4.255448841622898	0.9503205128205128	0.9205128205128205
15	0.379602387547493	4.203779462876977	0.9570512820512821	0.9307692307692308
16	0.37887103417340445	3.785530575227981	0.9564102564102565	0.9333333333333333
17	0.3783328135808309	3.4079029657402815	0.9673076923076923	0.9512820512820512
18	0.3775990511241712	2.953515711867688	0.9727564102564102	0.9564102564102565
19	0.37729969024658205	2.5711263480919357	0.9721153846153846	0.9666666666666667
20	0.3772672358013335	1.9371052688077965	0.982051282051282	0.9564102564102565
21	0.37715289809487085	1.9994926017766097	0.9794871794871794	0.9512820512820512
22	0.3768229691878609	2.174477428749052	0.9814102564102564	0.9512820512820512
23	0.37673303484916687	1.4653019108334366	0.985897435897436	0.9641025641025641
24	0.37660247802734376	1.315846619025177	0.9852564102564103	0.9564102564102565
25	0.37640003057626575	1.3244670455876206	0.9884615384615385	0.9538461538461539
26	0.3762455074875443	0.8628125585929244	0.9919871794871795	0.9512820512820512
27	0.3761223724910191	1.3102726395603042	0.9865384615384616	0.9641025641025641
28	0.37599339978448276	0.9601185944736745	0.9907051282051282	0.9564102564102565
29	0.3757087548573812	0.8028159475106061	0.992948717948718	0.9666666666666667
30	0.3754816516753166	0.6485453121725242	0.9923076923076923	0.958974358974359
31	0.3753463104367256	0.8194945856919322	0.9919871794871795	0.9641025641025641
32	0.37519602342085406	0.5537999635942432	0.9939102564102564	0.9666666666666667
33	0.375039864988888	0.4431919858289635	0.9955128205128205	0.958974358974359
34	0.37496611731393	0.46250057632545466	0.9958333333333333	0.9641025641025641
35	0.3747090829743279	1.060667117299721	0.9900641025641026	0.9641025641025641
36	0.374742823678094	0.6552389925868459	0.9923076923076923	0.9641025641025641
37	0.37470463075135885	0.4331856791003683	0.9958333333333333	0.958974358974359
38	0.37474582134149015	0.31213976370113694	0.9977564102564103	0.9641025641025641
39	0.37468904852867124	0.2869462109980416	0.9971153846153846	0.9666666666666667
-1	-1	-1	-1	-1
0	0.4556875228881836	114.93903218483439	0.2858974358974359	0.6
1	0.4148033857345581	41.54530168066219	0.6621794871794872	0.7153846153846154
2	0.4027113119761149	22.400120715705715	0.7923076923076923	0.7897435897435897
3	0.39589208364486694	16.405239080896184	0.8435897435897436	0.8
4	0.39168152809143064	13.406049750289139	0.8743589743589744	0.8051282051282052
5	0.38847021261850995	12.339435941102554	0.8766025641025641	0.823076923076923
6	0.3871527058737619	9.601772824112249	0.9073717948717949	0.8846153846153846
7	0.385853111743927	8.184721877380293	0.9173076923076923	0.8794871794871795
8	0.385142723719279	8.085664784497752	0.9208333333333333	0.8769230769230769
9	0.3836871385574341	7.696152036287347	0.9230769230769231	0.8717948717948718
10	0.382897593758323	7.334466630098771	0.926923076923077	0.8871794871794871
11	0.38214461008707684	6.004701569676399	0.9407051282051282	0.882051282051282
12	0.3818484819852389	5.989540256407796	0.9419871794871795	0.8769230769230769
13	0.3812293665749686	4.237269392883291	0.955448717948718	0.9205128205128205
14	0.38068413734436035	3.558022516247417	0.9637820512820513	0.9128205128205128
15	0.38032296299934387	4.1573498512105065	0.9570512820512821	0.9076923076923077
16	0.3803887227002312	3.2244052057325536	0.9641025641025641	0.9153846153846154
17	0.38036151727040607	3.501216120362206	0.9657051282051282	0.9051282051282051
18	0.3802227221037212	2.4575409929135015	0.9740384615384615	0.9435897435897436
19	0.3802995443344116	1.8732850127378289	0.9801282051282051	0.9282051282051282
20	0.3801453681219192	1.9587032785639167	0.9807692307692307	0.9333333333333333
21	0.3797802599993619	1.6089734807800578	0.9868589743589744	0.9179487179487179
22	0.3795101953589398	1.506348767431871	0.9833333333333333	0.9307692307692308
23	0.3794727921485901	1.2283805755195112	0.9884615384615385	0.941025641025641
24	0.3793986988067627	1.0543566662152963	0.9884615384615385	0.9435897435897436
25	0.3793507722707895	0.7906531074645036	0.9919871794871795	0.9384615384615385
26	0.3792416342982539	0.8076058846651292	0.9919871794871795	0.9435897435897436
27	0.37903335264750887	0.6413597514263677	0.9926282051282052	0.941025641025641
28	0.3788099617793642	0.861305512331084	0.9916666666666667	0.9461538461538461
29	0.37864086627960203	0.5739573063518928	0.9935897435897436	0.9384615384615385
30	0.3783880203000961	0.41342990869794005	0.9955128205128205	0.9435897435897436
31	0.3782320097088814	0.39019023440778255	0.9958333333333333	0.9461538461538461
32	0.37818540226329456	0.40887254506720194	0.9958333333333333	0.9487179487179487
33	0.37797562515034394	0.4951122319913821	0.996474358974359	0.9461538461538461
34	0.37791756902422224	0.43000261574254217	0.9945512820512821	0.941025641025641
35	0.3778589102956984	0.37075944613084455	0.9961538461538462	0.9487179487179487
36	0.37777185440063477	0.3907476665365405	0.9951923076923077	0.941025641025641
37	0.3777131846076564	0.30211259891060466	0.9967948717948718	0.9435897435897436
38	0.37763259961054874	0.27674498991584595	0.996474358974359	0.9461538461538461
39	0.37763699889183044	0.32883765202369636	0.9955128205128205	0.9487179487179487
40	0.377680464488704	0.28360312475290683	0.9967948717948718	0.9487179487179487
41	0.377711846714928	0.3015068405241306	0.9967948717948718	0.9461538461538461
42	0.37766809241716254	0.2849376800604288	0.996474358974359	0.9461538461538461
43	0.3776295672763478	0.276356563680361	0.9961538461538462	0.9461538461538461
44	0.3777275350358751	0.2536568415525835	0.9967948717948718	0.9435897435897436
45	0.37774349813875946	0.24994961936763316	0.9971153846153846	0.9487179487179487
46	0.3776319077674379	0.24315954919884275	0.9974358974358974	0.9461538461538461
47	0.3775921364625295	0.23863678353414539	0.9974358974358974	0.9435897435897436
48	0.37750620258097745	0.239647625435449	0.9977564102564103	0.941025641025641
49	0.37753315925598147	0.23774248916538918	0.9967948717948718	0.9461538461538461
50	0.3775288684695375	0.23584683927349812	0.9971153846153846	0.9487179487179487
51	0.37743701384617734	0.2327823804020858	0.9971153846153846	0.9461538461538461
52	0.37731632196678305	0.2275174097315413	0.9977564102564103	0.9487179487179487
-1	-1	-1	-1	-1
0	0.5047359466552734	117.6553070691167	0.27564102564102566	0.6128205128205129
1	0.4408109188079834	42.0765784030058	0.6557692307692308	0.7282051282051282
2	0.4186515013376872	22.990982041067006	0.7919871794871794	0.8025641025641026
3	0.4077497720718384	17.120901161310623	0.8365384615384616	0.8153846153846154
4	0.4014115333557129	12.707359050001417	0.8730769230769231	0.8333333333333334
5	0.3970685402552287	11.943003513375107	0.8852564102564102	0.8205128205128205
6	0.3948218822479248	10.315894185280314	0.9003205128205128	0.8487179487179487
7	0.39256635308265686	8.05152126234405	0.9217948717948717	0.8641025641025641
8	0.39055302408006454	7.620815781914458	0.9237179487179488	0.8871794871794871
9	0.3891559362411499	7.8904468891571975	0.9182692307692307	0.8846153846153846
10	0.3879060528495095	6.905819423344671	0.9333333333333333	0.8717948717948718
11	0.3866269787152608	6.046107985535446	0.9352564102564103	0.9025641025641026
12	0.3858017738048847	6.26269752547449	0.9397435897435897	0.8743589743589744
13	0.3851085049765451	5.4695362546006026	0.9471153846153846	0.9076923076923077
14	0.3844637711842855	3.8125538603991878	0.9599358974358975	0.9025641025641026
15	0.3835865408182144	3.4277047035189305	0.9657051282051282	0.9230769230769231
16	0.3829504461849437	3.4221856887167204	0.9644230769230769	0.9102564102564102
17	0.3822641240225898	3.5901030783294416	0.9631410256410257	0.8897435897435897
18	0.38181573466250773	2.1374562802363415	0.9794871794871794	0.9256410256410257
19	0.3813280463218689	2.4082800486334124	0.9753205128205128	0.9128205128205128
20	0.38093580518450054	2.241800139106962	0.9772435897435897	0.9051282051282051
21	0.38079949942502106	1.7537581988667348	0.9810897435897435	0.9307692307692308
22	0.38043579847916315	1.8319911253828631	0.9794871794871794	0.9179487179487179
23	0.3803849220275879	1.0697168186592052	0.989423076923077	0.9307692307692308
24	0.3800199794769287	1.0659331522967515	0.9881410256410257	0.9358974358974359
25	0.37960586181053746	0.9860036089750273	0.9897435897435898	0.9358974358974359
26	0.3797138973518654	0.8248821100747517	0.9919871794871795	0.9307692307692308
27	0.37954522030694143	1.4220232504434238	0.9830128205128205	0.9076923076923077
28	0.3792689011014741	1.8337566382156647	0.9814102564102564	0.9179487179487179
29	0.378934383392334	1.431436902919442	0.9868589743589744	0.9358974358974359
30	0.37876358339863436	0.7727537049759864	0.9923076923076923	0.9333333333333333
31	0.37853972613811493	0.6908906427145537	0.9932692307692308	0.9307692307692308
32	0.37832918311610364	0.5088298386438008	0.9935897435897436	0.9384615384615385
33	0.37813785496880026	0.6143424905187983	0.9935897435897436	0.9230769230769231
34	0.37806175776890344	1.1266019171797574	0.9875	0.9256410256410257
35	0.37809307707680595	0.8850443988411251	0.9897435897435898	0.9358974358974359
36	0.3779471242750013	0.5184777380330773	0.9939102564102564	0.9358974358974359
37	0.3779121574602629	0.4952717292804404	0.9948717948717949	0.9384615384615385
38	0.377898558592185	0.4151688533032085	0.9951923076923077	0.9435897435897436
39	0.3778399169445038	0.47605607112422965	0.9948717948717949	0.9307692307692308
40	0.3777255663057653	0.36558940593207884	0.9958333333333333	0.9384615384615385
41	0.37767062300727483	0.3211691832794732	0.9974358974358974	0.941025641025641
42	0.3774844380312188	0.3232939062736292	0.9967948717948718	0.9435897435897436
43	0.3772832697088068	0.3109522378713615	0.9971153846153846	0.941025641025641
44	0.37709956169128417	0.30777619466600153	0.9971153846153846	0.941025641025641
45	0.3770223026690276	0.31038873901647723	0.9961538461538462	0.941025641025641
46	0.3769873000205831	0.30705712717240297	0.996474358974359	0.9384615384615385
47	0.3769029875596364	0.2976730230061827	0.9967948717948718	0.941025641025641
48	0.37690126166051746	0.29908012283377333	0.9971153846153846	0.9384615384615385
49	0.3768441677093506	0.2965358195812156	0.9967948717948718	0.9384615384615385
50	0.3767697343639299	0.2828672943088554	0.9967948717948718	0.9384615384615385
51	0.3766061296829811	0.29063411070493034	0.9967948717948718	0.9384615384615385
52	0.3763254858412833	0.2782358370037697	0.9967948717948718	0.9384615384615385
53	0.37610814306471085	0.2709621337550687	0.9974358974358974	0.9384615384615385
54	0.3759803295135498	0.27171128489031354	0.9971153846153846	0.9384615384615385
55	0.3759832978248596	0.27470640439928595	0.9971153846153846	0.9384615384615385
56	0.3758937350490637	0.2755567983784166	0.9974358974358974	0.9384615384615385
57	0.37588602509991875	0.2758640986530179	0.9967948717948718	0.9384615384615385
58	0.37578364550057103	0.2674605384818278	0.9967948717948718	0.9384615384615385
-1	-1	-1	-1	-1
0	0.45487475395202637	118.00956807817731	0.29935897435897435	0.5743589743589743
1	0.4152005910873413	41.402239663260325	0.6714743589743589	0.7128205128205128
2	0.3986361026763916	22.912438665117538	0.7932692307692307	0.8564102564102564
3	0.39447665214538574	16.935197914133266	0.8400641025641026	0.841025641025641
4	0.3868150234222412	13.660354687243093	0.8657051282051282	0.7923076923076923
5	0.38427937030792236	11.17752171292597	0.8932692307692308	0.8717948717948718
6	0.38261076382228304	10.060530768365275	0.8990384615384616	0.882051282051282
7	0.3815867602825165	10.019240224239777	0.8961538461538462	0.882051282051282
8	0.3804314401414659	8.46723796031913	0.9189102564102564	0.8897435897435897
9	0.379485034942627	7.567013256403865	0.9227564102564103	0.9
10	0.3790965297005393	6.9393762836650925	0.9323717948717949	0.9102564102564102
11	0.378475546836853	6.127976605782703	0.9375	0.8871794871794871
12	0.37831950187683105	5.642537981271744	0.9419871794871795	0.9025641025641026
13	0.3778791768210275	3.9877646830769216	0.9625	0.8897435897435897
14	0.3764976501464844	3.5569042209155706	0.9637820512820513	0.9333333333333333
15	0.37593406438827515	3.848380040529431	0.9637820512820513	0.9205128205128205
16	0.37497471360599294	3.1793845764228275	0.9676282051282051	0.9282051282051282
17	0.3738478422164917	3.3427066093652833	0.9628205128205128	0.9282051282051282
18	0.37300264207940353	2.81632101414155	0.9698717948717949	0.9
19	0.372494101524353	2.013175221122041	0.9782051282051282	0.9461538461538461
20	0.3720430873689197	1.327173661345578	0.9842948717948717	0.9564102564102565
21	0.3716385906392878	1.9689751269333824	0.9791666666666666	0.9307692307692308
22	0.3710583603900412	1.9796713964671504	0.9810897435897435	0.9384615384615385
23	0.370592733224233	1.4548532690244669	0.9871794871794872	0.9487179487179487
24	0.3703087520599365	0.8058732055075353	0.9919871794871795	0.9615384615384616
25	0.370173821082482	0.7363803996752035	0.9923076923076923	0.9435897435897436
26	0.3698747687869602	1.3802262277019268	0.9865384615384616	0.9538461538461539
27	0.3695212091718401	0.6981452562352072	0.992948717948718	0.9615384615384616
28	0.3692243345852556	0.5745165139099355	0.9932692307692308	0.9512820512820512
29	0.36910285154978434	0.5111522680595137	0.9945512820512821	0.9538461538461539
30	0.3690280529760545	0.46865531839002683	0.9951923076923077	0.9538461538461539
31	0.36888493597507477	0.4990074488539866	0.9951923076923077	0.9615384615384616
32	0.3686398448366107	0.38886910838512134	0.9961538461538462	0.9564102564102565
33	0.3686189230750589	0.3415796818396989	0.9967948717948718	0.9615384615384616
34	0.36837939534868513	0.32123308611810397	0.9971153846153846	0.9666666666666667
35	0.36816636059019303	0.2807912706903524	0.9980769230769231	0.9641025641025641
36	0.3679997341052906	0.2794465269184819	0.9977564102564103	0.9666666666666667
37	0.3679474341241937	0.2835681765976989	0.9974358974358974	0.9692307692307692
38	0.36783582736284304	0.27010395945814836	0.9980769230769231	0.9666666666666667
39	0.3676597237586975	0.2770376754645496	0.9974358974358974	0.9641025641025641
40	0.3674803710565334	0.2631428684357421	0.9974358974358974	0.9666666666666667
41	0.36736446902865455	0.28893993313813926	0.9971153846153846	0.9615384615384616
42	0.367239702579587	0.2890030521316197	0.9974358974358974	0.9666666666666667
43	0.3670647252689708	0.25599942098660344	0.9974358974358974	0.9666666666666667
44	0.3669752703772651	0.29483830944542316	0.9974358974358974	0.9641025641025641
45	0.36678746472234314	0.25527304039949705	0.9974358974358974	0.9615384615384616
46	0.36661323080671593	0.30113879522580145	0.9971153846153846	0.9615384615384616
47	0.36654144525527954	0.31387940278616544	0.9967948717948718	0.9641025641025641
48	0.36640008128419216	0.430174003972919	0.9955128205128205	0.9564102564102565
49	0.3662805700302124	0.28957722329520336	0.9980769230769231	0.9641025641025641
50	0.36611396191166895	0.24359560336731137	0.9977564102564103	0.9615384615384616
51	0.36600878605475795	0.23038410573659646	0.9980769230769231	0.9641025641025641
52	0.36596612660390027	0.234859568556463	0.9974358974358974	0.9641025641025641
53	0.36587697046774403	0.23249969541538287	0.9977564102564103	0.9641025641025641
54	0.36572748530994764	0.22383271783251169	0.9980769230769231	0.9641025641025641
55	0.36566046306065153	0.22404910971313163	0.9980769230769231	0.9641025641025641
56	0.36556207924558404	0.22137794362127777	0.9980769230769231	0.9641025641025641
57	0.3654222529509972	0.2328959613303744	0.9980769230769231	0.9641025641025641
-1	-1	-1	-1	-1
0	0.45366549491882324	114.19403056709133	0.3016025641025641	0.5769230769230769
1	0.4094480276107788	38.89390677821879	0.6852564102564103	0.764102564102564
2	0.39710203806559247	22.90986799707218	0.7855769230769231	0.782051282051282
3	0.3896012306213379	16.70295356244457	0.8435897435897436	0.7923076923076923
4	0.3862453460693359	12.281461496742404	0.8778846153846154	0.8461538461538461
5	0.3837410608927409	10.624038293653605	0.8955128205128206	0.8435897435897436
6	0.381443909236363	10.00074875476409	0.9009615384615385	0.8384615384615385
7	0.38034120202064514	9.703354365971624	0.9064102564102564	0.8871794871794871
8	0.3807895978291829	9.133413110460554	0.9176282051282051	0.8564102564102564
9	0.3810412406921387	7.882161861171528	0.9201923076923076	0.8974358974358975
10	0.3810874332081188	6.980187508524681	0.9317307692307693	0.8769230769230769
11	0.3802257974942525	5.954312468669852	0.9413461538461538	0.8871794871794871
12	0.3801250457763672	6.307546529842883	0.9381410256410256	0.8948717948717949
13	0.3800870861325945	4.412436930956889	0.9548076923076924	0.9025641025641026
14	0.3802138328552246	3.4200380330487175	0.9641025641025641	0.9282051282051282
15	0.3798771798610687	2.858237335895549	0.971474358974359	0.9333333333333333
16	0.3796345486360438	2.182287636155985	0.9772435897435897	0.9153846153846154
17	0.37949775324927437	2.0494453399917303	0.9788461538461538	0.941025641025641
18	0.3795436808937474	1.4799275465537698	0.9842948717948717	0.9435897435897436
19	0.37959928512573243	2.1293582423229	0.9772435897435897	0.9230769230769231
20	0.3795114244733538	2.003845352194823	0.9807692307692307	0.9435897435897436
21	0.3794959783554077	1.001176099506758	0.989423076923077	0.9435897435897436
22	0.3793395187543786	1.0216348387956695	0.9878205128205129	0.9230769230769231
23	0.3793287177880605	1.1999241487807308	0.9865384615384616	0.9282051282051282
24	0.3791841125488281	1.991772142010836	0.9775641025641025	0.9230769230769231
25	0.37884992819565994	1.3615231217854484	0.9849358974358975	0.9307692307692308
26	0.37844440672132706	1.8627683871321152	0.9846153846153847	0.9128205128205128
27	0.3779775159699576	1.4017692368515595	0.9881410256410257	0.9333333333333333
28	0.37768615525344323	0.6769157485960393	0.9939102564102564	0.9487179487179487
29	0.37750170230865476	0.4648032263919179	0.9948717948717949	0.9435897435897436
30	0.37741248069270966	0.4725667213883289	0.9935897435897436	0.9487179487179487
31	0.37720394134521484	0.7650682504219953	0.9907051282051282	0.9487179487179487
32	0.37700449336658826	0.6742578060580038	0.9948717948717949	0.941025641025641
33	0.3767731259850895	0.47735130124041164	0.9951923076923077	0.9384615384615385
34	0.3766162531716483	0.3539176625051127	0.9971153846153846	0.9435897435897436
35	0.3759942054748535	0.35376829337043575	0.9958333333333333	0.9461538461538461
36	0.37571312930132894	0.4209350252806741	0.9958333333333333	0.941025641025641
37	0.37541777836649043	0.4744724777897782	0.9942307692307693	0.9461538461538461
38	0.37526645415868515	0.43231759835076183	0.9955128205128205	0.9461538461538461
39	0.3752370774745941	0.4002097868027964	0.996474358974359	0.9487179487179487
40	0.37524191926165323	0.4151625387775664	0.9951923076923077	0.9538461538461539
41	0.3752748171488444	0.2812298371513583	0.9974358974358974	0.9512820512820512
42	0.37534019004466923	0.2612563132983157	0.9971153846153846	0.9512820512820512
43	0.3753660971468145	0.2432698821384645	0.9974358974358974	0.9538461538461539
44	0.3753690348731147	0.24581377336646107	0.9971153846153846	0.9538461538461539
45	0.37543299405471137	0.24278930040897223	0.9974358974358974	0.9512820512820512
46	0.37550762359132156	0.23088895430347683	0.9974358974358974	0.9487179487179487
47	0.37538260718186695	0.2281278929986744	0.9971153846153846	0.958974358974359
48	0.3753487479930021	0.22859068319785922	0.9974358974358974	0.9512820512820512
49	0.375367751121521	0.21991070906607296	0.9977564102564103	0.9564102564102565
50	0.3753937880198161	0.26744429475083775	0.9974358974358974	0.9487179487179487
51	0.3754294010309073	0.22626450866026024	0.9974358974358974	0.9512820512820512
52	0.37535971065737167	0.2352523805029519	0.9977564102564103	0.9512820512820512
53	0.37544977223431625	0.21903792699669458	0.9977564102564103	0.9512820512820512
54	0.3754736466841264	0.21216652882986284	0.9974358974358974	0.9512820512820512
55	0.37550187536648344	0.21003726539997936	0.9974358974358974	0.9512820512820512
56	0.37549901426884164	0.2029867020853776	0.9980769230769231	0.9538461538461539
57	0.3753672509357847	0.24289449636170485	0.9974358974358974	0.9564102564102565
58	0.375416561708612	0.21473801572782186	0.9974358974358974	0.9512820512820512
59	0.37540807723999026	0.23068660716048076	0.9971153846153846	0.9564102564102565
60	0.37538610130059913	0.22832370070415092	0.9977564102564103	0.9512820512820512
61	0.3753532786523142	0.2341038348466248	0.9967948717948718	0.9538461538461539
62	0.3752934213668581	0.22496298668400933	0.9974358974358974	0.9564102564102565
63	0.37516771629452705	0.21685769138691416	0.9977564102564103	0.9512820512820512
64	0.3751432052025428	0.24034260000531057	0.9967948717948718	0.9512820512820512
65	0.3750696254499031	0.2202965709537016	0.9974358974358974	0.9512820512820512
66	0.3749976941009066	0.21285250811031023	0.9977564102564103	0.9512820512820512
67	0.3749520533225116	0.23743413791505322	0.9971153846153846	0.9564102564102565
-1	-1	-1	-1	-1
0	0.5185072422027588	119.67020295590771	0.26794871794871794	0.5615384615384615
1	0.4434748888015747	41.311288064839886	0.653525641025641	0.782051282051282
2	0.41865960756937665	22.48243068189037	0.7974358974358975	0.7769230769230769
3	0.40637755393981934	16.677594963385133	0.8426282051282051	0.7948717948717948
4	0.39909982681274414	12.767521507885991	0.8759615384615385	0.8076923076923077
5	0.39391009012858075	11.502620197072321	0.8858974358974359	0.882051282051282
6	0.3900949614388602	10.320077770826767	0.903525641025641	0.8538461538461538
7	0.38720497488975525	9.164525167370329	0.9115384615384615	0.8871794871794871
8	0.3856062624189589	8.776256899444425	0.9125	0.8564102564102564
9	0.3840312957763672	7.215529152325222	0.9246794871794872	0.8205128205128205
10	0.38280211795460095	7.768900887090332	0.923397435897436	0.8974358974358975
11	0.38196829954783124	6.639957778307856	0.9336538461538462	0.8871794871794871
12	0.38148993712205154	5.249983600359791	0.9458333333333333	0.9282051282051282
13	0.3806214673178537	4.205813590969358	0.9544871794871795	0.9153846153846154
14	0.3798224925994873	3.9925683650891393	0.9592948717948718	0.9102564102564102
15	0.3794042766094208	4.485327712431246	0.9580128205128206	0.8974358974358975
16	0.3789933990029728	3.132334434294275	0.9666666666666667	0.9102564102564102
17	0.3790428108639187	3.033890511004292	0.9657051282051282	0.9333333333333333
18	0.37888166778966	2.5198419177049427	0.9724358974358974	0.9128205128205128
19	0.3788167715072632	2.268833319575773	0.9801282051282051	0.9384615384615385
20	0.3788300014677502	1.8508121450526678	0.9814102564102564	0.9358974358974359
21	0.3783931948921897	1.779539559644704	0.9830128205128205	0.9230769230769231
22	0.37793411379275116	1.519947351165572	0.9836538461538461	0.9282051282051282
23	0.37780990203221637	1.3633395434566298	0.9852564102564103	0.9461538461538461
24	0.37745285987854005	1.975482173834224	0.982051282051282	0.941025641025641
25	0.3771698841681847	0.9532904295222263	0.9913461538461539	0.9512820512820512
26	0.3769237200419108	0.6830179854818829	0.9935897435897436	0.9435897435897436
27	0.376729999269758	1.0795425792766393	0.9900641025641026	0.941025641025641
28	0.376699842255691	1.2383365720101842	0.9871794871794872	0.9384615384615385
29	0.3765085776646932	1.4351722210008955	0.985897435897436	0.9435897435897436
30	0.3761409405739077	1.0555793727957168	0.9913461538461539	0.9538461538461539
31	0.37584681063890457	0.5041364025168966	0.9955128205128205	0.958974358974359
32	0.37577509157585376	0.7433978184601482	0.9945512820512821	0.9512820512820512
33	0.375562962363748	0.5150876786721376	0.9948717948717949	0.9461538461538461
34	0.3752428531646729	0.5095531936076811	0.9942307692307693	0.9538461538461539
35	0.37501780854331124	0.37308272635754275	0.9967948717948718	0.9564102564102565
36	0.3749111923011574	0.37519516947094766	0.9967948717948718	0.9461538461538461
37	0.3747397912176032	0.4633054871724477	0.9951923076923077	0.9487179487179487
38	0.37461236195686537	0.5777392401425311	0.9948717948717949	0.9487179487179487
39	0.3745273888111115	0.5104338439720165	0.9951923076923077	0.9512820512820512
40	0.3744880629748833	0.3364301371689273	0.9974358974358974	0.9564102564102565
41	0.37452541078839985	0.4009388789245906	0.996474358974359	0.9538461538461539
42	0.37455685194148575	0.7081290422128015	0.9945512820512821	0.9487179487179487
43	0.37457657944072376	0.7591884882350889	0.992948717948718	0.9487179487179487
44	0.3747114923265245	0.35066407889410456	0.9967948717948718	0.9487179487179487
45	0.3747459909190302	0.3048428417609919	0.9977564102564103	0.9538461538461539
46	0.3748458395613001	0.27422703460585895	0.9977564102564103	0.9538461538461539
47	0.3749712159236272	0.26955579991906176	0.9977564102564103	0.9564102564102565
48	0.3750246592930385	0.26832725738124136	0.9980769230769231	0.9564102564102565
49	0.37506606578826907	0.31557313313681573	0.9974358974358974	0.958974358974359
50	0.37512963425879386	0.27901172645304506	0.9977564102564103	0.9564102564102565
51	0.3751458984154921	0.2640368024713469	0.9980769230769231	0.9564102564102565
-1	-1	-1	-1	-1
0	0.4580421447753906	118.39902737675881	0.2705128205128205	0.6307692307692307
1	0.4153827428817749	42.3870933299162	0.6519230769230769	0.764102564102564
2	0.4021720886230469	22.439689441603058	0.7942307692307692	0.7589743589743589
3	0.3953161835670471	17.072082417351858	0.8346153846153846	0.8025641025641026
4	0.39118337631225586	13.282238125192876	0.8669871794871795	0.8512820512820513
5	0.3878620465596517	11.714913966704389	0.8839743589743589	0.8769230769230769
6	0.3864304678780692	9.250000389254822	0.9060897435897436	0.8948717948717949
7	0.38506001234054565	9.370800954954964	0.9048076923076923	0.8974358974358975
8	0.3841642538706462	10.145981772821777	0.9064102564102564	0.8871794871794871
9	0.3834373474121094	7.849012945379529	0.919551282051282	0.882051282051282
10	0.3826278773221103	6.7969646386954246	0.9294871794871795	0.9128205128205128
11	0.38204965988794964	6.230414056048101	0.9358974358974359	0.9256410256410257
12	0.3819120663862962	4.968131709159637	0.9464743589743589	0.9333333333333333
13	0.3816402128764561	4.388565777972037	0.9570512820512821	0.9282051282051282
14	0.3813544750213623	4.113957085171524	0.9564102564102565	0.9384615384615385
15	0.38111867010593414	3.1589658814577426	0.9657051282051282	0.941025641025641
16	0.3806348407969755	2.738655927762085	0.9708333333333333	0.9384615384615385
17	0.38062847985161674	3.008784209359057	0.969551282051282	0.9538461538461539
18	0.38038833517777293	2.336626203388584	0.9772435897435897	0.9282051282051282
19	0.3803190469741821	2.912005837170445	0.9705128205128205	0.9461538461538461
20	0.3800806090945289	2.2893164479078685	0.9791666666666666	0.9358974358974359
21	0.3798328096216375	2.244581938930312	0.9769230769230769	0.9435897435897436
22	0.37969342521999194	1.9199434719143473	0.9801282051282051	0.9538461538461539
23	0.3797331949075063	1.6922597908034769	0.982051282051282	0.958974358974359
24	0.37971776008605956	0.8945197071547487	0.9903846153846154	0.9512820512820512
25	0.37973060057713437	1.570343598704405	0.9842948717948717	0.9487179487179487
26	0.37956444422403973	1.3965901157566898	0.9849358974358975	0.941025641025641
27	0.37949607201984953	0.9121427039368725	0.9919871794871795	0.9487179487179487
28	0.37957625553525726	0.7184736058353541	0.9910256410256411	0.9641025641025641
29	0.37948604424794513	0.5758693386154363	0.9932692307692308	0.9461538461538461
30	0.37942028814746487	0.7143647968840349	0.9948717948717949	0.958974358974359
31	0.37931831926107407	0.7821191511240465	0.9923076923076923	0.9538461538461539
32	0.379170222715898	0.7435753106386686	0.9916666666666667	0.958974358974359
33	0.3790738512487972	0.4020556962635482	0.9967948717948718	0.9615384615384616
34	0.3790825435093471	0.4709400116437476	0.9945512820512821	0.958974358974359
35	0.3790289627181159	0.40777256463212436	0.9971153846153846	0.9641025641025641
36	0.37888100984934214	0.37708492855195724	0.9967948717948718	0.958974358974359
37	0.37878705325879547	0.5482171504088317	0.9951923076923077	0.9564102564102565
38	0.37892203453259593	0.5079770750682135	0.9945512820512821	0.9615384615384616
39	0.3789946913719177	0.482093440067042	0.9951923076923077	0.9717948717948718
40	0.37887651164357256	0.3598625792923374	0.9967948717948718	0.9512820512820512
41	0.3786817789077759	0.33568878318848355	0.9971153846153846	0.9743589743589743
42	0.378558779871741	0.33935856107890855	0.996474358974359	0.9692307692307692
43	0.3784292069348422	0.25574857109625426	0.9977564102564103	0.9641025641025641
44	0.3784082942538791	0.38043055477152976	0.9961538461538462	0.9666666666666667
45	0.3782350498697032	0.27479323578169285	0.9980769230769231	0.9692307692307692
46	0.37809594134066965	0.25151157376566685	0.9977564102564103	0.9692307692307692
47	0.3780921200911204	0.24411513580915717	0.9980769230769231	0.9692307692307692
48	0.37799013877401544	0.23265188324208164	0.9974358974358974	0.9717948717948718
49	0.3779967021942139	0.2409711552082088	0.9977564102564103	0.9717948717948718
50	0.37787660897946823	0.2346712979725657	0.9980769230769231	0.9692307692307692
51	0.3777216076850891	0.23742584777462572	0.9974358974358974	0.9692307692307692
52	0.3775811195373535	0.23209356637588435	0.9977564102564103	0.9717948717948718
53	0.3774616276776349	0.233314303847562	0.9977564102564103	0.9717948717948718
54	0.37751186977733264	0.24345171477168095	0.9974358974358974	0.9692307692307692
55	0.37742366961070467	0.2317196728171049	0.9980769230769231	0.9692307692307692
56	0.3774472286826686	0.2182440660992551	0.9980769230769231	0.9692307692307692
57	0.377461104557432	0.2263507801972268	0.9980769230769231	0.9717948717948718
58	0.3775457244808391	0.22829342765410784	0.9977564102564103	0.9692307692307692
59	0.3775750398635864	0.2242765381913846	0.9980769230769231	0.9692307692307692
60	0.37751873594815616	0.224243399926921	0.9977564102564103	0.9717948717948718
61	0.37745750719501125	0.2243418087415119	0.9980769230769231	0.9692307692307692
-1	-1	-1	-1	-1
0	0.5226752758026123	113.32132872756647	0.31634615384615383	0.6025641025641025
1	0.4465893507003784	38.46970383001833	0.6881410256410256	0.7410256410256411
2	0.4230176607767741	23.060541892538264	0.7858974358974359	0.7846153846153846
3	0.40954703092575073	16.701132360769776	0.8394230769230769	0.7923076923076923
4	0.4020847320556641	13.132724533275683	0.8730769230769231	0.8307692307692308
5	0.3962077299753825	11.963245182621236	0.8862179487179487	0.8179487179487179
6	0.39236886160714285	10.117515155247279	0.9041666666666667	0.8743589743589744
7	0.3905147612094879	8.886172816461446	0.908974358974359	0.8666666666666667
8	0.3886546823713515	7.877025507846657	0.919551282051282	0.841025641025641
9	0.387224817276001	7.4911035603406475	0.9262820512820513	0.8743589743589744
10	0.38609996708956634	7.370739605962013	0.926923076923077	0.8512820512820513
11	0.3849572539329529	6.901858118115639	0.9275641025641026	0.9128205128205128
12	0.3843592130220853	5.335524238493978	0.9461538461538461	0.8974358974358975
13	0.3836729867117746	4.7857111065971605	0.9487179487179487	0.9076923076923077
14	0.3828242778778076	4.330403083061078	0.9576923076923077	0.8871794871794871
15	0.3822908252477646	4.231619323090631	0.9570512820512821	0.9102564102564102
16	0.3815631726208855	3.822648703291708	0.9621794871794872	0.9
17	0.38088512420654297	3.5350142958364925	0.9631410256410257	0.9179487179487179
18	0.3808475419094688	2.534833318772441	0.9727564102564102	0.9384615384615385
19	0.3802498936653137	1.940788330776351	0.9801282051282051	0.9153846153846154
20	0.3798601513817197	2.334594910090067	0.9746794871794872	0.9333333333333333
21	0.37905040654269134	1.4719576940358596	0.9826923076923076	0.9256410256410257
22	0.37864734815514606	2.0790760507046873	0.9769230769230769	0.9230769230769231
23	0.3784709374109904	1.1992183262387253	0.9871794871794872	0.9307692307692308
24	0.37822970390319827	0.90354610000718	0.989423076923077	0.9205128205128205
25	0.37798450543330264	1.1247901156620712	0.9907051282051282	0.9307692307692308
26	0.37759872719093607	1.7423498170659402	0.9817307692307692	0.9179487179487179
27	0.37750195605414255	1.1916627348115554	0.9868589743589744	0.9333333333333333
28	0.3772873056345972	0.8307036767400117	0.989423076923077	0.9256410256410257
29	0.3771987279256185	0.5509186752012227	0.9945512820512821	0.9358974358974359
30	0.37699669407260034	0.8838637890294194	0.992948717948718	0.9230769230769231
31	0.3768062889575958	0.6813483447316387	0.9923076923076923	0.9256410256410257
32	0.37659682649554627	0.84031096562192	0.9923076923076923	0.9333333333333333
33	0.37660227803622975	0.4522895643627746	0.996474358974359	0.941025641025641
34	0.37638745989118305	0.513467413380419	0.9951923076923077	0.9358974358974359
35	0.3763401442103916	0.4128000199977708	0.9958333333333333	0.9461538461538461
36	0.3761865899369523	0.4546494290199397	0.9951923076923077	0.9358974358974359
37	0.3760408915971455	0.4765088857820956	0.9948717948717949	0.9435897435897436
38	0.3759787449469933	0.4798372151562944	0.9958333333333333	0.9384615384615385
39	0.3759651184082031	0.3498414596213071	0.996474358974359	0.9384615384615385
40	0.37602744451383263	0.33473646215980457	0.9967948717948718	0.9384615384615385
41	0.3760186887922741	0.31554711004243974	0.9971153846153846	0.941025641025641
42	0.37606057455373365	0.3716486154898659	0.9958333333333333	0.9333333333333333
43	0.37619921835986053	0.36211049507285364	0.9961538461538462	0.9384615384615385
44	0.3763175805409749	0.3542131552762561	0.9967948717948718	0.9384615384615385
45	0.37642549431842304	0.3192345616775945	0.9967948717948718	0.9384615384615385
46	0.3763777195139134	0.3176839494179668	0.996474358974359	0.9384615384615385
47	0.37624742090702057	0.29571584818471336	0.9971153846153846	0.9384615384615385
48	0.3761778948258381	0.3042970058503466	0.9971153846153846	0.9358974358974359
49	0.3761303901672363	0.280847184015236	0.9974358974358974	0.9358974358974359
50	0.376129617878035	0.3014556599260612	0.9967948717948718	0.9358974358974359
51	0.376143217086792	0.26807496635295563	0.9971153846153846	0.941025641025641
52	0.3760175839909967	0.30423598488161996	0.9967948717948718	0.9358974358974359
53	0.37594579767297814	0.3462520161523645	0.9967948717948718	0.9384615384615385
54	0.37588493607260964	0.33331637639235034	0.9967948717948718	0.9384615384615385
55	0.37583295362336294	0.29463948487534014	0.9971153846153846	0.9358974358974359
-1	-1	-1	-1	-1
0	0.46358585357666016	118.92077831346161	0.2653846153846154	0.6
1	0.41197240352630615	42.2565485701269	0.6525641025641026	0.7102564102564103
2	0.39687331517537433	24.524683679853165	0.7814102564102564	0.8025641025641026
3	0.3911164402961731	19.21358981911017	0.8269230769230769	0.7897435897435897
4	0.3885806083679199	14.566539949300338	0.8573717948717948	0.8538461538461538
5	0.3861855665842692	13.157806381887319	0.8769230769230769	0.8743589743589744
6	0.38563421794346403	11.614534321488167	0.8823717948717948	0.8743589743589744
7	0.38431036472320557	10.219962076264984	0.9012820512820513	0.8846153846153846
8	0.38391364945305717	9.594060313944913	0.9022435897435898	0.8794871794871795
9	0.38357522487640383	7.394310047431868	0.919551282051282	0.8641025641025641
10	0.3831667900085449	8.335099441664559	0.9173076923076923	0.8948717948717949
11	0.3829326828320821	6.963722989875443	0.9262820512820513	0.9051282051282051
12	0.38243699073791504	5.997303938379093	0.9381410256410256	0.9128205128205128
13	0.38216686248779297	4.899129581998806	0.9477564102564102	0.9153846153846154
14	0.38151456514994303	4.287547912068513	0.9541666666666667	0.9076923076923077
15	0.38094888627529144	3.3681318787287693	0.9644230769230769	0.9333333333333333
16	0.38043441491968494	3.8742488136096878	0.9618589743589744	0.9282051282051282
17	0.3801379468705919	3.045338165243061	0.9717948717948718	0.9333333333333333
18	0.37986478052641215	2.275941061350156	0.9746794871794872	0.9358974358974359
19	0.3796065092086792	2.273926431959381	0.9778846153846154	0.9333333333333333
20	0.37960041136968703	2.2852224011772444	0.9759615384615384	0.9333333333333333
21	0.3793234174901789	2.129118382037446	0.9778846153846154	0.9487179487179487
22	0.379200323768284	1.7383776582796506	0.9830128205128205	0.941025641025641
23	0.3790832459926605	1.8784378757510258	0.9766025641025641	0.941025641025641
24	0.37896032333374025	1.8744104756707591	0.9814102564102564	0.9487179487179487
25	0.37869601066295916	1.1765203769223727	0.9871794871794872	0.941025641025641
26	0.3785057685993336	1.0144474239573262	0.9897435897435898	0.9512820512820512
27	0.3783052733966282	0.772487272004768	0.9910256410256411	0.9461538461538461
28	0.37816744837267646	0.7851985786537811	0.9907051282051282	0.9564102564102565
29	0.37798755963643393	0.8450350603088737	0.9916666666666667	0.9461538461538461
30	0.37744715136866414	0.5964609210008793	0.9932692307692308	0.9538461538461539
31	0.3770340457558632	0.5816269748991507	0.9942307692307693	0.9384615384615385
32	0.3766605998530532	0.6286078505948595	0.9935897435897436	0.9512820512820512
33	0.3762194829828599	0.4898547827603523	0.9948717948717949	0.941025641025641
34	0.3757756846291678	0.6041893275028181	0.9942307692307693	0.958974358974359
35	0.37572307056850857	0.4246592255551558	0.9961538461538462	0.9512820512820512
36	0.37555420076524887	0.602344187149987	0.9942307692307693	0.9487179487179487
37	0.3751952710904573	0.3556870566443445	0.9971153846153846	0.9564102564102565
38	0.3748318232022799	0.40503866049462256	0.9971153846153846	0.9564102564102565
39	0.3745943546295166	0.294362126403234	0.9977564102564103	0.958974358974359
40	0.37433660321119355	0.30907479799245674	0.9971153846153846	0.9564102564102565
41	0.37417276700337726	0.2946533472960273	0.9977564102564103	0.9564102564102565
42	0.3738898399264313	0.33645177512784247	0.9958333333333333	0.9564102564102565
43	0.373726335438815	0.34086954603221137	0.9971153846153846	0.9564102564102565
44	0.37350219090779624	0.2770138932914682	0.9971153846153846	0.9564102564102565
45	0.3733594780382903	0.26313216509345005	0.9974358974358974	0.9564102564102565
46	0.37340563408871913	0.2612863713186424	0.9980769230769231	0.9564102564102565
47	0.3734183261791865	0.2916648532740584	0.9967948717948718	0.9538461538461539
48	0.37336087713436206	0.26773258189407023	0.9977564102564103	0.9564102564102565
49	0.37339598178863526	0.2765807716255504	0.9971153846153846	0.9564102564102565
50	0.37332531985114603	0.2668049297245321	0.9974358974358974	0.9564102564102565
51	0.3731572948969327	0.28271597130901216	0.9974358974358974	0.958974358974359
52	0.37294146699725456	0.2544346557753707	0.9974358974358974	0.9564102564102565
53	0.37278101179334855	0.24932522151787878	0.9980769230769231	0.9564102564102565
54	0.3725663358514959	0.24313690427872495	0.9980769230769231	0.958974358974359
55	0.3722846210002899	0.2659598258448698	0.9974358974358974	0.9641025641025641
56	0.3720590231711404	0.44901595561472907	0.996474358974359	0.958974358974359
57	0.37182948507111646	0.2563186673630428	0.9974358974358974	0.958974358974359
58	0.37165483781846903	0.24770943457332004	0.9974358974358974	0.9564102564102565
59	0.37157931725184123	0.24964181595952345	0.9980769230769231	0.9538461538461539
60	0.37254063418654143	0.24925426621707536	0.9977564102564103	0.9564102564102565
61	0.37248119231193294	0.2464405049512588	0.9977564102564103	0.9564102564102565
62	0.372275053508698	0.24821205531711432	0.9974358974358974	0.958974358974359
63	0.3721676617860794	0.23625763649404838	0.9977564102564103	0.9564102564102565
64	0.3722257687495305	0.24101028101707628	0.9980769230769231	0.9538461538461539
65	0.37223314877712366	0.2400782739625393	0.9974358974358974	0.9538461538461539
66	0.3720276142234233	0.2340794210675605	0.9980769230769231	0.9564102564102565
67	0.37190403307185455	0.22871101290453152	0.9980769230769231	0.9564102564102565
68	0.3717177570730016	0.24013111970642206	0.9977564102564103	0.9538461538461539
69	0.37154884678976874	0.23297605033477173	0.9977564102564103	0.9538461538461539
70	0.37139558456313443	0.2296513073474021	0.9980769230769231	0.9538461538461539
71	0.3712374203734928	0.2274694722251223	0.9980769230769231	0.9564102564102565
72	0.3711210407622873	0.23750543997389006	0.9980769230769231	0.9564102564102565
73	0.371038243577287	0.22414023797021826	0.9980769230769231	0.9538461538461539
74	0.37102221806844077	0.22864373747380545	0.9980769230769231	0.9538461538461539
75	0.3709941757352729	0.23282516906715037	0.9977564102564103	0.9538461538461539
-1	-1	-1	-1	-1
0	0.4420294761657715	117.80366473295251	0.2701923076923077	0.5307692307692308
1	0.40076112747192383	42.6189559138551	0.6541666666666667	0.7410256410256411
2	0.38942813873291016	24.527681350708008	0.7743589743589744	0.7743589743589744
3	0.38876527547836304	17.485336160173222	0.8371794871794872	0.8205128205128205
4	0.38564434051513674	14.987486060784788	0.8532051282051282	0.8384615384615385
5	0.3821796973546346	12.428641808276273	0.8717948717948718	0.8435897435897436
6	0.38091836656842915	10.692435921454916	0.892948717948718	0.8435897435897436
7	0.3797859251499176	9.468940278705286	0.9003205128205128	0.8692307692307693
8	0.3787834114498562	9.450130438318057	0.9019230769230769	0.8256410256410256
9	0.3782440185546875	8.968091003140625	0.9134615384615384	0.9076923076923077
10	0.37811894850297406	6.6455531777167804	0.9326923076923077	0.8692307692307693
11	0.3778196970621745	7.927555494770711	0.9201923076923076	0.8923076923076924
12	0.37756587908818173	5.418243360762694	0.9464743589743589	0.9230769230769231
13	0.377548132623945	6.073410195355513	0.9391025641025641	0.9307692307692308
14	0.37749810218811036	4.697691892330744	0.9538461538461539	0.9153846153846154
15	0.37745335698127747	3.471379614758248	0.9605769230769231	0.9179487179487179
16	0.3765391882728128	3.0622092363785725	0.971474358974359	0.941025641025641
17	0.3759869204627143	2.926223263505618	0.9692307692307692	0.9179487179487179
18	0.37519417311015885	3.7658272105820325	0.9644230769230769	0.9179487179487179
19	0.37435020208358766	2.8967666091131314	0.9717948717948718	0.9538461538461539
20	0.3738721892947242	2.5454659059035536	0.9730769230769231	0.9435897435897436
21	0.3732214299115268	2.1183960544591653	0.9762820512820513	0.9435897435897436
22	0.3728207608927851	1.7086594820174636	0.9830128205128205	0.9487179487179487
23	0.3724498450756073	1.1754798259377024	0.9875	0.9538461538461539
24	0.37202749252319334	1.3125144468373333	0.9875	0.9564102564102565
25	0.37149325700906605	1.4465282563006088	0.985897435897436	0.9615384615384616
26	0.3712306287553575	1.2620696518332601	0.9878205128205129	0.9512820512820512
27	0.3709809354373387	1.0770182030047386	0.9868589743589744	0.9538461538461539
28	0.37083079897124194	1.574912873096764	0.9855769230769231	0.9538461538461539
29	0.37046740055084226	0.9087625100082547	0.9910256410256411	0.9564102564102565
30	0.37027452838036323	0.6616639603874931	0.992948717948718	0.9512820512820512
31	0.37064873427152634	0.5571879416808714	0.9948717948717949	0.9564102564102565
32	0.3706970792828184	0.7228520979465708	0.9923076923076923	0.9487179487179487
33	0.3708713966257432	0.8230795150370889	0.9913461538461539	0.958974358974359
34	0.3706709384918213	0.9782811954180349	0.9891025641025641	0.9538461538461539
35	0.370583434899648	0.5840036738378813	0.9932692307692308	0.9564102564102565
36	0.3705409153087719	0.6205304059371048	0.9939102564102564	0.9538461538461539
37	0.37064123153686523	0.5171270182555807	0.9935897435897436	0.9512820512820512
38	0.37075272584572816	0.41163314838907966	0.996474358974359	0.9615384615384616
39	0.3707915782928467	0.2781960397990829	0.9971153846153846	0.9615384615384616
40	0.3708810748123541	0.2923224876855728	0.9977564102564103	0.958974358974359
41	0.37105888979775564	0.302793528874849	0.9967948717948718	0.9615384615384616
42	0.3711432468059451	0.266103146946989	0.9980769230769231	0.9615384615384616
43	0.37125860019163653	0.24640119463865817	0.9977564102564103	0.9615384615384616
44	0.37133813434176977	0.24662978298473884	0.9977564102564103	0.9641025641025641
45	0.37139310525811237	0.2347919378098224	0.9977564102564103	0.9641025641025641
46	0.37150540757686534	0.21908574463230587	0.9977564102564103	0.9615384615384616
47	0.371790091196696	0.26330168061291	0.9974358974358974	0.9641025641025641
48	0.37182292159722774	0.21831518722512777	0.9980769230769231	0.9615384615384616
49	0.37180248260498044	0.211642051814124	0.9983974358974359	0.9615384615384616
50	0.37186230397691916	0.2079439558230141	0.9983974358974359	0.9641025641025641
51	0.3719808321732741	0.20540827092057098	0.9983974358974359	0.9615384615384616
52	0.3721462240758932	0.20034544919474925	0.9980769230769231	0.9615384615384616
53	0.37225342238390885	0.20394018427700478	0.9983974358974359	0.9641025641025641
54	0.37220395695079456	0.19795959601083732	0.9983974358974359	0.9641025641025641
55	0.37221154996326994	0.19943741081056496	0.9983974358974359	0.9641025641025641
56	0.3721917219329299	0.20686401181414185	0.9983974358974359	0.9615384615384616
57	0.37218742535032073	0.28146434898178774	0.9974358974358974	0.9666666666666667
58	0.372179734504829	0.3164464883975226	0.9977564102564103	0.9615384615384616
59	0.3722031076749166	0.19981943478460937	0.9980769230769231	0.958974358974359
60	0.3722292634307361	0.19867112658732589	0.9983974358974359	0.9615384615384616
61	0.3722573326480004	0.19354749792917722	0.9983974358974359	0.9615384615384616
62	0.37239327506413533	0.19416180058612312	0.9983974358974359	0.9615384615384616
63	0.37244611978530884	0.19722344384034823	0.9977564102564103	0.9641025641025641
64	0.372407289651724	0.19114752726588394	0.9983974358974359	0.9641025641025641
65	0.37241386644767993	0.19153955546656162	0.9980769230769231	0.9615384615384616
66	0.3724030380818381	0.19135779783851942	0.9983974358974359	0.9641025641025641
67	0.37240691044751334	0.203750612551426	0.9977564102564103	0.9641025641025641
68	0.372468996739042	0.19196374832360136	0.9980769230769231	0.9641025641025641
69	0.3724766560963222	0.19516826334616708	0.9980769230769231	0.9641025641025641
70	0.37248288745611485	0.4892510600749695	0.9961538461538462	0.958974358974359
71	0.3725614878866408	0.7497411780874542	0.9932692307692308	0.958974358974359
72	0.37261949173391684	0.6792311380968943	0.992948717948718	0.958974358974359
73	0.372651583439595	0.4695307086218162	0.9942307692307693	0.9615384615384616
74	0.37265302022298175	0.21719820190583977	0.9980769230769231	0.9615384615384616
75	0.3726492241809243	0.20800249261974016	0.9977564102564103	0.958974358974359
76	0.37268427749732874	0.2082112795243881	0.9977564102564103	0.9615384615384616
77	0.37268472329164165	0.1955109496949281	0.9983974358974359	0.9641025641025641
-1	-1	-1	-1	-1
0	0.5076563358306885	119.78324905706911	0.28846153846153844	0.5769230769230769
1	0.43910741806030273	42.433707937902334	0.6663461538461538	0.6897435897435897
2	0.4183669090270996	23.75689414812594	0.7798076923076923	0.7743589743589744
3	0.4067317843437195	16.912302781124506	0.8391025641025641	0.8102564102564103
4	0.40030684471130373	13.45649373044773	0.8743589743589744	0.8307692307692308
5	0.39574718475341797	11.688339362339098	0.8842948717948718	0.8615384615384616
6	0.39248364312308176	9.721557364171865	0.8996794871794872	0.8769230769230769
7	0.39005276560783386	9.21269773767919	0.9105769230769231	0.8256410256410256
8	0.3882668813069661	8.369077584573201	0.9141025641025641	0.8538461538461538
9	0.3869723081588745	7.336003105859367	0.923397435897436	0.8717948717948718
10	0.3858305540951816	7.215703316489044	0.9291666666666667	0.8923076923076924
11	0.38469167550404865	6.404040525154191	0.9349358974358974	0.9
12	0.38391672647916353	4.425271651574543	0.9532051282051283	0.9230769230769231
13	0.3829226493835449	4.194445585565908	0.9525641025641025	0.8974358974358975
14	0.38221492767333987	4.490461013298862	0.9544871794871795	0.8948717948717949
15	0.38170453906059265	3.6488669295700227	0.9615384615384616	0.9076923076923077
16	0.38144877377678366	3.3181022980383466	0.9615384615384616	0.9153846153846154
17	0.381263878610399	2.5798943259430174	0.9721153846153846	0.9358974358974359
18	0.38103345820778295	2.3124190569018985	0.9756410256410256	0.9333333333333333
19	0.38067355155944826	2.9658111603740527	0.9673076923076923	0.9358974358974359
20	0.3800719806126186	2.8036692380068864	0.975	0.9230769230769231
21	0.37969705191525543	2.3036547681430775	0.9772435897435897	0.9256410256410257
22	0.3792498422705609	2.5811644681558317	0.9692307692307692	0.9307692307692308
23	0.37869420647621155	1.2341887080395708	0.9875	0.9333333333333333
24	0.3783700752258301	0.8288592739192274	0.9923076923076923	0.9564102564102565
25	0.3782193477337177	0.7106017046988162	0.9923076923076923	0.941025641025641
26	0.37803631358676487	0.976237940407187	0.9903846153846154	0.941025641025641
27	0.3780511277062552	0.7738657732118795	0.9913461538461539	0.9512820512820512
28	0.3779648172444311	1.1729529086091766	0.9891025641025641	0.9384615384615385
29	0.37800435225168866	1.09459291852545	0.9887820512820513	0.9487179487179487
30	0.37798994587313745	0.3858815458726746	0.9961538461538462	0.9564102564102565
31	0.37798596918582916	0.4947365815905683	0.9945512820512821	0.9564102564102565
32	0.3779940894155791	0.3608929181366931	0.9955128205128205	0.9512820512820512
33	0.3779563763562371	0.5350212474776508	0.9926282051282052	0.9538461538461539
34	0.3778331688472203	0.6240064545038004	0.9935897435897436	0.9487179487179487
35	0.37769215636783177	0.405692232624219	0.9948717948717949	0.941025641025641
36	0.3773307929167876	0.3742534269041819	0.996474358974359	0.9538461538461539
37	0.37702919307507965	0.3317625529497472	0.9958333333333333	0.9487179487179487
38	0.3770966896644005	0.2944237786316674	0.996474358974359	0.9564102564102565
39	0.376817387342453	0.26382015749802623	0.996474358974359	0.958974358974359
40	0.3764939482619123	0.2461268066052034	0.9971153846153846	0.9564102564102565
41	0.37643944081806	0.21542596516059237	0.9971153846153846	0.9564102564102565
42	0.3762882143952126	0.20133105846423638	0.9980769230769231	0.9564102564102565
43	0.3759904287078164	0.19455511474979528	0.9974358974358974	0.958974358974359
44	0.3758539464738634	0.19550956425444718	0.9977564102564103	0.9538461538461539
45	0.3757102333981058	0.19850341065125113	0.9977564102564103	0.9564102564102565
46	0.3756513240489554	0.19589306268133033	0.9977564102564103	0.9538461538461539
47	0.3756495813528697	0.18943916819009654	0.9974358974358974	0.9564102564102565
48	0.3755391130642015	0.19107017416758842	0.9974358974358974	0.958974358974359
49	0.37545018196105956	0.19816381463080726	0.9977564102564103	0.9564102564102565
50	0.37537334479537665	0.18749770955051942	0.9971153846153846	0.9564102564102565
51	0.3753444873369657	0.17788613860956298	0.9974358974358974	0.9564102564102565
52	0.3752325750746817	0.18038808608342113	0.9977564102564103	0.9564102564102565
53	0.37507956557803684	0.18259883273365593	0.9980769230769231	0.9564102564102565
54	0.37502996271306815	0.18585742763507926	0.9974358974358974	0.9564102564102565
55	0.37497811232294354	0.1824274977653677	0.9977564102564103	0.958974358974359
56	0.37485787324738085	0.18635276162574288	0.9974358974358974	0.9564102564102565
57	0.37479088635280217	0.1864518716978711	0.9980769230769231	0.9564102564102565
58	0.37465677422992255	0.18365946807601602	0.9974358974358974	0.9564102564102565
59	0.37459396521250404	0.18367777309611819	0.9977564102564103	0.9564102564102565
-1	-1	-1	-1	-1
0	0.4556758403778076	118.47256228388572	0.27884615384615385	0.6256410256410256
1	0.4099534749984741	42.743862784638694	0.657051282051282	0.7282051282051282
2	0.39629515012105304	22.996130383744532	0.7830128205128205	0.8282051282051283
3	0.3884618878364563	17.43219899644657	0.8368589743589744	0.8333333333333334
4	0.3848562717437744	12.90459465372319	0.875	0.8384615384615385
5	0.3821285565694173	11.908131786755153	0.8733974358974359	0.8384615384615385
6	0.37996969904218403	10.780294578902575	0.8958333333333334	0.882051282051282
7	0.3786819279193878	8.320517221883852	0.916025641025641	0.8897435897435897
8	0.3780371348063151	9.066189157719515	0.9096153846153846	0.8794871794871795
9	0.37775473594665526	6.952005053661307	0.9326923076923077	0.9051282051282051
10	0.37804796478965064	7.237827645500704	0.925	0.9051282051282051
11	0.37803663810094196	6.746433860793406	0.9285256410256411	0.9
12	0.37785080763009876	5.384492230962734	0.9413461538461538	0.9
13	0.37710464000701904	5.098977771188531	0.9471153846153846	0.9333333333333333
14	0.377045726776123	4.075946510598367	0.9599358974358975	0.9205128205128205
15	0.3774684816598892	3.1843559437868545	0.9676282051282051	0.9205128205128205
16	0.3776271623723647	2.839010333395278	0.9705128205128205	0.9282051282051282
17	0.3776426315307617	2.923452930448919	0.9730769230769231	0.9179487179487179
18	0.3777228907534951	2.91706592544001	0.9711538461538461	0.9076923076923077
19	0.37767707109451293	2.938821119693469	0.9685897435897436	0.9128205128205128
20	0.3776071752820696	1.9017643591351048	0.9807692307692307	0.9307692307692308
21	0.3774422732266513	1.5255844666461023	0.9842948717948717	0.9307692307692308
22	0.377460707788882	1.3125508093009037	0.9842948717948717	0.9256410256410257
23	0.37734195590019226	1.3804809790845884	0.9852564102564103	0.9358974358974359
24	0.3773267650604248	1.1447802739555244	0.9900641025641026	0.9333333333333333
25	0.3769817810792189	0.9599464572585967	0.9900641025641026	0.9333333333333333
26	0.3770645371189824	1.1447229146273161	0.9884615384615385	0.9307692307692308
27	0.3770172766276768	0.6262827444671919	0.9951923076923077	0.9435897435897436
28	0.37690238294930295	0.6376170826866767	0.9945512820512821	0.9358974358974359
29	0.3767312447230021	0.7715711707263538	0.9919871794871795	0.9282051282051282
30	0.37679760686812863	1.667849599925459	0.9846153846153847	0.9333333333333333
31	0.37654583156108856	0.8568379059647762	0.9913461538461539	0.941025641025641
32	0.37647794232223974	0.440257752340344	0.9967948717948718	0.9358974358974359
33	0.37640050579519835	0.35233274431975214	0.9971153846153846	0.941025641025641
34	0.37620813505990164	0.3950978760371146	0.9967948717948718	0.941025641025641
35	0.37612483898798627	0.3242477725939445	0.9967948717948718	0.941025641025641
36	0.3759514705554859	0.4149458613790149	0.9951923076923077	0.9435897435897436
37	0.37572119737926285	0.384399703914081	0.996474358974359	0.941025641025641
38	0.37560147505540115	0.29796546192189954	0.9971153846153846	0.941025641025641
39	0.37535123229026796	0.27446314213056194	0.9977564102564103	0.941025641025641
40	0.3752332198910597	0.26036436930037465	0.9980769230769231	0.941025641025641
41	0.375049352645874	0.27459067897024747	0.9971153846153846	0.9384615384615385
42	0.3749848243802093	0.3046637304443201	0.9974358974358974	0.941025641025641
43	0.37479317730123346	0.3204285256522743	0.9961538461538462	0.9435897435897436
44	0.3746619489457872	0.307684715075789	0.9974358974358974	0.941025641025641
45	0.37465676017429517	0.25761291357018623	0.9974358974358974	0.9435897435897436
46	0.37460126268102767	0.2462678286665694	0.9977564102564103	0.9358974358974359
47	0.3744616061449051	0.23879091470616357	0.9977564102564103	0.941025641025641
-1	-1	-1	-1	-1
0	0.5040075778961182	119.38648344545948	0.24775641025641026	0.5820512820512821
1	0.42858362197875977	45.17251320274509	0.6227564102564103	0.6923076923076923
2	0.40532652537027997	24.582157154472508	0.7762820512820513	0.8025641025641026
3	0.3932507038116455	18.31801177044304	0.8243589743589743	0.841025641025641
4	0.3870503902435303	14.370094430689909	0.8538461538461538	0.8205128205128205
5	0.3822818199793498	11.615572038353706	0.8823717948717948	0.8923076923076924
6	0.37904218264988493	10.060540532579227	0.8993589743589744	0.8461538461538461
7	0.3764162063598633	9.715130166131623	0.9025641025641026	0.8666666666666667
8	0.3750956058502197	8.623190547738757	0.9115384615384615	0.9
9	0.37358431816101073	7.42494643099454	0.9275641025641026	0.9051282051282051
10	0.3725487969138406	6.514847746004864	0.9330128205128205	0.8871794871794871
11	0.3713281551996867	6.925412164963022	0.9314102564102564	0.8846153846153846
12	0.37061909528879017	6.353830064437827	0.9375	0.9025641025641026
13	0.36992653778621126	7.548840263668372	0.9266025641025641	0.9230769230769231
14	0.3693406581878662	4.389015229228808	0.9557692307692308	0.9282051282051282
15	0.3686034679412842	3.684273986183867	0.9621794871794872	0.9358974358974359
16	0.3682715612299302	3.3963603383424332	0.9689102564102564	0.9179487179487179
17	0.36771969000498456	3.002034398594073	0.9708333333333333	0.9461538461538461
18	0.3673170742235686	2.3300998798590533	0.9778846153846154	0.9487179487179487
19	0.36694499254226687	1.6520798607938447	0.9836538461538461	0.9333333333333333
20	0.36659719830467585	1.6547593454621277	0.9794871794871794	0.941025641025641
21	0.36623321879993787	2.0467472403709377	0.9782051282051282	0.9461538461538461
22	0.3661869712497877	1.8964322553757502	0.9794871794871794	0.9384615384615385
23	0.365872581799825	1.1983121274495308	0.9884615384615385	0.9461538461538461
24	0.3659395217895508	2.152931570360551	0.9807692307692307	0.9358974358974359
25	0.36579859256744385	1.065204351950361	0.9903846153846154	0.9384615384615385
26	0.36612330542670357	1.4799156589766167	0.9855769230769231	0.9487179487179487
27	0.36636823415756226	1.2249619675401067	0.9878205128205129	0.941025641025641
28	0.36658934889168576	1.044845684557412	0.9891025641025641	0.9487179487179487
29	0.36685596307118734	0.949014355105405	0.9913461538461539	0.9512820512820512
30	0.3669981571935838	0.7640195718861889	0.9919871794871795	0.9461538461538461
31	0.36722230166196823	0.6745335252299829	0.9932692307692308	0.9435897435897436
32	0.36742638819145435	0.6027499714495652	0.9945512820512821	0.9461538461538461
33	0.3675815147512099	0.4735978441514854	0.9948717948717949	0.9512820512820512
34	0.3676923956189837	0.5759364717131557	0.9935897435897436	0.9512820512820512
35	0.3677453663614061	0.5334780512814771	0.9939102564102564	0.9512820512820512
36	0.36789068015846044	0.3754928699036471	0.9961538461538462	0.9564102564102565
37	0.3680613605599654	0.3675356849194124	0.9967948717948718	0.9564102564102565
38	0.36817836150144917	0.4057123680662587	0.9961538461538462	0.9564102564102565
39	0.3680195748806	0.32836258037868715	0.9967948717948718	0.958974358974359
40	0.3680834886504383	0.359118136176982	0.996474358974359	0.958974358974359
41	0.36804971240815665	0.36009906380341095	0.9967948717948718	0.9564102564102565
42	0.3681453161461409	0.38580785212772234	0.996474358974359	0.9538461538461539
43	0.36824102293361316	0.7976184327470742	0.992948717948718	0.958974358974359
44	0.36825859281751844	0.530948268678467	0.9951923076923077	0.958974358974359
45	0.36836652133775794	0.34046479310467365	0.9971153846153846	0.9564102564102565
46	0.36836069695493007	0.31261002453494274	0.9967948717948718	0.9564102564102565
47	0.3683938483397166	0.30419495523900114	0.9974358974358974	0.958974358974359
48	0.36846766179921675	0.30609877807015734	0.9971153846153846	0.9538461538461539
49	0.3683880615234375	0.29686691518338415	0.9967948717948718	0.9564102564102565
50	0.36844658384136125	0.2932067454007944	0.9967948717948718	0.9564102564102565
51	0.36860442620057327	0.2991925720066041	0.9967948717948718	0.9564102564102565
52	0.36876838162260234	0.4696905149214625	0.9945512820512821	0.9564102564102565
53	0.3689408169852363	0.32454980162182606	0.9971153846153846	0.9615384615384616
54	0.36885154464028097	0.2911031149877609	0.9974358974358974	0.9615384615384616
55	0.3687475451401302	0.2821136342761896	0.9971153846153846	0.9615384615384616
56	0.36859875394586933	0.2904831515054922	0.9974358974358974	0.958974358974359
57	0.3685365216485385	0.2877805162589743	0.9967948717948718	0.958974358974359
58	0.3684713234335689	0.2807082889321835	0.9974358974358974	0.958974358974359
59	0.36840741634368895	0.2808311310473815	0.9974358974358974	0.9615384615384616
60	0.36856203391903736	0.28925649318551555	0.9974358974358974	0.958974358974359
61	0.3687027923522457	0.2936461656194	0.9971153846153846	0.958974358974359
62	0.36877177632044233	0.2812728491875792	0.9974358974358974	0.958974358974359
63	0.36889808997511864	0.2773999788972718	0.9974358974358974	0.958974358974359
64	0.3689721841078538	0.2888921608887637	0.9967948717948718	0.958974358974359
65	0.36914587382114294	0.2782184214247165	0.9971153846153846	0.958974358974359
66	0.36927281920589616	0.2836998055219218	0.9971153846153846	0.958974358974359
67	0.36943090312621174	0.2877268406578247	0.9967948717948718	0.958974358974359
68	0.36947071033975354	0.281312533010573	0.9974358974358974	0.958974358974359
69	0.3695478541510446	0.28580590193792443	0.9974358974358974	0.958974358974359
70	0.36965057883464114	0.2844775533509647	0.9967948717948718	0.958974358974359
71	0.36974096960491604	0.27945078359858155	0.9974358974358974	0.958974358974359
72	0.369834596163606	0.27998983095164237	0.9971153846153846	0.958974358974359
73	0.36991638428456075	0.2784991128902053	0.9971153846153846	0.958974358974359
-1	-1	-1	-1	-1
0	0.4672355651855469	118.13863859371263	0.2759615384615385	0.5564102564102564
1	0.4184377193450928	42.50239668087084	0.6541666666666667	0.6794871794871795
2	0.40244277318318683	23.78360175113289	0.7801282051282051	0.7897435897435897
3	0.3950461149215698	17.678556033543178	0.8387820512820513	0.8256410256410256
4	0.39089145660400393	15.055243382648547	0.8532051282051282	0.8179487179487179
5	0.38765684763590497	12.870263103319674	0.8740384615384615	0.8358974358974359
6	0.38609095982142855	10.181912378389008	0.8980769230769231	0.8948717948717949
7	0.38436079025268555	8.646857093791573	0.9147435897435897	0.882051282051282
8	0.38411924574110246	8.481818052578946	0.916025641025641	0.9025641025641026
9	0.38369810581207275	7.426897792183623	0.925	0.8871794871794871
10	0.38302837718616833	7.385317144345264	0.9214743589743589	0.9
11	0.38195021947224933	6.6355749499432894	0.9326923076923077	0.9
12	0.3810325585878812	6.018194465916984	0.9362179487179487	0.9025641025641026
13	0.3803696462086269	4.77481736204758	0.9490384615384615	0.9153846153846154
14	0.3800410588582357	4.435178948604331	0.9532051282051283	0.9256410256410257
15	0.37955695390701294	4.314433779339401	0.9576923076923077	0.9256410256410257
16	0.3793550519382252	2.999557755127245	0.9698717948717949	0.9076923076923077
17	0.3790785339143541	2.598278628472163	0.9721153846153846	0.9205128205128205
18	0.37888523152000025	2.2724143888193127	0.9766025641025641	0.9256410256410257
19	0.37886078357696534	2.2324665016589726	0.975	0.9333333333333333
20	0.3788882891337077	2.0477866601122887	0.9762820512820513	0.9179487179487179
21	0.3787614540620284	1.9114909434158887	0.9801282051282051	0.941025641025641
22	0.3784387422644574	1.3799454888794571	0.9871794871794872	0.9435897435897436
23	0.3780780037244161	1.938281371638331	0.9782051282051282	0.9512820512820512
24	0.37768953323364257	1.496968345013352	0.9836538461538461	0.9641025641025641
25	0.37752556800842285	0.9629736539565635	0.9903846153846154	0.9538461538461539
26	0.3775788059941045	0.8533567729078195	0.9913461538461539	0.9564102564102565
27	0.3776035053389413	0.554559541238966	0.9945512820512821	0.9564102564102565
28	0.37749343904955635	0.7741161350099066	0.9919871794871795	0.9538461538461539
29	0.37761403719584147	0.7098262538350596	0.9926282051282052	0.9461538461538461
30	0.3775728056507726	0.6559394598149751	0.9923076923076923	0.9307692307692308
31	0.3772977367043495	1.357134509698621	0.9884615384615385	0.9358974358974359
32	0.37706854849150684	0.841272884069904	0.9923076923076923	0.9564102564102565
33	0.3768171703114229	0.676483790865358	0.9942307692307693	0.9487179487179487
34	0.37673913410731724	0.44509776984460236	0.9961538461538462	0.9615384615384616
35	0.3765917155477736	0.5329375162789579	0.9945512820512821	0.9641025641025641
36	0.3764496171796644	0.4521283260118977	0.9948717948717949	0.958974358974359
37	0.3764252850883885	0.5926980612044014	0.9951923076923077	0.9512820512820512
38	0.3763229908087315	0.38523437133847677	0.9961538461538462	0.9615384615384616
39	0.3759955704212189	0.28202789443324094	0.9971153846153846	0.9615384615384616
40	0.3758183281596114	0.27486278504467027	0.9977564102564103	0.958974358974359
41	0.3756682248342605	0.2820105053976235	0.9971153846153846	0.958974358974359
42	0.37549269476602243	0.26468662544372207	0.9977564102564103	0.958974358974359
43	0.37547682090239093	0.2622944165712546	0.9971153846153846	0.958974358974359
44	0.3753859837849935	0.25262386480949783	0.9977564102564103	0.958974358974359
-1	-1	-1	-1	-1
0	0.5012731552124023	114.86247241740324	0.3032051282051282	0.5102564102564102
1	0.435288667678833	40.6176483971732	0.6657051282051282	0.7384615384615385
2	0.4133745034535726	23.210518807780986	0.7858974358974359	0.8128205128205128
3	0.40278685092926025	16.88527324978186	0.8391025641025641	0.8128205128205128
4	0.3970766067504883	11.95369062131765	0.8788461538461538	0.8487179487179487
5	0.39367516835530597	11.774014558110919	0.8823717948717948	0.8641025641025641
6	0.3910776206425258	9.925717429238922	0.9067307692307692	0.8666666666666667
7	0.3882758319377899	9.300918187413897	0.908974358974359	0.8615384615384616
8	0.38671893543667263	9.433515407601181	0.9076923076923077	0.8692307692307693
9	0.3857751369476318	7.647724894844756	0.9205128205128205	0.8846153846153846
10	0.3849660700017756	7.637731120902664	0.9189102564102564	0.8538461538461538
11	0.3844025135040283	6.31843115100447	0.9358974358974359	0.9051282051282051
12	0.3840139095599835	5.152643329634959	0.9467948717948718	0.8846153846153846
13	0.3834056854248047	5.866784894800916	0.9416666666666667	0.9179487179487179
14	0.38275391260782876	4.269190527042564	0.9506410256410256	0.9051282051282051
15	0.3821607083082199	3.5862105020454953	0.9621794871794872	0.8948717948717949
16	0.3818248440237606	4.409139742960735	0.9560897435897436	0.9384615384615385
17	0.3813745975494385	2.3057381231337786	0.9753205128205128	0.9333333333333333
18	0.38082166721946314	2.9420441478034673	0.9717948717948718	0.9435897435897436
19	0.38051658868789673	1.6069651993789844	0.9814102564102564	0.9461538461538461
20	0.38024968192690894	1.5042161139830643	0.9839743589743589	0.9333333333333333
21	0.3798657980832187	1.1543750439447409	0.9878205128205129	0.9358974358974359
22	0.37964438355487323	1.3742868470845326	0.9855769230769231	0.9307692307692308
23	0.3794826865196228	1.6564682230581433	0.9826923076923076	0.9487179487179487
24	0.37932165145874025	1.3862679504542326	0.9871794871794872	0.9461538461538461
25	0.379075288772583	1.2725384844851928	0.985897435897436	0.9153846153846154
26	0.37899359067281085	0.9447348680993428	0.9913461538461539	0.9435897435897436
27	0.37904204641069683	1.0728876914030738	0.9881410256410257	0.9461538461538461
28	0.3790042071506895	0.8827800598109559	0.992948717948718	0.9512820512820512
29	0.3789484103520711	0.7632020531906462	0.9910256410256411	0.9487179487179487
30	0.37899843338997136	0.9193544315592367	0.9903846153846154	0.9384615384615385
31	0.3789314478635788	0.4520053568768923	0.996474358974359	0.9538461538461539
32	0.37889843998533307	0.49790499577113445	0.9945512820512821	0.9461538461538461
33	0.3788209452348597	0.41641940568022584	0.9961538461538462	0.9564102564102565
34	0.37867446626935686	0.6006406541885237	0.9945512820512821	0.9461538461538461
35	0.37867575221591526	0.5441847424977935	0.9945512820512821	0.9538461538461539
36	0.37910496222006307	0.5231980983766594	0.9945512820512821	0.9512820512820512
37	0.37895921029542623	0.33807353173829235	0.9971153846153846	0.9538461538461539
38	0.37886774234282666	0.3540044520893704	0.9967948717948718	0.958974358974359
39	0.37867313623428345	0.40449340278947993	0.996474358974359	0.9487179487179487
40	0.3785632121853712	0.6297834901755666	0.9945512820512821	0.9461538461538461
41	0.37831582341875347	0.4329696862485583	0.9951923076923077	0.9358974358974359
42	0.37815655663956044	0.41760002194258755	0.9967948717948718	0.9564102564102565
43	0.3778600909493186	0.34827596165848024	0.996474358974359	0.9487179487179487
44	0.37766179508633085	0.33471628753302085	0.9967948717948718	0.9538461538461539
45	0.37764435229094134	0.2755552760945462	0.9967948717948718	0.9487179487179487
46	0.3775134137336244	0.27051784973520293	0.9977564102564103	0.9487179487179487
47	0.3774937291940053	0.28025944887277937	0.9971153846153846	0.9461538461538461
48	0.37747882823554835	0.25281845720910123	0.9977564102564103	0.9461538461538461
49	0.37741527080535886	0.25415732778225103	0.9977564102564103	0.9461538461538461
50	0.37734195297839596	0.25451981635646637	0.9974358974358974	0.9461538461538461
51	0.3773398766150841	0.251449399012704	0.9974358974358974	0.9487179487179487
52	0.37737646192874547	0.2480216998783919	0.9977564102564103	0.9461538461538461
53	0.3774505235530712	0.25092701316479715	0.9977564102564103	0.9487179487179487
54	0.3773876016790217	0.2479123044583818	0.9974358974358974	0.9487179487179487
55	0.37731251546314787	0.247043580182101	0.9977564102564103	0.9487179487179487
56	0.37730851926301656	0.24964633107580939	0.9967948717948718	0.9512820512820512
57	0.3773157678801438	0.248431857982983	0.9977564102564103	0.9487179487179487
58	0.3772159713809773	0.24580610843065875	0.9974358974358974	0.9487179487179487
-1	-1	-1	-1	-1
0	0.4508645534515381	114.98578674939213	0.3	0.6128205128205129
1	0.4100525379180908	40.9433608638997	0.6618589743589743	0.6974358974358974
2	0.39658602078755695	24.166079939628133	0.7753205128205128	0.7871794871794872
3	0.39108818769454956	16.558725045651805	0.8317307692307693	0.8025641025641026
4	0.38776841163635256	15.045157863169301	0.8544871794871794	0.8564102564102564
5	0.3859914541244507	12.97201886469004	0.8711538461538462	0.823076923076923
6	0.3842104503086635	11.008607959260745	0.8875	0.8641025641025641
7	0.3828830122947693	10.808258642955701	0.8942307692307693	0.8794871794871795
8	0.38024306297302246	9.69310065465314	0.9092948717948718	0.8846153846153846
9	0.3783806324005127	9.222663048578768	0.9038461538461539	0.8846153846153846
10	0.37712630358609284	7.9055216707745375	0.9205128205128205	0.8538461538461538
11	0.3758310278256734	9.851197569954152	0.9051282051282051	0.8871794871794871
12	0.37522229781517613	6.825022821523706	0.9301282051282052	0.8846153846153846
13	0.3743685483932495	4.58110000132298	0.9519230769230769	0.9179487179487179
14	0.3744004726409912	4.4626041997452175	0.9548076923076924	0.9282051282051282
15	0.3740978389978409	3.5071182457768186	0.9625	0.9
16	0.373502675224753	3.7429648379282074	0.9599358974358975	0.9333333333333333
17	0.37333060635460746	3.286459942329295	0.9663461538461539	0.9256410256410257
18	0.3731001552782561	2.5091362348472583	0.9756410256410256	0.9205128205128205
19	0.37329199314117434	2.5899012710671037	0.9701923076923077	0.9256410256410257
20	0.37267642929440453	2.5984900209064388	0.9721153846153846	0.9358974358974359
21	0.37215000932866876	1.8278127271605997	0.9823717948717948	0.9153846153846154
22	0.3722374957540761	2.35625183559498	0.9743589743589743	0.9282051282051282
23	0.37195054690043133	1.3991393870293942	0.9839743589743589	0.9307692307692308
24	0.3716851806640625	1.0513046826140917	0.989423076923077	0.9333333333333333
25	0.37138011822333705	1.0319912612428699	0.9891025641025641	0.9435897435897436
26	0.37144388092888725	1.221450725247209	0.9868589743589744	0.9179487179487179
27	0.3715530208178929	1.1790176599229476	0.9897435897435898	0.9307692307692308
28	0.3714471274408801	0.7903552241433336	0.992948717948718	0.9384615384615385
29	0.37141221364339194	1.539609328701104	0.9842948717948717	0.9358974358974359
30	0.3713454508012341	0.7783667344067778	0.9916666666666667	0.9512820512820512
31	0.3714064732193947	0.7221472172318406	0.992948717948718	0.941025641025641
32	0.3713682637070165	0.5921679783270372	0.9942307692307693	0.941025641025641
33	0.37133437044480266	0.49390103449398765	0.9945512820512821	0.9461538461538461
34	0.37147384371076314	0.5287000056597041	0.9939102564102564	0.941025641025641
35	0.3716595967610677	0.46472342014556267	0.9951923076923077	0.9333333333333333
36	0.3716938237886171	0.8361739651537595	0.992948717948718	0.9358974358974359
37	0.37189313612486186	0.5586671758542902	0.992948717948718	0.9435897435897436
38	0.37212167642055416	0.5101438964543655	0.9955128205128205	0.9435897435897436
39	0.3722009897232056	0.41197210541042517	0.9961538461538462	0.9487179487179487
40	0.3723256471680432	0.3830889765492745	0.9955128205128205	0.9461538461538461
41	0.3723556370962234	0.39598734164372923	0.9961538461538462	0.9487179487179487
42	0.372504988382029	0.3154390755202146	0.9971153846153846	0.9461538461538461
43	0.37235632267865265	0.4054947757466259	0.9961538461538462	0.941025641025641
44	0.3721455574035645	0.4107677316618608	0.996474358974359	0.9512820512820512
45	0.3719472315000451	0.27587475914422577	0.9977564102564103	0.9461538461538461
46	0.37169313430786133	0.4126439807504149	0.996474358974359	0.9461538461538461
47	0.371564249197642	0.285325668892664	0.9974358974358974	0.9461538461538461
48	0.3713769620778609	0.302731377221047	0.9971153846153846	0.9512820512820512
49	0.3712902355194092	0.4203831125724923	0.9961538461538462	0.9512820512820512
50	0.37110008912927966	0.40476503473948877	0.9967948717948718	0.9461538461538461
-1	-1	-1	-1	-1
0	0.4574398994445801	118.82976742180027	0.2641025641025641	0.5743589743589743
1	0.4108397960662842	42.64405888927226	0.6538461538461539	0.6923076923076923
2	0.39373008410135907	23.9028133129587	0.7836538461538461	0.7512820512820513
3	0.3860834836959839	15.75583515605148	0.8493589743589743	0.8461538461538461
4	0.3818537712097168	12.780927807700877	0.8717948717948718	0.8
5	0.37917089462280273	12.252810697166288	0.8756410256410256	0.8025641025641026
6	0.3772847652435303	11.72540390978054	0.8900641025641025	0.8435897435897436
7	0.37586408853530884	9.84196176091019	0.9009615384615385	0.8461538461538461
8	0.37450173166063094	8.128149050839093	0.9150641025641025	0.8871794871794871
9	0.3734036922454834	8.124621918006818	0.919551282051282	0.8692307692307693
10	0.3723529035394842	7.150141820311546	0.9246794871794872	0.8564102564102564
11	0.3717114329338074	7.719431133902803	0.9217948717948717	0.8743589743589744
12	0.37132899577801043	5.499293894183879	0.9458333333333333	0.9076923076923077
13	0.3711764301572527	4.984258286198791	0.9490384615384615	0.8871794871794871
14	0.370789623260498	4.072046091970132	0.9564102564102565	0.8769230769230769
15	0.37066273391246796	3.673953621819311	0.9621794871794872	0.9153846153846154
16	0.37046631644753847	3.18110904648748	0.9673076923076923	0.9128205128205128
17	0.36998650762769913	3.1836302213522853	0.9689102564102564	0.9230769230769231
18	0.36964549516376694	2.409783348175032	0.9743589743589743	0.9102564102564102
19	0.3693874001502991	1.8799064974395596	0.978525641025641	0.9307692307692308
20	0.36934571039109004	1.7765800729488992	0.9791666666666666	0.9256410256410257
21	0.3693125247955322	1.674812028455377	0.9823717948717948	0.9307692307692308
22	0.3692391229712445	1.5171366462160891	0.9826923076923076	0.9205128205128205
23	0.36906252304712933	1.2431171156313954	0.9852564102564103	0.9230769230769231
24	0.36895869255065916	1.4323388604941416	0.9849358974358975	0.9153846153846154
25	0.36872584086198074	1.3815204328382198	0.9839743589743589	0.9333333333333333
26	0.3685933925487377	0.8395731680912479	0.9919871794871795	0.9333333333333333
27	0.36838551078523907	0.8318333948335174	0.9926282051282052	0.9282051282051282
28	0.36811393704907647	0.6499408371556474	0.9926282051282052	0.9333333333333333
29	0.3681689182917277	0.9774518032577268	0.9897435897435898	0.9333333333333333
30	0.36845488702097245	0.7630835046661466	0.9939102564102564	0.9333333333333333
31	0.3685567155480385	1.0178138100641914	0.9897435897435898	0.9333333333333333
32	0.36876112042051373	0.740868999492092	0.9926282051282052	0.9307692307692308
33	0.36896754713619456	0.6614142549580572	0.9932692307692308	0.9358974358974359
34	0.36896563257489884	0.3836053701139017	0.9967948717948718	0.9384615384615385
35	0.36894702249103123	0.5837710259152025	0.9945512820512821	0.9333333333333333
36	0.36904599215533285	0.3383344427904599	0.9971153846153846	0.9333333333333333
37	0.36924670871935394	0.31176603833755134	0.9974358974358974	0.9384615384615385
38	0.36948825151492387	0.3763722077431395	0.9958333333333333	0.9384615384615385
39	0.36959620118141173	0.2667086183993925	0.9980769230769231	0.941025641025641
40	0.36964447323868915	0.2658563084046271	0.9980769230769231	0.9358974358974359
41	0.36961095673697336	0.25011440481466707	0.9977564102564103	0.9384615384615385
42	0.37001997371052586	0.24946956729574446	0.9974358974358974	0.9384615384615385
43	0.36990120194175025	0.24205849893606143	0.9974358974358974	0.9384615384615385
44	0.36983066664801706	0.23804490098492742	0.9977564102564103	0.9358974358974359
45	0.3699330817098203	0.2423548993039211	0.9974358974358974	0.9384615384615385
46	0.36995637163202816	0.23287908889546904	0.9980769230769231	0.9358974358974359
47	0.36988264322280884	0.23609125567674374	0.9974358974358974	0.9358974358974359
48	0.3697149218345175	0.23061974187145765	0.9974358974358974	0.9384615384615385
49	0.3694572114944458	0.2304931289399974	0.9980769230769231	0.9384615384615385
50	0.36925803913789634	0.22245934429134204	0.9980769230769231	0.9384615384615385
51	0.3691001717860882	0.22208651828987058	0.9980769230769231	0.9384615384615385
52	0.3692961953720956	0.2259033780066268	0.9974358974358974	0.9384615384615385
53	0.36937716272142196	0.22100488443984245	0.9977564102564103	0.9358974358974359
54	0.3693179303949529	0.22246981486446482	0.9971153846153846	0.9384615384615385
55	0.3694447364125933	0.22450099854147398	0.9980769230769231	0.9384615384615385
56	0.3695763495930454	0.21936176544172947	0.9980769230769231	0.9384615384615385
57	0.3695458338178437	0.21633278474206347	0.9980769230769231	0.9384615384615385
58	0.36955662501060355	0.22609633526334785	0.9974358974358974	0.9384615384615385
59	0.36961750586827596	0.21614172502999354	0.9980769230769231	0.9384615384615385
-1	-1	-1	-1	-1
0	0.4640769958496094	117.50405171452736	0.2849358974358974	0.5256410256410257
1	0.41622447967529297	43.06609455420046	0.6474358974358975	0.6948717948717948
2	0.4011584122975667	23.619451933977555	0.7814102564102564	0.8
3	0.3928828835487366	16.388425987593983	0.8336538461538462	0.8384615384615385
4	0.38884601593017576	14.034345821458466	0.8647435897435898	0.8461538461538461
5	0.3855832020441691	11.948877069414879	0.8833333333333333	0.8205128205128205
6	0.38324625151497976	12.855344506550809	0.8740384615384615	0.8435897435897436
7	0.3820301294326782	10.606617741438807	0.8916666666666667	0.8692307692307693
8	0.3801008065541585	8.623251210974187	0.9163461538461538	0.8923076923076924
9	0.378058648109436	6.543029817999626	0.9294871794871795	0.8974358974358975
10	0.3765651529485529	6.790950216200887	0.9330128205128205	0.882051282051282
11	0.37487157185872394	7.2639373066473985	0.9288461538461539	0.8897435897435897
12	0.37439977205716646	6.594526346240725	0.933974358974359	0.8948717948717949
13	0.3738503285816738	4.981308489429708	0.9487179487179487	0.8871794871794871
14	0.37405635515848795	5.099847867932855	0.948076923076923	0.8923076923076924
15	0.37385308742523193	3.2123166375926564	0.9682692307692308	0.8897435897435897
16	0.3737053871154785	3.280843817990045	0.9625	0.9102564102564102
17	0.3739495409859551	2.8970030360113905	0.967948717948718	0.882051282051282
18	0.3736216520008288	3.124846734638725	0.9682692307692308	0.9102564102564102
19	0.37344189882278445	2.548498028775259	0.9756410256410256	0.9282051282051282
20	0.37273160616556805	2.479126377031207	0.975	0.9282051282051282
21	0.3724485527385365	2.202881210692683	0.9753205128205128	0.9384615384615385
22	0.3721173224241837	1.2562673788954866	0.9865384615384616	0.9435897435897436
23	0.3720557590325673	1.964381028917067	0.9794871794871794	0.9487179487179487
24	0.37198556900024415	1.1503881859802165	0.9875	0.9333333333333333
25	0.37197992434868443	1.3160416677176041	0.9865384615384616	0.9333333333333333
26	0.37193682458665633	1.3204405835107424	0.9852564102564103	0.9307692307692308
27	0.37198767491749357	0.8310084573981561	0.9913461538461539	0.9358974358974359
28	0.37156467602170745	0.7669941715198826	0.9903846153846154	0.941025641025641
29	0.3712650537490845	1.0144605234203556	0.9884615384615385	0.9435897435897436
30	0.3713323454703054	0.950797971399805	0.9910256410256411	0.9384615384615385
31	0.3712228760123253	0.610698975179563	0.9945512820512821	0.9461538461538461
32	0.3713652148391261	0.5293775496895102	0.9955128205128205	0.9358974358974359
33	0.3713648459490608	0.5782603280671055	0.9948717948717949	0.9461538461538461
34	0.37135242053440637	0.4866395661493345	0.9945512820512821	0.941025641025641
35	0.3713541891839769	0.486270070408604	0.9945512820512821	0.9461538461538461
36	0.3714061170010953	0.3607203733907746	0.996474358974359	0.9435897435897436
37	0.37153797400625127	0.3887453394536908	0.9948717948717949	0.941025641025641
38	0.3715084516085111	0.8963698535535143	0.9923076923076923	0.9384615384615385
39	0.3716609239578247	0.5903144288779597	0.9948717948717949	0.9435897435897436
40	0.3716406880355463	0.5977679848248063	0.9932692307692308	0.9384615384615385
41	0.3717154264450073	0.5783906684385385	0.9939102564102564	0.9435897435897436
42	0.3717429748801298	0.3726925977876372	0.996474358974359	0.9512820512820512
43	0.37168222665786743	0.34373779256581044	0.9961538461538462	0.9512820512820512
44	0.37162876658969457	0.3232726507181093	0.9971153846153846	0.9461538461538461
45	0.3716477103855299	0.31876379645035163	0.9974358974358974	0.9461538461538461
46	0.3717063437116907	0.30042855020663556	0.9967948717948718	0.9461538461538461
47	0.37173575659592945	0.295464410597449	0.9967948717948718	0.9487179487179487
48	0.371649474513774	0.29029649793412726	0.9971153846153846	0.9461538461538461
49	0.3716200542449951	0.2929179087187382	0.9974358974358974	0.9461538461538461
50	0.37157592118955124	0.28769719201806526	0.9967948717948718	0.9487179487179487
51	0.3716202745070824	0.2859136331094398	0.996474358974359	0.9487179487179487
52	0.37172657588742813	0.28507425174608886	0.9971153846153846	0.9487179487179487
53	0.37168964633235224	0.29039581840987344	0.9971153846153846	0.9487179487179487
54	0.37173855087973856	0.28316332029721614	0.9971153846153846	0.9487179487179487
55	0.3717902387891497	0.27984071527108817	0.9971153846153846	0.9487179487179487
56	0.3717307626155385	0.2769819324546136	0.9967948717948718	0.9487179487179487
57	0.3717256496692526	0.27533976588492065	0.9971153846153846	0.9487179487179487
58	0.37171457581600903	0.27377879749348016	0.9974358974358974	0.9487179487179487
59	0.3717997670173645	0.28206105940744797	0.9971153846153846	0.9487179487179487
60	0.3718373071951944	0.3129620166033345	0.9961538461538462	0.9461538461538461
61	0.37179819230110417	0.3273944120433322	0.996474358974359	0.9435897435897436
62	0.3718473986973838	0.33618841027819885	0.996474358974359	0.9487179487179487
-1	-1	-1	-1	-1
0	0.46653223037719727	116.0703679298868	0.2923076923076923	0.5871794871794872
1	0.4183344841003418	42.73188673720068	0.655448717948718	0.658974358974359
2	0.40440789858500165	24.373808685614136	0.7833333333333333	0.8025641025641026
3	0.396917462348938	16.42720990278283	0.8477564102564102	0.8512820512820513
4	0.3922576904296875	14.044251904195669	0.8641025641025641	0.7974358974358975
5	0.38891128698984784	13.562434760891662	0.8685897435897436	0.8179487179487179
6	0.386648280279977	10.157380142990423	0.903525641025641	0.8769230769230769
7	0.3849315047264099	10.05580645008963	0.905448717948718	0.882051282051282
8	0.38314800792270237	7.04783633351326	0.9214743589743589	0.8615384615384616
9	0.3819970846176147	6.596193753943151	0.933974358974359	0.8666666666666667
10	0.3813621997833252	8.246620538891579	0.9147435897435897	0.8769230769230769
11	0.380673348903656	6.694141343464048	0.9336538461538462	0.8871794871794871
12	0.37989429327157825	7.269965121028375	0.9342948717948718	0.8974358974358975
13	0.3795252186911447	5.2648578879176355	0.9448717948717948	0.9051282051282051
14	0.379517126083374	2.970094353340718	0.9657051282051282	0.9076923076923077
15	0.37919187545776367	4.133970527548571	0.958974358974359	0.9153846153846154
16	0.3788360287161434	2.5520943905778077	0.9743589743589743	0.9256410256410257
17	0.3785027265548706	2.5026761193056495	0.9727564102564102	0.9128205128205128
18	0.37817343912626566	2.6213718388533715	0.9698717948717949	0.9051282051282051
19	0.3777027249336243	2.6941446466941614	0.9708333333333333	0.9333333333333333
20	0.37717117582048687	1.5563084110617638	0.9839743589743589	0.941025641025641
21	0.37673014944249933	1.4224882643783883	0.9846153846153847	0.9435897435897436
22	0.3764343158058498	1.4862787145170935	0.9842948717948717	0.9256410256410257
23	0.3764638602733612	1.096509752433975	0.9887820512820513	0.9333333333333333
24	0.3764982223510742	1.0097219814090248	0.9897435897435898	0.9384615384615385
25	0.3763746481675368	1.2439545698283354	0.9884615384615385	0.9333333333333333
26	0.3761350225519251	1.0185096684358634	0.9887820512820513	0.9333333333333333
27	0.37585880926677157	1.0429812045862936	0.9891025641025641	0.9358974358974359
28	0.3757045186799148	1.1773422045766242	0.9875	0.9358974358974359
29	0.3755387703577677	1.2288017641106734	0.9871794871794872	0.941025641025641
30	0.37552941230035597	0.546835677357324	0.9951923076923077	0.9487179487179487
31	0.3754572793841362	0.5002450818476286	0.9951923076923077	0.9461538461538461
32	0.3753220457019228	0.5117575762679383	0.9942307692307693	0.9461538461538461
33	0.37524553607491884	0.4387936572644061	0.9958333333333333	0.9512820512820512
34	0.37518557821001325	0.5802850340248313	0.9939102564102564	0.9461538461538461
35	0.37505922714869183	0.5254363225373838	0.9939102564102564	0.9461538461538461
36	0.3749977318016258	0.356328915221954	0.9961538461538462	0.9487179487179487
37	0.3748876923008969	0.39138481148019105	0.9961538461538462	0.9487179487179487
38	0.3748317620693109	0.3597998694791126	0.996474358974359	0.9435897435897436
39	0.3747464418411255	0.3852779521002216	0.9958333333333333	0.9512820512820512
40	0.37466447527815655	0.3368017455819538	0.9967948717948718	0.9512820512820512
41	0.3746267330078852	0.3517129224824852	0.9961538461538462	0.9487179487179487
42	0.3745222867921341	0.38321340990689945	0.9951923076923077	0.9512820512820512
43	0.37450911782004614	0.3411990427067598	0.996474358974359	0.9487179487179487
44	0.37449419763353137	0.31253517698051114	0.996474358974359	0.9461538461538461
45	0.37449057205863623	0.3088311727015582	0.9971153846153846	0.9487179487179487
46	0.3743579134028009	0.3158442935340905	0.9967948717948718	0.9512820512820512
47	0.37424347798029584	0.3207592802221426	0.9967948717948718	0.9512820512820512
48	0.3743010783682064	0.3050265764094157	0.9967948717948718	0.9538461538461539
49	0.3742579126358032	0.29837216536855393	0.9971153846153846	0.9512820512820512
50	0.3742559143141204	0.3153585116711578	0.996474358974359	0.9487179487179487
51	0.37417319187751186	0.3082005191316391	0.9967948717948718	0.9512820512820512
52	0.3741493450020844	0.2947445913802711	0.9971153846153846	0.9512820512820512
53	0.3741795707631994	0.2882456617867598	0.9974358974358974	0.9435897435897436
54	0.374163293838501	0.3556167626974995	0.9958333333333333	0.9512820512820512
55	0.37410549180848257	0.35280851304248373	0.9958333333333333	0.9512820512820512
56	0.3740000933931585	0.2953328720951151	0.9974358974358974	0.9487179487179487
57	0.3739156599702506	0.28700051298430335	0.9971153846153846	0.9487179487179487
58	0.3738374265573792	0.27929948472273264	0.9974358974358974	0.9512820512820512
59	0.3738067030906677	0.28674338172262354	0.9971153846153846	0.9487179487179487
60	0.3736870093423812	0.2885311201888336	0.9971153846153846	0.9538461538461539
61	0.37363990660636653	0.28043038283876554	0.9974358974358974	0.9435897435897436
62	0.37367558100866893	0.3021337131150566	0.996474358974359	0.9512820512820512
63	0.3736342526972294	0.6127762841998465	0.9951923076923077	0.9435897435897436
64	0.3736282495351938	0.5177050711778919	0.9951923076923077	0.9461538461538461
65	0.3735598795341723	1.1616468738627321	0.9907051282051282	0.9487179487179487
66	0.373486348052523	0.42402440326689855	0.9955128205128205	0.9461538461538461
67	0.3734213499461903	0.3206352062279249	0.9971153846153846	0.9461538461538461
68	0.37336020538772363	0.2988185005604613	0.9961538461538462	0.9435897435897436
-1	-1	-1	-1	-1
0	0.5139846801757812	118.59282945126904	0.2878205128205128	0.5897435897435898
1	0.44286656379699707	42.64537319845083	0.6525641025641026	0.717948717948718
2	0.4185485045115153	24.342078189460597	0.782051282051282	0.782051282051282
3	0.40631622076034546	16.91593215416889	0.8419871794871795	0.8076923076923077
4	0.3988138198852539	14.907401053272949	0.8538461538461538	0.8307692307692308
5	0.3941677014033	12.417934945651464	0.8823717948717948	0.8179487179487179
6	0.39045119285583496	10.561156688904276	0.8951923076923077	0.8179487179487179
7	0.3881181478500366	9.099799091718635	0.9102564102564102	0.8589743589743589
8	0.3865968916151259	9.395156261872271	0.908974358974359	0.8461538461538461
9	0.38528330326080323	8.816439324495743	0.9073717948717949	0.8666666666666667
10	0.3841488578102805	7.880716421774456	0.9198717948717948	0.8743589743589744
11	0.3828638195991516	7.082392589170105	0.9314102564102564	0.8974358974358975
12	0.3821235986856314	4.853264147833902	0.9448717948717948	0.8615384615384616
13	0.38108558314187185	4.351389150534358	0.9576923076923077	0.8897435897435897
14	0.38025046984354655	4.587544825916388	0.951602564102564	0.9051282051282051
15	0.37944187223911285	3.1943966596558386	0.967948717948718	0.9
16	0.3789506519542021	3.1732316292366205	0.9641025641025641	0.8897435897435897
17	0.37837578190697563	3.322502857872418	0.9692307692307692	0.9153846153846154
18	0.37795197336297287	2.2668654098346526	0.9766025641025641	0.9282051282051282
19	0.3776394367218018	2.71415663126628	0.9705128205128205	0.9051282051282051
20	0.37718669573465985	2.0819082290162236	0.9778846153846154	0.9205128205128205
21	0.3766077540137551	2.071573297474153	0.9762820512820513	0.9153846153846154
22	0.37641912957896356	1.632049825726723	0.9830128205128205	0.9230769230769231
23	0.3760988215605418	1.4664301977834988	0.9849358974358975	0.9384615384615385
24	0.3760133361816406	1.3978833997127962	0.9862179487179488	0.9358974358974359
25	0.3758743909689096	1.2525046971075389	0.9868589743589744	0.9358974358974359
26	0.3757237328423394	0.7818848463725678	0.9913461538461539	0.9358974358974359
27	0.375433657850538	1.0996459221695454	0.9884615384615385	0.9307692307692308
28	0.37516507609137173	0.7600510653051339	0.9923076923076923	0.9333333333333333
29	0.37517951329549154	0.676954576360746	0.9939102564102564	0.9358974358974359
30	0.37509019913211944	0.45950092246746455	0.9955128205128205	0.9333333333333333
31	0.3749147057533264	0.7364549462693002	0.9939102564102564	0.9435897435897436
32	0.3747596957466819	0.5171285042377683	0.9955128205128205	0.9358974358974359
33	0.3745621022056131	0.4356678319383384	0.9951923076923077	0.9358974358974359
34	0.37444396700177873	0.5169215602850736	0.9945512820512821	0.941025641025641
35	0.37413867976930404	0.4038667866463621	0.9955128205128205	0.9333333333333333
36	0.37355463569228714	0.4013227614032447	0.9948717948717949	0.9307692307692308
37	0.3735772496775577	0.6646932872411396	0.9935897435897436	0.9384615384615385
38	0.37343645095825195	0.3328383869458256	0.9971153846153846	0.941025641025641
39	0.37338979840278624	0.3469250340059837	0.9971153846153846	0.9358974358974359
40	0.37338241135201805	0.2993344309435663	0.9971153846153846	0.9435897435897436
41	0.373234198206947	0.31590538858364775	0.9967948717948718	0.9384615384615385
42	0.3731426028318183	0.270844024298974	0.9967948717948718	0.9435897435897436
43	0.3728934255513278	0.27467863086126365	0.9971153846153846	0.941025641025641
44	0.37284465895758734	0.24197478958272509	0.9974358974358974	0.9435897435897436
45	0.3727252846178801	0.24175729089872722	0.9961538461538462	0.9384615384615385
46	0.37264169023392046	0.24028634210443836	0.9977564102564103	0.9384615384615385
47	0.37259040276209515	0.2339772825356221	0.9977564102564103	0.9435897435897436
48	0.3724864745626644	0.20003037057503373	0.9977564102564103	0.9384615384615385
49	0.37249417304992677	0.19249584573147016	0.9983974358974359	0.9384615384615385
50	0.37244584513645546	0.2892329541191801	0.9971153846153846	0.9435897435897436
51	0.37241628995308507	0.24574077636305225	0.9974358974358974	0.9435897435897436
-1	-1	-1	-1	-1
0	0.4597592353820801	117.05431085703324	0.2842948717948718	0.6333333333333333
1	0.41689276695251465	40.179815598896575	0.6628205128205128	0.7512820512820513
2	0.4001186688741048	21.050555710889856	0.8128205128205128	0.7948717948717948
3	0.3887487053871155	16.07998480115618	0.8448717948717949	0.823076923076923
4	0.3820228576660156	12.905677389125435	0.8737179487179487	0.8358974358974359
5	0.3771894375483195	11.502367408908142	0.8862179487179487	0.8102564102564103
6	0.3742596421922956	10.324520067292816	0.9009615384615385	0.8666666666666667
7	0.37223902344703674	9.81403417854893	0.9006410256410257	0.8615384615384616
8	0.371079683303833	9.330597454796033	0.9067307692307692	0.8461538461538461
9	0.3699699878692627	7.339925486822517	0.9198717948717948	0.8435897435897436
10	0.3701625303788619	7.845304299374016	0.9227564102564103	0.9025641025641026
11	0.3706234296162923	5.80769042397032	0.9387820512820513	0.9051282051282051
12	0.3709259400000939	5.595114792031901	0.9394230769230769	0.8743589743589744
13	0.3711358308792114	5.0272668487563426	0.9458333333333333	0.9
14	0.37124322255452474	3.937340788923356	0.9605769230769231	0.9102564102564102
15	0.3712206780910492	2.8869014133352366	0.9717948717948718	0.9179487179487179
16	0.3704363177804386	3.1818307994731834	0.9673076923076923	0.9205128205128205
17	0.36977346738179523	3.4965507041814985	0.9637820512820513	0.9102564102564102
18	0.36959820044668096	1.861545202835482	0.9791666666666666	0.9179487179487179
19	0.36963232755661013	1.8968510075415275	0.9804487179487179	0.9435897435897436
20	0.36973140353248235	1.700203869928967	0.9833333333333333	0.9230769230769231
21	0.36934413693167945	2.003134625906847	0.9791666666666666	0.9282051282051282
22	0.3689799516097359	1.4072992727160454	0.9830128205128205	0.9461538461538461
23	0.3684763014316559	1.023577202748203	0.9887820512820513	0.941025641025641
24	0.36810759544372557	1.0242848107686304	0.9881410256410257	0.9358974358974359
25	0.36783568675701434	1.0257850849540069	0.9875	0.9461538461538461
26	0.3675606868885182	0.9380700132686036	0.9900641025641026	0.941025641025641
27	0.3674270510673523	0.6125733363632189	0.9932692307692308	0.9487179487179487
28	0.36717024342767124	0.8799298150768998	0.9897435897435898	0.9307692307692308
29	0.3670680920283	0.8727675829206271	0.9913461538461539	0.941025641025641
30	0.36690338196293	0.3594546669212702	0.9971153846153846	0.9333333333333333
31	0.36680058389902115	0.46080252175380915	0.9951923076923077	0.9461538461538461
32	0.3665996826056278	0.26973797171792413	0.996474358974359	0.9461538461538461
33	0.36653417699477253	0.22534313189146127	0.9983974358974359	0.9461538461538461
34	0.36629159109933035	0.2656682832035882	0.9971153846153846	0.9358974358974359
35	0.3662063082059224	0.36469659784319336	0.996474358974359	0.9435897435897436
36	0.366064368067561	0.2617918366570161	0.9974358974358974	0.9461538461538461
37	0.3659071357626664	0.20439828407466032	0.9977564102564103	0.9461538461538461
38	0.3658468234233367	0.3460268987154431	0.9958333333333333	0.9512820512820512
39	0.36579894423484804	0.720965904193783	0.9923076923076923	0.9307692307692308
40	0.3657183123797905	0.7531210417165516	0.9926282051282052	0.9435897435897436
41	0.3656659580412365	0.27226925939107693	0.9961538461538462	0.9435897435897436
42	0.36551148946895157	0.1811274155063854	0.9980769230769231	0.9461538461538461
43	0.36547244678844104	0.15577835951544516	0.9987179487179487	0.9461538461538461
44	0.36535305976867677	0.1338821292595881	0.9990384615384615	0.9461538461538461
45	0.3652637004852295	0.13067461592406604	0.9987179487179487	0.9435897435897436
46	0.3651084341901414	0.15543471628678868	0.9980769230769231	0.9487179487179487
47	0.36507566769917804	0.14293598632294952	0.9983974358974359	0.9461538461538461
48	0.36501092326884366	0.12008037871968628	0.9990384615384615	0.9435897435897436
49	0.36496535301208494	0.11635471006237061	0.9990384615384615	0.9487179487179487
50	0.3649674817627552	0.11632339692406109	0.9990384615384615	0.9461538461538461
51	0.3650549971140348	0.11322857311550215	0.9987179487179487	0.9461538461538461
52	0.36510469778528754	0.11208656512106394	0.9987179487179487	0.9461538461538461
53	0.36525429178167274	0.1048819791773282	0.9987179487179487	0.9487179487179487
54	0.36528886448253284	0.10370288470392329	0.9987179487179487	0.9487179487179487
55	0.36531061785561697	0.10599715211630646	0.9990384615384615	0.9487179487179487
56	0.3653335780428167	0.10116175712080024	0.9987179487179487	0.9487179487179487
57	0.3654076600896901	0.10609967975918208	0.9990384615384615	0.9487179487179487
58	0.36553643921674306	0.10438362789210835	0.9987179487179487	0.9461538461538461
-1	-1	-1	-1	-1
