0	1.6240205764770508	20.444078738295186	0.7120276611509014	0.3237250554323725
1	1.5500503778457642	5781.629173639252	0.4976537416646085	0.5343680709534369
2	1.526978890101115	29.830716380922812	0.559644356631267	0.532150776053215
3	1.5129947066307068	29.960532406183678	0.5534699925907631	0.5343680709534369
4	1.503943967819214	29.855270761204515	0.5584094838231662	0.5277161862527716
5	1.4980401198069255	29.936034968518836	0.5591504075080267	0.5543237250554324
6	1.4938130378723145	30.048265397079348	0.5621141022474685	0.5277161862527716
7	1.4911498725414276	30.05099726098729	0.5554457890837243	0.5543237250554324
8	1.4880689515007868	30.029421551021066	0.5507532724129415	0.549889135254989
9	1.486216425895691	30.408941734494185	0.5542109162756236	0.5432372505543237
10	1.4842469908974387	29.697197118143396	0.5601383057545073	0.5543237250554324
11	1.483892520268758	29.859452495424765	0.5547048653988639	0.5521064301552107
12	1.4831597621624286	30.024480316582626	0.5574215855766856	0.5299334811529933
13	1.4827630519866943	29.685856796625092	0.5635959496171894	0.5077605321507761
14	1.4826862970987955	30.184970427685837	0.5598913311928871	0.5299334811529933
15	1.4812066406011581	30.024969754256603	0.5554457890837243	0.5521064301552107
16	1.4800999304827522	29.90544952933244	0.5556927636453445	0.5543237250554324
17	1.4793309105767145	29.753085977449192	0.5571746110150655	0.5521064301552107
18	1.4784226417541504	29.604938529607818	0.5593973820696468	0.5543237250554324
19	1.4777793765068055	29.52174087584488	0.56458384786367	0.5565410199556541
20	1.4773178781781877	29.255818389532134	0.5687824154112127	0.5565410199556541
21	1.4770983457565308	29.682741075050174	0.5593973820696468	0.5543237250554324
22	1.4765968944715417	28.93008567029097	0.5690293899728328	0.5809312638580931
23	1.476541091998418	30.698546942763443	0.5547048653988639	0.532150776053215
24	1.4766017150878907	26.389083351675918	0.6043467522845147	0.6518847006651884
25	1.476195216178894	22.09655528932106	0.662879723388491	0.6829268292682927
26	1.4758771348882604	22.379458630178856	0.669301061990615	0.623059866962306
27	1.475383698940277	20.155015690120187	0.6905408742899481	0.7184035476718403
28	1.4755746989414609	19.695547299122246	0.6994319585082737	0.7250554323725056
29	1.4762666940689086	19.510772247014085	0.7073351444801186	0.7161862527716186
30	1.4763520379220285	18.886398510670098	0.7132625339590022	0.7361419068736141
31	1.4764094948768616	18.569378169502798	0.7127685848357619	0.7317073170731707
32	1.4762657049930457	18.59317274919645	0.7110397629044208	0.7073170731707317
33	1.4762499051935531	18.47858987643024	0.7191899234378859	0.6674057649667405
34	1.4759087085723877	18.074433251628726	0.7256112620400099	0.7028824833702882
35	1.4757373465432062	18.118636161323607	0.7204247962459867	0.7317073170731707
36	1.475498914718628	17.988297935545912	0.7233884909854285	0.7339246119733924
37	1.4753012406198602	17.97637191532165	0.7243763892319092	0.7250554323725056
38	1.4750053210136218	18.032928635754924	0.7238824401086688	0.7272727272727273
39	1.474766618013382	17.80194059882577	0.7283279822178316	0.720620842572062
40	1.4744296306517066	17.85201699714961	0.7280810076562114	0.738359201773836
41	1.4741840249016172	17.970395264663097	0.717708076068165	0.7095343680709535
42	1.4740710258483887	17.776485750994343	0.7219066436157076	0.7317073170731707
43	1.473734118721702	17.475369265699012	0.7369720918745369	0.7228381374722838
44	1.473626226849026	17.54274922468531	0.7295628550259323	0.7073170731707317
45	1.4733941399532815	17.583038239967166	0.7340083971350951	0.7184035476718403
46	1.4733037796426327	17.34634729820912	0.7349962953815757	0.738359201773836
47	1.4738487601280212	17.505519964563565	0.7248703383551495	0.7272727272727273
48	1.475911792443723	17.317270812087173	0.7399357866139787	0.7073170731707317
49	1.4777673864364624	17.329021904412215	0.7367251173129168	0.7272727272727273
50	1.4776574256373387	17.460284311940352	0.7340083971350951	0.7339246119733924
51	1.478052189716926	17.18534876230195	0.7406767102988392	0.7516629711751663
52	1.4787164049328498	17.514992909168633	0.7293158804643122	0.7339246119733924
53	1.4790905934792977	17.099904353224385	0.7436404050382811	0.7361419068736141
54	1.4802226586775347	17.24666703592135	0.7364781427512966	0.7228381374722838
55	1.4807066704545702	17.08252868502159	0.7431464559150408	0.7339246119733924
56	1.4809741722910028	17.101388187859	0.7394418374907384	0.7339246119733924
57	1.4809911867667889	16.95630183933288	0.7394418374907384	0.7405764966740577
58	1.482329809059531	16.922872194154994	0.748332921709064	0.7472283813747228
59	1.4827114979426066	16.94534126416905	0.7389478883674981	0.7250554323725056
60	1.4826409074126696	16.947834686970147	0.7411706594220795	0.7317073170731707
61	1.482623734781819	17.00104352620643	0.7416646085453198	0.7516629711751663
62	1.4825941305311898	16.964664241460365	0.7424055322301802	0.7427937915742794
63	1.4826803989708424	16.915025485782174	0.7424055322301802	0.7361419068736141
64	1.4828170152810904	16.83771187489427	0.7414176339836996	0.753880266075388
65	1.4832766706293279	16.746762850153164	0.745122252408002	0.7317073170731707
66	1.4833100375844472	16.961061935725173	0.7396888120523586	0.7560975609756098
67	1.4834100639118868	16.874378662409743	0.7369720918745369	0.7272727272727273
68	1.4836050254711206	16.74733470556304	0.7446283032847617	0.7472283813747228
69	1.4833290031978061	16.791647648248148	0.7446283032847617	0.7339246119733924
70	1.4830682479159933	16.723112158887968	0.7426525067918004	0.7450110864745011
71	1.4829408824443817	16.689286002962607	0.7473450234625834	0.7361419068736141
72	1.4840276829183918	16.707677660964606	0.7498147690787849	0.7228381374722838
73	1.484101089271339	16.70691058391661	0.7473450234625834	0.7427937915742794
74	1.4840781625111898	16.609185812041517	0.7466040997777229	0.7405764966740577
75	1.483962451156817	16.672242491264043	0.7448752778463819	0.7272727272727273
76	1.4837658064705985	16.571745260493962	0.7461101506544826	0.738359201773836
77	1.4834549182500594	16.52045005137526	0.7525314892566066	0.7405764966740577
78	1.483580154708669	16.580898893161084	0.7508026673252655	0.7427937915742794
79	1.4835257917642592	16.540882148141936	0.7478389725858237	0.7450110864745011
80	1.483619745866752	16.52360704001479	0.745122252408002	0.7117516629711752
81	1.4835909953931483	16.501018633054	0.7485798962706841	0.7450110864745011
82	1.4835433155657298	16.47167904921404	0.7493208199555446	0.7361419068736141
83	1.4837700639452254	16.514784918056698	0.7495677945171647	0.7427937915742794
84	1.4838325388291302	16.469852980666275	0.7503087182020252	0.7405764966740577
85	1.4843226338541784	16.55053990281473	0.7466040997777229	0.7272727272727273
86	1.4842714550851406	16.434136221727986	0.748332921709064	0.7405764966740577
87	1.4846305007284337	16.51388467202975	0.7537663620647074	0.738359201773836
88	1.4848311831442158	16.362027645111084	0.7545072857495678	0.738359201773836
89	1.484786785973443	16.414364627027137	0.7520375401333662	0.7405764966740577
90	1.4846720328697791	16.48529727815643	0.7530254383798469	0.7427937915742794
91	1.4846754488737688	16.38398619148675	0.7525314892566066	0.7250554323725056
92	1.4848681598581293	16.386886821957084	0.7550012348728081	0.738359201773836
93	1.484868034403375	16.334163365401622	0.7508026673252655	0.7272727272727273
94	1.4848835468292236	16.279390755600815	0.7574709804890096	0.7427937915742794
95	1.4847365866104762	16.310694626935824	0.7508026673252655	0.7472283813747228
96	1.484691189736435	16.337476865513118	0.7520375401333662	0.7472283813747228
-1	-1	-1	-1	-1
0	1.5086400508880615	21.508687680161845	0.7014077550012349	0.5210643015521065
1	1.4865399599075317	702.5961660249966	0.5300074092368486	0.5543237250554324
2	1.4844544728597004	29.843969893267776	0.556433687330205	0.5521064301552107
3	1.481386959552765	30.137442070668136	0.5485305013583601	0.5432372505543237
4	1.4840189933776855	29.94688368970015	0.5631020004939491	0.5543237250554324
5	1.484616716702779	29.783253144091507	0.5606322548777476	0.5543237250554324
6	1.4831486770084925	29.83889767504114	0.5611262040009879	0.5543237250554324
7	1.4821688532829285	29.794132698239302	0.5566806618918252	0.5543237250554324
8	1.4826901223924425	29.729953180147906	0.5566806618918252	0.5454545454545454
9	1.4848848342895509	29.702566417183462	0.5598913311928871	0.49667405764966743
10	1.4843208139592952	30.016518194844405	0.5551988145221042	0.5299334811529933
11	1.4846732417742412	29.581747820996863	0.559644356631267	0.5277161862527716
12	1.484380190189068	28.856131395955725	0.566065695233391	0.5587583148558758
13	1.4847409554890223	26.67260088883047	0.5947147443813288	0.5920177383592018
14	1.4844767570495605	23.193278688145433	0.646826376883181	0.623059866962306
15	1.4844360053539276	22.292988431735303	0.656458384786367	0.6585365853658537
16	1.4833673308877384	20.426065257215125	0.6949864163991109	0.6962305986696231
17	1.4840860764185588	19.583990067008912	0.7169671523833046	0.7161862527716186
18	1.4840709159248753	18.540640320364883	0.7265991602864905	0.7361419068736141
19	1.484153640270233	19.008381903640867	0.7261052111632502	0.7361419068736141
20	1.4843304611387707	19.016032038711188	0.719436897999506	0.7184035476718403
21	1.4839296340942383	18.27434329160555	0.7416646085453198	0.6940133037694013
22	1.4843471983204717	18.508725819625255	0.7298098295875525	0.6873614190687362
23	1.4842768410841625	17.95007982028751	0.7364781427512966	0.7184035476718403
24	1.483851203918457	17.64873082619014	0.7493208199555446	0.6962305986696231
25	1.4840715114886944	17.61990028291237	0.7512966164485058	0.6917960088691796
26	1.4838681485917833	17.73357232161394	0.7468510743393431	0.7317073170731707
27	1.483631466116224	17.519532932071236	0.7490738453939244	0.720620842572062
28	1.4831964558568493	17.48249012654222	0.7542603111879477	0.7250554323725056
29	1.4831459045410156	17.309443935634583	0.7480859471474438	0.7028824833702882
30	1.4832136400284306	17.3067792982567	0.7508026673252655	0.7250554323725056
31	1.4829668775200844	17.057897109684983	0.7591998024203507	0.720620842572062
32	1.4825695355733235	16.977225318668395	0.7545072857495678	0.729490022172949
33	1.4824938143000883	17.0110610563924	0.7545072857495678	0.7405764966740577
34	1.4823335715702601	17.13546474336639	0.7498147690787849	0.7161862527716186
35	1.4821561111344232	16.838395253879817	0.7515435910101259	0.720620842572062
36	1.4818500248161521	16.549775904557837	0.762904420844653	0.7228381374722838
37	1.4821763477827374	16.595591653989057	0.7550012348728081	0.7250554323725056
38	1.4819318025540082	16.515539878935325	0.7569770313657693	0.7228381374722838
39	1.4819230794906617	16.49401971862072	0.750061743640405	0.7339246119733924
40	1.4820178020291213	16.239326972661058	0.7591998024203507	0.7272727272727273
41	1.4819449016026087	16.101233474851593	0.7587058532971104	0.7161862527716186
42	1.4817721122919127	15.976067336525505	0.7626574462830329	0.729490022172949
43	1.4816981554031372	15.56756908687081	0.769325759446777	0.7184035476718403
44	1.4817056549919976	15.718115093201165	0.7705606322548777	0.7494456762749445
45	1.48161054175833	15.653269542483834	0.7658681155840948	0.7405764966740577
46	1.481760177206486	15.601142680551124	0.7688318103235366	0.738359201773836
47	1.4815472662448883	15.468527313292496	0.7730303778710793	0.7494456762749445
48	1.481559047893602	15.502555283974475	0.7671029883921956	0.7427937915742794
49	1.4821167945861817	15.02467170475036	0.7777228945418622	0.7250554323725056
50	1.48213220577614	15.038117262322134	0.7769819708570017	0.738359201773836
51	1.4822557476850657	14.79584472385917	0.7789577673499629	0.729490022172949
52	1.4822068169431866	14.993280891358383	0.7759940726105211	0.738359201773836
53	1.482230954700046	14.946046915579968	0.7759940726105211	0.738359201773836
54	1.4822007396004417	14.829536430479035	0.7772289454186219	0.738359201773836
55	1.4820267132350378	14.761597839866097	0.7796986910348234	0.7339246119733924
56	1.4820602023810672	14.652348672311136	0.7826623857742653	0.7494456762749445
57	1.482011577178692	14.597470508785698	0.7796986910348234	0.7427937915742794
58	1.4819689403146	14.502518601304903	0.788836749814769	0.729490022172949
59	1.4818938453992208	14.578940263883336	0.7826623857742653	0.7184035476718403
60	1.4819309007926065	14.543664774556799	0.7806865892813041	0.7161862527716186
61	1.481876596327751	14.500331908699096	0.7848851568288466	0.7339246119733924
62	1.4816746711730957	14.281791401660348	0.7861200296369474	0.729490022172949
63	1.481705866754055	14.284391467026838	0.7846381822672265	0.7405764966740577
64	1.4818773416372446	14.217786323367141	0.791800444554211	0.7494456762749445
65	1.482007785276933	14.087855376596526	0.7908125463077303	0.7339246119733924
66	1.4822311365782326	14.147032178293063	0.7878488515682884	0.7560975609756098
67	1.4824691870633293	14.09578780677375	0.7893306989380093	0.738359201773836
68	1.482466483461684	14.054265078597181	0.7908125463077303	0.7472283813747228
69	1.4826345920562745	13.972111927242729	0.7947641392936527	0.7472283813747228
70	1.482584879431926	13.931038766395389	0.7955050629785132	0.738359201773836
71	1.4824979205926259	13.833755395543857	0.7945171647320326	0.738359201773836
72	1.4824785435036436	13.80538586368711	0.7930353173623117	0.7427937915742794
73	1.4824094063526876	13.78869740794024	0.795258088416893	0.7450110864745011
74	1.4821632162729899	13.639203094121978	0.796739935786614	0.7405764966740577
75	1.4821395748539974	13.690817228452428	0.7982217831563349	0.7516629711751663
76	1.4821576267093808	13.704670357891894	0.7959990121017535	0.7516629711751663
77	1.48221021432143	13.56522081405159	0.7955050629785132	0.7472283813747228
78	1.4825192976601516	13.588626538674662	0.7989627068411953	0.7560975609756098
79	1.4824893563985824	13.536646467494213	0.7982217831563349	0.7472283813747228
80	1.482457681938454	13.533699106982374	0.7957520375401334	0.7605321507760532
81	1.482457160949707	13.388558350210115	0.7987157322795752	0.753880266075388
82	1.4825882566980568	13.411813075148215	0.7972338849098543	0.7516629711751663
83	1.4826178777785528	13.471327323613204	0.8011854778957768	0.7405764966740577
84	1.4828130834242876	13.396906477259838	0.8009385033341566	0.7560975609756098
85	1.4827675847120063	13.321326721371628	0.8021733761422574	0.7472283813747228
86	1.4827233292590614	13.250800793565164	0.7997036305260559	0.738359201773836
87	1.4826605861837214	13.238999325459398	0.8051370708816992	0.7450110864745011
88	1.4826208982574807	13.196545334312859	0.8029142998271178	0.738359201773836
89	1.482703603638543	13.167509262956033	0.8016794270190171	0.7583148558758315
90	1.4826324667249406	13.111541214890368	0.8026673252654977	0.7560975609756098
91	1.482520043849945	13.066309767445242	0.8053840454433193	0.7516629711751663
92	1.4825811847563712	13.12086976794746	0.8083477401827611	0.7516629711751663
93	1.4825416219995378	13.096946307054655	0.8019264015806372	0.7605321507760532
94	1.4825316655008416	13.003375102215864	0.8068658928130402	0.753880266075388
95	1.4826136554280918	12.996791907182828	0.8085947147443814	0.753880266075388
96	1.48269595313318	12.953910305744081	0.808100765621141	0.7560975609756098
97	1.4826066080404787	12.963859006175845	0.8063719436897999	0.7472283813747228
98	1.48259666953424	12.925173960332796	0.8073598419362805	0.7649667405764967
99	1.4825065922737122	12.88992946354423	0.8068658928130402	0.7671840354767184
-1	-1	-1	-1	-1
0	1.48142409324646	21.173711829298124	0.6996789330698938	0.5210643015521065
1	1.462233066558838	630.6925749140462	0.4988886144727093	0.5210643015521065
2	1.4696628252665203	31.813450603034553	0.5218572487033836	0.5210643015521065
3	1.4667184352874756	31.678423859003022	0.5218572487033836	0.5210643015521065
4	1.469167423248291	31.75573222843681	0.5218572487033836	0.5210643015521065
5	1.4719713528951008	31.777896302891527	0.5218572487033836	0.5210643015521065
6	1.4704734257289342	31.748893782848448	0.5218572487033836	0.5210643015521065
7	1.4686676263809204	31.75751627524068	0.5218572487033836	0.5210643015521065
8	1.4682906998528376	31.782318881177527	0.5218572487033836	0.5210643015521065
9	1.4673920631408692	31.75918841925193	0.5218572487033836	0.5210643015521065
10	1.4667422771453857	31.771692321056456	0.5218572487033836	0.5210643015521065
11	1.465347667535146	31.721245653047337	0.5218572487033836	0.5210643015521065
12	1.464392588688777	31.727111696258305	0.5218572487033836	0.5210643015521065
13	1.4634911332811629	31.843355231397734	0.5218572487033836	0.5210643015521065
14	1.4621091524759928	31.80204202997403	0.5218572487033836	0.5210643015521065
15	1.4611476510763168	31.84267475098137	0.5218572487033836	0.5210643015521065
16	1.4597496144911821	31.76241415128933	0.5218572487033836	0.5210643015521065
17	1.4594444566302829	31.78838746378741	0.5218572487033836	0.5210643015521065
18	1.4593891721022756	31.75498295581247	0.5218572487033836	0.5210643015521065
19	1.4588900089263916	31.776555204016017	0.5218572487033836	0.5210643015521065
20	1.4586435613178073	31.694933530852552	0.5218572487033836	0.5210643015521065
21	1.4583386833017522	31.730406077827993	0.5218572487033836	0.5210643015521065
22	1.458334850228351	31.709216185442106	0.5218572487033836	0.5210643015521065
23	1.4580883383750916	31.711469500083624	0.5218572487033836	0.5210643015521065
24	1.4579297637939452	31.700833958903637	0.5218572487033836	0.5210643015521065
25	1.4577705034842858	31.69691892308513	0.5218572487033836	0.5210643015521065
26	1.4580622690695304	31.71109265605296	0.5218572487033836	0.5210643015521065
27	1.4577859384672982	31.718131343210775	0.5218572487033836	0.5210643015521065
28	1.45749045240468	31.6980998872772	0.5218572487033836	0.5210643015521065
29	1.4571313858032227	31.714288876751276	0.5218572487033836	0.5210643015521065
30	1.4567751730642011	31.744210851474072	0.5218572487033836	0.5210643015521065
-1	-1	-1	-1	-1
0	1.4848370552062988	21.140818716034175	0.6944924672758706	0.5210643015521065
1	1.464937448501587	802.950190987174	0.48283526796739934	0.5210643015521065
2	1.4594523906707764	31.824268048203837	0.5221042232650037	0.5210643015521065
3	1.4553186893463135	31.82887803475688	0.5221042232650037	0.5210643015521065
4	1.4529419422149659	31.845657108336923	0.5221042232650037	0.5210643015521065
5	1.4532516400019329	31.868338517316683	0.5221042232650037	0.5210643015521065
6	1.4527793952396937	31.868451381292868	0.5221042232650037	0.5210643015521065
7	1.4533044695854187	31.968764898345228	0.5221042232650037	0.5210643015521065
8	1.4520916673872206	31.96390686635896	0.5193875030871821	0.5210643015521065
9	1.4503850221633912	31.978557338864785	0.5174117065942208	0.5210643015521065
10	1.4503197886727073	31.95926061014491	0.5221042232650037	0.5210643015521065
11	1.4500442345937092	32.046456674891196	0.5221042232650037	0.5210643015521065
12	1.4514533373025746	31.878758678286093	0.5221042232650037	0.5210643015521065
13	1.4507647923060827	31.955255238089975	0.5221042232650037	0.5210643015521065
14	1.4494235197703043	31.981395210806777	0.5221042232650037	0.5210643015521065
15	1.4503254741430283	31.876908399927334	0.5221042232650037	0.5210643015521065
16	1.4502863743725944	31.814230753680853	0.5221042232650037	0.5210643015521065
17	1.451058030128479	31.82357975817102	0.5221042232650037	0.5210643015521065
18	1.4508740901947021	31.826833402077984	0.5221042232650037	0.5210643015521065
19	1.4503996253013611	31.80503586896761	0.5221042232650037	0.5210643015521065
20	1.4501420089176722	31.857753415746014	0.5221042232650037	0.5210643015521065
21	1.450121435252103	31.798859551196962	0.5221042232650037	0.5210643015521065
22	1.4498890068220056	31.823543443454533	0.5221042232650037	0.5210643015521065
23	1.4497504432996113	31.825946680204137	0.5221042232650037	0.5210643015521065
24	1.4493464374542235	31.870001470010113	0.5221042232650037	0.5210643015521065
25	1.4496809244155884	31.81341974754033	0.5221042232650037	0.5210643015521065
26	1.449640600769608	31.83085317686787	0.5221042232650037	0.5210643015521065
27	1.4499691128730774	31.7576050946093	0.5221042232650037	0.5210643015521065
28	1.4501079197587639	31.83260088642751	0.5221042232650037	0.5210643015521065
29	1.4498631397883097	31.83009943624181	0.5221042232650037	0.5210643015521065
30	1.4495439606328164	31.761965849268154	0.5221042232650037	0.5210643015521065
-1	-1	-1	-1	-1
0	1.5108306407928467	20.60140246293676	0.7135095085206223	0.5144124168514412
1	1.4945354461669922	1146.7466610135057	0.5082736478142751	0.5188470066518847
2	1.4894729455312092	29.99378838126115	0.5544578908372437	0.5454545454545454
3	1.491284430027008	29.829181190550795	0.5507532724129415	0.5432372505543237
4	1.4913412094116212	29.83854340380571	0.5502593232897012	0.5476718403547672
5	1.4892546733220418	29.92087714878593	0.5559397382069646	0.549889135254989
6	1.489438738141741	29.895463943481445	0.5561867127685849	0.516629711751663
7	1.4899398684501648	29.684337450763373	0.5559397382069646	0.5232815964523282
8	1.488534927368164	29.561805334616835	0.5559397382069646	0.5388026607538803
9	1.4875720024108887	29.211852584298203	0.5635959496171894	0.5476718403547672
10	1.4871849363500422	28.262856626135157	0.5764386268214374	0.5277161862527716
11	1.4850529829661052	26.2185764613114	0.6053346505309953	0.6208425720620843
12	1.4843486639169545	23.95978776676448	0.6268214373919486	0.6629711751662971
13	1.4837450640542167	22.73696083909883	0.6396641145961965	0.6363636363636364
14	1.4829718112945556	20.568971258448805	0.6722647567300568	0.6119733924611973
15	1.4842175245285034	20.35220797981803	0.6868362558656458	0.7028824833702882
16	1.4851413895102108	19.22288662993063	0.7056063225487774	0.6784922394678492
17	1.4854447576734755	18.743161625749483	0.7199308471227464	0.6740576496674058
18	1.4851022519563373	19.69086835891243	0.7026426278093356	0.6674057649667405
19	1.4848758697509765	19.25843829057348	0.7043714497406767	0.6740576496674058
20	1.4845477853502547	18.829959103441613	0.7125216102741417	0.6940133037694013
21	1.4852024967020208	18.58285820578027	0.720918745369227	0.720620842572062
22	1.485609127127606	18.259132873354936	0.7270931094097308	0.7028824833702882
23	1.485344539086024	18.13072236879604	0.7305507532724129	0.6829268292682927
24	1.4860108184814453	18.110592586787668	0.7233884909854285	0.70509977827051
25	1.4869946883274958	18.17580616568017	0.7295628550259323	0.7028824833702882
26	1.4878419240315754	18.461331254853977	0.7199308471227464	0.7161862527716186
27	1.4884501951081412	18.174012056485875	0.7243763892319092	0.7095343680709535
28	1.488419508111888	17.965477710633767	0.7352432699431959	0.7184035476718403
29	1.4882360061009725	17.777683197982668	0.7401827611755989	0.7161862527716186
30	1.488339331842238	17.767454965846746	0.7342553716967153	0.7006651884700665
31	1.4885405153036118	17.63224011518824	0.7374660409977772	0.7250554323725056
32	1.488692449800896	17.608090580917718	0.7419115831069399	0.6829268292682927
33	1.488984325352837	17.861114592064084	0.7298098295875525	0.7272727272727273
34	1.4891597747802734	17.846930398715763	0.7409236848604593	0.720620842572062
35	1.4893478221363492	17.573880420895073	0.7332674734502346	0.720620842572062
36	1.4894427995424013	17.455026926956776	0.7367251173129168	0.7073170731707317
37	1.489892238064816	17.863019087183194	0.7330204988886144	0.720620842572062
38	1.489718571687356	17.50687931090828	0.7364781427512966	0.7161862527716186
39	1.4897033512592315	17.433090915830117	0.745122252408002	0.7139689578713969
40	1.4896672702417142	17.475542534054732	0.7424055322301802	0.7139689578713969
41	1.4897072088150751	17.57649523442186	0.7332674734502346	0.7139689578713969
42	1.489778485409049	17.149845190874235	0.7456162015312423	0.7184035476718403
43	1.4897255572405728	17.44944193231778	0.740429735737219	0.7161862527716186
44	1.4896936151716444	17.146649150397835	0.7441343541615214	0.7184035476718403
45	1.4900628121002861	17.244390209828776	0.7401827611755989	0.7272727272727273
46	1.4905283349625609	17.289499538151297	0.745122252408002	0.6984478935698448
47	1.4905552913745244	17.247789202712653	0.7443813287231416	0.7117516629711752
48	1.4903350606256602	16.932766512622983	0.7438873795999013	0.7228381374722838
49	1.4900969552993775	16.957341607161393	0.7463571252161028	0.729490022172949
50	1.489995423485251	16.967889620563177	0.7463571252161028	0.7139689578713969
51	1.4899818163651686	16.937750148022268	0.7436404050382811	0.720620842572062
52	1.489882451183391	16.80277442932129	0.7406767102988392	0.7250554323725056
53	1.4896585234889277	16.47438521272554	0.7505556927636453	0.7317073170731707
54	1.4897843577645042	16.46768420512282	0.7503087182020252	0.7317073170731707
55	1.4897807155336653	16.336652902167614	0.7508026673252655	0.7317073170731707
56	1.4898711171066552	16.641352480790747	0.7453692269696222	0.7184035476718403
57	1.4897422913847298	16.202717356794462	0.7498147690787849	0.7560975609756098
58	1.4897865966214972	16.00842527704915	0.7606816497900716	0.7427937915742794
59	1.4897814591725667	15.893743943041704	0.7557421585576686	0.7139689578713969
60	1.48986744098976	15.889529588654286	0.7572240059273895	0.7228381374722838
61	1.4897879016014837	15.82501729079119	0.7584588787354902	0.738359201773836
62	1.4898095055231972	15.509097448484166	0.7671029883921956	0.738359201773836
63	1.489737767726183	15.612206406480684	0.7609286243516917	0.738359201773836
64	1.4896552526033842	15.618228356669269	0.7685848357619165	0.7427937915742794
65	1.4896196741046328	15.437084993978186	0.7663620647073351	0.7228381374722838
66	1.4895847946850223	15.433039898008811	0.7698197085700172	0.7516629711751663
67	1.4895006874028374	15.297680757177158	0.7688318103235366	0.7361419068736141
68	1.489510885183362	15.3880041715667	0.7653741664608545	0.7560975609756098
69	1.4895314625331333	15.235632107952448	0.7690787848851568	0.753880266075388
70	1.4895368327557201	15.106231606851413	0.7727834033094592	0.7272727272727273
71	1.4895386861430273	15.17349687335998	0.7703136576932575	0.753880266075388
72	1.4895744911611897	14.938070882962444	0.7784638182267226	0.7361419068736141
73	1.4896271422102645	14.935874555993268	0.777475919980242	0.7361419068736141
74	1.489588762919108	15.058168013264813	0.772536428747839	0.7494456762749445
75	1.4895797183639126	14.964436159359188	0.7784638182267226	0.7339246119733924
76	1.489521918358741	14.968585472407304	0.7834033094591257	0.753880266075388
77	1.4894032692297912	14.919083640331358	0.777475919980242	0.7317073170731707
78	1.4892874639245528	14.835908311558521	0.7816744875277847	0.7427937915742794
79	1.4892078280448913	14.914262257223054	0.7769819708570017	0.7339246119733924
80	1.4892091868836204	14.768716459199199	0.7846381822672265	0.7472283813747228
81	1.4890926175001191	14.700305698424811	0.7796986910348234	0.7472283813747228
82	1.488929096474705	14.680471542313343	0.7809335638429242	0.7450110864745011
83	1.4887040768350874	14.69632570762334	0.7782168436651025	0.7450110864745011
84	1.488587682387408	14.635367457322248	0.7836502840207459	0.7583148558758315
85	1.488535484602285	14.644663007240595	0.7801926401580637	0.7605321507760532
86	1.4884513109579853	14.625559146010032	0.7811805384045444	0.7583148558758315
87	1.4886339388110421	14.57545220007108	0.7841442331439862	0.7339246119733924
88	1.488572091199039	14.58363831137109	0.7861200296369474	0.7339246119733924
89	1.4885343366199069	14.502576505105326	0.7801926401580637	0.738359201773836
90	1.4885145307897212	14.47183407197787	0.7848851568288466	0.7516629711751663
91	1.4884548964707747	14.48937590291181	0.7883428006915287	0.7450110864745011
92	1.4884179099913566	14.422849489947943	0.7814275129661645	0.738359201773836
93	1.4885165818194126	14.42807737110168	0.7811805384045444	0.7494456762749445
94	1.4886204619156687	14.385666678270956	0.79031859718449	0.7560975609756098
95	1.4885014767448108	14.424194854075514	0.7858730550753272	0.7472283813747228
96	1.4884801181321292	14.398523071619469	0.7885897752531489	0.7427937915742794
97	1.4885471232083378	14.354341638369823	0.7880958261299086	0.7560975609756098
98	1.4885643371427901	14.454484177386666	0.7880958261299086	0.7472283813747228
99	1.48859760761261	14.321284962451363	0.7846381822672265	0.753880266075388
-1	-1	-1	-1	-1
0	1.4859936237335205	20.450958056712714	0.7088169918498395	0.5210643015521065
1	1.4783134460449219	1132.4000139311543	0.4843171153371203	0.5210643015521065
2	1.4694615205128987	31.87142728069636	0.5216102741417634	0.5210643015521065
3	1.465095043182373	31.842137644610066	0.5216102741417634	0.5210643015521065
4	1.464272403717041	31.816661819698304	0.5216102741417634	0.5210643015521065
5	1.46243683497111	31.778055881890726	0.5216102741417634	0.5210643015521065
6	1.4608571529388428	31.967651307113528	0.5216102741417634	0.5210643015521065
7	1.4587653279304504	31.913012632234828	0.5216102741417634	0.5210643015521065
8	1.4584542645348444	31.839846648569182	0.5216102741417634	0.5210643015521065
9	1.458736777305603	31.85837575957531	0.5216102741417634	0.5210643015521065
10	1.4584492986852473	31.909981434739482	0.5216102741417634	0.5210643015521065
11	1.4581811626752217	31.9038233268918	0.5216102741417634	0.5210643015521065
12	1.4578500160804162	31.922079101322204	0.5216102741417634	0.5210643015521065
13	1.45769921370915	31.85133602112297	0.5216102741417634	0.5210643015521065
14	1.4585050582885741	31.986113991324356	0.5216102741417634	0.5210643015521065
15	1.459552377462387	31.919947045994554	0.5216102741417634	0.5210643015521065
16	1.460853001650642	31.85468963562973	0.5216102741417634	0.5210643015521065
17	1.492318034172058	31.86133683572604	0.5216102741417634	0.5210643015521065
18	1.492304764295879	31.81942277442752	0.5216102741417634	0.5210643015521065
19	1.4909632086753846	31.7994490345632	0.5216102741417634	0.5210643015521065
20	1.5085122131166004	31.842641725314884	0.5216102741417634	0.5210643015521065
21	1.5533244067972356	31.810635153702865	0.5216102741417634	0.5210643015521065
22	1.5746986451356306	31.884805837015467	0.5216102741417634	0.5210643015521065
23	1.5744034846623738	31.793695179496225	0.5216102741417634	0.5210643015521065
24	1.5706217098236084	31.842002493190016	0.5216102741417634	0.5210643015521065
25	1.5901133555632372	31.83838136928288	0.5216102741417634	0.5210643015521065
26	1.5865052894309715	31.816773031640242	0.5216102741417634	0.5210643015521065
27	1.5829879641532898	31.86207622618187	0.5216102741417634	0.5210643015521065
28	1.5789255602606411	31.826360086756427	0.5216102741417634	0.5210643015521065
29	1.5744194428126017	31.81858803155854	0.5216102741417634	0.5210643015521065
30	1.5711343519149288	31.792236222995548	0.5216102741417634	0.5210643015521065
-1	-1	-1	-1	-1
0	1.4964473247528076	20.74777697765921	0.700098814229249	0.5199115044247787
1	1.47805917263031	2155.111817750405	0.4903656126482213	0.5199115044247787
2	1.472826401392619	31.73197953532061	0.5217391304347826	0.5199115044247787
3	1.4691694378852844	31.751411978654037	0.5217391304347826	0.5199115044247787
4	1.4683385848999024	31.77461082728829	0.5217391304347826	0.5199115044247787
5	1.4710155725479126	31.80792861097441	0.5217391304347826	0.5199115044247787
6	1.4697164808000838	31.774873005123588	0.5217391304347826	0.5199115044247787
7	1.4685286283493042	31.842270055155115	0.5217391304347826	0.5199115044247787
8	1.4671972592671711	31.7412332624901	0.5217391304347826	0.5199115044247787
9	1.466459059715271	31.771888620271458	0.5217391304347826	0.5199115044247787
10	1.4653055451133035	31.856308959600494	0.5217391304347826	0.5199115044247787
11	1.4641738732655842	31.77068438492422	0.5217391304347826	0.5199115044247787
12	1.4639527064103346	31.808846210870218	0.5217391304347826	0.5199115044247787
13	1.463624255997794	31.78295625851849	0.5217391304347826	0.5199115044247787
14	1.463247505823771	31.753269616074448	0.5217391304347826	0.5199115044247787
15	1.4629794508218765	31.73628639611672	0.5217391304347826	0.5199115044247787
16	1.4630592851077808	31.74321612410658	0.5217391304347826	0.5199115044247787
17	1.4636535379621718	31.792881139620082	0.5217391304347826	0.5199115044247787
18	1.463484764099121	31.719046134648362	0.5217391304347826	0.5199115044247787
19	1.4630005478858947	31.686240293848233	0.5217391304347826	0.5199115044247787
20	1.463011866524106	31.70983200373612	0.5217391304347826	0.5199115044247787
21	1.464515360918912	31.719331403416913	0.5217391304347826	0.5199115044247787
22	1.4652001857757568	31.70450356250673	0.5217391304347826	0.5199115044247787
23	1.4652816752592723	31.724634155513733	0.5217391304347826	0.5199115044247787
24	1.4656056690216064	31.771659190260518	0.5217391304347826	0.5199115044247787
25	1.4652259991719172	31.704780563594788	0.5217391304347826	0.5199115044247787
26	1.4653121365441217	31.710729058333268	0.5217391304347826	0.5199115044247787
27	1.465590740953173	31.719625397929995	0.5217391304347826	0.5199115044247787
28	1.4665695058888402	31.728574046938437	0.5217391304347826	0.5199115044247787
29	1.4666689157485961	31.728734219168114	0.5217391304347826	0.5199115044247787
30	1.4665417517385175	31.699782889659012	0.5217391304347826	0.5199115044247787
-1	-1	-1	-1	-1
0	1.5201287269592285	20.522321783651517	0.7061002716720178	0.5210643015521065
1	1.498530387878418	1015.0755574534259	0.5230921215114843	0.5543237250554324
2	1.4907880624135335	29.9209934595063	0.5547048653988639	0.5521064301552107
3	1.4872031211853027	29.931919112918884	0.5571746110150655	0.5543237250554324
4	1.483852243423462	29.50213031318244	0.5621141022474685	0.541019955654102
5	1.4810492595036824	28.712449772151437	0.5705112373425537	0.5521064301552107
6	1.479391438620431	25.73533984056608	0.6231168189676464	0.6629711751662971
7	1.4810186922550201	22.6611215936856	0.6505309953074834	0.6518847006651884
8	1.481670273674859	20.992097283911516	0.67745122252408	0.6807095343680709
9	1.4808499097824097	21.419848599771814	0.6784391207705607	0.6762749445676275
10	1.480848420750011	19.849539246146133	0.6969622128920722	0.6718403547671841
11	1.4800413250923157	19.513869743647536	0.6962212892072116	0.6674057649667405
12	1.479414463043213	19.174768710699606	0.7021486786860953	0.6696230598669624
13	1.4790752274649483	18.47166560766265	0.7167201778216844	0.6629711751662971
14	1.4797595024108887	18.675392158388153	0.7149913558903433	0.6962305986696231
15	1.4802149385213852	18.515958433076154	0.715979254136824	0.7139689578713969
16	1.4798382450552547	18.111909768712803	0.7283279822178316	0.70509977827051
17	1.4800792402691312	17.766232028720886	0.7312916769572734	0.7161862527716186
18	1.4798413577832674	17.99890736707552	0.7214126944924673	0.7228381374722838
19	1.4793476581573486	17.55958866885328	0.7327735243269943	0.7095343680709535
20	1.4796226251692999	17.40051034491832	0.7352432699431959	0.6740576496674058
21	1.4798623648556797	17.446479834909514	0.7391948629291183	0.7161862527716186
22	1.4802703131800112	17.497437657333734	0.7307977278340331	0.7139689578713969
23	1.4802821278572083	17.20983290484571	0.7377130155593974	0.7184035476718403
24	1.480533332824707	16.917716454333206	0.7470980489009632	0.7272727272727273
25	1.4803633414782011	16.99289996980682	0.7419115831069399	0.6807095343680709
26	1.4806567562950983	16.881266079549714	0.7431464559150408	0.7361419068736141
27	1.4813104953084673	16.79268464516467	0.7470980489009632	0.7317073170731707
28	1.4817352294921875	16.565277647784377	0.7441343541615214	0.7361419068736141
29	1.4822976112365722	16.696603377034346	0.7475919980242035	0.729490022172949
30	1.4826231002807617	16.40035078844686	0.7505556927636453	0.7139689578713969
31	1.4824623316526413	16.18929891135749	0.754754260311188	0.729490022172949
32	1.4827325055093477	16.206995967804918	0.7530254383798469	0.70509977827051
33	1.4830406974343693	15.953966298441248	0.7569770313657693	0.6984478935698448
34	1.4830266748155867	15.926779668162188	0.7520375401333662	0.7272727272727273
35	1.4828935927814908	15.967364093450112	0.7582119041738701	0.720620842572062
36	1.4829713718311206	15.834133076855517	0.7619165225981724	0.7139689578713969
37	1.482972590546859	15.602104562474048	0.759693751543591	0.7494456762749445
38	1.4829629690219195	15.392493886271799	0.766115090145715	0.7228381374722838
39	1.4828237354755402	15.311911128637359	0.7653741664608545	0.7250554323725056
40	1.4828280762928288	15.315097966532068	0.7690787848851568	0.7250554323725056
41	1.4825152556101482	15.218342931251826	0.7737713015559398	0.7139689578713969
42	1.4825163386588873	15.263056916514719	0.7705606322548777	0.729490022172949
43	1.4824316122315147	15.203293958048182	0.7745122252408002	0.7472283813747228
44	1.4825453599294027	14.950731209882601	0.7720424796245987	0.7250554323725056
45	1.4826317351797353	14.782845696126381	0.7777228945418622	0.7339246119733924
46	1.4826577369202958	14.807045245733788	0.7740182761175599	0.7317073170731707
47	1.4826844086249669	14.772353254903958	0.7772289454186219	0.7272727272727273
48	1.482641570422114	14.789438656934603	0.7804396147196839	0.7361419068736141
49	1.482455277442932	14.669961576386699	0.7811805384045444	0.7317073170731707
50	1.482559320973415	14.490335254218635	0.7843912077056063	0.7339246119733924
51	1.482673397431007	14.4537348033875	0.783897258582366	0.7494456762749445
52	1.4826066538972675	14.44606894770945	0.7858730550753272	0.7516629711751663
53	1.4824092388153076	14.390168152456209	0.7866139787601877	0.7361419068736141
54	1.4823365471579812	14.401365610558218	0.7848851568288466	0.738359201773836
55	1.4822745621204376	14.251453016686627	0.7883428006915287	0.7339246119733924
56	1.482147359011466	14.17580695039644	0.7885897752531489	0.7494456762749445
57	1.4822614192962646	14.005245355170542	0.7908125463077303	0.7272727272727273
58	1.4822227591175143	13.963834210643618	0.7920474191158311	0.729490022172949
59	1.4825693488121032	13.875958607891413	0.7950111138552729	0.7427937915742794
60	1.4827203281590196	13.918045073982299	0.7959990121017535	0.738359201773836
61	1.4827501966107277	13.881129047063393	0.793529266485552	0.7427937915742794
62	1.4827684296502008	13.868367499253882	0.8014324524573969	0.7405764966740577
63	1.482779573649168	13.850381306775912	0.7989627068411953	0.7450110864745011
64	1.4828421372633713	13.598715065032478	0.8024203507038775	0.7450110864745011
65	1.4827052427060676	13.7328292704004	0.8009385033341566	0.7472283813747228
66	1.4832259185278593	13.559853414850911	0.8014324524573969	0.7649667405764967
67	1.4833102401565104	13.415536452466108	0.8090886638676217	0.7760532150776053
68	1.4833083809285923	13.39304971319484	0.8066189182514201	0.7494456762749445
69	1.4832879986081804	13.351517309354046	0.8083477401827611	0.7516629711751663
70	1.4831683534971425	13.272501295945776	0.8100765621141023	0.738359201773836
71	1.4831179413530562	13.273100567614938	0.8108174857989627	0.753880266075388
72	1.48312159107156	13.285941889905555	0.8088416893060015	0.7649667405764967
73	1.483374698742016	13.111687754082867	0.8140281551000247	0.7716186252771619
74	1.4834625879923502	13.134186881733692	0.8071128673746604	0.7605321507760532
75	1.4832466997598346	13.14755347582299	0.8108174857989627	0.7494456762749445
76	1.4832641025642297	13.001775565109854	0.8164979007162262	0.7671840354767184
77	1.483344499881451	12.983245286415881	0.8105705112373426	0.7605321507760532
78	1.483329999295971	13.017054279958169	0.8157569770313657	0.7627494456762749
79	1.4832080602645874	12.967218703172339	0.8189676463324278	0.7649667405764967
80	1.4833289723337433	12.86556098592563	0.8150160533465053	0.7583148558758315
81	1.4833189423491315	12.919878610475795	0.8122993331686836	0.7516629711751663
82	1.4833620657403785	12.813757397058442	0.816250926154606	0.7716186252771619
83	1.483202854792277	12.80017282455925	0.8150160533465053	0.7738359201773836
84	1.4832074025098014	12.693137683267668	0.8204494937021487	0.7716186252771619
85	1.483048821604529	12.680440917728454	0.8194615954556681	0.7782705099778271
86	1.4830329061924725	12.583370475318489	0.8206964682637689	0.7804878048780488
87	1.4832209023562344	12.57477394990095	0.8204494937021487	0.7782705099778271
88	1.4834173797221666	12.634965543671855	0.8189676463324278	0.7738359201773836
89	1.4836319049199422	12.530000671627015	0.8224252901951099	0.7738359201773836
90	1.4836986746106828	12.532030282058114	0.8216843665102495	0.7738359201773836
91	1.483720813108527	12.466445419732041	0.82267226475673	0.7849223946784922
92	1.4838790047553279	12.476655464472733	0.820943442825389	0.7649667405764967
93	1.4840113355758342	12.440983212838962	0.8206964682637689	0.7627494456762749
94	1.4840069444555986	12.432429734177477	0.8248950358113114	0.7605321507760532
95	1.4839948912461598	12.40411075832337	0.8221783156334898	0.7738359201773836
96	1.4839557224942237	12.384348294866367	0.8239071375648308	0.7760532150776053
97	1.4839289212713436	12.321728469818597	0.824154112126451	0.7716186252771619
98	1.4838702991755321	12.318012207511842	0.8248950358113114	0.7782705099778271
99	1.4838256549835205	12.32592809857346	0.8234131884415905	0.7627494456762749
-1	-1	-1	-1	-1
0	1.5194878578186035	21.6149871555839	0.7036305260558162	0.5144124168514412
1	1.499619960784912	2772.3787583478793	0.48604593726846135	0.5144124168514412
2	1.49335781733195	31.876917275856798	0.514448011854779	0.5144124168514412
3	1.4919136762619019	31.809270948875607	0.514448011854779	0.5144124168514412
4	1.4901055812835693	31.979043089498685	0.514448011854779	0.5144124168514412
5	1.4889363050460815	31.888451215789075	0.514448011854779	0.5144124168514412
6	1.4883836337498255	31.928022955346297	0.514448011854779	0.5144124168514412
7	1.4888274669647217	31.919808530432032	0.514448011854779	0.5144124168514412
8	1.4892643027835422	31.895309643482598	0.514448011854779	0.5144124168514412
9	1.4885809898376465	31.926918870820774	0.514448011854779	0.5144124168514412
10	1.488381732593883	32.00533803053728	0.514448011854779	0.5144124168514412
11	1.488257606824239	31.88487395339125	0.514448011854779	0.5144124168514412
12	1.4877928403707652	31.987697871651235	0.514448011854779	0.5144124168514412
13	1.4880459138325282	32.03219529399722	0.5085206223758952	0.5144124168514412
14	1.4876357396443685	31.90529592018428	0.514448011854779	0.5144124168514412
15	1.4884515851736069	31.91380571380375	0.514448011854779	0.5144124168514412
16	1.4900698802050423	31.940904602291077	0.514448011854779	0.5144124168514412
17	1.4906638728247747	32.00451188575565	0.514448011854779	0.5144124168514412
18	1.4904283598849648	31.8745488895206	0.514448011854779	0.5144124168514412
19	1.4905083417892455	31.93187515378937	0.514448011854779	0.5144124168514412
20	1.4904966127304804	31.92593431848241	0.514448011854779	0.5144124168514412
21	1.4899294484745373	31.88638526435912	0.514448011854779	0.5144124168514412
22	1.4896171196647312	31.956236546433818	0.514448011854779	0.5144124168514412
23	1.4897732138633728	31.94264173132228	0.514448011854779	0.5144124168514412
24	1.489718532562256	31.85863206517978	0.514448011854779	0.5144124168514412
25	1.489168460552509	31.869851089837983	0.514448011854779	0.5144124168514412
26	1.4889339164451316	31.825484643770952	0.514448011854779	0.5144124168514412
27	1.488711382661547	31.960104258980337	0.514448011854779	0.5144124168514412
28	1.4887453440962166	31.907106219314215	0.514448011854779	0.5144124168514412
29	1.4888516505559286	31.88903065178338	0.514448011854779	0.5144124168514412
30	1.4886657499497937	31.89663609181802	0.514448011854779	0.5144124168514412
-1	-1	-1	-1	-1
0	1.5338244438171387	19.81223384226401	0.715979254136824	0.5188470066518847
1	1.5046831369400024	1254.5170017077228	0.5267967399357866	0.5631929046563193
2	1.4951006571451824	30.02675197631355	0.550012348728081	0.5432372505543237
3	1.4911444187164307	29.93001933360663	0.5551988145221042	0.565410199556541
4	1.4887665271759034	29.945201243002582	0.5524820943442825	0.5609756097560976
5	1.488807241121928	29.99826302115373	0.5529760434675228	0.565410199556541
6	1.4884344509669714	29.819047597449597	0.5551988145221042	0.565410199556541
7	1.488402009010315	29.922960581741933	0.5537169671523833	0.565410199556541
8	1.487112495634291	29.838306036521132	0.5556927636453445	0.5587583148558758
9	1.486152672767639	29.41711898863785	0.5616201531242282	0.565410199556541
10	1.4867295568639582	28.01695981363612	0.5776734996295382	0.6518847006651884
11	1.486508349577586	24.66280907157838	0.6352185724870338	0.5698447893569845
12	1.4863000282874475	22.936865618848426	0.6586811558409483	0.7161862527716186
13	1.4874368395124162	20.671115871489516	0.688565077796987	0.7117516629711752
14	1.4883636792500814	19.88199377435399	0.7028896023709558	0.7073170731707317
15	1.4888619035482407	19.29613494873047	0.7157322795752038	0.6851441241685144
16	1.4892253454993754	19.03050046455203	0.7135095085206223	0.7161862527716186
17	1.4891169336107042	18.54331684112549	0.7293158804643122	0.6895787139689579
18	1.4889917875591077	18.704306144413987	0.7248703383551495	0.7361419068736141
19	1.489828383922577	19.078473699374463	0.719436897999506	0.7228381374722838
20	1.4901030858357747	18.572834262697715	0.7317856260805137	0.7073170731707317
21	1.4898904128508135	18.425734084422196	0.7315386515188935	0.7161862527716186
22	1.4898552168970522	18.23352302716473	0.7300568041491726	0.729490022172949
23	1.4893978933493297	18.099330887081116	0.7384539392442578	0.7339246119733924
24	1.4893129920959474	18.061407291983056	0.7369720918745369	0.7317073170731707
25	1.4896442156571608	18.100566728847234	0.7359841936280563	0.7272727272727273
26	1.4896478829560456	17.84085318798155	0.7419115831069399	0.720620842572062
27	1.4898676191057478	17.888084002367155	0.7416646085453198	0.7405764966740577
28	1.489981199132985	17.893234816123183	0.745122252408002	0.6696230598669624
29	1.4901167392730712	18.01944984976701	0.7335144480118547	0.7073170731707317
30	1.4901825997137255	17.51785453285758	0.7468510743393431	0.7450110864745011
31	1.489822193980217	17.481918162248267	0.7421585576685601	0.7139689578713969
32	1.489655827030991	17.573592951917274	0.7396888120523586	0.7161862527716186
33	1.4894588414360495	17.469355613227904	0.748332921709064	0.7427937915742794
34	1.4893285615103586	17.354532718658447	0.7512966164485058	0.7006651884700665
35	1.4891043172942267	17.352990187997893	0.7421585576685601	0.729490022172949
36	1.4889343687005945	17.29703761273482	0.7456162015312423	0.6917960088691796
37	1.4888642963610197	17.520840840076836	0.7374660409977772	0.7472283813747228
38	1.4887648362379808	17.08471796080822	0.7478389725858237	0.7339246119733924
39	1.4886130332946776	17.400195895217536	0.7448752778463819	0.7427937915742794
40	1.4886147917770758	17.045179720000018	0.7461101506544826	0.7427937915742794
41	1.4883579867226737	16.99392661898155	0.7525314892566066	0.7494456762749445
42	1.4883189534032069	16.861254425499382	0.754754260311188	0.7228381374722838
43	1.4880244840275159	16.81669523584561	0.750061743640405	0.729490022172949
44	1.4878629101647272	16.939745414914107	0.7446283032847617	0.7472283813747228
45	1.4879010656605596	16.65354880010049	0.7559891331192887	0.7361419068736141
46	1.4878276104622699	16.538400800209345	0.7527784638182268	0.7450110864745011
47	1.4878595074017842	16.386705098189708	0.7562361076809089	0.7405764966740577
48	1.4876108510153634	16.446043307386983	0.7559891331192887	0.738359201773836
49	1.4875205278396606	16.311670633751575	0.7527784638182268	0.7427937915742794
50	1.4873603605756573	16.0341846360935	0.7599407261052111	0.7339246119733924
51	1.4876948044850276	16.245066958149586	0.7604346752284514	0.753880266075388
52	1.4880361152145098	15.999673614351769	0.7537663620647074	0.7516629711751663
53	1.4879558042243675	15.883270710472047	0.7606816497900716	0.753880266075388
54	1.4879259889776058	15.76476504483561	0.7641392936527538	0.7494456762749445
55	1.4883130916527338	15.80031084826612	0.7633983699678933	0.7516629711751663
56	1.4886667770251893	15.864291739276075	0.7643862682143739	0.738359201773836
57	1.4888924278061966	15.541737278615395	0.7663620647073351	0.7317073170731707
58	1.4888372784954007	15.507724593004843	0.7656211410224747	0.7250554323725056
59	1.4892046014467875	15.545918704956536	0.7643862682143739	0.753880266075388
60	1.4894187724004027	15.487267426618441	0.7668560138305754	0.7560975609756098
61	1.489546360508088	15.422317591239148	0.7698197085700172	0.753880266075388
62	1.489382891427903	15.369547648692695	0.7688318103235366	0.7427937915742794
63	1.489340703934431	15.338000793156661	0.7745122252408002	0.7317073170731707
64	1.4896319719461295	15.337605911915697	0.7653741664608545	0.7516629711751663
65	1.4895964102311567	15.180276442700483	0.7690787848851568	0.7427937915742794
66	1.4899260499584142	15.031201486512431	0.7732773524326995	0.7583148558758315
67	1.4900285426308126	15.054516585793083	0.775747098048901	0.7627494456762749
68	1.4898894627888997	14.983127008272907	0.772536428747839	0.7516629711751663
69	1.4898405347551618	14.962774648441105	0.7737713015559398	0.7627494456762749
70	1.489881565873052	14.900779679065614	0.7782168436651025	0.753880266075388
71	1.4898636440436046	14.867255135784	0.7764880217337614	0.7583148558758315
72	1.4900907686311904	14.954820741818645	0.7695727340083971	0.753880266075388
73	1.490365911174465	14.713460445404053	0.7789577673499629	0.7427937915742794
74	1.4905193360646565	14.742491737125427	0.7787107927883428	0.7494456762749445
75	1.4905385625989813	14.78942100457319	0.7826623857742653	0.7605321507760532
76	1.4905794069364473	14.781143956297026	0.7745122252408002	0.7494456762749445
77	1.490822700353769	14.670341694448876	0.7759940726105211	0.753880266075388
78	1.491180211682863	14.579378297009805	0.7804396147196839	0.7427937915742794
79	1.491535547375679	14.601315937642976	0.7801926401580637	0.7627494456762749
80	1.4914159539305134	14.617721824195442	0.7809335638429242	0.7472283813747228
81	1.4913354472416203	14.573076143039494	0.7772289454186219	0.7516629711751663
82	1.4914204241281532	14.522136106265812	0.7796986910348234	0.7671840354767184
83	1.4913136987459092	14.47398170336025	0.7794517164732032	0.7649667405764967
84	1.491236535240622	14.463611463862142	0.7816744875277847	0.7694013303769401
85	1.4911723719086758	14.441428702647292	0.777475919980242	0.7605321507760532
86	1.4911699569088288	14.38048946951318	0.7801926401580637	0.7472283813747228
87	1.4910618798299269	14.39005773649441	0.7834033094591257	0.753880266075388
88	1.4912386422746637	14.344150967485323	0.7819214620894048	0.7649667405764967
89	1.4911802450815836	14.33654971010103	0.7836502840207459	0.7627494456762749
90	1.4911171053792094	14.275521537450356	0.7824154112126451	0.7649667405764967
91	1.4910811989203743	14.242670686226191	0.7848851568288466	0.7649667405764967
92	1.490965861146168	14.244549342027799	0.782168436651025	0.7560975609756098
93	1.4908712316066661	14.203311353217899	0.7841442331439862	0.7649667405764967
94	1.4908461871900056	14.208725212127204	0.7841442331439862	0.7627494456762749
95	1.4906819785634677	14.128979393816369	0.7853791059520869	0.7671840354767184
96	1.4906098228139975	14.138275788524957	0.7868609533218078	0.7671840354767184
97	1.4906167400126555	14.142831257947787	0.7831563348975056	0.7716186252771619
98	1.4906581917194406	14.1182977871632	0.7836502840207459	0.7627494456762749
99	1.490870225429535	14.047232699206495	0.7873549024450481	0.7560975609756098
-1	-1	-1	-1	-1
0	1.5093250274658203	20.844352339196394	0.7019017041244752	0.5210643015521065
1	1.4832994937896729	785.2514988831648	0.6843665102494443	0.7139689578713969
2	1.478037436803182	17.364934951301635	0.7394418374907384	0.7161862527716186
3	1.4769337177276611	16.380678146842897	0.7508026673252655	0.7427937915742794
4	1.4779332637786866	16.516355146573286	0.7443813287231416	0.7272727272727273
5	1.4793658256530762	15.801267038180134	0.7559891331192887	0.7427937915742794
6	1.4787426335471017	15.814925051110936	0.7542603111879477	0.7427937915742794
7	1.4816220104694366	15.056064500583439	0.7732773524326995	0.7649667405764967
8	1.4810646110110812	15.152647927051454	0.7690787848851568	0.7583148558758315
9	1.4788442373275756	14.666534236096961	0.7811805384045444	0.7605321507760532
10	1.47779427875172	14.077030786379115	0.7851321313904668	0.7427937915742794
11	1.4781248966852825	13.83718071021433	0.8019264015806372	0.7649667405764967
12	1.4770787129035363	13.374651157949852	0.8053840454433193	0.7250554323725056
13	1.4782520362309046	13.540269461203748	0.8004445542109163	0.7716186252771619
14	1.477634890874227	13.102706180782768	0.8118053840454433	0.7871396895787139
15	1.4768782258033752	12.65907436656201	0.8187206717708077	0.7716186252771619
16	1.4763960698071648	12.217307567596436	0.8177327735243269	0.7804878048780488
17	1.4761354128519695	12.2522196713395	0.8281057051123735	0.8048780487804879
18	1.4757456152062667	11.571135134208859	0.8337861200296369	0.7893569844789357
19	1.4753490447998048	11.313902610868919	0.8392195603852803	0.802660753880266
20	1.4749071143922352	11.245357081646056	0.8416893060014818	0.802660753880266
21	1.4752814119512385	10.498466882180042	0.8505803902198074	0.8093126385809313
22	1.4752685505410899	10.417776109665398	0.8552729068905903	0.8048780487804879
23	1.475382427374522	10.449688960248091	0.8458878735490245	0.7694013303769401
24	1.475104856491089	9.560977707697651	0.862929118300815	0.7738359201773836
25	1.4755383729934692	9.435708870099285	0.8678686095332181	0.8048780487804879
26	1.4763359758589003	8.96577380398127	0.8728081007656211	0.7937915742793792
27	1.4772498863083976	8.529162656603836	0.8792294393677451	0.8048780487804879
28	1.4773232690219222	7.696230749445637	0.8957767349962954	0.7982261640798226
29	1.4777346849441528	7.60507504301747	0.896764633242776	0.8248337028824834
30	1.4778755172606437	7.1986321257794	0.9026920227216597	0.8048780487804879
31	1.4776678159832954	7.687496391807016	0.8947888367498148	0.8048780487804879
32	1.477586117657748	6.424613982673705	0.9105952086935045	0.8270509977827051
33	1.4773288614609663	5.7505089523285395	0.9212151148431712	0.8314855875831486
34	1.4771771430969238	5.1730362890273565	0.929118300815016	0.8270509977827051
35	1.4768887559572856	4.934600901885296	0.9330698938009385	0.8004434589800443
36	1.4766085792232204	4.688986822376101	0.9372684613484811	0.8248337028824834
37	1.4766108864232113	4.987002494766957	0.9330698938009385	0.811529933481153
38	1.4765663330371563	4.012097730880647	0.9478883674981476	0.8137472283813747
39	1.4762212336063385	3.763921287820095	0.95159298592245	0.8093126385809313
40	1.476025162673578	3.4817310503617986	0.9540627315386515	0.8226164079822617
41	1.4758097784859794	3.8056693667707244	0.9508520622375896	0.811529933481153
42	1.4756449932275817	3.3146411350627583	0.9577673499629538	0.811529933481153
43	1.475662198933688	3.0969516591528268	0.9622128920721166	0.835920177383592
44	1.4755053414238823	2.551903949713144	0.9651765868115584	0.8159645232815964
45	1.4754744094351064	2.7283345839874014	0.9656705359347987	0.8314855875831486
46	1.4753975513133597	3.518394776568638	0.9533218078537911	0.8093126385809313
47	1.4756613224744797	2.8461331044595073	0.9646826376883181	0.8159645232815964
48	1.4754290288808394	2.1708200661920185	0.9713509508520622	0.811529933481153
49	1.4753757953643798	2.0169660464281174	0.9730797727834033	0.8137472283813747
50	1.4751869089463179	1.9394806385568277	0.9730797727834033	0.8292682926829268
51	1.4752418077909029	1.8978491823269625	0.974314645591504	0.8181818181818182
52	1.4751816830545101	1.8033990922464629	0.9745616201531242	0.8070953436807096
53	1.4751116213975128	1.808361891598448	0.9760434675228451	0.8226164079822617
54	1.4751410614360463	1.78985722116598	0.9745616201531242	0.8292682926829268
55	1.4752194029944283	1.7366966161818251	0.9753025438379846	0.8137472283813747
56	1.4752525112085175	1.6543992924775313	0.9767843912077057	0.8203991130820399
57	1.4753177988118138	1.6478156098666488	0.9770313657693258	0.8181818181818182
58	1.4751266827017575	1.57817300951739	0.9785132131390467	0.8159645232815964
59	1.4750638564427694	1.5992695018135774	0.9780192640158064	0.8159645232815964
60	1.4751758692694492	1.5517521411515993	0.9770313657693258	0.8203991130820399
61	1.4750603014423	1.92281040311681	0.9740676710298839	0.8159645232815964
62	1.4749290451170907	1.7953300652365516	0.9753025438379846	0.8181818181818182
63	1.4747525714337826	1.6105659617309085	0.9777722894541863	0.8070953436807096
64	1.4746672850388747	1.5564711130788829	0.979007162262287	0.8181818181818182
65	1.4748227415662822	1.54553057866787	0.9780192640158064	0.811529933481153
66	1.4748019531591614	1.5466247960167945	0.9775253148925661	0.811529933481153
67	1.474832766196307	1.5270823634808928	0.9780192640158064	0.8070953436807096
68	1.4749491767606873	1.5230877214610048	0.9770313657693258	0.811529933481153
69	1.4747953925813948	1.4885209465461717	0.9775253148925661	0.8248337028824834
70	1.4746622804185034	1.5018894423526257	0.9782662385774266	0.811529933481153
71	1.4745560222201877	1.4818222235712244	0.9787601877006669	0.8093126385809313
72	1.4744112720228222	1.4569927270287706	0.9785132131390467	0.8159645232815964
73	1.4743609428405762	1.4723924447646672	0.9787601877006669	0.8226164079822617
-1	-1	-1	-1	-1
0	1.5128810405731201	20.97255806660089	0.701654729562855	0.541019955654102
1	1.491329312324524	427.11404758363255	0.5011113855272907	0.5210643015521065
2	1.485368013381958	31.716380682517226	0.5221042232650037	0.5210643015521065
3	1.4808977842330933	31.754996322271392	0.5221042232650037	0.5210643015521065
4	1.4811375617980957	31.739555524090143	0.5221042232650037	0.5210643015521065
5	1.479297399520874	31.78710619107945	0.5221042232650037	0.5210643015521065
6	1.4776942048754012	31.741558412867267	0.5221042232650037	0.5210643015521065
7	1.4778475761413574	31.732649285023605	0.5221042232650037	0.5210643015521065
8	1.4798125955793593	31.764256214532328	0.5221042232650037	0.5210643015521065
9	1.4827910900115966	31.82046340581939	0.5221042232650037	0.5210643015521065
10	1.4816063100641423	31.835345455980676	0.5221042232650037	0.5210643015521065
11	1.4812400142351787	31.812551918930893	0.5221042232650037	0.5210643015521065
12	1.4812714136563814	31.758796571746586	0.5221042232650037	0.5210643015521065
13	1.4809046643120902	31.8005716368908	0.5221042232650037	0.5210643015521065
14	1.4806047757466634	31.773689525333914	0.5221042232650037	0.5210643015521065
15	1.4810231029987335	31.798741460785152	0.5221042232650037	0.5210643015521065
16	1.4814347098855412	31.72411187239519	0.5221042232650037	0.5210643015521065
17	1.4813845422532823	31.75825644665816	0.5221042232650037	0.5210643015521065
18	1.4811043739318848	31.721214910191815	0.5221042232650037	0.5210643015521065
19	1.4812215447425843	31.73648283049816	0.5221042232650037	0.5210643015521065
20	1.481294382186163	31.820596664909303	0.5221042232650037	0.5210643015521065
21	1.481422933665189	31.787040019598532	0.5221042232650037	0.5210643015521065
22	1.481121705925983	31.699718129916455	0.5221042232650037	0.5210643015521065
23	1.481082151333491	31.755899023821975	0.5221042232650037	0.5210643015521065
24	1.4809907531738282	31.721214775025377	0.5221042232650037	0.5210643015521065
25	1.4805863728890052	31.72290872588871	0.5221042232650037	0.5210643015521065
26	1.4801626117141158	31.708478184196892	0.5221042232650037	0.5210643015521065
27	1.4805472237723214	31.750197087685894	0.5221042232650037	0.5210643015521065
28	1.4804378706833412	31.741494832076427	0.5221042232650037	0.5210643015521065
29	1.4806880633036295	31.72264971695547	0.5221042232650037	0.5210643015521065
30	1.4807636276368172	31.776559078787255	0.5221042232650037	0.5210643015521065
-1	-1	-1	-1	-1
0	1.5022022724151611	20.398002481836034	0.7004198567547543	0.15299334811529933
1	1.5066012144088745	1185.6661967930831	0.5312422820449494	0.5543237250554324
2	1.4890049298604329	29.795555745522808	0.5584094838231662	0.5543237250554324
3	1.4801456928253174	29.06777860986905	0.5717461101506545	0.5964523281596452
4	1.4762914657592774	25.55017179954709	0.6334897505556928	0.6762749445676275
5	1.4724659125010173	21.597054188645732	0.6804149172635219	0.6674057649667405
6	1.4677987779889787	21.075372493173194	0.6858483576191652	0.6762749445676275
7	1.4681567251682281	20.004481953898754	0.6954803655223512	0.6851441241685144
8	1.468765311770969	19.088540340033102	0.7095579155346999	0.6829268292682927
9	1.4666858911514282	18.822460542513628	0.7122746357125216	0.6629711751662971
10	1.4651401909914883	18.544833265890286	0.7261052111632502	0.7117516629711752
11	1.4642445643742878	18.32733519246259	0.7251173129167696	0.7228381374722838
12	1.4636611938476562	17.698969608216775	0.7362311681896765	0.7250554323725056
13	1.4632514885493688	18.23509057112566	0.719436897999506	0.6962305986696231
14	1.4633933703104656	17.77795552831935	0.7335144480118547	0.7184035476718403
15	1.4630450755357742	17.237256500664657	0.7411706594220795	0.7139689578713969
16	1.4619442434871899	17.532725063834604	0.7401827611755989	0.7117516629711752
17	1.4613035652372572	17.171925311952126	0.7448752778463819	0.7228381374722838
18	1.4615148243151213	16.811128796554925	0.7488268708323043	0.7228381374722838
19	1.4613743782043458	16.558176596333663	0.7525314892566066	0.6873614190687362
20	1.4613098871140253	16.740042874193566	0.7490738453939244	0.7095343680709535
21	1.461392337625677	16.492936250731702	0.7503087182020252	0.7161862527716186
22	1.4615037441253662	16.20523426476426	0.7587058532971104	0.720620842572062
23	1.4610472917556763	16.343919506223184	0.7562361076809089	0.7228381374722838
24	1.4606926441192627	16.04866473505816	0.7609286243516917	0.720620842572062
25	1.4605547464810884	16.083553254135012	0.7525314892566066	0.70509977827051
26	1.460115874255145	15.850556174601158	0.7631513954062732	0.720620842572062
27	1.4598504645483834	15.762840684004656	0.7641392936527538	0.7250554323725056
28	1.463009316345741	15.689194562866932	0.7638923190911336	0.7339246119733924
29	1.4633653561274211	15.644408624003253	0.7636453445295135	0.7272727272727273
30	1.4628593844752158	15.589605357703261	0.7604346752284514	0.7272727272727273
31	1.4624814465641975	15.521456808555783	0.7663620647073351	0.7161862527716186
32	1.4624245022282456	15.366284336630754	0.7685848357619165	0.7117516629711752
33	1.4621904597562903	15.498041678601362	0.7653741664608545	0.720620842572062
34	1.4620125429970878	15.356109649177611	0.7648802173376142	0.7317073170731707
35	1.4614332384533353	15.163749882555383	0.7732773524326995	0.7472283813747228
36	1.460955336287215	15.090097036887341	0.7727834033094592	0.7095343680709535
37	1.461034335588154	15.150855199558528	0.7737713015559398	0.720620842572062
38	1.4614128027206812	14.934780605196014	0.7698197085700172	0.7361419068736141
39	1.4612310886383058	14.8518735029566	0.7799456655964435	0.7339246119733924
40	1.4610140265488043	14.743989208551842	0.7814275129661645	0.7427937915742794
41	1.4608821471532185	14.697151405604805	0.7794517164732032	0.738359201773836
42	1.4607518939084785	14.623468447857954	0.7806865892813041	0.7405764966740577
43	1.4606873772361062	14.578508868930847	0.7799456655964435	0.7427937915742794
44	1.4604466597239176	14.619511303939218	0.7801926401580637	0.738359201773836
45	1.4604221737903098	14.50681848225631	0.7824154112126451	0.7184035476718403
46	1.4603632003703015	14.458194274601974	0.7843912077056063	0.7427937915742794
47	1.4606418758630753	14.538405643673393	0.7826623857742653	0.7339246119733924
48	1.460381960382267	14.435788447462668	0.7848851568288466	0.7405764966740577
49	1.4601656246185302	14.341330441902942	0.7866139787601877	0.7405764966740577
50	1.459940325980093	14.362089115803636	0.7866139787601877	0.729490022172949
51	1.459756823686453	14.300612017864317	0.79031859718449	0.753880266075388
52	1.4595594361143291	14.194671953756979	0.7937762410471721	0.7450110864745011
53	1.4595528267048024	14.087566229302114	0.7945171647320326	0.7627494456762749
54	1.4596272511915727	13.981615205449382	0.7947641392936527	0.7250554323725056
55	1.4599834765706743	14.001249947885828	0.7940232156087923	0.7427937915742794
56	1.4631300223501105	13.797484533054622	0.8004445542109163	0.7560975609756098
57	1.476148062738879	13.86542068316242	0.7962459866633737	0.7472283813747228
58	1.4776403459451966	13.770038923879309	0.7997036305260559	0.7339246119733924
59	1.4770708084106445	13.906928396600438	0.7974808594714744	0.7649667405764967
60	1.4868893076161869	13.733414920296257	0.795258088416893	0.7583148558758315
61	1.4894283202386671	13.691433568639079	0.796739935786614	0.7472283813747228
62	1.494730381738572	13.597089380729855	0.8034082489503581	0.753880266075388
63	1.4944218397140503	13.625516031670758	0.803161274388738	0.7317073170731707
64	1.494487604728112	13.405623952234825	0.804890096320079	0.7716186252771619
65	1.4942438168959185	13.457366177416223	0.8026673252654977	0.7760532150776053
66	1.4936368785687346	13.39716968386192	0.8021733761422574	0.7605321507760532
67	1.4929769880631392	13.330509606308825	0.8061249691281798	0.7494456762749445
68	1.4924894001172937	13.239117412116585	0.8100765621141023	0.7671840354767184
69	1.4921314546040125	13.22535250506063	0.8046431217584589	0.7671840354767184
70	1.4916501381027867	13.208559640749232	0.8068658928130402	0.753880266075388
71	1.4911055730448828	13.059579920581006	0.8100765621141023	0.753880266075388
72	1.490725912459909	12.999275177482545	0.8118053840454433	0.7671840354767184
73	1.4901625562358547	12.912504447726754	0.8105705112373426	0.7560975609756098
74	1.4895473225911458	12.915758467096044	0.8179797480859472	0.7782705099778271
75	1.4891636308870817	12.799787716602715	0.8155100024697456	0.7583148558758315
76	1.4888103225014426	12.821679453211507	0.8184736972091875	0.7738359201773836
77	1.4885932359939966	12.662663463532455	0.8174857989627068	0.7738359201773836
78	1.4881109014342102	12.73352143144983	0.816250926154606	0.7738359201773836
79	1.4876360327005387	12.64406649146493	0.8174857989627068	0.7738359201773836
80	1.4871957331527899	12.580907401137464	0.8214373919486293	0.7738359201773836
81	1.4867504166393746	12.501907251012607	0.8194615954556681	0.7494456762749445
82	1.4862462267818222	12.516787033381425	0.8204494937021487	0.7560975609756098
83	1.4859942566780817	12.519899702447606	0.8187206717708077	0.7627494456762749
84	1.4855532786425423	12.38860051087507	0.8229192393183502	0.7760532150776053
85	1.486881461254386	12.40245459023423	0.824154112126451	0.7716186252771619
86	1.4868004486478608	12.4568122390687	0.8214373919486293	0.7716186252771619
87	1.4868410446427085	12.259351568897879	0.8261299086194122	0.7671840354767184
88	1.4890033314737041	12.190033191771018	0.8266238577426525	0.7760532150776053
89	1.4888015137778388	12.21513132035263	0.8266238577426525	0.7649667405764967
90	1.4894188393603314	12.135162079428124	0.8290936033588541	0.7760532150776053
91	1.4891625357710796	12.047469067761279	0.8320572980982959	0.7738359201773836
92	1.4888047505450506	12.119800195919247	0.8300815016053347	0.7694013303769401
93	1.4883761177671717	11.98586958036648	0.8278587305507533	0.7738359201773836
94	1.4878978980214972	12.013785628821907	0.8263768831810323	0.753880266075388
95	1.4874864866336186	11.958529325920766	0.8303284761669548	0.7605321507760532
96	1.4870567395515049	11.889244413751317	0.8290936033588541	0.7671840354767184
97	1.4867694961781404	11.861393902245469	0.8313163744134354	0.7694013303769401
98	1.4865041381180888	11.859355355810932	0.8295875524820944	0.7649667405764967
99	1.4861560344696045	11.790213123081237	0.8342800691528772	0.7649667405764967
-1	-1	-1	-1	-1
0	1.4799494743347168	20.560839912084145	0.7058532971103977	0.1574279379157428
1	1.4641320705413818	2308.463879915673	0.5149419609780193	0.48558758314855877
2	1.4535140196482341	30.07890682520829	0.5527290689059027	0.5543237250554324
3	1.4490359425544739	29.903861286133292	0.5593973820696468	0.532150776053215
4	1.4485792160034179	29.869213689969282	0.553223018029143	0.5521064301552107
5	1.45157790184021	30.111353431160996	0.5554457890837243	0.5476718403547672
6	1.4507007258278983	29.746948557575855	0.5635959496171894	0.5565410199556541
7	1.4510063827037811	28.970470939095566	0.5717461101506545	0.5920177383592018
8	1.4511593182881672	28.15126794529712	0.5944677698197086	0.5299334811529933
9	1.4509121894836425	26.22070627137432	0.6063225487774759	0.6740576496674058
10	1.450357285412875	20.6687548329511	0.6781921462089405	0.6341463414634146
11	1.4499162435531616	19.772080196170357	0.695233390960731	0.7184035476718403
12	1.4500223123110259	18.890253960616946	0.7120276611509014	0.7139689578713969
13	1.4494383675711495	18.91858475602518	0.7078290936033589	0.7184035476718403
14	1.449455451965332	18.272152607835185	0.7164732032600643	0.7161862527716186
15	1.4496715813875198	17.99776085530679	0.7199308471227464	0.720620842572062
16	1.4493571449728573	17.715047565970835	0.7258582366016301	0.7184035476718403
17	1.4485096136728923	17.559703323784774	0.7340083971350951	0.7339246119733924
18	1.4479392829694246	17.55963272935762	0.7305507532724129	0.7139689578713969
19	1.4483597159385682	17.416131365017627	0.7305507532724129	0.6940133037694013
20	1.4480143501645042	17.220027431728333	0.7330204988886144	0.729490022172949
21	1.4479725144126199	17.32594218216543	0.7298098295875525	0.7427937915742794
22	1.4482031283171282	17.04748019646472	0.7369720918745369	0.738359201773836
23	1.4481119712193806	16.83016570534293	0.738700913805878	0.7450110864745011
24	1.448167781829834	16.93378607682356	0.7320326006421338	0.6984478935698448
25	1.4473350781660814	16.693654972737228	0.7419115831069399	0.70509977827051
26	1.4469250573052301	16.799076136641617	0.7406767102988392	0.7250554323725056
27	1.4466141632625036	16.406370880096915	0.7473450234625834	0.7139689578713969
28	1.4466282828100796	16.543140644163596	0.7401827611755989	0.738359201773836
29	1.4465720097223917	16.62022590637207	0.7369720918745369	0.7361419068736141
30	1.4466168495916552	16.387557968379944	0.7438873795999013	0.7317073170731707
31	1.4470371305942535	16.368567789633442	0.7475919980242035	0.7228381374722838
32	1.4469786557284268	16.201892439774642	0.7443813287231416	0.729490022172949
33	1.446990637218251	16.10721234824714	0.7515435910101259	0.7427937915742794
34	1.4470235007149832	16.02331910358639	0.7448752778463819	0.7250554323725056
35	1.447363879945543	16.22002236674151	0.7448752778463819	0.7228381374722838
36	1.4474699690535262	15.86485875873115	0.7532724129414671	0.7361419068736141
37	1.4473328088459216	15.88685547085259	0.7466040997777229	0.738359201773836
38	1.447197321133736	15.942124171519843	0.7503087182020252	0.729490022172949
39	1.4472642123699189	15.859656795742005	0.7577179550506298	0.7605321507760532
40	1.4476077498459234	15.693562939411073	0.7577179550506298	0.738359201773836
41	1.4471751905622936	15.75213372238039	0.7569770313657693	0.7405764966740577
42	1.4470957711685535	15.977664680931511	0.7520375401333662	0.7494456762749445
43	1.4469590241258794	15.825167652190201	0.7535193875030872	0.7494456762749445
44	1.4468292713165283	15.573130525003268	0.7619165225981724	0.7427937915742794
45	1.4469255830930627	15.53845967270258	0.7619165225981724	0.7427937915742794
46	1.446866791299049	15.54528564543236	0.7626574462830329	0.7516629711751663
47	1.4467298934857051	15.43744641026174	0.7643862682143739	0.7450110864745011
48	1.4465764542015231	15.524167286129448	0.7638923190911336	0.7317073170731707
49	1.4464803266525268	15.332584677718756	0.7626574462830329	0.7450110864745011
50	1.4462166159760719	15.3829630528848	0.7673499629538157	0.7560975609756098
51	1.4463063753568208	15.32520551756611	0.7656211410224747	0.7450110864745011
52	1.44638739891772	15.343543829880362	0.762904420844653	0.7339246119733924
53	1.446508800541913	15.228260295597588	0.7708076068164978	0.7560975609756098
54	1.4462684804742987	15.217354489123727	0.7690787848851568	0.7627494456762749
55	1.4461607677595956	15.174813886327067	0.762904420844653	0.7339246119733924
56	1.4463609979863752	15.269003098405252	0.7643862682143739	0.7339246119733924
57	1.4465671572191963	15.109156661146269	0.7703136576932575	0.7427937915742794
58	1.4465590856843076	15.171483986021027	0.7675969375154359	0.7427937915742794
59	1.4466371059417724	14.992750926280586	0.7767349962953816	0.7494456762749445
60	1.4464650623133926	15.07763853223305	0.7641392936527538	0.753880266075388
61	1.4463949703401136	15.029315328973485	0.7717955050629786	0.7516629711751663
62	1.4463423812200153	15.005706111277183	0.7759940726105211	0.7516629711751663
63	1.4462589919567108	14.938669689058319	0.7690787848851568	0.753880266075388
64	1.4462088071382964	15.055027706416572	0.7698197085700172	0.7649667405764967
65	1.4460101344368674	14.879927117054857	0.7755001234872808	0.7605321507760532
66	1.4458055531800682	14.90409950571736	0.775747098048901	0.7649667405764967
67	1.445872285786797	14.783641815185547	0.7769819708570017	0.7317073170731707
68	1.4456065081167913	14.834547737451988	0.7777228945418622	0.7494456762749445
69	1.445513960293361	14.77644093581072	0.7787107927883428	0.7494456762749445
70	1.4454882648629201	14.810401961559386	0.7747591998024204	0.7494456762749445
71	1.4453952113787334	14.823580370174618	0.7715485305013584	0.7583148558758315
72	1.445246255561097	14.775449362326794	0.7799456655964435	0.7516629711751663
73	1.4453930597047548	14.773935637136145	0.7777228945418622	0.7450110864745011
74	1.445629800160726	14.703634427288385	0.7720424796245987	0.7627494456762749
75	1.4457734289922213	14.693744434146431	0.7784638182267226	0.7450110864745011
76	1.4456167530703854	14.622377001394437	0.7831563348975056	0.7494456762749445
77	1.4456880703950539	14.66808818832157	0.7836502840207459	0.7516629711751663
78	1.4457723520979096	14.599816975631112	0.7762410471721413	0.7583148558758315
79	1.4456030964851379	14.635093989334708	0.7824154112126451	0.7649667405764967
80	1.445564885198334	14.537549101461575	0.7792047419115831	0.7716186252771619
81	1.445595639507945	14.521531150096983	0.7883428006915287	0.7627494456762749
82	1.445704534829381	14.511814410292258	0.7789577673499629	0.7605321507760532
83	1.44571072998501	14.594246943165937	0.7755001234872808	0.7228381374722838
84	1.4457444387323717	14.49112723568293	0.7814275129661645	0.753880266075388
85	1.4457287871560385	14.549917022074302	0.7764880217337614	0.7671840354767184
86	1.4457339664985394	14.472145260788324	0.7814275129661645	0.7649667405764967
87	1.445840990001505	14.45719238341324	0.7858730550753272	0.7627494456762749
88	1.4457474076346066	14.453846912684403	0.7779698691034823	0.7560975609756098
89	1.445635406176249	14.42716797881239	0.783897258582366	0.7494456762749445
90	1.4455535490434248	14.437142597408744	0.7861200296369474	0.7494456762749445
91	1.4454868150793987	14.411289139995425	0.7834033094591257	0.7560975609756098
92	1.4454799031698575	14.386617912082222	0.7841442331439862	0.7472283813747228
93	1.4455571935531941	14.371513261569767	0.7863670041985675	0.7605321507760532
94	1.445577247519242	14.371487914107917	0.7834033094591257	0.7583148558758315
95	1.4455664803584416	14.36373540547889	0.7816744875277847	0.7560975609756098
96	1.4455346864523346	14.346105575561523	0.7836502840207459	0.7583148558758315
97	1.4455505877125019	14.31945150855958	0.7880958261299086	0.7649667405764967
98	1.445585756590872	14.32949275670089	0.7863670041985675	0.7605321507760532
99	1.4456462788581848	14.323891669746459	0.782168436651025	0.7583148558758315
-1	-1	-1	-1	-1
0	1.532970666885376	20.91075899469571	0.6986910348234132	0.15521064301552107
1	1.5162911415100098	585.7553683153287	0.520869350456903	0.5365853658536586
2	1.5085936387379963	30.18512261758639	0.5524820943442825	0.5254988913525499
3	1.5042896270751953	29.96162184767836	0.5522351197826624	0.549889135254989
4	1.5035578250885009	29.729979094557876	0.5574215855766856	0.549889135254989
5	1.5020477771759033	29.060801295783577	0.5601383057545073	0.5764966740576497
6	1.4985899244035994	26.060926114480328	0.6087922943936774	0.5831485587583148
7	1.497091919183731	22.028155799925795	0.6621387997036305	0.6518847006651884
8	1.4958012104034424	20.226292467492772	0.6977031365769326	0.6252771618625277
9	1.4937714099884034	19.988157009515238	0.6890590269202272	0.6829268292682927
10	1.4937617128545588	19.558448551208016	0.6927636453445295	0.6984478935698448
11	1.4929372866948445	19.177882832805004	0.7073351444801186	0.6452328159645233
12	1.491965385583731	18.998444512134462	0.7149913558903433	0.6784922394678492
13	1.4917391879217965	18.790339259650764	0.7085700172882193	0.6873614190687362
14	1.4909956455230713	18.441963999290166	0.7219066436157076	0.6851441241685144
15	1.4908198714256287	18.28637093070924	0.722647567300568	0.6895787139689579
16	1.4903291674221264	18.17390625120148	0.7270931094097308	0.6940133037694013
17	1.4897599087821112	18.11052119262575	0.7251173129167696	0.6917960088691796
18	1.4896397088703357	18.108191219840464	0.719436897999506	0.6940133037694013
19	1.4896358847618103	17.777101614343838	0.7275870585329711	0.7073170731707317
20	1.4894918146587552	17.63396213561531	0.7288219313410719	0.6807095343680709
21	1.4899292642419988	17.921656991553117	0.7310447023956532	0.6895787139689579
22	1.4907421651093855	17.92773499075822	0.7335144480118547	0.7117516629711752
23	1.490895688533783	17.448322476364496	0.7340083971350951	0.7272727272727273
24	1.4911510753631592	17.19534316025381	0.738700913805878	0.7117516629711752
25	1.4910955429077148	17.074095831142635	0.7473450234625834	0.7250554323725056
26	1.4911048500626176	16.821287004966436	0.7478389725858237	0.729490022172949
27	1.4908724342073714	16.54751939848652	0.7456162015312423	0.7272727272727273
28	1.4905924303778286	16.340033531188965	0.7587058532971104	0.729490022172949
29	1.4903167168299356	16.01598516974862	0.7584588787354902	0.7161862527716186
30	1.4901439605220672	16.106584537686324	0.7562361076809089	0.7228381374722838
31	1.4901288896799088	15.702824472442387	0.7594467769819708	0.7250554323725056
32	1.4901059107346968	15.541145677641621	0.7658681155840948	0.7339246119733924
33	1.4902437364353853	15.252242583928146	0.7732773524326995	0.7361419068736141
34	1.4902110304151261	15.294187928747943	0.7638923190911336	0.7361419068736141
35	1.4899046685960557	15.117982334977999	0.7715485305013584	0.7516629711751663
36	1.4898001052237846	14.868498719583346	0.7819214620894048	0.7339246119733924
37	1.4896932024704783	14.924260053108997	0.7787107927883428	0.7450110864745011
38	1.4896314999996088	14.755550204299567	0.7782168436651025	0.720620842572062
39	1.4897231578826904	14.562945127487183	0.782168436651025	0.7472283813747228
40	1.4894854789826928	14.423420733354224	0.7893306989380093	0.7583148558758315
41	1.4892957210540771	14.294260509370819	0.7824154112126451	0.7405764966740577
42	1.4890928656555886	14.104974923171396	0.7942701901704124	0.7605321507760532
43	1.48908362605355	14.13621090340802	0.7913064954309706	0.7671840354767184
44	1.4888885974884034	13.838082580115852	0.7964929612249938	0.7627494456762749
45	1.48869294187297	13.868647049731157	0.7959990121017535	0.7605321507760532
46	1.4885712938105806	13.689411670204223	0.7964929612249938	0.7649667405764967
47	1.488488535086314	13.76436582700474	0.7974808594714744	0.7649667405764967
48	1.4884314342420928	13.54910874179029	0.799950605087676	0.7738359201773836
49	1.4885073852539064	13.475378209211694	0.7994566559644357	0.7405764966740577
50	1.4883945595984365	13.339908104243241	0.8046431217584589	0.7694013303769401
51	1.4887595543494592	13.231384746671662	0.8046431217584589	0.753880266075388
52	1.4889349982423603	13.11340466446764	0.8034082489503581	0.753880266075388
53	1.4889044540899772	13.098264007117805	0.8088416893060015	0.7516629711751663
54	1.4889669244939632	13.00303158797617	0.8093356384292418	0.7560975609756098
55	1.4887137242725916	12.875682076131264	0.8085947147443814	0.7760532150776053
56	1.4884705543518066	12.767646733231432	0.8127932822919239	0.7694013303769401
57	1.4881538152694702	12.622358492978915	0.814522104223265	0.7738359201773836
58	1.4878738532632083	12.62273142656942	0.816250926154606	0.7583148558758315
59	1.4878100514411927	12.519658107457198	0.8132872314151642	0.7760532150776053
60	1.4877662736861432	12.367114874321645	0.8199555445789084	0.7804878048780488
61	1.4875061281265751	12.373355013179028	0.8157569770313657	0.7849223946784922
62	1.487380481901623	12.292832265688679	0.8216843665102495	0.7893569844789357
63	1.4874445497989655	12.071347131503849	0.8229192393183502	0.7671840354767184
64	1.4871545241429256	12.129321008216678	0.8219313410718696	0.7915742793791575
65	1.4871049396919482	12.036290930950736	0.8229192393183502	0.7937915742793792
66	1.4870616108623904	11.964107870116948	0.8266238577426525	0.7827050997782705
67	1.4870758792933296	11.800855895665688	0.8308224252901951	0.7760532150776053
68	1.4870730413906816	11.68765474679902	0.8246480612496913	0.7694013303769401
69	1.487246676853725	11.622225554909294	0.832304272659916	0.7649667405764967
70	1.4871676371131144	11.544507743805413	0.8318103235366757	0.7760532150776053
71	1.4870280689663358	11.413412473333164	0.8367498147690788	0.7827050997782705
72	1.487032615975158	11.477936748444565	0.8365028402074587	0.7738359201773836
73	1.4870517350531913	11.276135944006011	0.8365028402074587	0.7937915742793792
74	1.4871714433034262	11.321580053314449	0.8389725858236602	0.7760532150776053
75	1.4872013393201327	11.162968338943841	0.841936280563102	0.7871396895787139
76	1.4871958292923964	11.090314384520523	0.8429241788095826	0.7827050997782705
77	1.4870260036908662	11.081865209294117	0.8451469498641639	0.7871396895787139
78	1.486938714981079	10.994694184130571	0.8429241788095826	0.7960088691796009
79	1.4868555247783661	10.899489477863462	0.8456408989874042	0.7937915742793792
80	1.4869167775283625	10.882144190195039	0.8431711533712027	0.7937915742793792
81	1.4868309730436744	10.75821898302694	0.8441590516176833	0.7827050997782705
82	1.4867550551173199	10.725368372098668	0.8476166954803656	0.7960088691796009
83	1.4869206519353957	10.692394506274246	0.8490985428500865	0.7804878048780488
84	1.487063839856316	10.566039051596574	0.8525561867127686	0.7849223946784922
85	1.4871759192888128	10.495669165934165	0.8493455174117066	0.7849223946784922
86	1.4871217300151955	10.466833131519829	0.8488515682884663	0.7960088691796009
87	1.4871584258296273	10.395560859695195	0.8562608051370709	0.7760532150776053
88	1.4871505699800642	10.334728877375445	0.8552729068905903	0.7849223946784922
89	1.4871994071536594	10.302645865387804	0.8555198814522105	0.7871396895787139
90	1.4872614289378072	10.190848658404013	0.8545319832057298	0.7782705099778271
91	1.4872536788816038	10.277413045327494	0.8540380340824895	0.7782705099778271
92	1.4872588342235935	10.16939589920945	0.8528031612743887	0.7782705099778271
93	1.487502618038908	10.099933492855763	0.8552729068905903	0.7915742793791575
94	1.487844735697696	10.053180867292749	0.8604593726846135	0.7871396895787139
95	1.488055427869161	10.006438643913569	0.8572487033835515	0.7782705099778271
96	1.4882799423847002	9.968032579722367	0.857989627068412	0.7782705099778271
97	1.4882050022786977	9.906416388008537	0.8624351691775747	0.7937915742793792
98	1.4880397199380277	9.89471250819409	0.8631760928624351	0.7804878048780488
99	1.4879980969429016	9.845426093874954	0.8666337367251173	0.7849223946784922
-1	-1	-1	-1	-1
0	1.5143837928771973	20.917332221203903	0.6925166707829093	0.5210643015521065
1	1.4883430004119873	708.100378734859	0.5272906890590269	0.5543237250554324
2	1.4748044808705647	29.077612538975995	0.5584094838231662	0.5565410199556541
3	1.4677277207374573	27.675086028932586	0.5828599654235613	0.647450110864745
4	1.4643707275390625	24.00469187488706	0.6376883181032353	0.6585365853658537
5	1.4646525780359905	21.49456401885025	0.6796739935786614	0.5254988913525499
6	1.4654696668897356	20.24070820845957	0.6895529760434675	0.6297117516629712
7	1.4646750390529633	20.480849821736495	0.6989380093850334	0.6607538802660754
8	1.4632021586100261	19.024922235744206	0.7305507532724129	0.7006651884700665
9	1.4620375633239746	19.057636951837015	0.7253642874783898	0.7272727272727273
10	1.460543935949152	20.38605474111602	0.7051123734255371	0.7073170731707317
11	1.4600179394086201	17.673097512853428	0.7503087182020252	0.7339246119733924
12	1.4594972683833196	17.458620859882025	0.7441343541615214	0.7073170731707317
13	1.4593681607927596	17.009970191895494	0.7517905655717461	0.7427937915742794
14	1.4591598669687906	15.972506868557668	0.7656211410224747	0.7427937915742794
15	1.4588403850793839	15.879144555940403	0.7680908866386762	0.729490022172949
16	1.4587444698109346	15.78284101786576	0.766115090145715	0.7605321507760532
17	1.4586321247948542	15.754624640847755	0.7703136576932575	0.7228381374722838
18	1.4584698928029913	15.280162037826898	0.7792047419115831	0.7694013303769401
19	1.4587858200073243	15.063429293670053	0.7885897752531489	0.7405764966740577
20	1.4586653936476934	15.2626966341274	0.7769819708570017	0.7671840354767184
21	1.4583102681420066	15.250760115976409	0.7811805384045444	0.7472283813747228
22	1.4591151942377505	14.767137508692704	0.7836502840207459	0.7427937915742794
23	1.4595727523167927	14.981409741198922	0.7834033094591257	0.7782705099778271
24	1.4590939044952393	15.051185232447827	0.7814275129661645	0.7760532150776053
25	1.4590860788638775	14.739568710327148	0.7814275129661645	0.7516629711751663
26	1.4589950950057418	14.505641118747981	0.7885897752531489	0.7405764966740577
27	1.4592015487807137	14.44353042812798	0.7900716226228699	0.7605321507760532
28	1.4589137702152646	14.391264799072987	0.7885897752531489	0.7250554323725056
29	1.458969513575236	14.258950804162213	0.7930353173623117	0.7427937915742794
30	1.458696711447931	14.696159828366257	0.7858730550753272	0.7649667405764967
31	1.4595327451825142	14.337812363632082	0.8006915287725365	0.7782705099778271
32	1.4599663488792651	14.325073076984076	0.7955050629785132	0.7671840354767184
33	1.460213016061222	14.011640740191842	0.7989627068411953	0.7827050997782705
34	1.4599842139652797	13.946963396598035	0.8036552235119783	0.7982261640798226
35	1.4599059290356107	14.18683519138126	0.7915534699925908	0.7472283813747228
36	1.459754061054539	14.027788173495315	0.7987157322795752	0.7716186252771619
37	1.4598089895750348	13.74823020950077	0.8014324524573969	0.7583148558758315
38	1.4599519142737756	13.834952741157352	0.8011854778957768	0.7937915742793792
39	1.460047823190689	13.807759859430508	0.8041491726352186	0.7871396895787139
40	1.4602243725846453	13.702914185411348	0.8039021980735984	0.7694013303769401
41	1.4604540325346447	13.682509467357725	0.8039021980735984	0.7782705099778271
42	1.4603640312372252	13.602113573569952	0.8053840454433193	0.7804878048780488
43	1.4602875926277854	13.616603866336852	0.8078537910595208	0.7782705099778271
44	1.460167317920261	13.493106560444268	0.8061249691281798	0.7782705099778271
45	1.4600008104158484	13.435104861972839	0.811311434922203	0.7760532150776053
46	1.4600437549834555	13.300428075114572	0.8068658928130402	0.7804878048780488
47	1.4598038792610168	13.38463601915855	0.8068658928130402	0.7849223946784922
48	1.4595274438663406	13.372721762169064	0.8132872314151642	0.7804878048780488
49	1.4594443845748901	13.393559906426377	0.8100765621141023	0.7782705099778271
50	1.4595589778002571	13.199331125875158	0.8108174857989627	0.7583148558758315
51	1.4595799950452952	13.26367184120839	0.8105705112373426	0.7804878048780488
52	1.4598278639451512	13.068522077845776	0.8130402568535441	0.7849223946784922
53	1.4600577707643863	13.140397511129304	0.8083477401827611	0.7782705099778271
54	1.4600375218824906	13.07047231178584	0.8152630279081254	0.7782705099778271
55	1.460018813610077	13.05302194535263	0.8135342059767844	0.7671840354767184
56	1.460069685651545	13.012974348593884	0.8137811805384045	0.7671840354767184
57	1.4601026197959637	12.856059998039186	0.820943442825389	0.7716186252771619
58	1.4599234330452096	12.902047664161742	0.8182267226475674	0.7782705099778271
59	1.459868864218394	12.80128512795516	0.8132872314151642	0.7960088691796009
60	1.4598733284434333	12.823060854213445	0.8187206717708077	0.7738359201773836
61	1.459897675821858	12.760282940751924	0.8206964682637689	0.7849223946784922
62	1.4599258445558094	12.730243348699855	0.8197085700172883	0.7827050997782705
63	1.4598457626998425	12.839825862974632	0.8152630279081254	0.7782705099778271
64	1.459821891784668	12.632407162133164	0.8251420103729316	0.7982261640798226
-1	-1	-1	-1	-1
0	1.5032000541687012	20.84606196185735	0.6971343873517787	0.15486725663716813
1	1.4829659461975098	3053.6740763055996	0.5059288537549407	0.5199115044247787
2	1.4759085178375244	31.740740881191464	0.5217391304347826	0.5199115044247787
3	1.4702008962631226	31.718693042364645	0.5217391304347826	0.5199115044247787
4	1.4667449474334717	31.721359057689277	0.5217391304347826	0.5199115044247787
5	1.464946985244751	31.764750856114183	0.5217391304347826	0.5199115044247787
6	1.4643963745662145	31.797945157749446	0.5217391304347826	0.5199115044247787
7	1.4642301201820374	31.82900993467316	0.5217391304347826	0.5199115044247787
8	1.4641013940175374	31.76795526189128	0.5217391304347826	0.5199115044247787
9	1.463796901702881	31.728501342412994	0.5217391304347826	0.5199115044247787
10	1.464815703305331	31.902973850881022	0.5217391304347826	0.5199115044247787
11	1.465007205804189	31.78069448846532	0.5217391304347826	0.5199115044247787
12	1.465036080433772	31.784867429357814	0.5217391304347826	0.5199115044247787
13	1.4652764797210693	31.788964616970752	0.5217391304347826	0.5199115044247787
14	1.4657912413279215	31.729373120886134	0.5217391304347826	0.5199115044247787
15	1.467176765203476	31.70416150130625	0.5217391304347826	0.5199115044247787
16	1.4672788872438318	31.723627676175337	0.5217391304347826	0.5199115044247787
17	1.4678105115890503	31.76487841568594	0.5217391304347826	0.5199115044247787
18	1.4676512040589984	31.773638680225282	0.5217391304347826	0.5199115044247787
19	1.4673309683799745	31.744043117433083	0.5217391304347826	0.5199115044247787
20	1.466871352422805	31.734947760274093	0.5217391304347826	0.5199115044247787
21	1.4666756174781106	31.731262327179195	0.5217391304347826	0.5199115044247787
22	1.467069211213485	31.77637827865721	0.5217391304347826	0.5199115044247787
23	1.4680354297161102	31.707006664726677	0.5217391304347826	0.5199115044247787
24	1.4683386993408203	31.671664493290457	0.5217391304347826	0.5199115044247787
25	1.4688481642649724	31.72024130633497	0.5217391304347826	0.5199115044247787
26	1.4684006991209808	31.77038446561558	0.5217391304347826	0.5199115044247787
27	1.4683866926601954	31.749730485630785	0.5217391304347826	0.5199115044247787
28	1.4682581506926438	31.691166014183224	0.5217391304347826	0.5199115044247787
29	1.468212103843689	31.707515806663693	0.5217391304347826	0.5199115044247787
30	1.4681761495528682	31.70208077918826	0.5217391304347826	0.5199115044247787
31	1.4682977572083473	31.71343765859529	0.5217391304347826	0.5199115044247787
-1	-1	-1	-1	-1
0	1.5185346603393555	20.900380404915396	0.7023956532477155	0.5631929046563193
1	1.5047805309295654	811.9881569344228	0.6480612496912818	0.7117516629711752
2	1.499684731165568	19.168504286938767	0.7140034576438626	0.6674057649667405
3	1.5001316666603088	17.99186173386461	0.7307977278340331	0.7339246119733924
4	1.5016495704650878	16.70900778132161	0.7473450234625834	0.7139689578713969
5	1.5012023051579793	16.33648457865077	0.7552482094344283	0.7583148558758315
6	1.5014957359858923	15.60520978612224	0.761422573474932	0.7671840354767184
7	1.5023941695690155	15.505269827805167	0.7683378612002963	0.7450110864745011
8	1.5017895963456895	15.375159781748854	0.7747591998024204	0.7450110864745011
9	1.4998060703277587	14.88129468226996	0.7801926401580637	0.7560975609756098
10	1.4978178197687322	14.497232583564097	0.7794517164732032	0.7738359201773836
11	1.4963268637657166	14.041615411052554	0.791800444554211	0.7627494456762749
12	1.4941801474644587	13.980137160443885	0.7915534699925908	0.753880266075388
13	1.4924965075084142	13.417535440189631	0.8053840454433193	0.7560975609756098
14	1.491447671254476	12.840389991369774	0.8115584094838232	0.7450110864745011
15	1.4913685470819473	13.070037800496019	0.8076068164979007	0.7738359201773836
16	1.4908076735103832	12.717937478868981	0.8182267226475674	0.7982261640798226
17	1.4908991124894884	11.944120193090965	0.8216843665102495	0.7849223946784922
18	1.490765458659122	11.853984641277885	0.8219313410718696	0.7738359201773836
19	1.4916365146636963	11.570635266191378	0.8276117559891332	0.7960088691796009
20	1.4915618555886405	11.577397245121753	0.8342800691528772	0.7804878048780488
21	1.4912595532157205	10.825003453127042	0.836996789330699	0.8048780487804879
22	1.4917605545209802	21.868196085682065	0.8204494937021487	0.7893569844789357
23	1.491631458202998	11.226883463972197	0.8325512472215362	0.7649667405764967
24	1.4916196823120118	10.881688117980957	0.83872561126204	0.7893569844789357
25	1.4915226973020113	10.254349295548566	0.8458878735490245	0.8004434589800443
26	1.4910910924275715	10.429322267141869	0.8414423314398617	0.7982261640798226
27	1.490787923336029	9.788734180720772	0.8495924919733268	0.811529933481153
28	1.490857510731138	9.221830439379834	0.8663867621634972	0.802660753880266
29	1.4909830729166667	8.890703910917747	0.8797233884909854	0.8004434589800443
30	1.4911277063431279	8.567837767713652	0.8733020498888614	0.7937915742793792
31	1.4910316541790962	8.412572141707413	0.8772536428747839	0.7937915742793792
32	1.4906875581452341	7.8914897507569925	0.8829340577920474	0.8270509977827051
33	1.490615395938649	7.54614241855351	0.8947888367498148	0.802660753880266
34	1.4903991767338345	7.717974155906617	0.8891084218325512	0.8004434589800443
35	1.4905417230394151	7.478402774164996	0.8933069893800939	0.7849223946784922
36	1.4904101152677793	6.8653151256831615	0.9024450481600396	0.7871396895787139
37	1.4902071137177317	6.403848892121803	0.9123240306248457	0.7871396895787139
38	1.490048078390268	7.108811588737908	0.8994813534205977	0.7982261640798226
39	1.4899748682975769	6.453793314498241	0.908125463077303	0.7915742793791575
40	1.489694356918335	6.003846287727356	0.9167695727340084	0.811529933481153
41	1.489404354776655	5.555040887021643	0.9204741911583106	0.8004434589800443
42	1.4892052883325622	5.453217733563401	0.9268955297604347	0.802660753880266
43	1.4888966787945142	5.1831520270174885	0.9298592244998765	0.8137472283813747
44	1.4888259357876248	5.0616808524281955	0.9298592244998765	0.8070953436807096
45	1.4884741980096567	4.860305084018257	0.93553963941714	0.7982261640798226
46	1.4882593509998727	5.960219777005864	0.9377624104717214	0.7827050997782705
47	1.488405093550682	5.542289065563772	0.9264015806371944	0.802660753880266
48	1.4883774300010837	4.396378640114792	0.9412200543344036	0.8181818181818182
49	1.4884077644348144	4.049747242702274	0.9473944183749073	0.8070953436807096
50	1.4886095336839265	3.912581466783689	0.9488762657446284	0.8159645232815964
51	1.4884575376143823	3.730207277564552	0.949864163991109	0.8093126385809313
52	1.48856513455229	3.6560312300685824	0.9510990367992097	0.7960088691796009
53	1.4882949855592515	3.6589883610488863	0.9528278587305508	0.8093126385809313
54	1.4880849014629016	3.6045929937381445	0.9540627315386515	0.8093126385809313
55	1.4879701009818487	3.2352717307608896	0.9572734008397135	0.8004434589800443
56	1.4878566976179157	3.221515131043637	0.958014324524574	0.8004434589800443
57	1.4876802337580715	3.2202376684569938	0.9577673499629538	0.7982261640798226
58	1.4875314154867398	3.5149178213960544	0.9550506297851321	0.8292682926829268
59	1.4873501976331076	3.035537551589838	0.9597431464559151	0.8070953436807096
60	1.4871924353427575	2.9603594665921578	0.9641886885650778	0.8181818181818182
61	1.487115256247982	2.7305298879390625	0.9644356631266979	0.8137472283813747
62	1.4870767479851132	2.7336802384046117	0.9649296122499382	0.811529933481153
63	1.4870368912816048	2.642571991588187	0.9651765868115584	0.8203991130820399
64	1.4869631290435792	2.60983907088168	0.966164485058039	0.8226164079822617
65	1.4869239005175503	2.60748485293914	0.9649296122499382	0.8048780487804879
66	1.4869267157654265	2.520999433722083	0.9641886885650778	0.8137472283813747
67	1.4868142429520101	2.388964396058105	0.9664114596196591	0.8181818181818182
68	1.486746539240298	2.3245591781740114	0.969375154359101	0.8048780487804879
69	1.4867833750588553	2.3236160795754337	0.9691281797974809	0.7982261640798226
70	1.4868204627238528	2.2580608439257763	0.9708570017288219	0.811529933481153
71	1.487002323071162	2.2209178720285574	0.9708570017288219	0.8226164079822617
72	1.4868799954244536	2.1375721804064325	0.9715979254136824	0.811529933481153
73	1.4867773152686454	2.113478624327915	0.9723388490985428	0.8070953436807096
74	1.4866078853607179	2.107890543121364	0.9698691034823413	0.811529933481153
75	1.4866091514888562	2.0662441518832377	0.9728327982217831	0.8181818181818182
76	1.4865142246345422	2.0437928336401154	0.9723388490985428	0.8093126385809313
77	1.486511508623759	2.009174358070366	0.9728327982217831	0.8093126385809313
78	1.4864787210392048	1.9641231357112645	0.974314645591504	0.8070953436807096
79	1.4864981442689895	1.9503474819637088	0.9735737219066436	0.8137472283813747
80	1.4864538628378032	1.9030351814351918	0.9750555692763645	0.8048780487804879
81	1.486510050006029	1.906607422127029	0.9750555692763645	0.8070953436807096
82	1.4864108591194611	1.8813136800184964	0.974314645591504	0.8093126385809313
83	1.4863658490635099	1.8315717370256663	0.9753025438379846	0.8070953436807096
84	1.486369239582735	1.8211527705324564	0.9760434675228451	0.8181818181818182
85	1.4862817442694376	1.8179552745162033	0.9750555692763645	0.8070953436807096
86	1.486378096986091	1.76982369185902	0.9755495183996048	0.8137472283813747
87	1.4863603087988766	1.757756802158093	0.9760434675228451	0.8093126385809313
88	1.4864006122846283	1.7539289798734226	0.9755495183996048	0.8093126385809313
-1	-1	-1	-1	-1
0	1.5239694118499756	21.676763804878775	0.6942454927142504	0.5144124168514412
1	1.5030913352966309	1310.1148536111425	0.4825882934057792	0.5144124168514412
2	1.4976210594177246	31.92612412970836	0.514448011854779	0.5144124168514412
3	1.49246346950531	31.886015749353124	0.514448011854779	0.5144124168514412
4	1.4910385131835937	31.86289625092754	0.514448011854779	0.5144124168514412
5	1.491272250811259	31.901445809311753	0.514448011854779	0.5144124168514412
6	1.489905493600028	31.872266206215684	0.514448011854779	0.5144124168514412
7	1.4893330037593842	31.915350651177835	0.514448011854779	0.5144124168514412
8	1.4903863535987005	32.032874625498856	0.514448011854779	0.5144124168514412
9	1.4904746770858766	31.917589397880974	0.514448011854779	0.5144124168514412
10	1.4903015223416416	31.91110705578421	0.514448011854779	0.5144124168514412
11	1.4902053872744243	31.94338275879387	0.514448011854779	0.5144124168514412
12	1.4895753493675818	31.981774232518955	0.5087675969375154	0.3303769401330377
13	1.4892313650676183	31.930674680574672	0.5117312916769573	0.5144124168514412
14	1.489522393544515	31.938460537767785	0.514448011854779	0.5144124168514412
15	1.4897534400224686	31.979855289609414	0.514448011854779	0.5144124168514412
16	1.4899695059832405	31.897933329184223	0.514448011854779	0.5144124168514412
17	1.4900929265552096	31.917153305894747	0.514448011854779	0.5144124168514412
18	1.4897031784057617	31.94850735401544	0.514448011854779	0.5144124168514412
19	1.4891055583953858	31.919025916752854	0.514448011854779	0.5144124168514412
20	1.4887556689126151	31.920229296045978	0.514448011854779	0.5144124168514412
21	1.4887759360400112	31.8836310304056	0.514448011854779	0.5144124168514412
22	1.4884260737377664	31.849703721174105	0.514448011854779	0.5144124168514412
23	1.4883865714073181	31.846570277777243	0.514448011854779	0.5144124168514412
24	1.488226318359375	31.878003030311405	0.514448011854779	0.5144124168514412
25	1.4881740258290217	31.848451118769606	0.514448011854779	0.5144124168514412
26	1.4878836826041892	31.86943405631959	0.514448011854779	0.5144124168514412
27	1.4879540375300817	31.87820488636888	0.514448011854779	0.5144124168514412
28	1.487761481054898	31.84998599375327	0.514448011854779	0.5144124168514412
29	1.4876015424728393	31.83399114834042	0.514448011854779	0.5144124168514412
30	1.487314062733804	31.895906883900558	0.514448011854779	0.5144124168514412
-1	-1	-1	-1	-1
0	1.5094561576843262	20.46386591092808	0.719436897999506	0.5188470066518847
1	1.507332444190979	1656.8318500518799	0.5193875030871821	0.5565410199556541
2	1.5009175936381023	30.068975501173124	0.5510002469745616	0.5476718403547672
3	1.494749665260315	29.81912325310895	0.5591504075080267	0.549889135254989
4	1.494377326965332	29.59577836765079	0.5598913311928871	0.565410199556541
5	1.4933006763458252	28.790199114581732	0.5801432452457397	0.532150776053215
6	1.4926533699035645	26.815129204997866	0.6055816250926155	0.614190687361419
7	1.493634432554245	23.644772679786982	0.6463324277599407	0.6496674057649667
8	1.4938559532165527	21.921583430973563	0.6643615707582119	0.6674057649667405
9	1.492936110496521	20.03409758139783	0.701654729562855	0.6075388026607539
10	1.4935605959458784	20.04199451536644	0.7011607804396147	0.6651884700665188
11	1.4939729571342468	19.29320308354896	0.717708076068165	0.6341463414634146
12	1.4930758659656231	19.35718837497741	0.7211657199308471	0.5964523281596452
13	1.492607729775565	19.045124812388984	0.7228945418621882	0.7117516629711752
14	1.4915491422017415	18.17460279389629	0.7347493208199556	0.6452328159645233
15	1.4938965886831284	19.104878598310815	0.7098048900963201	0.7317073170731707
16	1.4944011604084688	18.234910307906745	0.7320326006421338	0.7405764966740577
17	1.493783129586114	18.104250194519523	0.7280810076562114	0.7339246119733924
18	1.493428242833991	17.84163336866484	0.7275870585329711	0.7250554323725056
19	1.49313086271286	17.877736177970107	0.7347493208199556	0.7472283813747228
20	1.4930181276230585	17.458907255037563	0.7382069646826377	0.6851441241685144
21	1.4927474585446445	18.239999966358575	0.727340083971351	0.7405764966740577
22	1.4922293372776196	17.849700484688828	0.7357372190664362	0.7427937915742794
23	1.4923851191997528	16.96074176022387	0.7436404050382811	0.7427937915742794
24	1.4924863052368165	16.725830265856164	0.748332921709064	0.7405764966740577
25	1.4923809858468862	16.928393604248527	0.7466040997777229	0.720620842572062
26	1.4926002732029668	16.65217904594001	0.7456162015312423	0.7361419068736141
27	1.4922832676342555	16.557861981429454	0.7473450234625834	0.7427937915742794
28	1.4924726075139538	16.764159976028083	0.750061743640405	0.729490022172949
29	1.491961940129598	16.430800978593002	0.750061743640405	0.7228381374722838
30	1.4919183331151162	16.253247606472705	0.754754260311188	0.7317073170731707
31	1.491572618484497	16.444111583739755	0.7554951839960484	0.7405764966740577
32	1.491164207458496	16.221740279610703	0.7537663620647074	0.6962305986696231
33	1.4910569120855892	16.35879545887624	0.7522845146949864	0.753880266075388
34	1.4911451067243304	16.055703478535328	0.7626574462830329	0.7627494456762749
35	1.4911267227596707	16.032107417039047	0.7574709804890096	0.7339246119733924
36	1.4916791980331008	15.916740177184577	0.7646332427759941	0.7494456762749445
37	1.4921072156805741	15.969409349396473	0.759693751543591	0.70509977827051
38	1.492049895800077	16.008006944431095	0.7552482094344283	0.7272727272727273
39	1.4924999833106996	15.836580659460834	0.7624104717214127	0.7516629711751663
40	1.4924738174531518	15.756843401691107	0.7624104717214127	0.720620842572062
41	1.4921814032963343	15.633758304625983	0.766115090145715	0.7472283813747228
42	1.4919007711632306	15.556242920282319	0.7631513954062732	0.7516629711751663
43	1.4917312318628484	15.676446944709838	0.7606816497900716	0.7560975609756098
44	1.4916591114468045	15.46266660915585	0.7727834033094592	0.7339246119733924
45	1.491993582766989	15.424486441875068	0.766115090145715	0.7472283813747228
46	1.4919649235745693	15.384159636309766	0.7737713015559398	0.7361419068736141
47	1.4916609326998393	15.305920165354811	0.769325759446777	0.7716186252771619
48	1.4913809883351228	15.284365162136048	0.775747098048901	0.7627494456762749
49	1.4912014865875245	15.187464657730944	0.7685848357619165	0.7228381374722838
50	1.4909806859259511	15.087331644193394	0.775747098048901	0.738359201773836
51	1.4907804544155414	15.178510132737047	0.7703136576932575	0.7494456762749445
52	1.4905425107704018	14.940391653166042	0.7811805384045444	0.753880266075388
53	1.4904862068317555	14.876851389727255	0.7762410471721413	0.720620842572062
54	1.490412694757635	14.972910392941452	0.7730303778710793	0.7627494456762749
55	1.4901684480054038	14.994274237024502	0.7787107927883428	0.7494456762749445
56	1.490038420024671	14.80382093294399	0.7824154112126451	0.7560975609756098
57	1.4899494647979736	14.62884123494306	0.7814275129661645	0.7560975609756098
58	1.4899506730548406	14.559071788637658	0.7816744875277847	0.720620842572062
59	1.4901207089424133	14.604907914409488	0.7856260805137071	0.7494456762749445
60	1.490124987774208	14.69946193319606	0.7809335638429242	0.7516629711751663
61	1.4901909789731425	14.682141086247963	0.7794517164732032	0.7560975609756098
62	1.490063985188802	14.430338686845435	0.7831563348975056	0.7583148558758315
63	1.4900232590734959	14.719972302594522	0.7843912077056063	0.7649667405764967
64	1.4898493399986854	14.411217340334193	0.7866139787601877	0.7694013303769401
65	1.4901028221303767	14.322463298407127	0.7876018770066683	0.7560975609756098
66	1.4901533375925093	14.54191910000298	0.7814275129661645	0.7583148558758315
67	1.490016015136943	14.432221209909034	0.7878488515682884	0.7361419068736141
68	1.4902395061824634	14.296768541411152	0.7866139787601877	0.7627494456762749
69	1.4906286341803414	14.260526886136512	0.787107927883428	0.7605321507760532
70	1.4906499755214637	14.115669036474754	0.7925413682390714	0.7627494456762749
71	1.4905656509929233	14.148808982428603	0.7927883428006915	0.7516629711751663
72	1.4906002724007383	14.05696324476107	0.7987157322795752	0.7671840354767184
73	1.4904604119223517	14.051770131419024	0.7959990121017535	0.7649667405764967
74	1.4903623739878336	14.03627200764934	0.7942701901704124	0.7627494456762749
75	1.4903644542945058	14.019617384812964	0.7950111138552729	0.7738359201773836
76	1.490368734706532	13.979653411024199	0.7947641392936527	0.7649667405764967
77	1.4904763392913036	14.013473702227975	0.7962459866633737	0.7605321507760532
78	1.4904539645472659	13.854208383034534	0.8014324524573969	0.753880266075388
79	1.4904027044773103	13.918892740264653	0.7972338849098543	0.7716186252771619
80	1.4905181490344765	13.839143614130696	0.7987157322795752	0.7782705099778271
81	1.4906975118125356	13.767083746241772	0.7992096814028156	0.7627494456762749
82	1.4908036726066864	13.824282755063274	0.7982217831563349	0.7649667405764967
83	1.4908364982832045	13.727501227161078	0.7989627068411953	0.7649667405764967
84	1.4908431810491225	13.71483157375666	0.8004445542109163	0.7738359201773836
85	1.4908004472422045	13.68411645363635	0.796739935786614	0.7583148558758315
86	1.490860840369915	13.753754859834206	0.8009385033341566	0.7716186252771619
87	1.4908339923078364	13.734711031275472	0.799950605087676	0.7871396895787139
88	1.4907125006900745	13.63122121931061	0.8036552235119783	0.7716186252771619
89	1.4906384150187175	13.605691371001596	0.8021733761422574	0.7760532150776053
90	1.4907637873848716	13.57851191768496	0.803161274388738	0.7694013303769401
91	1.4909833643747412	13.668615228547825	0.8021733761422574	0.7716186252771619
92	1.4909772796015586	13.54396298551184	0.8039021980735984	0.7649667405764967
93	1.4910540352476405	13.621099288069358	0.8036552235119783	0.7738359201773836
94	1.4911015359978927	13.528740383508637	0.8043961471968387	0.7782705099778271
95	1.4910544926921527	13.545987823816734	0.8036552235119783	0.7694013303769401
96	1.491117531491309	13.510574949069285	0.8041491726352186	0.7738359201773836
97	1.4910109116106618	13.502938646031177	0.8053840454433193	0.7716186252771619
98	1.4909761240988066	13.47859214422271	0.8085947147443814	0.7915742793791575
99	1.490969455242157	13.43431138241385	0.804890096320079	0.7827050997782705
-1	-1	-1	-1	-1
0	1.5109977722167969	20.881173111322358	0.7169671523833046	0.541019955654102
1	1.4932669401168823	83.96651219195269	0.7461101506544826	0.7849223946784922
2	1.4863011837005615	15.124343890843429	0.7868609533218078	0.7827050997782705
3	1.481080412864685	13.845727053214246	0.8006915287725365	0.7893569844789357
4	1.4835580825805663	13.025106940682479	0.8130402568535441	0.7893569844789357
5	1.4842862685521443	12.716241273354358	0.8135342059767844	0.8226164079822617
6	1.481750181743077	12.229815126404048	0.824154112126451	0.8314855875831486
7	1.4796938598155975	11.683613698313556	0.8330451963447765	0.8159645232815964
8	1.4809416400061712	11.373710973994939	0.8350209928377377	0.8181818181818182
9	1.479293704032898	11.033727191564605	0.83872561126204	0.8048780487804879
10	1.4788204973394221	10.462962773841197	0.8535440849592492	0.811529933481153
11	1.4799753427505493	10.107588294922836	0.8547789577673499	0.8292682926829268
12	1.4790133696336012	10.390677568480724	0.8560138305754508	0.8203991130820399
13	1.4782197305134364	9.878695660688745	0.866139787601877	0.8270509977827051
14	1.4774309794108074	9.298467078546839	0.8676216349715979	0.8292682926829268
15	1.4765058308839798	9.33319504617706	0.8713262533959002	0.8203991130820399
16	1.4756539849674	8.659299316368704	0.8809582612990862	0.8270509977827051
17	1.4751964939965143	8.171433236655288	0.885403803408249	0.8093126385809313
18	1.474618108649003	7.979180215850589	0.8883674981476908	0.8093126385809313
19	1.4745824217796326	7.559880870533741	0.8908372437638923	0.835920177383592
20	1.4749462718055362	7.583004397670115	0.8982464806124969	0.8048780487804879
21	1.4752573316747493	6.969834353980117	0.9034329464065202	0.835920177383592
22	1.4748718012934146	7.097768937508891	0.9034329464065202	0.8314855875831486
23	1.4745150208473206	6.670297840448815	0.912817979748086	0.8292682926829268
24	1.474392671585083	6.337958557399239	0.9125710051864658	0.8337028824833703
25	1.4744699734907885	5.8998818022059645	0.9199802420350703	0.8381374722838137
26	1.474421880863331	6.088944969214793	0.9142998271178069	0.8093126385809313
27	1.4736543893814087	5.5971313348905305	0.9236848604593727	0.8226164079822617
28	1.4734847381197174	5.290747632191875	0.9310940973079773	0.8292682926829268
29	1.4733142058054607	4.998126574388639	0.9303531736231169	0.8226164079822617
30	1.4732373760592552	4.751365541473148	0.9377624104717214	0.8159645232815964
31	1.472915381193161	4.437802203058258	0.940232156087923	0.844789356984479
32	1.4726406010714443	4.987630230704631	0.9320819955544579	0.8314855875831486
33	1.4723369514240938	4.921001582633792	0.9303531736231169	0.8248337028824834
34	1.4721813201904297	4.290886154794317	0.9436897999506051	0.8270509977827051
35	1.472554365793864	4.070665482460983	0.946900469251667	0.8292682926829268
36	1.4723675057694718	3.9068573161842317	0.9481353420597678	0.8203991130820399
37	1.4722098237589787	3.816404463972632	0.9533218078537911	0.8159645232815964
38	1.4721194352859106	4.059539295556977	0.9473944183749073	0.8137472283813747
39	1.4721490383148192	3.3837926908740847	0.9550506297851321	0.8314855875831486
40	1.4724078469160127	3.100245649889698	0.9585082736478143	0.8270509977827051
41	1.4724875347954887	2.9593402452356234	0.9632007903185972	0.8270509977827051
42	1.4725589197735454	2.8536561077504645	0.9602370955791554	0.8314855875831486
43	1.4726431640711697	2.926636570140602	0.9624598666337367	0.8314855875831486
44	1.4726249641842313	3.2739601954231112	0.9585082736478143	0.8226164079822617
45	1.472526420717654	3.381555867476726	0.9530748332921709	0.8337028824833703
46	1.4728316550559186	2.8081690921323506	0.9634477648802173	0.835920177383592
47	1.472928320368131	2.491308459616083	0.9659175104964188	0.8314855875831486
48	1.4729914129996786	2.479796416412188	0.9659175104964188	0.8314855875831486
49	1.4729911041259767	2.28837484144789	0.9691281797974809	0.8381374722838137
50	1.4731202078800576	2.339610509985075	0.9678933069893801	0.8470066518847007
51	1.4729633239599376	2.22296880654932	0.9701160780439615	0.8270509977827051
52	1.4729598333250802	2.142093333437687	0.9720918745369227	0.8270509977827051
53	1.4729654435758237	2.162066825203539	0.9686342306742406	0.8381374722838137
54	1.4729627479206433	2.1022955285399916	0.9713509508520622	0.8337028824833703
55	1.4727901092597417	2.0520654543060957	0.9733267473450234	0.8403547671840355
56	1.4728807440975256	2.0142744103754597	0.9730797727834033	0.8337028824833703
57	1.4729971680147895	1.9767560181391286	0.9711039762904421	0.8337028824833703
58	1.4730997530080505	1.9903812865601984	0.9730797727834033	0.8270509977827051
59	1.4732027411460877	2.061892237895586	0.9706100271672018	0.8314855875831486
60	1.4732579715916367	3.941449709764616	0.9483823166213879	0.835920177383592
61	1.4735114189886278	2.163248179641765	0.9723388490985428	0.835920177383592
62	1.473485753649757	1.9437113978614018	0.9745616201531242	0.8226164079822617
63	1.4735788404941559	1.919256022478652	0.9728327982217831	0.8337028824833703
64	1.4734691399794357	1.8962916027255885	0.9733267473450234	0.8337028824833703
65	1.4735037341262356	1.8928536780647875	0.9750555692763645	0.8314855875831486
66	1.4735384734708872	1.8306193301879514	0.974314645591504	0.8292682926829268
67	1.4737164518412422	1.800831532501799	0.9767843912077057	0.8270509977827051
68	1.4736829287763955	1.8314583156345867	0.9740676710298839	0.835920177383592
69	1.4735861437661306	2.0557906083234654	0.9713509508520622	0.8314855875831486
70	1.4736008610523923	1.7936295551783221	0.974314645591504	0.8403547671840355
71	1.473485936721166	1.775583600449398	0.9738206964682637	0.8425720620842572
72	1.47339957380948	1.8653075076441654	0.9733267473450234	0.835920177383592
73	1.4733338549330428	1.8393257437603856	0.9753025438379846	0.8337028824833703
74	1.47339999516805	1.8774552725871483	0.9760434675228451	0.8403547671840355
75	1.4733657366351078	1.7554608173668385	0.9753025438379846	0.8314855875831486
76	1.4733062905150573	1.738071560199688	0.9753025438379846	0.8292682926829268
77	1.473313420246809	1.6833736138256985	0.975796492961225	0.8226164079822617
78	1.4733814016173157	4.075735213396352	0.9602370955791554	0.8070953436807096
79	1.4736921817064286	4.890236467475027	0.9493702148678687	0.8314855875831486
80	1.4737985222427934	2.368210128559841	0.9715979254136824	0.8314855875831486
-1	-1	-1	-1	-1
0	1.516296625137329	21.58274651324655	0.7014077550012349	0.5986696230598669
1	1.4937747716903687	219.81877060387077	0.6764633242775994	0.7117516629711752
2	1.4865435759226482	16.438218049177035	0.7572240059273895	0.7361419068736141
3	1.4872342348098755	15.465559054547407	0.7747591998024204	0.7516629711751663
4	1.4845573902130127	15.040127596517248	0.7796986910348234	0.7649667405764967
5	1.485611081123352	14.145369067905456	0.791800444554211	0.7627494456762749
6	1.484630755015782	14.178799032226323	0.7898246480612497	0.7738359201773836
7	1.4831664562225342	13.69885071431558	0.8001975796492962	0.7472283813747228
8	1.4831706417931452	13.378189522450365	0.8093356384292418	0.7937915742793792
9	1.4816974639892577	13.27375639142014	0.8110644603605829	0.8093126385809313
10	1.481553771279075	12.852086232403131	0.8127932822919239	0.8048780487804879
11	1.4838056166966755	13.272658314291887	0.8068658928130402	0.7960088691796009
12	1.486082333784837	12.979302284285778	0.8169918498394665	0.7849223946784922
13	1.4870682784489222	11.92160214964799	0.8271178068658929	0.802660753880266
14	1.48817982673645	12.04958160655705	0.8285996542356138	0.8159645232815964
15	1.4895435720682144	11.357080876357912	0.835514941960978	0.8070953436807096
16	1.4895818373736214	11.061005956544651	0.8478636700419857	0.7782705099778271
17	1.4889307287004259	10.92048205728606	0.8476166954803656	0.8314855875831486
18	1.4888517480147512	10.416064127223699	0.8523092121511484	0.8314855875831486
19	1.4890788793563843	10.274844822921152	0.8572487033835515	0.844789356984479
20	1.488497949781872	10.396015007664838	0.8528031612743887	0.8004434589800443
21	1.48823420567946	9.906773950171283	0.8565077796986911	0.8093126385809313
22	1.4875619929769766	9.53127550703334	0.8649049147937763	0.8137472283813747
23	1.4872783819834392	9.288829285328783	0.8676216349715979	0.8248337028824834
24	1.4867516708374025	8.965697560723372	0.8742899481353421	0.8226164079822617
25	1.486595052939195	8.717328861942441	0.8792294393677451	0.8270509977827051
26	1.486748253857648	8.839688672794132	0.8733020498888614	0.8270509977827051
27	1.4863872613225664	8.521122934311395	0.8839219560385281	0.8314855875831486
28	1.4861068643372635	8.588423982379943	0.8770066683131638	0.8270509977827051
29	1.4860565265019734	8.661376955002313	0.8777475919980242	0.8181818181818182
30	1.4858665850854689	7.93142795375013	0.8893553963941714	0.8159645232815964
31	1.4856944680213928	7.625881328357487	0.8955297604346752	0.8226164079822617
32	1.4854050116105513	7.195470111576591	0.8992343788589775	0.8425720620842572
33	1.4851892906076767	7.262419720334331	0.8952827858730551	0.8226164079822617
34	1.4849659374782018	7.261231578241183	0.896764633242776	0.8381374722838137
35	1.484958244694604	6.792285566254864	0.9068905902692023	0.8093126385809313
36	1.4844608242447312	6.732233167633297	0.906396641145962	0.8203991130820399
37	1.4839413918946918	6.314083113445072	0.9125710051864658	0.8248337028824834
38	1.483673596993471	6.143087570122846	0.9165225981723882	0.8203991130820399
39	1.4836356580257415	5.94335479717555	0.9155346999259076	0.8337028824833703
40	1.4840775815452016	5.628716628382525	0.9251667078290936	0.8226164079822617
41	1.4838534934180123	5.655531103216757	0.9204741911583106	0.8270509977827051
42	1.4837662175644275	5.981880047189907	0.9165225981723882	0.8248337028824834
43	1.4835813262245872	6.061203663743387	0.9199802420350703	0.8292682926829268
44	1.4835326512654623	5.269981464063089	0.9345517411706594	0.8337028824833703
45	1.4837471194889233	5.277950728972127	0.9246727587058533	0.8159645232815964
46	1.4838521632742374	5.149777036013566	0.9315880464312176	0.8226164079822617
47	1.48391555249691	4.9727118306272615	0.9335638429241788	0.7915742793791575
48	1.4837593205121098	4.944150587705177	0.9365275376636206	0.8314855875831486
49	1.483943347930908	4.647758841983915	0.9372684613484811	0.8381374722838137
-1	-1	-1	-1	-1
0	1.496997356414795	20.409040368448093	0.7224005927389479	0.3392461197339246
1	1.4699827432632446	162.49830399535773	0.719436897999506	0.7649667405764967
2	1.4631462097167969	14.686576321369081	0.7863670041985675	0.7782705099778271
3	1.458492398262024	13.75045856716126	0.7987157322795752	0.7516629711751663
4	1.4568830966949462	13.003281844882515	0.8169918498394665	0.7893569844789357
5	1.455580472946167	12.349207566479059	0.8251420103729316	0.7937915742793792
6	1.454343557357788	12.547781003741768	0.8216843665102495	0.802660753880266
7	1.4535104036331177	11.765704883365181	0.8281057051123735	0.811529933481153
8	1.453440268834432	11.34856799268347	0.8379846875771796	0.8004434589800443
9	1.4536790132522583	11.512002712159646	0.8397135095085206	0.8070953436807096
10	1.4539514238184148	10.653179067326343	0.8490985428500865	0.8159645232815964
11	1.4540936549504597	10.398545045552291	0.8542850086441096	0.7915742793791575
12	1.4538595859821026	10.257942548886998	0.8572487033835515	0.8093126385809313
13	1.4539990425109863	9.760806958506427	0.8656458384786367	0.7738359201773836
14	1.4531888326009115	9.472193451378288	0.8658928130402569	0.8292682926829268
15	1.4531330317258835	8.97550060429911	0.8720671770807606	0.8270509977827051
16	1.4534756856806137	8.788554771678655	0.8752778463818227	0.8270509977827051
17	1.4534547196494207	8.692938690110454	0.8802173376142257	0.8226164079822617
18	1.453642443606728	8.217609077926696	0.8831810323536676	0.8159645232815964
19	1.4538224339485168	7.712771588423121	0.8910842183255124	0.802660753880266
20	1.4539236908867246	7.362446162644334	0.898493455174117	0.8181818181818182
21	1.4546161023053257	7.303620531803041	0.9021980735984194	0.8292682926829268
22	1.4548559914464536	7.016468297778152	0.9046678192146209	0.8314855875831486
23	1.4552285373210907	6.656030579814761	0.9078784885156829	0.8337028824833703
24	1.45496639251709	7.979250663847435	0.8960237095579155	0.8226164079822617
25	1.4547600746154785	6.265799395681366	0.9115831069399852	0.8248337028824834
26	1.454424540201823	6.006396655022629	0.9182514201037293	0.8070953436807096
27	1.4540157147816248	6.178226894281042	0.9157816744875278	0.8425720620842572
28	1.4538080281224743	5.50855042099014	0.9236848604593727	0.8337028824833703
29	1.4534255743026734	5.381154364488256	0.929118300815016	0.8181818181818182
30	1.4533427530719387	5.300127567268732	0.9298592244998765	0.8248337028824834
31	1.453169584274292	4.897928031410758	0.9350456902938997	0.7960088691796009
32	1.4528885610175855	5.162671317265728	0.93553963941714	0.8048780487804879
33	1.4528355598449707	4.635080391027796	0.9392442578414423	0.8203991130820399
34	1.4529574257986886	4.393578094056272	0.9459125710051864	0.7893569844789357
35	1.452981213728587	4.308958148393105	0.9434428253889849	0.8337028824833703
36	1.4530773356154159	4.3907023874793465	0.9434428253889849	0.8292682926829268
37	1.453244730045921	3.963800643842051	0.9473944183749073	0.8004434589800443
38	1.4530428800827417	4.697187348613589	0.9434428253889849	0.7893569844789357
39	1.4531195998191833	4.077633322693232	0.9478883674981476	0.8248337028824834
40	1.4532384290927793	3.5190481862683933	0.9577673499629538	0.8181818181818182
41	1.453253184046064	3.3739868611332	0.956532477154853	0.7893569844789357
42	1.45333250733309	3.389423981895597	0.9572734008397135	0.8314855875831486
43	1.4533007524230264	3.095456270486351	0.9619659175104964	0.8203991130820399
44	1.4533652941385904	3.3192060686002565	0.9567794517164732	0.8248337028824834
45	1.453464238539986	3.1597300201185106	0.9609780192640158	0.8181818181818182
46	1.4535126229549975	2.9500449576715786	0.9617189429488763	0.8159645232815964
47	1.4534530888001125	3.39604834637304	0.9572734008397135	0.835920177383592
48	1.4535328222780812	2.7121533275119902	0.9659175104964188	0.8248337028824834
49	1.4539341640472412	2.603590578779461	0.9673993578661398	0.8137472283813747
50	1.4539001922981412	2.4995014252155783	0.9703630526055816	0.8093126385809313
51	1.4538785677689772	2.546772770231634	0.96764633242776	0.8181818181818182
52	1.453711397242996	2.670696921118601	0.9646826376883181	0.8137472283813747
53	1.4534913301467896	2.3162480344570526	0.9713509508520622	0.8159645232815964
54	1.45343543399464	2.4436599973031856	0.9683872561126204	0.8048780487804879
55	1.4533782643931252	2.3555553025148046	0.9686342306742406	0.8270509977827051
56	1.4535733147671348	2.2689492686057653	0.9711039762904421	0.8159645232815964
57	1.453626797117036	2.263507853694788	0.9703630526055816	0.8292682926829268
-1	-1	-1	-1	-1
0	1.500516653060913	20.346158996341735	0.7135095085206223	0.5210643015521065
1	1.4699381589889526	108.02643193222406	0.745122252408002	0.7649667405764967
2	1.464780330657959	14.548403293129027	0.7905655717461102	0.7982261640798226
3	1.4599483609199524	13.512007018712563	0.8076068164979007	0.7937915742793792
4	1.457576084136963	12.990538476958989	0.8137811805384045	0.802660753880266
5	1.4568806091944377	12.424033634305939	0.8184736972091875	0.7937915742793792
6	1.4555696759905135	11.70023592626016	0.8394665349469005	0.7782705099778271
7	1.4549234807491302	11.555047626570454	0.8357619165225981	0.7915742793791575
8	1.45480301645067	11.296916282083107	0.8421832551247221	0.8226164079822617
9	1.454656147956848	10.761963864949745	0.8525561867127686	0.8137472283813747
10	1.4539703672582454	10.366626116234487	0.8542850086441096	0.811529933481153
11	1.4539616505304973	9.949216142414123	0.8577426525067918	0.8093126385809313
12	1.4537516924051137	9.551593562749428	0.8612002963694739	0.8070953436807096
13	1.4538367305483137	9.45514228400283	0.8651518893553964	0.8137472283813747
14	1.4530611991882325	9.094724844759844	0.8755248209434429	0.8181818181818182
15	1.4521258622407913	9.436708487863616	0.8703383551494196	0.8181818181818182
16	1.4515956570120419	8.604214362272128	0.8839219560385281	0.8337028824833703
17	1.4513785441716511	8.056236993609451	0.8839219560385281	0.8337028824833703
18	1.450790656240363	7.559758772061565	0.8962706841195357	0.8048780487804879
19	1.4504466295242309	7.407064467903197	0.899975302543838	0.8292682926829268
20	1.4503195512862432	7.51525401130436	0.8992343788589775	0.8181818181818182
21	1.4500701860948042	7.241468735567228	0.9031859718449	0.8181818181818182
22	1.4498117903004522	6.504201337108462	0.908125463077303	0.8203991130820399
23	1.4496032396952312	6.483529027991407	0.9093603358854038	0.8137472283813747
24	1.4500406074523926	5.620952548943166	0.9246727587058533	0.8248337028824834
25	1.4505412395183856	5.621915614511084	0.9254136823907138	0.811529933481153
26	1.4501954096334952	5.360412770368922	0.9268955297604347	0.802660753880266
27	1.4497720343726022	5.358359270208464	0.9239318350209929	0.8248337028824834
28	1.4500068960518673	5.067401669156833	0.9330698938009385	0.8270509977827051
29	1.449463168780009	4.600388943210361	0.93553963941714	0.8226164079822617
30	1.4491527388172765	4.520287628718249	0.9412200543344036	0.8381374722838137
31	1.4489110186696053	4.349821593348436	0.9412200543344036	0.8314855875831486
32	1.4486344799850925	3.884849999129303	0.9486292911830082	0.8159645232815964
33	1.4486123393563664	3.738979942685976	0.949864163991109	0.8292682926829268
34	1.448456403187343	4.492500809703286	0.9372684613484811	0.8381374722838137
35	1.4483113752471075	3.9294136241665036	0.9486292911830082	0.835920177383592
36	1.4482058963260136	3.887695917229014	0.9510990367992097	0.8337028824833703
37	1.4478214665463096	3.407830218161185	0.9538157569770314	0.8270509977827051
38	1.4476119493826842	3.4204803334446403	0.9538157569770314	0.8425720620842572
39	1.4475510478019715	2.8787404594458934	0.9627068411953569	0.835920177383592
40	1.4475232101068265	2.7579419658057334	0.9627068411953569	0.8425720620842572
41	1.4477432512101673	2.8105401200807	0.9627068411953569	0.8425720620842572
42	1.4474282930063647	2.686297282224565	0.9649296122499382	0.844789356984479
43	1.4472729563713074	2.532671401233185	0.9654235613731785	0.835920177383592
44	1.4472564803229437	3.4469921748469194	0.9582612990861942	0.8270509977827051
45	1.4472778309946475	2.612043410891623	0.9627068411953569	0.8248337028824834
46	1.4475280224008764	2.430725809157364	0.9664114596196591	0.8203991130820399
47	1.447623277703921	2.35126326080617	0.9698691034823413	0.8181818181818182
48	1.447536293341189	2.2477914509216808	0.9701160780439615	0.8337028824833703
49	1.4473045301437377	2.3079581450465625	0.9659175104964188	0.8203991130820399
50	1.4472132336859609	2.2323872503919864	0.9708570017288219	0.8337028824833703
51	1.4474007762395418	2.3223742193828416	0.9683872561126204	0.8292682926829268
52	1.4474918032592197	2.554795095095719	0.9669054087428994	0.8203991130820399
53	1.447357592759309	2.5000713068962566	0.9696221289207212	0.8403547671840355
54	1.4474389206279408	2.09471292688152	0.9703630526055816	0.8292682926829268
55	1.4474690811974662	2.023144874311104	0.9738206964682637	0.8337028824833703
56	1.447331240302638	1.9857469061682895	0.9730797727834033	0.835920177383592
57	1.4472170739338315	1.9382465661276045	0.974314645591504	0.8337028824833703
58	1.446993262080823	1.973774572907705	0.9740676710298839	0.8314855875831486
59	1.4468556722005208	1.9216300401631303	0.9750555692763645	0.8292682926829268
60	1.446853907381902	1.9009305508880634	0.9730797727834033	0.8226164079822617
61	1.4469677171399515	1.9047952010406284	0.974314645591504	0.8292682926829268
62	1.446876983793955	1.8312834580758894	0.9753025438379846	0.8314855875831486
63	1.4468210563063622	1.817115834063491	0.9753025438379846	0.835920177383592
64	1.4467482970311092	1.8509600859655133	0.974314645591504	0.8203991130820399
65	1.4468613935239387	1.8086507437296035	0.9762904420844652	0.8248337028824834
66	1.446789599176663	2.3068658784471863	0.9701160780439615	0.8137472283813747
67	1.4467392248265885	2.89550203896003	0.9617189429488763	0.8337028824833703
68	1.4467566704404526	2.0764417055642275	0.9728327982217831	0.8381374722838137
69	1.4469218628747123	1.8320581320981224	0.975796492961225	0.835920177383592
70	1.44694279952788	1.7558535522099321	0.9762904420844652	0.8381374722838137
71	1.4468519455856748	1.7174031051447776	0.975796492961225	0.8292682926829268
72	1.44686369046773	1.7200595847455653	0.979007162262287	0.8337028824833703
-1	-1	-1	-1	-1
0	1.533123254776001	20.347357952688622	0.7186959743146456	0.5144124168514412
1	1.508703351020813	730.9835346251961	0.6023709557915534	0.6873614190687362
2	1.5009955565134685	17.78425012047835	0.7335144480118547	0.7272727272727273
3	1.5019736289978027	16.69601923274243	0.7535193875030872	0.7339246119733924
4	1.4983840465545655	16.17743737303366	0.7621634971597926	0.7605321507760532
5	1.4976622263590496	15.471725764237052	0.7703136576932575	0.7605321507760532
6	1.4955288682665144	15.060646913183017	0.7782168436651025	0.7738359201773836
7	1.4949992299079895	15.175916818183238	0.7814275129661645	0.7671840354767184
8	1.493775208791097	14.657125011203796	0.7834033094591257	0.7738359201773836
9	1.493321943283081	14.670317972738912	0.7890837243763892	0.7560975609756098
10	1.4924679019234397	14.64246937233632	0.787107927883428	0.7738359201773836
11	1.4921658237775166	14.5777024847316	0.7910595208693505	0.7450110864745011
12	1.491978095127986	13.699446685670868	0.8019264015806372	0.7871396895787139
13	1.491024443081447	13.880412240666667	0.7979748085947147	0.7915742793791575
14	1.490093501408895	13.637148545482965	0.8046431217584589	0.8004434589800443
15	1.4901188910007477	13.05657061629408	0.8142751296616448	0.7915742793791575
16	1.4895758067860323	13.11064132179801	0.8120523586070635	0.7827050997782705
17	1.4889269404941134	13.056470401643768	0.8130402568535441	0.7849223946784922
18	1.4893797322323448	12.776776501512902	0.8179797480859472	0.7937915742793792
19	1.4889580607414246	12.556426389949529	0.819214620894048	0.8203991130820399
20	1.4886491071610224	12.627813053882027	0.819214620894048	0.8070953436807096
21	1.488025513562289	12.300465707703838	0.8290936033588541	0.7937915742793792
22	1.487742050834324	11.969117645203598	0.8310693998518153	0.7871396895787139
23	1.487799882888794	12.234930008415162	0.8263768831810323	0.8093126385809313
24	1.4874853229522704	12.035317537352794	0.8244010866880711	0.8070953436807096
25	1.4879069144909198	11.72995508749654	0.8295875524820944	0.8292682926829268
26	1.4876950758474845	11.376319029199795	0.8342800691528772	0.8226164079822617
27	1.488017933709281	11.458158977388397	0.8409483823166214	0.8270509977827051
28	1.4881726380052238	11.29347204974317	0.8374907384539393	0.8137472283813747
29	1.4878894646962484	11.054920440583718	0.8444060261793035	0.7893569844789357
30	1.4875979115886073	10.821009692244642	0.8481106446036059	0.8093126385809313
31	1.487246312201023	10.962083546195442	0.8456408989874042	0.802660753880266
32	1.486924850579464	10.770075745469942	0.846628797233885	0.8181818181818182
33	1.4868622597526102	11.099744597757896	0.8446530007409236	0.8137472283813747
34	1.486743095942906	10.3364933851197	0.8528031612743887	0.8203991130820399
35	1.48669257428911	10.2908794504451	0.8557668560138306	0.8137472283813747
36	1.4865277200131803	10.220289707183838	0.8552729068905903	0.811529933481153
37	1.4865713119506836	9.968230968385232	0.8649049147937763	0.8226164079822617
38	1.4862801478459284	9.75154095184146	0.8639170165472956	0.8203991130820399
39	1.4865844011306764	9.756904883647529	0.8624351691775747	0.835920177383592
40	1.4866157799232296	9.531852023808037	0.8700913805877994	0.811529933481153
41	1.4866460448219663	9.4679260535503	0.87107927883428	0.8203991130820399
42	1.4867007566052814	9.810890928028137	0.8663867621634972	0.811529933481153
43	1.4868679534305225	9.250115740017629	0.8715732279575203	0.8226164079822617
44	1.486924992667304	9.123659670822263	0.8762657446283033	0.8226164079822617
45	1.4868080408676811	9.127619120079702	0.8720671770807606	0.8403547671840355
46	1.4868775834428503	9.018438053882027	0.8747838972585824	0.8226164079822617
47	1.4867874532938004	8.704766707157525	0.8779945665596444	0.8270509977827051
48	1.4867835434115664	8.981866797124306	0.8777475919980242	0.8292682926829268
49	1.4869452095031739	8.580640270954042	0.8812052358607063	0.8337028824833703
50	1.486781354043998	8.62972052641741	0.8755248209434429	0.8270509977827051
51	1.4867536196341882	8.307586666167252	0.8839219560385281	0.835920177383592
52	1.486775762629959	8.118931516887635	0.8883674981476908	0.8292682926829268
53	1.4866654034014102	8.050414380126112	0.8891084218325512	0.835920177383592
54	1.486760460246693	8.015095964191467	0.8893553963941714	0.8292682926829268
55	1.4871073152337755	7.989419214368805	0.8878735490244505	0.835920177383592
56	1.4870705604553223	7.814169495124516	0.8928130402568536	0.8159645232815964
57	1.487085071103326	7.894221337761466	0.8910842183255124	0.8137472283813747
58	1.487134767790972	7.765832380985651	0.8965176586811558	0.8314855875831486
59	1.4870382030804952	7.86173585080725	0.8883674981476908	0.8248337028824834
60	1.4870929405337474	8.049836718191312	0.8898493455174117	0.8093126385809313
61	1.4869997309100242	7.978606008169219	0.8915781674487527	0.811529933481153
62	1.4870279781402103	7.895946644422576	0.8900963200790318	0.8292682926829268
63	1.4873167537152767	7.8903033160787865	0.8928130402568536	0.8292682926829268
64	1.4873985657325157	7.514521073168657	0.8997283279822178	0.8248337028824834
65	1.4873144445997295	7.3862002552963615	0.8997283279822178	0.8292682926829268
66	1.487267700593863	7.621293895826565	0.893553963941714	0.811529933481153
67	1.4872484908384436	7.241650989675146	0.9044208446530008	0.8270509977827051
68	1.4870804116345835	7.248064594944631	0.8997283279822178	0.8159645232815964
69	1.4870565618787492	7.322798777752974	0.9007162262286984	0.8314855875831486
70	1.486921723459808	7.148222437993748	0.9056557174611015	0.8292682926829268
71	1.4869846966531541	6.912208153506902	0.9046678192146209	0.8292682926829268
72	1.4871595852995572	7.185444037745318	0.9009632007903186	0.7960088691796009
73	1.487317317240947	6.800297551267729	0.9123240306248457	0.8292682926829268
74	1.4877103932698568	6.715917785336652	0.9130649543097061	0.8270509977827051
75	1.4880565624488027	6.985490350272712	0.9051617683378612	0.8004434589800443
-1	-1	-1	-1	-1
0	1.5246896743774414	20.86644913831095	0.7011607804396147	0.5188470066518847
1	1.501876711845398	353.4853599428192	0.6618918251420104	0.7073170731707317
2	1.491438388824463	16.801093401871327	0.7648802173376142	0.729490022172949
3	1.4812477231025696	16.595149813674567	0.7631513954062732	0.7405764966740577
4	1.4772939682006836	15.769493944062962	0.7730303778710793	0.7339246119733924
5	1.472756822903951	15.51718414862325	0.7779698691034823	0.7605321507760532
6	1.469548259462629	15.104006602069525	0.7836502840207459	0.7716186252771619
7	1.468557983636856	14.496007716561866	0.7930353173623117	0.7804878048780488
8	1.4678024450937908	14.447626016271396	0.7876018770066683	0.7671840354767184
9	1.4666934251785277	14.22690047992496	0.7955050629785132	0.7760532150776053
10	1.4666464978998357	13.762602137768363	0.8051370708816992	0.7782705099778271
11	1.4676735003789265	13.527760550731749	0.8076068164979007	0.7893569844789357
12	1.4672890443068285	13.327482388714166	0.8061249691281798	0.7827050997782705
13	1.4659124953406197	13.157373195558083	0.8115584094838232	0.7716186252771619
14	1.4654796600341797	13.270681268586888	0.8150160533465053	0.7760532150776053
15	1.465189203619957	12.552429559662587	0.8216843665102495	0.8004434589800443
16	1.4651099092820112	12.611434196862648	0.8246480612496913	0.8004434589800443
17	1.4645944436391194	12.178391336456059	0.827364781427513	0.802660753880266
18	1.4638604992314388	12.144232599754034	0.8303284761669548	0.7915742793791575
19	1.4633453726768493	11.84047205992571	0.8325512472215362	0.7937915742793792
20	1.4630406470525832	11.516870348472295	0.8404544331933811	0.8181818181818182
21	1.4625214663418857	11.299770084891732	0.8458878735490245	0.7960088691796009
22	1.462330206580784	11.241385328488088	0.841936280563102	0.7982261640798226
23	1.4625483850638072	11.165142339045607	0.8426772042479624	0.8181818181818182
24	1.4621817398071288	10.691224834111733	0.8530501358360089	0.7960088691796009
25	1.461440425652724	10.534341365333617	0.8560138305754508	0.8004434589800443
26	1.4622017895733868	10.525832882077674	0.8565077796986911	0.8203991130820399
27	1.4618340986115592	10.284483673065667	0.8574956779451717	0.7694013303769401
28	1.4628789671536149	9.944803896851427	0.8668807112867375	0.8093126385809313
29	1.4627855936686198	10.010717545907328	0.8604593726846135	0.8226164079822617
30	1.4624643248896445	9.639162487871065	0.866139787601877	0.8048780487804879
31	1.4619847387075424	9.699038145110363	0.8686095332180785	0.8093126385809313
32	1.4617415341463955	9.567073362080132	0.8676216349715979	0.8070953436807096
33	1.4614847337498384	9.294072004753774	0.8767596937515436	0.7915742793791575
34	1.4612141336713518	9.673417665826992	0.8666337367251173	0.835920177383592
35	1.4608873791164823	9.12589556213439	0.8762657446283033	0.8226164079822617
36	1.4608665092571362	8.933858336426141	0.8737959990121017	0.802660753880266
37	1.460408787978323	8.615316841546006	0.8812052358607063	0.8181818181818182
38	1.4602438425406432	8.408848212459894	0.8888614472709311	0.8070953436807096
39	1.460031223297119	8.53733566051393	0.8821931341071869	0.8314855875831486
40	1.4600306371363199	8.164377236929466	0.8896023709557915	0.8314855875831486
41	1.459902326265971	7.9780036595862684	0.8900963200790318	0.8381374722838137
42	1.4598779012990553	7.9762356037230004	0.8965176586811558	0.8181818181818182
43	1.4598853208801963	7.655697552237924	0.8997283279822178	0.8314855875831486
44	1.4597796652052137	7.788102273865948	0.8908372437638923	0.8270509977827051
45	1.4596894305685293	8.09620421139274	0.8896023709557915	0.8337028824833703
46	1.4594011053125908	7.466134493745218	0.9002222771054581	0.8159645232815964
47	1.4593870143095653	7.436616403850045	0.8989874042973574	0.8226164079822617
48	1.459161447018993	7.307875312219455	0.9051617683378612	0.8270509977827051
49	1.4590054750442505	7.16538157988721	0.9049147937762411	0.811529933481153
50	1.458802199831196	7.175028321311229	0.9091133613237836	0.8314855875831486
51	1.4588077435126672	6.987687993237353	0.9096073104470239	0.8048780487804879
52	1.4589587247596596	6.797035586646222	0.9113361323783651	0.8048780487804879
53	1.4590257891902216	6.719481841785702	0.9140528525561867	0.811529933481153
54	1.4590537071228027	6.452683685332771	0.9155346999259076	0.8226164079822617
55	1.4588536407266344	6.597376998953932	0.9135589034329464	0.8248337028824834
56	1.458782894569531	6.26269343143373	0.9162756236107681	0.8048780487804879
57	1.458858999712714	6.463011111800126	0.9113361323783651	0.8137472283813747
58	1.4590344065326755	6.389721930496336	0.9115831069399852	0.8137472283813747
59	1.4589067419370016	6.228013345575708	0.9217090639664115	0.8248337028824834
60	1.458770200854442	6.186002521064338	0.917757470980489	0.8181818181818182
61	1.4586465281824912	6.26702307340667	0.9167695727340084	0.811529933481153
62	1.458663577125186	6.230786989054342	0.9184983946653494	0.8181818181818182
63	1.4587432034313679	6.175933053174357	0.9214620894047914	0.8203991130820399
64	1.4585899426386906	6.057794713598537	0.917757470980489	0.8270509977827051
65	1.4583170558467056	5.784209164108817	0.9244257841442332	0.8314855875831486
66	1.4582518606043573	5.877170666934937	0.9231909113361324	0.8181818181818182
67	1.458173814941855	5.848432284640515	0.9226969622128921	0.8181818181818182
68	1.458128016927968	5.9982819069088915	0.9234378858977526	0.8314855875831486
69	1.4583060843603952	6.207360666567885	0.9130649543097061	0.8137472283813747
70	1.458177086333154	5.74840493277302	0.9246727587058533	0.8226164079822617
71	1.4583493769168854	6.151081097876932	0.9226969622128921	0.7871396895787139
-1	-1	-1	-1	-1
0	1.4940273761749268	21.043794181403214	0.7099802371541502	0.5486725663716814
1	1.474246859550476	154.35043035342	0.7055335968379447	0.7566371681415929
2	1.4695022106170654	15.330317662456842	0.7823616600790514	0.7300884955752213
3	1.4649638533592224	14.345587032047783	0.7848320158102767	0.7765486725663717
4	1.4668437957763671	13.658452856259084	0.799901185770751	0.7831858407079646
5	1.4682549635569255	12.804506624777487	0.8137351778656127	0.7942477876106194
6	1.4687706061771937	12.502872031504713	0.8204051383399209	0.7743362831858407
7	1.4697485566139221	11.88797250882847	0.8312747035573123	0.8207964601769911
8	1.4714708858066134	11.609762432068353	0.8317687747035574	0.7920353982300885
9	1.470576286315918	10.922618972973561	0.8453557312252964	0.7743362831858407
10	1.4705509489232844	11.750570049436073	0.8359683794466403	0.8163716814159292
11	1.4687302708625793	10.536228277551846	0.854001976284585	0.8185840707964602
12	1.4696631064781775	9.774347363494513	0.862401185770751	0.8119469026548672
13	1.4695173161370414	9.630021842445915	0.8609189723320159	0.8097345132743363
14	1.4698556582132976	9.409911283357875	0.8700592885375494	0.8163716814159292
15	1.469081774353981	8.859620163759848	0.8698122529644269	0.8008849557522124
16	1.4682545241187601	8.82614349567984	0.8787055335968379	0.8097345132743363
17	1.4679700136184692	8.478828651698555	0.8819169960474308	0.8451327433628318
18	1.467839943735223	8.3804798332725	0.8836462450592886	0.8407079646017699
19	1.4675772666931153	7.981928705230472	0.8885869565217391	0.827433628318584
20	1.4669662089574904	7.291054718137726	0.8974802371541502	0.831858407079646
21	1.4664913849397139	7.581096941091883	0.8972332015810277	0.8362831858407079
22	1.4664395892101785	6.727324176961043	0.9108201581027668	0.8296460176991151
23	1.4661776026089985	6.820806072452876	0.9041501976284585	0.8141592920353983
24	1.4665832710266113	6.423179812318697	0.9108201581027668	0.834070796460177
25	1.4670812441752508	6.2132684790243315	0.9155138339920948	0.7964601769911505
26	1.4667416325321905	6.325475457146412	0.9120553359683794	0.838495575221239
27	1.467076872076307	5.801724098094805	0.9216897233201581	0.8097345132743363
28	1.4671855794972386	5.784795644715077	0.9234189723320159	0.8230088495575221
29	1.467316198348999	5.541763056920269	0.9258893280632411	0.838495575221239
30	1.467220829379174	4.928002385642585	0.9342885375494071	0.827433628318584
31	1.4675259068608284	4.742577000865786	0.9372529644268774	0.8119469026548672
32	1.467673294471972	4.5225319515063065	0.9412055335968379	0.834070796460177
33	1.4675842243082382	5.062573649751858	0.9313241106719368	0.8252212389380531
34	1.4678960187094552	4.605189503412547	0.9389822134387352	0.8296460176991151
35	1.4676772488488092	4.027035355567932	0.9471343873517787	0.8207964601769911
36	1.4675862982466414	4.14351025341064	0.945899209486166	0.834070796460177
37	1.4673363033093905	4.223082977955736	0.9434288537549407	0.8230088495575221
38	1.4672642182081173	3.765654805842347	0.950592885375494	0.8163716814159292
39	1.4669898092746734	3.447966068865746	0.9545454545454546	0.8362831858407079
40	1.4669187534146193	3.7826439918964865	0.9520750988142292	0.8141592920353983
41	1.4668708188193185	3.636545272324029	0.954298418972332	0.831858407079646
42	1.4667385068050651	3.4240103619774493	0.954298418972332	0.8119469026548672
43	1.4664346142248674	2.9905691996334105	0.9617094861660079	0.8296460176991151
44	1.4663103156619601	2.998993135460718	0.9599802371541502	0.8185840707964602
45	1.466081598530645	2.8439623460056276	0.9636857707509882	0.8252212389380531
46	1.465981899423802	2.887415493801823	0.9617094861660079	0.8296460176991151
47	1.46591454744339	2.660349317599	0.9661561264822134	0.8207964601769911
-1	-1	-1	-1	-1
0	1.5271122455596924	20.573084376928374	0.7201778216843665	0.5210643015521065
1	1.4989900588989258	468.96586551816443	0.6648555198814522	0.7184035476718403
2	1.493910789489746	16.908132106300414	0.7621634971597926	0.7317073170731707
3	1.492678940296173	15.9101770919139	0.7680908866386762	0.7494456762749445
4	1.4924071788787843	15.24455284509133	0.7782168436651025	0.7627494456762749
5	1.5009612242380779	14.585792612841749	0.7878488515682884	0.7716186252771619
6	1.498504332133702	14.196938236867348	0.7962459866633737	0.7472283813747228
7	1.4965998232364655	14.089383211661511	0.8011854778957768	0.7738359201773836
8	1.4952299859788682	13.446362852111577	0.8051370708816992	0.7560975609756098
9	1.4947588205337525	13.507088158074327	0.8103235366757224	0.7694013303769401
10	1.4935802979902788	12.937285021534116	0.8157569770313657	0.7915742793791575
11	1.4919551610946655	12.765449193518931	0.8221783156334898	0.8048780487804879
12	1.4915737372178297	12.302778480559821	0.8256359594961719	0.7782705099778271
13	1.4907256875719344	12.166769921310305	0.830575450728575	0.8048780487804879
14	1.491267999013265	12.139634154912994	0.8300815016053347	0.8137472283813747
15	1.4909048676490784	11.51558594816313	0.836996789330699	0.7871396895787139
16	1.4908497473772835	11.495024542170247	0.8399604840701408	0.8093126385809313
17	1.4905983474519517	11.51339358607615	0.8404544331933811	0.8048780487804879
18	1.4905403789721037	10.882773688459022	0.8520622375895283	0.802660753880266
19	1.4898758292198182	10.760941011699165	0.8560138305754508	0.8314855875831486
20	1.4896403948465984	10.10212272734154	0.8653988639170166	0.8248337028824834
21	1.4889667142521252	10.54213491762717	0.8520622375895283	0.8048780487804879
22	1.4887714282326077	9.77867619446882	0.8641639911089157	0.8181818181818182
23	1.4885063966115315	9.924270230015432	0.8639170165472956	0.8181818181818182
24	1.4878853893280028	9.540590483372606	0.8728081007656211	0.8292682926829268
25	1.487654814353356	9.432027229173915	0.8678686095332181	0.8403547671840355
26	1.4882128680193867	9.005598389257596	0.8752778463818227	0.835920177383592
27	1.4884903345789229	9.074530115277748	0.8750308718202026	0.8381374722838137
28	1.488665087469693	8.796327911962674	0.8777475919980242	0.8425720620842572
29	1.4888096809387208	8.44002178898008	0.8831810323536676	0.8159645232815964
30	1.488819299205657	8.471136408528006	0.8799703630526056	0.8226164079822617
31	1.4888391718268394	8.193894898797584	0.8844159051617684	0.802660753880266
32	1.4897647337480024	9.35399577749057	0.8708323042726599	0.8337028824833703
33	1.490201704642352	8.77943088313726	0.880711286737466	0.8070953436807096
34	1.4900627885546003	7.891831801632258	0.8888614472709311	0.8381374722838137
35	1.4899172054396734	7.792484153912762	0.8910842183255124	0.8181818181818182
36	1.489939412555179	7.732888485972337	0.8947888367498148	0.8337028824833703
37	1.490110014614306	7.294571564892146	0.9002222771054581	0.8425720620842572
38	1.4899648397396772	7.283541760106725	0.9009632007903186	0.8248337028824834
39	1.4897094905376433	6.80202647363107	0.9098542850086441	0.8381374722838137
40	1.4896742192710317	6.60815655528091	0.9123240306248457	0.8492239467849224
41	1.4896577823729742	6.878206258683693	0.9051617683378612	0.7982261640798226
42	1.489470631577248	6.419202571661454	0.9093603358854038	0.8292682926829268
43	1.4892769022421404	6.309101278856983	0.9180044455421091	0.835920177383592
44	1.4888210455576578	6.001544975858974	0.9222030130896518	0.8248337028824834
45	1.4884564358255137	5.994977459663481	0.9207211657199309	0.8270509977827051
46	1.4881510937467535	5.915023905085766	0.9236848604593727	0.8425720620842572
47	1.4878220458825429	5.618222502272899	0.9239318350209929	0.8425720620842572
48	1.4874449992666439	5.605142159724799	0.9266485551988145	0.8248337028824834
49	1.487204294204712	5.4780586770200355	0.9283773771301556	0.835920177383592
50	1.487201779496436	5.328373670343339	0.9330698938009385	0.8248337028824834
51	1.4871838322052588	5.226343609216645	0.9315880464312176	0.8403547671840355
52	1.4870189855683524	5.040087306593347	0.9375154359101012	0.8337028824833703
53	1.4870171591087624	5.029110529291348	0.9330698938009385	0.8403547671840355
54	1.4869309338656338	4.831623086779136	0.9397382069646827	0.8425720620842572
55	1.487221313374383	4.793351104409676	0.9394912324030625	0.8314855875831486
56	1.4875333392829226	4.673585147838893	0.9412200543344036	0.8292682926829268
57	1.487488290359234	4.933415036971175	0.9350456902938997	0.8137472283813747
58	1.4875746177414717	4.791729406109006	0.9385033341565818	0.8381374722838137
59	1.4876514116923014	4.7804103376358515	0.940232156087923	0.8292682926829268
60	1.4877842996941237	4.4118594916786735	0.9446776981970857	0.8381374722838137
61	1.4880912688470656	4.290310671949011	0.9427019017041245	0.8337028824833703
62	1.4881514594668435	4.391760253530788	0.9439367745122252	0.8381374722838137
63	1.4880677573382854	4.247649913697731	0.9471474438132872	0.8470066518847007
64	1.4878224702981802	4.400042279498783	0.9412200543344036	0.8248337028824834
65	1.4876519983465022	4.811728607951187	0.9372684613484811	0.8314855875831486
66	1.4876750476324736	4.018914138707589	0.9503581131143493	0.8403547671840355
67	1.487550181501052	4.186852026642777	0.9434428253889849	0.8270509977827051
68	1.4875571209451426	4.166109760445873	0.9466534946900469	0.8381374722838137
69	1.4875609363828386	3.8799242710504007	0.9520869350456903	0.8337028824833703
70	1.487486506851626	4.002506071657646	0.9478883674981476	0.8314855875831486
-1	-1	-1	-1	-1
0	1.5167369842529297	20.66329232538779	0.7127685848357619	0.5144124168514412
1	1.507421612739563	578.2548595939096	0.6702889602370956	0.7516629711751663
2	1.5042742093404133	15.2980447829239	0.7742652506791801	0.7649667405764967
3	1.4952220916748047	14.013692461599515	0.7913064954309706	0.7738359201773836
4	1.4919576168060302	13.211079886579139	0.8155100024697456	0.8181818181818182
5	1.4913616180419922	12.715853169208437	0.8132872314151642	0.7982261640798226
6	1.4897100244249617	12.24936392551332	0.8231662138799704	0.7937915742793792
7	1.4899736046791077	12.03534966190969	0.8231662138799704	0.7960088691796009
8	1.4896504349178739	11.403760403160035	0.8315633489750556	0.8159645232815964
9	1.4893365383148194	11.121910909968099	0.8416893060014818	0.7937915742793792
10	1.489302548495206	10.810563922867061	0.8434181279328229	0.811529933481153
11	1.4887837568918865	10.32089846152959	0.8540380340824895	0.8226164079822617
12	1.488629231086144	9.935294016139714	0.8545319832057298	0.8292682926829268
13	1.4889673675809587	10.02928325604266	0.8577426525067918	0.753880266075388
14	1.488651704788208	9.673318278132461	0.857989627068412	0.8292682926829268
15	1.4883580207824707	8.990906306139127	0.8728081007656211	0.8292682926829268
16	1.488278346903184	8.69404459187365	0.8705853297110397	0.844789356984479
17	1.488906568951077	8.138699212412195	0.885403803408249	0.8203991130820399
18	1.4897706508636475	8.018686510446503	0.8856507779698691	0.8248337028824834
19	1.4899668097496033	7.746124017895676	0.8928130402568536	0.8292682926829268
20	1.4909059320177351	7.681713365194366	0.885403803408249	0.8181818181818182
21	1.4909861954775723	7.07631411514883	0.8979995060508768	0.8181818181818182
22	1.4912938553354014	7.1042522727035164	0.898493455174117	0.8137472283813747
23	1.4907839000225067	6.943573073139341	0.9044208446530008	0.8292682926829268
24	1.4912548637390137	6.305434230744369	0.9093603358854038	0.8226164079822617
25	1.4914615796162531	6.250948757637204	0.9096073104470239	0.8226164079822617
26	1.4916339185502794	5.95620000643993	0.9140528525561867	0.8381374722838137
27	1.491617160184043	6.1418358387909535	0.917757470980489	0.844789356984479
28	1.4914507783692459	6.336532849026478	0.9147937762410472	0.7982261640798226
29	1.4914495627085367	5.836566105132967	0.9192393183502099	0.8203991130820399
30	1.4912747567699802	5.137627794517307	0.9288713262533959	0.8337028824833703
31	1.4914122372865677	5.0208327190613184	0.9313410718695975	0.8270509977827051
32	1.4917720953623455	6.117433975062032	0.9175104964188688	0.8381374722838137
33	1.492072764564963	5.038426125143457	0.9320819955544579	0.835920177383592
34	1.492638281413487	5.238902961175273	0.9281304025685354	0.835920177383592
35	1.4934296607971191	4.437108951290761	0.9407261052111633	0.835920177383592
36	1.4935577495678052	4.422148641638868	0.9370214867868609	0.8270509977827051
37	1.4934946424082707	4.126620113380312	0.9436897999506051	0.844789356984479
38	1.4936481744815142	4.042255462623957	0.9446776981970857	0.8270509977827051
39	1.4936537742614746	4.005145459663211	0.9454186218819461	0.8492239467849224
40	1.493571176761534	4.077332879731975	0.9424549271425043	0.8226164079822617
41	1.493592960493905	3.8241957609109054	0.9481353420597678	0.8270509977827051
42	1.4933957000111424	4.1650599170857525	0.9417140034576439	0.8470066518847007
43	1.4932728951627559	3.650947523398662	0.9493702148678687	0.844789356984479
44	1.4932182417975532	3.3777320783907974	0.9545566806618918	0.8248337028824834
45	1.493036731429722	3.352101803295256	0.954803655223512	0.8314855875831486
46	1.4932524447745466	3.315067827892233	0.9555445789083724	0.8514412416851441
47	1.4933830847342808	3.1650567054748535	0.9575203754013336	0.8381374722838137
48	1.4932271801695531	3.1598602659912327	0.9560385280316127	0.8514412416851441
49	1.4932438898086549	3.0281670483078544	0.9577673499629538	0.8470066518847007
50	1.4931137141059427	2.9907078975298274	0.9570264262780933	0.8337028824833703
51	1.4929662988736079	2.918052459208984	0.9617189429488763	0.8381374722838137
52	1.4928612349168309	2.784392743070764	0.9656705359347987	0.844789356984479
53	1.4928071587174028	2.651342479028101	0.966164485058039	0.8403547671840355
54	1.4927078507163307	2.633657465886882	0.9664114596196591	0.8270509977827051
55	1.4927820222718375	2.7490037653859205	0.9639417140034576	0.8248337028824834
56	1.4927251213475277	4.065217994094834	0.9525808841689306	0.8425720620842572
57	1.492565866174369	2.7509219346083995	0.9644356631266979	0.844789356984479
58	1.492289009740797	2.540290584303732	0.9691281797974809	0.8226164079822617
59	1.4921415766080222	2.596952469535465	0.9656705359347987	0.8337028824833703
60	1.4920401964031282	2.4939155982235284	0.9678933069893801	0.8470066518847007
61	1.4919977226564962	2.388930168677503	0.969375154359101	0.8470066518847007
62	1.492005567702036	2.3913397779614907	0.96764633242776	0.8381374722838137
63	1.491830687969923	2.4036844048766404	0.9664114596196591	0.844789356984479
64	1.4917923817267784	2.568861224637257	0.9654235613731785	0.835920177383592
65	1.4916630477616282	2.2890778278975974	0.9701160780439615	0.8514412416851441
66	1.4916165302048867	2.325714275827558	0.9698691034823413	0.8159645232815964
67	1.4919203625005835	2.4724339413361287	0.9681402815510003	0.8337028824833703
68	1.4918434999991155	2.328635125648318	0.9683872561126204	0.8492239467849224
69	1.491540377480643	2.258460575436044	0.9696221289207212	0.8381374722838137
70	1.4915380477905273	2.2146664720585965	0.9720918745369227	0.8381374722838137
71	1.4915292726622686	3.7162367666770857	0.9540627315386515	0.8226164079822617
72	1.4915985799815557	2.826427167912168	0.9639417140034576	0.8425720620842572
73	1.491682165377849	2.282318964072569	0.969375154359101	0.8425720620842572
74	1.4915665944417318	2.254761367918938	0.9715979254136824	0.8425720620842572
75	1.491530151743638	2.0112708074840033	0.9755495183996048	0.8403547671840355
76	1.4915267554196445	2.06406851018977	0.9723388490985428	0.835920177383592
-1	-1	-1	-1	-1
0	1.5169758796691895	20.97990610092644	0.7100518646579402	0.6164079822616408
1	1.497710943222046	122.89742658269687	0.690293899728328	0.7472283813747228
2	1.4966336886088054	16.314758871483992	0.7587058532971104	0.7605321507760532
3	1.4983448386192322	15.073871383516808	0.7762410471721413	0.7738359201773836
4	1.4974035263061523	14.535257786277711	0.7856260805137071	0.7982261640798226
5	1.4963031609853108	13.783038927814154	0.7895776734996295	0.7583148558758315
6	1.4960502215794154	13.975262074958621	0.7915534699925908	0.7583148558758315
7	1.496522307395935	13.239431377470963	0.8024203507038775	0.7361419068736141
8	1.4965057108137343	12.673315750332328	0.8130402568535441	0.7827050997782705
9	1.496224331855774	12.489973316042443	0.820943442825389	0.7893569844789357
10	1.4972757426175205	12.718465493419977	0.8147690787848851	0.7893569844789357
11	1.497105598449707	12.033481338831383	0.82267226475673	0.8226164079822617
12	1.4972512905414288	12.029673035689227	0.8295875524820944	0.8181818181818182
13	1.497488158089774	11.23120430698545	0.8409483823166214	0.7738359201773836
14	1.4974069595336914	11.017489714885322	0.8407014077550012	0.8248337028824834
15	1.4979239702224731	10.74725998480489	0.83872561126204	0.8203991130820399
16	1.497947230058558	10.016461496278056	0.8560138305754508	0.8093126385809313
17	1.4987449910905626	9.969665685037928	0.8567547542603112	0.8159645232815964
18	1.4986986862985712	9.978422258782574	0.8537910595208693	0.811529933481153
19	1.4980552077293396	9.979419608754435	0.8550259323289701	0.8248337028824834
20	1.49735460962568	9.099344854279765	0.8686095332180785	0.8403547671840355
21	1.4966669516129927	8.990218380304771	0.8666337367251173	0.8137472283813747
22	1.4956591958584993	8.878649989451011	0.8653988639170166	0.8425720620842572
23	1.4945736328760784	8.428747794759555	0.880711286737466	0.8270509977827051
24	1.4939925479888916	8.941142983323946	0.8770066683131638	0.8314855875831486
25	1.4934747310785146	8.167133075984443	0.8809582612990862	0.844789356984479
26	1.4933013209590205	7.6824314406537635	0.885403803408249	0.8314855875831486
27	1.4929632118770055	7.878807247154356	0.8851568288466288	0.8270509977827051
28	1.4924534024863407	7.525223885934184	0.8915781674487527	0.8314855875831486
29	1.4918171008427938	8.588377079625769	0.8784885156828847	0.8159645232815964
30	1.4915744643057547	7.116728215705692	0.8972585823660163	0.844789356984479
31	1.4913250654935837	6.9019020767662465	0.9059026920227217	0.8337028824833703
32	1.4910702055150813	6.453103653089268	0.9076315139540627	0.8425720620842572
33	1.490893420051126	6.656075628723685	0.9051617683378612	0.8492239467849224
34	1.49138856615339	6.361791961775051	0.9076315139540627	0.8603104212860311
35	1.491499125957489	5.869213918062646	0.9184983946653494	0.8314855875831486
36	1.4915203017157477	6.248752099322521	0.9125710051864658	0.8337028824833703
37	1.4917511689035516	5.782746985202699	0.9167695727340084	0.8337028824833703
38	1.4916524642553084	5.551980345267949	0.9229439367745123	0.8181818181818182
39	1.4916259884834289	5.696989535346744	0.9182514201037293	0.8403547671840355
40	1.4914708544568318	5.115890510438934	0.9278834280069153	0.8381374722838137
41	1.4914847101484026	5.819976468724529	0.924178809582613	0.8381374722838137
42	1.491767822309982	4.945452026964173	0.9323289701160781	0.8337028824833703
43	1.4917972087860107	4.895903032595717	0.9320819955544579	0.8203991130820399
44	1.4917738384670682	4.861272003237657	0.930600148184737	0.8203991130820399
45	1.4916899670725283	4.531892435757194	0.9375154359101012	0.8292682926829268
46	1.4915716090100877	4.313208700165036	0.9412200543344036	0.8203991130820399
47	1.491480752825737	4.037516240294524	0.9434428253889849	0.844789356984479
48	1.491636339499026	3.8167980252288456	0.9476413929365275	0.8425720620842572
49	1.4914596939086915	4.161288410190522	0.941960978019264	0.8403547671840355
50	1.4912717015135522	3.8398352502368565	0.9473944183749073	0.8381374722838137
51	1.4911002241648161	3.741804291413525	0.9481353420597678	0.8425720620842572
52	1.4910115880786248	3.536301719860768	0.95159298592245	0.8403547671840355
53	1.4907629489898682	3.3391578699660114	0.9545566806618918	0.8514412416851441
54	1.4908122582869097	3.3729406989465547	0.9555445789083724	0.835920177383592
55	1.4910533726215363	3.239499716190841	0.9557915534699926	0.8403547671840355
56	1.4909904337765878	3.1809677981485533	0.9575203754013336	0.844789356984479
57	1.490820288658142	3.1386912324297147	0.9592491973326748	0.8381374722838137
58	1.4908400349697823	3.1403619914542973	0.9587552482094345	0.8314855875831486
59	1.4907379388809203	3.210676717711246	0.9582612990861942	0.8403547671840355
60	1.4906622894474717	2.9032059544184077	0.9622128920721166	0.8492239467849224
61	1.4907245635986328	2.859497314832342	0.9617189429488763	0.8381374722838137
62	1.4906609474666535	2.9042191831615027	0.9602370955791554	0.8337028824833703
63	1.4908170029520988	2.9319833517074585	0.9582612990861942	0.8381374722838137
64	1.4909077350909894	2.859032851269865	0.962953815756977	0.8048780487804879
-1	-1	-1	-1	-1
0	1.52060866355896	20.714465892221046	0.7006668313163744	0.3303769401330377
1	1.4996017217636108	91.1550530561312	0.6907878488515683	0.729490022172949
2	1.4881011644999187	15.945667004022072	0.769325759446777	0.7361419068736141
3	1.482357919216156	14.868924276096614	0.7858730550753272	0.7782705099778271
4	1.4805309772491455	14.438708209615992	0.7792047419115831	0.7716186252771619
5	1.479927897453308	14.648267231588289	0.7804396147196839	0.7694013303769401
6	1.4795681749071394	13.792501235571434	0.7964929612249938	0.7937915742793792
7	1.478678584098816	12.847572232794574	0.8110644603605829	0.802660753880266
8	1.4772632386949327	13.344475933885949	0.8053840454433193	0.7982261640798226
9	1.4765005826950073	12.48342962340107	0.8197085700172883	0.7982261640798226
10	1.4778138507496228	12.756948095607006	0.8152630279081254	0.8070953436807096
11	1.476739764213562	12.012605743145379	0.830575450728575	0.7827050997782705
12	1.476384658079881	11.861566797016174	0.8303284761669548	0.8137472283813747
13	1.4772414309637887	11.211295142887145	0.8441590516176833	0.7937915742793792
14	1.4767112096150716	11.268967666025237	0.8394665349469005	0.8314855875831486
15	1.4765399098396301	10.715191965028056	0.8411953568782415	0.8270509977827051
16	1.4762772111331715	10.518483443523017	0.8525561867127686	0.811529933481153
17	1.4758212963740032	10.101671044282087	0.8626821437391948	0.8248337028824834
18	1.4756108961607282	9.641091461256734	0.8688565077796987	0.8248337028824834
19	1.4759766221046449	9.438734724765688	0.8695974314645591	0.8070953436807096
20	1.4768065043858118	9.270939244998722	0.869350456902939	0.8314855875831486
21	1.4772144772789695	8.946513707243552	0.8742899481353421	0.8203991130820399
22	1.4773679401563562	8.968891845913383	0.8797233884909854	0.8270509977827051
23	1.477455159028371	8.713270814400019	0.8779945665596444	0.8181818181818182
24	1.4775901603698731	8.702420318220543	0.880711286737466	0.7915742793791575
25	1.4777887142621553	8.853720578621692	0.8787354902445048	0.8203991130820399
26	1.4775801058168765	8.130240345564415	0.8925660656952334	0.7982261640798226
27	1.4772454500198364	7.708955419345165	0.892072116571993	0.8425720620842572
28	1.4767248548310379	7.280124968431127	0.9012101753519387	0.8070953436807096
29	1.4765880266825357	7.346083174540302	0.899975302543838	0.811529933481153
30	1.4768854187380882	6.7553768791551665	0.9091133613237836	0.8159645232815964
31	1.4767917692661285	6.486238129495636	0.9108421832551247	0.8248337028824834
32	1.4764070149623987	6.362275360137459	0.9147937762410472	0.8070953436807096
33	1.4763196776894962	6.231975096417225	0.9142998271178069	0.811529933481153
34	1.4761225291660853	5.660986104349452	0.9256606569523339	0.8381374722838137
35	1.475658396879832	6.064432975814098	0.9155346999259076	0.811529933481153
36	1.4753217761581008	5.494399869535852	0.9226969622128921	0.8203991130820399
37	1.4753572940826416	5.542725993892339	0.9231909113361324	0.8137472283813747
38	1.4752650688856075	5.174879757438119	0.930600148184737	0.811529933481153
39	1.4750979363918304	4.793338488406084	0.9394912324030625	0.7937915742793792
40	1.4751670593168678	5.074656787350422	0.930600148184737	0.8226164079822617
41	1.4750283048266457	5.00100526988037	0.9340577920474191	0.8004434589800443
42	1.4753401334895644	4.471671104431152	0.940232156087923	0.8159645232815964
43	1.47532809864391	4.170439149451068	0.949864163991109	0.8070953436807096
44	1.4755017651451958	4.120546336249103	0.945171647320326	0.8048780487804879
45	1.4754697239917258	4.074237316142856	0.9476413929365275	0.8203991130820399
46	1.4754478271971359	3.9244810460120676	0.9491232403062485	0.8159645232815964
47	1.4754065573215485	3.7948158228491233	0.949864163991109	0.802660753880266
48	1.4752654396757787	3.4089244505551854	0.9570264262780933	0.8048780487804879
49	1.475177674293518	3.563668134174948	0.9491232403062485	0.8314855875831486
50	1.474894546994976	3.5471843614822296	0.9545566806618918	0.8203991130820399
51	1.4746770216868474	3.3235796323911413	0.9575203754013336	0.8137472283813747
52	1.4745507150326136	2.9770288856949394	0.9619659175104964	0.8070953436807096
53	1.474504201500504	2.9433094293583095	0.961224993825636	0.802660753880266
54	1.4744324207305908	3.305968360403391	0.9587552482094345	0.8048780487804879
55	1.4746355754988534	2.8254694711035633	0.9634477648802173	0.7893569844789357
56	1.4750704179730332	2.7113751031047717	0.966164485058039	0.811529933481153
57	1.475369901492678	2.62554012412044	0.9651765868115584	0.7982261640798226
-1	-1	-1	-1	-1
0	1.5413637161254883	20.343342075197715	0.7265991602864905	0.5299334811529933
1	1.5127257108688354	145.60200341667715	0.7009138058779946	0.7560975609756098
2	1.5083390871683757	15.150163485309271	0.7740182761175599	0.753880266075388
3	1.5049063563346863	14.528382481552484	0.7836502840207459	0.7804878048780488
4	1.4994712352752686	13.865588811438853	0.7957520375401334	0.7849223946784922
5	1.497017542521159	12.875983790149839	0.8083477401827611	0.7782705099778271
6	1.4953579562050956	12.463697031726987	0.8187206717708077	0.811529933481153
7	1.4938257336616516	12.149763471498265	0.8169918498394665	0.7871396895787139
8	1.49227155579461	11.852334367947316	0.8313163744134354	0.8070953436807096
9	1.4908313035964966	11.268226120415635	0.8313163744134354	0.8226164079822617
10	1.4891849214380437	11.449414519813118	0.8407014077550012	0.7782705099778271
11	1.4880686004956563	10.702289588808075	0.8444060261793035	0.7915742793791575
12	1.48725491303664	9.910909003160132	0.8587305507532724	0.7960088691796009
13	1.4863063607897078	9.808720720095897	0.8621881946159545	0.8181818181818182
14	1.48537220954895	9.946784815450354	0.8570017288219314	0.8159645232815964
15	1.485084891319275	9.005626960063545	0.8698444060261793	0.8093126385809313
16	1.4845980475930607	8.847924938352088	0.8718202025191405	0.8070953436807096
17	1.4837775627772014	8.42459193083245	0.8821931341071869	0.811529933481153
18	1.4836230278015137	8.01961142810311	0.8888614472709311	0.8070953436807096
19	1.483790135383606	7.954164477783864	0.8841689306001482	0.8381374722838137
20	1.483255352292742	7.668541497132909	0.8918251420103729	0.8159645232815964
21	1.4834737127477473	7.471820988993007	0.8947888367498148	0.8381374722838137
22	1.4836588631505552	7.002445017258952	0.901704124475179	0.8292682926829268
23	1.4841277499993641	6.552761908591263	0.9093603358854038	0.8403547671840355
24	1.484784059524536	6.709016528655225	0.9068905902692023	0.8159645232815964
25	1.4849183376018817	6.4077693364751624	0.9125710051864658	0.8381374722838137
26	1.4846588505638971	6.397543725066297	0.9147937762410472	0.8203991130820399
27	1.4845097064971924	7.433527198715473	0.9034329464065202	0.8248337028824834
28	1.484363449030909	6.398548614321731	0.9142998271178069	0.8425720620842572
29	1.4844895998636882	5.3600818045496	0.9271425043220548	0.8181818181818182
30	1.4839516070581251	5.130650226056106	0.9244257841442332	0.8203991130820399
31	1.4833974316716194	4.857231640440273	0.933810817485799	0.8159645232815964
32	1.4828811847802363	4.679026483550785	0.9370214867868609	0.8203991130820399
33	1.4822877154630774	4.456107919610392	0.9372684613484811	0.8270509977827051
34	1.482216875893729	4.355055253630079	0.945171647320326	0.8314855875831486
35	1.482101559638977	4.089478214425365	0.9409730797727834	0.8470066518847007
36	1.4821159001943227	4.074544099841531	0.9476413929365275	0.835920177383592
37	1.482045148548327	3.776599487920446	0.9486292911830082	0.8203991130820399
38	1.4818171598972418	3.731735838210489	0.9478883674981476	0.8248337028824834
39	1.4817387938499451	3.5752744792014597	0.9538157569770314	0.835920177383592
40	1.4816936865085508	3.2080985802834427	0.9592491973326748	0.8314855875831486
41	1.4816962083180745	3.1093245376282788	0.9562855025932329	0.8292682926829268
42	1.481621692346972	2.9431191117275417	0.9639417140034576	0.8403547671840355
43	1.4814646514979275	2.820134573212759	0.9597431464559151	0.8403547671840355
44	1.481308396657308	2.6970056565258447	0.9644356631266979	0.8270509977827051
45	1.4814777633418208	2.6426238760234804	0.9624598666337367	0.8226164079822617
46	1.4815079202043249	2.6644800448511528	0.9664114596196591	0.8337028824833703
47	1.481353332599004	3.9613278015392033	0.9503581131143493	0.8248337028824834
48	1.4813789591497304	2.7566841109179134	0.9639417140034576	0.8337028824833703
49	1.481541361808777	2.40135876505863	0.9703630526055816	0.8292682926829268
50	1.4815834877537746	2.379306757587969	0.9686342306742406	0.8381374722838137
51	1.4816626081099877	2.3169335368580706	0.96764633242776	0.8403547671840355
52	1.4816034964795382	2.1882795090750444	0.9703630526055816	0.8270509977827051
53	1.4817355473836262	2.0718042480898653	0.9738206964682637	0.8292682926829268
54	1.4816285783594305	2.032538565946376	0.9718448999753025	0.835920177383592
55	1.4816215804644994	2.0750255928206163	0.9706100271672018	0.835920177383592
56	1.481818818209464	2.1731717529317995	0.9711039762904421	0.8425720620842572
57	1.4819123416111386	3.2520908678727825	0.961224993825636	0.8337028824833703
58	1.482260530277834	2.2061234828759364	0.9703630526055816	0.8270509977827051
59	1.4826302687327066	1.988684021523149	0.9730797727834033	0.8314855875831486
60	1.4829412679203222	1.9048172440819853	0.9750555692763645	0.8381374722838137
61	1.4829072260087537	1.959203048543198	0.9730797727834033	0.8403547671840355
62	1.4828399325173998	1.8798937874985493	0.9755495183996048	0.844789356984479
63	1.4847467094659805	2.0238179809113186	0.9720918745369227	0.8381374722838137
64	1.4850560885209303	1.8226199525511113	0.9760434675228451	0.8381374722838137
65	1.4850202834967412	1.793751905518254	0.9755495183996048	0.8292682926829268
-1	-1	-1	-1	-1
0	1.4828379154205322	20.741023048641175	0.7216596690540874	0.5210643015521065
1	1.4633947610855103	571.1380985590416	0.6431217584588788	0.6940133037694013
2	1.4570717811584473	16.59763834795614	0.7631513954062732	0.7494456762749445
3	1.4583204984664917	15.945187981673113	0.7715485305013584	0.7317073170731707
4	1.4591152667999268	15.58843955468005	0.7794517164732032	0.7560975609756098
5	1.4575542608896892	14.951654449222595	0.7836502840207459	0.7671840354767184
6	1.455970287322998	14.491759277704194	0.7913064954309706	0.7782705099778271
7	1.4560380280017853	14.33016860015749	0.7959990121017535	0.7893569844789357
8	1.4557141727871366	14.047310975592906	0.7969869103482341	0.8070953436807096
9	1.4553328514099122	13.807131493185448	0.8071128673746604	0.7671840354767184
10	1.4543290788477117	13.650344720975621	0.8034082489503581	0.8137472283813747
11	1.4546767075856526	13.276657374825065	0.8100765621141023	0.8004434589800443
12	1.453497519859901	13.37999173787635	0.808100765621141	0.7915742793791575
13	1.4532317093440466	13.022044861410546	0.8150160533465053	0.7760532150776053
14	1.452300198872884	12.52514439680445	0.820943442825389	0.8004434589800443
15	1.451665922999382	12.319084873349647	0.8251420103729316	0.8226164079822617
16	1.4515413396498735	12.031139846861832	0.8298345270437145	0.8159645232815964
17	1.4513854185740154	11.812007047998623	0.8318103235366757	0.7827050997782705
18	1.451070647490652	11.542576207889347	0.8414423314398617	0.7937915742793792
19	1.45115966796875	11.385813285046675	0.8389725858236602	0.802660753880266
20	1.450923136302403	11.251501753574281	0.8441590516176833	0.7982261640798226
21	1.4508801698684692	10.896816771800124	0.8424302296863423	0.811529933481153
22	1.4508942935777747	11.033554354990562	0.8488515682884663	0.8248337028824834
23	1.4508067270119984	10.731977158644067	0.8490985428500865	0.8270509977827051
24	1.4511665534973144	10.259736901193154	0.8599654235613732	0.811529933481153
25	1.4510074395399828	10.210951842660979	0.8525561867127686	0.811529933481153
26	1.4518660174475775	10.42335993473924	0.853297110397629	0.7937915742793792
27	1.451824358531407	9.934986917991338	0.8609533218078538	0.8292682926829268
28	1.4516976372949009	10.105945956988597	0.8599654235613732	0.8270509977827051
29	1.45163045724233	9.662007853740782	0.859718448999753	0.8381374722838137
30	1.4517903097214238	9.358526774278776	0.8703383551494196	0.8137472283813747
31	1.4523347616195679	9.50406402114808	0.866139787601877	0.8004434589800443
32	1.4520649404236765	8.8916506936231	0.8777475919980242	0.8159645232815964
33	1.4518541798872107	8.972980078749769	0.8681155840948382	0.8292682926829268
34	1.451920543398176	8.484962295359514	0.8812052358607063	0.8425720620842572
35	1.4521166616015964	8.238287154145128	0.8829340577920474	0.8137472283813747
36	1.4522731561918516	8.196177833662258	0.8846628797233885	0.8314855875831486
37	1.4521782649190802	8.363080425525276	0.8826870832304272	0.8248337028824834
38	1.4523509710262983	7.913651288025022	0.8918251420103729	0.844789356984479
39	1.452546191215515	7.893630041850834	0.8905902692022721	0.811529933481153
40	1.452527371848502	8.070535163241109	0.8893553963941714	0.8270509977827051
41	1.4526187408538092	7.781896116226677	0.8962706841195357	0.8492239467849224
42	1.4527165168939635	7.623228623172429	0.8960237095579155	0.8292682926829268
43	1.452910921790383	7.294416880044412	0.901704124475179	0.811529933481153
44	1.4529341379801433	7.280359486895283	0.898493455174117	0.8292682926829268
45	1.4532442507536516	7.008915329542686	0.9073845393924426	0.835920177383592
46	1.4532157309511875	6.831495860430199	0.9088663867621635	0.844789356984479
47	1.4531306078036625	6.882586287701224	0.9096073104470239	0.8492239467849224
48	1.4531336122629595	6.47895368065421	0.9120770560632255	0.811529933481153
49	1.4537183570861816	6.447692949940839	0.9133119288713263	0.8203991130820399
50	1.4538409896925384	6.3352527918778065	0.9160286490491479	0.8226164079822617
51	1.4537974916971648	6.145287469616086	0.9170165472956285	0.8292682926829268
52	1.4536295341995527	6.056861753538837	0.9212151148431712	0.8470066518847007
53	1.453676047148528	5.767242213872474	0.925907631513954	0.835920177383592
54	1.453599704395641	5.933011272760827	0.9244257841442332	0.835920177383592
55	1.453599797827857	5.724720577555378	0.9236848604593727	0.8536585365853658
56	1.453632576423779	5.52587748137046	0.9303531736231169	0.835920177383592
57	1.4537924445908645	5.378428090275742	0.9333168683625587	0.8226164079822617
58	1.4537953926345049	5.482354683669533	0.9281304025685354	0.8048780487804879
59	1.4539511640866598	5.559611670614228	0.9286243516917757	0.8470066518847007
60	1.4539650815432188	5.2911268313100015	0.9325759446776982	0.811529933481153
61	1.4539308932519728	5.6366229301362525	0.9239318350209929	0.8337028824833703
62	1.4539277326493036	5.178186290846096	0.9310940973079773	0.835920177383592
63	1.4539385363459587	5.1374712722507985	0.9382563595949617	0.8226164079822617
64	1.4538845319014329	5.098734801209818	0.9350456902938997	0.8337028824833703
65	1.4537366484150742	5.203749248361963	0.9308471227463572	0.8292682926829268
66	1.4536576484566304	5.2873360725838365	0.9310940973079773	0.8248337028824834
67	1.453675957287059	5.1599833880822485	0.9377624104717214	0.8314855875831486
68	1.453847456669462	4.961791206532576	0.9404791306495431	0.8181818181818182
69	1.453827565056937	5.2415181201274	0.9318350209928378	0.8314855875831486
70	1.4538180525873747	5.6655934101014624	0.9271425043220548	0.8181818181818182
71	1.4538443386554718	4.7034860267413885	0.9407261052111633	0.835920177383592
72	1.4539241725451326	4.733839847440795	0.9360335885403803	0.8270509977827051
73	1.4539382586608063	4.616570038119639	0.9436897999506051	0.8248337028824834
74	1.4540523751576742	4.560011823346295	0.9424549271425043	0.8248337028824834
75	1.45396226644516	5.4337074521958355	0.9308471227463572	0.8159645232815964
76	1.4540044920785087	5.038414392884322	0.9380093850333415	0.8292682926829268
77	1.4542110516474798	4.225711327838146	0.9471474438132872	0.8248337028824834
78	1.454266611533829	4.2364457141696	0.9461595455668066	0.8181818181818182
79	1.4542890042066574	4.303706232957014	0.9431958508273648	0.8292682926829268
80	1.454293539494644	4.434190186928577	0.9464065201284267	0.8137472283813747
81	1.4544113496454751	4.00293104596964	0.9523339096073105	0.8181818181818182
82	1.4543406618646828	4.012418625392313	0.9481353420597678	0.8093126385809313
83	1.4542877333504813	3.9373254574189973	0.9486292911830082	0.8292682926829268
84	1.4543431899126837	4.181892327436312	0.9513460113608299	0.8203991130820399
85	1.454520583152771	4.399455152158662	0.9441837490738454	0.8425720620842572
-1	-1	-1	-1	-1
0	1.498302698135376	20.8449787305096	0.7061002716720178	0.29711751662971175
1	1.4747570753097534	415.00181497739055	0.6453445295134601	0.6829268292682927
2	1.4698903560638428	16.384053891099345	0.7663620647073351	0.7427937915742794
3	1.463626503944397	15.439246267784299	0.7685848357619165	0.7560975609756098
4	1.4587175369262695	14.680108810034325	0.788836749814769	0.7671840354767184
5	1.4563199679056804	14.014696628089965	0.7977278340330946	0.7605321507760532
6	1.4545539447239466	14.42010247238039	0.7895776734996295	0.7849223946784922
7	1.453127145767212	13.368549305622972	0.8088416893060015	0.8004434589800443
8	1.4534088505638971	13.020375255524643	0.8182267226475674	0.8093126385809313
9	1.4532989740371705	12.80657402549203	0.8236601630032107	0.802660753880266
10	1.45285042849454	12.186447042179859	0.8261299086194122	0.7760532150776053
11	1.452765166759491	12.024307153356357	0.8266238577426525	0.8093126385809313
12	1.452810214116023	11.639016716499029	0.83872561126204	0.8314855875831486
13	1.452486855643136	11.790478695095993	0.8327982217831563	0.8425720620842572
14	1.451753600438436	11.041306652422026	0.8409483823166214	0.8093126385809313
15	1.4522792398929596	11.360683707740364	0.8448999753025438	0.8514412416851441
16	1.4522486574509565	10.733281511021412	0.8495924919733268	0.8203991130820399
17	1.4522866672939725	10.25077283100819	0.8584835761916523	0.835920177383592
18	1.4520400699816252	10.322665736431212	0.8530501358360089	0.8292682926829268
19	1.452409601211548	10.34761703859164	0.8555198814522105	0.8203991130820399
20	1.4528806890760149	9.718973850640724	0.8646579402321561	0.8292682926829268
21	1.4528442512858997	9.351559890536812	0.8688565077796987	0.8403547671840355
22	1.4523826578389043	9.198365106357365	0.87107927883428	0.8403547671840355
23	1.4521670738855998	8.795231661458654	0.8797233884909854	0.8381374722838137
24	1.4515618896484375	8.905127679269144	0.8718202025191405	0.8337028824833703
25	1.4514320171796358	8.679485212160847	0.8787354902445048	0.8181818181818182
26	1.4508982146227802	8.340019879378671	0.88713262533959	0.8381374722838137
27	1.450328460761479	8.360917518458029	0.8863917016547296	0.8270509977827051
28	1.449944307064188	7.659915116358929	0.8970116078043961	0.8558758314855875
29	1.449639892578125	7.6751690624267095	0.8955297604346752	0.8403547671840355
30	1.449576231741136	7.271435131238201	0.8989874042973574	0.835920177383592
31	1.449515238404274	7.37805155787881	0.8987404297357372	0.835920177383592
32	1.4495940641923384	7.269660925771308	0.9009632007903186	0.8337028824833703
33	1.4494540691375732	7.068310007335633	0.9056557174611015	0.8403547671840355
34	1.4495901380266463	6.802655916514359	0.9093603358854038	0.8470066518847007
35	1.4491909742355347	6.518728174562529	0.9118300815016054	0.8337028824833703
36	1.4496791620512266	6.280210167404235	0.9165225981723882	0.8403547671840355
37	1.4498551707518728	6.211851202596829	0.9152877253642875	0.835920177383592
38	1.4495561184027257	6.179882927203741	0.9180044455421091	0.8203991130820399
39	1.449410891532898	5.700521548901956	0.9229439367745123	0.8270509977827051
40	1.449309099011305	5.992516090550761	0.9170165472956285	0.8270509977827051
41	1.4491907528468542	5.625731875577311	0.9266485551988145	0.8181818181818182
42	1.4495699904685797	5.612951952172077	0.9244257841442332	0.835920177383592
43	1.4495583989403464	5.208520579525805	0.9328229192393184	0.844789356984479
44	1.449441639582316	4.992565048491861	0.9328229192393184	0.8070953436807096
45	1.449243136074232	5.343263511582623	0.9281304025685354	0.8093126385809313
46	1.4489244653823528	5.0102821644835585	0.9340577920474191	0.8425720620842572
47	1.4488265415032704	4.683678289567392	0.9372684613484811	0.8270509977827051
48	1.4487032890319824	4.608897838066882	0.9417140034576439	0.8270509977827051
49	1.4486251258850098	4.539412868304516	0.9446776981970857	0.8403547671840355
50	1.4488686019299077	4.6874165617105525	0.9392442578414423	0.8425720620842572
51	1.4488696043307965	4.307296216957212	0.9491232403062485	0.8558758314855875
52	1.4489312756736323	4.206785463442014	0.9471474438132872	0.8270509977827051
53	1.4488084801921137	4.448062193205976	0.9414670288960237	0.8181818181818182
54	1.4488630078055642	3.8877348604164723	0.9493702148678687	0.8203991130820399
55	1.4488979705742426	3.9653121195440217	0.9454186218819461	0.8292682926829268
56	1.448952783618057	3.657645206282458	0.9535687824154112	0.8248337028824834
57	1.4486278994330044	3.8001116647964386	0.9508520622375896	0.835920177383592
58	1.4486995187856384	3.6436340398206486	0.9528278587305508	0.8337028824833703
-1	-1	-1	-1	-1
0	1.5222268104553223	20.188166948754017	0.7105458137811805	0.6186252771618626
1	1.50123929977417	87.97106963630736	0.7303037787107928	0.7827050997782705
2	1.4975740909576416	14.765658682725562	0.7831563348975056	0.7671840354767184
3	1.492943286895752	13.759822271001621	0.796739935786614	0.7915742793791575
4	1.4893826484680175	13.152048437614141	0.8076068164979007	0.7760532150776053
5	1.4884731372197468	12.756049268827663	0.8127932822919239	0.7982261640798226
6	1.487680298941476	12.051249297585075	0.8290936033588541	0.7915742793791575
7	1.488387018442154	11.827796673211525	0.8342800691528772	0.7738359201773836
8	1.4882863892449274	11.512921554835762	0.8360088910842183	0.8137472283813747
9	1.4874317646026611	11.422944053890198	0.8345270437144974	0.8314855875831486
10	1.4874650131572376	10.448504312770574	0.8523092121511484	0.7915742793791575
11	1.489619533220927	10.044064290880218	0.8510743393430477	0.8292682926829268
12	1.4895578164320726	10.186268399080893	0.8589775253148926	0.8226164079822617
13	1.4889111178261893	9.645118822262981	0.8676216349715979	0.8159645232815964
14	1.488211997350057	9.052665704817283	0.8728081007656211	0.844789356984479
15	1.487828865647316	8.965323018276786	0.8750308718202026	0.8226164079822617
16	1.4874714262345259	8.22816383744788	0.8844159051617684	0.8070953436807096
17	1.486750192112393	7.929924443950803	0.8925660656952334	0.8292682926829268
18	1.4865308560823138	7.787270842574713	0.8878735490244505	0.8226164079822617
19	1.486774730682373	7.283670197321674	0.8970116078043961	0.835920177383592
20	1.4872889064607167	7.4586336199692855	0.895035811311435	0.8403547671840355
21	1.4874737587842075	7.236761054654759	0.896764633242776	0.8181818181818182
22	1.4872936269511348	6.785913121043228	0.9041738700913806	0.844789356984479
23	1.486733506123225	6.070626262604721	0.9180044455421091	0.8558758314855875
24	1.4860644721984864	5.977408389876208	0.9182514201037293	0.8514412416851441
25	1.4856892915872426	5.648310229534239	0.9249197332674735	0.8381374722838137
26	1.4859306723983199	5.678110584499329	0.9199802420350703	0.835920177383592
27	1.4858108162879944	5.306235922603157	0.9276364534452951	0.8403547671840355
28	1.4858666617294838	4.8388567219568985	0.9320819955544579	0.844789356984479
29	1.485626721382141	4.774934809508286	0.93553963941714	0.835920177383592
30	1.4855335450941516	4.928374246349485	0.9328229192393184	0.8425720620842572
31	1.4855642393231392	4.6746020608060945	0.9409730797727834	0.8381374722838137
32	1.486026684443156	4.221288530845341	0.9412200543344036	0.8647450110864745
33	1.4862472590278177	3.9771331023043537	0.946900469251667	0.8381374722838137
34	1.4863065242767335	3.7974459552389432	0.9520869350456903	0.8337028824833703
35	1.4859940144750807	3.582117895441731	0.9528278587305508	0.8403547671840355
36	1.4861221828976192	3.4194526723989354	0.9520869350456903	0.8403547671840355
37	1.4860965954629999	3.192282870529205	0.9585082736478143	0.8337028824833703
38	1.4863053590823443	3.825106565407881	0.9503581131143493	0.8270509977827051
39	1.4862562477588654	2.912839745442698	0.9597431464559151	0.8558758314855875
40	1.4864303716799108	2.7328280631716795	0.9636947394418375	0.8492239467849224
41	1.486710400808425	2.928295784343885	0.9599901210175352	0.8514412416851441
42	1.4870571591133295	2.5734671569011343	0.9664114596196591	0.8514412416851441
43	1.4871668002822183	2.4845348815397013	0.96764633242776	0.8425720620842572
44	1.4876865863800048	2.5402699994055307	0.9656705359347987	0.8558758314855875
45	1.487891321596892	2.4059836973590176	0.9654235613731785	0.8514412416851441
46	1.487779698473342	2.2898593993168177	0.969375154359101	0.8470066518847007
47	1.4878974258899689	2.3151176378541574	0.9688812052358607	0.844789356984479
48	1.4879779815673828	2.1561117734848043	0.9708570017288219	0.8403547671840355
49	1.4879842138290404	2.165482886399575	0.9696221289207212	0.8470066518847007
50	1.4881460900400199	2.0468889236978187	0.9735737219066436	0.8403547671840355
51	1.4881774003689106	2.0115422477403024	0.9730797727834033	0.8403547671840355
52	1.488092323519149	1.9986155518173885	0.9740676710298839	0.8470066518847007
53	1.4879975672121402	1.986523974598862	0.9735737219066436	0.8558758314855875
54	1.4880760799754749	1.9106027158930545	0.9730797727834033	0.844789356984479
55	1.4879946197782243	2.256772994320458	0.9688812052358607	0.835920177383592
56	1.4881704355541028	2.4404089583421316	0.9678933069893801	0.8248337028824834
57	1.488161748853223	1.8959917484188642	0.975796492961225	0.8514412416851441
58	1.4881100048453122	1.8041302974475182	0.9750555692763645	0.8403547671840355
59	1.488000480333964	1.8292231571779947	0.974314645591504	0.8536585365853658
60	1.4877581361864434	1.7793121229358546	0.9740676710298839	0.8558758314855875
61	1.4874959068913614	1.785844427394116	0.9767843912077057	0.8425720620842572
62	1.487268576546321	1.767021310493702	0.9760434675228451	0.8403547671840355
-1	-1	-1	-1	-1
0	1.50876784324646	19.960457876911313	0.7211657199308471	0.3215077605321508
1	1.4797433614730835	370.0486270724319	0.6836255865645838	0.7339246119733924
2	1.470501184463501	15.784766043265035	0.7784638182267226	0.7450110864745011
3	1.4627532958984375	14.841590438302108	0.7846381822672265	0.7871396895787139
4	1.4592822074890137	14.380704342849612	0.7955050629785132	0.7849223946784922
5	1.4663875102996826	13.918690095736286	0.8029142998271178	0.7893569844789357
6	1.46430584362575	13.300088578321802	0.8078537910595208	0.7982261640798226
7	1.4613391160964966	12.789490057727484	0.814522104223265	0.8048780487804879
8	1.4612361325158014	12.232639451665202	0.8256359594961719	0.7937915742793792
9	1.4604259967803954	12.243917527161246	0.8310693998518153	0.8093126385809313
10	1.4606128389185125	11.860281979943824	0.8315633489750556	0.8070953436807096
11	1.4603170156478882	11.397372955412376	0.8342800691528772	0.8203991130820399
12	1.4594077880565937	11.165098001637796	0.8402074586317609	0.8159645232815964
13	1.4591425827571325	10.615943004765848	0.8523092121511484	0.7937915742793792
14	1.4590864022572836	10.69284774187043	0.8525561867127686	0.8381374722838137
15	1.4582986533641815	10.481198318361297	0.8562608051370709	0.8248337028824834
16	1.457824146046358	9.896894058843298	0.8658928130402569	0.8048780487804879
17	1.4579509761598375	9.48746465885733	0.8656458384786367	0.8137472283813747
18	1.4577170422202663	9.370990465945146	0.87107927883428	0.8203991130820399
19	1.4573734998703003	8.731921791091679	0.8802173376142257	0.8048780487804879
20	1.4579942226409912	8.784117895787157	0.8802173376142257	0.8203991130820399
21	1.4580284790559248	8.888446676449513	0.8779945665596444	0.8292682926829268
22	1.4581835269927979	8.28692760429983	0.8816991849839466	0.811529933481153
23	1.4588873287041981	8.259617401858954	0.8856507779698691	0.8425720620842572
24	1.4587073421478272	7.824984860232496	0.8942948876265745	0.8181818181818182
25	1.4587894678115845	7.534478474789717	0.8979995060508768	0.8070953436807096
26	1.4590156519854511	7.486116193410918	0.8962706841195357	0.8337028824833703
27	1.4590048789978027	7.282729238975705	0.8989874042973574	0.8314855875831486
28	1.4591594728930244	7.237531892896637	0.8987404297357372	0.8159645232815964
29	1.4588916222254436	6.946378707885742	0.9004692516670783	0.8292682926829268
30	1.4587048176796205	6.71393753787664	0.9083724376389232	0.8314855875831486
31	1.4584019854664803	6.401319775994368	0.9147937762410472	0.8292682926829268
32	1.4584365252292517	6.063399369322409	0.9187453692269696	0.8270509977827051
33	1.4587213782703174	6.110830039489926	0.9138058779945666	0.8203991130820399
34	1.45867326600211	5.728742500928443	0.9244257841442332	0.8314855875831486
35	1.4588677618238661	5.959172781058184	0.91948629291183	0.811529933481153
36	1.458480809185956	6.69065654840995	0.9130649543097061	0.811529933481153
37	1.4586916910974603	5.532628024656941	0.9276364534452951	0.8248337028824834
38	1.4589137175144293	5.057501161661674	0.9308471227463572	0.8203991130820399
39	1.4591478884220124	5.144366404202979	0.9283773771301556	0.8314855875831486
40	1.4588014381687815	4.697015350728523	0.9365275376636206	0.8292682926829268
41	1.4591402496610368	4.560300557162818	0.9412200543344036	0.8270509977827051
42	1.4591585924459058	4.498692733565654	0.9394912324030625	0.8226164079822617
43	1.4593701687726108	4.452613271127536	0.9385033341565818	0.8159645232815964
44	1.4596504635281033	4.584481972878374	0.940232156087923	0.8159645232815964
45	1.4595995674962583	4.3297942754790535	0.9441837490738454	0.8292682926829268
46	1.459383913811217	4.000659777423528	0.9491232403062485	0.8226164079822617
47	1.4592652320861816	3.975188337442443	0.9483823166213879	0.8181818181818182
48	1.459560978169344	4.042018388786654	0.9493702148678687	0.8226164079822617
49	1.4597933721542358	3.6588290160096535	0.9543097061002717	0.835920177383592
50	1.4599663743785782	3.6316159491933235	0.9530748332921709	0.8137472283813747
51	1.4600849518409142	3.5414263902334717	0.9533218078537911	0.8159645232815964
52	1.4602456992527224	3.3542229496235922	0.9540627315386515	0.8292682926829268
53	1.4602346685197618	3.3045850384423114	0.9590022227710546	0.8270509977827051
-1	-1	-1	-1	-1
0	1.496793508529663	20.180193653256875	0.7208498023715415	0.5199115044247787
1	1.4759660959243774	254.0672369303666	0.6482213438735178	0.6991150442477876
2	1.473449468612671	17.39133595293901	0.7490118577075099	0.7256637168141593
3	1.470150887966156	16.34421091755544	0.7551877470355731	0.7588495575221239
4	1.470769453048706	15.879305681844397	0.7690217391304348	0.7721238938053098
5	1.4706382751464844	15.413776033506618	0.7690217391304348	0.7477876106194691
6	1.4714978422437395	15.069997547179694	0.7855731225296443	0.7190265486725663
7	1.4715604782104492	14.783288647809366	0.7840909090909091	0.75
8	1.4732978608873155	14.46011513987864	0.7860671936758893	0.7699115044247787
9	1.474429178237915	14.301400736560971	0.7932312252964426	0.7831858407079646
10	1.4733665639703923	14.043204333838515	0.7927371541501976	0.7920353982300885
11	1.473137358824412	13.805654150294506	0.8011363636363636	0.7566371681415929
12	1.4723717799553504	13.766152569628137	0.803606719367589	0.7876106194690266
13	1.4733879906790597	13.027845979675533	0.8063241106719368	0.7986725663716814
14	1.4733723322550456	12.621551322186088	0.8199110671936759	0.7920353982300885
15	1.471977785229683	12.468429801970954	0.8223814229249012	0.8030973451327433
16	1.4714801732231588	12.417540201051967	0.8228754940711462	0.8163716814159292
17	1.4713894658618503	12.126492759374184	0.825098814229249	0.7964601769911505
18	1.4708953029231022	12.268357096694587	0.8243577075098815	0.8053097345132744
19	1.470771563053131	11.90235406958212	0.8317687747035574	0.8230088495575221
20	1.4703623907906669	11.50109559907688	0.8421442687747036	0.7876106194690266
21	1.469344431703741	11.528691359392301	0.8391798418972332	0.7853982300884956
22	1.4686908929244331	11.763457444709116	0.829298418972332	0.8008849557522124
23	1.4683832426865895	12.195002822425423	0.8238636363636364	0.8097345132743363
24	1.4680863094329835	10.983845023658333	0.8448616600790514	0.8119469026548672
25	1.4678812943972075	11.101269759531096	0.8470849802371542	0.8207964601769911
26	1.467833192260177	10.693648169359824	0.8460968379446641	0.8230088495575221
27	1.4674414907182967	10.391075062939501	0.8584486166007905	0.8252212389380531
28	1.4670246305136845	10.35231907161202	0.8569664031620553	0.8119469026548672
29	1.46707128683726	10.114510611286313	0.8606719367588933	0.8163716814159292
30	1.4675860174240605	9.88928355945377	0.8594367588932806	0.831858407079646
31	1.4678085446357727	9.693613356492651	0.8698122529644269	0.8185840707964602
32	1.4677135438630076	9.59704555676678	0.8656126482213439	0.8119469026548672
33	1.467818582759184	9.317382992721917	0.8698122529644269	0.8252212389380531
34	1.467757327216012	9.529422977777916	0.866106719367589	0.838495575221239
35	1.4676036768489413	9.377838847205394	0.8678359683794467	0.827433628318584
36	1.4674073296624262	8.935884798605612	0.8794466403162056	0.8185840707964602
37	1.4672338084170693	8.931459379947091	0.8759881422924901	0.8230088495575221
38	1.4674462538499098	8.75383262559185	0.8777173913043478	0.8141592920353983
39	1.467576366662979	8.465881458417638	0.8843873517786561	0.827433628318584
40	1.4675278489182635	8.496426255684199	0.879199604743083	0.8207964601769911
41	1.4675182955605643	8.11182801366791	0.8873517786561265	0.8119469026548672
42	1.4676364909770876	8.599627675033929	0.8821640316205533	0.8075221238938053
43	1.4675788771022449	8.053463789421743	0.8900691699604744	0.8053097345132744
44	1.4677763779958088	8.021048772992112	0.8895750988142292	0.8230088495575221
45	1.467787099921185	7.5363046484669365	0.8955039525691699	0.8230088495575221
46	1.468207653532637	7.667692660346744	0.8952569169960475	0.834070796460177
47	1.4685265223185222	7.450610887347244	0.8987154150197628	0.8207964601769911
48	1.4685740714170494	7.020478333075215	0.9073616600790514	0.8230088495575221
49	1.4687585926055908	7.016394182453006	0.9068675889328063	0.8075221238938053
50	1.4689506362466251	6.991868470128127	0.9085968379446641	0.8075221238938053
51	1.46935596374365	6.764802725296321	0.9113142292490118	0.8252212389380531
52	1.4692376199758277	6.719371240908705	0.911808300395257	0.8141592920353983
53	1.469473331062882	6.756899846820381	0.9110671936758893	0.8296460176991151
54	1.4701082186265426	6.341350358302199	0.9182312252964426	0.8163716814159292
55	1.4701480865478516	6.348507263529019	0.9157608695652174	0.8163716814159292
56	1.46998453558537	6.251490019437835	0.9199604743083004	0.8207964601769911
57	1.4699368641294281	6.083417154672578	0.9189723320158103	0.8296460176991151
58	1.4697834192696264	6.224668385475639	0.9214426877470355	0.8252212389380531
59	1.469657572110494	6.315537487897347	0.9140316205533597	0.8207964601769911
60	1.4696887008479385	5.885762937425628	0.9194664031620553	0.8185840707964602
61	1.4695892487802813	5.856787239472697	0.9271245059288538	0.8163716814159292
62	1.469602660527305	5.931271577444602	0.9182312252964426	0.8230088495575221
63	1.469489861279726	5.902750645566174	0.9221837944664032	0.8230088495575221
64	1.4692744695223294	5.910660602915005	0.9216897233201581	0.8207964601769911
-1	-1	-1	-1	-1
0	1.5313150882720947	20.840232135742667	0.7023956532477155	0.5210643015521065
1	1.5145373344421387	368.4898757258738	0.7107927883428007	0.7694013303769401
2	1.5090751647949219	14.463413493839775	0.7945171647320326	0.7804878048780488
3	1.5101076364517212	13.286895414037028	0.8061249691281798	0.8004434589800443
4	1.503982925415039	12.677618225728432	0.8164979007162262	0.7671840354767184
5	1.499926765759786	12.148830714188223	0.824154112126451	0.811529933481153
6	1.4969259330204554	11.322180164141917	0.8397135095085206	0.7937915742793792
7	1.494016408920288	11.14026570883323	0.836996789330699	0.8226164079822617
8	1.4917333390977647	10.465161779734093	0.8562608051370709	0.802660753880266
9	1.4908276081085206	10.43902892202843	0.8510743393430477	0.8137472283813747
10	1.490099928595803	10.110729178105752	0.8565077796986911	0.8226164079822617
11	1.4904747009277344	9.702931377831407	0.862929118300815	0.8048780487804879
12	1.489594349494347	9.155869731752892	0.8752778463818227	0.8470066518847007
13	1.4892600945064	8.920507523018545	0.8737959990121017	0.8292682926829268
14	1.4884933948516845	8.652382691075482	0.880711286737466	0.8137472283813747
15	1.4879292398691177	8.402983648570503	0.8826870832304272	0.7827050997782705
16	1.4878119160147274	8.134662267729992	0.88713262533959	0.8226164079822617
17	1.4885599613189697	7.726780040996281	0.8928130402568536	0.8093126385809313
18	1.4891841662557501	7.318441938227556	0.9002222771054581	0.8248337028824834
19	1.48880877494812	7.5694268538257266	0.8933069893800939	0.8425720620842572
20	1.4895624660310292	6.937213976552167	0.9059026920227217	0.8292682926829268
21	1.4892168912020596	6.308845735910371	0.912817979748086	0.8159645232815964
22	1.4889979051507038	6.126874318273049	0.9150407508026673	0.8381374722838137
23	1.488591452439626	6.067314988515508	0.9202272165966905	0.8337028824833703
24	1.4884101009368897	6.768337590018596	0.9110891578167448	0.8159645232815964
25	1.48837764446552	5.879418642502132	0.9187453692269696	0.8270509977827051
26	1.4882366833863434	6.068143290328228	0.9187453692269696	0.8270509977827051
27	1.4881478718348913	5.403709288657181	0.9229439367745123	0.8292682926829268
28	1.48816101304416	4.979608761982655	0.9325759446776982	0.811529933481153
29	1.4882316668828328	4.714062065590085	0.9370214867868609	0.8203991130820399
30	1.488776606898154	4.731497391941041	0.938750308718202	0.8270509977827051
31	1.4894842728972435	4.775528143710039	0.9352926648555199	0.8181818181818182
32	1.4895783337679775	4.4220927606417435	0.9427019017041245	0.8337028824833703
33	1.4894673613940967	4.32230006522081	0.9389972832798221	0.8226164079822617
34	1.4893376077924456	4.25892499323905	0.940232156087923	0.8381374722838137
35	1.489340192741818	4.262596667282224	0.9441837490738454	0.844789356984479
36	1.4892581411310144	3.9510425648351353	0.9481353420597678	0.8425720620842572
37	1.4893940122503984	3.76538915427651	0.9496171894294888	0.8270509977827051
38	1.4895855707999988	3.7438950895324465	0.9496171894294888	0.8226164079822617
39	1.489594691991806	4.195144287009877	0.9471474438132872	0.8270509977827051
40	1.4900592303857572	3.652879636822723	0.9510990367992097	0.844789356984479
41	1.4902270237604778	3.4561305463783385	0.9538157569770314	0.8337028824833703
42	1.4899857931358869	3.345840898203099	0.9572734008397135	0.8425720620842572
-1	-1	-1	-1	-1
0	1.5274109840393066	20.134483134652687	0.7179550506297852	0.5521064301552107
1	1.5149955749511719	873.3644974851233	0.6226228698444061	0.70509977827051
2	1.5062646865844727	17.367241131039115	0.7493208199555446	0.7494456762749445
3	1.502211093902588	16.31532851542075	0.7656211410224747	0.7716186252771619
4	1.5033491134643555	15.380684953974926	0.7735243269943196	0.7472283813747228
5	1.5004703203837078	15.23674465164425	0.7764880217337614	0.7782705099778271
6	1.4974466051374162	15.018838664678139	0.7816744875277847	0.7694013303769401
7	1.4955056309700012	14.513872638462097	0.7910595208693505	0.7649667405764967
8	1.4963646464877658	14.101330392942653	0.79031859718449	0.7738359201773836
9	1.4961680173873901	14.015613259292962	0.7955050629785132	0.802660753880266
10	1.495483853600242	13.44565144861777	0.8061249691281798	0.7694013303769401
11	1.4954630335172017	13.185639989657664	0.8103235366757224	0.8048780487804879
12	1.4946676400991588	12.89153378779494	0.8214373919486293	0.8004434589800443
13	1.4946750061852592	12.706921100616455	0.8164979007162262	0.8314855875831486
14	1.4943517367045085	12.249638797729974	0.8229192393183502	0.7694013303769401
15	1.4947922080755234	12.224554448615848	0.8216843665102495	0.8004434589800443
16	1.494625680586871	11.855073164767168	0.8268708323042726	0.8004434589800443
17	1.4945913685692682	11.937011981573631	0.8303284761669548	0.8226164079822617
18	1.4941973435251337	11.830642414843942	0.8325512472215362	0.8270509977827051
19	1.4944021940231322	11.499413392675205	0.8397135095085206	0.8093126385809313
20	1.4944203808194114	11.232902249013344	0.8414423314398617	0.8070953436807096
21	1.4943800514394587	11.016165312819593	0.8404544331933811	0.7937915742793792
22	1.4942414449608845	11.224209064573753	0.8444060261793035	0.7982261640798226
23	1.4937815169493358	10.606576397663027	0.848357619165226	0.8181818181818182
24	1.4939581966400146	10.984675497520627	0.841936280563102	0.7915742793791575
25	1.4941853743333082	10.39099534853237	0.8495924919733268	0.7982261640798226
26	1.4943340442798756	10.099002838134766	0.8552729068905903	0.8004434589800443
27	1.4943236708641052	9.829004971061165	0.8656458384786367	0.811529933481153
28	1.4946062400423248	9.925003751995057	0.8582366016300321	0.8203991130820399
29	1.4944349845250449	9.952461360946415	0.8587305507532724	0.8226164079822617
30	1.4941772953156502	9.816204735613244	0.8614472709310941	0.8181818181818182
31	1.4939680993556976	9.741571769939632	0.8700913805877994	0.8314855875831486
32	1.493703553170869	9.383258346497543	0.8695974314645591	0.811529933481153
33	1.494042571853189	9.238869807851597	0.8649049147937763	0.811529933481153
34	1.4940809181758337	9.416324960903859	0.8683625586564584	0.8248337028824834
35	1.4939236905839708	8.88637397420688	0.8760187700666832	0.811529933481153
36	1.4941121500891608	8.46374463847303	0.8809582612990862	0.811529933481153
37	1.4937553092053062	8.705459829390518	0.8772536428747839	0.8093126385809313
38	1.4937147666246464	8.42163308211199	0.8816991849839466	0.8093126385809313
39	1.49361811876297	8.413468158151222	0.8831810323536676	0.835920177383592
40	1.4935836152332584	8.046683023295065	0.890343294640652	0.8248337028824834
41	1.4932301839192708	8.008879635277696	0.8861447270931094	0.8137472283813747
42	1.4932927364526793	7.680577928625692	0.8945418621881946	0.835920177383592
43	1.493196265263991	7.7000767330485065	0.893553963941714	0.8292682926829268
44	1.4931591086917453	7.428809088984813	0.8987404297357372	0.8093126385809313
45	1.493137794992198	7.532692524391835	0.8960237095579155	0.8137472283813747
46	1.4929849442015304	7.575972547681313	0.896764633242776	0.8093126385809313
47	1.492808351914088	7.083100484112117	0.9039268955297605	0.8070953436807096
48	1.492753418124452	7.367620935590248	0.8965176586811558	0.8048780487804879
49	1.4925505924224853	7.076533531579446	0.9049147937762411	0.8159645232815964
50	1.4925507049934537	6.771017150616083	0.9073845393924426	0.8070953436807096
51	1.4928307716663067	6.933473520391569	0.9036799209681403	0.8181818181818182
52	1.4927694302684855	6.9237726532568145	0.9044208446530008	0.8203991130820399
53	1.4929299398704812	6.888791962871402	0.9039268955297605	0.8070953436807096
54	1.4929657632654363	6.795059608662222	0.9071375648308224	0.8270509977827051
55	1.4930764947618758	6.686186443163654	0.9096073104470239	0.802660753880266
56	1.493088216112371	6.206568621274993	0.9180044455421091	0.8048780487804879
57	1.4930301575825131	6.2925265098181296	0.9160286490491479	0.8093126385809313
58	1.493336176468154	6.2662856991835465	0.9140528525561867	0.8137472283813747
59	1.493153742949168	6.112478493705509	0.9140528525561867	0.8004434589800443
60	1.493324408765699	5.973750889770628	0.9182514201037293	0.7982261640798226
61	1.4933938326374177	6.486505143285736	0.9125710051864658	0.8137472283813747
62	1.4934516369350372	6.427001769148458	0.9120770560632255	0.7982261640798226
63	1.4934612736105919	5.974291455088638	0.9165225981723882	0.7937915742793792
64	1.4935543867257925	6.623252389937874	0.9093603358854038	0.8270509977827051
65	1.4935564597447712	6.070879988782988	0.9172635218572487	0.8070953436807096
66	1.4937906621107415	6.313954618033462	0.9147937762410472	0.802660753880266
67	1.4938055031439836	5.927817409432779	0.9236848604593727	0.8337028824833703
68	1.4938743632772695	5.95864802645886	0.9172635218572487	0.8314855875831486
69	1.4941130706242152	5.932657039071631	0.9187453692269696	0.8093126385809313
-1	-1	-1	-1	-1
0	1.5326952934265137	20.650390767675685	0.7157322795752038	0.5188470066518847
1	1.5043208599090576	397.0407328117551	0.6626327488268708	0.7339246119733924
2	1.4978212515513103	17.455621310106412	0.7508026673252655	0.7405764966740577
3	1.493735909461975	16.462599307533324	0.7572240059273895	0.7605321507760532
4	1.4914016723632812	15.820508675312432	0.7708076068164978	0.7427937915742794
5	1.4912349383036296	15.471899190286951	0.7727834033094592	0.7649667405764967
6	1.4916842324393136	15.170792973886325	0.7826623857742653	0.7849223946784922
7	1.4913410544395447	15.038343425810806	0.7834033094591257	0.7982261640798226
8	1.4915275043911405	14.774079882253812	0.7846381822672265	0.7871396895787139
9	1.4903390169143678	14.405591424055926	0.7913064954309706	0.7937915742793792
10	1.4897584481672808	13.781042680965633	0.8016794270190171	0.8048780487804879
11	1.490191380182902	13.59991867711225	0.803161274388738	0.7738359201773836
12	1.4915345998910756	13.383026348324272	0.8100765621141023	0.8004434589800443
13	1.4925641502652849	12.850620446242685	0.8216843665102495	0.7960088691796009
14	1.4930203278859457	12.575170944994829	0.8179797480859472	0.8048780487804879
15	1.493443340063095	12.719547613399236	0.8229192393183502	0.7649667405764967
16	1.4931658155777876	12.563403912416593	0.8169918498394665	0.8070953436807096
17	1.4928497076034546	12.399271270421547	0.8251420103729316	0.8292682926829268
18	1.4925827729074579	11.88277865958026	0.8345270437144974	0.8070953436807096
19	1.4920836091041565	11.663441177428238	0.8350209928377377	0.8226164079822617
20	1.491517566499256	11.565712801114781	0.8411953568782415	0.8181818181818182
21	1.490707126530734	11.166392202452412	0.8409483823166214	0.8226164079822617
22	1.4903940117877463	11.267003217081385	0.8347740182761175	0.8004434589800443
23	1.4899863302707672	10.91545133703337	0.8453939244257841	0.844789356984479
24	1.4910431957244874	10.872898649981641	0.8404544331933811	0.8337028824833703
25	1.4907923570046058	10.779622855148917	0.8537910595208693	0.8292682926829268
26	1.4906900193956163	10.337941563974216	0.857989627068412	0.8403547671840355
27	1.4906501088823592	10.382822742612342	0.8552729068905903	0.8337028824833703
28	1.4910136913431102	10.027525676517037	0.859718448999753	0.8248337028824834
29	1.4907689889272053	9.966548529196912	0.8639170165472956	0.835920177383592
30	1.4907332235766995	9.583396055566983	0.8698444060261793	0.8203991130820399
31	1.4906610250473022	9.435707861982932	0.8619412200543344	0.8381374722838137
32	1.4908557805148037	9.277015798673855	0.8703383551494196	0.8536585365853658
33	1.4909922796137192	9.347433286389029	0.8656458384786367	0.8292682926829268
34	1.4907470839364187	9.2344240184844	0.8700913805877994	0.8248337028824834
35	1.4907251927587721	9.1534490078453	0.8723141516423808	0.8137472283813747
36	1.4905382620321739	9.035612926708431	0.8728081007656211	0.8403547671840355
37	1.4903986265784817	8.998420859885028	0.8737959990121017	0.8337028824833703
38	1.490279154899793	8.501602957567831	0.8841689306001482	0.8337028824833703
39	1.489887136220932	8.34628009232949	0.8881205235860706	0.8381374722838137
40	1.4899060144657041	8.430992147115273	0.8858977525314893	0.7982261640798226
41	1.4896838040578932	8.210481649308694	0.890343294640652	0.8248337028824834
42	1.489356090856153	8.538247309331819	0.8836749814769079	0.835920177383592
43	1.4894574988972058	8.020345028929823	0.8915781674487527	0.8292682926829268
44	1.4893776522742377	7.615273129282974	0.8938009385033342	0.835920177383592
45	1.4893555278363435	7.642162448777928	0.8945418621881946	0.8425720620842572
46	1.489312471227443	7.494026705036013	0.8947888367498148	0.8314855875831486
47	1.489273915688197	7.518414227042611	0.8952827858730551	0.8381374722838137
48	1.4891550638237778	7.272248470877099	0.896764633242776	0.835920177383592
49	1.4890300226211548	7.010759774155504	0.9056557174611015	0.8159645232815964
50	1.4888680682462805	6.935084495018787	0.9056557174611015	0.8425720620842572
51	1.4890376237722545	6.89002919760276	0.9076315139540627	0.835920177383592
52	1.488994337477774	7.269751077561867	0.8955297604346752	0.8425720620842572
53	1.48926838239034	6.728422736558389	0.908125463077303	0.811529933481153
54	1.4892127643931996	6.539672003017635	0.9105952086935045	0.8669623059866962
55	1.4893601749624525	6.3637177887864	0.9165225981723882	0.8292682926829268
56	1.489428670782792	6.582162221585672	0.9088663867621635	0.8425720620842572
57	1.48941812844112	6.380809946323004	0.9138058779945666	0.8603104212860311
58	1.4893211550631766	6.230723653721997	0.9140528525561867	0.8337028824833703
59	1.4894447167714437	6.402923843053382	0.9155346999259076	0.8248337028824834
60	1.4894115573070088	6.1824996311833536	0.9175104964188688	0.8381374722838137
61	1.4893803327314314	6.248784027700349	0.9182514201037293	0.8381374722838137
62	1.4896451367272272	6.260334615632305	0.9160286490491479	0.8558758314855875
63	1.4895844124257565	6.015497174788647	0.9204741911583106	0.8403547671840355
64	1.4895541227780855	5.838779661599107	0.9234378858977526	0.811529933481153
65	1.4896057627417825	6.075239133647107	0.9175104964188688	0.8514412416851441
66	1.4898036380312336	5.980487309102937	0.9172635218572487	0.8403547671840355
67	1.490085994496065	5.777553110610782	0.9234378858977526	0.8337028824833703
68	1.4901987158733865	5.966992681420694	0.9197332674734502	0.8403547671840355
69	1.489901420048305	5.817694939966277	0.9212151148431712	0.8403547671840355
70	1.489971526911561	5.556685766835851	0.9244257841442332	0.8314855875831486
71	1.4898610711097717	5.679404098687209	0.9239318350209929	0.8159645232815964
72	1.4898278419285604	5.560849770786255	0.9266485551988145	0.8403547671840355
73	1.4898454337506681	5.365502976057098	0.9264015806371944	0.8314855875831486
74	1.4898430474599202	5.467274888293949	0.9222030130896518	0.8381374722838137
75	1.4898760256014372	5.560161162549116	0.9234378858977526	0.811529933481153
76	1.4899248829135647	5.453476255334269	0.9264015806371944	0.8536585365853658
77	1.4899253570116484	5.827720016945065	0.9266485551988145	0.8226164079822617
78	1.4898558115657372	5.325753838997188	0.9266485551988145	0.8492239467849224
79	1.4897978186607361	5.111209439480398	0.9362805631020005	0.8381374722838137
80	1.4896032133220154	5.080425477403355	0.9298592244998765	0.8470066518847007
81	1.4895381578584996	5.024471641525509	0.9320819955544579	0.8425720620842572
82	1.4894587016967407	4.760583333143099	0.9362805631020005	0.8314855875831486
83	1.489361252103533	5.008463593683843	0.9320819955544579	0.8580931263858093
84	1.4893420724307789	4.994355121466119	0.9333168683625587	0.8381374722838137
-1	-1	-1	-1	-1
