0	0.18622422218322754	34.81170654296875	0.4175	0.37333333333333335
1	0.17233288288116455	32.88459321072227	0.4508333333333333	0.35333333333333333
2	0.1678013801574707	32.44838024440565	0.43666666666666665	0.3466666666666667
3	0.1635814905166626	31.838215853038587	0.455	0.52
4	0.1586153030395508	31.55241700222618	0.48083333333333333	0.5333333333333333
5	0.15566277503967285	30.762857813584176	0.5033333333333333	0.5
6	0.15496655872889928	30.731285421471846	0.5058333333333334	0.5266666666666666
7	0.1528981328010559	30.84686289335552	0.49	0.5133333333333333
8	0.15191851721869576	30.05800919783743	0.5108333333333334	0.58
9	0.1517462968826294	29.942075628983346	0.5158333333333334	0.5533333333333333
10	0.15065815232016824	29.953265240317897	0.5108333333333334	0.5466666666666666
11	0.14975059032440186	29.440994262695312	0.525	0.52
12	0.15010894261873686	29.72889824917442	0.5016666666666667	0.5466666666666666
13	0.14933102471487864	29.341853819395368	0.5108333333333334	0.56
14	0.14881970087687174	29.968297506633558	0.5091666666666667	0.5266666666666666
15	0.14906737208366394	29.30074069374486	0.5291666666666667	0.56
16	0.1485145512749167	29.074312009309466	0.5283333333333333	0.5466666666666666
17	0.14793974823421902	28.854408916674164	0.5291666666666667	0.56
18	0.1482712469602886	29.087288831409655	0.535	0.5266666666666666
19	0.1477865219116211	29.07219023453562	0.5316666666666666	0.56
20	0.14739793822878883	28.467555447628623	0.5416666666666666	0.5266666666666666
21	0.14772796630859375	28.30534879784835	0.535	0.5466666666666666
22	0.14732536025669263	28.33700885270771	0.5425	0.5333333333333333
23	0.14686378836631775	28.714616875899466	0.5433333333333333	0.5466666666666666
24	0.1469944477081299	28.322572306582803	0.5466666666666666	0.5533333333333333
25	0.1464605973317073	27.744240359256143	0.5641666666666667	0.5466666666666666
26	0.1463762124379476	27.38524569963154	0.5516666666666666	0.58
27	0.14630165270396642	27.05025399358649	0.5616666666666666	0.5333333333333333
28	0.145927330543255	28.575648332896986	0.545	0.5266666666666666
29	0.1458908478418986	28.541052266171103	0.5458333333333333	0.5733333333333334
-1	-1	-1	-1	-1
0	0.16946673393249512	35.52553357576069	0.3975	0.37333333333333335
1	0.15442824363708496	33.04748650601036	0.4058333333333333	0.44
2	0.15329623222351074	32.53687045448705	0.4683333333333333	0.47333333333333333
3	0.15017133951187134	31.523417623419512	0.49083333333333334	0.44666666666666666
4	0.14840478897094728	31.70505616539403	0.49166666666666664	0.46
5	0.14886323610941568	30.966593892950762	0.4891666666666667	0.48
6	0.14787091527666366	31.200355002754613	0.4875	0.46
7	0.14680007100105286	30.908874034881592	0.4866666666666667	0.5
8	0.14761445257398817	30.763156514418753	0.495	0.47333333333333333
9	0.14676346778869628	30.8186230157551	0.5083333333333333	0.46
10	0.14587662436745383	30.239968350059108	0.5125	0.47333333333333333
11	0.146367609500885	30.613539846319902	0.505	0.42
12	0.1459192129281851	30.828865252043073	0.5	0.4666666666666667
13	0.1453451258795602	30.262107849121094	0.5166666666666667	0.4666666666666667
14	0.1457311471303304	30.550690600746556	0.49416666666666664	0.47333333333333333
15	0.14525851607322693	29.965331981056615	0.5116666666666667	0.5133333333333333
16	0.14484994551714728	29.946679818002803	0.5116666666666667	0.4866666666666667
17	0.14493917094336617	29.76574511277048	0.5158333333333334	0.47333333333333333
18	0.14433253438849197	29.43372563311928	0.5191666666666667	0.5
19	0.1443876028060913	29.43559586374383	0.52	0.4866666666666667
20	0.14438424791608537	29.505296958120244	0.51	0.4866666666666667
21	0.14389965750954367	29.45739399759393	0.5216666666666666	0.5066666666666667
22	0.14396961875583814	28.74988495676141	0.5358333333333334	0.52
23	0.14396069447199503	28.255592998705414	0.545	0.48
24	0.14354148864746094	28.72348323621248	0.54	0.5133333333333333
25	0.14390216423914984	28.418856018467952	0.54	0.49333333333333335
26	0.143892800366437	27.919312075564736	0.545	0.5
27	0.1436995267868042	28.65958783501073	0.5366666666666666	0.48
28	0.1438349855357203	28.339517543190404	0.5533333333333333	0.5066666666666667
29	0.1440444866816203	27.946534834410016	0.5491666666666667	0.4866666666666667
30	0.14388362822994108	27.754826897069027	0.55	0.4666666666666667
31	0.14397580176591873	27.483980254123086	0.55	0.4866666666666667
32	0.14419244274948584	27.264482197008636	0.5658333333333333	0.5
33	0.1440928753684549	27.398036605433415	0.5525	0.48
34	0.1441099030630929	27.007076062654193	0.5591666666666667	0.4866666666666667
35	0.14428358607821995	26.64726754238731	0.5625	0.5066666666666667
36	0.1441635376698262	26.517573231144954	0.5658333333333333	0.5133333333333333
37	0.1440652106937609	26.21729022578189	0.5775	0.5266666666666666
38	0.14433655983362442	25.970208895833867	0.5783333333333334	0.49333333333333335
39	0.14425379037857056	25.859258199992933	0.5816666666666667	0.49333333333333335
40	0.14416145696872618	25.740476884339984	0.5858333333333333	0.5066666666666667
41	0.14449535665057955	25.61291699660452	0.5966666666666667	0.5066666666666667
42	0.14440062434174294	25.451208365590947	0.5983333333333334	0.5066666666666667
43	0.1443064104426991	25.37921993356002	0.5925	0.5133333333333333
44	0.14458554055955675	25.198834569830645	0.5966666666666667	0.5
45	0.144465042197186	25.04227876663208	0.5983333333333334	0.5133333333333333
46	0.14440541571759163	25.24070019471018	0.5958333333333333	0.5066666666666667
47	0.14467395842075348	25.341518477389688	0.5975	0.5
48	0.14464669324913804	24.99913639771311	0.6041666666666666	0.5
49	0.14453923225402832	24.77270419974076	0.5975	0.49333333333333335
50	0.14471733336355172	24.798010951594303	0.5983333333333334	0.5133333333333333
51	0.1446429307644184	24.857043341586465	0.6058333333333333	0.5066666666666667
52	0.1445484881131154	24.520380371495296	0.61	0.5066666666666667
53	0.14470906610842105	24.480247121108206	0.6066666666666667	0.5133333333333333
54	0.1446850299835205	24.187022660907946	0.6116666666666667	0.5
55	0.14460630076272146	24.18911263817235	0.6091666666666666	0.5066666666666667
56	0.14478735338177598	24.179797072159616	0.6075	0.5066666666666667
57	0.14483601060406914	24.02052543037816	0.6125	0.5133333333333333
-1	-1	-1	-1	-1
0	0.18108367919921875	35.91007167414615	0.39916666666666667	0.38666666666666666
1	0.1640836000442505	32.752567190872995	0.44333333333333336	0.42
2	0.155743678410848	32.481548158746016	0.45916666666666667	0.4533333333333333
3	0.1527664065361023	32.45166798641807	0.4666666666666667	0.5533333333333333
4	0.15173544883728027	31.609769369426527	0.4816666666666667	0.5133333333333333
5	0.1496138572692871	31.73967637513813	0.48	0.5666666666666667
6	0.14893906457083567	31.756801755804766	0.4633333333333333	0.44
7	0.14937898516654968	31.75956450010601	0.4791666666666667	0.56
8	0.1483227941724989	31.110734964671888	0.5108333333333334	0.5533333333333333
9	0.14755160808563234	30.43981735329879	0.5041666666666667	0.5266666666666666
10	0.1482141451402144	30.325120373776084	0.5066666666666667	0.5666666666666667
11	0.147820512453715	30.260375273855107	0.5016666666666667	0.54
12	0.1472631784585806	29.906127779107344	0.5108333333333334	0.56
13	0.14791882038116455	29.60231974250392	0.5183333333333333	0.6
14	0.14737310409545898	29.24283890975149	0.5275	0.56
15	0.14699725806713104	30.07882735603734	0.5183333333333333	0.5533333333333333
16	0.1475978178136489	30.90194084769801	0.505	0.56
17	0.1474528047773573	29.9704243509393	0.5275	0.5733333333333334
18	0.14732270491750618	29.588456103676243	0.5191666666666667	0.56
19	0.14778409004211426	29.438052654266357	0.525	0.5666666666666667
20	0.14788685526166642	28.92367350427728	0.5383333333333333	0.5733333333333334
21	0.14777172695506702	28.97974395751953	0.5333333333333333	0.5466666666666666
22	0.1481947898864746	28.727528346212285	0.5383333333333333	0.5666666666666667
23	0.14823583761850992	28.62155690946077	0.5408333333333334	0.5933333333333334
24	0.14807387351989745	28.226582426773874	0.5483333333333333	0.6066666666666667
25	0.14869324977581316	28.025107835468493	0.5508333333333333	0.5666666666666667
26	0.14886411914119013	28.118559987921465	0.545	0.5933333333333334
27	0.14844793932778494	27.819949501439144	0.565	0.5866666666666667
28	0.14845219151727085	27.736336356715153	0.5508333333333333	0.56
29	0.1480008840560913	27.77131562483938	0.5566666666666666	0.58
30	0.14787354007844003	27.26368216464394	0.5641666666666667	0.5733333333333334
31	0.14780917018651962	27.09719301524915	0.5525	0.6133333333333333
32	0.14754306908809778	26.675230126631888	0.5733333333333334	0.6066666666666667
33	0.14753582898308248	26.376018524169922	0.565	0.58
34	0.14771037782941546	26.26744624188072	0.5766666666666667	0.5933333333333334
35	0.1475104358461168	26.2802068559747	0.5658333333333333	0.6
36	0.14724167617591652	26.577091292331094	0.5716666666666667	0.5866666666666667
37	0.14729420134895727	26.343424897444876	0.5841666666666666	0.6
38	0.14711642265319824	25.521670592458623	0.5916666666666667	0.5866666666666667
39	0.1469509184360504	25.762451397745235	0.5933333333333334	0.5933333333333334
40	0.14714117747981373	25.221636019254987	0.5933333333333334	0.5866666666666667
41	0.1469648735863822	25.334973234879342	0.5883333333333334	0.58
42	0.14682855162509653	24.945890953666286	0.6016666666666667	0.5733333333333334
43	0.1469760320403359	24.865870425575658	0.5966666666666667	0.5866666666666667
44	0.1470099237230089	24.97131518313759	0.5983333333333334	0.5933333333333334
45	0.14697202910547671	24.92397215491847	0.595	0.5733333333333334
46	0.14715708570277436	25.72701476749621	0.595	0.5866666666666667
47	0.14707412819067636	24.647922791932757	0.6	0.5733333333333334
48	0.1470458410224136	24.54510114067479	0.6016666666666667	0.58
49	0.14720942974090576	24.511083703292044	0.6025	0.5733333333333334
50	0.14716286752738206	24.37515610142758	0.6016666666666667	0.58
51	0.14714322640345648	24.192446081261885	0.6041666666666666	0.5733333333333334
-1	-1	-1	-1	-1
0	0.1760396957397461	35.645804053858704	0.42	0.38
1	0.1601024866104126	32.23850659320229	0.4791666666666667	0.4866666666666667
2	0.1533346970876058	31.529368024123343	0.48583333333333334	0.47333333333333333
3	0.15311747789382935	31.32567736977025	0.51	0.5
4	0.15065255165100097	31.241069743507786	0.51	0.5
5	0.14874958992004395	31.197985724398965	0.5033333333333333	0.4866666666666667
6	0.1492753369467599	30.820342540740967	0.5025	0.47333333333333333
7	0.14863824844360352	30.86080124503688	0.5083333333333333	0.4266666666666667
8	0.1486492951711019	30.36675945081209	0.5016666666666667	0.44666666666666666
9	0.1494192123413086	29.983162628976924	0.5225	0.47333333333333333
10	0.14868549867109818	29.88163137435913	0.5058333333333334	0.44666666666666666
11	0.14818350474039713	29.865555562471087	0.5166666666666667	0.41333333333333333
12	0.1486825942993164	30.699990874842594	0.5075	0.4266666666666667
13	0.1481363262448992	29.948428530442087	0.5341666666666667	0.4666666666666667
14	0.14736444155375164	30.11644885414525	0.5216666666666666	0.4666666666666667
15	0.1475795954465866	29.434684025613887	0.5375	0.5
16	0.1470480666441076	29.466094167608965	0.5283333333333333	0.46
17	0.1469489203559028	29.063406542727822	0.54	0.49333333333333335
18	0.14721408643220601	29.103238030483848	0.5566666666666666	0.49333333333333335
19	0.14676932096481324	29.14056356329667	0.545	0.49333333333333335
20	0.14643778119768416	28.865272220812347	0.5466666666666666	0.48
21	0.14664046330885452	28.494109730971488	0.5525	0.5
22	0.14616224040155826	28.269602499510114	0.55	0.4266666666666667
23	0.1461928983529409	28.54286168750964	0.545	0.49333333333333335
24	0.14621004104614257	28.326893856650905	0.5483333333333333	0.48
25	0.14579838055830735	27.940509871432656	0.5558333333333333	0.42
26	0.1459866276493779	28.657879729019967	0.5516666666666666	0.49333333333333335
27	0.14605350153786795	27.92872223101164	0.5575	0.4866666666666667
28	0.14570305265229325	27.900941848754883	0.5616666666666666	0.47333333333333333
29	0.14596043427785238	27.44847475854974	0.5783333333333334	0.4866666666666667
-1	-1	-1	-1	-1
0	0.17579340934753418	36.026168271114955	0.39916666666666667	0.4266666666666667
1	0.16095590591430664	32.75584943670975	0.435	0.38666666666666666
2	0.1593165397644043	32.399418002680726	0.44583333333333336	0.4266666666666667
3	0.15482431650161743	32.055658164777256	0.4725	0.44
4	0.1585391044616699	31.73335868433902	0.49916666666666665	0.41333333333333333
5	0.15668980280558267	31.60686799099571	0.4866666666666667	0.44
6	0.15609049797058105	31.39246900458085	0.49166666666666664	0.48
7	0.15412235260009766	31.159144702710602	0.49083333333333334	0.4266666666666667
8	0.15193597475687662	30.920702683298213	0.49583333333333335	0.44666666666666666
9	0.151549768447876	31.142078500044974	0.49416666666666664	0.46
10	0.15013274279507724	30.080082115374115	0.5225	0.44
11	0.14959502220153809	30.120192527770996	0.5091666666666667	0.47333333333333333
12	0.14920948101924017	30.3265185858074	0.5191666666666667	0.43333333333333335
13	0.1482165711266654	30.143269062042236	0.5116666666666667	0.4266666666666667
14	0.14791722297668458	30.301224081139814	0.5116666666666667	0.43333333333333335
15	0.14790700376033783	30.02733742563348	0.515	0.41333333333333333
16	0.1474747096790987	29.75374716206601	0.5191666666666667	0.43333333333333335
17	0.14716151025560167	29.421844658098724	0.5308333333333334	0.44666666666666666
18	0.1470562784295333	29.468001641725238	0.525	0.4266666666666667
19	0.14656825065612794	29.162655679803144	0.5183333333333333	0.44666666666666666
20	0.14667169253031412	29.197762890865928	0.5483333333333333	0.42
21	0.1466743295842951	29.34619695261905	0.525	0.44
22	0.14634640320487644	28.825252056121826	0.5391666666666667	0.4266666666666667
23	0.14653258522351584	28.499289261667354	0.5533333333333333	0.42
24	0.14655788421630858	28.345823162480404	0.55	0.46
25	0.1461806297302246	28.635163031126325	0.5466666666666666	0.41333333333333333
26	0.14629800231368453	28.397294596621865	0.5533333333333333	0.4533333333333333
27	0.1463411365236555	27.919091826991032	0.5541666666666667	0.4666666666666667
28	0.14604011075250034	27.98444768002159	0.5566666666666666	0.43333333333333335
29	0.1461292346318563	27.37907788628026	0.5658333333333333	0.44
-1	-1	-1	-1	-1
0	0.17289209365844727	35.47868507786801	0.42	0.48
1	0.15579795837402344	33.11410286552027	0.4775	0.48
2	0.15320038795471191	32.08648440712377	0.4841666666666667	0.5
3	0.14926505088806152	31.84440211245888	0.4925	0.5
4	0.14717397689819336	31.551706916407536	0.4608333333333333	0.43333333333333335
5	0.14768628279368082	32.26309550435919	0.4666666666666667	0.52
6	0.14619830676487514	31.101126620644017	0.5183333333333333	0.5133333333333333
7	0.14588871598243713	30.982043216103	0.5233333333333333	0.48
8	0.1461937427520752	30.608576849887246	0.4975	0.52
9	0.14527339935302735	30.726491928100586	0.49916666666666665	0.5133333333333333
10	0.14508557319641113	30.502260383806732	0.5216666666666666	0.5266666666666666
11	0.14523222049077353	30.476941334573848	0.5091666666666667	0.5133333333333333
12	0.14459474270160383	30.714374492042943	0.5116666666666667	0.5533333333333333
13	0.14481372492653982	30.10445607335944	0.51	0.5533333333333333
14	0.14520983695983886	29.994590784374036	0.5075	0.5333333333333333
15	0.14475809037685394	29.6880689922132	0.5283333333333333	0.5466666666666666
16	0.144821798100191	29.79555300662392	0.5133333333333333	0.5133333333333333
17	0.14511790540483263	29.300376088995684	0.5275	0.5133333333333333
18	0.14475167425055252	29.223072001808568	0.525	0.5533333333333333
19	0.1448012113571167	29.491022611919202	0.535	0.5333333333333333
20	0.14492338044302805	28.73646347146285	0.535	0.5333333333333333
21	0.14461641961877997	29.20526527103625	0.5383333333333333	0.5266666666666666
22	0.14455213754073434	28.367208229868037	0.5475	0.52
23	0.14454038937886557	28.370504128305537	0.5516666666666666	0.52
24	0.14417970657348633	28.352117663935612	0.55	0.54
25	0.14433064827552208	27.926749982331927	0.5541666666666667	0.5333333333333333
26	0.14454106048301416	28.95153936586882	0.5258333333333334	0.5133333333333333
27	0.14438983372279576	27.93831639540823	0.5516666666666666	0.52
28	0.14446709895956106	27.504836283232038	0.5591666666666667	0.49333333333333335
29	0.14468463261922201	27.581016615817422	0.5575	0.5533333333333333
30	0.14454732402678458	27.129826194361637	0.575	0.54
31	0.14458654075860977	27.238076460988896	0.5558333333333333	0.52
32	0.14474574002352628	26.756614308608206	0.5791666666666667	0.5466666666666666
-1	-1	-1	-1	-1
0	0.16383624076843262	36.382306149131374	0.38333333333333336	0.41333333333333333
1	0.1517568826675415	33.77170131081029	0.44583333333333336	0.4066666666666667
2	0.15012343724568686	33.32986465253328	0.4083333333333333	0.4066666666666667
3	0.14641410112380981	32.32386579011616	0.4666666666666667	0.4266666666666667
4	0.14570169448852538	30.921887799313193	0.5241666666666667	0.4666666666666667
5	0.14546358585357666	30.59558481919138	0.5166666666666667	0.46
6	0.14454054832458496	30.446599207426374	0.5158333333333334	0.41333333333333333
7	0.1450905203819275	30.49375027104428	0.5258333333333334	0.4533333333333333
8	0.14600544505649143	30.657001495361328	0.515	0.4666666666666667
9	0.14596073627471923	29.802790917848284	0.5375	0.4866666666666667
10	0.14573842828924005	30.21257932562577	0.5208333333333334	0.48
11	0.14661886294682822	29.95008759749563	0.5233333333333333	0.5066666666666667
12	0.14689249258774978	30.298794420141924	0.5408333333333334	0.43333333333333335
13	0.1467031581061227	29.554960351241263	0.5291666666666667	0.46
14	0.1475183645884196	29.474267256887334	0.5391666666666667	0.44
15	0.1478954404592514	29.528103301399632	0.5358333333333334	0.4533333333333333
16	0.14764020022223978	29.370775072198164	0.5333333333333333	0.4666666666666667
17	0.1484936343299018	28.956264069205837	0.5425	0.44
18	0.14848424258985018	29.132319349991647	0.5408333333333334	0.46
19	0.14810717105865479	28.84028264095909	0.54	0.4866666666666667
20	0.14862120719183058	28.473654144688656	0.5541666666666667	0.4866666666666667
21	0.14872575889934192	28.221685359352513	0.5591666666666667	0.48
22	0.14839113276937735	27.988954268003766	0.5591666666666667	0.44666666666666666
23	0.14875295758247375	28.134206596173737	0.5516666666666666	0.44666666666666666
24	0.14879962921142578	28.124917193462974	0.5616666666666666	0.46
25	0.14851191410651574	27.877741964239824	0.5558333333333333	0.49333333333333335
26	0.14876432772035952	27.263735620599043	0.5725	0.5
27	0.1485769408089774	27.13309079722354	0.5758333333333333	0.47333333333333333
28	0.14845968114918676	26.919176151877956	0.5858333333333333	0.44666666666666666
29	0.14865217208862305	26.82931197317023	0.5866666666666667	0.44
30	0.14838737057101342	26.90323463239168	0.5775	0.47333333333333333
31	0.1481364741921425	26.484428932792262	0.5816666666666667	0.44666666666666666
-1	-1	-1	-1	-1
0	0.17084407806396484	35.382276685614336	0.4025	0.3466666666666667
1	0.15311908721923828	32.649065469440664	0.4216666666666667	0.44
2	0.15087000528971353	31.870164118315046	0.4658333333333333	0.4
3	0.14694470167160034	32.55456889303107	0.44583333333333336	0.4066666666666667
4	0.14707703590393068	32.90140428041157	0.47583333333333333	0.36666666666666664
5	0.14750095208485922	31.324038254587276	0.5008333333333334	0.41333333333333333
6	0.1462264060974121	31.205847037465947	0.49083333333333334	0.4066666666666667
7	0.14593055844306946	30.765903397610312	0.51	0.46
8	0.1465822590721978	30.88453147285863	0.49916666666666665	0.4066666666666667
9	0.1455322265625	31.520798181232653	0.5033333333333333	0.4266666666666667
10	0.14583574641834607	31.220372300398978	0.49083333333333334	0.44666666666666666
11	0.14601041873296103	31.31989353581479	0.49416666666666664	0.42
12	0.14569708017202523	30.732093961615313	0.5125	0.3933333333333333
13	0.1459705148424421	30.79864542107833	0.5025	0.42
14	0.14631257057189942	30.243474232523067	0.5091666666666667	0.44
15	0.1460711807012558	30.309769931592438	0.5266666666666666	0.4
16	0.14585222917444565	29.901982081563848	0.53	0.44
17	0.14630775981479222	30.075455916555303	0.5116666666666667	0.43333333333333335
18	0.1458995593221564	29.601666977531032	0.5158333333333334	0.4066666666666667
19	0.14565547704696655	29.76197644283897	0.5266666666666666	0.46
20	0.14588591030665807	29.494305962010433	0.5316666666666666	0.4266666666666667
21	0.14544472911141135	29.08334862558465	0.5475	0.44
22	0.14553743859995966	29.25381434591193	0.5283333333333333	0.43333333333333335
23	0.14561141530672708	29.103823711997585	0.53	0.42
24	0.14524965286254882	28.726326315026533	0.5533333333333333	0.43333333333333335
25	0.14551050846393293	28.971705461803236	0.5358333333333334	0.4533333333333333
26	0.14577301343282065	28.660116471742327	0.5416666666666666	0.4266666666666667
27	0.14555293321609497	28.097102315802324	0.5525	0.43333333333333335
28	0.14551789185096478	28.109794390828984	0.5583333333333333	0.4266666666666667
29	0.1460645039876302	28.8507349114669	0.545	0.43333333333333335
-1	-1	-1	-1	-1
0	0.16817164421081543	36.749475930866446	0.37916666666666665	0.37333333333333335
1	0.15732741355895996	33.372551114935625	0.42583333333333334	0.5266666666666666
2	0.15531547864278158	33.07393445466694	0.44416666666666665	0.4066666666666667
3	0.15414506196975708	32.29345512390137	0.44333333333333336	0.54
4	0.15245752334594725	31.836920537446673	0.475	0.5266666666666666
5	0.15101774533589682	32.907970930400644	0.435	0.5533333333333333
6	0.1515134402683803	31.895656334726436	0.44666666666666666	0.5333333333333333
7	0.1500227153301239	31.868056573365863	0.45666666666666667	0.5533333333333333
8	0.14889560805426705	31.547350356453343	0.47	0.54
9	0.14931418895721435	31.56051048479582	0.48583333333333334	0.56
10	0.14866594834761185	32.762984677364955	0.46	0.4866666666666667
11	0.14837008714675903	31.633314207980508	0.47833333333333333	0.5533333333333333
12	0.1491827781383808	31.153355096515856	0.4708333333333333	0.5533333333333333
13	0.1491025686264038	30.93538572913722	0.4925	0.58
14	0.14842993418375652	30.65536772577386	0.48833333333333334	0.5466666666666666
15	0.14870668947696686	30.533318519592285	0.4975	0.56
16	0.15123410785899444	30.726873046473454	0.49	0.5666666666666667
17	0.1505579153696696	30.487866652639287	0.49333333333333335	0.5666666666666667
18	0.15066239708348325	30.2827780623185	0.49333333333333335	0.5866666666666667
19	0.15024529695510863	29.7640111822831	0.5058333333333334	0.5333333333333333
20	0.14978157906305223	29.891730609693024	0.5158333333333334	0.5666666666666667
21	0.15013456344604492	29.998183250427246	0.5041666666666667	0.58
22	0.14983366883319357	29.861076882011012	0.5	0.54
23	0.1494003633658091	29.78683120325992	0.5058333333333334	0.58
24	0.14945819854736328	29.52282371019062	0.5266666666666666	0.58
25	0.1489258912893442	29.91908261650487	0.5125	0.5733333333333334
26	0.14871837474681712	29.55016101034064	0.5066666666666667	0.5466666666666666
27	0.14857908657618932	29.374814184088457	0.515	0.6066666666666667
28	0.14811514985972438	28.91768799330059	0.5308333333333334	0.5933333333333334
29	0.14814337889353435	29.05829263988294	0.5366666666666666	0.5933333333333334
30	0.14806238297493227	28.36814586739791	0.5491666666666667	0.5866666666666667
31	0.1475849151611328	28.36633210433157	0.5475	0.5466666666666666
32	0.14750537005337802	28.951218027817575	0.5308333333333334	0.62
33	0.14744966871598186	28.400011614749307	0.5425	0.6
34	0.1470273154122489	28.09165028521889	0.5391666666666667	0.5933333333333334
35	0.14697527885437012	27.94651796943263	0.5441666666666667	0.5533333333333333
36	0.14698424210419525	27.60755779868678	0.56	0.6066666666666667
37	0.14669892035032572	27.63883284518593	0.5516666666666666	0.6
38	0.14668962283012194	27.510212521804007	0.5433333333333333	0.62
39	0.14687393307685853	27.123601662485225	0.5566666666666666	0.5666666666666667
40	0.1467103551073772	27.086136315998278	0.5591666666666667	0.5933333333333334
41	0.14658820629119873	26.870958679600765	0.5616666666666666	0.5866666666666667
42	0.14678534796071607	26.86394769267032	0.5525	0.58
43	0.1465245485305786	26.69363900234825	0.5575	0.54
44	0.14626519944932725	26.50374580684461	0.5683333333333334	0.5533333333333333
45	0.1464415684990261	26.81923158545243	0.5666666666666667	0.5533333333333333
46	0.14639977698630474	26.441330181924922	0.575	0.5666666666666667
47	0.14631166060765585	26.2814527812757	0.575	0.58
48	0.14648992674691336	26.135470289933053	0.5808333333333333	0.5933333333333334
49	0.1464977502822876	26.045024470279092	0.585	0.5533333333333333
50	0.14632263838076123	25.96777787961458	0.5825	0.5533333333333333
51	0.14643717270631057	26.009923257325823	0.5825	0.6
52	0.1463094972214609	25.832295242108795	0.5841666666666666	0.5866666666666667
-1	-1	-1	-1	-1
0	0.18227314949035645	36.325750852885996	0.3975	0.38666666666666666
1	0.16354548931121826	32.897886778178965	0.44	0.48
2	0.15588068962097168	31.923516398982	0.44666666666666666	0.52
3	0.1523805856704712	31.593699204294307	0.4683333333333333	0.5266666666666666
4	0.1519716739654541	31.02383623625103	0.4766666666666667	0.5
5	0.14963062604268393	30.565908432006836	0.505	0.5066666666666667
6	0.14873429707118443	31.131705886439274	0.49083333333333334	0.5066666666666667
7	0.1491745412349701	30.557590359135677	0.49833333333333335	0.4666666666666667
8	0.14838552474975586	30.541170120239258	0.49333333333333335	0.5666666666666667
9	0.1477205753326416	29.856607487327175	0.49833333333333335	0.54
10	0.1485327807339755	30.18852218828703	0.5075	0.52
11	0.14820696910222372	30.078164452000667	0.49	0.4533333333333333
12	0.1476465922135573	30.68000552528783	0.4891666666666667	0.49333333333333335
13	0.1482053484235491	29.85020210868434	0.5058333333333334	0.5133333333333333
14	0.1476256529490153	29.33368612590589	0.525	0.5266666666666666
15	0.14704440534114838	29.841672069148014	0.5133333333333333	0.5133333333333333
16	0.14730454893673167	29.376736440156634	0.5266666666666666	0.5333333333333333
17	0.14654416508144802	28.694823741912842	0.5316666666666666	0.5533333333333333
18	0.14644169807434082	28.791316383763363	0.5166666666666667	0.5066666666666667
19	0.14648960828781127	29.079638581526908	0.525	0.5
20	0.14605419976370676	29.238337115237588	0.5266666666666666	0.5266666666666666
21	0.1461592804301869	28.363024460641963	0.5375	0.5333333333333333
22	0.14631429962489917	27.989248426336992	0.5475	0.5066666666666667
23	0.14600674311319986	27.973676254874782	0.5516666666666666	0.52
24	0.14599477767944335	27.75695258692691	0.5575	0.5466666666666666
25	0.14604413509368896	27.74571549265008	0.565	0.5
26	0.14577307524504485	27.57790926883095	0.5591666666666667	0.5333333333333333
27	0.14572046484266007	27.20756355084871	0.565	0.5333333333333333
28	0.14570061091719003	27.05342270198621	0.5575	0.56
29	0.14532935619354248	26.461448769820365	0.5775	0.52
-1	-1	-1	-1	-1
0	0.17394614219665527	36.36253954234876	0.39916666666666667	0.42
1	0.1577150821685791	33.4218813745599	0.42583333333333334	0.38666666666666666
2	0.15017080307006836	32.68983544801411	0.4141666666666667	0.5266666666666666
3	0.14982950687408447	32.155254113046745	0.44083333333333335	0.4
4	0.14805569648742675	32.49729176571495	0.4675	0.5466666666666666
5	0.14756854375203451	31.91025904605263	0.4841666666666667	0.5466666666666666
6	0.14806767872401647	31.535142246045563	0.48333333333333334	0.5133333333333333
7	0.14718255400657654	31.457159494098864	0.4658333333333333	0.5466666666666666
8	0.14699270990159777	30.765936399761	0.495	0.48
9	0.14769198894500732	30.80991694801732	0.5008333333333334	0.5333333333333333
10	0.14720903743397107	31.44078947368421	0.4875	0.52
11	0.14703927437464395	30.9628879396539	0.4891666666666667	0.56
12	0.1474920969742995	31.551645856154593	0.48583333333333334	0.5133333333333333
13	0.1467245306287493	30.63049150768079	0.49666666666666665	0.44666666666666666
14	0.1470022996266683	30.690466027510794	0.49166666666666664	0.5133333333333333
15	0.14720694720745087	30.354533747622842	0.5091666666666667	0.5
16	0.14678204760831945	30.171729464279977	0.5108333333333334	0.5066666666666667
17	0.1466880506939358	30.174639952810185	0.515	0.5333333333333333
18	0.14705853713186165	29.76323958447105	0.5191666666666667	0.58
19	0.14672565460205078	29.665736098038522	0.5175	0.5466666666666666
20	0.14656045323326475	29.255647056981136	0.5258333333333334	0.5533333333333333
21	0.14693318713795056	29.277192868684466	0.5308333333333334	0.5533333333333333
22	0.14660514955935272	29.616759325328626	0.5091666666666667	0.54
23	0.1463784178098043	29.377459751932246	0.5258333333333334	0.56
24	0.14649754524230957	28.76870888157895	0.5466666666666666	0.54
25	0.1461349634023813	29.10870371366802	0.5233333333333333	0.52
26	0.14618097411261666	28.83853164472078	0.5433333333333333	0.5466666666666666
27	0.1463054588862828	28.474328994750977	0.5475	0.56
28	0.14606712604391164	28.61391820405659	0.5491666666666667	0.5866666666666667
29	0.14579657713572183	28.330267178384883	0.5433333333333333	0.54
30	0.14599986230173417	28.204314081292402	0.535	0.5533333333333333
31	0.14578057080507278	27.820610096580104	0.55	0.5466666666666666
32	0.14578216726129706	28.797291504709346	0.5483333333333333	0.56
33	0.14592327791101792	27.733153242813913	0.5441666666666667	0.5466666666666666
34	0.1456348351069859	27.573080263639753	0.55	0.5133333333333333
35	0.1455009248521593	27.454801107707777	0.5575	0.5333333333333333
36	0.14550626600110853	27.38551960493389	0.56	0.5466666666666666
37	0.14515484006781326	26.964909101787367	0.5633333333333334	0.5333333333333333
38	0.14514557520548502	26.930834167882015	0.56	0.5466666666666666
39	0.1451166570186615	26.913551129792864	0.5666666666666667	0.5266666666666666
40	0.14479068430458628	26.495889814276445	0.5791666666666667	0.5533333333333333
41	0.14467541376749674	26.362572820563067	0.5808333333333333	0.54
42	0.14468203588973644	26.173486784884805	0.5766666666666667	0.5533333333333333
43	0.1444420489397916	26.123585600602	0.5766666666666667	0.5266666666666666
44	0.14447482426961264	26.06885041688618	0.575	0.5466666666666666
45	0.14437782246133554	25.753399221520674	0.5841666666666666	0.54
46	0.14425057045956877	25.574909611752158	0.5883333333333334	0.5466666666666666
47	0.14433236916859946	25.486968793367083	0.5908333333333333	0.56
48	0.1443300587790353	25.673968089254277	0.5866666666666667	0.5466666666666666
-1	-1	-1	-1	-1
0	0.16252422332763672	36.532371746866325	0.4116666666666667	0.38666666666666666
1	0.15067541599273682	32.804408173812064	0.43583333333333335	0.5466666666666666
2	0.14868728319803873	31.831187850550602	0.4741666666666667	0.5266666666666666
3	0.14472711086273193	31.510845284712943	0.495	0.4666666666666667
4	0.14377837181091307	31.352614553351152	0.4866666666666667	0.48
5	0.14437584082285562	31.202461744609632	0.5008333333333334	0.46
6	0.14367318153381348	31.87292360004626	0.49833333333333335	0.5133333333333333
7	0.14386454224586487	31.061545070848968	0.5008333333333334	0.4866666666666667
8	0.14427108234829372	31.231458036523115	0.4725	0.5466666666666666
9	0.1437825918197632	30.554139338041608	0.5091666666666667	0.49333333333333335
10	0.14337669719349255	30.0960827877647	0.5208333333333334	0.5133333333333333
11	0.14397044976552328	30.113432834022923	0.5275	0.5666666666666667
12	0.1434149558727558	30.002668732091	0.5141666666666667	0.5266666666666666
13	0.14295990126473562	30.910440796299984	0.5033333333333333	0.5266666666666666
14	0.14322009086608886	30.718900504865143	0.5216666666666666	0.5533333333333333
15	0.1427937000989914	29.97870216871563	0.5216666666666666	0.49333333333333335
16	0.14273846850675695	30.154385441227962	0.5166666666666667	0.5066666666666667
17	0.1428887579176161	30.342639772515547	0.5075	0.5266666666666666
18	0.14243925245184647	29.2183837890625	0.535	0.54
19	0.14267895221710206	30.297753183465254	0.5075	0.56
20	0.14287491071791875	29.26574094671952	0.535	0.52
21	0.14244038408452814	29.072763367703086	0.5333333333333333	0.5333333333333333
22	0.14275439925815747	29.38271547618665	0.5341666666666667	0.52
23	0.14306220412254333	29.76348334864566	0.5183333333333333	0.5333333333333333
24	0.14272963523864746	29.072288513183594	0.545	0.5533333333333333
25	0.14287461684300348	28.743827066923444	0.5391666666666667	0.54
26	0.14301730085302283	28.608331128170615	0.5425	0.58
27	0.14284448964255198	28.479961495650443	0.5416666666666666	0.5133333333333333
28	0.14287969983857254	28.473485494914808	0.5433333333333333	0.5333333333333333
29	0.1430156389872233	28.21167772694638	0.5533333333333333	0.5666666666666667
30	0.1427689290815784	28.078791116413317	0.5458333333333333	0.5733333333333334
31	0.14292199909687042	27.53246081502814	0.5533333333333333	0.5733333333333334
32	0.1430586323593602	27.753460833900853	0.5566666666666666	0.5933333333333334
33	0.1429300167981316	27.335523856313603	0.5708333333333333	0.5266666666666666
34	0.1429107666015625	27.352490349819785	0.56	0.5933333333333334
35	0.14331254031923082	26.895918268906442	0.565	0.5466666666666666
36	0.1430607035353377	26.977900906612998	0.5608333333333333	0.56
37	0.14291000366210938	26.511643485019082	0.5783333333333334	0.5666666666666667
38	0.1430965203505296	26.729618474056846	0.5675	0.56
39	0.14295853972434996	26.465981910103245	0.5666666666666667	0.5533333333333333
40	0.14299948622540729	26.190685071443255	0.585	0.5466666666666666
41	0.14317070302509127	26.075204748856393	0.5791666666666667	0.5666666666666667
42	0.14303263398103935	25.836515050185355	0.59	0.56
43	0.14304034276442093	26.13963488528603	0.5875	0.5733333333333334
44	0.14324674606323243	25.97035618832237	0.5883333333333334	0.5666666666666667
45	0.14310039644655975	25.626691115529912	0.5866666666666667	0.5733333333333334
46	0.14316455354081822	25.649338847712468	0.5875	0.5666666666666667
47	0.14333531260490417	25.41115073153847	0.5875	0.54
48	0.14322298400256098	25.418976909235905	0.5908333333333333	0.5466666666666666
49	0.1432827568054199	25.224725196236058	0.5966666666666667	0.5333333333333333
50	0.14339788754781088	25.137054443359375	0.5958333333333333	0.5466666666666666
51	0.14331151430423444	25.10992303647493	0.5983333333333334	0.52
52	0.143360380856496	25.06626420272024	0.5908333333333333	0.54
-1	-1	-1	-1	-1
0	0.1721348762512207	35.9397093622308	0.395	0.36
1	0.15603482723236084	33.135153218319545	0.43416666666666665	0.49333333333333335
2	0.1536863644917806	32.78672785508005	0.4475	0.44
3	0.1499159336090088	32.73110766159861	0.4525	0.42
4	0.14857664108276367	31.473592206051475	0.4891666666666667	0.47333333333333333
5	0.1479522387186686	31.2381659056011	0.4975	0.41333333333333333
6	0.14788402829851424	30.777016363645856	0.5041666666666667	0.48
7	0.14659956097602844	30.644565833242314	0.49916666666666665	0.48
8	0.146948152118259	30.865800430900173	0.5008333333333334	0.44
9	0.146193790435791	30.517926165932103	0.5225	0.44666666666666666
10	0.1463559107346968	30.440561595715973	0.5108333333333334	0.46
11	0.14645071824391684	30.21571902224892	0.5075	0.4
12	0.14555870569669282	30.32235702715422	0.5091666666666667	0.46
13	0.14538005420139857	29.942338642321136	0.5316666666666666	0.44
14	0.14549323717753093	29.71477588854338	0.5183333333333333	0.47333333333333333
15	0.14510256052017212	29.365518921299984	0.5266666666666666	0.4866666666666667
16	0.14494835629182704	29.254370940359014	0.535	0.4666666666666667
17	0.1450752549701267	29.048501441353245	0.5408333333333334	0.48
18	0.14454374815288343	29.52339922754388	0.515	0.4066666666666667
19	0.14475641250610352	29.322420571979723	0.5341666666666667	0.4866666666666667
20	0.1448359035310291	28.713914118315046	0.54	0.48
21	0.14439949122342197	28.725769695482757	0.5416666666666666	0.47333333333333333
22	0.14503262353980023	28.90082191166125	0.54	0.48
23	0.14529953400293985	28.97313396554244	0.5433333333333333	0.44
24	0.14510159492492675	28.594820198259857	0.5358333333333334	0.5066666666666667
25	0.14507125891171968	29.664579592253034	0.5191666666666667	0.46
26	0.14535616945337365	29.106823770623457	0.5358333333333334	0.4666666666666667
27	0.14516865355627878	28.367655904669512	0.5475	0.5066666666666667
28	0.145120226103684	27.97420597076416	0.5516666666666666	0.4866666666666667
29	0.14535489877065022	27.912043722052324	0.5533333333333333	0.5
30	0.1451645358916252	27.494126520658796	0.5591666666666667	0.49333333333333335
31	0.1450328752398491	27.23475220328883	0.5675	0.47333333333333333
32	0.14505809726137103	27.28797214909604	0.56	0.4866666666666667
33	0.14478330051197724	27.29793398003829	0.5666666666666667	0.4866666666666667
34	0.14473278863089425	26.962779597232217	0.5691666666666667	0.48
35	0.14476501279407078	27.0584370462518	0.575	0.48
36	0.14446643236521128	27.18237610867149	0.5691666666666667	0.48
37	0.14448308317284836	26.420885537800036	0.5766666666666667	0.47333333333333333
38	0.14450309826777533	26.551657450826543	0.5875	0.4666666666666667
39	0.14422209262847902	26.07321716609754	0.5833333333333334	0.49333333333333335
40	0.1442391930556879	25.987839498017962	0.59	0.47333333333333333
41	0.14422277609507242	25.759958392695378	0.5966666666666667	0.4666666666666667
42	0.14390940444414005	25.51816087020071	0.5916666666666667	0.4666666666666667
43	0.14393056522716174	25.5463574560065	0.5891666666666666	0.49333333333333335
44	0.1440012402004666	25.590599938442832	0.595	0.4666666666666667
-1	-1	-1	-1	-1
0	0.1568586826324463	35.027111655787415	0.4033333333333333	0.37333333333333335
1	0.15286409854888916	32.95377159118652	0.4775	0.44666666666666666
2	0.14894207318623862	32.24808369184795	0.4533333333333333	0.5133333333333333
3	0.14488250017166138	31.445651757089717	0.49083333333333334	0.48
4	0.14493904113769532	31.644953025014775	0.4825	0.44666666666666666
5	0.14450260003407797	31.21700610612568	0.495	0.5
6	0.1426574502672468	30.668823693927965	0.51	0.4533333333333333
7	0.14501255750656128	30.40696907043457	0.5133333333333333	0.44666666666666666
8	0.14544185002644858	30.799540720487897	0.5016666666666667	0.4866666666666667
9	0.14457838535308837	30.220576938829925	0.515	0.44666666666666666
10	0.14491040056402033	30.718088250411185	0.5241666666666667	0.5133333333333333
11	0.14527491728464761	30.54857715807463	0.5116666666666667	0.46
12	0.1446411242851844	29.798413703316136	0.5216666666666666	0.5133333333333333
13	0.14480248519352504	30.24911594390869	0.5083333333333333	0.48
14	0.145122496287028	29.429210060521175	0.5325	0.52
15	0.14437530934810638	29.445297542371247	0.5341666666666667	0.49333333333333335
16	0.1444086748010972	29.023310209575452	0.535	0.5066666666666667
17	0.14455012480417886	29.636398867556924	0.5258333333333334	0.4533333333333333
18	0.14390518790797183	29.114230080654746	0.5341666666666667	0.49333333333333335
19	0.1438130497932434	28.68168790716874	0.5475	0.4533333333333333
20	0.14379725002107166	28.69527124103747	0.5425	0.44666666666666666
21	0.14325923269445245	28.392327283558092	0.5541666666666667	0.48
22	0.14325336788011633	28.18368206526104	0.5591666666666667	0.42
23	0.14323038856188455	28.483904587595088	0.5558333333333333	0.5
24	0.14288125038146973	28.059810939588044	0.5533333333333333	0.48
25	0.14299173538501447	27.437551899960166	0.5741666666666667	0.47333333333333333
26	0.14286527810273347	27.610677342665824	0.5608333333333333	0.46
27	0.142579870564597	27.291830213446367	0.5716666666666667	0.49333333333333335
28	0.14253636886333598	27.34517734929135	0.5641666666666667	0.4866666666666667
29	0.14256593386332195	27.235033185858477	0.5733333333333334	0.4666666666666667
30	0.14224117802035424	26.819968173378392	0.5808333333333333	0.44666666666666666
31	0.14226582646369934	26.62790494216116	0.575	0.48
32	0.1424232107220274	26.577583664341976	0.5875	0.4666666666666667
33	0.14221004878773408	26.252358536971244	0.5766666666666667	0.44
34	0.1423123632158552	26.072181776950234	0.585	0.48
-1	-1	-1	-1	-1
0	0.16983675956726074	36.09882495277807	0.41333333333333333	0.37333333333333335
1	0.152360200881958	32.61102997629266	0.44333333333333336	0.36
2	0.149460236231486	32.06894061439916	0.4708333333333333	0.46
3	0.14524567127227783	32.65388197647898	0.4633333333333333	0.4266666666666667
4	0.14508190155029296	32.04815053939819	0.4633333333333333	0.48
5	0.14441160360972086	31.104392704210785	0.5016666666666667	0.41333333333333333
6	0.14325645991734096	30.931621551513672	0.5025	0.48
7	0.14396998286247253	30.958067341854697	0.4891666666666667	0.52
8	0.14416628413730198	30.871428740651982	0.49583333333333335	0.4866666666666667
9	0.14353933334350585	30.485526687220524	0.5	0.5133333333333333
10	0.14417552947998047	30.384100010520534	0.515	0.4533333333333333
11	0.14427373806635538	30.03384831077174	0.4975	0.47333333333333333
12	0.14339098563561073	29.901290943748073	0.52	0.49333333333333335
13	0.14360920020512172	30.29886215611508	0.5016666666666667	0.47333333333333333
14	0.14337013562520345	30.117947176883096	0.505	0.48
15	0.14269253611564636	30.23642931486431	0.5091666666666667	0.5066666666666667
16	0.14334991398979635	29.74492795843827	0.5075	0.5133333333333333
17	0.14366070429484049	29.623334784256784	0.52	0.47333333333333333
18	0.1434044085050884	29.394025802612305	0.5283333333333333	0.46
19	0.14323861598968507	29.63897338666414	0.5208333333333334	0.52
20	0.1434339682261149	30.15357158058568	0.5116666666666667	0.4866666666666667
21	0.14322123744271018	29.46162590227629	0.5166666666666667	0.5333333333333333
22	0.14338814693948496	29.062485795272025	0.5216666666666666	0.5466666666666666
23	0.1435279349486033	28.805648979387787	0.5341666666666667	0.46
24	0.1433432197570801	28.935824569902923	0.5383333333333333	0.5
25	0.14342735363886908	28.525139080850703	0.5441666666666667	0.52
26	0.14361444226017706	28.439082948785078	0.5516666666666666	0.49333333333333335
27	0.1435004472732544	28.624720523231908	0.5408333333333334	0.52
28	0.14321888726333093	27.9327298465528	0.555	0.5
29	0.14333349068959553	27.947869225552207	0.5591666666666667	0.52
30	0.1432260851706228	27.66309660359433	0.555	0.52
31	0.14336875826120377	27.40611309754221	0.5633333333333334	0.5066666666666667
32	0.14359051531011408	27.122070061533076	0.5716666666666667	0.5066666666666667
33	0.14349483742433436	27.726205223485042	0.55	0.49333333333333335
34	0.14367565427507673	27.156781171497546	0.5658333333333333	0.5133333333333333
35	0.14398939079708523	29.42994664844714	0.5591666666666667	0.5066666666666667
36	0.14408181809090279	26.69220000819156	0.5758333333333333	0.49333333333333335
37	0.14403951795477615	26.50026798248291	0.5758333333333333	0.5133333333333333
38	0.14437246933961526	26.69943706612838	0.5791666666666667	0.5
39	0.14454394578933716	26.712939011423213	0.5816666666666667	0.5
40	0.1445367975932796	26.251468959607575	0.5675	0.5066666666666667
41	0.144850872811817	26.118405668359053	0.5825	0.5066666666666667
42	0.14482367315957712	25.596632932361803	0.5891666666666666	0.49333333333333335
-1	-1	-1	-1	-1
0	0.183882474899292	36.18262142884104	0.4041666666666667	0.47333333333333333
1	0.15978169441223145	32.86499334636488	0.48083333333333333	0.48
2	0.15389188130696616	31.80543297215512	0.47333333333333333	0.48
3	0.14831799268722534	31.242341141951712	0.49416666666666664	0.48
4	0.1493232250213623	30.803886539057682	0.495	0.48
5	0.14811297257741293	30.282723978946084	0.51	0.54
6	0.14594592366899764	30.720063410307233	0.5008333333333334	0.5266666666666666
7	0.14630979299545288	30.50043693341707	0.5116666666666667	0.49333333333333335
8	0.1466947396596273	29.973247051239014	0.52	0.5
9	0.14583959579467773	30.173354148864746	0.5125	0.49333333333333335
10	0.14580960707231003	30.006785995081852	0.5216666666666666	0.46
11	0.1459766427675883	29.884621544888144	0.5108333333333334	0.5266666666666666
12	0.1452509990105262	29.86072409780402	0.5158333333333334	0.49333333333333335
13	0.14540146078382218	30.34627292030736	0.5141666666666667	0.52
14	0.14578398068745932	30.0935001373291	0.5275	0.54
15	0.1451352834701538	30.32037837881791	0.5033333333333333	0.4666666666666667
16	0.1451102284824147	29.44601804331729	0.5091666666666667	0.54
17	0.14522004127502441	29.49309670297723	0.5283333333333333	0.49333333333333335
18	0.1445992996818141	29.27223925841482	0.5175	0.5133333333333333
19	0.14462217092514038	29.257899535329717	0.5316666666666666	0.5
20	0.14481231144496373	28.732567511106794	0.545	0.54
21	0.1443758552724665	28.74111617238898	0.5366666666666666	0.5266666666666666
22	0.14427872326063074	28.419264191075374	0.5566666666666666	0.52
23	0.14430002371470133	28.13341118160047	0.5525	0.5333333333333333
24	0.14406467437744142	27.99619049774973	0.5566666666666666	0.5466666666666666
25	0.14411429258493277	27.78416405226055	0.5716666666666667	0.5266666666666666
26	0.14422456423441568	27.565397664120322	0.56	0.56
27	0.14402847630637033	28.008023362410697	0.5641666666666667	0.54
28	0.14397566894005084	27.49167675721018	0.57	0.5666666666666667
29	0.14398857752482097	27.119816227963096	0.5716666666666667	0.5533333333333333
30	0.1438003816912251	26.741581063521537	0.5708333333333333	0.56
31	0.14388786256313324	26.581606714349043	0.5816666666666667	0.52
32	0.14402459606979834	26.534860234511527	0.5766666666666667	0.5533333333333333
33	0.14402123058543487	26.452303911510267	0.5775	0.5533333333333333
34	0.1440244061606271	26.40769356175473	0.5858333333333333	0.5666666666666667
35	0.1443891790178087	26.072850704193115	0.5816666666666667	0.5533333333333333
36	0.14449481706361514	25.725205848091527	0.5966666666666667	0.54
37	0.14420627920251144	25.762954360560368	0.595	0.52
38	0.14434494727697128	25.580041082281817	0.595	0.5133333333333333
39	0.14415491819381715	25.73905937295211	0.6008333333333333	0.5533333333333333
40	0.14424043748436904	25.271153751172516	0.6	0.5266666666666666
41	0.1441859971909296	25.341225975438167	0.6025	0.56
42	0.14388959352360214	25.266283662695635	0.5958333333333333	0.52
43	0.14400044896385886	25.07090829548083	0.6091666666666666	0.5533333333333333
44	0.14404821395874023	24.860446402901097	0.6075	0.54
45	0.14389814501223358	24.822912743217067	0.6033333333333334	0.5533333333333333
46	0.14402018202112077	24.85973498695775	0.6025	0.54
47	0.14409489432970682	24.785343672099867	0.6025	0.5533333333333333
48	0.143861892272015	24.529690315848903	0.6091666666666666	0.5533333333333333
-1	-1	-1	-1	-1
0	0.1774125099182129	36.538660526275635	0.3825	0.3933333333333333
1	0.15954911708831787	33.75905599092182	0.43916666666666665	0.3933333333333333
2	0.15092968940734863	32.6893694024337	0.4741666666666667	0.4266666666666667
3	0.15077096223831177	32.20181018427799	0.49916666666666665	0.43333333333333335
4	0.15027332305908203	31.208676589162724	0.49833333333333335	0.4666666666666667
5	0.14860892295837402	30.77017237010755	0.51	0.44666666666666666
6	0.14717330251421248	30.541137645119115	0.5225	0.43333333333333335
7	0.14796707034111023	30.63959191974841	0.5325	0.4533333333333333
8	0.14735322528415257	30.482471315484297	0.5233333333333333	0.46
9	0.14717772006988525	30.223180268940173	0.5258333333333334	0.44
10	0.1479156884280118	29.7583243219476	0.5175	0.47333333333333333
11	0.1480452617009481	29.594304486324912	0.5408333333333334	0.46
12	0.14786601066589355	29.46198982941477	0.53	0.48
13	0.14816371032169887	29.491360739657754	0.53	0.4533333333333333
14	0.1477797031402588	29.093403264095908	0.5391666666666667	0.4533333333333333
15	0.1476045399904251	28.895334745708265	0.5383333333333333	0.4666666666666667
16	0.14801836013793945	29.643962709527266	0.5291666666666667	0.46
17	0.1479263570573595	28.781020440553363	0.5466666666666666	0.48
18	0.14767004314221835	28.79984878238879	0.5475	0.4533333333333333
19	0.14791421890258788	28.595688343048096	0.5433333333333333	0.46
20	0.1476225739433652	28.19526662324604	0.5583333333333333	0.4666666666666667
21	0.14749593084508722	27.712164301621286	0.57	0.49333333333333335
22	0.14778786120207413	27.879683645148027	0.5541666666666667	0.48
23	0.1474605401357015	27.523630317888763	0.5608333333333333	0.49333333333333335
24	0.14721385955810548	27.075776702479313	0.5816666666666667	0.46
25	0.1473253323481633	27.266412082471344	0.5766666666666667	0.44
26	0.14699653342918115	27.051255928842647	0.5675	0.4666666666666667
27	0.14680577175957815	26.501798178020277	0.5783333333333334	0.4666666666666667
28	0.14759373664855957	26.29618740081787	0.5875	0.46
29	0.14742600123087565	27.118031978607178	0.5791666666666667	0.47333333333333333
30	0.14698123931884766	26.185221245414333	0.595	0.4666666666666667
31	0.14700225740671158	25.78388023376465	0.5941666666666666	0.4533333333333333
32	0.1466167623346502	25.62557722392835	0.595	0.4533333333333333
33	0.14656583701863007	25.480153962185508	0.605	0.44
34	0.14676025254385813	25.303842368878815	0.6025	0.48
35	0.1465019252565172	25.177855855540226	0.6025	0.48
36	0.1462064755929483	24.80749127739354	0.6091666666666666	0.4533333333333333
37	0.1462717369983071	25.057304156453984	0.61	0.49333333333333335
38	0.14593187356606507	24.910373637550755	0.6116666666666667	0.4666666666666667
39	0.14585304260253906	24.556573616830928	0.6091666666666666	0.4666666666666667
40	0.1458488964452976	24.289456668652985	0.6166666666666667	0.48
41	0.14552912825629824	24.297606167040374	0.6191666666666666	0.48
-1	-1	-1	-1	-1
0	0.17632555961608887	36.19790313118383	0.4091666666666667	0.37333333333333335
1	0.15921854972839355	32.96636109603079	0.4425	0.44666666666666666
2	0.15181048711140951	32.513529551656625	0.4608333333333333	0.41333333333333333
3	0.15063881874084473	31.74653377031025	0.49166666666666664	0.4866666666666667
4	0.14825263023376464	31.35991530669363	0.49166666666666664	0.4666666666666667
5	0.14742672443389893	30.622585070760625	0.525	0.44
6	0.1473384244101388	31.144695382369193	0.49583333333333335	0.37333333333333335
7	0.14617803692817688	30.952599274484736	0.5041666666666667	0.46
8	0.1461088392469618	31.068202119124564	0.51	0.44666666666666666
9	0.14634623527526855	30.681245000738848	0.515	0.4266666666666667
10	0.1456573876467618	30.314632716931794	0.5166666666666667	0.4666666666666667
11	0.1456403930981954	30.41919627942537	0.515	0.44666666666666666
12	0.14582555110637957	29.913261664541142	0.5275	0.44666666666666666
13	0.14590133939470565	30.087976957622327	0.5091666666666667	0.4266666666666667
14	0.1455173174540202	30.053100234583805	0.5091666666666667	0.44666666666666666
15	0.14590997993946075	30.10269448631688	0.5066666666666667	0.44666666666666666
16	0.14564114458420696	29.458626345584268	0.5391666666666667	0.4533333333333333
17	0.14524275726742214	29.319893510718096	0.5358333333333334	0.43333333333333335
18	0.1457255388561048	29.257043010310124	0.53	0.42
19	0.14540315866470338	29.12663379468416	0.5425	0.4533333333333333
20	0.14537712505885533	28.988909470407588	0.5391666666666667	0.4533333333333333
21	0.14563475955616345	28.896249946795013	0.5475	0.4266666666666667
22	0.14520142389380414	28.17544124000951	0.5541666666666667	0.42
23	0.14517478148142496	28.284340456912393	0.5616666666666666	0.41333333333333333
24	0.1451362133026123	28.25002007735403	0.5583333333333333	0.4266666666666667
25	0.1446409408862774	27.83034274452611	0.5716666666666667	0.4266666666666667
26	0.1447605733518247	27.439331657008122	0.5733333333333334	0.4266666666666667
27	0.14452403783798218	27.459506837945234	0.5725	0.4266666666666667
28	0.14409584834657865	27.350871286894147	0.5766666666666667	0.46
29	0.1443292220433553	26.975207278603	0.575	0.4666666666666667
-1	-1	-1	-1	-1
0	0.16316866874694824	35.400998868440325	0.4166666666666667	0.4066666666666667
1	0.15470516681671143	32.21383365831877	0.44083333333333335	0.42
2	0.15142067273457846	32.291370040492005	0.45666666666666667	0.5066666666666667
3	0.14993661642074585	31.651794759850752	0.45916666666666667	0.5066666666666667
4	0.14712247848510743	31.63384673469945	0.4683333333333333	0.52
5	0.14633460839589438	31.459228038787842	0.4825	0.5266666666666666
6	0.14627037729535783	30.647543781682064	0.4975	0.4866666666666667
7	0.1456417441368103	30.751469612121582	0.4766666666666667	0.4866666666666667
8	0.14574914508395725	30.96629228089985	0.4891666666666667	0.5333333333333333
9	0.14614908695220946	29.98570796063072	0.5033333333333333	0.56
10	0.1453672322359952	30.328902947275264	0.4866666666666667	0.52
11	0.1451689600944519	30.17085075378418	0.5	0.5266666666666666
12	0.14517677747286284	30.138453784741852	0.5075	0.5066666666666667
13	0.14434502805982316	29.840006577341182	0.5108333333333334	0.52
14	0.14472405115763345	29.47815307817961	0.5275	0.52
15	0.14443261921405792	29.577880432731227	0.5191666666666667	0.5466666666666666
16	0.14374812911538518	29.633134013728093	0.5183333333333333	0.52
17	0.1439576678805881	29.511760912443464	0.5283333333333333	0.54
18	0.14367486301221347	29.139522552490234	0.5275	0.5266666666666666
19	0.1431124687194824	29.03145456314087	0.5333333333333333	0.5333333333333333
20	0.14333502451578775	28.874558047244424	0.5391666666666667	0.5466666666666666
21	0.14346422932364725	28.53987693786621	0.54	0.52
22	0.14316898843516473	28.153053886012028	0.5533333333333333	0.56
23	0.1433700124422709	27.832754009648372	0.5625	0.5066666666666667
24	0.14358765602111817	28.404652043392783	0.5525	0.5133333333333333
25	0.14328291782966027	28.38210906480488	0.5391666666666667	0.54
26	0.14335916660450124	27.883544319554378	0.5541666666666667	0.5333333333333333
27	0.14352487666266306	27.58148685254549	0.5458333333333333	0.5666666666666667
28	0.14342854762899465	27.454982155247738	0.5633333333333334	0.5666666666666667
29	0.14312077363332112	27.121029502467106	0.5675	0.52
30	0.14330583233987132	27.056874501077754	0.57	0.5466666666666666
31	0.14298806339502335	26.946571751644736	0.5625	0.5333333333333333
32	0.14296082294348514	26.21368644112035	0.5816666666666667	0.5266666666666666
33	0.14314216024735393	26.338627940730046	0.5733333333333334	0.58
34	0.14313597679138185	26.16746490880063	0.5875	0.54
35	0.14310416248109606	25.69783777939646	0.5933333333333334	0.52
36	0.14348421870051203	25.65959694511012	0.5941666666666666	0.5333333333333333
37	0.1434979187814813	25.432684170572383	0.5908333333333333	0.5533333333333333
38	0.14348719058892664	25.28545490064119	0.5975	0.5133333333333333
39	0.14380107522010804	25.272535575063603	0.5925	0.5266666666666666
40	0.14393322060747846	25.064457316147653	0.5975	0.5333333333333333
41	0.14384156749362037	25.672714986299212	0.5933333333333334	0.5333333333333333
42	0.14403946455134903	25.87045511446501	0.595	0.52
43	0.14406082305041226	25.605804443359375	0.5941666666666666	0.54
44	0.14406763712565104	24.951825041519967	0.6033333333333334	0.5466666666666666
45	0.1445412376652593	24.62061011163812	0.6108333333333333	0.52
46	0.14459098653590424	24.446898962322035	0.6133333333333333	0.54
47	0.14450984199841818	24.35280021868254	0.6166666666666667	0.52
48	0.14466094970703125	25.613719764508698	0.6	0.5733333333333334
49	0.14464969158172608	24.641183200635407	0.6108333333333333	0.5466666666666666
50	0.14458140204934514	24.3645530750877	0.6125	0.5333333333333333
51	0.14476123681435218	24.111437295612536	0.6175	0.54
52	0.14469544842558088	24.084923392847966	0.615	0.5333333333333333
53	0.14459604687160915	23.919707147698652	0.6208333333333333	0.54
-1	-1	-1	-1	-1
0	0.17749524116516113	35.74519498724686	0.40166666666666667	0.42
1	0.16011857986450195	32.20940509595369	0.4583333333333333	0.5
2	0.15807255109151205	32.04187639136063	0.4683333333333333	0.4533333333333333
3	0.15437275171279907	31.51455939443488	0.47833333333333333	0.49333333333333335
4	0.15192861557006837	31.482199367723968	0.4925	0.5266666666666666
5	0.15240995089213052	31.236665725708008	0.4658333333333333	0.49333333333333335
6	0.15150087220328196	31.073307363610517	0.49416666666666664	0.49333333333333335
7	0.15052059292793274	31.449271051507246	0.48333333333333334	0.48
8	0.15102489789326987	30.49836906633879	0.4708333333333333	0.5266666666666666
9	0.15047507286071776	30.036616551248652	0.5033333333333333	0.4866666666666667
10	0.14975458925420587	30.44049398522628	0.495	0.47333333333333333
11	0.15036014715830484	30.572794813858835	0.49083333333333334	0.5066666666666667
12	0.15036782851585975	30.769009590148926	0.4816666666666667	0.5
13	0.14988696575164795	30.09178718767668	0.5116666666666667	0.5466666666666666
14	0.15039919217427572	30.475407600402832	0.5033333333333333	0.5133333333333333
15	0.15007220208644867	29.765328407287598	0.5083333333333333	0.4866666666666667
16	0.14952801255618825	29.538187729684932	0.5133333333333333	0.49333333333333335
17	0.149810791015625	29.798338890075684	0.5025	0.48
18	0.1495327824040463	29.51693286393818	0.5208333333333334	0.49333333333333335
19	0.14923499822616576	29.315003947207803	0.5108333333333334	0.5066666666666667
20	0.1494327840350923	29.37112790659854	0.5166666666666667	0.5066666666666667
21	0.14902380379763516	29.118787213375693	0.5208333333333334	0.5133333333333333
22	0.1486735551253609	28.817619900954398	0.5341666666666667	0.5266666666666666
23	0.14861606558163962	28.396684219962673	0.5458333333333333	0.5333333333333333
24	0.14802533149719238	28.52901948125739	0.5275	0.54
25	0.14801210623521072	28.241276088513825	0.53	0.5066666666666667
26	0.14787079669811107	28.010004269449336	0.5433333333333333	0.52
27	0.14743236984525407	27.75246424424021	0.5525	0.5066666666666667
28	0.1475262395266829	27.893891886660928	0.5475	0.5133333333333333
29	0.1479103167851766	27.5678643678364	0.5558333333333333	0.5
30	0.14746196039261356	27.649780424017656	0.5525	0.4866666666666667
31	0.1472935974597931	27.395364736255846	0.5658333333333333	0.52
32	0.14744637951706396	26.79070640865125	0.5666666666666667	0.5066666666666667
33	0.14721326968249152	26.753263498607435	0.565	0.4866666666666667
-1	-1	-1	-1	-1
0	0.17519235610961914	35.30054810172633	0.395	0.42
1	0.16859257221221924	32.737156642110726	0.4691666666666667	0.5466666666666666
2	0.1601559321085612	32.49149427915874	0.4766666666666667	0.54
3	0.15412217378616333	32.359215083875156	0.4633333333333333	0.5333333333333333
4	0.15255770683288575	31.425064337880986	0.495	0.5333333333333333
5	0.14927987257639566	32.06528899544164	0.5	0.5333333333333333
6	0.15003997938973562	31.46392546202007	0.48583333333333334	0.5533333333333333
7	0.15022239089012146	30.965463086178428	0.505	0.56
8	0.14934563636779785	30.90132979342812	0.4925	0.54
9	0.14844233989715577	31.07776531420256	0.49083333333333334	0.54
10	0.14886517958207565	30.512118515215423	0.5208333333333334	0.4666666666666667
11	0.1479926904042562	30.6974199696591	0.5141666666666667	0.5466666666666666
12	0.14741050280057466	30.37290708642257	0.5208333333333334	0.54
13	0.14761558600834437	30.469937525297468	0.5075	0.54
14	0.14695391654968262	29.905526236483926	0.5158333333333334	0.5133333333333333
15	0.14690223336219788	29.99207986028571	0.5175	0.52
16	0.1469264170702766	29.8782175465634	0.5191666666666667	0.56
17	0.1464043590757582	29.568384948529694	0.5325	0.4533333333333333
18	0.146256170774761	29.569822687851754	0.5308333333333334	0.5266666666666666
19	0.14657021760940553	29.089213245793392	0.5325	0.52
20	0.14603862308320545	28.939990520477295	0.5475	0.52
21	0.14605487476695667	28.688488960266113	0.5408333333333334	0.5066666666666667
22	0.14601041959679645	28.62825511631213	0.5466666666666666	0.54
23	0.14568819602330527	28.32427396272358	0.555	0.5133333333333333
24	0.14571717262268066	28.34863143218191	0.5508333333333333	0.54
25	0.14589633391453669	28.418926063336823	0.5475	0.54
26	0.14567557087651006	28.3974801113731	0.5475	0.5466666666666666
27	0.14568427630833217	28.18155712830393	0.555	0.54
28	0.14585731769430227	27.621145649960166	0.565	0.54
29	0.1456629196802775	27.562833735817357	0.5666666666666667	0.5466666666666666
-1	-1	-1	-1	-1
0	0.18241024017333984	36.42957245676141	0.38916666666666666	0.32666666666666666
1	0.16464698314666748	34.32609342273913	0.3775	0.35333333333333333
2	0.15619349479675293	33.35479475322523	0.41833333333333333	0.4
3	0.15358752012252808	32.80670718142861	0.44666666666666666	0.42
4	0.15235023498535155	31.645261011625593	0.48583333333333334	0.46
5	0.15074781576792398	31.9318403695759	0.48583333333333334	0.43333333333333335
6	0.15004566737583705	31.70935987171374	0.4725	0.38666666666666666
7	0.15079212188720703	32.14648758737665	0.44083333333333335	0.4066666666666667
8	0.15008849567837185	31.572150882921722	0.45916666666666667	0.3933333333333333
9	0.14958324432373046	30.58857084575452	0.49333333333333335	0.4666666666666667
10	0.1504033695567738	31.098096144826787	0.495	0.44666666666666666
11	0.15016559759775797	30.7047186399761	0.4891666666666667	0.4533333333333333
12	0.14981919068556565	31.25661849975586	0.5058333333333334	0.4533333333333333
13	0.15022003650665283	30.203257410149824	0.49583333333333335	0.43333333333333335
14	0.15001018842061362	30.324858565079538	0.49583333333333335	0.49333333333333335
15	0.14953044056892395	29.842759433545563	0.5041666666666667	0.4533333333333333
16	0.14974237890804515	30.26888834802728	0.5	0.42
17	0.15052931838565403	30.07891725239001	0.5141666666666667	0.4266666666666667
18	0.14988762453982704	29.695437105078447	0.5183333333333333	0.48
19	0.14974076747894288	29.553342794117174	0.5141666666666667	0.4666666666666667
20	0.14897775650024414	29.349740078574733	0.5016666666666667	0.44666666666666666
21	0.14881771261041815	29.25394138536955	0.5116666666666667	0.47333333333333333
22	0.1485959135967752	28.84911160720022	0.53	0.4266666666666667
23	0.14799215396245322	29.464356899261475	0.515	0.4266666666666667
24	0.14798436164855958	29.039905071258545	0.5283333333333333	0.48
25	0.14806252259474534	28.834945176777087	0.535	0.47333333333333333
26	0.14770030975341797	28.412217265681218	0.54	0.4533333333333333
27	0.1477241005216326	28.37518942983527	0.5425	0.46
28	0.1477806157079236	28.441512810556514	0.5458333333333333	0.48
29	0.1474825382232666	28.149127884915	0.5525	0.4533333333333333
30	0.14745990691646452	27.849731520602578	0.5575	0.48
31	0.14759258925914764	27.36596313275789	0.5591666666666667	0.44666666666666666
32	0.14732491608821985	27.232411183808978	0.5658333333333333	0.4666666666666667
33	0.14714518014122457	26.87078925182945	0.565	0.44666666666666666
34	0.14742911202566963	26.71622068003604	0.5725	0.44666666666666666
-1	-1	-1	-1	-1
0	0.16620731353759766	35.909868014486214	0.39	0.4
1	0.1570117473602295	35.148456623679714	0.3858333333333333	0.5133333333333333
2	0.15531516075134277	32.84920933372096	0.41833333333333333	0.5466666666666666
3	0.15322846174240112	32.55008953496029	0.4625	0.6
4	0.1512998104095459	31.99577986566644	0.4608333333333333	0.5733333333333334
5	0.1501083771387736	31.48918432938425	0.47583333333333333	0.5733333333333334
6	0.15035370418003627	30.88400243457995	0.4841666666666667	0.5866666666666667
7	0.1492149829864502	30.911800284134713	0.48083333333333333	0.64
8	0.14837993515862358	30.549442793193617	0.47833333333333333	0.62
9	0.14926550388336182	30.38316129383288	0.49666666666666665	0.49333333333333335
10	0.14898289333690296	31.16229052292673	0.4725	0.5933333333333334
11	0.1482740044593811	30.41643780156186	0.4875	0.5866666666666667
12	0.1489873299231896	30.111859070627315	0.49416666666666664	0.6133333333333333
13	0.1490734645298549	30.180010519529645	0.48	0.5933333333333334
14	0.14828465779622396	29.530851489619206	0.495	0.6133333333333333
15	0.1483282446861267	29.517618882028682	0.49833333333333335	0.6333333333333333
16	0.14771594720728257	29.47065830230713	0.5033333333333333	0.5933333333333334
17	0.1475451257493761	29.52266903927452	0.505	0.6066666666666667
18	0.14751857205441124	29.206687851956016	0.5133333333333333	0.56
19	0.1470615029335022	28.74090034083316	0.5191666666666667	0.5866666666666667
20	0.14725557963053384	28.415403842926025	0.5266666666666666	0.6
21	0.1472231149673462	28.816425298389635	0.5258333333333334	0.58
22	0.1469446161518926	28.561404705047607	0.5233333333333333	0.5666666666666667
23	0.14711113770802817	28.920606688449258	0.5141666666666667	0.5933333333333334
24	0.14732640266418456	28.274649268702458	0.5308333333333334	0.5666666666666667
25	0.14716709577120268	27.871181237070186	0.535	0.5733333333333334
26	0.14708820095768682	28.136296598534834	0.5333333333333333	0.5533333333333333
27	0.14732875994273595	28.16968415912829	0.5283333333333333	0.5666666666666667
28	0.14700812306897393	27.622822359988565	0.5391666666666667	0.5066666666666667
29	0.14679576555887858	27.518332657061126	0.5391666666666667	0.6066666666666667
-1	-1	-1	-1	-1
0	0.16938185691833496	36.41988357744719	0.43083333333333335	0.4066666666666667
1	0.15403962135314941	33.14260357304623	0.41583333333333333	0.52
2	0.15132339795430502	32.45674374229029	0.47	0.41333333333333333
3	0.1466667652130127	31.869159171455784	0.4675	0.49333333333333335
4	0.14563274383544922	31.424927360133122	0.4791666666666667	0.5066666666666667
5	0.1451034148534139	30.92125109622353	0.5016666666666667	0.5133333333333333
6	0.14338197026933944	31.27266954120837	0.49833333333333335	0.5466666666666666
7	0.1435794234275818	31.13792956502814	0.49416666666666664	0.47333333333333333
8	0.14405404196845162	31.290333045156377	0.4975	0.47333333333333333
9	0.14298295974731445	30.392077546370658	0.5075	0.5466666666666666
10	0.143256122415716	32.977957474557975	0.46416666666666667	0.5
11	0.14335407813390097	31.910065374876325	0.4583333333333333	0.5133333333333333
12	0.14262700080871582	30.86648474241558	0.49333333333333335	0.5133333333333333
13	0.14309702600751603	30.499937208075274	0.5025	0.5333333333333333
14	0.14381105105082195	30.082569222701224	0.5141666666666667	0.5533333333333333
15	0.1436457484960556	29.811378955841064	0.5066666666666667	0.5466666666666666
16	0.14346741227542653	30.294440169083444	0.5108333333333334	0.54
17	0.1470200220743815	29.537117932972155	0.5208333333333334	0.56
18	0.14719976876911364	29.199278630708392	0.5216666666666666	0.5533333333333333
19	0.1469050407409668	29.180632490860788	0.5441666666666667	0.5266666666666666
20	0.1467782315753755	28.770364510385615	0.5383333333333333	0.54
21	0.14716484329917215	28.627584557784232	0.5391666666666667	0.5533333333333333
22	0.14688670116922128	29.251479650798597	0.515	0.5133333333333333
23	0.1467174788316091	28.78066030301546	0.5358333333333334	0.5333333333333333
24	0.14698338508605957	28.057448663209613	0.5458333333333333	0.5333333333333333
25	0.14674077584193304	28.00053716960706	0.5475	0.52
26	0.14646258177580657	27.97167376468056	0.5533333333333333	0.5466666666666666
27	0.14680843693869455	27.850815296173096	0.55	0.5
28	0.1468686893068511	27.424255521673906	0.565	0.54
29	0.14667033354441325	27.445156724829424	0.5575	0.52
30	0.14701411031907605	27.277953398855107	0.5616666666666666	0.5466666666666666
31	0.14698968082666397	27.09705252396433	0.5666666666666667	0.5333333333333333
32	0.14687723101991595	26.72408134058902	0.5783333333333334	0.5466666666666666
33	0.14717005982118495	26.763466282894736	0.5633333333333334	0.5133333333333333
34	0.14719843183244977	26.487833775972064	0.5708333333333333	0.5333333333333333
35	0.14711866113874647	26.129001868398564	0.5791666666666667	0.54
36	0.14740351084116343	25.890239665382786	0.5883333333333334	0.5466666666666666
37	0.14744853973388672	25.73205704438059	0.5791666666666667	0.56
-1	-1	-1	-1	-1
0	0.1797635555267334	35.26310797741539	0.44	0.3933333333333333
1	0.16380023956298828	33.01456245623137	0.4375	0.54
2	0.1556413173675537	32.61200613724558	0.4825	0.5266666666666666
3	0.15243291854858398	31.56404585587351	0.47833333333333333	0.49333333333333335
4	0.15284762382507325	30.429347289235967	0.5058333333333334	0.4666666666666667
5	0.15074809392293295	31.13393487428364	0.49583333333333335	0.49333333333333335
6	0.1497620173863002	30.766481098375824	0.5033333333333333	0.5333333333333333
7	0.1502310037612915	29.974951367629203	0.51	0.52
8	0.15000459882948133	30.82495433405826	0.51	0.5133333333333333
9	0.14966890811920167	30.296449987511885	0.5308333333333334	0.48
10	0.14999266104264694	31.056133320457057	0.47	0.5
11	0.14874517917633057	29.97674716146369	0.5158333333333334	0.5133333333333333
12	0.14835898692791277	30.14819752542596	0.5258333333333334	0.4866666666666667
13	0.1484309264591762	29.54041109587017	0.5308333333333334	0.5066666666666667
14	0.1479539712270101	29.09419265546297	0.5316666666666666	0.5133333333333333
15	0.14773429930210114	28.811348061812552	0.5441666666666667	0.5
16	0.14815334712757783	30.14676086526168	0.525	0.4866666666666667
17	0.14775523874494764	29.791736803556745	0.5208333333333334	0.5266666666666666
18	0.14743713328712865	28.97376241182026	0.5525	0.5066666666666667
19	0.14758316278457642	29.062646865844727	0.5341666666666667	0.54
20	0.14700216338748023	28.675352849458392	0.5441666666666667	0.5066666666666667
21	0.1468981070951982	28.33733874873111	0.5558333333333333	0.5466666666666666
22	0.1468872816666313	27.942376964970638	0.5516666666666666	0.52
23	0.1462980310122172	28.19540427860461	0.55	0.5733333333333334
24	0.14621777534484864	27.2128882659109	0.565	0.5266666666666666
25	0.14649685529562143	26.968514517733926	0.5741666666666667	0.5066666666666667
26	0.14628821832162361	27.26047668958965	0.5683333333333334	0.5266666666666666
27	0.1467130524771554	26.906636915708845	0.5791666666666667	0.5333333333333333
28	0.14700232703110266	26.512227459957725	0.5766666666666667	0.5466666666666666
29	0.14710800647735595	26.365999899412458	0.585	0.5266666666666666
30	0.14672712356813492	26.132846204858076	0.5875	0.54
31	0.1465792953968048	26.279822475031803	0.5783333333333334	0.5266666666666666
32	0.14658345598163028	25.858478997883044	0.5758333333333333	0.5333333333333333
33	0.14627226661233342	25.989781379699707	0.58	0.5466666666666666
34	0.14630626950945172	26.04814012427079	0.5825	0.52
35	0.14629321628146702	26.024820126985247	0.5841666666666666	0.54
36	0.14600410332550873	25.96599767082616	0.5791666666666667	0.5466666666666666
37	0.14609885215759277	25.349798252708034	0.5883333333333334	0.5466666666666666
38	0.14623685983511117	25.245254968342028	0.59	0.5733333333333334
39	0.1460828423500061	25.097551270535117	0.59	0.5066666666666667
40	0.14595300976823017	25.17266577168515	0.5958333333333333	0.5466666666666666
41	0.14618287200019472	25.041523531863565	0.5966666666666667	0.5333333333333333
42	0.1460160820983177	24.866932266636898	0.5966666666666667	0.5466666666666666
43	0.1458434841849587	24.817672327945107	0.5983333333333334	0.5266666666666666
-1	-1	-1	-1	-1
0	0.16492199897766113	35.23662461732563	0.44166666666666665	0.36666666666666664
1	0.14809799194335938	31.851612091064453	0.48333333333333334	0.4533333333333333
2	0.14627806345621744	31.37428411684538	0.5025	0.38666666666666666
3	0.14256346225738525	31.27877310702675	0.4875	0.42
4	0.14217119216918944	31.13024179559005	0.4975	0.41333333333333333
5	0.14234725634256998	30.407628636611136	0.5208333333333334	0.44666666666666666
6	0.1407050405229841	30.42124662901226	0.49333333333333335	0.43333333333333335
7	0.1412215530872345	30.199092940280313	0.525	0.38666666666666666
8	0.14087978998819986	30.779928659137926	0.5025	0.42
9	0.1404818058013916	30.642827084189967	0.52	0.44666666666666666
10	0.1413130976937034	30.052509383151406	0.5183333333333333	0.44666666666666666
11	0.14161628484725952	29.56713106757716	0.5141666666666667	0.4266666666666667
12	0.14127415877122146	29.554677887966758	0.5333333333333333	0.44
13	0.14140558242797852	29.310008249784772	0.5366666666666666	0.44
14	0.14168628056844076	29.592598990390176	0.5316666666666666	0.4533333333333333
15	0.14138314127922058	30.274712361787493	0.5225	0.4266666666666667
16	0.14200440575094783	29.789545184687565	0.5283333333333333	0.44666666666666666
17	0.14252755377027723	29.386681406121504	0.5433333333333333	0.4533333333333333
18	0.14251070273549934	29.49847035658987	0.53	0.46
19	0.14244025945663452	28.691801773874385	0.5458333333333333	0.4533333333333333
20	0.14309778667631604	28.87916783282631	0.5433333333333333	0.44
21	0.14343264969912442	28.891712866331403	0.5358333333333334	0.41333333333333333
22	0.14330687730208688	28.164788748088636	0.5516666666666666	0.44666666666666666
23	0.14376958211263022	28.257240295410156	0.5458333333333333	0.46
24	0.1435159683227539	28.107253802450078	0.5616666666666666	0.46
25	0.1436762259556697	27.65978687687924	0.5683333333333334	0.44666666666666666
26	0.14373929412276656	27.786530946430407	0.5633333333333334	0.44666666666666666
27	0.14331549406051636	27.463069313450863	0.565	0.46
28	0.14350770259725637	27.249757892207096	0.57	0.43333333333333335
29	0.14340209166208903	27.24564474507382	0.5658333333333333	0.46
30	0.14299914144700573	27.1143862824691	0.5791666666666667	0.4666666666666667
31	0.14320231974124908	26.874242205368844	0.5825	0.4533333333333333
32	0.14316620248736758	26.652784598501103	0.5741666666666667	0.4533333333333333
33	0.14293030430288875	26.70538862128007	0.5741666666666667	0.42
34	0.14311997549874442	26.731985393323395	0.5733333333333334	0.43333333333333335
35	0.14321892129050362	25.866529088271292	0.5941666666666666	0.4266666666666667
36	0.14313773206762365	26.065452575683594	0.5833333333333334	0.44
37	0.14325812615846334	25.736134880467464	0.5958333333333333	0.44
38	0.14328341606335762	25.581330399764212	0.5983333333333334	0.4666666666666667
39	0.14306236505508424	25.25365131779721	0.6075	0.4666666666666667
40	0.1432175519989758	25.534603696120413	0.6058333333333333	0.46
41	0.1433150711513701	24.907931628980133	0.5983333333333334	0.4666666666666667
42	0.14317321222881937	24.9073160071122	0.6158333333333333	0.4533333333333333
43	0.14316429333253342	24.847208374424984	0.6091666666666666	0.47333333333333333
44	0.1432879712846544	24.795356524618047	0.6108333333333333	0.4666666666666667
45	0.14311488296674646	24.796926648993242	0.6075	0.4666666666666667
46	0.14310342200258944	24.8196153891714	0.6141666666666666	0.46
47	0.14324026306470236	24.75783890172055	0.6133333333333333	0.43333333333333335
48	0.14305440260439503	24.58326580649928	0.615	0.4533333333333333
49	0.1432246732711792	24.347992018649453	0.6158333333333333	0.4533333333333333
50	0.1432493106991637	24.17001347792776	0.6166666666666667	0.4533333333333333
51	0.14306434301229623	24.153640395716618	0.6216666666666667	0.46
52	0.143211693133948	24.033223403127568	0.6183333333333333	0.4666666666666667
53	0.1431886222627428	23.968928312000475	0.6225	0.47333333333333333
54	0.14310758330605247	23.954847310718737	0.6266666666666667	0.48
55	0.14316626531737192	23.881445734124433	0.6258333333333334	0.4666666666666667
56	0.14317637995669716	23.85187224337929	0.6175	0.47333333333333333
57	0.1431201408649313	23.7376362650018	0.6308333333333334	0.4666666666666667
58	0.14322826013726703	23.76863552394666	0.6308333333333334	0.4666666666666667
59	0.1433388074239095	23.661615622671025	0.6308333333333334	0.46
60	0.1433057628694128	23.60108521110133	0.6275	0.4666666666666667
61	0.1432514113764609	23.598709608379163	0.6258333333333334	0.4666666666666667
62	0.1434020958249531	23.56147208966707	0.6325	0.4666666666666667
63	0.14332504197955132	23.506863167411403	0.6325	0.46
64	0.14333024024963378	23.390579223632812	0.6316666666666667	0.4666666666666667
65	0.1435049989006736	23.369393348693848	0.6325	0.4666666666666667
66	0.1433934951896098	23.37825027265047	0.6358333333333334	0.46
67	0.14338691444957957	23.271578613080475	0.635	0.46
68	0.14350138885387476	23.26214471616243	0.6358333333333334	0.46
69	0.143392699105399	23.30126825131868	0.6333333333333333	0.4666666666666667
70	0.1433732744673608	23.224582195281982	0.6366666666666667	0.4666666666666667
71	0.1433985001511044	23.179452394184313	0.6341666666666667	0.47333333333333333
72	0.14328769788350146	23.162609878339264	0.64	0.4666666666666667
73	0.14333837418942838	23.108030469794024	0.6375	0.46
74	0.14333505630493165	23.05534771869057	0.6358333333333334	0.46
-1	-1	-1	-1	-1
0	0.16551733016967773	36.431044478165475	0.39666666666666667	0.38666666666666666
1	0.15490782260894775	33.43191794345253	0.4091666666666667	0.46
2	0.1515517234802246	32.05205545927349	0.4791666666666667	0.4666666666666667
3	0.1468747854232788	32.245569731059824	0.49666666666666665	0.46
4	0.14552407264709472	31.54302742606715	0.4866666666666667	0.48
5	0.14527618885040283	31.245137616207725	0.5008333333333334	0.43333333333333335
6	0.14466244833809988	31.010206573887874	0.5016666666666667	0.42
7	0.14526566863059998	30.784654667502956	0.5066666666666667	0.4666666666666667
8	0.14568188455369738	31.182286940122907	0.49583333333333335	0.46
9	0.14463939666748046	30.47028348320409	0.5008333333333334	0.47333333333333333
10	0.14481631192294034	30.508840134269313	0.5025	0.44666666666666666
11	0.14463176329930624	30.071210785915977	0.515	0.4533333333333333
12	0.14363672183110163	30.249920594064815	0.5166666666666667	0.44666666666666666
13	0.14380512918744767	30.328822361795527	0.5108333333333334	0.4533333333333333
14	0.14368178049723307	30.331857605984336	0.5066666666666667	0.4533333333333333
15	0.1428864747285843	29.7952689120644	0.5241666666666667	0.4533333333333333
16	0.14290168706108541	29.863042605550664	0.5141666666666667	0.44
17	0.1428885062535604	29.43694561406186	0.5233333333333333	0.46
18	0.14240146938123202	29.710373326351768	0.5183333333333333	0.44
19	0.14288053512573243	29.971277789065713	0.5216666666666666	0.4533333333333333
20	0.14272339003426687	29.449386245325993	0.5266666666666666	0.4533333333333333
21	0.1422506028955633	29.075059539393376	0.5366666666666666	0.4666666666666667
22	0.14237385210783585	28.826912127043073	0.5466666666666666	0.4533333333333333
23	0.14254042506217957	28.612238030684622	0.545	0.4533333333333333
24	0.1422182083129883	28.37652143679167	0.5508333333333333	0.4533333333333333
25	0.14233025220724252	28.432970172480534	0.5491666666666667	0.47333333333333333
26	0.14255563418070474	28.524358247455798	0.5558333333333333	0.47333333333333333
27	0.14229814495359147	28.426081230765895	0.5533333333333333	0.48
28	0.14235766180630388	27.91508664582905	0.5608333333333333	0.4866666666666667
29	0.14256457487742105	28.25279958624589	0.56	0.47333333333333333
30	0.142295406710717	29.352350360468815	0.5316666666666666	0.4533333333333333
31	0.1421911045908928	27.923584611792315	0.5541666666666667	0.48
32	0.14233619516546075	27.39494333769146	0.5666666666666667	0.44
33	0.14232011402354522	26.981329139910248	0.5633333333333334	0.4666666666666667
34	0.1424917561667306	26.73815433602584	0.57	0.46
35	0.14274749490949842	26.70382655294318	0.585	0.47333333333333333
36	0.14282804566460686	26.4505783382215	0.585	0.47333333333333333
37	0.14285038019481458	26.274037085081403	0.5891666666666666	0.4666666666666667
38	0.14314834276835123	26.00606918334961	0.5908333333333333	0.4666666666666667
39	0.14312788248062133	26.063506904401276	0.5883333333333334	0.4666666666666667
40	0.14292459953122022	25.798182010650635	0.5975	0.46
41	0.14297762371244885	26.09323165291234	0.59	0.47333333333333333
42	0.1427710222643475	26.266582238046748	0.5816666666666667	0.4666666666666667
43	0.1427702849561518	25.65546685770938	0.5975	0.43333333333333335
44	0.14276120397779676	25.56369234386243	0.5991666666666666	0.44666666666666666
45	0.14250667717145837	25.425246163418418	0.5991666666666666	0.4533333333333333
46	0.14251450274852998	25.30125510065179	0.6033333333333334	0.44666666666666666
47	0.14274065693219504	25.071433343385394	0.605	0.46
48	0.14258878571646555	25.053013550607783	0.605	0.48
-1	-1	-1	-1	-1
0	0.1695702075958252	35.25141188972875	0.4141666666666667	0.41333333333333333
1	0.15540015697479248	32.71654658568533	0.48	0.41333333333333333
2	0.14818143844604492	32.22112188841167	0.47833333333333333	0.4666666666666667
3	0.14657121896743774	31.925520118914154	0.49	0.5266666666666666
4	0.1460299015045166	31.976266208447907	0.4841666666666667	0.5
5	0.1441199779510498	31.392790443018864	0.5083333333333333	0.44666666666666666
6	0.14391047613961355	31.033462524414062	0.5016666666666667	0.4666666666666667
7	0.14378687739372253	30.71484781566419	0.4975	0.49333333333333335
8	0.14276215765211317	30.54339589570698	0.4975	0.48
9	0.1443564176559448	30.944520398190146	0.51	0.49333333333333335
10	0.14439658685164017	30.601690417841862	0.51	0.5133333333333333
11	0.1434280276298523	31.053405033914668	0.49833333333333335	0.4666666666666667
12	0.1434332590836745	30.54759437159488	0.5041666666666667	0.44666666666666666
13	0.14341083594730922	29.946902500955684	0.5066666666666667	0.4666666666666667
14	0.14277029037475586	29.90990894719174	0.5141666666666667	0.49333333333333335
15	0.1431068331003189	30.07377012152421	0.52	0.49333333333333335
16	0.14280136893777287	29.84802622544138	0.5141666666666667	0.47333333333333333
17	0.1421907345453898	29.190769572007028	0.5266666666666666	0.44
18	0.14251301163121274	29.491610150588187	0.53	0.49333333333333335
19	0.14198769330978395	29.00541383341739	0.5375	0.4533333333333333
20	0.14199971017383395	28.993648704729583	0.5375	0.5
21	0.14232800223610617	28.60549010728535	0.5316666666666666	0.5
22	0.14185942774233612	28.37301540374756	0.5416666666666666	0.5066666666666667
23	0.14186227321624756	28.151122846101458	0.5558333333333333	0.5066666666666667
24	0.1419096088409424	28.078752116153115	0.5558333333333333	0.52
25	0.14160852248852068	27.94849900195473	0.5641666666666667	0.5133333333333333
26	0.14164815125642	28.04347841363204	0.5575	0.5066666666666667
27	0.14167250905718123	27.856056941182988	0.5633333333333334	0.52
28	0.14140993151171455	27.390531364240143	0.5783333333333334	0.48
29	0.14146916071573892	27.252883233522113	0.57	0.5133333333333333
30	0.14160873043921687	27.262213807356986	0.5683333333333334	0.5333333333333333
31	0.14151407033205032	26.740899211482	0.5858333333333333	0.5
32	0.1415942654465184	26.900155117637233	0.58	0.49333333333333335
33	0.14176228467155905	26.458298382006195	0.5816666666666667	0.5
34	0.14154560225350515	26.20335169842369	0.5825	0.52
35	0.1416973869005839	26.253549575805664	0.5891666666666666	0.49333333333333335
36	0.14175846125628497	26.92237615585327	0.5783333333333334	0.5066666666666667
37	0.14161500177885356	26.10545557423642	0.5866666666666667	0.5266666666666666
38	0.14182147612938514	25.779706854569284	0.5991666666666666	0.52
39	0.1419703781604767	25.41562391582288	0.5916666666666667	0.5133333333333333
40	0.14184383066689096	25.379785688299883	0.59	0.49333333333333335
41	0.1420360179174514	25.155783251712197	0.6033333333333334	0.49333333333333335
42	0.14214467447857523	24.938635299080296	0.6	0.5066666666666667
43	0.1420223821293224	24.81348557221262	0.5966666666666667	0.47333333333333333
44	0.14211846987406412	25.45489303689254	0.5866666666666667	0.4866666666666667
45	0.14212902732517407	25.31004840449283	0.5891666666666666	0.5066666666666667
46	0.1419210028141103	24.87735753310354	0.6016666666666667	0.5266666666666666
47	0.14206983149051666	24.81815857636301	0.6025	0.52
48	0.14219728781252491	24.67156892073782	0.6041666666666666	0.4866666666666667
49	0.14204294204711915	24.404751777648926	0.6125	0.49333333333333335
50	0.14205526370628208	24.309288426449424	0.61	0.49333333333333335
-1	-1	-1	-1	-1
0	0.17068147659301758	35.16335412075645	0.43166666666666664	0.36666666666666664
1	0.1528998613357544	33.227377339413295	0.415	0.38666666666666666
2	0.1516266663869222	32.13710237804212	0.445	0.44
3	0.1474815011024475	31.363772015822562	0.505	0.48
4	0.14585433006286622	31.13691701387104	0.495	0.44666666666666666
5	0.14581159750620523	30.71709565112465	0.5125	0.4533333333333333
6	0.15179984910147531	30.78327286870856	0.5083333333333333	0.48
7	0.14993047714233398	30.729446862873278	0.5108333333333334	0.44666666666666666
8	0.14990271462334526	30.588061433089408	0.5116666666666667	0.42
9	0.148506498336792	30.908719464352256	0.5041666666666667	0.44666666666666666
10	0.14829254150390625	30.643224264446058	0.5266666666666666	0.47333333333333333
11	0.14829403162002563	30.220092698147422	0.5083333333333333	0.4866666666666667
12	0.14729971152085525	30.343534394314414	0.5183333333333333	0.4533333333333333
13	0.14684086186545237	29.732354766444157	0.53	0.4666666666666667
14	0.14673573176066082	29.57650367837203	0.525	0.4866666666666667
15	0.14598023891448975	29.464592431720934	0.535	0.48
16	0.14577596327837775	29.268490841514186	0.5341666666666667	0.5266666666666666
17	0.14566193686591256	29.76692839672691	0.54	0.46
18	0.14518045124254728	29.774763985684043	0.5191666666666667	0.4866666666666667
19	0.14521716833114623	29.528285227323835	0.5166666666666667	0.5066666666666667
20	0.14523476646060035	29.406274092824834	0.5283333333333333	0.5133333333333333
21	0.14470918612046677	29.211076560773346	0.5333333333333333	0.48
22	0.14478483407393747	29.13624045723363	0.5308333333333334	0.47333333333333333
23	0.1446752150853475	28.611533340654876	0.5391666666666667	0.48
24	0.14442148208618164	28.702833301142643	0.5358333333333334	0.4866666666666667
25	0.1444894533890944	28.77565198195608	0.545	0.4866666666666667
26	0.14456445199471932	28.564596326727617	0.5433333333333333	0.54
27	0.1443207093647548	28.146003597661068	0.5558333333333333	0.5066666666666667
28	0.14414185491101494	28.126576147581403	0.555	0.5066666666666667
29	0.14428821404774983	27.705383727425023	0.56	0.49333333333333335
30	0.1440670951720207	27.41649966490896	0.565	0.5
31	0.144140787422657	27.425705357601768	0.575	0.4866666666666667
32	0.14421088045293634	27.260344480213366	0.5658333333333333	0.5066666666666667
33	0.14402422484229593	27.026067031057256	0.5675	0.52
34	0.14415422848292758	26.97975502516094	0.5716666666666667	0.5133333333333333
35	0.14424369732538858	26.601533061579655	0.5741666666666667	0.5066666666666667
36	0.1439658564490241	26.231244237799395	0.5875	0.5266666666666666
37	0.14392530918121338	25.98697853088379	0.5916666666666667	0.5133333333333333
38	0.14393118100288588	25.93470327477706	0.5891666666666666	0.5066666666666667
39	0.14367582201957702	25.602687007502507	0.5991666666666666	0.5333333333333333
40	0.14366496481546542	25.55081302241275	0.5991666666666666	0.5133333333333333
41	0.1436417159580049	25.404852038935612	0.5933333333333334	0.5266666666666666
42	0.1433745539465616	25.29800967166298	0.6016666666666667	0.48
43	0.14342885667627508	25.32793617248535	0.5975	0.5133333333333333
44	0.14342665142483182	25.04044424860101	0.6033333333333334	0.5
45	0.14319161228511645	25.987395085786517	0.5908333333333333	0.5066666666666667
46	0.14325176908614787	26.012833444695723	0.595	0.49333333333333335
-1	-1	-1	-1	-1
0	0.1673412322998047	35.20591364408794	0.43166666666666664	0.43333333333333335
1	0.1511859893798828	33.225233906193786	0.4116666666666667	0.49333333333333335
2	0.14885711669921875	32.88931347194471	0.41583333333333333	0.42
3	0.14499616622924805	32.725404714283194	0.45416666666666666	0.4533333333333333
4	0.14487295150756835	32.16666221618652	0.4658333333333333	0.4866666666666667
5	0.144417405128479	31.555145916185882	0.48583333333333334	0.49333333333333335
6	0.14276514734540666	31.212901466771175	0.4891666666666667	0.4866666666666667
7	0.14320215582847595	30.67739692487215	0.49166666666666664	0.5
8	0.14295236269632974	31.061339855194092	0.48583333333333334	0.5133333333333333
9	0.14205799102783204	30.711328004535876	0.5108333333333334	0.5066666666666667
10	0.1422646695917303	30.401922527112458	0.5025	0.46
11	0.14254403114318848	30.494840170207777	0.5008333333333334	0.49333333333333335
12	0.1419053811293382	30.3766988955046	0.5275	0.5133333333333333
13	0.142109785761152	30.19552589717664	0.5116666666666667	0.5266666666666666
14	0.14236323038736978	29.81381973467375	0.5175	0.5266666666666666
15	0.14185018837451935	29.481124626962764	0.5141666666666667	0.5
16	0.14224576950073242	30.06224085155286	0.5033333333333333	0.49333333333333335
17	0.14232391781277126	29.541224605158757	0.5258333333333334	0.54
18	0.14206842372291967	29.393785903328343	0.5341666666666667	0.5133333333333333
19	0.14223916530609132	29.09890571393465	0.5408333333333334	0.48
20	0.14245295524597168	28.703224332709063	0.5466666666666666	0.52
21	0.1423100558194247	28.704595465409128	0.5333333333333333	0.5
22	0.14253256631934125	28.587764087476227	0.5375	0.49333333333333335
23	0.1428865591684977	29.067224954303942	0.5358333333333334	0.5333333333333333
24	0.14275711059570312	28.700246911299857	0.5433333333333333	0.5333333333333333
25	0.14263351146991438	28.19390502728914	0.5458333333333333	0.4866666666666667
26	0.1430334073525888	28.800590690813568	0.5366666666666666	0.48
27	0.1429475290434701	27.917227468992536	0.56	0.5133333333333333
28	0.14279943499071845	27.81213961149517	0.5608333333333333	0.5066666666666667
29	0.14308466911315917	27.940607171309622	0.5508333333333333	0.5266666666666666
30	0.14285022212613013	27.681111360851087	0.5541666666666667	0.5133333333333333
31	0.14274899661540985	27.614136294314736	0.5691666666666667	0.5266666666666666
32	0.14284600633563418	27.27627500734831	0.5625	0.49333333333333335
33	0.14270276181838093	27.11668752369128	0.5658333333333333	0.5133333333333333
34	0.14285481997898647	27.08574023999666	0.5733333333333334	0.46
35	0.14300796720716688	27.015471709401982	0.5658333333333333	0.5066666666666667
36	0.14279105856611923	26.52928530542474	0.5658333333333333	0.49333333333333335
37	0.1427979218332391	26.541277634470088	0.5691666666666667	0.5133333333333333
-1	-1	-1	-1	-1
0	0.1686105728149414	34.61279146294845	0.42333333333333334	0.46
1	0.15430283546447754	32.29403330150404	0.45666666666666667	0.4666666666666667
2	0.15269891421000162	31.93912616528963	0.4716666666666667	0.41333333333333333
3	0.14909011125564575	31.996536857203434	0.4741666666666667	0.48
4	0.14796552658081055	31.6095273369237	0.5025	0.47333333333333333
5	0.1475512981414795	31.903842675058467	0.48583333333333334	0.46
6	0.14604857989719935	31.754156765184906	0.47583333333333333	0.42
7	0.1470947265625	32.02782543081986	0.4775	0.47333333333333333
8	0.14780063099331325	31.262221888491982	0.47	0.46
9	0.1467482328414917	30.6366185389067	0.5133333333333333	0.4866666666666667
10	0.14634578878229315	30.361346495778935	0.5058333333333334	0.4533333333333333
11	0.14620570341746011	30.304428502133018	0.5025	0.48
12	0.14526556088374212	30.07634963487324	0.5108333333333334	0.5066666666666667
13	0.14581634317125594	30.12607428902074	0.5041666666666667	0.5066666666666667
14	0.14610660870869954	30.302036561464007	0.5058333333333334	0.46
15	0.1457587629556656	30.32597411306281	0.5075	0.4533333333333333
16	0.1451906456666834	29.781599847893965	0.51	0.5133333333333333
17	0.14551863405439588	29.751519228282728	0.5208333333333334	0.5066666666666667
18	0.14504822931791606	29.699067442040693	0.525	0.49333333333333335
19	0.14502484798431398	29.688060133080732	0.5208333333333334	0.49333333333333335
20	0.14521106084187826	29.924559191653604	0.5133333333333333	0.46
21	0.14488131349736993	29.722193943826777	0.5133333333333333	0.5
22	0.14499784552532693	29.455934825696442	0.5208333333333334	0.49333333333333335
23	0.1451002856095632	28.76023736752962	0.5333333333333333	0.5066666666666667
24	0.14479798316955567	29.144909883800306	0.5358333333333334	0.49333333333333335
25	0.14484535730802095	28.6642299702293	0.5341666666666667	0.49333333333333335
26	0.14494592172128182	28.446665914435137	0.5325	0.5066666666666667
27	0.14465942553111485	28.19451261821546	0.5541666666666667	0.5
28	0.14471636969467688	28.019056470770586	0.5558333333333333	0.5066666666666667
29	0.1448399861653646	27.97205114364624	0.5483333333333333	0.5066666666666667
30	0.14460465215867566	28.260332584381104	0.5558333333333333	0.5133333333333333
31	0.14458803832530975	27.644713878631592	0.5658333333333333	0.5133333333333333
32	0.14475551518526944	27.321410128944798	0.57	0.5266666666666666
33	0.14462152649374568	27.18279088170905	0.57	0.5066666666666667
34	0.14456547328404018	26.838746271635358	0.5708333333333333	0.5133333333333333
35	0.1446763343281216	26.52069525969656	0.5791666666666667	0.4866666666666667
36	0.1445420046110411	26.334970173082855	0.5775	0.52
37	0.1446295976638794	26.101403838709782	0.5775	0.49333333333333335
38	0.1447278903080867	26.16368431794016	0.5833333333333334	0.5066666666666667
39	0.1447168171405792	27.425706160695928	0.56	0.5066666666666667
40	0.14469997475786908	25.932884818629216	0.5875	0.49333333333333335
41	0.14490352358136857	25.587108988510934	0.6016666666666667	0.5133333333333333
42	0.14478233803150264	25.384074913827998	0.5933333333333334	0.49333333333333335
43	0.14467852765863592	25.256224933423493	0.5991666666666666	0.5066666666666667
44	0.14483319388495552	25.038609329022858	0.5975	0.49333333333333335
45	0.1447251205858977	25.001169907419307	0.6058333333333333	0.48
46	0.14461601034123847	24.878140725587542	0.6033333333333334	0.5
47	0.14486665527025858	25.254570258291142	0.6033333333333334	0.48
48	0.14462955630555444	25.741778323524876	0.5966666666666667	0.5
49	0.14450919151306152	24.954634189605713	0.6	0.5066666666666667
50	0.14464134795992983	24.684150645607396	0.6033333333333334	0.48
51	0.14455615557157075	24.54562709206029	0.6091666666666666	0.4866666666666667
52	0.1444548930761949	24.434340778150055	0.615	0.4866666666666667
-1	-1	-1	-1	-1
0	0.16995859146118164	35.48492030093544	0.41	0.32666666666666666
1	0.1539841890335083	33.16672189612137	0.4166666666666667	0.52
2	0.15060901641845703	31.587853632475202	0.495	0.52
3	0.14585328102111816	31.387164617839613	0.4975	0.5466666666666666
4	0.14599971771240233	31.09095455470838	0.49333333333333335	0.5066666666666667
5	0.14485764503479004	31.407454616145085	0.49166666666666664	0.5466666666666666
6	0.14317076546805246	31.147616311123496	0.5008333333333334	0.5066666666666667
7	0.1431492567062378	30.623149796536094	0.5066666666666667	0.48
8	0.14298862881130642	31.078622215672542	0.49083333333333334	0.5333333333333333
9	0.14206113815307617	30.390652405588252	0.5216666666666666	0.54
10	0.14250113747336648	30.31429732473273	0.5133333333333333	0.5466666666666666
11	0.14294779300689697	30.392290943547298	0.5091666666666667	0.5133333333333333
12	0.14225365565373346	30.029857284144352	0.5275	0.5266666666666666
13	0.142459613936288	29.614164553190534	0.5183333333333333	0.5266666666666666
14	0.14285486539204914	30.476055847971065	0.5133333333333333	0.5333333333333333
15	0.14239996671676636	30.06101558082982	0.5058333333333334	0.5133333333333333
16	0.14234043570125804	30.091158666108782	0.5275	0.5333333333333333
17	0.14249862564934623	29.609481008429277	0.53	0.5333333333333333
18	0.14197413544905813	29.63396684746993	0.53	0.52
19	0.14220564365386962	29.250355670326634	0.5233333333333333	0.5066666666666667
20	0.14213668732416063	29.25447130203247	0.5366666666666666	0.52
21	0.14168866114182907	28.7798561045998	0.5433333333333333	0.54
22	0.14172050227289615	28.94013113724558	0.5366666666666666	0.5533333333333333
23	0.14180350303649902	28.687577197426243	0.555	0.5266666666666666
24	0.14155107498168945	28.712262329302337	0.5366666666666666	0.52
25	0.14167113487537092	28.564283822712145	0.5425	0.54
26	0.14173808804264776	28.322495460510254	0.5558333333333333	0.5533333333333333
27	0.14152416161128453	28.128855554681074	0.5425	0.5266666666666666
28	0.14158712584396888	27.72734852841026	0.5608333333333333	0.5733333333333334
29	0.14167365233103435	27.66369372919986	0.5558333333333333	0.5533333333333333
30	0.14142747848264633	27.240737915039062	0.5733333333333334	0.52
31	0.14144978672266006	27.059282629113447	0.5691666666666667	0.54
32	0.14157018517002914	27.15778358359086	0.5691666666666667	0.5266666666666666
33	0.14143222219803753	27.19799112018786	0.5658333333333333	0.5333333333333333
34	0.1415809222630092	26.759600664439954	0.58	0.54
35	0.14169607559839884	26.501041337063437	0.5808333333333333	0.5333333333333333
36	0.14144267907013763	26.535149900536787	0.5883333333333334	0.5466666666666666
37	0.14159071445465088	26.326171021712454	0.5958333333333333	0.52
38	0.14153395554958245	26.215115296213252	0.59	0.5066666666666667
39	0.14132288694381714	27.1897937875045	0.5808333333333333	0.5266666666666666
40	0.14147799189497784	25.964395774038213	0.595	0.54
41	0.14155940214792886	26.185064943213213	0.5816666666666667	0.5266666666666666
42	0.14142328639363133	26.101331259074964	0.595	0.52
43	0.14158738201314752	25.84877792157625	0.5991666666666666	0.52
44	0.14162739647759331	25.44503651167217	0.605	0.52
45	0.14142188300257144	25.21664303227475	0.6025	0.5333333333333333
46	0.14144866009976	25.10957311329089	0.6091666666666666	0.52
47	0.14150646328926086	25.318377846165706	0.6041666666666666	0.49333333333333335
48	0.1413076945713588	25.194908393056767	0.6066666666666667	0.5
-1	-1	-1	-1	-1
0	0.17546772956848145	34.919731968327575	0.4266666666666667	0.5
1	0.1584078073501587	32.85525347057142	0.445	0.42
2	0.15059256553649902	33.00306897414358	0.47833333333333333	0.4266666666666667
3	0.14957505464553833	32.21221060501902	0.4725	0.48
4	0.1462923526763916	31.23586022226434	0.52	0.49333333333333335
5	0.14534437656402588	30.951769979376543	0.5091666666666667	0.43333333333333335
6	0.14543284688677108	32.008456230163574	0.49083333333333334	0.44666666666666666
7	0.1438942551612854	31.433567900406686	0.49416666666666664	0.46
8	0.14433807796902126	30.85037916585019	0.5041666666666667	0.5066666666666667
9	0.14414587020874023	31.242813311125104	0.5133333333333333	0.4666666666666667
10	0.1430868452245539	30.390922395806562	0.5166666666666667	0.47333333333333333
11	0.14315505822499594	30.42530837811922	0.5116666666666667	0.5066666666666667
12	0.14334730001596305	30.014872651351126	0.5333333333333333	0.5133333333333333
13	0.14291172368185862	30.18234930540386	0.515	0.48
14	0.14301888147989908	29.612436796489515	0.54	0.5
15	0.14308907091617584	29.590965471769636	0.525	0.5133333333333333
16	0.14260425287134507	29.628412698444567	0.5358333333333334	0.49333333333333335
17	0.14267334673139784	29.41215113589638	0.5383333333333333	0.49333333333333335
18	0.14271716067665502	29.039270852741442	0.535	0.5
19	0.14230241775512695	29.281442265761527	0.5391666666666667	0.44666666666666666
20	0.14252510524931408	28.930880847730133	0.5483333333333333	0.5133333333333333
21	0.1428148313002153	28.676198758577044	0.5458333333333333	0.4866666666666667
22	0.1428299675817075	28.383868543725264	0.5583333333333333	0.5
23	0.14267576734224954	28.457033910249407	0.5375	0.4666666666666667
24	0.1431119918823242	28.804034107609798	0.5533333333333333	0.5133333333333333
25	0.14279052844414344	27.868623206489964	0.5608333333333333	0.5066666666666667
26	0.1427012107990406	27.887450117813913	0.565	0.4666666666666667
27	0.14272483757564	28.393790596409847	0.5583333333333333	0.5
28	0.14237051174558443	27.659151930558053	0.5625	0.52
29	0.14260666370391845	27.291105772319593	0.5666666666666667	0.5066666666666667
30	0.1424584234914472	27.228897998207493	0.5658333333333333	0.5066666666666667
31	0.14216218888759613	27.117577502602025	0.5691666666666667	0.5133333333333333
32	0.14238596685004956	26.774084015896445	0.5808333333333333	0.5133333333333333
33	0.14236181623795452	26.55706659116243	0.5783333333333334	0.5066666666666667
34	0.14212839944022043	26.743761188105534	0.57	0.49333333333333335
35	0.14230885108311972	26.363144673799212	0.5866666666666667	0.5266666666666666
36	0.1422400796735609	25.946565176311292	0.5908333333333333	0.5133333333333333
37	0.14215150004939028	25.871271284003008	0.5908333333333333	0.5
38	0.14227760755098784	25.740688298877917	0.5916666666666667	0.5133333333333333
39	0.1423762857913971	26.326437096846732	0.5875	0.52
40	0.14219009585496856	25.945484663310804	0.5991666666666666	0.52
41	0.14231388341812862	25.82818347529361	0.5975	0.52
42	0.1423732513605162	25.697029163962917	0.595	0.5066666666666667
43	0.14227051084691827	26.069899659407767	0.5883333333333334	0.5066666666666667
44	0.14239423539903429	25.584723497691908	0.595	0.5133333333333333
45	0.14258939805238144	25.1548177819503	0.605	0.5133333333333333
46	0.14254584718257823	25.08263585441991	0.5983333333333334	0.52
47	0.14255932966868082	24.874767705013877	0.6075	0.5066666666666667
48	0.142764612120025	24.95252453653436	0.6025	0.52
49	0.14262197494506837	24.80821506600631	0.6141666666666666	0.5
50	0.1425336762970569	24.816885647020843	0.6058333333333333	0.49333333333333335
51	0.14267233243355384	24.639474668000872	0.6116666666666667	0.5133333333333333
52	0.14254286154261175	24.534906035975407	0.6041666666666666	0.5133333333333333
53	0.14261196277759694	24.50386162808067	0.6158333333333333	0.5133333333333333
54	0.1426766655661843	24.420198892292223	0.615	0.5
55	0.14257554497037614	24.32977425424676	0.6183333333333333	0.5066666666666667
-1	-1	-1	-1	-1
0	0.17455315589904785	36.05939920325028	0.4	0.43333333333333335
1	0.16626346111297607	32.85806219201339	0.4525	0.41333333333333333
2	0.16089971860249838	31.931380798942165	0.48333333333333334	0.38
3	0.15502893924713135	30.950168484135677	0.5025	0.38666666666666666
4	0.15381312370300293	31.756657851369756	0.4866666666666667	0.3933333333333333
5	0.1510359843571981	31.0980678608543	0.5058333333333334	0.44
6	0.15025057111467635	30.928779150310316	0.49583333333333335	0.4
7	0.15000754594802856	30.955829168620863	0.49916666666666665	0.3333333333333333
8	0.1486878130171034	31.439600041038112	0.4775	0.43333333333333335
9	0.14836301803588867	30.712550012688887	0.49833333333333335	0.46
10	0.14846012809059836	30.67859092511629	0.515	0.4066666666666667
11	0.14750842253367105	30.419755283154938	0.5066666666666667	0.48
12	0.1472183741056002	29.75664798836959	0.5116666666666667	0.3933333333333333
13	0.14711965833391463	30.099075518156354	0.5091666666666667	0.4266666666666667
14	0.14635070164998373	29.764578869468288	0.5208333333333334	0.4866666666666667
15	0.14632810652256012	29.383310167413008	0.5275	0.47333333333333333
16	0.1464674052070169	29.444684078818874	0.5283333333333333	0.44666666666666666
17	0.14601565731896293	29.422153849350778	0.515	0.46
18	0.1455507529409308	29.170464114138955	0.5333333333333333	0.42
19	0.14579644203186035	29.502293461247493	0.5258333333333334	0.4866666666666667
20	0.14548550333295548	29.081597328186035	0.5166666666666667	0.4533333333333333
21	0.1452770775014704	28.898939182883815	0.5358333333333334	0.46
22	0.14552041758661685	28.391147638622083	0.5458333333333333	0.4866666666666667
23	0.14518620570500693	28.21558495571739	0.5383333333333333	0.44
24	0.14494982719421387	28.11243840267784	0.5558333333333333	0.4666666666666667
25	0.14513485248272234	27.864481122870195	0.5558333333333333	0.44
26	0.14489056445934154	27.885410760578356	0.56	0.47333333333333333
27	0.1448192937033517	27.650970860531455	0.5541666666666667	0.42
28	0.14514577799829945	27.665959408408717	0.565	0.4666666666666667
29	0.1448046048482259	27.114741300281725	0.5608333333333333	0.46
30	0.14490365212963474	26.986361704374616	0.5675	0.48
31	0.14504031836986542	26.91506084642912	0.5766666666666667	0.5066666666666667
32	0.14486593188661517	26.745017001503392	0.5708333333333333	0.47333333333333333
33	0.14458626859328327	26.557204171230918	0.575	0.4866666666666667
34	0.14470853805541992	26.62673837260196	0.5708333333333333	0.4666666666666667
35	0.14445633358425564	26.460249951011257	0.5791666666666667	0.48
36	0.14447419063465014	26.320607461427386	0.5808333333333333	0.4666666666666667
37	0.1445268894496717	26.037218344838994	0.5891666666666666	0.4666666666666667
38	0.14426120733603454	26.18126402403179	0.5891666666666666	0.4666666666666667
39	0.14443833231925965	25.6737675917776	0.5925	0.46
40	0.1445544289379585	26.172893248106305	0.5883333333333334	0.47333333333333333
41	0.14432379745301746	26.126019251974004	0.5833333333333334	0.48
42	0.14443663109180538	25.56788078107332	0.5966666666666667	0.48
43	0.1444551186128096	25.39417911830701	0.5983333333333334	0.4666666666666667
44	0.14433028962877062	25.179412139089482	0.6016666666666667	0.46
45	0.14448610077733579	25.142044117576198	0.6083333333333333	0.4666666666666667
46	0.144585741327164	25.027496337890625	0.6016666666666667	0.49333333333333335
47	0.14445891976356506	25.11600597281205	0.5983333333333334	0.48
48	0.14456708090645926	24.99284947545905	0.6041666666666666	0.4866666666666667
49	0.14467097759246828	25.448029718900983	0.5908333333333333	0.49333333333333335
50	0.14455173062343224	24.82073103754144	0.605	0.47333333333333333
51	0.1445719599723816	24.762533463929827	0.6133333333333333	0.48
-1	-1	-1	-1	-1
0	0.17640233039855957	34.528185643647845	0.425	0.4533333333333333
1	0.16180884838104248	33.73632400914242	0.4475	0.4866666666666667
2	0.1587373415629069	32.239404477571185	0.47583333333333333	0.4266666666666667
3	0.15418118238449097	31.95517685538844	0.4816666666666667	0.47333333333333333
4	0.15134716033935547	31.95433265284488	0.4625	0.4866666666666667
5	0.15124905109405518	31.178346809587982	0.47833333333333333	0.5666666666666667
6	0.149623019354684	30.94542704130474	0.49166666666666664	0.49333333333333335
7	0.14871278405189514	30.476526159989206	0.5025	0.5533333333333333
8	0.14925140804714626	30.49149219613326	0.5075	0.4866666666666667
9	0.14823744297027588	30.86974673522146	0.49333333333333335	0.5266666666666666
10	0.1474841074510054	30.683245608681126	0.4891666666666667	0.54
11	0.14797667662302652	30.65425739790264	0.4875	0.5466666666666666
12	0.14734270022465631	29.964151533026445	0.5175	0.5266666666666666
13	0.14692034040178573	29.85757007096943	0.5075	0.5133333333333333
14	0.1475558598836263	29.38431493859542	0.5208333333333334	0.56
15	0.14712494611740112	29.13180348747655	0.53	0.5266666666666666
16	0.14679925581988165	29.570955678036338	0.5208333333333334	0.5133333333333333
17	0.14712466133965385	29.156841002012555	0.5241666666666667	0.5733333333333334
18	0.14642884856776187	29.299965456912393	0.525	0.5533333333333333
19	0.14603769779205322	29.123019519605133	0.525	0.54
20	0.14640252930777414	28.901868092386348	0.5333333333333333	0.5333333333333333
21	0.14594906026666815	28.394831531926204	0.5475	0.5466666666666666
22	0.14565133011859396	28.24714439793637	0.5475	0.5533333333333333
23	0.14587349692980447	28.244777227702894	0.5441666666666667	0.56
24	0.14547239303588866	27.891883599130733	0.5633333333333334	0.5666666666666667
25	0.14544159632462722	28.913987962823164	0.5425	0.5666666666666667
26	0.14539055471067075	27.962427415345843	0.55	0.54
27	0.14510061059679305	27.925832346866006	0.555	0.5533333333333333
28	0.14509257776983853	27.953369115528307	0.5466666666666666	0.5533333333333333
29	0.14505653381347655	27.214000124680368	0.5641666666666667	0.5533333333333333
30	0.1447564632661881	26.883879812140215	0.5616666666666666	0.5266666666666666
31	0.14486699551343918	26.801381763659027	0.57	0.5466666666666666
32	0.14479765025052158	26.96407117341694	0.5725	0.5466666666666666
33	0.14447186974918141	27.06947015461169	0.5633333333333334	0.54
34	0.14451972416469028	26.774579826154206	0.5741666666666667	0.5533333333333333
35	0.14472315046522352	26.945873662045127	0.5633333333333334	0.5333333333333333
36	0.14464305542610786	27.051696400893363	0.5658333333333333	0.5533333333333333
37	0.14452571617929558	26.50147126850329	0.5708333333333333	0.5466666666666666
38	0.14458236327538124	26.370657870644017	0.5658333333333333	0.5933333333333334
39	0.1442820370197296	26.009596498388994	0.5866666666666667	0.5666666666666667
40	0.1443113582890208	25.727328476152923	0.5866666666666667	0.58
41	0.14432091940016972	25.535807032334176	0.5966666666666667	0.5466666666666666
42	0.1441521256469017	25.62583441483347	0.58	0.5466666666666666
43	0.14426774870265613	25.356197081114118	0.5883333333333334	0.58
44	0.144321780734592	25.343828000520404	0.5891666666666666	0.58
45	0.14419873382734216	25.030705075514945	0.595	0.5666666666666667
46	0.1443240744002322	25.105195748178584	0.5925	0.58
47	0.14445586005846658	25.082127571105957	0.5975	0.5666666666666667
48	0.14435609992669554	24.893701528248034	0.6	0.5666666666666667
49	0.14435380458831787	24.625720576236123	0.6	0.58
50	0.14441794040156344	24.62499754052413	0.605	0.56
51	0.14423542756300706	24.535787632590846	0.6058333333333333	0.5466666666666666
52	0.1442023088347237	24.555311479066546	0.6033333333333334	0.5466666666666666
53	0.14425513479444715	24.377261387674434	0.6025	0.5533333333333333
54	0.144032300602306	24.362077311465615	0.6008333333333333	0.5533333333333333
55	0.14410166229520524	25.12904187252647	0.6025	0.5533333333333333
56	0.14419213930765787	24.59988636719553	0.6058333333333333	0.5533333333333333
57	0.14417230671849743	24.452479588358027	0.6058333333333333	0.54
58	0.14399607302778858	24.260309495423968	0.6091666666666666	0.5533333333333333
-1	-1	-1	-1	-1
0	0.17145729064941406	36.370633476658874	0.3825	0.38666666666666666
1	0.15365970134735107	33.07366431386847	0.415	0.41333333333333333
2	0.15191237131754556	32.77920336472361	0.44583333333333336	0.44
3	0.1482580304145813	32.46326411397833	0.4575	0.41333333333333333
4	0.14733967781066895	32.0459031556782	0.46	0.4666666666666667
5	0.14746737480163574	30.997314528415078	0.5	0.49333333333333335
6	0.14816522598266602	30.878344309957402	0.5041666666666667	0.4266666666666667
7	0.1470610499382019	30.741490113107783	0.515	0.46
8	0.1471637619866265	30.920923283225612	0.5041666666666667	0.4533333333333333
9	0.1458667278289795	30.247830290543405	0.49916666666666665	0.4533333333333333
10	0.14595484733581543	30.530916565342952	0.5058333333333334	0.4866666666666667
11	0.14611725012461343	30.47836348884984	0.5075	0.4666666666666667
12	0.14574639613811785	29.89480723832783	0.5216666666666666	0.48
13	0.14533070155552455	29.646676816438372	0.5133333333333333	0.4866666666666667
14	0.14578523635864257	29.338395470067073	0.5216666666666666	0.44
15	0.14591112732887268	29.773365522685804	0.5125	0.4666666666666667
16	0.14551931269028606	29.459699806414154	0.5258333333333334	0.48
17	0.14601333936055502	29.219881685156572	0.535	0.4866666666666667
18	0.14572673094900032	28.94948050850316	0.525	0.4666666666666667
19	0.14563647508621216	28.847030137714587	0.5391666666666667	0.49333333333333335
20	0.1462353411174956	28.766541481018066	0.5425	0.47333333333333333
21	0.14650002392855557	28.62730974900095	0.535	0.4666666666666667
22	0.1464032504869544	28.511530123258893	0.5391666666666667	0.5
23	0.1468543807665507	28.28586801729704	0.5433333333333333	0.4866666666666667
24	0.1470259380340576	28.58817256124396	0.5458333333333333	0.44
25	0.14692935576805702	28.55482312252647	0.5375	0.49333333333333335
26	0.14724271385758012	28.11726951599121	0.5508333333333333	0.49333333333333335
27	0.1469348328454154	28.006225033810264	0.5641666666666667	0.5133333333333333
28	0.1466386153780181	27.66085998635543	0.5666666666666667	0.5133333333333333
29	0.14686674276987713	27.466313060961273	0.5691666666666667	0.49333333333333335
30	0.14711427688598633	27.11509092230546	0.5741666666666667	0.5133333333333333
31	0.14672262966632843	27.279475362677324	0.5683333333333334	0.5
32	0.1467682881788774	28.570870273991634	0.545	0.5133333333333333
33	0.14639242256388946	28.42714329769737	0.5391666666666667	0.4866666666666667
34	0.1465033735547747	27.737386352137516	0.5566666666666666	0.5066666666666667
35	0.1465513308842977	27.318593376561214	0.5583333333333333	0.5133333333333333
36	0.14630933065672178	26.978854781702946	0.5708333333333333	0.5066666666666667
37	0.14643496588656776	26.80455258018092	0.5783333333333334	0.5333333333333333
38	0.14645636998690093	26.530589555439196	0.58	0.5266666666666666
39	0.14622371196746825	26.162458821346885	0.585	0.5266666666666666
40	0.14631239960833295	26.099667022102757	0.575	0.54
41	0.14635850134350004	26.327414462440892	0.5866666666666667	0.5466666666666666
42	0.14617627720500148	25.991930233804805	0.5875	0.56
43	0.1462433175607161	26.07345608661049	0.5875	0.54
44	0.1462687227461073	25.74499393764295	0.5941666666666666	0.58
45	0.14606810134390127	25.593896514491032	0.595	0.56
46	0.1461034226924815	25.360849907523708	0.5983333333333334	0.5333333333333333
47	0.1461323748032252	25.257358751798932	0.5975	0.5333333333333333
48	0.14594801591367138	25.199228537710088	0.6008333333333333	0.5266666666666666
49	0.1460047721862793	24.99818450526187	0.6	0.5533333333333333
50	0.14607537493986242	24.86957991750617	0.6041666666666666	0.5666666666666667
51	0.14590939191671518	24.8136894326461	0.5966666666666667	0.56
52	0.14595597195175458	24.864829138705606	0.6083333333333333	0.5333333333333333
53	0.14602290259467232	24.739625077498587	0.6083333333333333	0.5333333333333333
54	0.14588262818076395	24.670727980764287	0.6008333333333333	0.5466666666666666
55	0.14587677802358354	24.471842288970947	0.6108333333333333	0.5266666666666666
56	0.1459565329969975	24.65970466011449	0.6041666666666666	0.56
57	0.1458006316217883	24.43022125645688	0.6075	0.5733333333333334
58	0.14577060230707717	24.388561926389997	0.6058333333333333	0.5733333333333334
59	0.14582820336023966	24.338591525429173	0.6041666666666666	0.5533333333333333
60	0.14569170748601196	24.215296971170527	0.6116666666666667	0.5533333333333333
61	0.14569731297031527	24.143941653402226	0.6108333333333333	0.5666666666666667
62	0.14577071628873312	24.129568978359824	0.6158333333333333	0.5466666666666666
63	0.14565235748887062	24.092117234280234	0.6141666666666666	0.5666666666666667
64	0.1456479366009052	24.00352954864502	0.6191666666666666	0.5666666666666667
-1	-1	-1	-1	-1
0	0.17401719093322754	36.31630601381001	0.37583333333333335	0.37333333333333335
1	0.15672874450683594	33.20755898325067	0.44083333333333335	0.4
2	0.15396563212076822	32.91756772994995	0.4325	0.3466666666666667
3	0.1503307819366455	32.399409545095345	0.4375	0.30666666666666664
4	0.1493671417236328	32.05595543510035	0.44666666666666666	0.4533333333333333
5	0.14935739835103354	31.790875987002725	0.4691666666666667	0.41333333333333333
6	0.14821628161839076	30.970077163294743	0.49416666666666664	0.46
7	0.14722400903701782	30.764412026656302	0.5075	0.4866666666666667
8	0.1476918856302897	30.646018078452663	0.4891666666666667	0.4533333333333333
9	0.14686007499694825	30.188157784311397	0.5091666666666667	0.47333333333333333
10	0.14608025550842285	30.186506672909385	0.5	0.43333333333333335
11	0.1464989980061849	29.73899015627409	0.5208333333333334	0.47333333333333333
12	0.14586272606482872	29.710788300162868	0.515	0.47333333333333333
13	0.14529541560581752	29.54337288203992	0.5091666666666667	0.54
14	0.14609708786010742	29.54051815836053	0.5025	0.5266666666666666
15	0.14606866240501404	29.7372085169742	0.5241666666666667	0.4666666666666667
16	0.14606503879322724	29.55423771707635	0.5158333333333334	0.4666666666666667
17	0.14665416876475015	29.36072439896433	0.5183333333333333	0.49333333333333335
18	0.1467557706330952	28.966853944878828	0.5325	0.49333333333333335
19	0.14647481441497803	28.875545100161904	0.5308333333333334	0.4866666666666667
20	0.14681646937415713	28.928850249240273	0.54	0.5066666666666667
21	0.14640348607843573	28.97813031547948	0.5308333333333334	0.49333333333333335
22	0.1461312252542247	28.42907288199977	0.5508333333333333	0.5133333333333333
23	0.14644317825635275	28.521171118083753	0.5358333333333334	0.5
24	0.14612405776977538	28.085594754470023	0.5558333333333333	0.49333333333333335
25	0.14620882731217605	28.02818832899395	0.55	0.5066666666666667
26	0.14641612547415275	27.912974407798366	0.5566666666666666	0.48
27	0.14603097949709212	27.93243922685322	0.5516666666666666	0.4866666666666667
28	0.1458810855602396	27.838160213671234	0.5608333333333333	0.4866666666666667
29	0.14587124983469646	27.4865332653648	0.5591666666666667	0.48
30	0.14561957697714528	27.769432870965254	0.5575	0.49333333333333335
31	0.14570461213588715	27.133576995448063	0.5758333333333333	0.52
32	0.14624887524229108	26.90220496529027	0.5758333333333333	0.49333333333333335
33	0.14591942815219655	26.59051819851524	0.5791666666666667	0.5266666666666666
-1	-1	-1	-1	-1
0	0.17844700813293457	34.6811839404859	0.43583333333333335	0.4533333333333333
1	0.16077709197998047	32.74214222556666	0.4691666666666667	0.5066666666666667
2	0.1536719799041748	32.2889928817749	0.48333333333333334	0.5533333333333333
3	0.15107089281082153	31.685237382587633	0.48333333333333334	0.5
4	0.14925413131713866	32.121770908958034	0.47583333333333333	0.54
5	0.14683306217193604	31.114152255811188	0.49916666666666665	0.5066666666666667
6	0.14703546251569474	31.1038811583268	0.49	0.5466666666666666
7	0.14735525846481323	30.85703626431917	0.48833333333333334	0.5
8	0.14638513988918728	30.39221387160452	0.5016666666666667	0.5266666666666666
9	0.14614644050598144	30.218579518167598	0.51	0.52
10	0.14645325053821912	30.352452177750436	0.5125	0.5066666666666667
11	0.1458324988683065	30.37376832962036	0.5033333333333333	0.5133333333333333
12	0.14606796778165376	30.675254269650107	0.49833333333333335	0.5
13	0.14616962841578893	30.30980516734876	0.5083333333333333	0.4866666666666667
14	0.14559359550476075	29.571295637833444	0.5216666666666666	0.5466666666666666
15	0.1456458568572998	29.75187487351267	0.52	0.49333333333333335
16	0.14590692520141602	29.53190181129857	0.5208333333333334	0.5266666666666666
17	0.14539160993364122	29.04805474532278	0.54	0.5466666666666666
18	0.14518770418669047	29.04701436193366	0.5291666666666667	0.5066666666666667
19	0.14516730308532716	28.786484216388903	0.5483333333333333	0.5
20	0.1446510155995687	28.856364952890498	0.5366666666666666	0.5066666666666667
21	0.14490764791315253	28.654373771265934	0.5425	0.5
22	0.14498268003049103	28.5590534461172	0.5358333333333334	0.48
23	0.14468266566594443	28.186744438974483	0.5525	0.52
24	0.14485686302185058	28.111530354148464	0.5516666666666666	0.5
25	0.14516329765319824	27.926992290898372	0.5483333333333333	0.5066666666666667
26	0.14494608949731896	27.59020047438772	0.5716666666666667	0.5066666666666667
27	0.14484268426895142	27.911369875857705	0.5533333333333333	0.5066666666666667
28	0.14514526827581997	29.148562556818913	0.5591666666666667	0.49333333333333335
29	0.14490219751993816	28.55274755076358	0.5541666666666667	0.52
-1	-1	-1	-1	-1
0	0.23391985893249512	35.16376435129266	0.41083333333333333	0.35333333333333333
1	0.18913519382476807	32.7086689597682	0.4525	0.44
2	0.1722895304361979	32.208984525580156	0.4533333333333333	0.5
3	0.16406142711639404	31.756351972881117	0.48833333333333334	0.4866666666666667
4	0.159964656829834	31.052864526447497	0.505	0.4666666666666667
5	0.15597216288248697	30.92168318597894	0.5041666666666667	0.5133333333333333
6	0.15474820137023926	30.55436756736354	0.49666666666666665	0.5
7	0.15402385592460632	30.867384007102565	0.515	0.48
8	0.152397976981269	31.019404210542376	0.5058333333333334	0.4533333333333333
9	0.15142333507537842	30.51086744509245	0.4975	0.44666666666666666
10	0.15148041465065695	30.776773302178633	0.5016666666666667	0.4266666666666667
11	0.15050868193308511	31.07248060326827	0.47333333333333333	0.48
12	0.14987841019263634	30.31750716661152	0.5041666666666667	0.4866666666666667
13	0.1500307491847447	30.087471158880938	0.5208333333333334	0.4666666666666667
14	0.1493107477823893	29.92894240429527	0.5075	0.48
15	0.1488596647977829	29.918444934644196	0.5283333333333333	0.5133333333333333
16	0.14907320807961857	29.970632452713815	0.5158333333333334	0.47333333333333333
17	0.14856036504109701	29.55215735184519	0.5325	0.4666666666666667
18	0.14843561774805972	29.293564896834525	0.545	0.44666666666666666
19	0.14880659580230712	29.306233406066895	0.5175	0.5133333333333333
20	0.14857130958920434	28.80143976211548	0.5433333333333333	0.5133333333333333
21	0.14846039902080188	28.961762378090306	0.5366666666666666	0.49333333333333335
22	0.14863104405610458	28.266321834764984	0.5391666666666667	0.5533333333333333
23	0.1481532653172811	28.494673678749486	0.5566666666666666	0.5
24	0.1480042266845703	28.061838476281416	0.56	0.48
25	0.1483468092404879	27.90256136342099	0.5583333333333333	0.52
26	0.14828239546881783	27.615092679073935	0.5675	0.5133333333333333
27	0.14807912281581334	27.3241861242997	0.565	0.5466666666666666
28	0.1483616828918457	27.429640920538652	0.5641666666666667	0.5066666666666667
29	0.14832855065663655	26.858699221360055	0.565	0.5066666666666667
30	0.148138330828759	26.42306383032548	0.5783333333333334	0.49333333333333335
31	0.14835168421268463	26.3523040068777	0.5825	0.4866666666666667
32	0.14816853494355173	26.58663717069124	0.58	0.48
33	0.1480025053024292	27.797385265952663	0.5716666666666667	0.48
34	0.1481759888785226	26.611618267862422	0.5758333333333333	0.5133333333333333
35	0.14786629544364083	26.27009858583149	0.5841666666666666	0.5133333333333333
36	0.14759544424108556	25.91958206578305	0.5866666666666667	0.5266666666666666
37	0.14789701135534988	25.557607349596527	0.5891666666666666	0.5266666666666666
38	0.14751093204204851	25.418118803124678	0.5958333333333333	0.5133333333333333
39	0.1471940517425537	25.53673603660182	0.5916666666666667	0.5133333333333333
40	0.14728534512403535	25.247593653829473	0.5966666666666667	0.49333333333333335
41	0.14692505768367223	25.273518537220202	0.5916666666666667	0.49333333333333335
42	0.14683786658353584	25.146860925774824	0.5991666666666666	0.49333333333333335
-1	-1	-1	-1	-1
0	0.16837835311889648	34.787792456777474	0.42	0.3466666666666667
1	0.15274250507354736	32.869166123239616	0.43666666666666665	0.47333333333333333
2	0.15075556437174478	32.588646738152754	0.4766666666666667	0.5
3	0.14818161725997925	31.618964521508467	0.4841666666666667	0.5666666666666667
4	0.14665822982788085	31.133816869635332	0.49166666666666664	0.5133333333333333
5	0.14683655897776285	31.456100614447344	0.49416666666666664	0.54
6	0.1462887695857457	30.839786529541016	0.5008333333333334	0.54
7	0.14556264877319336	30.760741334212454	0.51	0.52
8	0.14607818921407065	30.579184582358913	0.5016666666666667	0.47333333333333333
9	0.14535131454467773	30.884775337420013	0.505	0.5333333333333333
10	0.145377592606978	30.39262610987613	0.5008333333333334	0.49333333333333335
11	0.14570746819178262	29.94654944068507	0.5158333333333334	0.5333333333333333
12	0.14530600034273589	30.021211398275273	0.5016666666666667	0.5333333333333333
13	0.14488399028778076	29.565495139674137	0.52	0.5066666666666667
14	0.14542431831359864	29.74812798751028	0.525	0.5333333333333333
15	0.14512458443641663	29.73065501765201	0.5241666666666667	0.5066666666666667
16	0.14479941480300007	29.192608507055986	0.5275	0.52
17	0.14520132541656494	29.24033340654875	0.5241666666666667	0.52
18	0.14485069325095729	29.26348510541414	0.5175	0.5466666666666666
19	0.14452363252639772	28.572114743684466	0.535	0.52
20	0.14467717352367582	28.744658620733965	0.5333333333333333	0.5066666666666667
21	0.14409611441872336	28.700424068852474	0.5333333333333333	0.52
22	0.14410820214644723	28.224573034989206	0.5383333333333333	0.49333333333333335
23	0.1440077225367228	28.048013837713945	0.5541666666666667	0.52
24	0.14357855796813965	28.158112726713483	0.5541666666666667	0.49333333333333335
25	0.14376839307638314	27.999754102606524	0.5508333333333333	0.54
26	0.14393244849310982	27.332553788235312	0.5566666666666666	0.5266666666666666
27	0.14360952377319336	28.04522539439954	0.5666666666666667	0.5066666666666667
28	0.14368734688594423	27.210077888087223	0.5575	0.5
29	0.14367500940958658	26.755744783501875	0.5808333333333333	0.5266666666666666
-1	-1	-1	-1	-1
0	0.1582961082458496	35.28967551181191	0.41583333333333333	0.37333333333333335
1	0.15176713466644287	32.47955651032297	0.445	0.48
2	0.14831948280334473	31.84056312159488	0.495	0.4266666666666667
3	0.14438456296920776	31.27508903804578	0.5125	0.46
4	0.14399480819702148	31.070939842023346	0.5016666666666667	0.4266666666666667
5	0.1438122590382894	30.622130695142243	0.51	0.46
6	0.14226566042218888	30.49199340217992	0.5091666666666667	0.49333333333333335
7	0.143138587474823	30.26501771023399	0.5191666666666667	0.44666666666666666
8	0.14256403181287977	30.109934154309723	0.5208333333333334	0.44
9	0.14158053398132325	30.225397310758893	0.5241666666666667	0.46
10	0.14210300012068314	29.769929484317178	0.5041666666666667	0.43333333333333335
11	0.14226537942886353	29.495729948344984	0.5341666666666667	0.5066666666666667
12	0.14178598844088042	29.707448281739886	0.53	0.4533333333333333
13	0.14212839944022043	29.42004246460764	0.5316666666666666	0.4666666666666667
14	0.14230062166849772	29.427167239942047	0.525	0.47333333333333333
15	0.14172305166721344	29.608632137900905	0.5458333333333333	0.46
16	0.14213226823245778	29.275972115366084	0.5408333333333334	0.4666666666666667
17	0.14220276143815783	28.635749641217682	0.5483333333333333	0.49333333333333335
18	0.14180200978329308	28.64168930053711	0.55	0.48
19	0.14193769693374633	28.37525578549034	0.55	0.5066666666666667
20	0.1420572598775228	28.24513339996338	0.5633333333333334	0.5
21	0.14162491668354382	28.42382019444516	0.5533333333333333	0.46
22	0.14169361280358356	29.17806675559596	0.5508333333333333	0.4866666666666667
23	0.1418582797050476	28.212477282473916	0.5625	0.5
24	0.1414957332611084	27.79795036817852	0.5641666666666667	0.48
25	0.14156676255739653	27.503721613633004	0.5583333333333333	0.47333333333333333
26	0.1416419435430456	27.428610375053005	0.5591666666666667	0.5
27	0.14141981090818131	27.143339583748265	0.5691666666666667	0.48
28	0.1415989481169602	28.002364284113835	0.5583333333333333	0.5
29	0.14171019395192463	26.8042405780993	0.5708333333333333	0.5
30	0.14148962113165087	26.59043706090827	0.5725	0.5066666666666667
31	0.14162620902061462	26.10786656329506	0.5758333333333333	0.5133333333333333
32	0.14174908580202045	26.061840860467207	0.5816666666666667	0.5066666666666667
33	0.14155836666331573	26.166978986639727	0.595	0.4866666666666667
34	0.14175621441432407	25.892654067591618	0.5858333333333333	0.5133333333333333
35	0.14196939600838554	25.522055600818835	0.5925	0.52
36	0.14177532453794736	25.538908908241673	0.5975	0.49333333333333335
37	0.1418579063917461	25.24944425884046	0.5958333333333333	0.49333333333333335
38	0.14195991785098344	25.54789241991545	0.5858333333333333	0.4866666666666667
39	0.14174151420593262	25.166984809072392	0.5941666666666666	0.49333333333333335
40	0.14186032806954732	24.893824602428236	0.6075	0.49333333333333335
41	0.14198847044081914	24.745969094728167	0.6075	0.5
42	0.1418335326882296	24.67767840937564	0.605	0.4866666666666667
43	0.1418796886097301	25.714197259200247	0.6008333333333333	0.49333333333333335
44	0.14192681312561034	25.234984523371647	0.6	0.5
45	0.1417267478030661	24.62551192233437	0.6083333333333333	0.47333333333333333
46	0.14187305531603225	24.34630627381174	0.6083333333333333	0.5133333333333333
47	0.14200531939665476	24.533262403387774	0.6141666666666666	0.4866666666666667
48	0.14191886356898717	24.233734507309762	0.6183333333333333	0.48
49	0.14190847396850587	24.049876840491045	0.6166666666666667	0.49333333333333335
50	0.14198655708163394	24.039823883458187	0.6258333333333334	0.48
51	0.1418521679364718	23.957581971821032	0.6208333333333333	0.47333333333333333
52	0.1419405442363811	23.817537458319414	0.6175	0.4866666666666667
53	0.1420588140134458	23.752617635224993	0.6241666666666666	0.48
54	0.14197098125110974	23.749207948383532	0.6158333333333333	0.48
55	0.1419734231063298	23.646280439276445	0.6225	0.47333333333333333
-1	-1	-1	-1	-1
0	0.16680121421813965	35.297795697262416	0.41083333333333333	0.38
1	0.14977288246154785	32.556283248098275	0.45	0.47333333333333333
2	0.14800397555033365	32.31538632041529	0.4691666666666667	0.37333333333333335
3	0.1445513367652893	31.468012056852643	0.4791666666666667	0.4533333333333333
4	0.1447232723236084	31.32052486821225	0.495	0.42
5	0.14515745639801025	30.495105341861123	0.49916666666666665	0.49333333333333335
6	0.14367151260375977	30.36041094127454	0.505	0.48
7	0.1435745358467102	30.377013407255475	0.5158333333333334	0.4666666666666667
8	0.1437234878540039	30.910047280161006	0.4925	0.4266666666666667
9	0.1425873041152954	30.49627961610493	0.53	0.47333333333333333
10	0.1425698453729803	30.982921876405413	0.49416666666666664	0.42
11	0.14264529943466187	30.432761819739092	0.5058333333333334	0.46
12	0.14206816599919245	30.316503148329886	0.5108333333333334	0.44
13	0.14209832463945662	30.025332576350163	0.51	0.4533333333333333
14	0.1422048568725586	29.80494875656931	0.5116666666666667	0.48
15	0.1418929100036621	29.36643065904316	0.5291666666666667	0.4666666666666667
16	0.14211437281440287	29.477918750361393	0.5175	0.44666666666666666
17	0.14231495062510172	29.169564297324733	0.5275	0.49333333333333335
18	0.14203838298195287	28.59455025823493	0.5483333333333333	0.4866666666666667
19	0.14221618175506592	28.917708923942165	0.5208333333333334	0.46
20	0.14243145216078984	28.552453593203897	0.5416666666666666	0.48
21	0.14211350137537176	29.466337404753034	0.5425	0.4666666666666667
22	0.14231133460998535	29.27535702052869	0.5158333333333334	0.44666666666666666
23	0.1425802210966746	28.856931836981524	0.5358333333333334	0.47333333333333333
24	0.14238308906555175	28.01018268183658	0.5575	0.46
25	0.14262946752401498	28.17223390779997	0.5466666666666666	0.46
26	0.14282542687875252	27.54030546389128	0.5508333333333333	0.5066666666666667
27	0.1426164848463876	27.43848042739065	0.5616666666666666	0.49333333333333335
28	0.14275776106735755	26.849685217204847	0.5783333333333334	0.4666666666666667
29	0.1429308334986369	27.210734041113604	0.5691666666666667	0.48
30	0.14275204750799364	27.006508526049164	0.5625	0.46
31	0.1429697349667549	27.564434553447523	0.5608333333333333	0.47333333333333333
32	0.14314796707846902	26.66609189384862	0.5691666666666667	0.49333333333333335
33	0.1429667262470021	26.38707170988384	0.5766666666666667	0.44
34	0.1430814061846052	26.527301035429304	0.57	0.44
35	0.1431544688012865	26.143902954302337	0.575	0.44666666666666666
36	0.14293735736125224	26.019145564029092	0.5766666666666667	0.44
37	0.1429809896569503	25.71137613999216	0.5858333333333333	0.44666666666666666
38	0.1430669808999086	25.6315363080878	0.5808333333333333	0.4533333333333333
39	0.14291537404060364	25.493544453068782	0.585	0.46
40	0.14298151760566524	25.32288061945062	0.5883333333333334	0.46
41	0.14300191402435303	25.316942064385664	0.5916666666666667	0.46
42	0.14275023549102073	25.300241144079912	0.5916666666666667	0.46
43	0.14276263930580832	24.978677699440404	0.5983333333333334	0.4666666666666667
44	0.14278437826368545	25.200637265255576	0.5941666666666666	0.44
45	0.1425478458404541	24.877294766275508	0.5991666666666666	0.48
46	0.142547090002831	24.72167414113095	0.6016666666666667	0.44666666666666666
-1	-1	-1	-1	-1
0	0.17143511772155762	36.784554632086504	0.3933333333333333	0.41333333333333333
1	0.15437495708465576	33.52905100270321	0.4033333333333333	0.5133333333333333
2	0.1575326919555664	32.44753712101986	0.44666666666666666	0.48
3	0.1539376974105835	31.961875413593493	0.4816666666666667	0.4066666666666667
4	0.15106816291809083	32.51509315089176	0.44666666666666666	0.4533333333333333
5	0.1518770456314087	31.376163181505706	0.48	0.5066666666666667
6	0.15082533018929617	31.290188287433825	0.5016666666666667	0.5
7	0.14984336495399475	30.743649206663434	0.4975	0.5066666666666667
8	0.15075980292426217	30.609208056801243	0.5	0.5266666666666666
9	0.15051586627960206	30.51344108581543	0.5025	0.5066666666666667
10	0.14978528022766113	30.5427471462049	0.495	0.5
11	0.15017080307006836	30.316757202148438	0.5041666666666667	0.5666666666666667
12	0.14936008820166954	29.863687791322405	0.5108333333333334	0.5466666666666666
13	0.14867477757590158	31.547648630644147	0.49333333333333335	0.5066666666666667
14	0.1490794817606608	30.281257729781302	0.5141666666666667	0.4866666666666667
15	0.1488603800535202	29.816652498747175	0.5158333333333334	0.4866666666666667
16	0.14836991534513586	29.46959480486418	0.5216666666666666	0.5666666666666667
17	0.14870864815182155	29.393308940686676	0.5191666666666667	0.5466666666666666
18	0.14830493927001953	28.9315767288208	0.5241666666666667	0.52
19	0.1478815793991089	29.151692214765045	0.5383333333333333	0.52
20	0.14819632257734025	30.039179776844225	0.5216666666666666	0.5466666666666666
21	0.14788028326901523	28.85841111132973	0.5308333333333334	0.5533333333333333
22	0.14817000472027322	28.756117921126517	0.5316666666666666	0.5333333333333333
23	0.14815101027488708	28.09917113655492	0.5575	0.54
24	0.1482348346710205	29.195413890637848	0.5433333333333333	0.5733333333333334
25	0.14797941538003775	28.326802329013223	0.5391666666666667	0.54
26	0.14783539595427336	27.85491401270816	0.5491666666666667	0.5733333333333334
27	0.14822430270058767	27.647315301393206	0.5583333333333333	0.5733333333333334
28	0.14823153101164718	27.559210576509173	0.56	0.5266666666666666
29	0.14803258577982584	27.333436162848223	0.5641666666666667	0.5466666666666666
30	0.148153051253288	26.87222827108283	0.5758333333333333	0.56
31	0.14780813455581665	26.813777020103053	0.565	0.5533333333333333
32	0.14769866972258597	26.581023567601253	0.5716666666666667	0.5466666666666666
33	0.14791569289039164	26.822427322990016	0.5658333333333333	0.5466666666666666
34	0.14771588870457242	26.473127340015612	0.57	0.5466666666666666
35	0.1475246482425266	26.35146386999833	0.5691666666666667	0.5666666666666667
36	0.14764367567526326	27.04519756216752	0.5716666666666667	0.58
37	0.1475919673317357	26.444724635074014	0.575	0.54
38	0.14739458988874388	26.07961398676822	0.5708333333333333	0.5533333333333333
39	0.1476150333881378	25.717479881487396	0.5791666666666667	0.5333333333333333
40	0.1474675434391673	25.831123603017705	0.5825	0.56
41	0.14735953580765498	25.590477592066716	0.5883333333333334	0.5466666666666666
42	0.1474969276162081	25.581435178455553	0.5891666666666666	0.5666666666666667
43	0.14737718213688245	25.447883304796722	0.5925	0.56
44	0.14722663561503094	25.167062960172956	0.5925	0.5466666666666666
45	0.14732704473578412	25.14810276031494	0.5925	0.5466666666666666
46	0.14719781469791493	25.049774872629268	0.5908333333333333	0.56
47	0.14705351988474527	24.970198982640316	0.59	0.5666666666666667
48	0.1471647243110501	24.926370670920925	0.5875	0.5466666666666666
49	0.1470121669769287	24.85282732311048	0.5925	0.54
50	0.14687339464823404	24.838940720809134	0.5875	0.5533333333333333
51	0.1469837656387916	24.73526251943488	0.5933333333333334	0.52
52	0.1468033475695916	24.933045462558145	0.5883333333333334	0.5466666666666666
53	0.14674766416902896	24.731985016873008	0.5925	0.5666666666666667
54	0.1468017578125	24.75805089348241	0.59	0.5666666666666667
55	0.1466609069279262	24.639747092598363	0.5975	0.5466666666666666
56	0.14651690867909214	24.485119016546953	0.5966666666666667	0.5466666666666666
-1	-1	-1	-1	-1
0	0.17200326919555664	35.539528369903564	0.4025	0.49333333333333335
1	0.15645694732666016	32.3792230204532	0.4716666666666667	0.47333333333333333
2	0.15117526054382324	31.206572984394274	0.4875	0.43333333333333335
3	0.1510828733444214	31.703003582201507	0.4775	0.44
4	0.14849724769592285	31.089187873037236	0.49	0.4866666666666667
5	0.14731967449188232	31.029107194197806	0.49833333333333335	0.46
6	0.14775892666407994	31.36765203977886	0.5025	0.48
7	0.14619728922843933	31.155096832074616	0.49916666666666665	0.4866666666666667
8	0.1461885240342882	30.5573350504825	0.5058333333333334	0.46
9	0.14641053676605226	29.948717267889727	0.5183333333333333	0.48
10	0.1456859762018377	30.50036146766261	0.5175	0.4866666666666667
11	0.14527887105941772	30.26358027207224	0.5108333333333334	0.4533333333333333
12	0.14530082849355844	30.18937161094264	0.5108333333333334	0.4666666666666667
13	0.14497201783316477	29.767860387500964	0.5233333333333333	0.46
14	0.14518365859985352	29.372871047572087	0.5258333333333334	0.5
15	0.14516431093215942	29.182033212561358	0.5208333333333334	0.4666666666666667
16	0.14452398524564855	29.346036158109968	0.53	0.44666666666666666
17	0.14450909031762016	28.75081747456601	0.5358333333333334	0.48
18	0.14460468292236328	28.409114737259713	0.5383333333333333	0.4666666666666667
19	0.1444761872291565	29.175961645025957	0.5275	0.48
20	0.1447170688992455	28.490263336583187	0.54	0.4666666666666667
21	0.145055890083313	28.11422824859619	0.55	0.4866666666666667
22	0.1447556329810101	28.132678684435394	0.55	0.5066666666666667
23	0.14477781454722086	28.2524716728612	0.5441666666666667	0.52
24	0.14488905906677246	28.01699962114033	0.5491666666666667	0.5066666666666667
25	0.14462605806497428	27.368164338563616	0.5541666666666667	0.5133333333333333
26	0.14487791061401367	27.463508731440495	0.555	0.5133333333333333
27	0.14501355375562394	27.194517687747354	0.5666666666666667	0.49333333333333335
28	0.1448045352409626	27.137489017687347	0.575	0.52
29	0.14483106136322021	26.275208272432025	0.5783333333333334	0.5066666666666667
30	0.1449958585923718	26.68023671601948	0.5775	0.5066666666666667
31	0.14478499442338943	26.34124479795757	0.5741666666666667	0.5466666666666666
32	0.14489478053468646	26.62861731177882	0.5783333333333334	0.52
33	0.14500778562882366	26.95452356338501	0.5775	0.5066666666666667
34	0.14482290404183523	26.2586350440979	0.5825	0.5133333333333333
35	0.14492646853129068	26.015476101323177	0.5833333333333334	0.5066666666666667
36	0.14502226339804158	25.58215005774247	0.59	0.5133333333333333
37	0.14484782595383494	25.227769901877956	0.5933333333333334	0.5133333333333333
38	0.14496440765185234	25.300332094493665	0.5875	0.5133333333333333
39	0.14523857235908508	25.17778747960141	0.5983333333333334	0.5266666666666666
40	0.1452481630371838	25.147590837980573	0.5975	0.52
41	0.14510750202905565	24.911496438478167	0.5958333333333333	0.5133333333333333
42	0.14531625148861907	24.883050391548558	0.5958333333333333	0.5066666666666667
43	0.14515259591015903	25.0573955837049	0.6008333333333333	0.52
44	0.14510645866394042	24.70092955388521	0.605	0.5133333333333333
45	0.1452301999796992	24.604825170416582	0.6075	0.5133333333333333
46	0.14508978356706334	24.471881740971615	0.6075	0.5333333333333333
47	0.14514226714769998	24.394608397232858	0.6066666666666667	0.5333333333333333
48	0.1452530744124432	24.369985655734414	0.6025	0.5266666666666666
49	0.14512430191040038	24.34869613145527	0.6108333333333333	0.5266666666666666
50	0.1451398204354679	24.22714632435849	0.6108333333333333	0.5266666666666666
51	0.14523121026846078	24.81740645358437	0.6108333333333333	0.5133333333333333
-1	-1	-1	-1	-1
0	0.16024422645568848	34.93377113342285	0.44333333333333336	0.32666666666666666
1	0.15635359287261963	32.81355506495426	0.41833333333333333	0.38666666666666666
2	0.15307466189066568	32.53719264582584	0.4625	0.4266666666666667
3	0.14939337968826294	32.07849813762464	0.4716666666666667	0.49333333333333335
4	0.1489802360534668	31.242524849741084	0.495	0.44666666666666666
5	0.14876008033752441	31.450053390703705	0.4975	0.5066666666666667
6	0.1472815445491246	31.393228832044098	0.49416666666666664	0.5
7	0.147053062915802	30.67170745448062	0.4975	0.5266666666666666
8	0.14722768465677896	30.742417737057334	0.5	0.52
9	0.14633665084838868	30.657119399622868	0.5191666666666667	0.5
10	0.1463543935255571	31.085637770201032	0.5166666666666667	0.5066666666666667
11	0.1467621922492981	30.24931009192216	0.5133333333333333	0.5333333333333333
12	0.14621217434222883	30.491151332855225	0.5233333333333333	0.52
13	0.14606736387525285	30.087174214814837	0.515	0.5133333333333333
14	0.14637742042541504	29.580761533034476	0.5325	0.46
15	0.1459486186504364	29.68486630289178	0.5108333333333334	0.5266666666666666
16	0.14561902775483973	29.528349675630267	0.5325	0.5266666666666666
17	0.14604735374450684	29.07237444425884	0.5308333333333334	0.5266666666666666
18	0.14568138122558594	28.91902150605854	0.5491666666666667	0.4866666666666667
19	0.145380961894989	28.731115541960065	0.55	0.49333333333333335
20	0.14579456193106516	30.466960254468415	0.5408333333333334	0.5133333333333333
21	0.14549155668778854	29.461819347582367	0.5391666666666667	0.54
22	0.14526574508003567	28.909757262782048	0.5458333333333333	0.5133333333333333
23	0.14565762877464294	28.38732752047087	0.5558333333333333	0.54
24	0.14550487518310548	28.326884972421748	0.5525	0.52
25	0.1452858723126925	28.01082656258031	0.555	0.5133333333333333
26	0.14561412952564382	27.85037670637432	0.5525	0.5133333333333333
27	0.14527943304606847	27.419671083751478	0.5775	0.5466666666666666
28	0.14518010205235973	27.101468387402985	0.5841666666666666	0.52
29	0.14551868438720703	26.741522789001465	0.5908333333333333	0.5133333333333333
30	0.14558584459366336	27.226704860988416	0.575	0.54
31	0.14549744129180908	26.44434582559686	0.5966666666666667	0.48
32	0.14579745494958127	26.055766180941934	0.5966666666666667	0.4866666666666667
33	0.14586254428414738	25.992636630409642	0.5941666666666666	0.49333333333333335
34	0.1457425730569022	25.75918674468994	0.5975	0.5066666666666667
35	0.14601559771431816	25.298772309955798	0.6041666666666666	0.49333333333333335
36	0.1458549112886996	25.179028511047363	0.61	0.5
37	0.1455427282734921	25.094449620497855	0.6141666666666666	0.5
38	0.14562808550321138	25.513420355947392	0.5983333333333334	0.5133333333333333
39	0.14539573788642884	24.912600316499407	0.615	0.5133333333333333
40	0.14534064037043873	24.60136594270405	0.615	0.5133333333333333
41	0.14538087731315977	24.37153316798963	0.6241666666666666	0.5
42	0.14525020954220794	24.40004808024356	0.6183333333333333	0.4866666666666667
43	0.14524826136502353	24.209604514272588	0.6233333333333333	0.49333333333333335
44	0.14527184168497723	23.947826787045127	0.63	0.4866666666666667
45	0.14507405135942542	23.85052982129549	0.6333333333333333	0.5133333333333333
46	0.1450065146101282	23.708014563510293	0.6291666666666667	0.4866666666666667
47	0.14505582054456076	23.63662308140805	0.6325	0.5133333333333333
-1	-1	-1	-1	-1
0	0.1677265167236328	35.34530042347155	0.3958333333333333	0.4266666666666667
1	0.1567821502685547	32.86762749521356	0.3983333333333333	0.42
2	0.153307835261027	32.72724267056114	0.39916666666666667	0.47333333333333333
3	0.1490982174873352	32.66756900988127	0.43333333333333335	0.34
4	0.14824895858764647	33.22605805648001	0.41	0.44
5	0.1479461987813314	32.14230672936691	0.455	0.44666666666666666
6	0.14635229110717773	31.193472310116416	0.5025	0.44666666666666666
7	0.1463460624217987	31.418464359484222	0.48083333333333333	0.4666666666666667
8	0.14621790250142416	31.09981205588893	0.48583333333333334	0.46
9	0.14521658420562744	30.818329911482962	0.49	0.5066666666666667
10	0.14516663551330566	31.019247657374333	0.5208333333333334	0.44666666666666666
11	0.14527245362599692	30.881117921126517	0.5125	0.47333333333333333
12	0.1446676070873554	30.3330047758002	0.5041666666666667	0.44
13	0.1446776900972639	30.028302845201996	0.5191666666666667	0.42
14	0.144800599416097	30.11040220762554	0.5116666666666667	0.44
15	0.14424748718738556	29.751145664014313	0.5233333333333333	0.41333333333333333
16	0.1441947572371539	29.695195699992933	0.5216666666666666	0.43333333333333335
17	0.14438137743208143	29.78693766342966	0.5241666666666667	0.41333333333333333
18	0.1439410510816072	29.425079245316354	0.5275	0.41333333333333333
19	0.14405641555786133	29.81053728806345	0.5316666666666666	0.48
20	0.14413473719642275	29.76091497822812	0.5316666666666666	0.44666666666666666
21	0.14375216310674493	29.26149885277999	0.5375	0.43333333333333335
22	0.1439439628435218	28.720066622683877	0.5491666666666667	0.43333333333333335
23	0.14398751656214395	28.974161499424984	0.5491666666666667	0.41333333333333333
24	0.14364910125732422	29.90137361225329	0.5275	0.43333333333333335
25	0.14380895174466646	28.884341942636592	0.5466666666666666	0.44
26	0.14391030205620658	28.450990526299726	0.5475	0.4266666666666667
27	0.14362834181104386	27.99561663677818	0.5625	0.44666666666666666
28	0.1437392728082065	27.5261879469219	0.5758333333333333	0.41333333333333333
29	0.14380931854248047	27.290074248062936	0.575	0.46
-1	-1	-1	-1	-1
0	0.16353869438171387	36.20612415514494	0.3983333333333333	0.5533333333333333
1	0.16308116912841797	32.5832711269981	0.4675	0.4533333333333333
2	0.1581263542175293	31.93679992776168	0.4625	0.5466666666666666
3	0.15250033140182495	31.961204629195365	0.4775	0.54
4	0.15055737495422364	31.47974581467478	0.49666666666666665	0.58
5	0.1495951016743978	31.09894888024581	0.48833333333333334	0.5333333333333333
6	0.14753031730651855	31.082876280734414	0.48	0.5333333333333333
7	0.14748889207839966	30.450441962794255	0.51	0.5533333333333333
8	0.14724387062920463	30.82257275832327	0.4741666666666667	0.56
9	0.1460109233856201	30.411751897711504	0.5016666666666667	0.56
10	0.14598540826277298	30.75201840149729	0.49916666666666665	0.5333333333333333
11	0.14587108294169107	30.616210385372764	0.5016666666666667	0.5666666666666667
12	0.14502875621502215	30.202927890576813	0.505	0.56
13	0.14517945902688162	30.592070428948652	0.49166666666666664	0.54
14	0.1452315330505371	30.69248972441021	0.49	0.5866666666666667
15	0.14461345970630646	29.9257197129099	0.5125	0.5533333333333333
16	0.14461480869966395	29.581027633265446	0.4975	0.4
17	0.1446328428056505	29.467795949233206	0.5075	0.5666666666666667
18	0.14413098285072728	29.343494114122894	0.5366666666666666	0.56
19	0.1440874695777893	29.369705150001927	0.5241666666666667	0.5466666666666666
20	0.1442237695058187	29.440314945421722	0.5275	0.5733333333333334
21	0.14381345835599033	29.11955271269146	0.5183333333333333	0.5533333333333333
22	0.14393684138422427	29.276447245949193	0.5258333333333334	0.5666666666666667
23	0.14405587315559387	28.548459831037018	0.5358333333333334	0.5533333333333333
24	0.14370092391967773	28.795028661426745	0.53	0.5666666666666667
25	0.14373161242558405	28.415818063836348	0.5416666666666666	0.56
26	0.14386749267578125	28.616198690314043	0.5341666666666667	0.5333333333333333
27	0.14356833696365356	28.337719465556898	0.545	0.5533333333333333
28	0.14370364978395658	27.997146054318076	0.5516666666666666	0.5666666666666667
29	0.14398979345957438	27.721718913630436	0.555	0.5666666666666667
30	0.14402996340105612	27.53885763569882	0.5666666666666667	0.5666666666666667
31	0.14384399354457855	27.59116940749319	0.56	0.56
32	0.1440208897446141	27.43439024373105	0.5616666666666666	0.54
33	0.14403719060561238	26.97204223432039	0.5708333333333333	0.5733333333333334
34	0.1440328802381243	26.58111978832044	0.5633333333333334	0.54
-1	-1	-1	-1	-1
0	0.17841029167175293	35.17269902480276	0.4116666666666667	0.34
1	0.16006767749786377	32.46978222696405	0.4275	0.44
2	0.15689865748087564	32.09360714962608	0.4683333333333333	0.4866666666666667
3	0.15383553504943848	31.2135682356985	0.495	0.44
4	0.15052809715270996	30.915503953632555	0.5058333333333334	0.5
5	0.15049866835276285	30.78685712814331	0.5141666666666667	0.5066666666666667
6	0.14974498748779297	30.372628764102334	0.5041666666666667	0.44
7	0.14885947108268738	30.2960426932887	0.5141666666666667	0.49333333333333335
8	0.1496246655782064	29.85486758382697	0.5133333333333333	0.4666666666666667
9	0.14849345684051513	30.15878597058748	0.52	0.5466666666666666
10	0.1475314660505815	30.441435663323652	0.5166666666666667	0.54
11	0.1480391025543213	30.57378854249653	0.5016666666666667	0.5266666666666666
12	0.1474441565000094	30.11556951623214	0.5258333333333334	0.46
13	0.14678285803113664	29.638016449777705	0.52	0.52
14	0.14715574582417806	29.536352057206003	0.5216666666666666	0.5133333333333333
15	0.14672736823558807	29.377464997140986	0.5283333333333333	0.48
16	0.146346555036657	29.85949536373741	0.5216666666666666	0.4533333333333333
17	0.1467884381612142	29.569855439035518	0.515	0.5466666666666666
18	0.1466589852383262	29.17163577832674	0.5216666666666666	0.49333333333333335
19	0.14647454023361206	28.953767073781865	0.5425	0.4666666666666667
20	0.14695302645365396	28.82293947119462	0.5383333333333333	0.5
21	0.1468543681231412	28.6794736259862	0.535	0.5133333333333333
22	0.14664406361787216	28.495126749339857	0.5483333333333333	0.47333333333333333
23	0.14701572060585022	28.68216928682829	0.5425	0.48
24	0.14681495666503908	28.262945551621286	0.5425	0.54
25	0.1466881770354051	28.112006915243047	0.5633333333333334	0.49333333333333335
26	0.14691082636515299	28.165232808966387	0.5558333333333333	0.52
27	0.1466691323689052	27.549632925736276	0.5683333333333334	0.52
28	0.14661170696390086	27.48569689298931	0.56	0.47333333333333333
29	0.14689449469248453	28.71051115738718	0.5558333333333333	0.48
-1	-1	-1	-1	-1
0	0.16872882843017578	34.66456593965229	0.4191666666666667	0.41333333333333333
1	0.15633678436279297	33.33326018484015	0.4025	0.38666666666666666
2	0.1555787722269694	32.55445063741583	0.44666666666666666	0.4533333333333333
3	0.15344804525375366	31.621490478515625	0.49333333333333335	0.4533333333333333
4	0.15119438171386718	31.339927121212607	0.4816666666666667	0.44666666666666666
5	0.15180679162343344	30.6805285403603	0.49583333333333335	0.5133333333333333
6	0.1514862605503627	31.234450139497454	0.4791666666666667	0.44
7	0.150369793176651	31.18690340142501	0.49166666666666664	0.5133333333333333
8	0.14969484011332193	31.28371000289917	0.4891666666666667	0.5133333333333333
9	0.15030288696289062	30.745181510322972	0.49416666666666664	0.47333333333333333
10	0.15002380717884412	38.96025306300113	0.4666666666666667	0.35333333333333333
11	0.1493043303489685	31.997364947670384	0.4725	0.48
12	0.1499645343193641	30.970258311221475	0.4891666666666667	0.5
13	0.1498349734715053	30.394889229222347	0.5091666666666667	0.4866666666666667
14	0.1493733247121175	30.306003319589717	0.5083333333333333	0.5
15	0.14975936710834503	30.2090381823088	0.5116666666666667	0.47333333333333333
16	0.1491388713612276	30.059734269192344	0.5158333333333334	0.4866666666666667
17	0.14852164851294625	29.95607950812892	0.515	0.5
18	0.14868150259319105	29.8295538550929	0.5141666666666667	0.48
19	0.1481865167617798	29.618228033969277	0.5125	0.52
20	0.14777340207781112	29.830688125208805	0.51	0.48
21	0.14808299324729227	29.478031158447266	0.5258333333333334	0.49333333333333335
22	0.14770973247030508	29.44203815962139	0.5166666666666667	0.47333333333333333
23	0.1473556856314341	29.122729452032793	0.5283333333333333	0.4666666666666667
24	0.14765774726867675	29.021397590637207	0.5141666666666667	0.5266666666666666
25	0.14734132473285383	28.632517664056074	0.5366666666666666	0.5
26	0.1470523410373264	28.733817326395137	0.5383333333333333	0.47333333333333333
27	0.14733076095581055	28.780366144682233	0.5325	0.5133333333333333
28	0.14707007079288878	28.262359995591012	0.5316666666666666	0.49333333333333335
29	0.1468169053395589	28.103089207097103	0.5475	0.4866666666666667
30	0.1469892301867085	28.305659168644954	0.5375	0.49333333333333335
31	0.14680205285549164	27.958254688664486	0.5516666666666666	0.48
32	0.14662449287645746	27.88009756489804	0.5491666666666667	0.4866666666666667
33	0.14693978253532858	27.497574454859684	0.5491666666666667	0.4866666666666667
34	0.14710918835231235	27.488571944989655	0.5566666666666666	0.5333333333333333
35	0.1469486223326789	27.129592142607038	0.5616666666666666	0.5
36	0.1471883284079062	27.35909110621402	0.5591666666666667	0.5
37	0.14697553609546862	26.829166889190674	0.5725	0.49333333333333335
38	0.14666029123159555	26.566927307530452	0.5766666666666667	0.48
39	0.14692988991737366	27.093790229998138	0.5633333333333334	0.48
40	0.14691434255460414	26.29917395742316	0.5716666666666667	0.4666666666666667
41	0.14675732453664145	26.547171793485944	0.5733333333333334	0.5066666666666667
42	0.14692478956178176	26.05922031402588	0.5833333333333334	0.5266666666666666
43	0.14679272608323532	25.88060833278455	0.5791666666666667	0.49333333333333335
44	0.14664240413241916	25.732694751337956	0.5841666666666666	0.48
45	0.14680963495503302	25.755745486209268	0.5825	0.47333333333333333
46	0.1466761700650479	25.400069061078522	0.585	0.47333333333333333
47	0.1465217818816503	25.32326929192794	0.5941666666666666	0.5133333333333333
48	0.14666168543757224	25.1779835600602	0.5925	0.44666666666666666
49	0.14652154922485353	25.246768449482165	0.5908333333333333	0.47333333333333333
50	0.1463959778056425	24.89509557422839	0.5858333333333333	0.47333333333333333
51	0.14653228337948138	24.993992077676875	0.5966666666666667	0.49333333333333335
52	0.14639531891300994	25.24929935053775	0.5916666666666667	0.5
53	0.14630371111410637	24.766637927607487	0.6016666666666667	0.48
54	0.14643236073580654	24.641381916246917	0.6	0.49333333333333335
-1	-1	-1	-1	-1
0	0.1635885238647461	36.244360973960475	0.37916666666666665	0.44
1	0.15437233448028564	33.24373777289139	0.4375	0.4866666666666667
2	0.15237212181091309	31.83482985747488	0.48	0.5666666666666667
3	0.1514320969581604	31.896434583162005	0.4658333333333333	0.54
4	0.1490664005279541	31.733449735139544	0.49166666666666664	0.52
5	0.14814496040344238	31.279032606827585	0.4875	0.56
6	0.14847830363682338	31.19408456902755	0.4866666666666667	0.54
7	0.14734065532684326	31.182282372524863	0.4791666666666667	0.5666666666666667
8	0.14669836892022026	30.956394245750026	0.495	0.5466666666666666
9	0.14737310409545898	30.553398584064684	0.5033333333333333	0.5266666666666666
10	0.14666704698042435	30.613299520392168	0.49333333333333335	0.5866666666666667
11	0.1460715333620707	30.430708759709407	0.5166666666666667	0.5666666666666667
12	0.14691941554729754	31.121653908177425	0.5058333333333334	0.4533333333333333
13	0.1465416465486799	30.76516103744507	0.48833333333333334	0.5533333333333333
14	0.1460756460825602	30.045203083439876	0.5066666666666667	0.5666666666666667
15	0.14680182933807373	30.121704879559967	0.5191666666666667	0.5266666666666666
16	0.14650556620429545	29.954544418736507	0.5125	0.5866666666666667
17	0.146018385887146	30.106255832471344	0.5208333333333334	0.5666666666666667
18	0.14634937989084343	29.660097624126234	0.5316666666666666	0.5866666666666667
19	0.14587109088897704	29.497689297324733	0.5375	0.5666666666666667
20	0.14560014860970633	29.288372115085	0.525	0.5333333333333333
21	0.14562401988289572	28.948310952437552	0.5308333333333334	0.5466666666666666
22	0.14530952080436374	29.087883070895547	0.5325	0.5666666666666667
23	0.14536210894584656	28.85678788235313	0.5366666666666666	0.5466666666666666
24	0.14547165870666504	29.140910550167685	0.5308333333333334	0.58
25	0.14522049060234657	28.721953266545345	0.5308333333333334	0.58
26	0.1453274444297508	28.52178867239701	0.5475	0.56
27	0.14557042292186193	28.24148890846654	0.5458333333333333	0.5333333333333333
28	0.14551306593007055	28.372090038500335	0.5466666666666666	0.6066666666666667
29	0.14540730317433676	27.881774776860286	0.5483333333333333	0.5533333333333333
30	0.14573497926035234	27.582334242369	0.5516666666666666	0.5666666666666667
31	0.14574870467185974	27.456541864495527	0.5608333333333333	0.5666666666666667
32	0.14565544417410187	26.87089689154374	0.5683333333333334	0.5933333333333334
33	0.1462484177421121	27.059265739039372	0.5608333333333333	0.5733333333333334
34	0.1463660444532122	27.08734376806962	0.5641666666666667	0.5866666666666667
35	0.14669042825698853	26.69432564785606	0.5766666666666667	0.5466666666666666
36	0.14675781533524795	26.567532614657754	0.5725	0.5866666666666667
37	0.1467984161878887	26.586486214085628	0.5783333333333334	0.56
38	0.14655409715114495	26.977855581986276	0.5733333333333334	0.6
39	0.14658047556877135	26.49946197710539	0.5783333333333334	0.5466666666666666
40	0.14667833723673007	26.110416487643594	0.5741666666666667	0.56
41	0.14651303631918772	25.75590080963938	0.5925	0.5533333333333333
42	0.14648480748021325	25.69565725326538	0.5883333333333334	0.5666666666666667
43	0.14677506685256958	25.70989357797723	0.5916666666666667	0.5733333333333334
44	0.14686004850599502	25.371316483146266	0.5958333333333333	0.58
45	0.14667930810347848	25.269887798710872	0.5925	0.5866666666666667
46	0.14682476571265687	25.281021168357448	0.585	0.5733333333333334
47	0.14663344621658325	25.960664799338893	0.59	0.5733333333333334
48	0.1466118267604283	25.326339470712764	0.5916666666666667	0.5733333333333334
-1	-1	-1	-1	-1
0	0.16624879837036133	36.1738284763537	0.3625	0.38666666666666666
1	0.1492171287536621	33.07458942814877	0.4125	0.48
2	0.1472326119740804	32.377267385783945	0.4666666666666667	0.52
3	0.1440434455871582	32.071024442973886	0.4716666666666667	0.49333333333333335
4	0.1435408115386963	31.84817527469836	0.4483333333333333	0.5133333333333333
5	0.14353481928507486	32.37354529531378	0.4558333333333333	0.5533333333333333
6	0.1422698838370187	32.5597630049053	0.45666666666666667	0.4533333333333333
7	0.14248719811439514	32.25959973586233	0.4525	0.44
8	0.14282017283969456	31.706754734641628	0.47583333333333333	0.5266666666666666
9	0.14182348251342775	31.49900810342086	0.48333333333333334	0.5266666666666666
10	0.14185684377496893	31.94583707106741	0.4525	0.5133333333333333
11	0.14203246434529623	31.379898472836143	0.4775	0.54
12	0.14127555260291466	30.484060939989593	0.505	0.49333333333333335
13	0.14148245538984025	30.542444781253213	0.49	0.5666666666666667
14	0.14187121391296387	30.55997341557553	0.49333333333333335	0.5333333333333333
15	0.1413363665342331	29.932646400050114	0.5008333333333334	0.5066666666666667
16	0.14167436431435979	29.984467606795462	0.49916666666666665	0.5333333333333333
17	0.14178478717803955	29.770907326748496	0.51	0.5266666666666666
18	0.1413467808773643	29.37971782684326	0.5175	0.54
19	0.1417287230491638	29.56700069025943	0.5125	0.5066666666666667
20	0.14177429108392625	29.695862243050023	0.5091666666666667	0.54
21	0.1414708982814442	29.126688028636732	0.5216666666666666	0.5466666666666666
22	0.14162711475206458	28.82415277079532	0.5308333333333334	0.5466666666666666
23	0.14173134167989096	29.016413688659668	0.5225	0.5333333333333333
24	0.14137577056884765	29.803150904806035	0.5216666666666666	0.5133333333333333
25	0.1414472873394306	29.331195881492214	0.5241666666666667	0.56
26	0.1415020713099727	28.72164111388357	0.5333333333333333	0.5466666666666666
27	0.14117432492119925	28.145281666203548	0.54	0.5333333333333333
28	0.14121794700622559	27.9081281360827	0.5416666666666666	0.54
29	0.14130426247914632	27.99442690297177	0.5408333333333334	0.5133333333333333
30	0.141006592781313	27.520453954997816	0.5508333333333333	0.5533333333333333
31	0.1412099078297615	27.384681877337005	0.5483333333333333	0.5333333333333333
32	0.14123957084886957	28.191464875873766	0.54	0.5466666666666666
33	0.14110920709722183	27.560955398961116	0.55	0.5333333333333333
-1	-1	-1	-1	-1
0	0.17922544479370117	36.67384684713263	0.3775	0.32666666666666666
1	0.16233205795288086	33.064372414036804	0.4225	0.5133333333333333
2	0.15529330571492514	31.934890947843854	0.4633333333333333	0.5533333333333333
3	0.15452110767364502	32.23684401261179	0.4583333333333333	0.5333333333333333
4	0.15163569450378417	32.369028091430664	0.43083333333333335	0.5733333333333334
5	0.1495225429534912	31.879811939440277	0.4716666666666667	0.5733333333333334
6	0.1496908324105399	32.42806555095472	0.44416666666666665	0.5133333333333333
7	0.1484999656677246	31.746286592985456	0.485	0.4266666666666667
8	0.14754658275180393	31.26199840244494	0.47583333333333333	0.5933333333333334
9	0.1478729248046875	31.372004810132477	0.4741666666666667	0.5466666666666666
10	0.14744333787397904	31.313468380978232	0.4791666666666667	0.6066666666666667
11	0.1470108429590861	30.69462319424278	0.5033333333333333	0.5066666666666667
12	0.14733037581810585	30.598026024667842	0.5	0.56
13	0.1467073474611555	30.74317096409045	0.49333333333333335	0.6
14	0.14614882469177246	30.608526505922015	0.5025	0.5666666666666667
15	0.14640846848487854	30.367835195440996	0.5066666666666667	0.56
16	0.1459798392127542	30.109049295124255	0.5125	0.56
17	0.14562337928348118	29.97159315410413	0.5191666666666667	0.56
18	0.14590455356397128	29.721813854418304	0.515	0.5666666666666667
19	0.14553924798965454	29.216577304036992	0.5183333333333333	0.6133333333333333
20	0.14534102167401994	29.600125588868792	0.5008333333333334	0.6066666666666667
21	0.1456501158800992	29.393931740208675	0.5158333333333334	0.5666666666666667
22	0.1453112104664678	29.09921339938515	0.5225	0.56
23	0.14506864547729492	28.65177247398778	0.53	0.5933333333333334
24	0.14524813652038573	29.03407129488493	0.5258333333333334	0.5733333333333334
25	0.14495746905987078	29.152015485261614	0.5308333333333334	0.6066666666666667
26	0.14504437976413304	28.793049536253278	0.54	0.5666666666666667
27	0.1451675295829773	28.301700767717865	0.5358333333333334	0.58
28	0.14486603079171018	27.769636656108656	0.5491666666666667	0.56
29	0.14486878712972004	27.742816573695134	0.5491666666666667	0.56
30	0.14494437556112966	27.75278189307765	0.545	0.5866666666666667
31	0.14475221186876297	27.3633972720096	0.5616666666666666	0.56
32	0.1448322715181293	27.279730470556963	0.5575	0.5533333333333333
33	0.1449233574025771	26.976485603734066	0.565	0.54
34	0.14472289085388185	26.70683479309082	0.5741666666666667	0.54
35	0.14480050404866537	27.757833179674652	0.5641666666666667	0.5466666666666666
36	0.14494147816219846	27.447716261211195	0.5508333333333333	0.5466666666666666
37	0.14478803935803866	26.69701613877949	0.5633333333333334	0.5533333333333333
38	0.14472422232994667	26.541611069127132	0.5733333333333334	0.56
39	0.14485712647438048	26.14402329294305	0.5725	0.56
-1	-1	-1	-1	-1
0	0.1594698429107666	34.28260000128495	0.4558333333333333	0.49333333333333335
1	0.15515291690826416	32.489265391701146	0.4775	0.49333333333333335
2	0.15257843335469565	31.273985059637774	0.49833333333333335	0.43333333333333335
3	0.14885222911834717	31.46578598022461	0.485	0.48
4	0.1482318878173828	30.939972325375205	0.5008333333333334	0.5
5	0.1477656364440918	30.467951674210397	0.5125	0.5066666666666667
6	0.14629122189113072	30.153557451147783	0.51	0.52
7	0.1462498903274536	30.612669894569798	0.5158333333333334	0.5
8	0.14637968275282118	30.652613840605085	0.5025	0.52
9	0.1454892635345459	31.035133060656097	0.49083333333333334	0.44666666666666666
10	0.14568506587635388	31.311879936017487	0.47	0.5
11	0.1457968552907308	30.66423928110223	0.49416666666666664	0.52
12	0.1451398225931021	30.132555208708112	0.5275	0.48
13	0.14510292666299002	30.057093469720137	0.5025	0.49333333333333335
14	0.1453659693400065	29.49347011666549	0.5225	0.5266666666666666
15	0.14494800567626953	29.602981918736507	0.5275	0.5266666666666666
16	0.14472365379333496	29.417816990300228	0.5341666666666667	0.49333333333333335
17	0.14484241273668078	29.750913594898424	0.535	0.5066666666666667
18	0.144243365839908	28.62419201198377	0.5341666666666667	0.4866666666666667
19	0.14428935050964356	28.894504898472835	0.5375	0.5066666666666667
20	0.14425290198553176	28.817430646795977	0.5425	0.52
21	0.1437757448716597	29.002207128625166	0.5366666666666666	0.49333333333333335
22	0.1437108620353367	28.313191112719085	0.5416666666666666	0.5066666666666667
23	0.14379741748174033	27.86507312875045	0.5575	0.5
24	0.14351326942443848	27.826271960609837	0.5533333333333333	0.5
25	0.14379682907691368	28.68234267987703	0.545	0.5133333333333333
26	0.14375751989859123	28.19148234317177	0.5508333333333333	0.48
27	0.1435292363166809	27.322529491625335	0.57	0.52
28	0.14367660982855435	27.258422901755885	0.5758333333333333	0.5
29	0.14371147950490315	26.990563593412702	0.5783333333333334	0.5266666666666666
30	0.14352088589822093	26.755517231790645	0.5766666666666667	0.5066666666666667
31	0.14365879446268082	26.625468756023206	0.5816666666666667	0.49333333333333335
32	0.1438111247438373	26.66397779866269	0.5775	0.5066666666666667
33	0.1436335339265711	27.059521900980098	0.5783333333333334	0.5066666666666667
34	0.14354620661054338	26.12787379716572	0.5841666666666666	0.47333333333333333
-1	-1	-1	-1	-1
0	0.1711440086364746	35.504063857229134	0.4116666666666667	0.44
1	0.1552063226699829	32.9976618415431	0.45666666666666667	0.44
2	0.14908663431803384	32.349151736811585	0.4508333333333333	0.5066666666666667
3	0.14865219593048096	31.84141445159912	0.505	0.4533333333333333
4	0.14654541015625	31.79666042327881	0.48583333333333334	0.42
5	0.14567196369171143	31.310153810601484	0.49583333333333335	0.4866666666666667
6	0.1462571620941162	31.3019404160349	0.5058333333333334	0.4866666666666667
7	0.1449005901813507	30.46968106219643	0.5066666666666667	0.4533333333333333
8	0.14475099245707193	30.606334786666068	0.5041666666666667	0.46
9	0.14509894847869872	30.45737698203639	0.5083333333333333	0.4533333333333333
10	0.1440978917208585	30.184331442180433	0.5233333333333333	0.46
11	0.14400863647460938	30.412153168728477	0.5125	0.48
12	0.1439974858210637	29.740130625273054	0.5175	0.47333333333333333
13	0.14341492312295095	29.334180053911712	0.52	0.47333333333333333
14	0.1436699390411377	29.756719137492933	0.5166666666666667	0.4666666666666667
15	0.14343103766441345	29.582381198280736	0.515	0.46
16	0.1429308723000919	29.955302715301514	0.5141666666666667	0.44
17	0.14318758911556667	29.460098291698255	0.53	0.4533333333333333
18	0.14346910777844882	28.897866198891087	0.5425	0.44666666666666666
19	0.14312026500701905	28.72413273861534	0.5375	0.48
20	0.14303492364429293	29.535542011260986	0.5275	0.44
21	0.14310106364163486	28.974945570293226	0.54	0.4533333333333333
22	0.14265036582946777	29.066971728676243	0.5341666666666667	0.4666666666666667
23	0.14271023869514465	28.65589804398386	0.5325	0.46
24	0.142841215133667	28.8458739581861	0.53	0.4533333333333333
25	0.1425772263453557	28.407086221795332	0.5416666666666666	0.4533333333333333
26	0.14270054852520977	27.82276555111534	0.5458333333333333	0.46
27	0.14265520232064383	27.815028943513568	0.5566666666666666	0.44666666666666666
28	0.14225468964412294	27.577527221880462	0.565	0.44666666666666666
29	0.1425855000813802	27.11771902285124	0.57	0.4266666666666667
-1	-1	-1	-1	-1
0	0.17005300521850586	36.941311836242676	0.35833333333333334	0.44
1	0.15433335304260254	33.08185579902247	0.43333333333333335	0.49333333333333335
2	0.15160743395487467	32.89619767038446	0.4266666666666667	0.4
3	0.1474716067314148	32.36059896569503	0.43666666666666665	0.5066666666666667
4	0.14678645133972168	32.187698916385045	0.4683333333333333	0.5333333333333333
5	0.14622453848520914	32.17446934549432	0.4766666666666667	0.52
6	0.14455202647617885	31.622635289242393	0.4925	0.5533333333333333
7	0.14472895860671997	31.702616666492663	0.4666666666666667	0.5533333333333333
8	0.14457633760240343	31.02725124359131	0.4891666666666667	0.49333333333333335
9	0.14355230331420898	30.955018143904837	0.49333333333333335	0.5666666666666667
10	0.14371668208729138	30.86211249702855	0.5033333333333333	0.5066666666666667
11	0.14387142658233643	30.528112737756025	0.5	0.5533333333333333
12	0.1431581974029541	30.498479592172725	0.5083333333333333	0.56
13	0.1433119773864746	30.4375127742165	0.49166666666666664	0.47333333333333333
14	0.1434954802195231	30.82479060323615	0.49416666666666664	0.58
15	0.14277824759483337	30.10535546352989	0.5033333333333333	0.5733333333333334
16	0.14312012055340936	30.128183214288008	0.49416666666666664	0.56
17	0.1435664494832357	30.134222683153656	0.5025	0.5266666666666666
18	0.14323930991323372	29.670837527827214	0.5191666666666667	0.5533333333333333
19	0.1433514714241028	29.4269565532082	0.5183333333333333	0.5266666666666666
20	0.14359636533828007	29.60771269547312	0.5166666666666667	0.58
21	0.14327390627427536	29.807573619641754	0.5166666666666667	0.4866666666666667
22	0.14338530664858612	29.900350018551475	0.5175	0.5466666666666666
23	0.14354522029558817	29.2397239082738	0.5233333333333333	0.56
24	0.14329885482788085	29.200054319281328	0.5233333333333333	0.5466666666666666
25	0.14331430655259353	29.187393815893877	0.5333333333333333	0.5466666666666666
26	0.14341216617160374	29.036107163680228	0.5275	0.5466666666666666
27	0.14318845101765224	28.653995438625937	0.5316666666666666	0.5066666666666667
28	0.14348334279553643	28.456269966928584	0.54	0.5866666666666667
29	0.14370338122049967	28.412939824556048	0.5416666666666666	0.5866666666666667
30	0.14349960511730564	28.50487706535741	0.5441666666666667	0.5733333333333334
31	0.1435999646782875	28.108873969630192	0.5533333333333333	0.54
32	0.1438159653634736	28.32541561126709	0.5483333333333333	0.5733333333333334
33	0.14362453011905446	28.183860578035052	0.5375	0.56
34	0.14376728875296457	27.683389011182282	0.5533333333333333	0.56
35	0.14394093884362114	27.34852261292307	0.555	0.5466666666666666
36	0.143765165999129	27.31222855417352	0.5566666666666666	0.58
37	0.1438372950804861	27.241333083102578	0.5633333333333334	0.5466666666666666
38	0.14399360387753218	26.889765312797145	0.5675	0.5533333333333333
39	0.14381659626960755	26.89567736575478	0.5675	0.5733333333333334
40	0.1439151298709032	26.787572057623613	0.5633333333333334	0.56
41	0.1440599248522804	26.471268227225856	0.575	0.54
42	0.1438991579898568	26.495285887467233	0.5733333333333334	0.5933333333333334
43	0.14393902366811578	26.275301857998496	0.5683333333333334	0.52
44	0.14407074716356066	27.92282069356818	0.5541666666666667	0.58
45	0.1439371679140174	26.2849921427275	0.5816666666666667	0.5733333333333334
46	0.14397418245356133	26.014938354492188	0.5875	0.5733333333333334
47	0.14405620594819388	25.938978471254046	0.5841666666666666	0.58
48	0.14396676725270796	25.614637174104388	0.5891666666666666	0.5733333333333334
49	0.1439823865890503	25.451407532942923	0.5941666666666666	0.56
50	0.14405516549652697	25.633468201285915	0.5966666666666667	0.58
51	0.14396892144129828	25.4964888723273	0.5883333333333334	0.5666666666666667
52	0.14394356169790593	25.341879844665527	0.585	0.5666666666666667
53	0.14401611575373896	25.09175601758455	0.595	0.5733333333333334
54	0.14392580119046297	24.952664074144867	0.5975	0.5733333333333334
55	0.14397585817745753	25.020901654895983	0.5983333333333334	0.5666666666666667
56	0.14402100077846594	24.86785592530903	0.6033333333333334	0.54
57	0.14395354945084143	24.80322945745368	0.6025	0.54
58	0.14398209927445751	24.686963909550716	0.6	0.54
59	0.14402456680933634	24.564742289091413	0.6025	0.52
60	0.14390406843091622	24.510207728335732	0.6	0.54
61	0.14394040261545488	24.476630813197087	0.6066666666666667	0.5533333333333333
62	0.14393630481901623	24.364361035196406	0.6033333333333334	0.54
-1	-1	-1	-1	-1
0	0.16708087921142578	35.18055898264835	0.39666666666666667	0.3466666666666667
1	0.15353286266326904	34.06586004558363	0.41333333333333333	0.46
2	0.15014966328938803	32.06537874121415	0.48	0.43333333333333335
3	0.14668720960617065	31.942050180937116	0.47833333333333333	0.3933333333333333
4	0.14580073356628417	31.089938866464717	0.5083333333333333	0.42
5	0.14548492431640625	30.901182952680085	0.5033333333333333	0.47333333333333333
6	0.1441349983215332	30.520768341265228	0.52	0.4533333333333333
7	0.14421942830085754	31.13228582081042	0.49583333333333335	0.4666666666666667
8	0.1443728076087104	30.89766916475798	0.5108333333333334	0.4866666666666667
9	0.1433245897293091	30.998412533810264	0.5058333333333334	0.5
10	0.1430905515497381	30.573587668569463	0.49916666666666665	0.5133333333333333
11	0.14289170503616333	29.805149228949297	0.5266666666666666	0.5266666666666666
12	0.1422420281630296	30.21262560392681	0.5175	0.5
13	0.14234067712511336	29.70492827264886	0.5183333333333333	0.54
14	0.14238839149475097	29.617742488258763	0.5108333333333334	0.5266666666666666
15	0.14188989996910095	29.241968907808	0.535	0.54
16	0.14204593265757842	29.340148574427555	0.52	0.48
17	0.1421727074517144	29.38236608003315	0.5175	0.4866666666666667
18	0.14169113259566457	29.423243346967194	0.5316666666666666	0.5333333333333333
19	0.14199873208999633	28.79289755068327	0.5366666666666666	0.5466666666666666
20	0.14217178026835123	28.801464934098092	0.5325	0.48
21	0.14196039329875598	28.74044438412315	0.5316666666666666	0.54
22	0.14223503029864767	28.584631543410453	0.5391666666666667	0.5266666666666666
23	0.14248186349868774	28.86217172522294	0.5308333333333334	0.5266666666666666
24	0.1422834300994873	28.590933749550267	0.5491666666666667	0.5733333333333334
25	0.14236164093017578	28.522833121450322	0.5483333333333333	0.52
26	0.1425105465783013	28.25941276550293	0.5516666666666666	0.5466666666666666
27	0.142315217426845	28.3211996178878	0.5483333333333333	0.5333333333333333
28	0.14249646252599255	28.362324915434186	0.5583333333333333	0.52
29	0.14277263482411703	27.718219230049534	0.5558333333333333	0.5466666666666666
30	0.14260599690098916	27.328957281614606	0.5716666666666667	0.5133333333333333
31	0.14249639213085175	27.206665741769893	0.5716666666666667	0.5533333333333333
32	0.1427787939707438	27.110324307491904	0.5716666666666667	0.56
33	0.14261296917410457	27.00319224909732	0.565	0.5533333333333333
34	0.14248713084629605	26.85980314957468	0.5766666666666667	0.5466666666666666
35	0.14283584223853218	26.765770636106794	0.5891666666666666	0.5666666666666667
36	0.14266074670327678	26.666539593746787	0.5841666666666666	0.5466666666666666
37	0.14247824016370272	26.3932970950478	0.5858333333333333	0.5266666666666666
38	0.14287831233097956	26.572756541402715	0.5708333333333333	0.5066666666666667
39	0.142944598197937	26.126352837211208	0.5858333333333333	0.5266666666666666
40	0.14291243436859874	25.814256291640433	0.5866666666666667	0.5133333333333333
41	0.14327372255779447	25.716038503144915	0.5933333333333334	0.5266666666666666
42	0.14330642722373785	25.541057335702998	0.5966666666666667	0.5266666666666666
43	0.14319522814317184	26.052573756167764	0.5883333333333334	0.52
44	0.14333352512783473	25.51409437781886	0.5983333333333334	0.5333333333333333
-1	-1	-1	-1	-1
0	0.15769243240356445	34.75387372468647	0.4216666666666667	0.37333333333333335
1	0.15410208702087402	32.35797450416967	0.45666666666666667	0.4266666666666667
2	0.1519645849863688	32.30117466575221	0.4691666666666667	0.3933333333333333
3	0.1477189064025879	32.34517270640323	0.455	0.42
4	0.14661693572998047	31.30022581000077	0.5041666666666667	0.49333333333333335
5	0.14715349674224854	30.569684881913034	0.5108333333333334	0.4533333333333333
6	0.14591601916721889	30.408310589037445	0.5075	0.4066666666666667
7	0.14596760272979736	30.753276573984248	0.5083333333333333	0.4866666666666667
8	0.14639706081814235	30.1041195769059	0.5241666666666667	0.46
9	0.1457521677017212	30.190088272094727	0.5333333333333333	0.46
10	0.14608485048467462	29.95380062805979	0.5291666666666667	0.4066666666666667
11	0.14664342006047568	29.704016233745374	0.5283333333333333	0.42
12	0.14630634968097395	29.554122824417917	0.53	0.42
13	0.14602398872375488	29.425604845348158	0.5308333333333334	0.44
14	0.14681355158487955	30.205629549528425	0.5108333333333334	0.44666666666666666
15	0.1468011438846588	29.472680643985147	0.5358333333333334	0.44666666666666666
16	0.14638029827791102	29.32000978369462	0.5366666666666666	0.46
17	0.1469582584169176	29.368717118313437	0.5283333333333333	0.46
18	0.14671865262483297	29.07392572101794	0.5275	0.44
19	0.14641183614730835	28.437460849159642	0.5408333333333334	0.44
20	0.14690408252534412	28.560946062991494	0.545	0.43333333333333335
21	0.14663849093697287	28.85882944809763	0.5458333333333333	0.48
22	0.14636749806611435	28.44438500153391	0.55	0.44
23	0.14675085743268332	28.04727742546483	0.5575	0.44666666666666666
24	0.14664778709411622	27.837891879834626	0.5583333333333333	0.46
25	0.14636561503777137	27.79858865235981	0.57	0.48
26	0.14658496997974538	27.759365734301117	0.57	0.48
27	0.14631503820419312	27.644184765062835	0.5658333333333333	0.46
28	0.14610199270577268	27.20705213044819	0.5708333333333333	0.46
29	0.1462819496790568	26.92584464424535	0.5758333333333333	0.4866666666666667
-1	-1	-1	-1	-1
0	0.15959882736206055	35.30065270474083	0.4241666666666667	0.34
1	0.15576660633087158	32.30172885091681	0.4683333333333333	0.4533333333333333
2	0.15307180086771646	31.573492301137822	0.4891666666666667	0.4066666666666667
3	0.14929401874542236	31.48794540606047	0.4825	0.4
4	0.14812636375427246	31.231260299682617	0.49416666666666664	0.41333333333333333
5	0.1479783852895101	30.985478501570853	0.5025	0.4066666666666667
6	0.14675968033926828	30.515982176128187	0.5116666666666667	0.41333333333333333
7	0.14551565051078796	30.282203875089948	0.5025	0.38666666666666666
8	0.1460864543914795	30.16255986063104	0.5158333333333334	0.41333333333333333
9	0.14508895874023436	31.247440313038073	0.5075	0.4266666666666667
10	0.14566850662231445	30.34655633725618	0.5116666666666667	0.4
11	0.14624611536661783	30.456420471793727	0.5191666666666667	0.36
12	0.1456308364868164	30.20482487427561	0.5283333333333333	0.44
13	0.1447207416806902	30.000917259015534	0.5133333333333333	0.4066666666666667
14	0.1448517640431722	29.62798429790296	0.5266666666666666	0.4066666666666667
15	0.1450572907924652	29.271023951078718	0.5375	0.41333333333333333
16	0.1444868199965533	29.284977260388825	0.5325	0.4066666666666667
17	0.14448224173651802	29.053495030654105	0.5233333333333333	0.4
18	0.14466584356207596	28.755161837527627	0.5333333333333333	0.4
19	0.14422115087509155	28.7854326649716	0.535	0.4266666666666667
20	0.14445246968950545	28.57763654307315	0.5383333333333333	0.46
21	0.144628568129106	28.35006897073043	0.5458333333333333	0.41333333333333333
22	0.14419601274573285	28.203842840696637	0.55	0.4266666666666667
23	0.14423255125681558	28.177269157610443	0.5516666666666666	0.4533333333333333
24	0.14437895774841308	28.13964148571617	0.5491666666666667	0.42
25	0.14401588990138128	28.075771758430882	0.5558333333333333	0.4266666666666667
26	0.14419032909252025	28.146856082113164	0.55	0.4066666666666667
27	0.14437824487686157	27.722355441043252	0.5575	0.4533333333333333
28	0.14401295267302414	27.314581369098864	0.5658333333333333	0.3933333333333333
29	0.14402357737223306	27.19295579508731	0.5808333333333333	0.42
30	0.14404914456029091	26.962185759293405	0.5733333333333334	0.4
31	0.1437784880399704	26.988544313531172	0.5725	0.43333333333333335
32	0.1438318599354137	26.480126029566716	0.5741666666666667	0.4066666666666667
33	0.14385461807250977	26.19767229180587	0.5908333333333333	0.41333333333333333
34	0.14364432607378277	26.362544938137656	0.5791666666666667	0.42
35	0.14374978674782646	26.617752903386165	0.5766666666666667	0.4
36	0.14369626302976865	26.542997084165876	0.5825	0.4
37	0.1435298480485615	25.81488867809898	0.5958333333333333	0.4
38	0.14356003663478753	25.76567760266756	0.5941666666666666	0.4066666666666667
39	0.14364228248596192	25.675865850950544	0.5925	0.4
40	0.14345551700126835	25.419706595571416	0.5958333333333333	0.4
-1	-1	-1	-1	-1
0	0.17595148086547852	35.51171518626966	0.4091666666666667	0.4266666666666667
1	0.16080033779144287	32.829727724978795	0.4691666666666667	0.4866666666666667
2	0.1524511178334554	31.688002561268053	0.49166666666666664	0.43333333333333335
3	0.15045762062072754	31.547914906551963	0.48	0.5066666666666667
4	0.1497729778289795	31.382081107089395	0.49083333333333334	0.5
5	0.1476356585820516	31.35943071465743	0.4975	0.5
6	0.14759448596409389	31.05896430266531	0.5083333333333333	0.4866666666666667
7	0.1475558578968048	30.906355958235892	0.48	0.5066666666666667
8	0.14608775244818795	30.680928079705488	0.5	0.5
9	0.14599008560180665	30.639097263938503	0.5116666666666667	0.5333333333333333
10	0.1460056738419966	30.153383957712276	0.5191666666666667	0.4866666666666667
11	0.14494005839029947	30.166235195963008	0.5266666666666666	0.5133333333333333
12	0.14468046335073617	29.737974242160195	0.525	0.5533333333333333
13	0.14473652839660645	30.01730291466964	0.5216666666666666	0.5133333333333333
14	0.14416977564493816	29.732345631248073	0.52	0.5266666666666666
15	0.1440121829509735	29.839454249331826	0.5216666666666666	0.52
16	0.14387554280898152	30.599914199427555	0.5091666666666667	0.49333333333333335
17	0.14330181810590956	30.36350034412585	0.515	0.5133333333333333
18	0.14355172609028063	29.581812406841077	0.5325	0.5466666666666666
19	0.1436849355697632	29.537906445954974	0.5266666666666666	0.52
20	0.1434518155597505	29.312662827341182	0.5358333333333334	0.5
21	0.14359125224026767	29.099723891208047	0.5366666666666666	0.5133333333333333
22	0.14381140211354132	28.550866879914935	0.5383333333333333	0.5066666666666667
23	0.143428772687912	28.421576675615814	0.5408333333333334	0.54
24	0.14387754440307618	28.345230052345677	0.5558333333333333	0.5133333333333333
25	0.14396889393146223	28.45667502754613	0.55	0.5266666666666666
26	0.14351950751410592	28.014329483634548	0.5558333333333333	0.5133333333333333
27	0.1438540986606053	27.921509265899658	0.5641666666666667	0.5266666666666666
28	0.1438611704727699	28.11255334552966	0.5533333333333333	0.54
29	0.1435945749282837	27.889484656484502	0.5616666666666666	0.52
30	0.14369820779369724	27.769917814355146	0.5608333333333333	0.5266666666666666
31	0.1437188684940338	27.143248106303968	0.5783333333333334	0.5333333333333333
32	0.14342643997885965	26.940410764593828	0.5825	0.52
-1	-1	-1	-1	-1
0	0.1816720962524414	35.92697088341964	0.4025	0.42
1	0.1636040210723877	32.61877873069361	0.4683333333333333	0.4066666666666667
2	0.1551238695780436	32.67261700881155	0.4608333333333333	0.4266666666666667
3	0.15181607007980347	31.96295758297569	0.48333333333333334	0.44
4	0.1477151870727539	31.54916853653757	0.5058333333333334	0.4
5	0.14682185649871826	31.636789848929958	0.4708333333333333	0.4266666666666667
6	0.1466233049120222	30.723142623901367	0.5091666666666667	0.44666666666666666
7	0.14541158080101013	30.93643075541446	0.5041666666666667	0.44
8	0.14529742134941948	30.77786724190963	0.4791666666666667	0.42
9	0.14537491798400878	30.602325539839896	0.5008333333333334	0.43333333333333335
10	0.14441191066395154	30.21714607037996	0.5133333333333333	0.44666666666666666
11	0.1444718837738037	30.181628126847116	0.5108333333333334	0.41333333333333333
12	0.1447423788217398	29.585533267573307	0.5183333333333333	0.4533333333333333
13	0.14400216511317662	29.270037299708317	0.5241666666666667	0.4266666666666667
14	0.14409890174865722	29.201834528069746	0.5225	0.4666666666666667
15	0.14433573186397552	29.001780359368574	0.5258333333333334	0.4533333333333333
16	0.143749896217795	29.050637747112074	0.5275	0.43333333333333335
17	0.14379988776312935	29.0435656497353	0.535	0.4533333333333333
18	0.1438860014865273	29.5133147490652	0.5258333333333334	0.42
19	0.1435052752494812	28.529331859789398	0.5508333333333333	0.4533333333333333
20	0.1435869194212414	28.518337023885625	0.535	0.42
21	0.14389441230080344	28.103579671759356	0.5558333333333333	0.4
22	0.14376407084257706	28.938698367068643	0.54	0.43333333333333335
23	0.14401376247406006	28.249664783477783	0.5391666666666667	0.4266666666666667
24	0.1441371536254883	27.82806060188695	0.5525	0.42
25	0.14390030274024376	27.540898674412777	0.5508333333333333	0.4266666666666667
26	0.14405488084863732	28.19850296723215	0.5541666666666667	0.4
27	0.14422833919525146	27.252613017433568	0.5658333333333333	0.44
28	0.14408616361946897	27.20752445020174	0.5683333333333334	0.41333333333333333
29	0.1441066821416219	26.86025448849327	0.5683333333333334	0.43333333333333335
30	0.14424443244934082	26.44859632692839	0.5741666666666667	0.4666666666666667
31	0.14406099915504456	26.309855862667685	0.5783333333333334	0.42
32	0.14417425791422525	26.20281151721352	0.5791666666666667	0.41333333333333333
33	0.14431293571696563	25.962114133332904	0.5833333333333334	0.4066666666666667
34	0.14410595893859862	25.669380815405596	0.5916666666666667	0.4266666666666667
-1	-1	-1	-1	-1
0	0.17294549942016602	36.89657472309313	0.3725	0.4066666666666667
1	0.1579267978668213	33.17722511291504	0.4075	0.38666666666666666
2	0.1503432591756185	33.36082684366327	0.4375	0.5133333333333333
3	0.14893800020217896	33.00615145030775	0.4741666666666667	0.4666666666666667
4	0.14570116996765137	32.44114624826532	0.47583333333333333	0.47333333333333333
5	0.14538522561391196	31.491137303804095	0.485	0.5066666666666667
6	0.1449990953717913	32.280415534973145	0.48	0.5
7	0.14333051443099976	31.98919587386282	0.47333333333333333	0.4866666666666667
8	0.1435293091668023	32.437462756508275	0.44166666666666665	0.48
9	0.14323596954345702	31.44273732837878	0.485	0.48
10	0.14213028821078214	31.37628452401412	0.48	0.5133333333333333
11	0.14242245753606161	31.093449140849867	0.4866666666666667	0.5066666666666667
12	0.14205420934236968	30.739292345548932	0.5016666666666667	0.5266666666666666
13	0.14129839624677384	30.121149414464046	0.5025	0.5266666666666666
14	0.14143540064493815	29.93689085307874	0.5141666666666667	0.52
15	0.14169155061244965	30.052290364315635	0.5066666666666667	0.5066666666666667
16	0.14108673263998592	30.07657814025879	0.5016666666666667	0.5333333333333333
17	0.1414557562934028	29.64232171209235	0.515	0.5733333333333334
18	0.14133310317993164	29.66821198714407	0.5191666666666667	0.5666666666666667
19	0.14088491201400757	29.119114047602604	0.5208333333333334	0.5466666666666666
20	0.14138334138052805	29.181822726601048	0.5191666666666667	0.52
21	0.14158002896742386	28.904174478430498	0.5283333333333333	0.54
22	0.14139130841130795	29.673728064486856	0.5341666666666667	0.5466666666666666
23	0.14152915279070535	28.963806804857757	0.5316666666666666	0.56
24	0.1416299533843994	28.44323640120657	0.5383333333333333	0.5533333333333333
25	0.14132347473731408	28.062482331928454	0.5441666666666667	0.56
26	0.14154284971731682	28.14223249335038	0.5466666666666666	0.5466666666666666
27	0.14174968004226685	27.6158716302169	0.5566666666666666	0.5333333333333333
28	0.14160096234288708	27.546230542032344	0.5533333333333333	0.58
29	0.14149525960286458	27.241995660882246	0.5616666666666666	0.5666666666666667
30	0.14151749303264002	27.44828748703003	0.5558333333333333	0.5933333333333334
31	0.14129259437322617	26.84792937730488	0.5625	0.58
32	0.14140936822602243	26.628143737190648	0.5691666666666667	0.5933333333333334
33	0.1415012934628655	27.61598122747321	0.55	0.56
34	0.14131403650556293	27.186958865115518	0.5708333333333333	0.5533333333333333
35	0.14141831795374551	26.581428803895648	0.5791666666666667	0.6
36	0.14149887497360641	26.35362753115202	0.5666666666666667	0.58
37	0.14128112165551437	26.329257337670576	0.5641666666666667	0.52
38	0.14140374843890852	25.982362596612226	0.5758333333333333	0.5666666666666667
39	0.1414988875389099	25.76302965063798	0.5783333333333334	0.5866666666666667
40	0.14127503953328946	25.854436598326032	0.5825	0.5733333333333334
41	0.14139087994893393	25.850196913668984	0.5808333333333333	0.58
42	0.14143968737402626	26.133207170586836	0.5783333333333334	0.58
43	0.14124693111939865	26.634541913082725	0.5725	0.6
44	0.14135159916347928	25.64915368431493	0.5875	0.58
45	0.14143546767856763	25.436330945868242	0.5866666666666667	0.6
46	0.14125426779402064	25.304016966568796	0.5891666666666666	0.5533333333333333
47	0.14134261012077332	25.115950283251312	0.5875	0.5933333333333334
48	0.14144464901515416	25.041141384526302	0.5908333333333333	0.5733333333333334
49	0.14132002830505372	24.959785335942318	0.5908333333333333	0.5933333333333334
50	0.1414349219378303	24.872186811346758	0.5958333333333333	0.5866666666666667
51	0.14156117347570565	24.85293147438451	0.5916666666666667	0.5533333333333333
52	0.14144955940966336	24.731137150212337	0.6	0.58
53	0.14156379081584788	24.668236255645752	0.5991666666666666	0.5666666666666667
54	0.14167594042691317	24.552085951754922	0.5991666666666666	0.5733333333333334
55	0.14156523772648402	24.616278146442614	0.5991666666666666	0.5666666666666667
-1	-1	-1	-1	-1
0	0.1741788387298584	35.43753137086567	0.42916666666666664	0.4666666666666667
1	0.15743553638458252	34.73517315011276	0.41583333333333333	0.4666666666666667
2	0.14991235733032227	33.380989827607806	0.44083333333333335	0.42
3	0.14847171306610107	32.75341309999165	0.4166666666666667	0.47333333333333333
4	0.14614276885986327	31.970781225907174	0.48833333333333334	0.5266666666666666
5	0.14583579699198404	31.70218809027421	0.4825	0.5
6	0.1454756259918213	32.183052464535365	0.44916666666666666	0.5
7	0.14400410652160645	31.091029167175293	0.5025	0.52
8	0.14473099178738064	31.01700516750938	0.5016666666666667	0.5
9	0.14509062767028807	30.51721577895315	0.5008333333333334	0.49333333333333335
10	0.1441091840917414	30.556277802115993	0.5241666666666667	0.5133333333333333
11	0.14404847224553427	30.380954717334948	0.4975	0.5
12	0.14408095066363996	30.072382575587223	0.5166666666666667	0.4666666666666667
13	0.14344886371067592	30.338414292586478	0.5133333333333333	0.5333333333333333
14	0.14436322848002117	30.031187358655426	0.5116666666666667	0.5
15	0.14439988136291504	29.98011845036557	0.5075	0.5133333333333333
16	0.14421195142409382	29.647149688319157	0.5166666666666667	0.5266666666666666
17	0.14463473690880668	29.164728114479466	0.535	0.5066666666666667
18	0.14520563577350817	29.247149969402113	0.5266666666666666	0.52
19	0.14459210634231567	28.98078757838199	0.5375	0.54
20	0.1447190103076753	28.971511489466618	0.5383333333333333	0.5333333333333333
21	0.14502763748168945	29.09476415734542	0.535	0.5
22	0.14474338033924933	29.001142100283975	0.5258333333333334	0.5133333333333333
23	0.1446628967920939	28.982759375321237	0.54	0.5133333333333333
24	0.14484578132629394	29.006194967972604	0.5375	0.52
25	0.14456546306610107	28.480407162716514	0.5483333333333333	0.5066666666666667
26	0.14602239926656088	28.18533428091752	0.5416666666666666	0.5133333333333333
27	0.14604848623275757	27.82719958455939	0.5633333333333334	0.52
28	0.1460366495724382	27.73276178460372	0.56	0.5266666666666666
29	0.14559335708618165	27.711627157110918	0.56	0.5133333333333333
30	0.14580495895877962	28.305844909266423	0.5608333333333333	0.5133333333333333
31	0.14593007415533066	27.389513743551152	0.57	0.52
32	0.1458357030695135	27.007876647146123	0.5683333333333334	0.49333333333333335
33	0.145721295300652	27.119616207323578	0.5766666666666667	0.5
34	0.1459599154336112	26.797167953691986	0.5733333333333334	0.5333333333333333
35	0.14580851131015354	26.747156645122327	0.58	0.48
36	0.1457466628100421	26.412827893307334	0.5858333333333333	0.52
37	0.14603465481808311	26.47615543164705	0.5825	0.5266666666666666
38	0.14609958575322077	26.285362770682887	0.5925	0.4866666666666667
39	0.1461033821105957	26.006089235606947	0.5933333333333334	0.5266666666666666
-1	-1	-1	-1	-1
0	0.17193150520324707	36.58779274789911	0.3908333333333333	0.36666666666666664
1	0.15317046642303467	34.18382707395052	0.37083333333333335	0.44666666666666666
2	0.15046421686808267	32.604777135347064	0.47	0.4866666666666667
3	0.14612847566604614	32.09315505780672	0.4825	0.4266666666666667
4	0.14548158645629883	31.97505283355713	0.455	0.5333333333333333
5	0.14521968364715576	31.39356091147975	0.4875	0.5266666666666666
6	0.14344521931239537	30.975196938765677	0.4975	0.48
7	0.1434849500656128	30.793633260224993	0.49333333333333335	0.46
8	0.14387660556369358	30.880410997491133	0.49416666666666664	0.4866666666666667
9	0.1427973985671997	30.896561070492393	0.5141666666666667	0.4866666666666667
10	0.14285534078424628	30.568692132046348	0.5	0.46
11	0.1429135004679362	30.26640600907175	0.5241666666666667	0.4866666666666667
12	0.14226262386028582	30.11813645613821	0.505	0.46
13	0.14260801247188024	30.22669139661287	0.5075	0.4666666666666667
14	0.14302926063537597	29.723071901421797	0.5258333333333334	0.46
15	0.14280782639980316	29.625188626741107	0.5058333333333334	0.5
16	0.14264965057373047	30.105104697378056	0.5158333333333334	0.44666666666666666
17	0.14311916298336452	29.5882030286287	0.5158333333333334	0.47333333333333333
18	0.1427354185204757	29.229841709136963	0.53	0.49333333333333335
19	0.14283485412597657	29.109115500199167	0.5341666666666667	0.47333333333333333
20	0.14293316432407924	28.964024418278743	0.5291666666666667	0.47333333333333333
21	0.1424382816661488	28.679289617036517	0.5266666666666666	0.48
22	0.14258508060289465	28.730545897232858	0.5325	0.49333333333333335
23	0.14243393143018088	28.35952098746049	0.5366666666666666	0.47333333333333333
24	0.14203839302062987	28.787924741443835	0.5375	0.4666666666666667
25	0.14210793605217567	28.456633417229902	0.5383333333333333	0.4666666666666667
26	0.14217113565515588	28.30493043598376	0.5366666666666666	0.48
27	0.141927284853799	27.889420459144993	0.55	0.4866666666666667
28	0.1421295692180765	27.551396871867933	0.555	0.48
29	0.14223629633585613	27.787928104400635	0.55	0.4866666666666667
-1	-1	-1	-1	-1
0	0.16350603103637695	35.68953893059179	0.4058333333333333	0.34
1	0.15056633949279785	32.877008387916966	0.435	0.47333333333333333
2	0.14757966995239258	32.796608422931875	0.45416666666666666	0.4666666666666667
3	0.14513349533081055	31.907348959069502	0.4825	0.4866666666666667
4	0.14578628540039062	31.496749375995837	0.485	0.44
5	0.1465375820795695	31.21988592649761	0.49916666666666665	0.44666666666666666
6	0.14616073880876815	30.77611898121081	0.5025	0.49333333333333335
7	0.14573773741722107	31.63716361397191	0.4608333333333333	0.4666666666666667
8	0.14673222435845268	31.410042361209268	0.4866666666666667	0.5266666666666666
9	0.14613478183746337	30.872361258456582	0.49583333333333335	0.47333333333333333
10	0.14544044841419568	30.55780977951853	0.5041666666666667	0.4866666666666667
11	0.14573136965433756	30.404183186982806	0.49166666666666664	0.52
12	0.14506851709806	30.404001235961914	0.5025	0.5466666666666666
13	0.1451022114072527	30.3757616846185	0.5016666666666667	0.5
14	0.14520880381266277	30.381475799962093	0.5066666666666667	0.49333333333333335
15	0.14524297416210175	30.187878458123457	0.5041666666666667	0.48
16	0.145247080746819	29.870606071070622	0.5241666666666667	0.46
17	0.1456638044781155	30.070246596085397	0.5041666666666667	0.4866666666666667
18	0.14522484729164525	29.66434915442216	0.5208333333333334	0.5066666666666667
19	0.14514161348342897	29.513791636416787	0.525	0.5133333333333333
20	0.1451634338923863	29.368918092627275	0.5391666666666667	0.49333333333333335
21	0.14480462941256436	29.27613976127223	0.5241666666666667	0.5333333333333333
22	0.14508291949396548	28.78867422906976	0.52	0.5133333333333333
23	0.14535672465960184	28.67531876814993	0.5291666666666667	0.49333333333333335
24	0.1461298370361328	28.70859113492464	0.5433333333333333	0.5
25	0.14596556700192964	28.58636901253148	0.5416666666666666	0.5266666666666666
26	0.14619225042837639	29.23736030177066	0.5333333333333333	0.49333333333333335
27	0.14587425334112986	29.216791378824336	0.5183333333333333	0.5066666666666667
28	0.1459092847232161	28.157550209446956	0.5483333333333333	0.52
29	0.1460655689239502	28.007319199411494	0.5433333333333333	0.5133333333333333
30	0.1459628689673639	27.55941988292493	0.5566666666666666	0.5533333333333333
31	0.1459374502301216	27.478475721258867	0.5575	0.52
32	0.14623715660788797	27.326117339887116	0.5533333333333333	0.5466666666666666
33	0.1462174654006958	27.086544563895778	0.5616666666666666	0.5266666666666666
34	0.146190459387643	27.33280560844823	0.55	0.5066666666666667
35	0.14644598960876465	26.710433282350238	0.5666666666666667	0.5466666666666666
36	0.14655996013332057	26.680074039258454	0.5741666666666667	0.5466666666666666
37	0.14634461779343455	26.513417720794678	0.5791666666666667	0.5066666666666667
38	0.14647813332386506	26.23326045588443	0.5708333333333333	0.5666666666666667
39	0.1463777720928192	26.00984405216418	0.5833333333333334	0.5666666666666667
40	0.14622753422434737	25.958077004081325	0.5741666666666667	0.5266666666666666
41	0.14650322142101468	26.000613865099456	0.5833333333333334	0.5066666666666667
42	0.14647608025129452	25.996707715486224	0.5816666666666667	0.54
43	0.1463673710823059	25.778292329687822	0.5825	0.56
44	0.14660248756408692	25.514811842065107	0.5858333333333333	0.56
45	0.1466698594715284	25.493229414287367	0.5891666666666666	0.5333333333333333
46	0.1466219425201416	25.441975919823896	0.5866666666666667	0.5266666666666666
47	0.1467691014210383	25.258573080364027	0.59	0.5333333333333333
48	0.14658412154839964	25.104567427384225	0.5933333333333334	0.5533333333333333
49	0.14642786026000976	25.06379576733238	0.5908333333333333	0.54
50	0.14652656106387868	24.91059714869449	0.5991666666666666	0.5466666666666666
51	0.1463062304716844	24.873645882857474	0.6	0.56
52	0.14629946564728358	24.777924387078535	0.6033333333333334	0.54
53	0.14629876613616943	24.726443842837686	0.6	0.54
54	0.14605222181840377	24.721098573584307	0.5966666666666667	0.5466666666666666
55	0.14604689393724715	24.835798966257197	0.6033333333333334	0.5466666666666666
56	0.14609791521440474	24.56028820339002	0.6	0.54
57	0.14594863201009817	24.481162021034642	0.5991666666666666	0.5333333333333333
58	0.14607889369382696	24.429218267139635	0.6066666666666667	0.54
-1	-1	-1	-1	-1
0	0.17237448692321777	34.267709154831735	0.43916666666666665	0.3933333333333333
1	0.15376603603363037	32.26311881918656	0.44916666666666666	0.6066666666666667
2	0.15159757932027182	32.08963680267334	0.4675	0.5133333333333333
3	0.14838016033172607	31.742674325641833	0.4625	0.5333333333333333
4	0.1480867385864258	31.69239109440854	0.47	0.46
5	0.14824366569519043	32.793594661511875	0.4508333333333333	0.49333333333333335
6	0.14709186553955078	31.797312033803838	0.4533333333333333	0.35333333333333333
7	0.14685457944869995	31.211468194660387	0.4875	0.38
8	0.14779257774353027	30.81201598518773	0.48	0.5333333333333333
9	0.1476351022720337	30.655673754842656	0.48083333333333333	0.5333333333333333
10	0.14703126387162643	30.323795142926667	0.5025	0.5733333333333334
11	0.14752070109049478	30.247714971241198	0.5008333333333334	0.56
12	0.14670674617473894	30.189529544428776	0.5025	0.5666666666666667
13	0.14661497729165213	30.260826437096846	0.5075	0.5733333333333334
14	0.14736585617065429	30.262827170522588	0.5075	0.54
15	0.14744193851947784	30.318048627753008	0.495	0.5666666666666667
16	0.147201888701495	29.64731422223543	0.5041666666666667	0.52
17	0.14759446514977348	29.251368121096963	0.5183333333333333	0.5466666666666666
18	0.14738478158649645	29.33991241455078	0.5225	0.5466666666666666
19	0.14705181121826172	28.84349258322465	0.5241666666666667	0.5
20	0.14743114653087797	29.428390377446224	0.5266666666666666	0.5066666666666667
21	0.14717681841416794	29.114061506170977	0.5316666666666666	0.5333333333333333
22	0.14686974235202954	28.725016393159564	0.5341666666666667	0.5466666666666666
23	0.14727113644282022	28.84906382309763	0.53	0.5066666666666667
24	0.14729345321655274	28.417516206440173	0.54	0.52
25	0.1471537076509916	27.845994472503662	0.5433333333333333	0.54
26	0.14744267640290437	28.39825896212929	0.5483333333333333	0.5133333333333333
27	0.14725072894777572	27.84150643097727	0.5533333333333333	0.5066666666666667
28	0.14714977659028153	27.767053779802826	0.5416666666666666	0.52
29	0.1474552869796753	27.411544398257607	0.55	0.5466666666666666
-1	-1	-1	-1	-1
0	0.16612839698791504	36.15169429779053	0.3983333333333333	0.34
1	0.15521955490112305	33.773561226694206	0.37833333333333335	0.3933333333333333
2	0.15452098846435547	33.55037586312545	0.3933333333333333	0.5466666666666666
3	0.15277791023254395	32.17601580368845	0.48333333333333334	0.5066666666666667
4	0.1502847671508789	31.4419214349044	0.49666666666666665	0.48
5	0.1492005189259847	32.466549823158665	0.495	0.5066666666666667
6	0.14997196197509766	32.231149322108216	0.4825	0.4666666666666667
7	0.1487298607826233	31.823042618600947	0.47583333333333333	0.56
8	0.14802241325378418	31.169100861800345	0.49833333333333335	0.5666666666666667
9	0.1488255500793457	30.743862503453304	0.5075	0.49333333333333335
10	0.14872655001553622	30.965377104909795	0.495	0.5333333333333333
11	0.1482438643773397	32.041101154528164	0.48083333333333333	0.5466666666666666
12	0.14902162551879883	30.88800957328395	0.49916666666666665	0.5666666666666667
13	0.14894122736794607	31.095627634148848	0.5016666666666667	0.5733333333333334
14	0.148622194925944	30.30554811578048	0.5016666666666667	0.5133333333333333
15	0.1490914523601532	30.15776508732846	0.51	0.5333333333333333
16	0.1490490857292624	30.192358217741315	0.5016666666666667	0.5533333333333333
17	0.1487375365363227	29.852531734265778	0.5166666666666667	0.5333333333333333
18	0.14915959458602102	29.888687936883223	0.5125	0.52
19	0.14890432357788086	29.458184744182386	0.5225	0.54
20	0.14849034945170084	29.298072237717477	0.5191666666666667	0.54
21	0.1488717577674172	28.71846700969495	0.535	0.56
22	0.14857329492983612	29.239671757346706	0.5283333333333333	0.54
23	0.14806372920672098	28.564765578822087	0.55	0.4866666666666667
24	0.14812527656555174	28.23733761436061	0.545	0.5133333333333333
25	0.14764397877913255	28.59752657538966	0.5425	0.5333333333333333
26	0.14752025074428982	28.76960277557373	0.5408333333333334	0.52
27	0.14751445395605906	28.409628617136104	0.5366666666666666	0.5733333333333334
28	0.14717092185184874	27.663842527489912	0.5516666666666666	0.5333333333333333
29	0.14711426893870036	27.34993779031854	0.5575	0.56
30	0.14713229671601327	27.36139320072375	0.5541666666666667	0.54
31	0.14736487716436386	27.230580982409027	0.5566666666666666	0.5666666666666667
32	0.14699691714662494	27.903996116236637	0.5566666666666666	0.54
33	0.14803279147428625	26.826452481119258	0.5775	0.5066666666666667
-1	-1	-1	-1	-1
0	0.1720893383026123	37.475797954358555	0.35583333333333333	0.36666666666666664
1	0.15497183799743652	33.41051370219181	0.4633333333333333	0.4066666666666667
2	0.15291682879130045	33.3013815126921	0.45166666666666666	0.48
3	0.14791470766067505	32.82544675626253	0.4483333333333333	0.44
4	0.14670238494873047	31.991609222010563	0.485	0.5133333333333333
5	0.1459825038909912	31.23067936144377	0.495	0.48
6	0.14399317332676478	31.27206287885967	0.49833333333333335	0.49333333333333335
7	0.14459678530693054	30.767363422795345	0.49333333333333335	0.48
8	0.14505426088968912	31.258341111634905	0.5108333333333334	0.49333333333333335
9	0.1441023588180542	30.950936693894235	0.49333333333333335	0.5
10	0.14411492781205612	30.512987337614362	0.5133333333333333	0.4866666666666667
11	0.14454811811447144	30.841430513482344	0.49916666666666665	0.47333333333333333
12	0.1437986263862023	30.43842185171027	0.5133333333333333	0.49333333333333335
13	0.14378278596060617	30.12094801350644	0.5125	0.49333333333333335
14	0.14384826024373373	29.926273546720807	0.5325	0.48
15	0.14340047538280487	29.757398655540065	0.5258333333333334	0.5066666666666667
16	0.14336933809168198	29.42942157544588	0.5258333333333334	0.4866666666666667
17	0.14352892504798043	29.506813551250257	0.5233333333333333	0.49333333333333335
18	0.14322563221580104	29.394714681725752	0.5291666666666667	0.49333333333333335
19	0.1433899521827698	29.545010842775042	0.5316666666666666	0.47333333333333333
20	0.14353738512311662	29.269101519333688	0.5216666666666666	0.5066666666666667
21	0.1432688127864491	28.639952785090397	0.5375	0.5
22	0.14336943626403809	28.3600290700009	0.55	0.4866666666666667
23	0.14349674185117087	28.72011520988063	0.5441666666666667	0.49333333333333335
24	0.14324966430664063	28.189386568571393	0.5575	0.5133333333333333
25	0.14338367718916672	28.07642738442672	0.5566666666666666	0.4666666666666667
26	0.14343642305444787	28.50662733379163	0.5433333333333333	0.47333333333333333
27	0.1431416528565543	28.173109205145586	0.5633333333333334	0.49333333333333335
28	0.14327151199866986	27.63179103951705	0.5683333333333334	0.4666666666666667
29	0.14337172508239746	27.27442098918714	0.57	0.49333333333333335
-1	-1	-1	-1	-1
0	0.16004180908203125	35.47348961077238	0.41583333333333333	0.38
1	0.15401113033294678	32.3602809404072	0.49333333333333335	0.4866666666666667
2	0.1518887678782145	33.43282172554418	0.43916666666666665	0.43333333333333335
3	0.14923971891403198	32.22684749804045	0.4525	0.46
4	0.15077061653137208	31.406299942418148	0.5016666666666667	0.4666666666666667
5	0.15049143632253012	31.5328116918865	0.48833333333333334	0.4533333333333333
6	0.14918977873665945	30.869584234137285	0.5175	0.44
7	0.14885768294334412	30.318468746386078	0.5008333333333334	0.4666666666666667
8	0.14914033148023817	30.575345440914756	0.5158333333333334	0.4533333333333333
9	0.14794797897338868	30.35377597808838	0.505	0.44666666666666666
10	0.14717995036732068	30.216824682135332	0.5066666666666667	0.49333333333333335
11	0.14737486839294434	30.10699789147628	0.49916666666666665	0.48
12	0.14692273506751427	29.407678779802826	0.5241666666666667	0.47333333333333333
13	0.14648520946502686	29.746267619885895	0.5175	0.47333333333333333
14	0.14700350761413575	29.461318091342324	0.54	0.48
15	0.14684216678142548	29.261079160790693	0.5233333333333333	0.44666666666666666
16	0.14628129846909466	29.28229412279631	0.5266666666666666	0.48
17	0.14661448531680638	29.156829532824066	0.5375	0.5133333333333333
18	0.1461026668548584	29.0216552081861	0.5283333333333333	0.5066666666666667
19	0.14573181867599488	29.12205327184577	0.54	0.4666666666666667
20	0.14609076863243467	28.718525234021637	0.5441666666666667	0.48
21	0.14571364359422165	29.134598706897936	0.5283333333333333	0.5066666666666667
22	0.14547727418982465	28.25415990227147	0.5408333333333334	0.47333333333333333
23	0.14570091168085733	28.278629704525596	0.5625	0.47333333333333333
24	0.1453684711456299	28.149653384560033	0.5533333333333333	0.48
25	0.14535891092740572	27.931813290244655	0.5608333333333333	0.46
26	0.14545823909618236	27.58260639090287	0.5666666666666667	0.5
27	0.1451737710407802	27.714932240937884	0.5591666666666667	0.44666666666666666
28	0.145164103343569	27.84635295365986	0.5575	0.44666666666666666
29	0.14523576100667318	27.96506347154316	0.5641666666666667	0.48
30	0.1449989272702125	27.16477067847001	0.5716666666666667	0.4533333333333333
31	0.14515025168657303	27.173906978807953	0.5766666666666667	0.4533333333333333
32	0.14523998173800381	27.040314875150983	0.5766666666666667	0.47333333333333333
33	0.14503597511964686	26.5983795868723	0.585	0.46
34	0.14485130310058594	26.62535484213578	0.5766666666666667	0.48
35	0.1450431611802843	26.34819015703703	0.5808333333333333	0.4866666666666667
36	0.1448460527368494	26.061119004299766	0.5866666666666667	0.48
37	0.1446716722689177	25.801900286423532	0.5925	0.48
-1	-1	-1	-1	-1
0	0.17197155952453613	34.20834732055664	0.4375	0.38
1	0.157210111618042	32.411694852929365	0.4683333333333333	0.38666666666666666
2	0.15416677792867026	31.82743780236495	0.475	0.3933333333333333
3	0.15027034282684326	31.492516467445775	0.49	0.4066666666666667
4	0.14808292388916017	30.911056819714997	0.4925	0.42
5	0.14849980672200522	30.63229872051038	0.5091666666666667	0.43333333333333335
6	0.14705872535705566	30.86709657468294	0.49666666666666665	0.43333333333333335
7	0.14663881063461304	30.837947243138363	0.5091666666666667	0.4666666666666667
8	0.14684690369500053	30.49795060408743	0.5066666666666667	0.4
9	0.14598355293273926	30.149695747777034	0.5175	0.44
10	0.15032243728637695	29.92578551643773	0.5308333333333334	0.46
11	0.14984176556269327	30.21354035327309	0.5316666666666666	0.44
12	0.14979780637300932	30.051671003040514	0.54	0.38
13	0.1490311792918614	29.804594717527692	0.5158333333333334	0.43333333333333335
14	0.14954325358072917	29.225646244852168	0.5391666666666667	0.41333333333333333
15	0.14945977926254272	28.905914482317474	0.5558333333333333	0.4066666666666667
16	0.14952857354108026	29.336367381246465	0.5291666666666667	0.44
17	0.14910888671875	28.955528660824424	0.5416666666666666	0.4533333333333333
18	0.14874248755605599	28.879477049175062	0.5475	0.44666666666666666
19	0.14898165464401245	29.020122653559635	0.5441666666666667	0.4533333333333333
20	0.148632322038923	28.548723421598737	0.5558333333333333	0.43333333333333335
21	0.14820813048969617	28.27145360645495	0.5625	0.48
22	0.1484926472539487	28.405022596058092	0.5508333333333333	0.44666666666666666
23	0.1481390098730723	28.347264264759264	0.5583333333333333	0.4666666666666667
24	0.1477756404876709	27.822263090234053	0.5566666666666666	0.48
25	0.1479638539827787	27.83855636496293	0.5708333333333333	0.5
26	0.14767267085887767	27.87201698202836	0.5625	0.44666666666666666
27	0.1474942990711757	27.483360466204193	0.5725	0.48
28	0.14776135313099828	27.708071106358577	0.5616666666666666	0.46
29	0.14781035582224528	26.982583949440404	0.58	0.47333333333333333
30	0.1475732095779911	26.96177806352314	0.5725	0.47333333333333333
31	0.14770930260419846	26.941383738266794	0.58	0.47333333333333333
32	0.14798778476137103	26.917381688168174	0.5741666666666667	0.44666666666666666
33	0.14767247087815227	27.349245272184675	0.5766666666666667	0.44666666666666666
34	0.1477560383932931	26.895770273710554	0.58	0.5
35	0.14743891689512464	26.333731651306152	0.59	0.5
36	0.1474213084659061	26.036592433327122	0.595	0.44666666666666666
37	0.14740214222355894	26.19113570765445	0.5883333333333334	0.48
38	0.1471402094914363	25.7745102330258	0.6033333333333334	0.47333333333333333
39	0.14721873998641968	25.686971915395635	0.5966666666666667	0.47333333333333333
40	0.14727871010943158	25.47642298748619	0.6	0.48
41	0.14705270244961693	25.47581790622912	0.6041666666666666	0.5
42	0.14706957063009574	25.50376252124184	0.6016666666666667	0.49333333333333335
43	0.1470875685865229	25.627679674248945	0.6	0.46
44	0.14687390857272678	25.393267731917533	0.6025	0.4866666666666667
45	0.14681749758513077	25.159566603208845	0.6016666666666667	0.49333333333333335
-1	-1	-1	-1	-1
0	0.174041748046875	35.15652460800974	0.38416666666666666	0.44666666666666666
1	0.15659546852111816	33.027036942933734	0.44333333333333336	0.4533333333333333
2	0.15339318911234537	32.64152948479904	0.4608333333333333	0.41333333333333333
3	0.14945006370544434	32.61115668949328	0.4716666666666667	0.42
4	0.1489506721496582	31.82125089043065	0.4816666666666667	0.44666666666666666
5	0.14858810106913248	31.6001918190404	0.49166666666666664	0.46
6	0.14695651190621511	30.957231621993216	0.5166666666666667	0.49333333333333335
7	0.14725518226623535	30.640223051372327	0.5058333333333334	0.42
8	0.14753744337293836	30.61910629272461	0.5	0.47333333333333333
9	0.14656527042388917	30.396853898700915	0.5075	0.49333333333333335
10	0.1465421589938077	30.69409533550865	0.5133333333333333	0.46
11	0.1468794345855713	29.982034909097774	0.5141666666666667	0.46
12	0.14627860142634466	30.2686717133773	0.49583333333333335	0.44
13	0.145913941519601	30.71218985005429	0.5091666666666667	0.4533333333333333
14	0.14634108543395996	30.482897080873187	0.5	0.46
15	0.14579321444034576	30.4011617208782	0.48833333333333334	0.4533333333333333
16	0.14557528495788574	30.154021539186175	0.5141666666666667	0.46
17	0.14577786127726236	29.902985673201712	0.5066666666666667	0.4533333333333333
18	0.14532524661013954	29.674076883416426	0.51	0.43333333333333335
19	0.14530977010726928	29.417413435484235	0.5158333333333334	0.4533333333333333
20	0.1455474126906622	29.57032208693655	0.5216666666666666	0.47333333333333333
21	0.14515068314292215	29.36612141759772	0.525	0.44
22	0.14515022609544836	28.94837949150487	0.5316666666666666	0.46
23	0.14532356460889181	28.788672497397975	0.5308333333333334	0.4533333333333333
24	0.14495107650756836	28.89627948560213	0.5441666666666667	0.46
25	0.14497147156642035	28.501515413585462	0.5508333333333333	0.46
26	0.14499691680625634	28.293453894163434	0.5441666666666667	0.4666666666666667
27	0.14467240231377737	28.510240429326107	0.5483333333333333	0.44
28	0.14468220184589253	28.21899168114913	0.5491666666666667	0.47333333333333333
29	0.14476579825083416	27.743319109866494	0.5541666666666667	0.43333333333333335
-1	-1	-1	-1	-1
0	0.16057395935058594	35.60306478801527	0.42333333333333334	0.36
1	0.1539837121963501	32.986980965262966	0.4525	0.36666666666666664
2	0.15073736508687338	32.27056277425665	0.4766666666666667	0.3933333333333333
3	0.14743393659591675	32.098670859085885	0.48083333333333333	0.4066666666666667
4	0.147002649307251	32.10894168050665	0.48583333333333334	0.41333333333333333
5	0.1473464568456014	31.158337768755462	0.5166666666666667	0.4
6	0.14589592388698033	30.7681060841209	0.5133333333333333	0.42
7	0.1458296775817871	30.668547278956364	0.515	0.38
8	0.1461094750298394	30.371744984074642	0.5241666666666667	0.41333333333333333
9	0.14555461406707765	30.55697079708702	0.5233333333333333	0.44
10	0.14608901197260077	30.435083088121917	0.5258333333333334	0.4266666666666667
11	0.14647285143534342	29.95255274521677	0.5083333333333333	0.4
12	0.14577051309438852	30.6296184941342	0.5333333333333333	0.4066666666666667
13	0.14574944972991943	30.64783831646568	0.5183333333333333	0.46
14	0.14606226285298665	29.90443821957237	0.5266666666666666	0.44
15	0.1455657035112381	29.305214329769736	0.535	0.44
16	0.14555591695448933	29.6812686920166	0.5291666666666667	0.47333333333333333
17	0.14571538236406115	29.092806138490374	0.5508333333333333	0.41333333333333333
18	0.14535164833068848	29.364822312405234	0.5391666666666667	0.42
19	0.1453987956047058	29.12004736850136	0.5508333333333333	0.4266666666666667
20	0.1455112752460298	29.393081614845677	0.5533333333333333	0.4
21	0.14522988146001642	28.7483236413253	0.5516666666666666	0.46
22	0.145289597303971	28.95999682577033	0.5591666666666667	0.43333333333333335
23	0.14542638262112936	28.840280457546836	0.5516666666666666	0.43333333333333335
24	0.14522080421447753	28.36526514354505	0.5575	0.44666666666666666
25	0.14505241467402533	28.011944243782445	0.5633333333333334	0.46
26	0.1453035142686632	28.351730246292917	0.5625	0.43333333333333335
27	0.14502769708633423	28.37173625042564	0.5658333333333333	0.42
28	0.14503937754137763	27.260856528031198	0.5883333333333334	0.4266666666666667
29	0.1451565424601237	27.148940738878753	0.5875	0.44
30	0.14491682667886058	27.28017480749833	0.5716666666666667	0.4533333333333333
31	0.14479757845401764	26.560020246003802	0.5925	0.46
32	0.14500650492581454	26.27436005441766	0.595	0.46
33	0.14479477265301874	26.09343940333316	0.5966666666666667	0.4666666666666667
34	0.14465597016470774	26.520659798070003	0.5808333333333333	0.43333333333333335
35	0.14480262332492405	26.04760571529991	0.595	0.4533333333333333
36	0.1446207471795984	26.018766854938708	0.6033333333333334	0.4266666666666667
-1	-1	-1	-1	-1
0	0.17337989807128906	35.314008587285095	0.39916666666666667	0.36666666666666664
1	0.15899980068206787	33.61267722280402	0.43416666666666665	0.44666666666666666
2	0.1509385903676351	32.800714894344935	0.4825	0.44666666666666666
3	0.14941930770874023	31.84917828911229	0.485	0.49333333333333335
4	0.14695448875427247	31.537037598459346	0.4925	0.5
5	0.14687995115915933	31.49427072625411	0.48833333333333334	0.5
6	0.14699316024780273	31.095626002863835	0.49916666666666665	0.49333333333333335
7	0.14606091380119324	31.197714755409642	0.5058333333333334	0.5133333333333333
8	0.14607185787624782	30.89860537177638	0.5191666666666667	0.48
9	0.1465221881866455	30.6824413098787	0.5016666666666667	0.5
10	0.14574321833523837	30.703484033283434	0.5091666666666667	0.4866666666666667
11	0.1457239588101705	30.49293743936639	0.49916666666666665	0.5333333333333333
12	0.14644918074974647	30.723838128541644	0.5	0.5266666666666666
13	0.1460989202771868	30.65656358317325	0.5016666666666667	0.47333333333333333
14	0.1458022435506185	30.80886893523367	0.5125	0.5266666666666666
15	0.14633990824222565	30.546590353313245	0.5083333333333333	0.5
16	0.1460584191715016	30.170284948850934	0.52	0.5066666666666667
17	0.14585506916046143	29.86158283133256	0.5133333333333333	0.5266666666666666
18	0.1463132657502827	29.50894513883089	0.5316666666666666	0.5133333333333333
19	0.14604876041412354	29.55523149590743	0.5266666666666666	0.52
20	0.1459822314126151	29.549416090312757	0.5208333333333334	0.5466666666666666
21	0.14631608399477872	29.01529362327174	0.5425	0.5133333333333333
22	0.14627822585727857	28.731088563015586	0.5433333333333333	0.5066666666666667
23	0.14596707622210184	28.875039552387438	0.5425	0.5333333333333333
24	0.14612581253051757	29.0178582542821	0.54	0.5333333333333333
25	0.14601747806255633	28.39723657306872	0.5533333333333333	0.5333333333333333
26	0.14558255230938946	28.22662157761423	0.5466666666666666	0.5133333333333333
27	0.14571054492677962	28.4468066064935	0.5475	0.5066666666666667
28	0.14567738565905342	28.729468998156097	0.5375	0.5133333333333333
29	0.14538245995839436	27.548874855041504	0.5633333333333334	0.5133333333333333
30	0.1454334335942422	27.625435101358516	0.5583333333333333	0.49333333333333335
31	0.14546433836221695	27.44374588916176	0.5691666666666667	0.5
32	0.14516245957576868	26.801777764370566	0.5725	0.49333333333333335
33	0.14518052690169392	27.52483300158852	0.575	0.5266666666666666
34	0.14521936007908412	27.64875396929289	0.5725	0.5066666666666667
35	0.1449060771200392	26.912232549566973	0.5791666666666667	0.4866666666666667
36	0.1449033698520145	26.34987954089516	0.585	0.49333333333333335
37	0.14499479218533165	26.20280065034565	0.5908333333333333	0.5066666666666667
38	0.14490065819177872	26.085898575029876	0.5825	0.4866666666666667
39	0.14482306241989135	25.573786785728053	0.5933333333333334	0.4866666666666667
40	0.14511643967977383	25.57680566687333	0.6041666666666666	0.5066666666666667
-1	-1	-1	-1	-1
0	0.1593620777130127	35.978877218146074	0.37416666666666665	0.43333333333333335
1	0.1522279977798462	33.85565712577418	0.4058333333333333	0.42
2	0.1493955453236898	32.533112375359785	0.4533333333333333	0.46
3	0.14604532718658447	32.186638932479056	0.45	0.4666666666666667
4	0.14562149047851564	31.950830158434417	0.485	0.47333333333333333
5	0.146052877108256	31.6335126475284	0.4791666666666667	0.5133333333333333
6	0.14539149829319545	31.645776648270456	0.4891666666666667	0.49333333333333335
7	0.145008385181427	31.701812919817474	0.48333333333333334	0.4533333333333333
8	0.1455800003475613	31.85788771980687	0.49833333333333335	0.48
9	0.1446072816848755	31.53183166604293	0.48333333333333334	0.4666666666666667
10	0.14451828869906339	30.711215320386383	0.5066666666666667	0.48
11	0.1450211008389791	30.43572285300807	0.5175	0.4533333333333333
12	0.14468038999117339	30.74614896272358	0.5108333333333334	0.46
13	0.14422506945473806	30.929486651169626	0.49083333333333334	0.47333333333333333
14	0.1448744297027588	30.565101924695465	0.5075	0.46
15	0.14427438378334045	30.036260052731162	0.5191666666666667	0.4666666666666667
16	0.14401459693908691	30.114615089014958	0.52	0.4533333333333333
17	0.14416937033335367	29.665178600110504	0.535	0.46
18	0.1436661168148643	29.57386285380313	0.53	0.47333333333333333
19	0.14368414878845215	29.98271121476826	0.5283333333333333	0.48
20	0.1438427312033517	29.186999772724352	0.5366666666666666	0.46
21	0.14350989731875333	29.047636860295345	0.5433333333333333	0.4866666666666667
22	0.143575440282407	29.2167427414342	0.5391666666666667	0.44666666666666666
23	0.14369651675224304	28.737217325913278	0.5425	0.46
24	0.1434359073638916	28.924607477690046	0.5533333333333333	0.46
25	0.14344634459568903	29.11762086968673	0.5433333333333333	0.4533333333333333
26	0.1435288941418683	28.388812818025286	0.5583333333333333	0.44666666666666666
27	0.14328341824667795	28.32703537690012	0.545	0.4533333333333333
28	0.14332143191633553	28.20612365321109	0.5591666666666667	0.4666666666666667
29	0.14335041046142577	28.20896259107088	0.565	0.44666666666666666
-1	-1	-1	-1	-1
0	0.15693283081054688	35.0613253744025	0.405	0.4666666666666667
1	0.15565550327301025	32.802289260061166	0.4508333333333333	0.4866666666666667
2	0.1521291732788086	32.329544368543125	0.4775	0.52
3	0.14897942543029785	32.77468239633661	0.4766666666666667	0.48
4	0.14746084213256835	31.488464706822445	0.4866666666666667	0.5466666666666666
5	0.14872992038726807	30.790674209594727	0.4975	0.5
6	0.14741921424865723	30.7226797906976	0.5033333333333333	0.48
7	0.14678341150283813	30.5723530618768	0.4975	0.5333333333333333
8	0.1477002567715115	30.892433819017914	0.49666666666666665	0.49333333333333335
9	0.14716839790344238	30.251669758244564	0.5116666666666667	0.49333333333333335
10	0.14669544046575372	29.93161934300473	0.5058333333333334	0.5
11	0.1471969485282898	30.14734835373728	0.5125	0.5
12	0.1463769399202787	30.038529948184365	0.51	0.5066666666666667
13	0.14605752059391566	29.729182820571097	0.5208333333333334	0.49333333333333335
14	0.14667105674743652	29.872866203910426	0.525	0.5133333333333333
15	0.1465902179479599	29.513495545638236	0.5266666666666666	0.5066666666666667
16	0.14603656880995808	29.45016484511526	0.49916666666666665	0.5466666666666666
17	0.1463201708263821	28.72311150400262	0.5333333333333333	0.5533333333333333
18	0.14727415536579333	28.550452684101305	0.5266666666666666	0.5066666666666667
19	0.1471450686454773	29.24150444331922	0.5375	0.5
20	0.14677442823137557	28.97330765975149	0.5341666666666667	0.5266666666666666
21	0.14700699936259876	28.399604847556667	0.5358333333333334	0.5333333333333333
22	0.14661693572998047	28.1736613323814	0.5375	0.5466666666666666
23	0.1465712289015452	28.039320017162122	0.5408333333333334	0.54
24	0.1467122459411621	28.083735340519954	0.5433333333333333	0.52
25	0.14642201020167425	27.7120983475133	0.5466666666666666	0.5133333333333333
26	0.14623001769736962	28.001322771373548	0.55	0.5666666666666667
27	0.14647229228700911	27.64335388886301	0.5566666666666666	0.52
28	0.14623842568233095	27.374797344207764	0.5483333333333333	0.5666666666666667
29	0.14606415430704753	27.217503823732073	0.555	0.5266666666666666
30	0.1464556494066792	27.25029232627467	0.5558333333333333	0.54
31	0.1462770253419876	26.81550783860056	0.5683333333333334	0.56
32	0.14612270124030835	26.97056107772024	0.5625	0.5333333333333333
33	0.1463982988806332	26.951152801513672	0.5733333333333334	0.5266666666666666
34	0.14630581310817173	26.487456371909694	0.5591666666666667	0.54
35	0.14615126450856528	26.264663119065133	0.5733333333333334	0.5333333333333333
36	0.14636082262606234	26.345927916075055	0.57	0.54
37	0.14614157927663704	26.115896626522666	0.5725	0.54
38	0.1459507025205172	25.833875455354388	0.585	0.5266666666666666
39	0.14609708786010742	25.900983433974417	0.5841666666666666	0.54
40	0.14579089094952838	26.05157362787347	0.5758333333333333	0.5466666666666666
41	0.1457179387410482	25.503803704914294	0.5875	0.5866666666666667
42	0.14571561369785044	25.365960899152252	0.585	0.54
43	0.14544597539034756	25.135265099374873	0.5916666666666667	0.54
44	0.14537033504909938	25.397620351690996	0.5875	0.5333333333333333
45	0.14533301540043042	24.946172664040013	0.5966666666666667	0.5666666666666667
46	0.14510755843304574	24.898349335319118	0.59	0.5466666666666666
47	0.14521410564581552	24.765926436374063	0.5933333333333334	0.58
48	0.14536123859639072	24.67342125742059	0.5983333333333334	0.58
49	0.1454164743423462	24.556133420843828	0.6016666666666667	0.5733333333333334
50	0.1453671034644632	24.5708619920831	0.5933333333333334	0.5733333333333334
51	0.14556147960516122	24.724023015875567	0.5991666666666666	0.5733333333333334
52	0.14558834849663502	24.328988301126582	0.6025	0.56
53	0.1455462376276652	24.275320429550973	0.6025	0.5466666666666666
54	0.145763314854015	24.31190044001529	0.6016666666666667	0.5533333333333333
55	0.14579737186431885	24.206038224069697	0.6066666666666667	0.5666666666666667
56	0.14575141354611046	24.09222452264083	0.6091666666666666	0.5333333333333333
57	0.1459301134635662	23.99189181076853	0.6083333333333333	0.5533333333333333
58	0.1459564839379262	23.92003511127673	0.6125	0.56
59	0.14591190417607625	23.91623946240074	0.6033333333333334	0.58
60	0.14608133034627946	23.94209969671149	0.6091666666666666	0.5733333333333334
61	0.14607856735106436	23.765706564250745	0.6108333333333333	0.5266666666666666
-1	-1	-1	-1	-1
0	0.17845463752746582	37.08102989196777	0.3725	0.3333333333333333
1	0.1609795093536377	32.89626051250257	0.45166666666666666	0.5066666666666667
2	0.15247662862141928	32.74884921626041	0.42833333333333334	0.4533333333333333
3	0.1500728726387024	32.311100457843985	0.47583333333333333	0.44666666666666666
4	0.14880385398864746	31.31480161767257	0.5016666666666667	0.52
5	0.14742839336395264	31.910319529081647	0.48333333333333334	0.52
6	0.1475330080304827	31.222393889176217	0.49416666666666664	0.5533333333333333
7	0.14783966541290283	30.61909334283126	0.5008333333333334	0.47333333333333333
8	0.1465932528177897	30.883756236026162	0.5016666666666667	0.5133333333333333
9	0.14598119258880615	30.602910267679317	0.5	0.5266666666666666
10	0.1456838087602095	30.399544766074733	0.485	0.5
11	0.14480555057525635	29.95363762504176	0.5075	0.54
12	0.144640354009775	30.195986998708623	0.49416666666666664	0.5266666666666666
13	0.14465251990727016	29.816188109548467	0.5075	0.5066666666666667
14	0.1439717133839925	29.585198201631243	0.495	0.5066666666666667
15	0.1440129280090332	29.21498283587004	0.5175	0.5133333333333333
16	0.14413812581230612	29.480095662568743	0.525	0.5266666666666666
17	0.14366002877553305	29.122525315535697	0.5258333333333334	0.5466666666666666
18	0.1438260454880564	29.116423280615557	0.5225	0.52
19	0.14406204223632812	28.862251331931667	0.5241666666666667	0.48
20	0.1437700248899914	28.93368507686414	0.5308333333333334	0.52
21	0.14380839737978848	28.64409261000784	0.5316666666666666	0.5266666666666666
22	0.14390330729277237	28.587814280861302	0.5283333333333333	0.47333333333333333
23	0.14354208111763	28.49227009321514	0.5366666666666666	0.5133333333333333
24	0.14378612518310546	28.116190609179046	0.5441666666666667	0.5
25	0.14374983310699463	27.91547087619179	0.5466666666666666	0.52
26	0.14334352811177573	28.01624413540489	0.5441666666666667	0.49333333333333335
27	0.14339880432401383	28.41279697418213	0.5441666666666667	0.52
28	0.143398169813485	27.46867420798854	0.5525	0.4866666666666667
29	0.14305171171824138	27.339729560048955	0.5508333333333333	0.56
30	0.14322845397456999	27.195250009235583	0.5541666666666667	0.52
31	0.14345228672027588	27.13879670594868	0.555	0.5266666666666666
32	0.14327591115778143	26.838733095871774	0.5583333333333333	0.52
33	0.1432512367472929	26.634888950147126	0.5658333333333333	0.54
34	0.14340906143188475	26.539932376460026	0.5666666666666667	0.5066666666666667
35	0.14320925871531168	26.199645920803672	0.5708333333333333	0.52
36	0.14348325858245026	26.108065805937116	0.5741666666666667	0.5
37	0.14358602699480558	25.99424834000437	0.5741666666666667	0.5066666666666667
38	0.14333669344584146	25.955266927417956	0.57	0.49333333333333335
39	0.1433359920978546	25.648884221127158	0.585	0.5066666666666667
40	0.14342642411953066	25.555984421780234	0.5841666666666666	0.5066666666666667
41	0.14321052460443406	25.650056989569414	0.5825	0.4666666666666667
42	0.14323802327000817	26.615778496390895	0.5625	0.4666666666666667
43	0.14329571615565906	25.855030963295384	0.5858333333333333	0.5333333333333333
44	0.1430902745988634	25.442332995565312	0.5791666666666667	0.5
45	0.14312958717346191	25.364736632296914	0.5866666666666667	0.5
46	0.14315856263992635	25.29709226206729	0.5925	0.5
47	0.143000990152359	25.08629796379491	0.5866666666666667	0.5066666666666667
48	0.1430370126451765	25.150693316208688	0.5941666666666666	0.4866666666666667
49	0.14303778171539305	24.89804990668046	0.5983333333333334	0.5066666666666667
-1	-1	-1	-1	-1
0	0.16680192947387695	35.06193326648913	0.3933333333333333	0.46
1	0.15601897239685059	32.99057481163427	0.42	0.44
2	0.15403850873311362	31.945699967836077	0.47	0.47333333333333333
3	0.15024703741073608	32.59993432697497	0.4508333333333333	0.4866666666666667
4	0.1492304801940918	31.374219241895172	0.4766666666666667	0.5133333333333333
5	0.1497175693511963	31.011525053727	0.4925	0.52
6	0.14825902666364396	30.53383059250681	0.5208333333333334	0.5133333333333333
7	0.14728420972824097	31.13205091576827	0.4925	0.5066666666666667
8	0.14797155062357584	30.851551733518903	0.515	0.5
9	0.14708757400512695	30.687906641709176	0.5033333333333333	0.5533333333333333
10	0.14649779146367853	30.278348270215485	0.5	0.5266666666666666
11	0.14734375476837158	30.41003199627525	0.5066666666666667	0.5266666666666666
12	0.14711139752314642	30.185937354439183	0.5175	0.54
13	0.14652534893580846	29.901440218875283	0.49666666666666665	0.5466666666666666
14	0.14722382227579753	29.77513273138749	0.5116666666666667	0.49333333333333335
15	0.14671112596988678	29.471290588378906	0.5191666666666667	0.5466666666666666
16	0.1464849079356474	29.779995215566533	0.5258333333333334	0.5466666666666666
17	0.14676531155904135	29.104152026929352	0.5183333333333333	0.5266666666666666
18	0.14637678547909386	29.01807007036711	0.5341666666666667	0.56
19	0.14598538875579833	29.46952674263402	0.525	0.5133333333333333
20	0.14624801136198498	29.326815680453652	0.525	0.5133333333333333
21	0.14572133801200174	28.950530529022217	0.5433333333333333	0.5133333333333333
22	0.14549756050109863	28.713270739505166	0.5408333333333334	0.5
23	0.14578505357106528	29.281953560678584	0.54	0.5666666666666667
24	0.14573169708251954	28.259457638389186	0.5375	0.5533333333333333
25	0.14565664071303147	28.05625935604698	0.56	0.5466666666666666
26	0.14611733401263202	28.3067304209659	0.5425	0.5066666666666667
27	0.14619452612740652	28.076678225868626	0.5533333333333333	0.5466666666666666
28	0.14593759076348667	27.32109767512271	0.5658333333333333	0.5533333333333333
29	0.14607816537221271	26.98883699115954	0.5691666666666667	0.5533333333333333
30	0.1460904844345585	27.380551262905723	0.56	0.5466666666666666
31	0.14601899683475494	26.787180825283652	0.57	0.5733333333333334
32	0.14635538332390063	26.367585307673405	0.5783333333333334	0.5533333333333333
33	0.14648286735310273	26.385438517520303	0.5741666666666667	0.5466666666666666
34	0.14632890565054757	26.41214491191663	0.58	0.5266666666666666
35	0.14652927054299247	26.23725037825735	0.5783333333333334	0.5533333333333333
36	0.14630114710008776	26.375108267131605	0.5833333333333334	0.5733333333333334
37	0.1462343742972926	25.801057414004678	0.5925	0.5466666666666666
38	0.1468379191863231	25.590972097296465	0.5908333333333333	0.5266666666666666
39	0.14683569073677064	25.52877842752557	0.5908333333333333	0.5466666666666666
40	0.14669116531930318	25.26416708293714	0.6	0.58
41	0.14678504353477842	25.13467133672614	0.595	0.54
42	0.14658481575721918	25.340746979964408	0.5941666666666666	0.5733333333333334
43	0.14665425365621393	25.02689070450632	0.5941666666666666	0.5666666666666667
44	0.14667033089531792	25.113039242593867	0.6	0.54
45	0.14648960465970245	25.108044473748457	0.6058333333333333	0.52
46	0.1465829686915621	25.154245702843916	0.6083333333333333	0.5133333333333333
47	0.14660183588663736	24.75084997478284	0.605	0.5533333333333333
48	0.14643144607543945	24.7236176791944	0.6008333333333333	0.5266666666666666
49	0.14641355037689208	24.542263984680176	0.6025	0.5333333333333333
50	0.14642833728416293	24.285191987690173	0.6166666666666667	0.5333333333333333
51	0.14627452538563654	24.17536785728053	0.6125	0.5266666666666666
52	0.14631905195847997	24.101724373666865	0.62	0.5266666666666666
53	0.1463370543939096	24.05655978855334	0.6191666666666666	0.5333333333333333
54	0.14619451002641157	23.963936454371403	0.6158333333333333	0.54
55	0.14627403020858765	23.8907191627904	0.6225	0.5333333333333333
56	0.14620849124172278	23.79345605247899	0.6225	0.5333333333333333
57	0.14601757608611007	23.719069380509225	0.6183333333333333	0.5333333333333333
58	0.1460215762510138	23.67066697070473	0.6283333333333333	0.5333333333333333
59	0.1460675557454427	23.602729220139352	0.625	0.54
60	0.1458843770574351	23.559772842808773	0.6241666666666666	0.5066666666666667
-1	-1	-1	-1	-1
0	0.17635822296142578	35.98828526547081	0.4141666666666667	0.32
1	0.15815293788909912	32.713572351556074	0.44666666666666666	0.46
2	0.15034015973409018	32.549141683076556	0.4575	0.4066666666666667
3	0.1500331163406372	32.15781658574154	0.4691666666666667	0.4
4	0.15018033981323242	33.28803323444567	0.43333333333333335	0.48
5	0.1482491890589396	31.97786717665823	0.48083333333333333	0.3933333333333333
6	0.14929972376142228	32.12895257849442	0.4575	0.4866666666666667
7	0.14835453033447266	32.28291411148874	0.44916666666666666	0.44666666666666666
8	0.14715777503119576	31.47488752164339	0.4691666666666667	0.44666666666666666
9	0.14770908355712892	31.134004367025273	0.49666666666666665	0.46
10	0.1464117873798717	30.817551412080462	0.49833333333333335	0.5066666666666667
11	0.14608103036880493	31.15875926770662	0.49	0.4533333333333333
12	0.14581592266376203	30.782151222229004	0.49166666666666664	0.47333333333333333
13	0.14492143903459823	30.070086328606855	0.5075	0.4866666666666667
14	0.14511087735493977	29.810584294168574	0.5141666666666667	0.5133333333333333
15	0.1453769952058792	29.696383074710244	0.5191666666666667	0.47333333333333333
16	0.145019391003777	29.499483108520508	0.5133333333333333	0.46
17	0.14498155646853977	29.28312941601402	0.5325	0.4666666666666667
18	0.14512433503803454	29.302646837736432	0.5366666666666666	0.47333333333333333
19	0.14485604763031007	29.422914228941266	0.5291666666666667	0.44666666666666666
20	0.1446363925933838	29.067602157592773	0.535	0.47333333333333333
21	0.14459554715590042	28.816732657583135	0.5441666666666667	0.4666666666666667
22	0.14413484283115552	28.712147938577754	0.5433333333333333	0.47333333333333333
23	0.14409970243771872	28.242132136696263	0.555	0.48
24	0.14419081687927246	28.06332432596307	0.5566666666666666	0.49333333333333335
25	0.14393346126262957	28.025978088378906	0.5658333333333333	0.46
26	0.1439003237971553	27.805648979387787	0.5516666666666666	0.48
27	0.1439856801714216	27.873531190972578	0.5658333333333333	0.46
28	0.14371781513608736	27.825283125827188	0.5625	0.47333333333333333
29	0.14397637844085692	28.20401994805587	0.5675	0.4666666666666667
30	0.1440867147138042	27.647085340399492	0.57	0.4866666666666667
31	0.14387760311365128	26.87274752165142	0.5791666666666667	0.48
32	0.14400312394806833	27.097467924419202	0.5758333333333333	0.47333333333333333
33	0.14407793213339412	26.271731150777715	0.5891666666666666	0.48
34	0.14377923011779786	26.637473959671823	0.5816666666666667	0.47333333333333333
-1	-1	-1	-1	-1
0	0.17521214485168457	35.19920336572748	0.3958333333333333	0.35333333333333333
1	0.15969479084014893	32.47507271013762	0.45916666666666667	0.5066666666666667
2	0.15331323941548666	32.23600718849584	0.46166666666666667	0.43333333333333335
3	0.15107077360153198	31.746343361703975	0.4708333333333333	0.4866666666666667
4	0.14758710861206054	30.88704508229306	0.4975	0.5066666666666667
5	0.14711598555246988	31.045647947411787	0.4816666666666667	0.48
6	0.14708634785243443	31.33944576664975	0.5025	0.4266666666666667
7	0.14584481716156006	31.135004896866647	0.4866666666666667	0.5
8	0.14561735259162056	30.60130540948165	0.5016666666666667	0.49333333333333335
9	0.14555766582489013	30.252033509706195	0.5058333333333334	0.49333333333333335
10	0.14438061280684036	30.13926937705592	0.5058333333333334	0.5133333333333333
11	0.14483930667241415	30.126453324368125	0.5191666666666667	0.5
12	0.14522413107065055	29.90552500674599	0.5233333333333333	0.5
13	0.14470836094447545	30.2598389324389	0.49833333333333335	0.5066666666666667
14	0.1446684996287028	29.76313573435733	0.5191666666666667	0.5066666666666667
15	0.14497756958007812	29.9439562747353	0.495	0.48
16	0.14478480114656336	29.700667506770085	0.5275	0.49333333333333335
17	0.14465906884935167	29.16403745350085	0.5283333333333333	0.47333333333333333
18	0.14513754844665527	29.21261147448891	0.51	0.5
19	0.14471788406372071	29.02220966941432	0.5433333333333333	0.52
20	0.1445173536028181	29.161327111093623	0.5291666666666667	0.5133333333333333
21	0.1448450738733465	28.360722742582624	0.5358333333333334	0.5066666666666667
22	0.14449779883674954	28.268592257248727	0.5416666666666666	0.5
23	0.1445391575495402	28.531713109267386	0.5425	0.48
24	0.14467979431152345	28.41588323994687	0.54	0.48
25	0.14441978014432466	28.458544881720293	0.5333333333333333	0.52
26	0.14444050082453974	27.88463504690873	0.56	0.5333333333333333
27	0.14456737892968313	27.58325948213276	0.55	0.5133333333333333
28	0.14434830073652596	27.112837565572637	0.5633333333333334	0.54
29	0.14442933400472005	28.02236607200221	0.5516666666666666	0.4866666666666667
30	0.144677831280616	27.64525784944233	0.5525	0.5266666666666666
31	0.14449524134397507	27.03018451991834	0.5575	0.5266666666666666
32	0.14418014613064853	26.89909889823512	0.5641666666666667	0.5333333333333333
33	0.14430334287531235	26.71550296482287	0.5775	0.5533333333333333
34	0.14417881284441267	26.363343439604108	0.5741666666666667	0.5266666666666666
35	0.14405099550882974	26.407608559257106	0.5783333333333334	0.5533333333333333
36	0.14427150262368693	26.54330695302863	0.5708333333333333	0.5466666666666666
37	0.14417684705633865	25.84401421797903	0.5733333333333334	0.5266666666666666
38	0.14425216576991937	25.91082083551507	0.5833333333333334	0.5133333333333333
39	0.14466990828514098	25.90947665666279	0.5808333333333333	0.5266666666666666
40	0.14474961234302056	25.47878260361521	0.5883333333333334	0.5066666666666667
41	0.14474910781497047	25.434233314112614	0.5875	0.5333333333333333
42	0.14491968376691952	25.175252362301475	0.59	0.52
43	0.14480241320349954	24.948288992831582	0.5975	0.5066666666666667
44	0.1447508282131619	24.841311530063027	0.6016666666666667	0.5333333333333333
45	0.14497783391372018	24.830446920896833	0.5991666666666666	0.5133333333333333
46	0.14482180108415318	24.80395992178666	0.595	0.5266666666666666
47	0.14472212890783945	24.697284497712786	0.6016666666666667	0.5133333333333333
48	0.14483527747952207	24.547036597603245	0.6058333333333333	0.5133333333333333
49	0.1447029685974121	24.562267679917184	0.6	0.5133333333333333
50	0.1447875172484155	24.406139348682604	0.6	0.54
51	0.14481671039874738	24.36563361318488	0.5975	0.54
52	0.1446644899980077	24.271708664141205	0.6066666666666667	0.5
53	0.14475388880129214	24.08238787400095	0.6133333333333333	0.5266666666666666
-1	-1	-1	-1	-1
0	0.23914337158203125	36.092433879249974	0.4033333333333333	0.4
1	0.18976569175720215	33.35572257794832	0.4325	0.32
2	0.17674716313680014	32.45682638569882	0.44583333333333336	0.43333333333333335
3	0.16814810037612915	32.834094499286856	0.42583333333333334	0.4266666666666667
4	0.16220874786376954	32.586136165418125	0.46166666666666667	0.4666666666666667
5	0.1607531706492106	31.403651438261335	0.4825	0.4866666666666667
6	0.15805550983973912	31.30043797743948	0.495	0.4866666666666667
7	0.15769925713539124	30.875875121668766	0.49333333333333335	0.49333333333333335
8	0.15705543094211155	31.453255954541657	0.49416666666666664	0.4666666666666667
9	0.15652315616607665	30.918959542324668	0.4975	0.47333333333333333
10	0.15582812916148792	30.479835685930755	0.5133333333333333	0.48
11	0.15451576312383017	30.150138804787083	0.5	0.4866666666666667
12	0.15460953345665565	29.829651129873174	0.5108333333333334	0.43333333333333335
13	0.1538849217551095	29.51801586151123	0.515	0.4866666666666667
14	0.15298337936401368	29.640429797925446	0.5025	0.4866666666666667
15	0.15312820672988892	29.078216452347604	0.525	0.47333333333333333
16	0.1524322874405805	29.095702472485993	0.5183333333333333	0.5
17	0.15167731708950466	29.87852362582558	0.525	0.52
18	0.15167457179019325	29.667684580150404	0.5041666666666667	0.52
19	0.15104296207427978	29.577562884280557	0.5091666666666667	0.4666666666666667
20	0.15061319442022414	28.77637933429919	0.5241666666666667	0.4866666666666667
21	0.15089656006206165	28.509966197766754	0.535	0.5066666666666667
22	0.15064547372900922	28.393014581579912	0.5366666666666666	0.5066666666666667
23	0.15011625488599142	28.031461263957777	0.5491666666666667	0.5133333333333333
24	0.15009476661682128	28.08242416381836	0.5408333333333334	0.5333333333333333
25	0.1494134572836069	28.007176800778037	0.5433333333333333	0.5066666666666667
26	0.149194805710404	27.396343155911094	0.5591666666666667	0.5466666666666666
27	0.1491732427052089	27.997768778549997	0.5366666666666666	0.5266666666666666
28	0.14890978254120926	27.241475080188952	0.5583333333333333	0.52
29	0.14887232780456544	27.34199016972592	0.5541666666666667	0.5266666666666666
30	0.14898488598485146	26.45056767212717	0.5733333333333334	0.5133333333333333
31	0.14886747300624847	26.440797805786133	0.5708333333333333	0.5
32	0.1487795439633456	26.606763513464678	0.5633333333333334	0.5333333333333333
33	0.14892873343299418	25.994515469199733	0.575	0.52
34	0.14865126609802246	26.618597306703265	0.57	0.5066666666666667
35	0.14846580558353	26.963000347739772	0.5675	0.5066666666666667
36	0.14861339491766853	26.253338362041273	0.58	0.5133333333333333
37	0.1484124221299824	25.860984199925472	0.5816666666666667	0.5333333333333333
38	0.14815568923950195	25.718302325198525	0.5783333333333334	0.5333333333333333
39	0.14813945889472963	25.482751143606084	0.5866666666666667	0.52
40	0.1477752371532161	25.307976346266898	0.585	0.5333333333333333
41	0.1476983796982538	25.3715036793759	0.5816666666666667	0.5266666666666666
42	0.1476369070452313	24.994312512247188	0.5925	0.5333333333333333
43	0.14728454568169333	25.023403217917995	0.5916666666666667	0.5066666666666667
44	0.14722223811679416	24.821172212299548	0.5941666666666666	0.52
45	0.14718509757000467	24.86627069272493	0.6	0.5133333333333333
46	0.14687650761705764	24.807052612304688	0.5925	0.52
-1	-1	-1	-1	-1
0	0.17461705207824707	35.170444890072474	0.4175	0.35333333333333333
1	0.16058504581451416	32.71701772589432	0.45	0.5933333333333334
2	0.15407069524129233	32.04345911427548	0.49666666666666665	0.54
3	0.1533292531967163	31.165469922517474	0.505	0.54
4	0.15105280876159669	31.33216496517784	0.5083333333333333	0.5666666666666667
5	0.14959327379862467	31.12235696692216	0.5116666666666667	0.5066666666666667
6	0.15059007917131698	30.729838120309932	0.5108333333333334	0.56
7	0.14957112073898315	30.839889275400264	0.49083333333333334	0.44
8	0.1480508910285102	30.702440462614362	0.4975	0.52
9	0.1482543706893921	30.778660447973955	0.49416666666666664	0.5533333333333333
10	0.1485039537603205	30.199632619556628	0.5175	0.5066666666666667
11	0.14763649304707846	30.410989811545925	0.5125	0.5
12	0.14787813333364633	30.694449023196572	0.5108333333333334	0.5666666666666667
13	0.14709208692823136	30.084041695845755	0.5108333333333334	0.5666666666666667
14	0.1471316655476888	29.887704874339857	0.5116666666666667	0.5333333333333333
15	0.1471700370311737	29.73667792270058	0.5216666666666666	0.54
16	0.14664771977592916	29.566767240825452	0.525	0.5133333333333333
17	0.14648661348554823	30.1340429657384	0.525	0.52
18	0.14690750523617394	29.51677854437577	0.5383333333333333	0.5533333333333333
19	0.146881103515625	29.49454355239868	0.5225	0.5466666666666666
20	0.14679473922366187	28.814439748462878	0.5441666666666667	0.54
21	0.14733552932739258	28.85176836816888	0.5425	0.56
22	0.14736154805059018	28.661259350023773	0.5475	0.56
23	0.14686550696690878	28.487222119381553	0.5558333333333333	0.5666666666666667
24	0.147201509475708	28.291529906423467	0.5558333333333333	0.56
25	0.14686550543858454	27.921249038294743	0.5608333333333333	0.5533333333333333
26	0.14644933629918983	28.207050875613565	0.5583333333333333	0.5333333333333333
27	0.14656624623707362	28.069710380152653	0.5616666666666666	0.54
28	0.14626461884071087	27.56075352116635	0.5733333333333334	0.56
29	0.14620258808135986	27.083153674477025	0.5841666666666666	0.58
-1	-1	-1	-1	-1
0	0.17540979385375977	35.97761987384997	0.4125	0.36
1	0.15558958053588867	33.4576160531295	0.38666666666666666	0.48
2	0.1520963509877523	32.25779448057476	0.4633333333333333	0.5
3	0.14792990684509277	31.432380425302608	0.5	0.4866666666666667
4	0.14681220054626465	31.9355828636571	0.49666666666666665	0.47333333333333333
5	0.1464382807413737	31.776593107926217	0.49166666666666664	0.4866666666666667
6	0.14502927235194615	31.05284060929951	0.5141666666666667	0.4866666666666667
7	0.1452040672302246	30.630885626140394	0.5175	0.5
8	0.1454362604353163	31.043869420101768	0.51	0.5133333333333333
9	0.14468159675598144	30.880808930648	0.5166666666666667	0.5066666666666667
10	0.14416692473671652	30.35059010355096	0.5116666666666667	0.4666666666666667
11	0.14440164963404337	30.296816449416312	0.5233333333333333	0.52
12	0.14376482596764198	30.497601960834704	0.5166666666666667	0.5266666666666666
13	0.14355531760624476	29.879484904439824	0.5233333333333333	0.5
14	0.14362702369689942	29.743967934658652	0.5208333333333334	0.5266666666666666
15	0.142977774143219	29.554397934361507	0.5391666666666667	0.52
16	0.14305717804852655	29.600380245007965	0.5333333333333333	0.54
17	0.14334764745500353	29.466642078600433	0.5241666666666667	0.5533333333333333
18	0.14277512148806923	29.693643519752904	0.5108333333333334	0.5266666666666666
19	0.14308414459228516	29.240052674946032	0.5266666666666666	0.52
20	0.1433107058207194	28.816001565832842	0.54	0.5666666666666667
21	0.14301206848838113	29.31310668744539	0.5316666666666666	0.56
22	0.14319247784821884	29.457882404327393	0.5275	0.5266666666666666
23	0.14328871170679727	28.900522834376286	0.5308333333333334	0.5533333333333333
24	0.14295312881469727	28.6666357391759	0.5366666666666666	0.56
25	0.14309747402484602	28.673408232237165	0.5316666666666666	0.5533333333333333
26	0.143310582196271	28.73266799826371	0.5391666666666667	0.56
27	0.1431126594543457	28.476250849272077	0.5525	0.5733333333333334
28	0.14303681768220047	28.573735990022357	0.5566666666666666	0.5866666666666667
29	0.14322692553202312	28.033887336128636	0.5516666666666666	0.5866666666666667
30	0.14301833798808436	27.704433014518337	0.5575	0.58
31	0.14309917390346527	27.783444956729287	0.5633333333333334	0.5866666666666667
32	0.14313327904903528	27.58153127369128	0.5675	0.58
33	0.14280400556676529	27.291413558156865	0.5716666666666667	0.5866666666666667
34	0.14295669283185686	27.17119156686883	0.5616666666666666	0.5733333333333334
35	0.143153707186381	27.09879117262991	0.575	0.6
36	0.1429843838150437	26.665761244924443	0.5741666666666667	0.5733333333333334
37	0.14281295475206876	26.77655611540142	0.5775	0.5466666666666666
38	0.14297693814986792	26.22802159660741	0.5783333333333334	0.5733333333333334
39	0.14273029565811157	26.303096219112998	0.5833333333333334	0.56
40	0.14269521759777534	26.342531103836862	0.5825	0.5733333333333334
41	0.1427411919548398	26.159196125833613	0.59	0.5533333333333333
42	0.14261398758999136	27.947136778580514	0.5616666666666666	0.5733333333333334
43	0.14259693839333273	26.838030865317897	0.5741666666666667	0.5533333333333333
44	0.14257416725158692	26.50790706433748	0.5725	0.5533333333333333
45	0.14234188846919849	25.999486019736842	0.5783333333333334	0.58
46	0.1424527624820141	25.71991491317749	0.5891666666666666	0.5733333333333334
47	0.14245650172233582	25.52148861634104	0.5933333333333334	0.5733333333333334
48	0.14232972690037318	25.49179328115363	0.595	0.5666666666666667
49	0.14245149612426758	25.275415872272692	0.595	0.5866666666666667
50	0.14251139584709616	25.270958373421117	0.6025	0.5866666666666667
51	0.14241069096785325	25.1104743104232	0.595	0.5733333333333334
52	0.14249565466394964	25.097075989371852	0.5975	0.58
53	0.1424869210631759	25.110229115737113	0.6	0.5733333333333334
54	0.14227869727394798	24.996878398092168	0.6033333333333334	0.5733333333333334
55	0.14226797648838588	24.876957416534424	0.6	0.58
-1	-1	-1	-1	-1
0	0.17124152183532715	34.25307580044395	0.4166666666666667	0.43333333333333335
1	0.154343843460083	32.077890722375166	0.4891666666666667	0.44
2	0.15186635653177896	31.778467278731497	0.48333333333333334	0.48
3	0.14769327640533447	31.405744903966	0.5	0.38
4	0.1463371753692627	31.342084207032855	0.4675	0.42
5	0.1461262305577596	31.0701265335083	0.49666666666666665	0.42
6	0.1444533211844308	30.59229554628071	0.515	0.4066666666666667
7	0.14412957429885864	30.240781934637774	0.5108333333333334	0.44
8	0.14435980055067274	30.56636479026393	0.5158333333333334	0.41333333333333333
9	0.1431119680404663	30.509706748159306	0.5116666666666667	0.4
10	0.1434114846316251	30.14687510540611	0.5266666666666666	0.4
11	0.14326701561609903	30.045551274952135	0.5158333333333334	0.4066666666666667
12	0.14240063153780425	29.802892935903447	0.5275	0.43333333333333335
13	0.1424787896020072	30.125224013077585	0.5066666666666667	0.41333333333333333
14	0.1425907293955485	29.802714347839355	0.52	0.4
15	0.14205671846866608	30.02830251894499	0.5225	0.44
16	0.14213165114907658	29.302452112499036	0.5366666666666666	0.44666666666666666
17	0.14230736096700033	29.65202334052638	0.5266666666666666	0.4266666666666667
18	0.14191485706128573	29.174868859742816	0.5316666666666666	0.4
19	0.14184267520904542	28.937504216244346	0.5416666666666666	0.44
20	0.14193891343616305	29.124491089268734	0.5466666666666666	0.4266666666666667
21	0.14160834659229626	29.37364437705592	0.5266666666666666	0.44666666666666666
22	0.14180701711903448	29.27606813531173	0.52	0.44
23	0.14167641599973044	29.13205196982936	0.5391666666666667	0.44
24	0.14131176948547364	29.053739146182412	0.5433333333333333	0.46
25	0.14133148009960467	28.27347143072831	0.5525	0.47333333333333333
26	0.1416960733908194	28.01306727058009	0.5591666666666667	0.48
27	0.1415218710899353	28.008692189266807	0.5575	0.4666666666666667
28	0.1413840836492078	28.210710525512695	0.5533333333333333	0.41333333333333333
29	0.14175331592559814	27.98818251961156	0.5583333333333333	0.5
30	0.14174436753795994	27.985974362022	0.5558333333333333	0.43333333333333335
31	0.14184269309043884	27.149419659062435	0.5808333333333333	0.48
32	0.1422506028955633	27.165564687628496	0.5716666666666667	0.4666666666666667
33	0.14239439543555765	26.8950978831241	0.5741666666666667	0.47333333333333333
34	0.1424520560673305	27.29479892630326	0.5733333333333334	0.4266666666666667
35	0.14279754956563315	27.18306942989952	0.565	0.44
36	0.14256899421279495	26.82075151644255	0.5841666666666666	0.4533333333333333
37	0.14242945219341077	26.599939798053942	0.5791666666666667	0.5066666666666667
38	0.14251141670422676	26.876758700922917	0.575	0.47333333333333333
39	0.14225490093231202	26.350209185951634	0.5825	0.4666666666666667
40	0.142378213928967	26.058528699372943	0.5858333333333333	0.4866666666666667
41	0.14247068337031774	26.079245316354854	0.5933333333333334	0.4866666666666667
42	0.14234872196995935	25.846130320900365	0.5891666666666666	0.49333333333333335
43	0.142436607317491	25.81982738093326	0.5833333333333334	0.4533333333333333
44	0.14254675971137154	25.650627763647783	0.5925	0.48
45	0.14243824067323105	25.609000958894427	0.5966666666666667	0.46
46	0.1425128236730048	25.454263436166865	0.6	0.4666666666666667
47	0.1425988624493281	25.37575518457513	0.6	0.48
48	0.14249306308979892	25.082058304234554	0.6075	0.44666666666666666
49	0.14264877319335936	25.54404454482229	0.5975	0.49333333333333335
50	0.14275250715367935	25.12830310118826	0.6066666666666667	0.5
51	0.14265887095377996	24.885361520867598	0.61	0.5
52	0.14267501741085412	24.849405012632673	0.6075	0.49333333333333335
53	0.14284963519484908	24.65706393593236	0.6075	0.46
54	0.1427527904510498	24.593372294777318	0.6108333333333333	0.4866666666666667
55	0.1426867757524763	24.528732299804688	0.6125	0.49333333333333335
56	0.14286933028907106	24.46918229052895	0.615	0.4666666666666667
57	0.1427840364390406	24.457347744389583	0.6133333333333333	0.4866666666666667
-1	-1	-1	-1	-1
0	0.17642784118652344	35.68604082810251	0.3983333333333333	0.43333333333333335
1	0.1583462953567505	32.72515778792532	0.4608333333333333	0.46
2	0.14939355850219727	32.48888969421387	0.45416666666666666	0.38
3	0.14742940664291382	32.301923626347595	0.45416666666666666	0.5333333333333333
4	0.1459052085876465	32.01369245428788	0.47583333333333333	0.43333333333333335
5	0.14354578653971353	31.46495590711895	0.4925	0.5533333333333333
6	0.14387573514665877	31.622589713648747	0.4866666666666667	0.49333333333333335
7	0.14387118816375732	31.74326992034912	0.4975	0.5266666666666666
8	0.14321491453382704	31.54725677088687	0.4816666666666667	0.52
9	0.14369668960571289	30.7580415073194	0.4875	0.5533333333333333
10	0.14391617341475052	30.599285527279502	0.49666666666666665	0.5533333333333333
11	0.1428983211517334	30.512111287367972	0.4875	0.5333333333333333
12	0.14263393328740046	30.40563500554938	0.495	0.5333333333333333
13	0.142653294972011	30.17666392577322	0.515	0.5333333333333333
14	0.14229804674784344	30.105053098578203	0.5033333333333333	0.5133333333333333
15	0.14268623292446136	29.758964764444453	0.5116666666666667	0.5466666666666666
16	0.1428829641903148	29.992014357918187	0.5158333333333334	0.5333333333333333
17	0.1427508062786526	29.926632253747236	0.5158333333333334	0.54
18	0.14280260236639725	30.037683235971553	0.5066666666666667	0.4866666666666667
19	0.14302711486816405	29.719643693221244	0.5175	0.52
20	0.1427535897209531	29.97500555138839	0.5125	0.56
21	0.14264853434129196	29.667406333120244	0.51	0.5266666666666666
22	0.14279631946397864	29.075930394624407	0.5216666666666666	0.5533333333333333
23	0.14267706871032715	29.046940652947676	0.5308333333333334	0.52
24	0.14281556129455567	29.1239111298009	0.5325	0.5733333333333334
25	0.1429901306445782	28.975389932331286	0.54	0.5266666666666666
26	0.14285748976248283	28.960802454697458	0.5266666666666666	0.56
27	0.1429413386753627	28.387487436595716	0.5466666666666666	0.5466666666666666
28	0.14309283782695903	28.418437104476126	0.5408333333333334	0.56
29	0.14289615154266358	28.118805835121556	0.5491666666666667	0.58
30	0.14300079499521562	27.77812245017604	0.55	0.5533333333333333
31	0.14310891181230545	27.710181487234014	0.5583333333333333	0.5733333333333334
32	0.14284208326628714	28.403834769600316	0.5316666666666666	0.5533333333333333
33	0.14299500689787023	28.011402230513724	0.5566666666666666	0.5133333333333333
34	0.1430565697806222	27.423594399502402	0.5641666666666667	0.5466666666666666
35	0.1428565780321757	27.084041595458984	0.565	0.5533333333333333
36	0.14296007800746607	26.82110088749936	0.5691666666666667	0.54
37	0.14298667405780993	26.680898365221527	0.5775	0.5533333333333333
38	0.14286324305412096	26.691445200066816	0.5683333333333334	0.5533333333333333
39	0.14306393265724182	26.64351583781995	0.5716666666666667	0.5533333333333333
40	0.1431565342879877	26.390247696324398	0.5858333333333333	0.54
41	0.1430034978049142	26.109006179006474	0.5783333333333334	0.5466666666666666
42	0.1431674236475035	25.633662173622533	0.5925	0.5466666666666666
43	0.14328396320343018	26.050021472730133	0.5958333333333333	0.5533333333333333
44	0.143183167775472	25.815918696554082	0.5983333333333334	0.5533333333333333
45	0.14324572293654733	25.42270843606246	0.5958333333333333	0.56
46	0.143361619178285	25.31483913722791	0.6033333333333334	0.5533333333333333
47	0.14325135946273804	25.109864887438324	0.6016666666666667	0.54
48	0.14338198000071	25.0379800043608	0.6041666666666666	0.5333333333333333
49	0.14347508907318116	24.969230200115003	0.6041666666666666	0.5266666666666666
-1	-1	-1	-1	-1
0	0.22071599960327148	35.797371462771764	0.3675	0.3466666666666667
1	0.17934811115264893	33.25564821142899	0.44333333333333336	0.44
2	0.16954501469930014	33.143590676157096	0.42833333333333334	0.4266666666666667
3	0.1619991660118103	32.34872501774838	0.4508333333333333	0.44666666666666666
4	0.15833306312561035	32.26268682981792	0.4775	0.54
5	0.15645301342010498	31.772479785116094	0.49333333333333335	0.4533333333333333
6	0.1530390807560512	32.069559047096654	0.47833333333333333	0.5066666666666667
7	0.15206724405288696	31.287798605467145	0.49166666666666664	0.5466666666666666
8	0.151451137330797	31.087443954066227	0.5133333333333333	0.5
9	0.14998240470886232	30.84052276611328	0.5016666666666667	0.5133333333333333
10	0.14997917955571954	31.187814436460798	0.4891666666666667	0.47333333333333333
11	0.150458554426829	30.767522962469805	0.5041666666666667	0.4866666666666667
12	0.14934416917654184	31.332055041664525	0.49583333333333335	0.5066666666666667
13	0.14880209309714182	30.967955212844046	0.5	0.5
14	0.14847017923990885	30.319950103759766	0.5075	0.49333333333333335
15	0.1477733999490738	30.36274021550229	0.5158333333333334	0.4866666666666667
16	0.14783613822039435	29.891946692215768	0.5183333333333333	0.5533333333333333
17	0.14763560560014513	29.823708960884495	0.52	0.52
18	0.14680291477002597	30.119542699111136	0.5133333333333333	0.52
19	0.1467016577720642	29.384833737423545	0.5233333333333333	0.5066666666666667
20	0.14671968278430758	28.98315035669427	0.5225	0.49333333333333335
21	0.1462500962344083	29.135285804146214	0.5316666666666666	0.4866666666666667
22	0.14631014284880264	28.680492300736276	0.5375	0.4866666666666667
23	0.14644291996955872	28.612769829599483	0.53	0.52
24	0.1460509204864502	28.50544804020932	0.54	0.5066666666666667
25	0.14592792437626764	28.818420259576094	0.535	0.49333333333333335
26	0.1459979569470441	28.124954324019583	0.5441666666666667	0.52
27	0.145660366330828	28.178858255085192	0.5533333333333333	0.48
28	0.14571170971311373	28.125170682605944	0.545	0.5133333333333333
29	0.145892333984375	27.40416973515561	0.5625	0.48
30	0.14561843102978123	27.150285043214495	0.5716666666666667	0.5533333333333333
31	0.14569931477308273	27.052792825196917	0.5691666666666667	0.48
32	0.14574623107910156	27.826803132107383	0.5566666666666666	0.54
33	0.14539809086743524	27.33771635356702	0.5625	0.5066666666666667
34	0.1453800473894392	26.514198805156507	0.5791666666666667	0.5
35	0.14542090892791748	26.42124386837608	0.5733333333333334	0.5133333333333333
36	0.14527991655710581	26.159387864564593	0.5783333333333334	0.5266666666666666
-1	-1	-1	-1	-1
0	0.1741037368774414	35.88451899980244	0.395	0.35333333333333333
1	0.15832102298736572	33.69208616959421	0.42833333333333334	0.43333333333333335
2	0.15116381645202637	32.527626840691816	0.44	0.46
3	0.15052741765975952	31.71561130724455	0.47333333333333333	0.44
4	0.14818429946899414	31.906488870319567	0.48	0.49333333333333335
5	0.14713350931803384	31.76985118263646	0.4825	0.5
6	0.14662231717790877	31.947101969467965	0.47	0.44
7	0.1451091766357422	30.877353015698883	0.49833333333333335	0.52
8	0.14473769399854872	30.784338725240605	0.4875	0.5
9	0.14449625015258788	30.491070245441637	0.49833333333333335	0.5066666666666667
10	0.14354328675703568	30.225212724585283	0.5016666666666667	0.5
11	0.1436361869176229	30.1354079246521	0.49916666666666665	0.4666666666666667
12	0.14336325572087213	29.82614534779599	0.5075	0.5133333333333333
13	0.14261322362082346	30.08379522122835	0.5	0.4866666666666667
14	0.14255607922871907	29.865626636304352	0.5166666666666667	0.5
15	0.14244885742664337	29.689412769518402	0.5141666666666667	0.5
16	0.14187006389393525	29.366259148246364	0.5225	0.5066666666666667
17	0.1420755518807305	28.90823319083766	0.515	0.5
18	0.14217224873994527	28.925513794547633	0.5191666666666667	0.4666666666666667
19	0.14166929721832275	28.982143452292995	0.5408333333333334	0.5133333333333333
20	0.14176814896719797	29.2696018720928	0.5308333333333334	0.49333333333333335
21	0.14179088852622293	29.44702198630885	0.5125	0.5066666666666667
22	0.14139036510301672	28.672233556446276	0.5366666666666666	0.49333333333333335
23	0.14160053928693137	27.879722043087607	0.5466666666666666	0.4866666666666667
24	0.1416499423980713	28.384670106988203	0.5475	0.5
25	0.14125686425429124	27.909912837179082	0.5416666666666666	0.5066666666666667
26	0.14136302029645	27.433017178585654	0.5566666666666666	0.5333333333333333
27	0.141448370047978	27.603732912163984	0.5541666666666667	0.4866666666666667
28	0.14112144503100166	28.33102283979717	0.5466666666666666	0.54
29	0.14114842414855958	27.3235250021282	0.5591666666666667	0.4866666666666667
30	0.1412770978866085	27.069603869789525	0.5625	0.54
31	0.14099930226802826	26.523376941680908	0.5741666666666667	0.5066666666666667
32	0.14102107105833112	26.499921372062282	0.5766666666666667	0.5666666666666667
33	0.1410902598324944	26.540204675574053	0.5791666666666667	0.5133333333333333
34	0.1409039224897112	26.842089301661442	0.5725	0.5533333333333333
35	0.14095575279659694	26.183642287003366	0.5775	0.5266666666666666
36	0.14112661980293892	25.77545640343114	0.5875	0.5
37	0.1410249910856548	25.98408842086792	0.5758333333333333	0.54
38	0.14115184392684546	25.89090969688014	0.5825	0.5133333333333333
39	0.14130773544311523	25.578353530482243	0.5883333333333334	0.54
40	0.14123554346038075	25.389261948434932	0.59	0.5266666666666666
41	0.1413154545284453	25.429889352698076	0.5891666666666666	0.5333333333333333
42	0.14143214114876682	25.238693914915387	0.5941666666666666	0.5266666666666666
43	0.14139861410314386	24.977407856991416	0.5958333333333333	0.5533333333333333
44	0.14155315293206108	24.86855321181448	0.5958333333333333	0.5533333333333333
45	0.1417096645935722	24.674877568295127	0.6041666666666666	0.5333333333333333
46	0.14162014393096276	24.620726033260947	0.6033333333333334	0.5266666666666666
47	0.1416939695676168	24.446403051677503	0.6025	0.5133333333333333
48	0.14181703450728436	24.320267576920358	0.6033333333333334	0.54
49	0.14172448158264161	24.260496139526367	0.605	0.52
50	0.14183642349991143	25.257249857250013	0.605	0.52
51	0.14195474294515756	25.531448213677656	0.59	0.5266666666666666
52	0.14187450678843372	24.531638923444245	0.6058333333333333	0.56
-1	-1	-1	-1	-1
0	0.17238759994506836	37.76015281677246	0.37583333333333335	0.3933333333333333
1	0.15757715702056885	33.79694401590448	0.38916666666666666	0.5133333333333333
2	0.15095369021097818	32.592525030437265	0.45166666666666666	0.49333333333333335
3	0.14966660737991333	30.949313464917633	0.4816666666666667	0.5533333333333333
4	0.14710679054260253	31.139261772758083	0.49166666666666664	0.5066666666666667
5	0.14711145559946695	31.384807285509613	0.4766666666666667	0.5733333333333334
6	0.1470186369759696	30.929791400307103	0.4925	0.47333333333333333
7	0.1456962525844574	30.548917142968428	0.5	0.52
8	0.14612200525071886	30.784038744474714	0.49583333333333335	0.5733333333333334
9	0.14590051174163818	30.558784685636823	0.5091666666666667	0.5333333333333333
10	0.14468704570423474	30.091493857534306	0.5233333333333333	0.56
11	0.14458938439687094	29.849025525544818	0.5033333333333333	0.5533333333333333
12	0.14442867499131423	30.149634988684404	0.5258333333333334	0.52
13	0.14352202415466309	29.634549015446712	0.5208333333333334	0.56
14	0.14341920216878254	29.665456571077044	0.5141666666666667	0.5133333333333333
15	0.14346131682395935	28.948672997324092	0.535	0.5333333333333333
16	0.1427631518420051	28.958732504593698	0.5283333333333333	0.5666666666666667
17	0.14309150642818874	29.29910709983424	0.5183333333333333	0.5
18	0.1433612672906173	28.88139752337807	0.5441666666666667	0.4866666666666667
19	0.14303085803985596	28.739145178543893	0.5425	0.5266666666666666
20	0.14312683968316942	28.636225850958574	0.5416666666666666	0.5266666666666666
21	0.14342030611905185	28.437224739476253	0.5441666666666667	0.48
22	0.14313095548878546	28.02500935604698	0.5575	0.5133333333333333
23	0.14312164982159933	28.109042092373496	0.5458333333333333	0.4866666666666667
24	0.14329778671264648	28.14625647193507	0.545	0.5333333333333333
25	0.14307202742649958	27.66516153435958	0.5566666666666666	0.52
26	0.143108986042164	27.951569506996556	0.5491666666666667	0.5333333333333333
27	0.14326343366077968	27.3261920527408	0.565	0.49333333333333335
28	0.14309604414578142	27.397617289894505	0.5658333333333333	0.4533333333333333
29	0.14319353103637694	27.191407002900775	0.5666666666666667	0.5333333333333333
-1	-1	-1	-1	-1
0	0.17547202110290527	35.51021194458008	0.41083333333333333	0.32
1	0.1562061309814453	33.93234534012644	0.3775	0.35333333333333333
2	0.15363502502441406	32.27103499362343	0.4891666666666667	0.38666666666666666
3	0.14995026588439941	32.64729931480006	0.45416666666666666	0.38666666666666666
4	0.1485586166381836	32.462506344443874	0.49	0.4533333333333333
5	0.1483315626780192	31.674209117889404	0.4816666666666667	0.44
6	0.1468538556780134	33.68478629463598	0.4741666666666667	0.43333333333333335
7	0.14690473675727844	31.608587064241107	0.5108333333333334	0.46
8	0.14690682623121473	30.829552600258275	0.49333333333333335	0.42
9	0.14604249000549316	30.525451810736406	0.5075	0.43333333333333335
10	0.14602034742181952	30.660442000941227	0.5016666666666667	0.46
11	0.1460919976234436	30.150492166218005	0.515	0.44666666666666666
12	0.14539905694814828	29.984379969145124	0.5116666666666667	0.47333333333333333
13	0.1453521592276437	29.804391208447907	0.5225	0.44
14	0.1455581029256185	29.988055254283704	0.5208333333333334	0.44666666666666666
15	0.1450941115617752	29.476946855846204	0.5341666666666667	0.4533333333333333
16	0.1447109615101534	29.111991530970524	0.5375	0.44666666666666666
17	0.1447146733601888	28.859088947898464	0.5433333333333333	0.44666666666666666
18	0.14433485583255165	29.425367204766523	0.5283333333333333	0.46
19	0.1449345350265503	28.781747918379935	0.555	0.46
20	0.14509707405453637	28.742300334729645	0.5416666666666666	0.44
21	0.14475978504527698	28.803100661227578	0.5491666666666667	0.46
22	0.14503745410753333	28.262282697777998	0.555	0.47333333333333333
23	0.14537236094474792	28.203921669407894	0.5566666666666666	0.4666666666666667
24	0.14511217117309572	27.9396054619237	0.5633333333333334	0.4666666666666667
25	0.14491932208721453	27.814929309644196	0.5616666666666666	0.47333333333333333
26	0.14512171568693938	27.576403216311807	0.5641666666666667	0.47333333333333333
27	0.14485255309513637	27.72201297157689	0.5616666666666666	0.44
28	0.14491359940890608	27.469649816814222	0.5566666666666666	0.48
29	0.14518922964731854	27.24388393602873	0.565	0.44666666666666666
30	0.14487207320428663	27.103970326875384	0.5716666666666667	0.4533333333333333
31	0.14480987936258316	26.808757405532035	0.5683333333333334	0.44666666666666666
32	0.14483344916141394	26.632761578810843	0.5808333333333333	0.48
33	0.1445543275159948	26.653283043911582	0.5733333333333334	0.47333333333333333
34	0.14466201918465751	26.46653243115074	0.5858333333333333	0.46
35	0.14475888013839722	26.224205744893926	0.5866666666666667	0.43333333333333335
36	0.14449924391669197	26.23377446124428	0.5891666666666666	0.43333333333333335
37	0.14456753354323537	26.037436058646755	0.5925	0.44
38	0.144684082422501	25.560297037425794	0.6033333333333334	0.46
39	0.14444021582603456	25.549297182183516	0.5991666666666666	0.46
40	0.14447698360536157	25.511583077280147	0.6025	0.44666666666666666
41	0.14458573432195754	25.613672833693656	0.6025	0.44666666666666666
42	0.1444129832955294	25.017214524118526	0.6058333333333333	0.4533333333333333
43	0.14446163177490234	24.911025348462555	0.6133333333333333	0.4666666666666667
44	0.14465647803412543	24.688883806529798	0.6216666666666667	0.47333333333333333
45	0.1445004473561826	24.732961955823395	0.61	0.46
46	0.14442164847191344	24.3332704493874	0.6175	0.4866666666666667
47	0.14458204805850983	24.221359303123073	0.6191666666666666	0.47333333333333333
48	0.144456435223015	24.21366114365427	0.6233333333333333	0.44666666666666666
49	0.14432497978210448	27.87134441576506	0.5841666666666666	0.4533333333333333
50	0.14448977451698453	25.09240027477867	0.6141666666666666	0.44666666666666666
51	0.1444102434011606	24.441874002155505	0.6166666666666667	0.46
52	0.14429885486386856	24.055897361353825	0.62	0.46
53	0.1444758176803589	23.889019464191637	0.625	0.4666666666666667
54	0.14438039606267755	23.857189253756875	0.6258333333333334	0.44666666666666666
55	0.1442776279790061	23.78457619014539	0.6308333333333334	0.46
56	0.1444087028503418	23.763920131482575	0.6241666666666666	0.4533333333333333
57	0.14432949855409818	23.573809397848027	0.6283333333333333	0.4666666666666667
58	0.14423587362645035	23.456085606625205	0.6283333333333333	0.44
59	0.1443973183631897	23.46437823145013	0.6291666666666667	0.44666666666666666
60	0.14432327473749879	23.45931168606407	0.6341666666666667	0.44666666666666666
61	0.14422525513556697	23.348359459324886	0.6283333333333333	0.4533333333333333
62	0.14432580887325228	23.349397307948063	0.6291666666666667	0.4533333333333333
63	0.1442423090338707	23.30168628692627	0.6325	0.44666666666666666
64	0.14427020366375262	23.246027143378008	0.6333333333333333	0.44666666666666666
65	0.1443044344584147	23.217213580482884	0.63	0.4533333333333333
66	0.14420685839297168	23.242559884723864	0.6333333333333333	0.4533333333333333
-1	-1	-1	-1	-1
0	0.17406749725341797	35.30124729558041	0.42333333333333334	0.47333333333333333
1	0.15870904922485352	33.59511674077887	0.455	0.5133333333333333
2	0.15256953239440918	32.48577012513813	0.4975	0.41333333333333333
3	0.15096449851989746	31.901361565840872	0.46416666666666667	0.46
4	0.14777007102966308	31.653150809438603	0.49083333333333334	0.54
5	0.14730536937713623	31.056289873625104	0.5041666666666667	0.54
6	0.1468385968889509	31.144972801208496	0.51	0.5066666666666667
7	0.1453353762626648	30.844752487383392	0.4975	0.44666666666666666
8	0.14552582634819877	30.447152087562962	0.5016666666666667	0.5466666666666666
9	0.14538588523864746	30.324098938389827	0.49833333333333335	0.5066666666666667
10	0.1444335417314009	30.345203801205283	0.51	0.48
11	0.14466641346613565	30.461668993297376	0.5008333333333334	0.52
12	0.1446219040797307	29.900372555381374	0.5166666666666667	0.5133333333333333
13	0.14389257771628244	29.819641765795257	0.5133333333333333	0.54
14	0.14424529075622558	29.899706514258135	0.5291666666666667	0.5133333333333333
15	0.1442742645740509	29.38305493404991	0.5225	0.5133333333333333
16	0.1437971591949463	29.328452260870684	0.53	0.49333333333333335
17	0.1439596282111274	29.066541320399235	0.5358333333333334	0.54
18	0.1437963937458239	29.61511885492425	0.5266666666666666	0.54
19	0.1431846261024475	29.362165651823346	0.505	0.5533333333333333
20	0.1431697890872047	28.962877323752956	0.5325	0.48
21	0.14315826242620294	28.992018197712145	0.5316666666666666	0.5133333333333333
22	0.142696940380594	28.378872168691533	0.5425	0.5133333333333333
23	0.1426899035771688	28.169592832264147	0.5516666666666666	0.5333333333333333
24	0.1427255916595459	28.20886893021433	0.5475	0.4866666666666667
25	0.14259384228633	28.01774245814273	0.5516666666666666	0.47333333333333333
26	0.14273997589393897	27.395666624370374	0.57	0.49333333333333335
27	0.14292636939457484	27.529769370430394	0.5725	0.4533333333333333
28	0.14282097487614073	27.896762220483076	0.5525	0.4866666666666667
29	0.14271524747212727	27.636027662377607	0.5575	0.47333333333333333
30	0.14304009560615785	26.936469078063965	0.5791666666666667	0.48
31	0.14292913675308228	26.96760772403918	0.5675	0.5066666666666667
32	0.14289058338512073	27.194856794256914	0.565	0.49333333333333335
33	0.14318260024575627	27.060271238025866	0.5658333333333333	0.5266666666666666
34	0.14309588159833636	26.653192771108525	0.57	0.49333333333333335
35	0.14288902282714844	26.261626795718545	0.5883333333333334	0.4866666666666667
36	0.14313527055688807	26.049331012525055	0.5858333333333333	0.5066666666666667
37	0.14303063718896164	25.7233863127859	0.5866666666666667	0.4866666666666667
38	0.14289166988470617	25.61109229138023	0.5991666666666666	0.5133333333333333
39	0.14301591515541076	25.577574052308734	0.5933333333333334	0.5133333333333333
-1	-1	-1	-1	-1
0	0.22145509719848633	36.634925741898385	0.3875	0.38666666666666666
1	0.1805969476699829	32.68220728322079	0.43583333333333335	0.49333333333333335
2	0.17059961954752603	31.89906376286557	0.4775	0.49333333333333335
3	0.16184616088867188	31.779028967807168	0.48	0.47333333333333333
4	0.1573497772216797	31.59631691480938	0.495	0.43333333333333335
5	0.15512625376383463	31.783323689510947	0.4725	0.49333333333333335
6	0.15192314556666783	31.403743919573333	0.4925	0.49333333333333335
7	0.15101611614227295	31.12583777779027	0.5075	0.5
8	0.15027011765374076	30.854538716767962	0.5075	0.5
9	0.14869258403778077	30.337397525185033	0.5233333333333333	0.4866666666666667
10	0.14841198921203613	30.350998376545153	0.5091666666666667	0.5066666666666667
11	0.14847654104232788	30.190150662472373	0.5366666666666666	0.5266666666666666
12	0.14781702481783354	29.64455418837698	0.5366666666666666	0.5466666666666666
13	0.1468421561377389	30.07306392569291	0.5191666666666667	0.5333333333333333
14	0.14669893582661947	29.241013828076813	0.5283333333333333	0.49333333333333335
15	0.14591360092163086	29.430372790286416	0.5333333333333333	0.47333333333333333
16	0.1459213986116297	29.414554997494346	0.5283333333333333	0.4666666666666667
17	0.14582441912757027	29.079147087900264	0.5316666666666666	0.5066666666666667
18	0.1453222726520739	28.725125212418405	0.5441666666666667	0.5066666666666667
19	0.14568828344345092	28.75808582807842	0.545	0.5333333333333333
20	0.14570265724545434	28.68279120796605	0.5433333333333333	0.5333333333333333
21	0.1454033526507291	28.49978898700915	0.5525	0.44666666666666666
22	0.14558070638905402	28.401034154390032	0.5416666666666666	0.5133333333333333
23	0.14569769303003946	28.053482883854915	0.5483333333333333	0.5266666666666666
24	0.1454292678833008	27.54753017425537	0.5633333333333334	0.5066666666666667
25	0.1452830846493061	28.373555610054417	0.5616666666666666	0.52
26	0.14547161702756528	28.089455052425986	0.55	0.56
27	0.14521349327904837	27.38136120846397	0.5683333333333334	0.4866666666666667
28	0.1450662530701736	26.97432410089593	0.565	0.54
29	0.1452762762705485	26.67726320969431	0.5683333333333334	0.5266666666666666
30	0.14502669149829495	26.613804064298932	0.5725	0.5466666666666666
31	0.14486026018857956	26.20572639766492	0.5816666666666667	0.5466666666666666
32	0.14497093720869583	26.16297029194079	0.58	0.54
33	0.14465156723471248	26.11858960201866	0.5825	0.5533333333333333
34	0.14467830657958985	26.461065166874935	0.5808333333333333	0.54
35	0.1446571085188124	26.88230283636796	0.5691666666666667	0.5266666666666666
36	0.14446220526824127	26.289253159573203	0.5733333333333334	0.5066666666666667
37	0.1446162274009303	25.95773679331729	0.5875	0.5666666666666667
38	0.14469539813506296	25.830318752088044	0.5925	0.52
39	0.14449538588523864	25.51674559241847	0.5991666666666666	0.5733333333333334
40	0.14443270171560893	25.321551649194014	0.6033333333333334	0.52
41	0.14447338808150517	25.184047146847373	0.595	0.54
42	0.1443290821341581	25.101057755319697	0.5975	0.56
43	0.14436890862204813	25.0262847950584	0.5983333333333334	0.52
44	0.14451883104112412	24.997152554361445	0.605	0.54
45	0.14433961847554083	24.894789896513288	0.6058333333333333	0.5333333333333333
46	0.1443583052209083	24.8268841191342	0.5958333333333333	0.5466666666666666
47	0.1445115158955256	24.65014992262188	0.6041666666666666	0.54
48	0.14431401661464147	24.63494381151701	0.6066666666666667	0.5533333333333333
49	0.14438240051269532	24.396345615386963	0.6058333333333333	0.5466666666666666
50	0.14448286037819058	24.510124859056976	0.61	0.5466666666666666
51	0.14430258365777823	24.31633592906751	0.6091666666666666	0.5466666666666666
52	0.14428925514221191	24.268126387345163	0.6108333333333333	0.52
53	0.1443056265513102	24.30419151406539	0.6125	0.54
54	0.1441530314358798	24.09981433968795	0.6158333333333333	0.5133333333333333
55	0.1442264233316694	24.12471334557784	0.6166666666666667	0.5333333333333333
56	0.1443347554457815	24.054314512955514	0.6133333333333333	0.54
57	0.14428125578781653	24.01745113573576	0.6183333333333333	0.52
58	0.14420249502537613	23.95627132214998	0.6133333333333333	0.5466666666666666
59	0.1443039377530416	23.882874689604108	0.6125	0.54
-1	-1	-1	-1	-1
0	0.1618490219116211	35.036562267102696	0.41083333333333333	0.42
1	0.1534433364868164	32.57066872245387	0.445	0.4533333333333333
2	0.15287558237711588	32.44034134714227	0.475	0.42
3	0.14942747354507446	32.59613262979608	0.4425	0.44
4	0.1488557815551758	31.49227809906006	0.49083333333333334	0.4533333333333333
5	0.14908854166666666	30.93420204363371	0.4791666666666667	0.4666666666666667
6	0.147813013621739	30.86572772578189	0.5025	0.4666666666666667
7	0.1469840705394745	30.985134877656634	0.5	0.4666666666666667
8	0.14793112542894152	30.505962522406328	0.5191666666666667	0.48
9	0.14711148738861085	30.671243115475303	0.49333333333333335	0.4866666666666667
10	0.1464543342590332	30.06005216899671	0.5158333333333334	0.4266666666666667
11	0.14705278476079306	30.33782554927625	0.5008333333333334	0.47333333333333333
12	0.14644246834975022	29.96137403186999	0.5133333333333333	0.46
13	0.14589241572788783	29.78976691396613	0.51	0.48
14	0.1463279883066813	29.597356595491107	0.5141666666666667	0.48
15	0.14598090946674347	29.56915978381508	0.5183333333333333	0.44
16	0.14568533616907456	29.213319954119232	0.5341666666666667	0.47333333333333333
17	0.14602500862545437	28.86179306632594	0.5383333333333333	0.48
18	0.1459078412306936	29.183961717705976	0.5208333333333334	0.4666666666666667
19	0.14568648338317872	29.04338394968133	0.5141666666666667	0.44666666666666666
20	0.14609428814479283	28.4391003658897	0.54	0.44666666666666666
21	0.14587096734480423	28.4311304845308	0.5458333333333333	0.4666666666666667
22	0.14560599949048914	28.225385665893555	0.5416666666666666	0.47333333333333333
23	0.14592906832695007	28.977591765554326	0.5316666666666666	0.4666666666666667
24	0.145720796585083	28.448535618029144	0.5416666666666666	0.48
25	0.1454603672027588	28.097874616321764	0.5458333333333333	0.46
26	0.14572868523774324	27.922984650260524	0.5566666666666666	0.44
27	0.14555268628256662	28.088228978608782	0.5533333333333333	0.4533333333333333
28	0.14537578615648994	27.22656980313753	0.56	0.4666666666666667
29	0.14559046427408853	26.790027718794974	0.5733333333333334	0.43333333333333335
-1	-1	-1	-1	-1
0	0.16070199012756348	35.518469961065996	0.37416666666666665	0.34
1	0.15253567695617676	33.334300091392116	0.42	0.5133333333333333
2	0.15129963556925455	32.319195094861485	0.44583333333333336	0.48
3	0.1481001377105713	31.32941517076994	0.49	0.4
4	0.14717741012573243	31.7549746162013	0.4691666666666667	0.5
5	0.1473288138707479	31.509324876885664	0.4875	0.5066666666666667
6	0.14622323853628977	31.430346237985713	0.4775	0.48
7	0.14560741186141968	30.93738621159604	0.4791666666666667	0.54
8	0.14647534158494738	30.355549636640045	0.48833333333333334	0.49333333333333335
9	0.145859956741333	30.738714770266885	0.4925	0.5466666666666666
10	0.14520775188099255	31.122295203961823	0.5083333333333333	0.5466666666666666
11	0.1457606554031372	30.25651828866256	0.5033333333333333	0.52
12	0.1458108241741474	30.541054424486664	0.5	0.48
13	0.1453535556793213	30.31601800416645	0.49666666666666665	0.5466666666666666
14	0.14585803349812826	29.696761081093236	0.5308333333333334	0.49333333333333335
15	0.1454574465751648	29.91539872320075	0.5133333333333333	0.5066666666666667
16	0.14505609344033635	29.657188741784346	0.5183333333333333	0.5
17	0.14533828364478218	30.42560497083162	0.49833333333333335	0.49333333333333335
18	0.1446151105981124	29.847022407933284	0.5208333333333334	0.49333333333333335
19	0.14449490308761598	29.29660129547119	0.525	0.5266666666666666
20	0.14435971350896926	29.326024557414808	0.5333333333333333	0.5
21	0.14379843798550693	29.162392942528975	0.5233333333333333	0.5066666666666667
22	0.14387461413507877	29.153287736993086	0.5375	0.54
23	0.14378135402997336	30.00947733929283	0.515	0.5333333333333333
24	0.1433099937438965	28.843383638482344	0.5341666666666667	0.5133333333333333
25	0.14356253697321966	28.244643612911826	0.5566666666666666	0.49333333333333335
26	0.14370478524102104	28.78027730239065	0.5341666666666667	0.47333333333333333
27	0.14344594308308192	28.08737732234754	0.5633333333333334	0.5133333333333333
28	0.14362003063333445	27.85392982081363	0.5591666666666667	0.49333333333333335
29	0.14377321402231852	27.672480056160374	0.5683333333333334	0.4866666666666667
-1	-1	-1	-1	-1
0	0.16221094131469727	35.451964579130475	0.3875	0.47333333333333333
1	0.15498614311218262	33.41298429589523	0.44166666666666665	0.5466666666666666
2	0.15272943178812662	32.85881489201596	0.4558333333333333	0.4533333333333333
3	0.14958584308624268	32.30437926242226	0.44333333333333336	0.5266666666666666
4	0.14842395782470702	31.989849994057103	0.4891666666666667	0.44666666666666666
5	0.14782369136810303	32.189410862169765	0.47583333333333333	0.5066666666666667
6	0.14632810865129744	31.54334218878495	0.47583333333333333	0.54
7	0.1457080841064453	31.228024934467516	0.48833333333333334	0.5466666666666666
8	0.1453242301940918	31.291286418312474	0.5058333333333334	0.56
9	0.14438064098358155	31.594761647676165	0.4891666666666667	0.48
10	0.1445904861796986	31.22811608565481	0.4708333333333333	0.5333333333333333
11	0.14443832635879517	31.612846449801797	0.4791666666666667	0.52
12	0.1435420146355262	32.75361382333856	0.4633333333333333	0.4866666666666667
13	0.14369237422943115	31.248920290093672	0.49833333333333335	0.5466666666666666
14	0.1436353365580241	30.171269115648773	0.5025	0.56
15	0.143201544880867	30.022370664696943	0.5033333333333333	0.4666666666666667
16	0.14348585465375116	30.13464601416337	0.5175	0.6066666666666667
17	0.1434319151772393	29.9934889140882	0.5016666666666667	0.58
18	0.14288327568455747	30.342789700156764	0.5108333333333334	0.48
19	0.14303293228149414	29.969635812859785	0.5075	0.5
20	0.1431741714477539	29.753292886834394	0.5183333333333333	0.52
21	0.1428761048750444	29.512050879629033	0.5133333333333333	0.6133333333333333
22	0.14300233384837274	29.333636559938128	0.525	0.54
23	0.1432611644268036	29.83226896587171	0.5133333333333333	0.5666666666666667
24	0.14301589965820313	29.0601124010588	0.535	0.58
25	0.14311176996964675	28.950932276876348	0.5408333333333334	0.5333333333333333
26	0.1435972054799398	29.026183128356934	0.5325	0.5533333333333333
27	0.143352244581495	28.793804269087943	0.5308333333333334	0.5933333333333334
28	0.14322891728631382	28.652581014131243	0.535	0.5066666666666667
29	0.14359764258066812	28.561524064917315	0.5416666666666666	0.54
30	0.14342231904306718	28.272835028798955	0.5516666666666666	0.58
31	0.1433483436703682	28.03309606250964	0.5541666666666667	0.5666666666666667
32	0.14375877380371094	27.87456158587807	0.5583333333333333	0.5533333333333333
33	0.14360222395728617	27.51885579761706	0.5658333333333333	0.56
34	0.14336179324558804	27.456043845728825	0.5633333333333334	0.5533333333333333
35	0.14360913303163317	27.026462078094482	0.5716666666666667	0.5266666666666666
36	0.14338454040321144	27.268618382905657	0.5675	0.5666666666666667
37	0.14341757172032407	26.942713687294408	0.5808333333333333	0.56
38	0.1434939213288136	26.74335537458721	0.5816666666666667	0.5333333333333333
39	0.1432844340801239	26.582364258013275	0.5783333333333334	0.52
40	0.14324701123121308	26.33126567539416	0.5766666666666667	0.5533333333333333
41	0.1434014638264974	26.098110976972077	0.585	0.5333333333333333
-1	-1	-1	-1	-1
0	0.1616358757019043	36.03643106159411	0.39666666666666667	0.46
1	0.1524413824081421	32.418890250356576	0.465	0.5
2	0.1537470817565918	31.805394373442	0.49833333333333335	0.52
3	0.15081405639648438	31.702715522364567	0.5075	0.4533333333333333
4	0.14779105186462402	31.656246084915963	0.46	0.5066666666666667
5	0.14743944009145102	32.39896824485377	0.4708333333333333	0.3933333333333333
6	0.14694203649248397	31.711587930980482	0.48583333333333334	0.5133333333333333
7	0.14545860886573792	30.80621179781462	0.5066666666666667	0.5333333333333333
8	0.14567923545837402	30.79087764338443	0.505	0.5
9	0.1458524227142334	30.832509392186214	0.5133333333333333	0.5
10	0.14515406435186212	30.125080961930124	0.52	0.5133333333333333
11	0.14448386430740356	30.459993312233372	0.5141666666666667	0.4866666666666667
12	0.14448200739347017	30.151918812801963	0.5091666666666667	0.48
13	0.14361911160605295	30.105781906529476	0.525	0.52
14	0.14367270469665527	29.97258341939826	0.5075	0.54
15	0.14376984536647797	29.47118041389867	0.5366666666666666	0.5
16	0.14316607924068675	29.952650521930895	0.5191666666666667	0.4533333333333333
17	0.14331591129302979	29.52126088895296	0.5366666666666666	0.5066666666666667
18	0.14361980086878726	29.43697778802169	0.5316666666666666	0.5133333333333333
19	0.14326776266098024	28.69418992494282	0.55	0.5
20	0.1434160414196196	28.577353828831722	0.5375	0.5066666666666667
21	0.14356726949865167	29.478280017250462	0.5508333333333333	0.5466666666666666
22	0.1432286656421164	28.93168313879716	0.545	0.49333333333333335
23	0.1433538794517517	28.37889706461053	0.5433333333333333	0.5666666666666667
24	0.14367276191711426	28.10894547010723	0.5508333333333333	0.5533333333333333
25	0.14367129252507135	27.747213514227617	0.5666666666666667	0.5466666666666666
26	0.14353585243225098	27.660621467389557	0.5625	0.56
27	0.14379151378359115	27.475514462119655	0.5633333333333334	0.5333333333333333
28	0.143654675319277	27.691253461335833	0.565	0.5133333333333333
29	0.1436203638712565	27.20455869875456	0.5733333333333334	0.5466666666666666
30	0.14396946660933957	27.060486090810674	0.57	0.5466666666666666
31	0.14393224567174911	27.097519874572754	0.57	0.5333333333333333
32	0.14386971791585287	26.900026823344984	0.57	0.5333333333333333
33	0.14417797677657185	26.691521744979056	0.5625	0.5466666666666666
34	0.14409473282950266	26.525762859143708	0.5791666666666667	0.5533333333333333
35	0.14400719271765816	26.47100338182951	0.5683333333333334	0.54
36	0.14426557437793627	26.164132569965563	0.5758333333333333	0.5733333333333334
37	0.14429773782428942	26.2829455325478	0.5833333333333334	0.5466666666666666
38	0.14417243615174904	26.00234199825086	0.5875	0.5266666666666666
39	0.1444610297679901	25.91345370443244	0.5858333333333333	0.52
40	0.14439436284507193	26.023005661211517	0.585	0.54
41	0.1443508579617455	25.75332842375103	0.59	0.5266666666666666
42	0.14460834237032158	25.51971942500064	0.5966666666666667	0.56
43	0.14456099813634699	25.385698720028525	0.5933333333333334	0.54
44	0.14450648095872667	25.359655079088714	0.5966666666666667	0.5466666666666666
45	0.14477976508762525	25.32506937729685	0.5933333333333334	0.56
46	0.14481249768683252	25.029953454670153	0.5958333333333333	0.5333333333333333
47	0.14481188853581747	25.12484713604576	0.5958333333333333	0.5466666666666666
48	0.1450386485274957	24.95463050039191	0.6016666666666667	0.5333333333333333
49	0.1449856662750244	24.733294436806126	0.6083333333333333	0.5466666666666666
50	0.144928819992963	24.721918055885716	0.6066666666666667	0.54
51	0.14500969189863938	24.657002875679417	0.605	0.5333333333333333
52	0.144876943444306	24.637555247858952	0.6058333333333333	0.5466666666666666
53	0.14498987021269621	24.487532716048392	0.6125	0.5533333333333333
54	0.1450859329917214	24.392183052866084	0.6066666666666667	0.5533333333333333
55	0.14505969200815474	24.358722987927887	0.61	0.5333333333333333
56	0.14503213815521776	24.29876016315661	0.6116666666666667	0.5333333333333333
-1	-1	-1	-1	-1
0	0.22910141944885254	34.704926340203535	0.42833333333333334	0.4066666666666667
1	0.18564927577972412	32.65009935278641	0.43916666666666665	0.38
2	0.17501703898111978	31.892718917445134	0.4683333333333333	0.38
3	0.16758102178573608	31.676795959472656	0.46166666666666667	0.4066666666666667
4	0.16237349510192872	30.930740783089085	0.5041666666666667	0.46
5	0.160141388575236	30.66786291724757	0.51	0.4266666666666667
6	0.15905039651053293	30.8418617750469	0.5091666666666667	0.4066666666666667
7	0.1572936773300171	30.620252157512464	0.5091666666666667	0.48
8	0.1555326779683431	29.92892205087762	0.515	0.44
9	0.15553889274597169	29.92641218085038	0.5208333333333334	0.46
10	0.15415681492198596	30.11941483146266	0.5233333333333333	0.43333333333333335
11	0.152575413386027	29.79172779384412	0.5258333333333334	0.4666666666666667
12	0.15265857256375825	29.560320803993626	0.5233333333333333	0.4666666666666667
13	0.15176001616886683	29.5314780034517	0.5325	0.44
14	0.1507269541422526	29.46743402983013	0.5333333333333333	0.44
15	0.15070106089115143	29.464256888941716	0.5216666666666666	0.4266666666666667
16	0.14995312690734863	29.35873628917493	0.5466666666666666	0.44666666666666666
17	0.14943411615159777	28.86095727117438	0.545	0.47333333333333333
18	0.1497042179107666	28.81605396772686	0.5441666666666667	0.4666666666666667
19	0.14946731328964233	28.652211440236943	0.535	0.44
20	0.14887105850946336	28.47955144079108	0.56	0.4666666666666667
21	0.14897095073353162	28.229413383885433	0.5708333333333333	0.4666666666666667
22	0.14845537102740744	27.992487505862588	0.5575	0.44666666666666666
23	0.1480427881081899	27.898430523119476	0.5591666666666667	0.44666666666666666
24	0.148096284866333	27.088276060003984	0.5733333333333334	0.48
25	0.14768415230971116	27.335760894574616	0.5625	0.47333333333333333
26	0.14748547695301198	27.00585136915508	0.5708333333333333	0.46
27	0.14747203247887747	27.11401229155691	0.5633333333333334	0.48
28	0.14709517051433696	27.70559411299856	0.57	0.4533333333333333
29	0.14713290532430012	27.57307233308491	0.5566666666666666	0.4533333333333333
-1	-1	-1	-1	-1
0	0.1786820888519287	36.759620465730364	0.4091666666666667	0.48
1	0.16051733493804932	35.111541748046875	0.4025	0.38666666666666666
2	0.1558694044748942	33.35750273654335	0.3983333333333333	0.47333333333333333
3	0.1504189372062683	32.37177015605726	0.435	0.52
4	0.14971394538879396	31.77711552067807	0.49166666666666664	0.5
5	0.14894819259643555	31.203133156425075	0.47333333333333333	0.49333333333333335
6	0.14717820712498256	31.41494449816252	0.48833333333333334	0.48
7	0.14736130833625793	30.82108557851691	0.5041666666666667	0.49333333333333335
8	0.14735319879319933	30.31268310546875	0.5	0.49333333333333335
9	0.1463075876235962	30.437123348838405	0.49083333333333334	0.5066666666666667
10	0.14655629071322354	30.171053083319414	0.5025	0.44666666666666666
11	0.14615195989608765	30.10695000698692	0.5091666666666667	0.5133333333333333
12	0.1452819017263559	29.915522123637952	0.5141666666666667	0.5133333333333333
13	0.14504267488207137	29.85534964109722	0.5241666666666667	0.5333333333333333
14	0.14543935457865398	29.81485188634772	0.5075	0.48
15	0.1447184681892395	29.67521925976402	0.5183333333333333	0.52
16	0.14469671249389648	29.2244435862491	0.5391666666666667	0.49333333333333335
17	0.14487506283654106	29.611752259103877	0.53	0.4866666666666667
18	0.1443834430293033	29.78709333821347	0.5166666666666667	0.4866666666666667
19	0.1445951819419861	29.285883476859645	0.5325	0.49333333333333335
20	0.14490772428966703	29.207949788946856	0.5266666666666666	0.47333333333333333
21	0.14465083859183572	28.787387145192998	0.5475	0.49333333333333335
22	0.14484130817910898	28.483371659329062	0.5408333333333334	0.5
23	0.14485545953114828	28.30667126806159	0.5483333333333333	0.46
24	0.14464841842651366	28.216706326133327	0.5483333333333333	0.5
25	0.14463703448955828	28.344274144423636	0.5466666666666666	0.5533333333333333
26	0.1448312865363227	27.950362305892142	0.5541666666666667	0.49333333333333335
27	0.14471050671168736	27.776811097797594	0.5591666666666667	0.5133333333333333
28	0.14456626464580669	27.617143932141754	0.555	0.49333333333333335
29	0.14481236934661865	27.482541034096165	0.575	0.5266666666666666
30	0.14469159033990675	27.171547111712005	0.5691666666666667	0.47333333333333333
31	0.14451423287391663	27.21120766589516	0.5725	0.5266666666666666
32	0.14478189294988458	26.691627075797633	0.5883333333333334	0.47333333333333333
33	0.14463269710540771	26.551351296274287	0.5833333333333334	0.52
34	0.14446581431797573	26.223250489485892	0.5816666666666667	0.5266666666666666
35	0.14474493265151978	26.19357214475933	0.5733333333333334	0.5266666666666666
36	0.14467733615153544	26.115206517671282	0.5733333333333334	0.49333333333333335
37	0.14451970552143298	25.91142077195017	0.5816666666666667	0.5133333333333333
38	0.14473653450990334	25.81198669734754	0.5891666666666666	0.49333333333333335
39	0.14459669589996338	25.97123186211837	0.5816666666666667	0.5
40	0.1444427152959312	25.613681642632734	0.5933333333333334	0.5
41	0.14459956259954543	25.48779828924882	0.5866666666666667	0.5
42	0.14446220287056857	25.875235557556152	0.5866666666666667	0.5333333333333333
43	0.1444027857346968	25.563373741350677	0.5925	0.5133333333333333
44	0.14455487463209366	25.430486930044072	0.5825	0.49333333333333335
45	0.1444235832794853	25.19908736881457	0.595	0.5333333333333333
-1	-1	-1	-1	-1
0	0.16980528831481934	35.02392683531109	0.44333333333333336	0.3333333333333333
1	0.15598022937774658	32.48837982980829	0.44083333333333335	0.47333333333333333
2	0.14863085746765137	31.671814592261065	0.4866666666666667	0.4533333333333333
3	0.14702153205871582	31.23362842359041	0.49416666666666664	0.5
4	0.14522790908813477	30.918760450262774	0.5041666666666667	0.46
5	0.14351995786031088	30.86303168848941	0.49833333333333335	0.5133333333333333
6	0.14335359845842635	30.238801153082598	0.5175	0.4666666666666667
7	0.14360231161117554	30.452274523283307	0.51	0.4666666666666667
8	0.14320842425028482	30.66451358795166	0.5025	0.5066666666666667
9	0.14363279342651367	30.47338375292326	0.5033333333333333	0.4533333333333333
10	0.14421161738308994	30.279975640146358	0.5058333333333334	0.43333333333333335
11	0.14382229248682657	43.482316067344264	0.4325	0.46
12	0.14393170063312238	31.740260149303236	0.4725	0.5
13	0.14441260269709996	31.402981356570596	0.4866666666666667	0.5
14	0.14408944447835287	30.788139493841875	0.5158333333333334	0.52
15	0.14425452053546906	30.574368276094134	0.52	0.49333333333333335
16	0.1445161595064051	30.220126252425345	0.5208333333333334	0.48
17	0.14431267314487034	29.98303528835899	0.52	0.5066666666666667
18	0.144613830666793	29.63536242434853	0.5241666666666667	0.4866666666666667
19	0.14476509094238282	29.632524490356445	0.5308333333333334	0.46
20	0.14435477483840214	29.742523996453535	0.5275	0.4866666666666667
21	0.14460733803835782	29.38862012561999	0.5266666666666666	0.49333333333333335
22	0.1447040723717731	29.4313325881958	0.5266666666666666	0.44666666666666666
23	0.14443611105283102	29.45637492129677	0.5275	0.4533333333333333
24	0.14447781562805176	29.231755256652832	0.5283333333333333	0.49333333333333335
25	0.14453378090491661	29.109927729556436	0.5283333333333333	0.52
26	0.14423101036636918	28.758706720251787	0.5525	0.4866666666666667
27	0.1442967312676566	28.75536090449283	0.5375	0.5133333333333333
28	0.14436478450380522	28.532215921502363	0.5541666666666667	0.5
29	0.14403830369313558	28.21577232762387	0.5608333333333333	0.4866666666666667
30	0.14411650165434806	28.517926969026263	0.5391666666666667	0.48
31	0.14419903606176376	28.228199908607884	0.5525	0.49333333333333335
32	0.14394455967527447	28.451605821910658	0.5433333333333333	0.5
33	0.14395610725178437	27.98094375509965	0.5575	0.5
34	0.14400454929896764	27.830754129510176	0.5608333333333333	0.47333333333333333
-1	-1	-1	-1	-1
0	0.16151642799377441	37.56708762520238	0.38083333333333336	0.42
1	0.15699660778045654	34.640067652652135	0.36	0.43333333333333335
2	0.1533940633138021	33.26170577500996	0.4658333333333333	0.47333333333333333
3	0.14971786737442017	32.77688422955965	0.47833333333333333	0.48
4	0.14910812377929689	32.51506426459864	0.4525	0.4266666666666667
5	0.14832929770151773	31.37886283272191	0.5	0.48
6	0.14748781067984446	31.21659163424843	0.5058333333333334	0.5133333333333333
7	0.14767345786094666	31.20594509024369	0.5025	0.4666666666666667
8	0.1479116545783149	30.966448231747275	0.5033333333333333	0.5133333333333333
9	0.14724149703979492	30.437067784761126	0.5141666666666667	0.44666666666666666
10	0.1472783088684082	30.43763908587004	0.5158333333333334	0.4866666666666667
11	0.14827183882395426	30.506372125525225	0.5041666666666667	0.52
12	0.14824401415311372	30.082586087678607	0.5275	0.5066666666666667
13	0.14762210845947266	29.958650388215716	0.5258333333333334	0.49333333333333335
14	0.14777153333028156	30.132082311730635	0.5241666666666667	0.48
15	0.14720863103866577	29.963690657364694	0.5275	0.4866666666666667
16	0.14694387772504022	29.619702188592207	0.535	0.47333333333333333
17	0.14723343319363064	29.60754828704031	0.5275	0.4866666666666667
18	0.14671236590335243	29.409483834316855	0.5316666666666666	0.49333333333333335
19	0.14640949964523314	29.10991964842144	0.5391666666666667	0.4866666666666667
20	0.14673028673444474	29.542957707455283	0.5416666666666666	0.48
21	0.14631054618141867	28.97165574525532	0.5333333333333333	0.4666666666666667
22	0.1461480596791143	29.296849250793457	0.5316666666666666	0.47333333333333333
23	0.14632989962895712	28.748861036802595	0.5483333333333333	0.48
24	0.14610912322998046	28.976897867102373	0.5366666666666666	0.49333333333333335
25	0.14611738461714524	28.446945366106537	0.5458333333333333	0.5
26	0.14630040416011103	28.264962497510407	0.5458333333333333	0.49333333333333335
27	0.14613150698798044	27.963325651068438	0.5566666666666666	0.48
28	0.14599334782567516	27.859430764850817	0.5591666666666667	0.48
29	0.14636362393697103	27.76754725606818	0.57	0.47333333333333333
30	0.14625803116829164	27.274037486628483	0.575	0.47333333333333333
31	0.14611069858074188	27.09940629256399	0.5691666666666667	0.47333333333333333
-1	-1	-1	-1	-1
0	0.1745438575744629	35.74597627238224	0.40166666666666667	0.42
1	0.15791797637939453	33.65641393159565	0.4483333333333333	0.4533333333333333
2	0.15644232432047525	32.27325073041414	0.465	0.47333333333333333
3	0.1525593400001526	31.754910368668405	0.49166666666666664	0.44
4	0.14971508979797363	31.33049071462531	0.4558333333333333	0.4666666666666667
5	0.15009053548177084	31.09786706221731	0.5008333333333334	0.47333333333333333
6	0.14836829049246653	31.030801572297747	0.4875	0.4866666666666667
7	0.14809706807136536	31.20832217367072	0.49666666666666665	0.3933333333333333
8	0.14821701579623753	32.638929316872044	0.45916666666666667	0.5
9	0.14753408432006837	30.946617929559004	0.4825	0.4533333333333333
10	0.14687971635298294	30.64429027155826	0.5058333333333334	0.5066666666666667
11	0.147405207157135	30.233192644621198	0.5116666666666667	0.4666666666666667
12	0.14646480633662298	30.19793244412071	0.5158333333333334	0.5066666666666667
13	0.14571619033813477	30.009327160684688	0.5191666666666667	0.48
14	0.14615499178568522	30.098313231217233	0.5183333333333333	0.4666666666666667
15	0.1457451730966568	29.539850736919202	0.5241666666666667	0.4666666666666667
16	0.14522502001594095	29.804690913150186	0.5216666666666666	0.5066666666666667
17	0.14535003238254124	29.67634768235056	0.5241666666666667	0.48
18	0.1447918038619192	29.26887896186427	0.5291666666666667	0.4666666666666667
19	0.14472758769989014	29.74276597876298	0.5141666666666667	0.49333333333333335
20	0.14478584698268346	29.05975924040142	0.5308333333333334	0.49333333333333335
21	0.14445079456676135	28.91275496231882	0.535	0.48
22	0.14454227945078973	28.569353831441777	0.5325	0.46
23	0.14469124873479208	28.623723958667956	0.5341666666666667	0.5066666666666667
24	0.14440282821655273	28.595345647711504	0.5441666666666667	0.5066666666666667
25	0.14451927405137283	28.281527544322767	0.5441666666666667	0.44666666666666666
26	0.1446244716644287	28.02822168249833	0.5341666666666667	0.5
27	0.14437093053545272	27.758583972328587	0.5575	0.52
28	0.14440505257968245	27.47696818803486	0.5525	0.46
29	0.1444819768269857	27.327453663474635	0.5566666666666666	0.5066666666666667
30	0.14423618778105704	27.232064146744577	0.5625	0.48
31	0.1443229764699936	26.945537617332057	0.5658333333333333	0.5133333333333333
32	0.14439402927051892	26.898826900281403	0.5675	0.5
33	0.14420084392323212	27.222795386063424	0.5625	0.5
34	0.1443296364375523	26.756127558256452	0.5658333333333333	0.5133333333333333
35	0.1443696551852756	26.557526713923405	0.5833333333333334	0.5133333333333333
36	0.14419226388673526	26.490686065272282	0.58	0.5133333333333333
37	0.14430201053619385	26.553931211170397	0.5725	0.48
38	0.14434251418480507	26.424216170060006	0.575	0.5066666666666667
39	0.14416491389274597	26.0372348082693	0.5716666666666667	0.5066666666666667
40	0.14424923571144663	25.66631982201024	0.5833333333333334	0.49333333333333335
41	0.14442195211138045	25.556583329250937	0.5858333333333333	0.47333333333333333
42	0.14434329853501432	25.442802102942217	0.5866666666666667	0.5133333333333333
43	0.14429447867653586	26.160248179184762	0.5833333333333334	0.5066666666666667
44	0.14457623163859049	26.625350098860892	0.5633333333333334	0.5133333333333333
45	0.14465933779011603	25.746440485904092	0.585	0.54
46	0.14460035080605366	25.313621847253096	0.5908333333333333	0.5066666666666667
47	0.14482925335566202	25.097512169888144	0.5966666666666667	0.5133333333333333
48	0.14478595889344506	24.958978878824336	0.5975	0.5133333333333333
49	0.14473331928253175	24.860183966787236	0.6008333333333333	0.5133333333333333
50	0.1449740634245031	24.85389471054077	0.6033333333333334	0.5
51	0.1449494224328261	24.877638314899645	0.6033333333333334	0.5266666666666666
52	0.14486726724876547	24.679274960568076	0.6083333333333333	0.5
53	0.14508764390592221	24.767024918606406	0.6033333333333334	0.5333333333333333
54	0.14506457502191716	24.64221823842902	0.6091666666666666	0.54
55	0.14500156044960022	24.49188598833586	0.6041666666666666	0.5066666666666667
56	0.14517626846045778	24.396422085009124	0.6116666666666667	0.5133333333333333
57	0.1450831150186473	24.33083842930041	0.6075	0.5133333333333333
58	0.1450047735440529	24.24522153954757	0.615	0.5066666666666667
59	0.1451789180437724	24.255941616861445	0.6141666666666666	0.5133333333333333
60	0.1450746684777932	24.07986831665039	0.615	0.5266666666666666
61	0.14497684278795797	24.014333122654964	0.615	0.5133333333333333
62	0.14509931821671743	24.031194335535954	0.6191666666666666	0.52
63	0.14510057121515274	23.89820166638023	0.6133333333333333	0.5266666666666666
64	0.14501011188213642	23.867025325172825	0.6158333333333333	0.5133333333333333
65	0.14522007017424612	23.854734922710218	0.6183333333333333	0.5133333333333333
-1	-1	-1	-1	-1
0	0.22814702987670898	35.587536209507995	0.3975	0.38
1	0.18620538711547852	33.140891326101205	0.43583333333333335	0.5066666666666667
2	0.1737198829650879	32.52577339975458	0.48083333333333333	0.4533333333333333
3	0.16656672954559326	32.11461679559005	0.4816666666666667	0.47333333333333333
4	0.1615910530090332	31.713757690630462	0.4841666666666667	0.48
5	0.15916009744008383	31.56649408842388	0.49083333333333334	0.4866666666666667
6	0.15809202194213867	31.07660742809898	0.49666666666666665	0.48
7	0.15575653314590454	30.848582418341387	0.4975	0.48
8	0.15455985069274902	30.4925436220671	0.5066666666666667	0.5266666666666666
9	0.154304838180542	30.237075052763288	0.5025	0.5066666666666667
10	0.15311126275496048	30.094923671923187	0.5041666666666667	0.5133333333333333
11	0.15213561058044434	30.488235523826198	0.5075	0.4866666666666667
12	0.15208763342637283	29.796719300119502	0.5133333333333333	0.47333333333333333
13	0.15136257239750453	29.966282342609606	0.49166666666666664	0.5066666666666667
14	0.15098559061686198	29.731867263191624	0.5166666666666667	0.5133333333333333
15	0.15092982351779938	29.55142673693205	0.5158333333333334	0.47333333333333333
16	0.15009658476885626	29.17141143899215	0.5258333333333334	0.52
17	0.15010423130459255	29.65590770621049	0.5225	0.5133333333333333
18	0.14987293042634664	29.493731624201725	0.53	0.5133333333333333
19	0.14922449588775635	29.200610738051566	0.5375	0.49333333333333335
20	0.14920806884765625	29.4590455858331	0.53	0.5
21	0.14907243035056375	28.939676636143734	0.525	0.5066666666666667
22	0.1484751908675484	28.74679570449026	0.5333333333333333	0.56
23	0.14847575624783835	28.557934761047363	0.5475	0.5
24	0.1483529281616211	29.15894909908897	0.5275	0.5333333333333333
25	0.14787056812873253	28.441022069830645	0.5383333333333333	0.5266666666666666
26	0.14786601066589355	28.57738911478143	0.5408333333333334	0.5
27	0.147852395262037	28.648387507388467	0.545	0.5266666666666666
28	0.1474177755158523	28.335683621858294	0.5466666666666666	0.5
29	0.14734633763631186	28.016500447925768	0.5566666666666666	0.5133333333333333
30	0.1472892991958126	27.96249138681512	0.545	0.5
31	0.14682959020137787	27.532268473976536	0.5566666666666666	0.5266666666666666
32	0.146885279453162	27.270943139728747	0.5583333333333333	0.5266666666666666
33	0.14702655287349925	27.188198742113617	0.5675	0.54
34	0.14679718698774066	27.025436476657266	0.5633333333333334	0.5
35	0.14676506651772392	26.698214229784515	0.58	0.5133333333333333
36	0.1468019421036179	26.702223702480918	0.5708333333333333	0.5333333333333333
37	0.14649561204408346	26.426903072156403	0.5725	0.49333333333333335
38	0.14647969221457458	26.28920801062333	0.5783333333333334	0.5
39	0.1464751660823822	26.14844136489065	0.5758333333333333	0.5
40	0.14630632865719678	26.004850738926937	0.5816666666666667	0.5133333333333333
41	0.14628481297265916	25.933832419546025	0.5791666666666667	0.5133333333333333
42	0.14627957344055176	25.73439793837698	0.5916666666666667	0.5066666666666667
-1	-1	-1	-1	-1
0	0.15593433380126953	35.14008619910792	0.435	0.44
1	0.1504613161087036	32.631838949103106	0.4766666666666667	0.5133333333333333
2	0.14852325121561685	32.346062559830514	0.47333333333333333	0.4533333333333333
3	0.14534980058670044	31.302473670557927	0.4891666666666667	0.4866666666666667
4	0.14485735893249513	33.1434897874531	0.4816666666666667	0.4666666666666667
5	0.14463500181833902	31.896869057103206	0.46416666666666667	0.4266666666666667
6	0.14308527537754603	31.586710553420218	0.4741666666666667	0.5333333333333333
7	0.14337065815925598	31.06930564579211	0.4925	0.42
8	0.1433690388997396	42.357657733716465	0.47	0.5133333333333333
9	0.1423783540725708	31.856650503058184	0.4775	0.49333333333333335
10	0.14268883791836826	30.559320600409258	0.5141666666666667	0.4533333333333333
11	0.14279188712437949	31.44521703218159	0.4875	0.47333333333333333
12	0.14219223535977876	30.360914581700374	0.5083333333333333	0.48
13	0.14239728450775146	30.138982672440378	0.5108333333333334	0.48
14	0.14269243876139323	29.98048270376105	0.5091666666666667	0.47333333333333333
15	0.14227081835269928	29.768754858719674	0.5208333333333334	0.49333333333333335
16	0.14232214759377873	29.48043966293335	0.5341666666666667	0.4666666666666667
17	0.14241785473293728	29.370908335635537	0.5325	0.5
18	0.1419932716771176	29.33884738620959	0.5291666666666667	0.44
19	0.14236592054367064	29.14119135706048	0.5416666666666666	0.4533333333333333
20	0.1425699960617792	28.81990583319413	0.5375	0.48
21	0.14212302728132767	28.86310743030749	0.54	0.4533333333333333
22	0.14234892181728198	28.642933393779554	0.54	0.4866666666666667
23	0.1424944301446279	28.744248892131605	0.5408333333333334	0.48
24	0.14218491554260254	28.251327113101357	0.5441666666666667	0.5066666666666667
25	0.1424434368426983	28.443309608258698	0.5491666666666667	0.49333333333333335
26	0.1424584565339265	28.351220156017103	0.5525	0.5066666666666667
27	0.14208586726869857	27.897689292305394	0.5541666666666667	0.48
28	0.1422227168905324	27.832711194690905	0.5583333333333333	0.48
29	0.14225619633992512	27.789169964037445	0.5525	0.49333333333333335
-1	-1	-1	-1	-1
0	0.1685338020324707	32.70361840097528	0.43	0.35333333333333333
1	0.15489113330841064	33.19108360692074	0.43666666666666665	0.52
2	0.14930295944213867	31.537199522319593	0.49333333333333335	0.5466666666666666
3	0.1454257369041443	30.95651119633725	0.49083333333333334	0.38666666666666666
4	0.14528975486755372	30.328443175867985	0.5133333333333333	0.5066666666666667
5	0.14338370164235434	30.006702598772552	0.5116666666666667	0.4866666666666667
6	0.143665041242327	29.929084928412188	0.5166666666666667	0.5133333333333333
7	0.14359179139137268	29.806706127367523	0.515	0.52
8	0.14249208238389757	29.66915692781147	0.5266666666666666	0.5133333333333333
9	0.14257261753082276	29.087881640384072	0.5208333333333334	0.5533333333333333
10	0.1428229808807373	28.969949195259495	0.5308333333333334	0.5133333333333333
11	0.14190149307250977	29.184873405255768	0.5275	0.49333333333333335
12	0.1419684520134559	28.621709673028242	0.54	0.54
13	0.14218946865626744	28.381425079546478	0.5375	0.54
14	0.14157106081644694	28.151641368865967	0.5566666666666666	0.5066666666666667
15	0.14183464646339417	27.86900429976614	0.56	0.49333333333333335
16	0.14177803432240205	27.664728867380244	0.5708333333333333	0.48
17	0.1413465208477444	27.530115102466784	0.5566666666666666	0.5333333333333333
18	0.14152989889446058	27.12612563685367	0.5733333333333334	0.5066666666666667
19	0.1416492223739624	26.85879797684519	0.5733333333333334	0.5466666666666666
20	0.1413145973568871	26.67436398957905	0.5791666666666667	0.52
21	0.14133335243571887	26.630470250782214	0.5775	0.52
22	0.14140016099681024	26.70360597811247	0.5725	0.48
23	0.14111127456029257	26.661733376352412	0.5775	0.5133333333333333
24	0.14118531227111816	26.973578377773887	0.5708333333333333	0.5066666666666667
25	0.14143465115473822	26.13002004121479	0.5958333333333333	0.5266666666666666
26	0.1414721895147253	26.01415222569516	0.5808333333333333	0.47333333333333333
27	0.14163027490888322	25.761534414793317	0.5916666666666667	0.5266666666666666
28	0.14213619561030946	27.356002104909795	0.5675	0.5133333333333333
29	0.1419559637705485	26.890284739042585	0.5825	0.52
-1	-1	-1	-1	-1
0	0.177260160446167	33.617772353322884	0.44083333333333335	0.32666666666666666
1	0.16044151782989502	33.53692903016743	0.43583333333333335	0.46
2	0.1526001294453939	31.40861867603503	0.49416666666666664	0.4666666666666667
3	0.15034359693527222	30.621050307625218	0.49416666666666664	0.47333333333333333
4	0.14926676750183104	30.406967514439632	0.5	0.48
5	0.14740943908691406	29.98967286160118	0.5066666666666667	0.52
6	0.14710290091378347	29.837551769457367	0.5075	0.5
7	0.14710751175880432	30.101284102389688	0.49416666666666664	0.48
8	0.14623634020487467	29.86460946735583	0.5116666666666667	0.48
9	0.14618828296661376	29.606576919555664	0.5316666666666666	0.48
10	0.14635203101418234	29.379933106271846	0.525	0.5
11	0.1457654039065043	29.42482970890246	0.5258333333333334	0.48
12	0.14554047584533691	29.30028378336053	0.5316666666666666	0.48
13	0.1456820453916277	29.217124938964844	0.5275	0.5066666666666667
14	0.14514751434326173	28.853408813476562	0.5391666666666667	0.5
15	0.14523440599441528	28.631640484458522	0.5358333333333334	0.5
16	0.14561108981861787	28.267158658880938	0.5583333333333333	0.5133333333333333
17	0.14528686470455593	28.339705166063812	0.5366666666666666	0.5266666666666666
18	0.14499676854986893	28.047087518792402	0.5475	0.4866666666666667
19	0.14516375064849854	28.26193658929122	0.5558333333333333	0.49333333333333335
20	0.1445379824865432	27.70952204654091	0.5525	0.52
21	0.14451169967651367	27.511487810235273	0.5608333333333333	0.52
22	0.14467497493909753	27.34090815092388	0.565	0.5133333333333333
23	0.14435268441836038	26.973477664746735	0.5716666666666667	0.5066666666666667
24	0.14437698364257812	26.98135290647808	0.5683333333333334	0.5
25	0.14453599086174598	27.245646075198525	0.5658333333333333	0.54
26	0.14425837552105938	26.6899827655993	0.5741666666666667	0.5333333333333333
27	0.14430458205086844	26.582014861859772	0.5766666666666667	0.5133333333333333
28	0.14446839792975064	26.769806610910518	0.5791666666666667	0.5133333333333333
29	0.14422434171040852	26.54515128386648	0.5758333333333333	0.52
30	0.14426435193707865	26.516920616752223	0.5725	0.5333333333333333
31	0.14440417289733887	26.20970236627679	0.58	0.5133333333333333
32	0.1441676544420647	26.07233150381791	0.5883333333333334	0.5133333333333333
33	0.1442256675047033	25.958942789780465	0.585	0.4666666666666667
34	0.14438181604657854	26.002561217860173	0.5933333333333334	0.52
35	0.144196973906623	25.514619726883737	0.5958333333333333	0.5066666666666667
36	0.14420956534308357	25.61607195201673	0.5883333333333334	0.49333333333333335
37	0.14430577504007439	25.384899540951377	0.5933333333333334	0.5066666666666667
38	0.14415521499438164	25.080589595593903	0.6025	0.5066666666666667
39	0.1441948354244232	25.078673990149248	0.5991666666666666	0.52
40	0.1443036823737912	25.073869278556423	0.6033333333333334	0.5066666666666667
41	0.14419595968155635	24.90404957219174	0.6	0.5333333333333333
42	0.1441020466560541	24.7809772742422	0.6041666666666666	0.52
43	0.1443092172796076	24.76619645168907	0.6083333333333333	0.5133333333333333
44	0.1442026721106635	24.69703207517925	0.6125	0.5266666666666666
45	0.14410235052523407	24.61596481423629	0.6141666666666666	0.54
-1	-1	-1	-1	-1
0	0.17852473258972168	33.42448490544369	0.435	0.43333333333333335
1	0.15829133987426758	33.354673987940735	0.43333333333333335	0.54
2	0.15543246269226074	31.282235195762233	0.5008333333333334	0.5666666666666667
3	0.1516537070274353	30.841842701560573	0.5008333333333334	0.5866666666666667
4	0.14911460876464844	30.138480713492946	0.5183333333333333	0.58
5	0.14918108781178793	30.222211636995013	0.515	0.56
6	0.14789598328726633	30.026033075232256	0.505	0.56
7	0.147140771150589	29.508565200002568	0.5125	0.56
8	0.1469472779168023	29.343920808089408	0.5266666666666666	0.5866666666666667
9	0.14574792385101318	29.664731402146188	0.525	0.5933333333333334
10	0.14543468301946466	28.951212054804753	0.5341666666666667	0.56
11	0.1454902688662211	29.084081574490195	0.5291666666666667	0.54
12	0.1449286570915809	28.697396027414424	0.5308333333333334	0.5866666666666667
13	0.14502508299691336	28.949768417759945	0.5341666666666667	0.58
14	0.14516533215840657	28.38083126670436	0.5433333333333333	0.5733333333333334
15	0.1447145938873291	28.801963254025107	0.5425	0.54
16	0.1450637368594899	28.36349434601633	0.5441666666666667	0.5933333333333334
17	0.14514712492624918	27.965998147663317	0.555	0.5933333333333334
18	0.14475748413487485	27.96455548938952	0.555	0.5866666666666667
19	0.14511414766311645	27.581240277541312	0.555	0.58
20	0.14540901638212658	27.591429133164254	0.5666666666666667	0.56
21	0.14530501582405783	27.26197476136057	0.5666666666666667	0.5466666666666666
22	0.14532380518705948	27.124329667342337	0.5691666666666667	0.6
23	0.14580081899960837	26.918988077264082	0.5691666666666667	0.5666666666666667
24	0.14586226463317872	26.920878786789743	0.5641666666666667	0.6066666666666667
25	0.1458373344861544	26.721045117629203	0.5716666666666667	0.5533333333333333
26	0.14615974602875886	26.700844764709473	0.5883333333333334	0.5933333333333334
27	0.1461999842098781	26.921221256256104	0.5666666666666667	0.5733333333333334
28	0.14616644793543324	26.64120260037874	0.5666666666666667	0.58
29	0.14658013979593912	26.09616864354987	0.5941666666666666	0.56
30	0.14624606409380514	25.9176059020193	0.5983333333333334	0.5466666666666666
31	0.1458636149764061	26.05449326414811	0.5791666666666667	0.5866666666666667
32	0.1458637642137932	25.7395365865607	0.5966666666666667	0.5733333333333334
33	0.1454528149436502	25.78847548836156	0.5816666666666667	0.5666666666666667
34	0.1453504834856306	25.841638740740326	0.5933333333333334	0.56
35	0.1453106337123447	25.59084445551822	0.5966666666666667	0.58
36	0.1449396545822556	25.369630913985404	0.5983333333333334	0.56
37	0.14525530840221204	25.363549784610147	0.5958333333333333	0.5666666666666667
38	0.1454161680661715	25.3296796397159	0.5916666666666667	0.5866666666666667
39	0.14521436095237733	25.062254930797376	0.605	0.5733333333333334
40	0.145218378160058	24.899997635891562	0.5991666666666666	0.5666666666666667
41	0.14526482423146567	25.04611825942993	0.5983333333333334	0.5866666666666667
42	0.1450079596319864	24.702356991014984	0.5983333333333334	0.5666666666666667
43	0.1450091221115806	24.77139939759907	0.6025	0.58
44	0.14502992630004882	24.634903380745335	0.6075	0.5733333333333334
-1	-1	-1	-1	-1
0	0.1762387752532959	33.445184456674674	0.4625	0.37333333333333335
1	0.15993452072143555	33.27669951790258	0.4175	0.37333333333333335
2	0.15469892819722494	31.50188556470369	0.5033333333333333	0.4533333333333333
3	0.14941859245300293	30.25764816685727	0.5241666666666667	0.37333333333333335
4	0.14838733673095703	30.499903528313887	0.5075	0.46
5	0.14760227998097739	30.07067396766261	0.525	0.4866666666666667
6	0.14574166706630162	29.676508953696803	0.5358333333333334	0.5133333333333333
7	0.1456896960735321	29.696265170448704	0.5333333333333333	0.48
8	0.14586591720581055	29.36043337771767	0.5291666666666667	0.46
9	0.1445533514022827	29.41387465125636	0.5391666666666667	0.4866666666666667
10	0.14441141215237704	29.17261354546798	0.5416666666666666	0.46
11	0.14439553022384644	28.883827711406507	0.5533333333333333	0.41333333333333333
12	0.14364057320814866	28.8993276294909	0.5375	0.5066666666666667
13	0.14398171220506942	28.556385291250127	0.5541666666666667	0.52
14	0.1438386122385661	28.32854185606304	0.5583333333333333	0.44
15	0.14318256080150604	28.725896785133763	0.5416666666666666	0.5
16	0.14322132222792683	28.267045146540593	0.565	0.5
17	0.14344492223527697	27.94074394828395	0.5691666666666667	0.4866666666666667
18	0.1432056427001953	27.473204110798083	0.5641666666666667	0.48
19	0.14348180294036866	27.49632985968339	0.5766666666666667	0.5
20	0.14359702382768905	27.319359402907523	0.5725	0.5
21	0.14334236491810193	27.200418723256963	0.5841666666666666	0.47333333333333333
22	0.14341521263122559	27.027534359379818	0.5708333333333333	0.47333333333333333
23	0.1437144378821055	26.76777867267006	0.5808333333333333	0.4866666666666667
24	0.14359366416931152	26.731106858504447	0.5783333333333334	0.5133333333333333
25	0.1434624561896691	26.49727153778076	0.5758333333333333	0.4866666666666667
26	0.14420730096322518	26.242964970438106	0.5833333333333334	0.4666666666666667
27	0.14425783497946604	25.929251896707637	0.5858333333333333	0.49333333333333335
28	0.14406132698059082	25.921736340773734	0.5958333333333333	0.44666666666666666
29	0.14435231685638428	26.044531470850895	0.5866666666666667	0.47333333333333333
30	0.1442460783066288	25.7160207346866	0.5883333333333334	0.47333333333333333
31	0.1441037431359291	25.501523620203923	0.6016666666666667	0.48
32	0.14438043218670468	25.37424868031552	0.6008333333333333	0.44666666666666666
33	0.14426699806662166	25.38881909219842	0.5983333333333334	0.49333333333333335
-1	-1	-1	-1	-1
0	0.1827988624572754	33.203433187384356	0.4583333333333333	0.41333333333333333
1	0.16361868381500244	33.750758723208776	0.4091666666666667	0.3933333333333333
2	0.15537230173746744	32.01783832750822	0.4875	0.41333333333333333
3	0.15322518348693848	31.04792464406867	0.5125	0.38
4	0.1521000385284424	30.63641236957751	0.515	0.4266666666666667
5	0.15008282661437988	30.095822384482936	0.5183333333333333	0.4266666666666667
6	0.14945282254900252	29.963347209127324	0.5225	0.4
7	0.14994874596595764	29.674564261185495	0.5308333333333334	0.46
8	0.14896716011895073	29.784255906155234	0.5333333333333333	0.4266666666666667
9	0.1482555627822876	29.53175499564723	0.5316666666666666	0.4533333333333333
10	0.1487827951257879	29.48925239161441	0.5308333333333334	0.44666666666666666
11	0.14813363552093506	29.155616684963828	0.5383333333333333	0.42
12	0.1475834296299861	29.040811036762438	0.5475	0.4533333333333333
13	0.1478898525238037	29.060672935686615	0.5533333333333333	0.49333333333333335
14	0.14749274253845215	28.621747242776973	0.555	0.43333333333333335
15	0.14699171483516693	28.508122670023067	0.5475	0.4533333333333333
16	0.1472964847789091	28.795388974641497	0.5533333333333333	0.43333333333333335
17	0.14692729049258763	28.302376897711504	0.5575	0.4866666666666667
18	0.1465308666229248	27.97854649393182	0.565	0.46
19	0.14692724943161012	27.819781353599147	0.5641666666666667	0.46
20	0.14671804791405088	27.522352569981624	0.57	0.4533333333333333
21	0.14612552252682773	27.12497864271465	0.5725	0.44666666666666666
22	0.14633379811825958	27.274311341737445	0.565	0.4533333333333333
23	0.14593713482220969	26.909949654027034	0.5775	0.4666666666666667
24	0.1457678985595703	26.837834057055023	0.575	0.4666666666666667
25	0.14577568494356596	26.548591940026533	0.5916666666666667	0.44666666666666666
26	0.14531281259324816	26.503367775364925	0.5791666666666667	0.46
27	0.14527371951511928	26.587433363261976	0.58	0.44
28	0.145241877128338	26.399408691807796	0.5758333333333333	0.4666666666666667
29	0.14492249488830566	26.28094230200115	0.5833333333333334	0.4533333333333333
30	0.14496369515695878	26.298664444371273	0.5833333333333334	0.46
31	0.14494339376688004	26.18128907053094	0.5791666666666667	0.46
32	0.14459063790061258	25.94098357150429	0.59	0.4666666666666667
33	0.14463567032533534	26.112483024597168	0.5883333333333334	0.46
-1	-1	-1	-1	-1
0	0.17614245414733887	33.06429260655453	0.45916666666666667	0.41333333333333333
1	0.15839827060699463	33.642957637184544	0.4075	0.4533333333333333
2	0.15481416384379068	31.742698518853437	0.48583333333333334	0.54
3	0.15067780017852783	30.862250704514352	0.5075	0.5066666666666667
4	0.14856390953063964	30.24103109460128	0.5166666666666667	0.52
5	0.1477043628692627	30.158262077130768	0.5108333333333334	0.5066666666666667
6	0.14611891337803432	29.52493677641216	0.5316666666666666	0.46
7	0.1459336280822754	29.697973828566703	0.5266666666666666	0.5133333333333333
8	0.1457466549343533	29.457272278635127	0.5333333333333333	0.49333333333333335
9	0.1443763256072998	29.081014482598555	0.5408333333333334	0.52
10	0.14438293196938254	29.35790729522705	0.5375	0.5066666666666667
11	0.1444209416707357	28.89490476407503	0.5366666666666666	0.52
12	0.14345919168912447	28.87812762511404	0.5425	0.5133333333333333
13	0.14354101249149867	28.393357101239655	0.5475	0.5333333333333333
14	0.14387906392415364	28.375939569975202	0.5591666666666667	0.5
15	0.14317446947097778	28.54121388887104	0.54	0.5266666666666666
16	0.14319537667667165	28.25893921601145	0.5583333333333333	0.5333333333333333
17	0.1433711979124281	27.60079459140175	0.5525	0.5266666666666666
18	0.1428685690227308	27.76054522865697	0.5675	0.5266666666666666
19	0.142886483669281	27.29854947642276	0.5641666666666667	0.5133333333333333
20	0.14293889772324336	27.103594503904645	0.5633333333333334	0.5266666666666666
21	0.14258006486025723	27.150346153660823	0.5683333333333334	0.54
22	0.14266424593718155	26.948839338202227	0.58	0.5466666666666666
23	0.14271366596221924	27.94073651966296	0.5475	0.5333333333333333
24	0.14240730285644532	27.226052811271266	0.5725	0.5466666666666666
25	0.14252094122079703	26.87886677290264	0.5775	0.54
26	0.14273299994292082	26.47505117717542	0.5825	0.5533333333333333
27	0.14250606298446655	26.45158140282882	0.575	0.5266666666666666
28	0.14265695933637948	26.021789023750706	0.5891666666666666	0.5333333333333333
29	0.14289247194925944	25.944670401121442	0.5941666666666666	0.5333333333333333
30	0.14289276061519499	25.827485912724544	0.5983333333333334	0.52
31	0.14279621839523315	25.691582202911377	0.6033333333333334	0.54
32	0.1430640292890144	25.871375359986956	0.5908333333333333	0.5333333333333333
33	0.14279241421643427	25.354430926473515	0.6025	0.54
34	0.14274955477033344	25.538324607046025	0.595	0.54
35	0.1427750653690762	25.429009010917262	0.6058333333333333	0.5466666666666666
36	0.14335545333656105	25.103099145387347	0.6075	0.5533333333333333
37	0.1434359864184731	25.258878833369206	0.6066666666666667	0.5466666666666666
38	0.1434634282038762	25.178283214569092	0.6033333333333334	0.5333333333333333
39	0.1435513377189636	25.022953761251348	0.6075	0.5266666666666666
40	0.14338559057654404	24.90118418241802	0.6058333333333333	0.5466666666666666
41	0.14336595648810976	24.848338327909772	0.6075	0.5333333333333333
42	0.14351933501487554	24.774064917313424	0.6091666666666666	0.54
43	0.14349597150629217	24.53781479283383	0.6191666666666666	0.54
44	0.1434196631113688	24.499010738573578	0.6158333333333333	0.54
45	0.14361317779706873	24.42837740245618	0.6175	0.54
46	0.14360458800133238	24.407757156773616	0.615	0.5266666666666666
-1	-1	-1	-1	-1
0	0.18279051780700684	33.78294106533653	0.42916666666666664	0.3933333333333333
1	0.16382110118865967	33.36219551688746	0.46416666666666667	0.44
2	0.16019646326700845	30.91552568736829	0.5125	0.43333333333333335
3	0.1556815505027771	29.99736630289178	0.5283333333333333	0.4066666666666667
4	0.15353217124938964	30.51267375444111	0.5216666666666666	0.4533333333333333
5	0.15333688259124756	30.04358384483739	0.54	0.46
6	0.15173976761954172	29.31886306561922	0.5433333333333333	0.49333333333333335
7	0.1511094868183136	29.235220356991416	0.5341666666666667	0.48
8	0.15130008591545951	29.310687265898054	0.5416666666666666	0.47333333333333333
9	0.15021970272064208	29.639307022094727	0.545	0.4533333333333333
10	0.14948979291048917	29.24387382206164	0.5366666666666666	0.46
11	0.149379829565684	28.8891366155524	0.5375	0.4533333333333333
12	0.14827159734872672	28.69198585811414	0.5575	0.44
13	0.1481492349079677	28.668659210205078	0.55	0.44
14	0.1480611801147461	28.058283705460397	0.5641666666666667	0.44666666666666666
15	0.14751672744750977	28.226470570815238	0.5583333333333333	0.44666666666666666
16	0.1474576697630041	28.35624122619629	0.5525	0.46
17	0.14757104714711508	27.743856354763633	0.5658333333333333	0.46
18	0.14712506846377724	27.509551675696123	0.5725	0.4533333333333333
19	0.14697052240371705	27.303789741114567	0.5775	0.43333333333333335
20	0.14709052585420154	27.289758456380742	0.5666666666666667	0.44
21	0.14656010541048917	27.107909403349225	0.5841666666666666	0.44666666666666666
22	0.14648286156032397	27.077881135438616	0.575	0.44666666666666666
23	0.1464546819527944	27.00936854513068	0.58	0.44666666666666666
24	0.14603519439697266	26.658966390710127	0.5883333333333334	0.4666666666666667
25	0.14621391663184533	26.797672271728516	0.5908333333333333	0.44
26	0.146169971536707	26.59996607429103	0.5875	0.44666666666666666
27	0.14583981037139893	26.363630495573346	0.5866666666666667	0.46
28	0.14590086608097472	26.204419487401058	0.5958333333333333	0.4666666666666667
29	0.1459656238555908	25.961155941611842	0.5991666666666666	0.4533333333333333
-1	-1	-1	-1	-1
0	0.15842485427856445	32.86200061597322	0.4625	0.38666666666666666
1	0.14839351177215576	33.30625127491198	0.41583333333333333	0.42
2	0.1460148493448893	31.862050483101292	0.49416666666666664	0.42
3	0.1424086093902588	30.701870115179766	0.5108333333333334	0.41333333333333333
4	0.1421384334564209	30.280518331025775	0.515	0.4066666666666667
5	0.142175555229187	30.24084352192126	0.5133333333333333	0.41333333333333333
6	0.1411147117614746	29.791404222187243	0.5166666666666667	0.43333333333333335
7	0.1416134536266327	30.052447770771227	0.5183333333333333	0.4266666666666667
8	0.1418306032816569	29.749186214647796	0.5225	0.4066666666666667
9	0.1410893440246582	29.730656824613874	0.5258333333333334	0.42
10	0.14194029027765448	29.70677375793457	0.5433333333333333	0.4533333333333333
11	0.1427703102429708	29.27901416075857	0.5316666666666666	0.44
12	0.14246590320880598	29.090237366525752	0.5433333333333333	0.44666666666666666
13	0.1424835750034877	28.873265040548223	0.5475	0.44666666666666666
14	0.14337089856465657	28.569516834459808	0.5533333333333333	0.4533333333333333
15	0.1435098797082901	28.350463315060264	0.5541666666666667	0.44666666666666666
16	0.14311961566700654	28.544880264683773	0.5408333333333334	0.4266666666666667
17	0.1435274150636461	28.077734344883968	0.565	0.4266666666666667
18	0.1431997575257954	28.057328173988743	0.5575	0.4266666666666667
19	0.14344630241394044	28.100148552342464	0.5658333333333333	0.44
20	0.14371042024521602	27.560526948226126	0.5683333333333334	0.4666666666666667
21	0.14343109997836026	27.64963001953928	0.5725	0.42
22	0.14322257041931152	27.27680138537758	0.5758333333333333	0.43333333333333335
23	0.1435670256614685	27.1218540793971	0.59	0.42
24	0.14324865341186524	27.21516850120143	0.5775	0.44666666666666666
25	0.14330421044276312	27.42875503238879	0.57	0.42
26	0.1434527149906865	26.771670793232165	0.5883333333333334	0.44
27	0.14340862206050328	26.702251660196406	0.5825	0.43333333333333335
28	0.14352324913287984	26.480708172446803	0.5866666666666667	0.42
29	0.14378864765167237	26.313853615208675	0.5841666666666666	0.4266666666666667
30	0.14369583129882812	26.339598254153604	0.5925	0.41333333333333333
31	0.1435873955488205	26.437480675546748	0.5833333333333334	0.4066666666666667
32	0.14392490820451218	26.069604948947305	0.5966666666666667	0.4266666666666667
33	0.14378179522121654	25.917636595274274	0.5916666666666667	0.3933333333333333
34	0.1436645644051688	25.810862014168187	0.5975	0.44666666666666666
35	0.14391865332921347	25.8726789825841	0.5858333333333333	0.44
36	0.1437856506656956	25.718079265795257	0.5966666666666667	0.41333333333333333
37	0.14372269730818898	25.47559208618967	0.5991666666666666	0.43333333333333335
38	0.14394166530706945	25.309562432138545	0.6041666666666666	0.41333333333333333
39	0.1438189446926117	25.257791243101423	0.6008333333333333	0.41333333333333333
40	0.14376215236942944	24.965546055843955	0.605	0.41333333333333333
-1	-1	-1	-1	-1
0	0.17216086387634277	33.391151327835885	0.4325	0.4266666666666667
1	0.15616953372955322	33.67240356144152	0.4141666666666667	0.49333333333333335
2	0.15311257044474283	31.801363844620553	0.4625	0.5466666666666666
3	0.1493355631828308	31.06601027438515	0.4891666666666667	0.5933333333333334
4	0.14902276992797853	30.677886862503854	0.49416666666666664	0.5733333333333334
5	0.14857645829518637	30.965062442578766	0.49083333333333334	0.62
6	0.14728406497410365	30.62720715372186	0.49833333333333335	0.5666666666666667
7	0.1473546028137207	30.256519418013724	0.5066666666666667	0.6066666666666667
8	0.14751558833652073	29.77920251143606	0.5208333333333334	0.6
9	0.14670331478118898	30.169545876352412	0.5158333333333334	0.58
10	0.14623778516596014	29.864608011747663	0.5083333333333333	0.6133333333333333
11	0.14673084020614624	29.876414625268232	0.5166666666666667	0.6
12	0.14615104748652533	29.288945900766475	0.5283333333333333	0.5733333333333334
13	0.14602891036442348	29.591261386871338	0.5158333333333334	0.62
14	0.14648494720458985	29.299228643116198	0.525	0.5266666666666666
15	0.1460893154144287	29.138261895430716	0.5325	0.58
16	0.14574353835161993	28.926800175717002	0.5333333333333333	0.5733333333333334
17	0.14629371960957846	28.655922889709473	0.5375	0.6066666666666667
18	0.14608535013700785	28.419045398109837	0.5458333333333333	0.5933333333333334
19	0.14581464529037474	28.653224694101436	0.5375	0.5933333333333334
20	0.1462900752112979	28.16433284157201	0.5466666666666666	0.6066666666666667
21	0.14596783031116833	27.983362850389984	0.555	0.6133333333333333
22	0.14570583467898163	27.91888387579667	0.5558333333333333	0.6066666666666667
23	0.1460247536500295	28.007380485534668	0.55	0.5933333333333334
24	0.14578814506530763	27.724318579623574	0.5533333333333333	0.5466666666666666
25	0.14556204355680025	27.66672927454898	0.555	0.5733333333333334
26	0.14590976856372975	27.58112285011693	0.5566666666666666	0.56
27	0.14567198072160994	27.43014373277363	0.5683333333333334	0.5666666666666667
28	0.14547287184616614	27.216974534486468	0.5491666666666667	0.58
29	0.14585037231445314	26.969146527742083	0.57	0.6
-1	-1	-1	-1	-1
0	0.1587076187133789	33.77419727726986	0.4266666666666667	0.3933333333333333
1	0.15142571926116943	33.48036379563181	0.4216666666666667	0.5
2	0.15046262741088867	31.144367393694427	0.4741666666666667	0.54
3	0.1471068263053894	30.607614441921836	0.49833333333333335	0.5133333333333333
4	0.14700255393981934	30.735130912379216	0.51	0.5533333333333333
5	0.1468918720881144	29.97731728302805	0.5183333333333333	0.5333333333333333
6	0.14541918890816824	29.778405641254626	0.505	0.52
7	0.14624348282814026	29.452852801272744	0.5208333333333334	0.5333333333333333
8	0.1464693546295166	29.73482066706607	0.5125	0.5466666666666666
9	0.14557645320892335	28.98695363496479	0.515	0.5266666666666666
10	0.14545900171453302	29.495822153593366	0.5183333333333333	0.54
11	0.1459877093633016	29.225993808947113	0.52	0.5066666666666667
12	0.14561108442453238	28.828745089079206	0.5383333333333333	0.5266666666666666
13	0.1451754399708339	29.187585203271162	0.5383333333333333	0.5466666666666666
14	0.14587448438008627	28.705419440018503	0.5358333333333334	0.56
15	0.14576756954193115	28.105638629511784	0.5558333333333333	0.5466666666666666
16	0.14562599799212286	28.14278574993736	0.5508333333333333	0.5066666666666667
17	0.146163543065389	28.045492799658525	0.5525	0.5266666666666666
18	0.14576655940005653	27.78114188344855	0.555	0.52
19	0.14553359746932984	27.934187336971885	0.5491666666666667	0.54
20	0.1460963771456764	27.348255182567396	0.565	0.5266666666666666
21	0.14617318456823175	27.112541550084163	0.5725	0.5266666666666666
22	0.14600471828294836	27.111230599252803	0.5641666666666667	0.5466666666666666
23	0.14638893802960715	26.823883709154632	0.5691666666666667	0.52
24	0.14607253074645996	26.785807233107718	0.5716666666666667	0.54
25	0.14582357039818397	26.579531242972926	0.5758333333333333	0.5466666666666666
26	0.1461641788482666	26.948214706621673	0.5658333333333333	0.5266666666666666
27	0.1458932672228132	26.498548557883815	0.5816666666666667	0.5333333333333333
28	0.14571736598836965	26.274640434666683	0.5725	0.5333333333333333
29	0.1461311419804891	26.079817621331465	0.5841666666666666	0.5533333333333333
30	0.14590047251793645	26.12894354368511	0.5858333333333333	0.52
31	0.14568223804235458	25.988469324613874	0.5716666666666667	0.5533333333333333
32	0.1459470878947865	25.779700756072998	0.5908333333333333	0.5466666666666666
33	0.14592820756575642	25.782208693654912	0.5825	0.5533333333333333
34	0.14583752495901925	25.676461019014056	0.5875	0.5466666666666666
-1	-1	-1	-1	-1
0	0.17759370803833008	33.77436138454237	0.425	0.35333333333333333
1	0.16024208068847656	33.51986985457571	0.43166666666666664	0.4066666666666667
2	0.1584941546122233	31.996376338757965	0.465	0.5533333333333333
3	0.15490543842315674	31.144459674232884	0.4708333333333333	0.52
4	0.15183734893798828	30.743064554114092	0.49666666666666665	0.5466666666666666
5	0.15181867281595865	30.507655369608027	0.5108333333333334	0.54
6	0.15025319371904647	30.197903532730905	0.5083333333333333	0.5266666666666666
7	0.14907905459403992	30.142971892105905	0.5116666666666667	0.5533333333333333
8	0.14953231811523438	29.87234075445878	0.5233333333333333	0.58
9	0.14864792823791503	29.599890181892796	0.5283333333333333	0.52
10	0.1478194540197199	29.495476321170205	0.52	0.54
11	0.14823134740193686	29.892425963753148	0.5283333333333333	0.5533333333333333
12	0.14763885277968186	29.211019741861445	0.5333333333333333	0.58
13	0.14706364699772426	28.870446330622624	0.5408333333333334	0.54
14	0.14743979771931967	28.79850623482152	0.5383333333333333	0.5733333333333334
15	0.14723804593086243	28.44280807595504	0.5366666666666666	0.5466666666666666
16	0.14678851295919979	28.265478836862666	0.5433333333333333	0.5266666666666666
17	0.14716006649865043	28.41016081759804	0.5525	0.5466666666666666
18	0.14692674185100355	27.914000636652897	0.555	0.54
19	0.1468490719795227	27.797341447127494	0.5475	0.5533333333333333
20	0.14718925385248094	27.526441724676836	0.5608333333333333	0.5733333333333334
21	0.1468056548725475	27.20609514336837	0.5641666666666667	0.5866666666666667
22	0.14629921705826468	27.195930004119873	0.5683333333333334	0.5333333333333333
23	0.14633119106292725	27.236495770906146	0.5616666666666666	0.5533333333333333
24	0.1458117389678955	26.683927887364437	0.58	0.5666666666666667
25	0.14585144703204816	26.634676832901803	0.5775	0.5466666666666666
26	0.14577400242840802	26.32950180455258	0.5741666666666667	0.5666666666666667
27	0.14535867316382273	26.414150940744502	0.58	0.56
28	0.14534903394764867	25.92676426234998	0.5925	0.56
29	0.1453057845433553	25.881185657099675	0.5866666666666667	0.5533333333333333
30	0.14490560562379898	26.176612326973363	0.5841666666666666	0.5533333333333333
31	0.14500833302736282	25.47867024572272	0.5983333333333334	0.54
32	0.14485735604257294	25.54010177913465	0.5958333333333333	0.5466666666666666
33	0.1445381711511051	25.55537966678017	0.5933333333333334	0.5533333333333333
34	0.1445249012538365	25.101380047045257	0.6008333333333333	0.5533333333333333
35	0.14456788036558363	24.990715152338932	0.6016666666666667	0.56
36	0.14424855000263936	25.21560771841752	0.5958333333333333	0.5533333333333333
37	0.14424772011606316	24.77415172677291	0.6133333333333333	0.5533333333333333
38	0.1442234821808644	24.63411381370143	0.6066666666666667	0.5533333333333333
39	0.14393978118896483	24.51939838810971	0.6075	0.5466666666666666
40	0.14397871785047578	24.567286918037816	0.6033333333333334	0.5533333333333333
41	0.14404292901357016	24.42607603575054	0.6133333333333333	0.5533333333333333
-1	-1	-1	-1	-1
0	0.16560888290405273	32.306128100345006	0.4691666666666667	0.38
1	0.15490782260894775	33.13221346704584	0.46416666666666667	0.49333333333333335
2	0.15057134628295898	31.16341771577534	0.4841666666666667	0.5266666666666666
3	0.14664459228515625	30.59377956390381	0.5191666666666667	0.5066666666666667
4	0.14619770050048828	30.159463907542982	0.5158333333333334	0.5066666666666667
5	0.14569286505381265	30.202465534210205	0.5116666666666667	0.5533333333333333
6	0.14410533223833358	29.930080438915052	0.5308333333333334	0.5066666666666667
7	0.14466434717178345	29.62797192523354	0.5341666666666667	0.5133333333333333
8	0.14532393879360622	29.724013880679482	0.5358333333333334	0.5333333333333333
9	0.1449638843536377	29.750825354927464	0.525	0.5266666666666666
10	0.14435696601867676	29.69027052427593	0.5358333333333334	0.5533333333333333
11	0.14497065544128418	29.257625880994294	0.5366666666666666	0.5066666666666667
12	0.14407432996309721	28.900686163651315	0.5458333333333333	0.5066666666666667
13	0.1436795677457537	29.189693551314505	0.5283333333333333	0.52
14	0.14405237833658854	28.783852527016087	0.5541666666666667	0.5133333333333333
15	0.14370128512382507	28.58920569168894	0.5483333333333333	0.5666666666666667
16	0.1435547576231115	28.3812578602841	0.5475	0.5466666666666666
17	0.1440847847196791	27.891655118841875	0.5591666666666667	0.5466666666666666
18	0.14375656529476769	27.905920380040218	0.5616666666666666	0.5533333333333333
19	0.14349178075790406	27.546835698579486	0.5575	0.5266666666666666
20	0.14392008100237166	27.435897300117894	0.5683333333333334	0.5666666666666667
21	0.1436851674860174	27.40376803749486	0.5716666666666667	0.5
22	0.14354953558548636	27.30117308466058	0.5708333333333333	0.52
23	0.14389689763387045	27.21058800345973	0.5633333333333334	0.54
24	0.143921480178833	26.885578908418353	0.5725	0.5533333333333333
25	0.14386732761676496	26.62969862787347	0.5858333333333333	0.5266666666666666
26	0.14434615770975748	26.500596046447754	0.58	0.5533333333333333
27	0.14447582619530813	26.554319883647718	0.5691666666666667	0.49333333333333335
28	0.14441575675175108	27.540518961454694	0.565	0.52
29	0.1448215961456299	26.94051536760832	0.5783333333333334	0.5466666666666666
30	0.14490429047615297	26.35120775825099	0.5833333333333334	0.5466666666666666
31	0.14481350034475327	25.955849647521973	0.5941666666666666	0.5133333333333333
32	0.14516483653675427	25.772238003580195	0.6008333333333333	0.52
33	0.14512647600734935	25.62798053339908	0.5975	0.5466666666666666
34	0.1449709142957415	25.47626987256502	0.595	0.5266666666666666
35	0.14524134662416247	25.371737304486725	0.5958333333333333	0.5333333333333333
-1	-1	-1	-1	-1
0	0.16498494148254395	32.46369914004677	0.46416666666666667	0.44666666666666666
1	0.1560378074645996	33.04525817067999	0.4766666666666667	0.41333333333333333
2	0.1542361577351888	31.301258087158203	0.5008333333333334	0.4666666666666667
3	0.15038126707077026	30.75575549978959	0.5208333333333334	0.47333333333333333
4	0.1469637393951416	30.579506221570465	0.5141666666666667	0.4266666666666667
5	0.1470253864924113	29.79642260702033	0.53	0.42
6	0.14639854431152344	29.873262054041813	0.52	0.48
7	0.14460238814353943	29.48407662542243	0.5266666666666666	0.42
8	0.1442830827501085	29.33811496433459	0.5358333333333334	0.44
9	0.1440373659133911	28.94197285802741	0.5458333333333333	0.43333333333333335
10	0.14287773045626553	28.760228458203766	0.535	0.4533333333333333
11	0.14278489351272583	29.266800654561894	0.5358333333333334	0.41333333333333333
12	0.1467881936293382	29.18163417515002	0.5266666666666666	0.4666666666666667
13	0.14671921730041504	28.640243329499896	0.5383333333333333	0.47333333333333333
14	0.14604105949401855	28.37413085134406	0.5508333333333333	0.4866666666666667
15	0.14619240164756775	28.567584539714613	0.5458333333333333	0.4666666666666667
16	0.14629455173716827	28.177867312180368	0.5608333333333333	0.46
17	0.1457554499308268	28.15336322784424	0.5483333333333333	0.4533333333333333
18	0.14566873249254728	28.306068420410156	0.5525	0.44666666666666666
19	0.14562066793441772	27.89920395299008	0.5591666666666667	0.43333333333333335
20	0.1451125599089123	27.829436352378444	0.5533333333333333	0.47333333333333333
21	0.14521684429862283	27.454763588152435	0.5575	0.48
22	0.145191358483356	27.131790387003047	0.5675	0.48
23	0.14475627740224203	26.97571393063194	0.575	0.49333333333333335
24	0.14494332313537597	26.83576606449328	0.5716666666666667	0.48
25	0.14474548743321344	26.733331780684622	0.5675	0.5
26	0.14427394337124294	26.81847065373471	0.5725	0.52
27	0.14439874035971506	26.624939516970986	0.5741666666666667	0.48
28	0.14454422325923524	26.334743650336016	0.5783333333333334	0.5066666666666667
29	0.14428484439849854	26.24262890062834	0.5766666666666667	0.49333333333333335
30	0.14416828463154455	25.982424485056026	0.5941666666666666	0.5066666666666667
31	0.14431345462799072	26.02235894454153	0.5891666666666666	0.4866666666666667
32	0.14427823008912982	25.76896639874107	0.5925	0.5
33	0.14410360420451446	25.834182162033883	0.59	0.5
34	0.14441838945661273	25.64782526618556	0.5916666666666667	0.49333333333333335
35	0.14416982730229697	25.457885942961042	0.595	0.4866666666666667
36	0.1438657721957645	25.37920635624936	0.5966666666666667	0.49333333333333335
37	0.144021611464651	25.311139884747956	0.5966666666666667	0.48
38	0.14375846202556902	25.24851663489091	0.6016666666666667	0.5
39	0.1437116801738739	24.929253954636422	0.6	0.49333333333333335
40	0.14377360227631358	24.803152084350586	0.6066666666666667	0.49333333333333335
41	0.14354482151213147	24.703407764434814	0.6091666666666666	0.48
42	0.14354255587555642	24.733169204310368	0.6091666666666666	0.48
43	0.14355256882580844	24.711531187358656	0.6033333333333334	0.4866666666666667
44	0.14335043165418837	24.665084612996953	0.615	0.4866666666666667
45	0.14339389490044635	24.487505636717145	0.6191666666666666	0.47333333333333333
46	0.14329491777622955	24.48084477374428	0.6108333333333333	0.46
-1	-1	-1	-1	-1
0	0.1694331169128418	33.281687109093916	0.44583333333333336	0.4533333333333333
1	0.15666961669921875	33.60907760419344	0.4175	0.48
2	0.1519303321838379	31.77778740933067	0.45666666666666667	0.44666666666666666
3	0.14789342880249023	30.92107391357422	0.5091666666666667	0.5066666666666667
4	0.1469346523284912	30.370643691012734	0.5183333333333333	0.5266666666666666
5	0.14674460887908936	30.118112288023298	0.5283333333333333	0.5133333333333333
6	0.1445732797895159	29.868074467307643	0.5391666666666667	0.5066666666666667
7	0.14464139938354492	29.85608434677124	0.5191666666666667	0.48
8	0.14427214198642307	29.39312340083875	0.5266666666666666	0.5666666666666667
9	0.14356882572174073	29.389865122343366	0.5091666666666667	0.43333333333333335
10	0.14384852756153454	29.299989298770303	0.5366666666666666	0.4866666666666667
11	0.14404964447021484	29.312285071925114	0.5225	0.4866666666666667
12	0.1434167715219351	29.0412900322362	0.5433333333333333	0.4533333333333333
13	0.14362801824297225	28.534982480500872	0.5533333333333333	0.5133333333333333
14	0.14379138946533204	28.312744768042315	0.5575	0.5266666666666666
15	0.14343324303627014	28.13310987070987	0.5641666666666667	0.48
16	0.14369674289927764	28.30694401891608	0.5483333333333333	0.48
17	0.14381380875905356	27.917180764047725	0.5658333333333333	0.5266666666666666
18	0.14328609014812269	28.128203969252738	0.5633333333333334	0.5333333333333333
19	0.143332040309906	29.062521307091963	0.5483333333333333	0.5333333333333333
20	0.14342010588873	27.84464078200491	0.5616666666666666	0.48
21	0.1429794810035012	27.63138730902421	0.5666666666666667	0.4866666666666667
22	0.14314114529153574	27.419666591443512	0.5558333333333333	0.5066666666666667
23	0.14323764046033224	27.32253054568642	0.5766666666666667	0.5133333333333333
24	0.14291478157043458	27.07806454206768	0.5791666666666667	0.47333333333333333
25	0.1431580323439378	27.036530645270098	0.5783333333333334	0.47333333333333333
26	0.14326817901046188	27.06484950216193	0.5791666666666667	0.5133333333333333
27	0.14304803950445993	26.6585928766351	0.5775	0.5066666666666667
28	0.14326735200553103	26.612781374078047	0.575	0.49333333333333335
29	0.14343108336130778	26.2714816896539	0.5866666666666667	0.49333333333333335
-1	-1	-1	-1	-1
0	0.16241049766540527	33.41877902181525	0.43666666666666665	0.41333333333333333
1	0.1552809476852417	33.65894774386757	0.41	0.41333333333333333
2	0.15240653355916342	31.5831655201159	0.4816666666666667	0.49333333333333335
3	0.1489415168762207	30.827361658999795	0.5041666666666667	0.47333333333333333
4	0.14708914756774902	30.733741659867135	0.5116666666666667	0.4666666666666667
5	0.14751275380452475	30.288812185588636	0.5008333333333334	0.46
6	0.14596925462995256	30.26143611104865	0.5041666666666667	0.4666666666666667
7	0.14615917205810547	29.877215937564248	0.5166666666666667	0.4266666666666667
8	0.14646834797329372	29.708671017696982	0.52	0.46
9	0.14557242393493652	29.47516908143696	0.5241666666666667	0.47333333333333333
10	0.14541751688176935	28.92274163898669	0.5291666666666667	0.46
11	0.14553632338841757	29.024252841347142	0.5325	0.48
12	0.14469265937805176	28.762958426224557	0.5466666666666666	0.47333333333333333
13	0.14485618046351842	28.59285148821379	0.54	0.4533333333333333
14	0.14497143427530926	28.544983512476872	0.5525	0.4666666666666667
15	0.14452272653579712	28.33678042261224	0.5516666666666666	0.5
16	0.1448519650627585	28.28699187228554	0.5441666666666667	0.4533333333333333
17	0.1448879771762424	28.12011186700118	0.555	0.46
18	0.1443493366241455	27.684013943923148	0.5658333333333333	0.47333333333333333
19	0.14462149143218994	27.864239642494603	0.555	0.47333333333333333
20	0.14440661384945824	27.568817163768568	0.5716666666666667	0.5
21	0.14397900754755194	27.113680638765032	0.5775	0.46
22	0.14406376299650772	27.06710393805253	0.5733333333333334	0.46
23	0.14423327644666037	27.000707074215537	0.5775	0.4866666666666667
24	0.1438685417175293	27.01155642459267	0.5733333333333334	0.4533333333333333
25	0.14397804553692156	26.8083270725451	0.5791666666666667	0.52
26	0.14399474638479728	26.872282781099017	0.5725	0.5066666666666667
27	0.1436756423541478	26.734244346618652	0.5791666666666667	0.47333333333333333
28	0.1438511486711173	26.562844125848066	0.5866666666666667	0.4666666666666667
29	0.14382387002309163	26.684408338446367	0.5708333333333333	0.46
30	0.14354034393064438	26.777709208036725	0.5833333333333334	0.4666666666666667
31	0.14360929280519485	26.051524588936253	0.5916666666666667	0.47333333333333333
32	0.1436994509263472	26.006579148141963	0.585	0.47333333333333333
33	0.14346488083110137	25.771662862677324	0.5858333333333333	0.49333333333333335
34	0.14351184027535574	25.637612744381553	0.6008333333333333	0.4666666666666667
35	0.14363037215338814	25.58562263689543	0.595	0.46
36	0.14347025510427114	25.54547801770662	0.5925	0.4666666666666667
37	0.1434195167139957	25.371968294444837	0.6016666666666667	0.48
38	0.14348881672590208	25.136865214297647	0.605	0.44666666666666666
39	0.14340526461601258	25.096299196544447	0.6108333333333333	0.4866666666666667
40	0.1434307098388672	25.122350291201943	0.6041666666666666	0.4533333333333333
41	0.14351832299005418	24.982938716286107	0.6075	0.46
42	0.1434342583944631	24.936013171547337	0.6058333333333333	0.47333333333333333
43	0.143527475270358	24.833279810453718	0.6108333333333333	0.46
44	0.14356082810295953	24.775799876765202	0.6091666666666666	0.44666666666666666
45	0.14344585460165274	24.77129552238866	0.6083333333333333	0.4533333333333333
-1	-1	-1	-1	-1
0	0.1705327033996582	32.867384007102565	0.4483333333333333	0.46
1	0.15931999683380127	33.17379211124621	0.41333333333333333	0.49333333333333335
2	0.15193398793538412	31.715870505885075	0.49833333333333335	0.49333333333333335
3	0.15177130699157715	30.915222720095986	0.5033333333333333	0.48
4	0.14991002082824706	30.269660397579795	0.5075	0.5266666666666666
5	0.1480114459991455	29.91093715868498	0.5308333333333334	0.52
6	0.14823954445975168	29.776684710853978	0.5233333333333333	0.5333333333333333
7	0.14692693948745728	30.380502600418893	0.5041666666666667	0.5066666666666667
8	0.14626847373114693	29.68072805906597	0.5191666666666667	0.4866666666666667
9	0.14643325805664062	29.654210492184287	0.5258333333333334	0.5133333333333333
10	0.14509458975358444	29.26880138798764	0.5291666666666667	0.5
11	0.1449726422627767	29.41726779937744	0.5275	0.5533333333333333
12	0.1448062383211576	28.925007167615387	0.5341666666666667	0.52
13	0.14391536372048513	28.488769982990465	0.5433333333333333	0.5066666666666667
14	0.14434431393941244	28.451250553131104	0.55	0.5533333333333333
15	0.1444893330335617	28.230632480822113	0.5533333333333333	0.5066666666666667
16	0.14395488009733312	27.945674971530313	0.5491666666666667	0.49333333333333335
17	0.14432341522640652	27.700319691708213	0.5625	0.48
18	0.1443883117876555	27.93905290804411	0.5525	0.52
19	0.14394738674163818	27.49903985073692	0.5641666666666667	0.5466666666666666
20	0.14417545000712076	27.2524861285561	0.575	0.54
21	0.14431271769783713	27.126550423471553	0.5616666666666666	0.5266666666666666
22	0.14377186609351117	27.38422451521221	0.5616666666666666	0.52
23	0.14401538173357645	26.94184970855713	0.5658333333333333	0.5266666666666666
24	0.14395259857177733	26.610967585915013	0.5875	0.52
25	0.1437887320151696	26.485584986837285	0.5866666666666667	0.5
26	0.1440378118444372	26.393727854678506	0.5875	0.5066666666666667
27	0.1443768995148795	26.272129711351898	0.5858333333333333	0.49333333333333335
28	0.14405328651954388	26.056841975764225	0.5891666666666666	0.5133333333333333
29	0.1440554936726888	25.90424622987446	0.605	0.5
30	0.14427484235455912	25.69993741888749	0.5941666666666666	0.52
31	0.1439746916294098	25.661630429719622	0.5908333333333333	0.5266666666666666
-1	-1	-1	-1	-1
0	0.17818951606750488	32.956935154764274	0.44666666666666666	0.4066666666666667
1	0.16177093982696533	33.72083167025917	0.42083333333333334	0.4066666666666667
2	0.15374374389648438	31.304615372105648	0.5041666666666667	0.4533333333333333
3	0.15228432416915894	30.385357655976946	0.5191666666666667	0.43333333333333335
4	0.1510136604309082	29.95607772626375	0.5233333333333333	0.4533333333333333
5	0.14891111850738525	29.76145520963167	0.535	0.4866666666666667
6	0.1485480240413121	29.613358447426243	0.53	0.47333333333333333
7	0.14817562699317932	29.946394343125192	0.5316666666666666	0.47333333333333333
8	0.1469046009911431	29.60720769982589	0.5425	0.48
9	0.14711375236511232	29.172094294899388	0.5475	0.49333333333333335
10	0.1472923538901589	28.860595176094456	0.5558333333333333	0.46
11	0.1463563640912374	28.6530637239155	0.5525	0.47333333333333333
12	0.14655406658466047	28.054226624338252	0.565	0.46
13	0.14661640780312674	27.861177118201006	0.5625	0.47333333333333333
14	0.1458094278971354	27.951627932096784	0.5666666666666667	0.4666666666666667
15	0.14556828141212463	27.604778641148616	0.5616666666666666	0.43333333333333335
16	0.14552690001095042	27.60516495453684	0.5616666666666666	0.4666666666666667
17	0.14506374465094674	27.090043695349443	0.5766666666666667	0.4666666666666667
18	0.14528955911335192	27.9657261497096	0.5666666666666667	0.43333333333333335
19	0.14556962251663208	26.86847079427619	0.5833333333333334	0.4533333333333333
20	0.14518450555347262	26.56394132814909	0.5816666666666667	0.44
21	0.14524287527257745	26.639932381479365	0.5833333333333334	0.46
22	0.14545134876085364	26.13122837167037	0.5983333333333334	0.44
23	0.14513703187306723	26.657511535443756	0.5833333333333334	0.44
24	0.145192928314209	26.46990818726389	0.5916666666666667	0.4533333333333333
25	0.14547188465411848	26.33618540512888	0.5875	0.4266666666666667
26	0.1451849584226255	25.997428944236354	0.5983333333333334	0.4266666666666667
27	0.14525318997246878	25.675142639561702	0.6025	0.4533333333333333
28	0.145434544004243	25.446737891749333	0.6041666666666666	0.44
29	0.14518771966298422	25.39571794710661	0.5983333333333334	0.46
-1	-1	-1	-1	-1
0	0.1765151023864746	33.582255815204825	0.43	0.4266666666666667
1	0.16013455390930176	33.539384841918945	0.485	0.4266666666666667
2	0.15218377113342285	31.228562606008428	0.5058333333333334	0.4266666666666667
3	0.15211445093154907	30.335023729424726	0.5116666666666667	0.43333333333333335
4	0.1499635696411133	30.283494899147435	0.5191666666666667	0.43333333333333335
5	0.14790892601013184	30.41784371827778	0.49416666666666664	0.42
6	0.14835728917803084	29.831372612401058	0.5275	0.4533333333333333
7	0.14739656448364258	29.508130324514287	0.5375	0.44
8	0.14650305112202963	29.31499227724577	0.53	0.43333333333333335
9	0.14705426692962648	29.060147963072126	0.5433333333333333	0.42
10	0.14609061587940564	28.573369427731162	0.5641666666666667	0.4266666666666667
11	0.1457627813021342	28.807284204583418	0.5558333333333333	0.44666666666666666
12	0.14563767726604754	28.58320557443719	0.5658333333333333	0.44
13	0.1449610846383231	28.798053013650996	0.5341666666666667	0.42
14	0.14482514063517252	28.21468744779888	0.5591666666666667	0.44
15	0.14472337067127228	27.855340204740827	0.5741666666666667	0.44666666666666666
16	0.14397302795858943	27.515994122153835	0.5766666666666667	0.4666666666666667
17	0.14429492420620388	27.301037236263877	0.5775	0.41333333333333333
18	0.14436554908752441	27.133435425005462	0.5783333333333334	0.4533333333333333
19	0.1440997004508972	26.88669935025667	0.5916666666666667	0.44
20	0.14441670690264022	27.858158312345807	0.5633333333333334	0.4666666666666667
21	0.1445827050642534	27.61487022199129	0.5675	0.4533333333333333
22	0.14428683985834537	26.71780556126645	0.5866666666666667	0.44
23	0.14429225524266562	26.46717545860692	0.5866666666666667	0.4666666666666667
24	0.14449740409851075	26.523464855394867	0.6008333333333333	0.43333333333333335
25	0.144263716844412	26.016198183360853	0.6058333333333333	0.4533333333333333
26	0.14441129013344092	25.921549947638262	0.6058333333333333	0.4266666666666667
27	0.14455424036298478	25.734765579825954	0.5991666666666666	0.43333333333333335
28	0.14433665111147123	25.615613008800306	0.61	0.43333333333333335
29	0.14443844159444172	25.491633641092402	0.6125	0.41333333333333333
30	0.14448071295215237	25.514844442668714	0.605	0.4266666666666667
31	0.14583424478769302	25.20452521976672	0.6141666666666666	0.44666666666666666
32	0.14559034145239627	25.08646182010048	0.6175	0.4266666666666667
33	0.14572349015404196	24.98343128907053	0.6166666666666667	0.41333333333333333
34	0.14553048270089286	24.937518546455784	0.6125	0.43333333333333335
35	0.14554911189609104	24.884664886876156	0.6125	0.41333333333333333
36	0.14557190843530604	24.937446042111045	0.605	0.44666666666666666
-1	-1	-1	-1	-1
0	0.15869879722595215	32.85342211472361	0.44083333333333335	0.35333333333333333
1	0.15238642692565918	33.37231636047363	0.4191666666666667	0.44
2	0.14965645472208658	31.136889357315866	0.47583333333333333	0.49333333333333335
3	0.1459912657737732	30.776854690752533	0.4975	0.5066666666666667
4	0.14590530395507811	30.518514884145635	0.5116666666666667	0.5133333333333333
5	0.14568583170572916	29.998410852331865	0.5158333333333334	0.5133333333333333
6	0.14406623159136092	29.701229095458984	0.525	0.49333333333333335
7	0.1449132263660431	29.829793177152936	0.5083333333333333	0.44666666666666666
8	0.14522213406032985	29.644441152873792	0.5275	0.5066666666666667
9	0.14447803497314454	29.52569775832327	0.5158333333333334	0.52
10	0.1447541280226274	29.609957720104017	0.5358333333333334	0.4866666666666667
11	0.1450543204943339	28.983457063373766	0.5416666666666666	0.5333333333333333
12	0.1446233162513146	29.005708644264622	0.5358333333333334	0.5
13	0.1443056549344744	28.657906331514056	0.5475	0.5266666666666666
14	0.14466117223103842	28.43874542336715	0.5483333333333333	0.5133333333333333
15	0.14415223896503448	28.190552811873587	0.5516666666666666	0.5133333333333333
16	0.1441835515639361	27.88945602115832	0.5566666666666666	0.5
17	0.14441429244147408	28.074370961440238	0.555	0.49333333333333335
18	0.14405486458226255	27.700047367497493	0.5608333333333333	0.54
19	0.1441631317138672	27.39229794552452	0.5633333333333334	0.5133333333333333
20	0.14446090516589938	27.460618044200697	0.5616666666666666	0.5133333333333333
21	0.144391114061529	27.152982812178763	0.5725	0.52
22	0.14431037073550018	26.88342877438194	0.5725	0.5
23	0.14549466967582703	26.73821291170622	0.5775	0.52
24	0.1454749011993408	26.55588900415521	0.5775	0.5266666666666666
25	0.1451938794209407	26.368428556542646	0.5883333333333334	0.5
26	0.14554822003399884	26.28692054748535	0.5783333333333334	0.52
27	0.14567423718316214	26.443332797602604	0.5791666666666667	0.5333333333333333
28	0.14548795798729205	26.3316559540598	0.5916666666666667	0.52
29	0.14571181933085123	25.913001336549456	0.59	0.5066666666666667
30	0.14543846345716907	25.58269214630127	0.5925	0.5133333333333333
31	0.14525724947452545	25.724125811928197	0.5916666666666667	0.5066666666666667
32	0.14550373770973898	25.575629886827972	0.5916666666666667	0.52
33	0.14525870715870576	25.345005989074707	0.5991666666666666	0.5133333333333333
34	0.1452469689505441	25.368158039293792	0.6	0.5
35	0.14536937740114	25.17049382862292	0.5958333333333333	0.5
36	0.14512643298587283	25.12395600268715	0.6016666666666667	0.5
37	0.14510866215354518	24.92114960519891	0.6083333333333333	0.52
38	0.14522635019742525	24.773057812138607	0.6091666666666666	0.52
-1	-1	-1	-1	-1
0	0.16531658172607422	33.94326721994501	0.4141666666666667	0.3933333333333333
1	0.15566420555114746	33.58720551039043	0.48	0.5333333333333333
2	0.15228533744812012	31.390224105433415	0.48	0.4666666666666667
3	0.14862531423568726	31.051729603817588	0.4925	0.5066666666666667
4	0.14733624458312988	30.324293086403294	0.48583333333333334	0.4866666666666667
5	0.1472878853480021	30.14438077023155	0.49833333333333335	0.5333333333333333
6	0.14620603833879744	29.820671232123125	0.5216666666666666	0.5533333333333333
7	0.14551103115081787	29.508810269205195	0.5325	0.5066666666666667
8	0.1453778478834364	30.09296643106561	0.5133333333333333	0.4866666666666667
9	0.14428789615631105	29.453704909274453	0.5058333333333334	0.5133333333333333
10	0.1442492441697554	29.059210952959564	0.5183333333333333	0.49333333333333335
11	0.14428816239039102	29.083307416815508	0.52	0.5266666666666666
12	0.14345611058748686	28.982055538579036	0.525	0.4866666666666667
13	0.1435955422265189	28.79301911906192	0.5333333333333333	0.49333333333333335
14	0.14333225886027018	28.678464086432207	0.5341666666666667	0.5266666666666666
15	0.1428423374891281	28.567531962143747	0.5308333333333334	0.52
16	0.14310930756961598	28.715935305545205	0.5291666666666667	0.5
17	0.14341492123074	28.703469778362074	0.5366666666666666	0.5
18	0.14323193148562782	28.163252930892142	0.54	0.5333333333333333
19	0.1433543086051941	27.642342441960384	0.55	0.52
20	0.14354654720851354	27.243415180005524	0.5583333333333333	0.5133333333333333
21	0.14335028691725296	27.60169199893349	0.5475	0.5066666666666667
22	0.14342665672302246	27.263954313177813	0.5483333333333333	0.5333333333333333
23	0.14364370703697205	26.866764168990287	0.5625	0.49333333333333335
24	0.14327942848205566	26.619752883911133	0.5758333333333333	0.52
25	0.14342652834378755	26.504096332349274	0.5783333333333334	0.5066666666666667
26	0.1436242968947799	26.479797840118408	0.5766666666666667	0.5133333333333333
27	0.143427380493709	26.347350722865055	0.5825	0.5133333333333333
28	0.14347675750995503	26.054530545284873	0.5858333333333333	0.5133333333333333
29	0.14360225200653076	25.98194328107332	0.5791666666666667	0.49333333333333335
-1	-1	-1	-1	-1
0	0.1631319522857666	33.11843440407201	0.44083333333333335	0.34
1	0.15414416790008545	33.68635207728336	0.4483333333333333	0.5666666666666667
2	0.1534710725148519	32.10367581718847	0.49666666666666665	0.5666666666666667
3	0.15007174015045166	30.82455143175627	0.5083333333333333	0.52
4	0.1477731704711914	30.39299061423854	0.5058333333333334	0.56
5	0.14783008893330893	30.02318256779721	0.5175	0.5533333333333333
6	0.14733525684901647	29.719866300884046	0.5116666666666667	0.5533333333333333
7	0.146943598985672	29.421468559064362	0.5333333333333333	0.52
8	0.14744427469041613	29.363136442084063	0.5291666666666667	0.5333333333333333
9	0.14658691883087158	29.358233803196956	0.5383333333333333	0.5466666666666666
10	0.14579996195706454	29.329090369375127	0.53	0.46
11	0.14644598960876465	29.893696232845908	0.5066666666666667	0.5066666666666667
12	0.14588372523968035	29.073446926317718	0.5325	0.5466666666666666
13	0.14525817121778214	28.819595788654528	0.5366666666666666	0.5533333333333333
14	0.14555459022521972	28.50003859871312	0.5583333333333333	0.56
15	0.14499008655548096	28.27960571489836	0.555	0.5466666666666666
16	0.14494037628173828	28.30977093546014	0.5566666666666666	0.5733333333333334
17	0.14498178164164224	28.101930241835746	0.555	0.5266666666666666
18	0.14449053061635872	28.36610706228959	0.5516666666666666	0.56
19	0.14454251527786255	27.667643747831647	0.5591666666666667	0.56
20	0.14454258055914015	27.383372582887347	0.5716666666666667	0.5333333333333333
21	0.1441605958071622	27.36986501593339	0.5766666666666667	0.5666666666666667
22	0.1444134401238483	27.25419398357994	0.57	0.5533333333333333
23	0.144476979970932	27.041451228292363	0.5816666666666667	0.54
24	0.14410626411437988	27.19223935980546	0.5775	0.56
25	0.14430080010340765	27.000344376814994	0.5708333333333333	0.54
26	0.14434402077286332	26.80250654722515	0.5841666666666666	0.56
27	0.14412159579140799	26.593591514386627	0.5866666666666667	0.5666666666666667
28	0.1444580966028674	26.46057859220003	0.5891666666666666	0.5333333333333333
29	0.1446685791015625	26.496237830111856	0.5858333333333333	0.5466666666666666
30	0.14454656262551585	26.51617539556403	0.5866666666666667	0.56
31	0.14447780698537827	26.291263178775186	0.585	0.5333333333333333
32	0.14465134794061835	26.16676230179636	0.5908333333333333	0.5466666666666666
33	0.14434986254748175	26.023194011889007	0.5866666666666667	0.5333333333333333
34	0.14440723827907018	25.946434598220023	0.5866666666666667	0.5466666666666666
35	0.14445896943410239	25.833471398604544	0.5975	0.5333333333333333
36	0.14419208990560994	25.757516660188372	0.5983333333333334	0.5333333333333333
-1	-1	-1	-1	-1
0	0.17290139198303223	33.04765490481728	0.46166666666666667	0.41333333333333333
1	0.15678787231445312	33.666060196725944	0.4083333333333333	0.4066666666666667
2	0.14953351020812988	31.03942584991455	0.48	0.44
3	0.1491314172744751	30.838348313381797	0.5	0.44
4	0.14592137336730956	30.466205596923828	0.5058333333333334	0.44
5	0.14525063832600912	29.91358265123869	0.5191666666666667	0.4666666666666667
6	0.14564108848571777	29.388102732206647	0.515	0.44666666666666666
7	0.1441846787929535	29.4711695470308	0.5258333333333334	0.46
8	0.14416715833875868	29.534023259815417	0.5308333333333334	0.4533333333333333
9	0.1442204713821411	29.378469768323395	0.5316666666666666	0.42
10	0.14319378679448908	29.25583513159501	0.525	0.46
11	0.14361502726872763	28.800320725691947	0.5383333333333333	0.46
12	0.14365863800048828	28.898464729911403	0.535	0.4533333333333333
13	0.143082823072161	28.50551038039358	0.5391666666666667	0.44666666666666666
14	0.14334247907002767	28.336315054642526	0.5508333333333333	0.46
15	0.14361262321472168	27.885039128755267	0.5525	0.44666666666666666
16	0.14340059897478888	27.746041097139056	0.5483333333333333	0.46
17	0.14373958110809326	27.85400945261905	0.5658333333333333	0.44666666666666666
18	0.14413789698952123	27.335334551961797	0.5608333333333333	0.44666666666666666
19	0.1438351273536682	27.932238729376543	0.5375	0.44
20	0.14388111659458705	27.38771933003476	0.5608333333333333	0.4533333333333333
21	0.1441164341839877	26.791974720201996	0.57	0.4533333333333333
22	0.1438803361809772	26.81776526099757	0.5725	0.44666666666666666
23	0.14415151874224344	26.40242845133731	0.5841666666666666	0.4266666666666667
24	0.14454010009765625	26.236665675514622	0.5858333333333333	0.4666666666666667
25	0.14436947382413423	26.168664430317126	0.5816666666666667	0.4533333333333333
26	0.14429572776511865	25.800626528890508	0.5916666666666667	0.44
27	0.14468801021575928	26.10475590354518	0.585	0.44666666666666666
28	0.14486638430891366	25.720565193577816	0.5916666666666667	0.44
29	0.1447080373764038	25.596896999760677	0.5875	0.4533333333333333
-1	-1	-1	-1	-1
0	0.17147421836853027	33.72919331098858	0.4216666666666667	0.5066666666666667
1	0.15423941612243652	32.97114136344508	0.48083333333333333	0.58
2	0.15202228228251138	31.585657621684827	0.4741666666666667	0.6066666666666667
3	0.1481412649154663	30.75541599173295	0.495	0.6466666666666666
4	0.1468118667602539	30.338817772112396	0.5116666666666667	0.5733333333333334
5	0.14650615056355795	30.0761816376134	0.49583333333333335	0.6133333333333333
6	0.14498135021754674	30.171821820108516	0.5033333333333333	0.6066666666666667
7	0.14545774459838867	29.935078620910645	0.5058333333333334	0.6066666666666667
8	0.14550118976169163	29.71610194758365	0.5125	0.6133333333333333
9	0.14452886581420898	29.344156415838945	0.5208333333333334	0.6066666666666667
10	0.1445646502754905	29.276574385793584	0.5258333333333334	0.64
11	0.14451972643534342	29.544541434237832	0.51	0.5933333333333334
12	0.14379130876981294	28.864272117614746	0.525	0.6466666666666666
13	0.1445176601409912	28.56138515472412	0.5125	0.6
14	0.1444265365600586	28.17850963692916	0.5358333333333334	0.58
15	0.14394862949848175	28.524541603891475	0.5391666666666667	0.6
16	0.14443184347713695	28.062159964912816	0.5533333333333333	0.5933333333333334
17	0.144727799627516	27.822660370876914	0.5458333333333333	0.5866666666666667
18	0.14442345970555356	27.599377958398115	0.5491666666666667	0.62
19	0.14398943185806273	27.50523401561536	0.56	0.5733333333333334
20	0.14426218895685106	27.264733565481084	0.56	0.6133333333333333
21	0.14378563924269241	27.77756249277215	0.5391666666666667	0.5666666666666667
22	0.14377828266309656	27.205578979692962	0.5641666666666667	0.5866666666666667
23	0.14382625619570413	26.810639431602077	0.5691666666666667	0.58
24	0.14342885971069336	26.506211682369834	0.5708333333333333	0.5666666666666667
25	0.14357620019179124	26.36129846070942	0.5775	0.5733333333333334
26	0.14353143727337872	26.229076686658356	0.5641666666666667	0.5666666666666667
27	0.14323016575404576	26.56935799749274	0.5716666666666667	0.58
28	0.1433605490059688	26.15247580879613	0.5691666666666667	0.58
29	0.14361810684204102	25.89238068931981	0.5791666666666667	0.6
-1	-1	-1	-1	-1
0	0.17702603340148926	33.49913366217362	0.44333333333333336	0.3466666666666667
1	0.15693211555480957	33.552860937620466	0.3975	0.5466666666666666
2	0.15280556678771973	31.92349032351845	0.48583333333333334	0.5133333333333333
3	0.14883065223693848	30.882274326525238	0.5066666666666667	0.48
4	0.14911127090454102	30.516484511526006	0.5066666666666667	0.5
5	0.14906676610310873	30.40528144334492	0.5016666666666667	0.52
6	0.14744884627205984	29.882874689604108	0.535	0.47333333333333333
7	0.14663437008857727	29.479780699077406	0.5383333333333333	0.5066666666666667
8	0.14633912510342068	30.045761484848825	0.5291666666666667	0.5333333333333333
9	0.14550111293792725	29.53047513961792	0.5258333333333334	0.52
10	0.14596776528791947	29.388185425808555	0.52	0.5533333333333333
11	0.14617566267649332	29.11338442250302	0.5325	0.49333333333333335
12	0.1452635801755465	28.549382962678607	0.5466666666666666	0.54
13	0.14528986385890416	28.53812885284424	0.5441666666666667	0.5333333333333333
14	0.1453385353088379	28.256303310394287	0.5541666666666667	0.5266666666666666
15	0.14463014900684357	28.332984723542864	0.5533333333333333	0.52
16	0.14502525329589844	28.178021983096475	0.5558333333333333	0.54
17	0.14534666803148058	27.907120102330257	0.555	0.52
18	0.1450370989347759	27.643598958065635	0.5633333333333334	0.5266666666666666
19	0.1451012134552002	27.51031494140625	0.5691666666666667	0.5333333333333333
20	0.14541329656328475	27.843816656815378	0.5641666666666667	0.5266666666666666
21	0.14510860226371072	27.518205441926654	0.5633333333333334	0.5466666666666666
22	0.1452525180319081	27.030093945954974	0.5766666666666667	0.5066666666666667
23	0.14555098613103232	27.026864629042777	0.5741666666666667	0.52
24	0.14535171508789063	26.68897126850329	0.57	0.5266666666666666
25	0.1452632867372953	26.51137211448268	0.5858333333333333	0.5
26	0.14565751287672254	26.49148228293971	0.58	0.52
27	0.14540696995598928	26.370503802048532	0.5791666666666667	0.5066666666666667
28	0.1451300341507484	26.211439484044124	0.5883333333333334	0.54
29	0.14530304272969563	25.981497388137015	0.59	0.5333333333333333
30	0.14507242171995102	25.75469486336959	0.5941666666666666	0.5133333333333333
-1	-1	-1	-1	-1
0	0.17646193504333496	32.98312704186691	0.4533333333333333	0.4666666666666667
1	0.1616271734237671	32.9466438293457	0.4425	0.5266666666666666
2	0.15340113639831543	31.095905655308773	0.49	0.5266666666666666
3	0.15223628282546997	30.485288218448037	0.5183333333333333	0.5066666666666667
4	0.14942412376403807	29.81021655233283	0.5225	0.5533333333333333
5	0.15178986390431723	29.811626283746016	0.5191666666666667	0.5066666666666667
6	0.15075373649597168	29.99803776490061	0.5241666666666667	0.5066666666666667
7	0.14920002222061157	29.350500131908216	0.5258333333333334	0.5066666666666667
8	0.1486679712931315	28.894956638938503	0.5316666666666666	0.5133333333333333
9	0.14865443706512452	28.802758467824834	0.5333333333333333	0.49333333333333335
10	0.14776843244379217	29.563653569472464	0.5158333333333334	0.5
11	0.14738726615905762	28.800939559936523	0.5416666666666666	0.5066666666666667
12	0.14724109723017767	28.57144586663497	0.5475	0.5333333333333333
13	0.14624888556344168	28.338014602661133	0.5508333333333333	0.5133333333333333
14	0.14656615257263184	28.209046238347103	0.545	0.54
15	0.146524116396904	29.00655625995837	0.5341666666666667	0.5333333333333333
16	0.14600685063530416	27.862193659732217	0.5416666666666666	0.52
17	0.1460786925421821	27.67916518763492	0.5491666666666667	0.52
18	0.14604512013887105	27.552627663863333	0.5633333333333334	0.52
19	0.1457074761390686	27.199245101527165	0.5591666666666667	0.52
20	0.14601928847176687	27.080268408122816	0.5725	0.52
21	0.14614668759432706	27.091050624847412	0.565	0.5466666666666666
22	0.14593861414038617	27.04431717019332	0.5725	0.52
23	0.14592716097831726	26.77824592590332	0.57	0.5533333333333333
24	0.1462920570373535	26.418924582631963	0.5841666666666666	0.5533333333333333
25	0.14633223643669716	26.269140067853424	0.5816666666666667	0.5333333333333333
26	0.14620735910203722	26.164880501596553	0.5925	0.5333333333333333
27	0.14637288876942225	26.123093278784502	0.5808333333333333	0.54
28	0.14604972148763723	26.17658587505943	0.5783333333333334	0.5466666666666666
29	0.14572229385375976	25.70323550073724	0.5933333333333334	0.5266666666666666
-1	-1	-1	-1	-1
0	0.1760096549987793	32.79092638116134	0.44416666666666665	0.34
1	0.15954935550689697	33.18161552830746	0.4633333333333333	0.44
2	0.15430680910746256	30.660928977163213	0.5191666666666667	0.41333333333333333
3	0.14902907609939575	30.769370656264456	0.49916666666666665	0.4533333333333333
4	0.14796242713928223	30.251819460015547	0.5175	0.44
5	0.14699848492940268	29.870757454320003	0.5375	0.4666666666666667
6	0.14608822550092423	29.85136722263537	0.4975	0.44
7	0.14651772379875183	29.45853883341739	0.5358333333333334	0.4666666666666667
8	0.14700701501634386	29.264645777250593	0.5383333333333333	0.4533333333333333
9	0.1463467597961426	29.073888301849365	0.5391666666666667	0.46
10	0.14590878920121628	29.181839591578434	0.5383333333333333	0.44666666666666666
11	0.14635413885116577	28.808337713542738	0.5441666666666667	0.4666666666666667
12	0.14575784022991473	28.676057464198063	0.5483333333333333	0.48
13	0.14535508837018693	28.5069321080258	0.5541666666666667	0.44666666666666666
14	0.14586153030395507	28.043181394275866	0.56	0.47333333333333333
15	0.14555580914020538	28.146882207770098	0.56	0.4666666666666667
16	0.14531315074247472	27.75359188882928	0.5666666666666667	0.4666666666666667
17	0.1457013421588474	27.489874187268708	0.5766666666666667	0.48
18	0.14521897466559158	27.31824641478689	0.5733333333333334	0.49333333333333335
19	0.1452142596244812	26.98765714544999	0.5716666666666667	0.47333333333333333
20	0.1455531120300293	27.052026447496917	0.5866666666666667	0.4533333333333333
21	0.1451495343988592	26.81342609305131	0.5875	0.48
22	0.1449729877969493	26.901192037682783	0.5875	0.47333333333333333
23	0.14508355657259622	27.55456633316843	0.5816666666666667	0.46
24	0.14467169761657714	26.672243369253056	0.5975	0.46
25	0.14474612932938796	26.638171697917738	0.5866666666666667	0.4533333333333333
26	0.1448888866989701	26.405725629706133	0.585	0.48
27	0.14473714998790196	26.02487594202945	0.6008333333333333	0.47333333333333333
28	0.1446584833079371	25.743107118104632	0.6066666666666667	0.48
29	0.14468692143758138	25.649896044480172	0.605	0.47333333333333333
30	0.14454449376752299	25.373593305286608	0.6116666666666667	0.47333333333333333
31	0.14446675032377243	25.313353162062796	0.6091666666666666	0.4866666666666667
32	0.14441096421444055	25.16358629025911	0.6233333333333333	0.4533333333333333
33	0.14420401348787196	25.016660163277074	0.615	0.5
34	0.14434104646955218	24.945340884359258	0.615	0.46
35	0.1443571580780877	24.859711898000615	0.6175	0.4866666666666667
36	0.14430787112261798	24.57444893686395	0.6183333333333333	0.4866666666666667
37	0.1444154664089805	24.662365637327497	0.6108333333333333	0.48
38	0.14451953080984262	24.578281427684583	0.6158333333333333	0.5
39	0.14441052079200745	24.30994036323146	0.6225	0.47333333333333333
40	0.14433591540266827	24.40314087114836	0.6166666666666667	0.47333333333333333
41	0.14453654629843576	24.11523091165643	0.6283333333333333	0.49333333333333335
42	0.14442564165869423	24.055764938655653	0.6225	0.4866666666666667
43	0.1443068330938166	24.01218251178139	0.6241666666666666	0.5
44	0.14447496202256943	23.807049199154502	0.6275	0.4866666666666667
45	0.1444020063980766	23.792719590036494	0.6258333333333334	0.4866666666666667
46	0.14420036559409283	23.714788888630114	0.6275	0.4866666666666667
47	0.14419128994146982	23.674185978738887	0.6241666666666666	0.46
48	0.14394439969744002	23.75668616043894	0.6233333333333333	0.4866666666666667
49	0.14393363952636717	23.563827263681514	0.63	0.48
50	0.14399021747065524	23.55860491802818	0.6316666666666667	0.4866666666666667
51	0.1438801151055556	23.335445203279193	0.6366666666666667	0.4666666666666667
52	0.14395108762777076	23.44875626814993	0.6308333333333334	0.49333333333333335
53	0.14400488358956795	23.32308259763216	0.64	0.47333333333333333
-1	-1	-1	-1	-1
0	0.1593923568725586	33.10775064167223	0.4766666666666667	0.41333333333333333
1	0.15327775478363037	33.67635942760267	0.49583333333333335	0.4666666666666667
2	0.15038315455118814	31.54695347735756	0.48333333333333334	0.43333333333333335
3	0.14720237255096436	30.856996134707803	0.49583333333333335	0.44666666666666666
4	0.1466963768005371	31.06428854089034	0.5016666666666667	0.44666666666666666
5	0.14636711279551187	30.311049938201904	0.5158333333333334	0.4533333333333333
6	0.14492215429033553	30.134318351745605	0.5258333333333334	0.4666666666666667
7	0.1450965404510498	29.88587309184827	0.5208333333333334	0.47333333333333333
8	0.14521895514594185	29.751481658534	0.5191666666666667	0.5133333333333333
9	0.14439570903778076	29.50984794215152	0.5308333333333334	0.46
10	0.14476802132346414	29.31308304636102	0.54	0.49333333333333335
11	0.14488687117894491	29.657499338451185	0.5241666666666667	0.4666666666666667
12	0.14421275945810172	29.143328315333317	0.5333333333333333	0.46
13	0.14448368549346924	29.110866170180472	0.5375	0.5
14	0.1444697856903076	28.670861194008275	0.5516666666666666	0.4666666666666667
15	0.14380702376365662	28.468424997831647	0.5466666666666666	0.5
16	0.14429015271803913	28.790032687940094	0.5616666666666666	0.47333333333333333
17	0.14411283863915336	27.882200416765716	0.5591666666666667	0.49333333333333335
18	0.14375103147406326	28.040365444986445	0.5525	0.48
19	0.1439074158668518	27.829481953068782	0.5658333333333333	0.47333333333333333
20	0.14409438769022623	27.484188983314915	0.5666666666666667	0.4866666666666667
21	0.14370186762376266	27.363579825351113	0.5783333333333334	0.4866666666666667
22	0.14381312287372092	27.359088546351384	0.5725	0.4666666666666667
23	0.1439321537812551	27.216875728807953	0.5733333333333334	0.4666666666666667
24	0.14362377166748047	26.967927255128558	0.5858333333333333	0.48
25	0.14373339139498198	26.827267019372236	0.57	0.47333333333333333
26	0.14391045217160825	26.577393732572858	0.5816666666666667	0.47333333333333333
27	0.14355639900479997	26.693929095017282	0.5883333333333334	0.5066666666666667
28	0.14358700554946374	26.251584027942858	0.5941666666666666	0.47333333333333333
29	0.14383553663889567	26.076608582546836	0.5891666666666666	0.4666666666666667
-1	-1	-1	-1	-1
0	0.15976428985595703	32.971553902877005	0.4691666666666667	0.34
1	0.15572869777679443	33.565531529878314	0.43	0.44
2	0.15107059478759766	32.02795558226736	0.46166666666666667	0.52
3	0.14768028259277344	30.701424774370697	0.5091666666666667	0.52
4	0.14786953926086427	30.405389007769134	0.5166666666666667	0.5266666666666666
5	0.14776472250620523	30.488032642163727	0.5208333333333334	0.5066666666666667
6	0.14653393200465611	29.794133136146947	0.5258333333333334	0.49333333333333335
7	0.1540682017803192	29.927758568211605	0.5225	0.5
8	0.15255384975009495	29.863831168726872	0.525	0.5066666666666667
9	0.15218019485473633	29.859707506079424	0.5283333333333333	0.5333333333333333
10	0.15119498426263983	29.283288202787702	0.5275	0.5133333333333333
11	0.1505481799443563	29.11421856127287	0.5408333333333334	0.56
12	0.1510909520662748	29.215341668379935	0.5416666666666666	0.4866666666666667
13	0.15101190975734166	29.023524610619795	0.545	0.52
14	0.1506456216176351	28.528895955336722	0.5433333333333333	0.5066666666666667
15	0.15074189007282257	28.416402590902226	0.5466666666666666	0.5
16	0.14998827261083267	28.302441220534476	0.5566666666666666	0.5266666666666666
17	0.1493916776445177	28.09190845489502	0.5566666666666666	0.5
18	0.14944520749543844	28.14714291221217	0.5616666666666666	0.5133333333333333
19	0.14879488945007324	28.129715994784707	0.5633333333333334	0.5333333333333333
20	0.14855551719665527	28.21194929825632	0.5458333333333333	0.49333333333333335
21	0.14856675538149747	27.971108436584473	0.5616666666666666	0.5266666666666666
22	0.14823068743166717	27.55763560847232	0.5608333333333333	0.54
23	0.14814109603563944	27.51866616700825	0.5658333333333333	0.5
24	0.14812654495239258	27.666317588404606	0.565	0.5133333333333333
25	0.14783928027519813	27.010018700047542	0.5783333333333334	0.5466666666666666
26	0.14771816465589735	27.1211646983498	0.5691666666666667	0.5133333333333333
27	0.1476297378540039	26.859355976707057	0.58	0.5133333333333333
28	0.1471668605146737	26.918307605542633	0.5683333333333334	0.54
29	0.14729375044504803	26.679916055578936	0.5833333333333334	0.5
30	0.14729574418837024	26.43129112845973	0.5975	0.5
31	0.1469828262925148	26.29430133418033	0.5766666666666667	0.54
-1	-1	-1	-1	-1
0	0.17923712730407715	33.033188117177865	0.47333333333333333	0.43333333333333335
1	0.16054105758666992	33.53849200198525	0.4608333333333333	0.4533333333333333
2	0.1516566276550293	31.24208786613063	0.4891666666666667	0.44
3	0.14953869581222534	30.977443494294818	0.505	0.44666666666666666
4	0.14694247245788575	30.18033645027562	0.5125	0.41333333333333333
5	0.14683989683787027	30.101677467948512	0.5241666666666667	0.4666666666666667
6	0.1473255157470703	29.991186066677695	0.525	0.4266666666666667
7	0.146037757396698	29.779677541632402	0.54	0.4866666666666667
8	0.1460657384660509	29.581736815603154	0.535	0.4666666666666667
9	0.1459980010986328	29.52592372894287	0.5383333333333333	0.4666666666666667
10	0.1448902433568781	28.79890095560174	0.5458333333333333	0.5133333333333333
11	0.14485464493433634	29.421314088921797	0.5483333333333333	0.47333333333333333
12	0.1450783105996939	28.919828665883916	0.5433333333333333	0.4666666666666667
13	0.14454581056322371	29.001827967794316	0.5316666666666666	0.4533333333333333
14	0.14460436503092447	28.550489400562487	0.5441666666666667	0.44666666666666666
15	0.14478974044322968	28.645894753305537	0.5433333333333333	0.48
16	0.1443470646353329	28.275539849933825	0.5566666666666666	0.4666666666666667
17	0.1444910764694214	27.7394151938589	0.5666666666666667	0.5066666666666667
18	0.14457190664190994	27.774204103570234	0.5633333333333334	0.47333333333333333
19	0.14413655996322633	28.10246246739438	0.5683333333333334	0.48
20	0.1440536067599342	27.52058972810444	0.5725	0.44666666666666666
21	0.1441127061843872	27.170078528554814	0.5783333333333334	0.4666666666666667
22	0.14393116080242654	27.063393793608014	0.5833333333333334	0.46
23	0.14414332310358682	26.772955693696673	0.5733333333333334	0.4866666666666667
24	0.14434402465820312	26.78260145689312	0.5883333333333334	0.47333333333333333
25	0.14419025641221267	26.903113038916338	0.5858333333333333	0.49333333333333335
26	0.14437629558421947	26.63209699329577	0.5866666666666667	0.5066666666666667
27	0.1445319652557373	26.41128871315404	0.5808333333333333	0.48
28	0.1443641185760498	26.218368831433747	0.5866666666666667	0.47333333333333333
29	0.1441901683807373	25.961044060556514	0.5958333333333333	0.49333333333333335
30	0.14438182307827857	25.798806491651032	0.5991666666666666	0.52
31	0.14437136054039001	25.756992716538278	0.5958333333333333	0.49333333333333335
32	0.1442513827121619	25.450548774317692	0.6083333333333333	0.4533333333333333
33	0.14446942245259004	25.46076388108103	0.5975	0.46
34	0.144287143434797	25.326889665503252	0.6066666666666667	0.4666666666666667
35	0.1441788011127048	25.206125660946494	0.595	0.5
36	0.14443416208834262	24.974019125888223	0.6108333333333333	0.48
37	0.1442599233828093	24.968239332500257	0.6041666666666666	0.48
38	0.14420310044899964	25.02992148148386	0.6025	0.5066666666666667
39	0.14436240792274474	24.900838952315482	0.6041666666666666	0.4866666666666667
40	0.14419860956145497	25.021789224524248	0.6058333333333333	0.46
41	0.14421632176353819	24.649284538469818	0.6083333333333333	0.4866666666666667
42	0.14431065736814988	24.519283294677734	0.61	0.4866666666666667
43	0.14415972883051092	24.508417631450452	0.61	0.4866666666666667
44	0.1441785388522678	24.350913097983913	0.6191666666666666	0.4866666666666667
45	0.14426272330076798	24.433356460772064	0.6158333333333333	0.48
46	0.14411867425796834	24.263729170749063	0.61	0.4866666666666667
47	0.14424975713094076	24.341401953446237	0.6083333333333333	0.4666666666666667
48	0.14433043830248773	24.245523176695173	0.6116666666666667	0.4866666666666667
49	0.1441890811920166	24.05908745213559	0.63	0.4866666666666667
50	0.14426703546561448	24.01517925764385	0.6225	0.4866666666666667
-1	-1	-1	-1	-1
0	0.1783008575439453	33.08962867134496	0.44583333333333336	0.44
1	0.15905678272247314	33.73663023898476	0.43583333333333335	0.5
2	0.15545050303141275	31.772006235624616	0.47833333333333333	0.5066666666666667
3	0.15135353803634644	30.759849272276227	0.5058333333333334	0.5
4	0.1488025665283203	30.456487906606572	0.49833333333333335	0.5
5	0.14814472198486328	30.444132302936755	0.49833333333333335	0.48
6	0.14596343040466309	29.74195096367284	0.5166666666666667	0.49333333333333335
7	0.1462693214416504	29.391500698892695	0.5266666666666666	0.5266666666666666
8	0.14648527569240993	30.100657714040654	0.5241666666666667	0.5133333333333333
9	0.14560136795043946	29.585685027273076	0.5258333333333334	0.52
10	0.14519130099903454	29.397299992410762	0.5258333333333334	0.46
11	0.14562129974365234	28.838555135224993	0.5491666666666667	0.5333333333333333
12	0.1450057946718656	29.475906422263698	0.525	0.52
13	0.14478538717542375	28.89529235739457	0.54	0.52
14	0.14505790074666342	28.683792239741276	0.5441666666666667	0.5066666666666667
15	0.14444316923618317	28.298001038400752	0.5491666666666667	0.5533333333333333
16	0.1450775370878332	28.001411990115518	0.5558333333333333	0.5
17	0.14499235153198242	27.963247776031494	0.5608333333333333	0.5
18	0.14437192364742882	28.03055181001362	0.5525	0.5266666666666666
19	0.14436638355255127	27.787420498697383	0.56	0.54
20	0.1445233594803583	27.37611790707237	0.565	0.5333333333333333
21	0.144256515936418	27.062106458764326	0.57	0.5
22	0.14419471699258554	27.1394345634862	0.5716666666666667	0.5133333333333333
23	0.14439380168914795	27.172801268728154	0.5675	0.5133333333333333
24	0.14411453247070313	27.073558205052425	0.5733333333333334	0.54
25	0.1441190242767334	26.74163542295757	0.5725	0.5066666666666667
26	0.14421968106870298	26.62307129408184	0.5666666666666667	0.52
27	0.1439788852419172	26.37417574932701	0.5741666666666667	0.5133333333333333
28	0.14395911940212908	26.407474317048724	0.5783333333333334	0.4866666666666667
29	0.14410030047098796	26.24506932810733	0.5733333333333334	0.4866666666666667
30	0.14381520978866086	26.105973293906764	0.5775	0.5066666666666667
31	0.1438300907611847	25.942177120007965	0.5866666666666667	0.5
32	0.1439292575373794	25.837335611644544	0.5883333333333334	0.5133333333333333
33	0.14366574848399444	25.644907474517822	0.5941666666666666	0.49333333333333335
34	0.14377574920654296	25.602837587657728	0.585	0.5066666666666667
35	0.14378258917066786	25.610499005568656	0.5933333333333334	0.4866666666666667
-1	-1	-1	-1	-1
0	0.1619424819946289	32.510024873833906	0.4508333333333333	0.4533333333333333
1	0.1522984504699707	33.60096083189312	0.4558333333333333	0.46
2	0.15024272600809732	31.60788515994423	0.4841666666666667	0.46
3	0.14703792333602905	30.689343703420537	0.49583333333333335	0.4666666666666667
4	0.14620676040649414	30.306139243276494	0.5075	0.47333333333333333
5	0.14598719278971353	30.133502207304304	0.5058333333333334	0.5066666666666667
6	0.1447657517024449	30.343153853165475	0.5	0.4666666666666667
7	0.14444532990455627	29.88370250400744	0.5133333333333333	0.48
8	0.1445112493303087	29.67435279645418	0.5141666666666667	0.47333333333333333
9	0.14376819133758545	29.432883237537585	0.5341666666666667	0.49333333333333335
10	0.14351170713251288	29.210334652348568	0.5233333333333333	0.5066666666666667
11	0.1434591015179952	29.005537685595062	0.5341666666666667	0.4866666666666667
12	0.14286222824683556	29.122381436197383	0.5408333333333334	0.5133333333333333
13	0.1430147886276245	28.998073326913936	0.5325	0.5
14	0.14301826159159342	28.931768593035248	0.5358333333333334	0.47333333333333333
15	0.14236925542354584	28.618667552345677	0.5441666666666667	0.5
16	0.1429281094494988	28.267596847132634	0.55	0.49333333333333335
17	0.14291661315494114	28.071841315219277	0.56	0.5066666666666667
18	0.14257077166908666	27.739999294281006	0.5566666666666666	0.4533333333333333
19	0.14295806884765624	28.006482350198848	0.565	0.5133333333333333
20	0.1431244441441127	27.91622347580759	0.565	0.47333333333333333
21	0.14281184023076837	27.62609150535182	0.565	0.52
22	0.14312975302986478	27.269286256087454	0.57	0.5066666666666667
23	0.14330543080965677	26.942722069589717	0.5841666666666666	0.5
24	0.1431258201599121	27.074636559737357	0.575	0.5066666666666667
25	0.1431111372434176	26.866473348517168	0.5775	0.52
26	0.1432860604038945	26.52400285319278	0.5866666666666667	0.5066666666666667
27	0.14305772951671056	26.432340672141628	0.5891666666666666	0.49333333333333335
28	0.14312439129270357	26.419917508175498	0.5883333333333334	0.52
29	0.14331812063852947	26.085877594194915	0.5941666666666666	0.5266666666666666
30	0.14310275354693014	26.080468227988796	0.5858333333333333	0.4866666666666667
31	0.14302446693181992	25.825351689991198	0.6008333333333333	0.5066666666666667
32	0.1432168772726348	25.93785255833676	0.5958333333333333	0.5266666666666666
33	0.1429895372951732	26.75031280517578	0.5958333333333333	0.4866666666666667
34	0.14309522765023366	25.80277196984542	0.6	0.5
35	0.1431722707218594	25.3260666194715	0.6041666666666666	0.5
36	0.14290782567617055	25.188794663077907	0.6	0.49333333333333335
37	0.1429406153528314	25.06035240072953	0.6108333333333333	0.52
38	0.14293558780963606	25.112613602688437	0.6041666666666666	0.5066666666666667
39	0.14276466369628907	24.996902716787236	0.615	0.5066666666666667
40	0.14280301187096572	24.82939544476961	0.6125	0.5
41	0.14288426580883207	24.741724967956543	0.6158333333333333	0.5133333333333333
42	0.14276826658914255	24.61605749632183	0.6166666666666667	0.52
43	0.1428516615520824	24.65419568513569	0.6183333333333333	0.5
44	0.1429740481906467	24.416588406813773	0.6216666666666667	0.49333333333333335
45	0.14285537989243216	24.402095719387656	0.615	0.4866666666666667
46	0.14355642237561814	24.27060137296978	0.6225	0.4866666666666667
47	0.14360309143861136	24.219912202734697	0.6241666666666666	0.5066666666666667
48	0.14361941571138342	24.35179665214137	0.6125	0.49333333333333335
49	0.14346730709075928	24.25553926668669	0.6216666666666667	0.49333333333333335
-1	-1	-1	-1	-1
0	0.17639970779418945	32.89598756087454	0.45	0.38
1	0.1586472988128662	33.786254129911725	0.4325	0.5333333333333333
2	0.1511244773864746	31.32832835849963	0.5066666666666667	0.5133333333333333
3	0.15028953552246094	31.175667260822497	0.49833333333333335	0.5
4	0.147381591796875	30.571582242062217	0.5308333333333334	0.5333333333333333
5	0.146934707959493	30.309770985653525	0.5258333333333334	0.5
6	0.14690412793840682	30.187822768562718	0.5141666666666667	0.5466666666666666
7	0.14564242959022522	29.853586799220036	0.5275	0.5266666666666666
8	0.14549750751919216	29.673153325131064	0.53	0.5333333333333333
9	0.1456454277038574	29.66640161213122	0.5291666666666667	0.5
10	0.1458724628795277	29.406073118511	0.5341666666666667	0.52
11	0.14512747526168823	29.437870326795075	0.5425	0.5266666666666666
12	0.14547215975247896	28.67365937483938	0.54	0.5266666666666666
13	0.1448908703667777	28.917248725891113	0.5358333333333334	0.5266666666666666
14	0.1447747548421224	28.82414298308523	0.5483333333333333	0.52
15	0.14486075937747955	28.56055972450658	0.5691666666666667	0.54
16	0.14449583782869227	28.122126328317744	0.5741666666666667	0.5266666666666666
17	0.14453691906399196	28.060315232527884	0.57	0.5333333333333333
18	0.14476246582834343	28.199525180615876	0.5608333333333333	0.5
19	0.1447231650352478	27.923869860799687	0.57	0.5266666666666666
20	0.14462608382815406	27.700689064828975	0.5675	0.54
21	0.14491448619148947	27.30811121589259	0.5866666666666667	0.5333333333333333
22	0.14458852228911026	27.13173276499698	0.5725	0.5266666666666666
23	0.14435788989067078	27.12718946055362	0.5816666666666667	0.5466666666666666
24	0.14464341163635253	26.90691862608257	0.5825	0.5133333333333333
25	0.14427081438211295	26.47372055053711	0.5816666666666667	0.5266666666666666
26	0.1440742369051333	26.40951048700433	0.5958333333333333	0.5133333333333333
27	0.14422398805618286	26.23313035463032	0.5916666666666667	0.5266666666666666
28	0.14398337232655492	26.027291749653063	0.5975	0.5133333333333333
29	0.14419607321421304	25.805812910983438	0.6033333333333334	0.5266666666666666
-1	-1	-1	-1	-1
0	0.17181634902954102	34.10642709230122	0.445	0.3933333333333333
1	0.15558278560638428	33.57239251387747	0.43916666666666665	0.44666666666666666
2	0.1532901922861735	31.038167250783818	0.5091666666666667	0.4866666666666667
3	0.14944326877593994	30.52213161870053	0.51	0.5066666666666667
4	0.1473384380340576	30.283075834575452	0.5183333333333333	0.5
5	0.1479564905166626	29.835557686655147	0.5291666666666667	0.5
6	0.14700865745544434	29.79616099909732	0.5308333333333334	0.52
7	0.14716246724128723	29.226141352402536	0.5366666666666666	0.49333333333333335
8	0.14655913247002494	29.615979520898115	0.5308333333333334	0.5
9	0.14729855060577393	29.38644067864669	0.5325	0.4666666666666667
10	0.14653739062222568	29.23089479145251	0.5425	0.5333333333333333
11	0.14585139354070029	29.439524575283652	0.5266666666666666	0.5133333333333333
12	0.14629573088425857	28.79216399945711	0.5516666666666666	0.5066666666666667
13	0.14595515387398855	28.62724394547312	0.5583333333333333	0.4866666666666667
14	0.14553964932759603	28.286215179844906	0.5433333333333333	0.5
15	0.14584964513778687	28.215636780387477	0.5575	0.5133333333333333
16	0.14548628470476935	28.298324986508018	0.5483333333333333	0.48
17	0.1451887289683024	27.91731480548256	0.5683333333333334	0.5066666666666667
18	0.1455470511787816	27.529280436666387	0.58	0.52
19	0.14516150951385498	27.479496980968275	0.5675	0.5066666666666667
20	0.14491793087550572	27.358698317879124	0.5766666666666667	0.5
21	0.14526088671250778	27.134277820587158	0.5758333333333333	0.48
22	0.14519456158513608	26.93738586024234	0.5733333333333334	0.46
23	0.14520358045895895	26.95304674851267	0.5758333333333333	0.52
24	0.1454385280609131	26.561271717673854	0.5841666666666666	0.5066666666666667
25	0.14501257126147932	26.495367175654362	0.59	0.5066666666666667
26	0.14512639575534397	26.367471544366133	0.5733333333333334	0.5066666666666667
27	0.14514340673174178	26.320877326162236	0.595	0.48
28	0.14498870126132307	25.981834737878096	0.5891666666666666	0.47333333333333333
29	0.14528704484303792	25.8223227952656	0.6016666666666667	0.48
30	0.14539784000765893	25.875877907401637	0.5875	0.46
-1	-1	-1	-1	-1
0	0.16396307945251465	32.75674942920082	0.4508333333333333	0.37333333333333335
1	0.15537941455841064	33.18391305521915	0.485	0.46
2	0.15357677141825357	31.808252485174883	0.495	0.41333333333333333
3	0.15035372972488403	30.64412270094219	0.5066666666666667	0.4533333333333333
4	0.1485002040863037	30.641209602355957	0.5125	0.46
5	0.14879504839579263	30.287854194641113	0.5125	0.4666666666666667
6	0.14768709455217635	30.031319768805254	0.5133333333333333	0.43333333333333335
7	0.14679116010665894	29.679459923192073	0.5183333333333333	0.44666666666666666
8	0.14747775925530326	29.628294894569798	0.5241666666666667	0.47333333333333333
9	0.14683451652526855	29.52295436357197	0.5458333333333333	0.48
10	0.1462331468408758	29.38237694690102	0.5341666666666667	0.4066666666666667
11	0.14685797691345215	29.351967184167158	0.5483333333333333	0.44666666666666666
12	0.14632146175091082	28.60800512213456	0.5508333333333333	0.4866666666666667
13	0.14597749710083008	28.3847430881701	0.5491666666666667	0.46
14	0.14635806083679198	28.455800884648372	0.5616666666666666	0.4266666666666667
15	0.14601022005081177	28.33635019001208	0.5433333333333333	0.44666666666666666
16	0.146119987263399	28.14013950448287	0.5575	0.44
17	0.14669983916812473	27.883491942757054	0.5591666666666667	0.48
18	0.1468151243109452	27.65546088469656	0.55	0.44666666666666666
19	0.14681606292724608	27.59787378813091	0.5641666666666667	0.43333333333333335
20	0.14731047267005556	27.433742322419818	0.5691666666666667	0.47333333333333333
21	0.14708080075003885	27.4577828457481	0.5633333333333334	0.44666666666666666
22	0.14686142879983652	27.128032533746016	0.5625	0.4266666666666667
23	0.1472162405649821	27.781699933503802	0.5608333333333333	0.47333333333333333
24	0.14721378326416015	26.9638217875832	0.5716666666666667	0.46
25	0.147019074513362	26.828891954923932	0.58	0.43333333333333335
26	0.14720859350981536	26.607790344639827	0.5725	0.44
27	0.1469318015234811	26.618786309894762	0.5825	0.44666666666666666
28	0.14677456329608785	26.25036839434975	0.5891666666666666	0.47333333333333333
29	0.14694286982218424	26.248315309223376	0.5808333333333333	0.47333333333333333
30	0.14671111875964749	25.963383498944733	0.59	0.4533333333333333
31	0.14657078683376312	26.073069723028887	0.5875	0.4666666666666667
32	0.14674743739041415	26.143662653471296	0.5875	0.46
-1	-1	-1	-1	-1
0	0.16342806816101074	33.39671330702932	0.4608333333333333	0.5
1	0.152565598487854	33.42877764450876	0.45	0.5333333333333333
2	0.15201783180236816	31.46074242340891	0.5008333333333334	0.5133333333333333
3	0.14918839931488037	31.039483973854466	0.495	0.5333333333333333
4	0.14838709831237792	30.34633036663658	0.5108333333333334	0.5133333333333333
5	0.1485131581624349	30.204440016495553	0.5075	0.56
6	0.14724925586155482	30.708798960635537	0.5075	0.5533333333333333
7	0.14637115597724915	29.8249414092616	0.5158333333333334	0.54
8	0.1470367113749186	29.69993950191297	0.5141666666666667	0.56
9	0.14631729125976561	30.13103033366956	0.525	0.5533333333333333
10	0.14585536176508124	29.41006821080258	0.5275	0.5533333333333333
11	0.1464099089304606	29.09225664640728	0.5333333333333333	0.5666666666666667
12	0.14595737824073204	29.084284029508893	0.5433333333333333	0.5533333333333333
13	0.14569291046687535	28.97475455936633	0.5366666666666666	0.5533333333333333
14	0.1461801052093506	28.630886353944476	0.5441666666666667	0.58
15	0.14573073387145996	28.369316653201455	0.5458333333333333	0.56
16	0.14551338027505314	28.47449312712017	0.545	0.5466666666666666
17	0.14587917592790392	28.245767844350713	0.5541666666666667	0.5666666666666667
18	0.14543986320495605	27.98387652949283	0.555	0.5866666666666667
19	0.1452404022216797	28.136412444867585	0.5516666666666666	0.5466666666666666
20	0.1454742749532064	27.730496406555176	0.5516666666666666	0.5533333333333333
21	0.14512541077353738	27.63112662967883	0.5558333333333333	0.56
22	0.1452348232269287	27.39710064938194	0.5683333333333334	0.5533333333333333
23	0.14519710342089334	27.29153053384078	0.5666666666666667	0.6
24	0.14472522735595703	27.13911721580907	0.5716666666666667	0.5733333333333334
25	0.14524303949796236	27.024064365186188	0.56	0.5866666666666667
26	0.14532571368747288	27.28113781778436	0.5641666666666667	0.56
27	0.1449474607195173	26.974988284863922	0.5733333333333334	0.5666666666666667
28	0.14497097607316642	26.697909857097425	0.5841666666666666	0.56
29	0.14503907362620036	26.71551365601389	0.5733333333333334	0.5533333333333333
30	0.14466722549930697	26.27389867682206	0.5775	0.5933333333333334
31	0.14475830644369125	27.122623142443206	0.5658333333333333	0.58
32	0.14499519088051535	26.42115216506155	0.5808333333333333	0.56
33	0.14492163237403421	26.10040619498805	0.5858333333333333	0.58
34	0.14516968727111818	25.93843462592677	0.5841666666666666	0.5666666666666667
35	0.14555102586746216	25.824205147592647	0.5858333333333333	0.56
36	0.1456328147166484	25.81122152428878	0.5933333333333334	0.56
37	0.14537466827191806	25.60924196243286	0.5941666666666666	0.5533333333333333
38	0.14530641604692507	25.557235793063516	0.5933333333333334	0.5466666666666666
39	0.1452409505844116	25.584947059029027	0.5925	0.56
40	0.1449231810686065	25.37797418393587	0.5866666666666667	0.5533333333333333
41	0.14512214206513904	25.148944177125628	0.6016666666666667	0.5533333333333333
42	0.14554307627123456	25.1305368825009	0.5983333333333334	0.5466666666666666
43	0.14552991498600354	25.20760726928711	0.6008333333333333	0.56
-1	-1	-1	-1	-1
0	0.18714022636413574	33.39328439612137	0.44083333333333335	0.41333333333333333
1	0.16744136810302734	33.55800739087557	0.43916666666666665	0.4666666666666667
2	0.1628584861755371	32.03606369620875	0.45416666666666666	0.4666666666666667
3	0.15812623500823975	30.49355805547614	0.5191666666666667	0.4866666666666667
4	0.15487794876098632	29.94172322122674	0.5291666666666667	0.5066666666666667
5	0.1542386213938395	29.726004851491826	0.5233333333333333	0.46
6	0.15210679599217006	29.483146215740003	0.5375	0.4666666666666667
7	0.1508580446243286	28.97144049092343	0.5391666666666667	0.48
8	0.15120490392049155	29.041628461135062	0.5308333333333334	0.5
9	0.1504465103149414	29.312661196056165	0.5291666666666667	0.5
10	0.14966080405495383	28.639320373535156	0.5466666666666666	0.48
11	0.14999447266260782	28.795198189584834	0.5516666666666666	0.47333333333333333
12	0.14943836285517767	28.481113283257734	0.5508333333333333	0.4866666666666667
13	0.14880142893110002	28.056398592497175	0.5575	0.49333333333333335
14	0.1490132967631022	28.067183318891022	0.5708333333333333	0.4866666666666667
15	0.14862877130508423	28.18459294971667	0.5566666666666666	0.47333333333333333
16	0.14824137968175552	27.84906698528089	0.5583333333333333	0.48
17	0.14860965145958793	27.526689027485094	0.5566666666666666	0.49333333333333335
18	0.148239813352886	27.452094579997816	0.5675	0.5
19	0.1477979063987732	27.16436923177619	0.5766666666666667	0.4866666666666667
20	0.14791486376807803	27.02985462389494	0.5766666666666667	0.52
21	0.1475205746563998	26.992815896084434	0.5766666666666667	0.5066666666666667
22	0.14739686509837274	26.640732765197754	0.58	0.5066666666666667
23	0.1475326120853424	26.571613286670885	0.58	0.5133333333333333
24	0.14693981170654297	26.525539373096667	0.5816666666666667	0.5133333333333333
25	0.14682540526756874	26.17956462659334	0.5783333333333334	0.5
26	0.14679355091518825	26.449916237278988	0.5841666666666666	0.5
27	0.14629243101392472	26.166541049354954	0.5841666666666666	0.5333333333333333
28	0.14629925530532312	26.00610441910593	0.5925	0.49333333333333335
29	0.1461880604426066	25.90066553417005	0.5908333333333333	0.5
30	0.14576632745804324	25.76434941040842	0.5958333333333333	0.4866666666666667
31	0.14587199687957764	25.864304040607653	0.5908333333333333	0.5133333333333333
32	0.14591862938620828	25.32063529365941	0.6058333333333333	0.5266666666666666
33	0.14568253124461455	25.338572251169307	0.6033333333333334	0.5333333333333333
34	0.14582407815115792	25.175564841220254	0.5983333333333334	0.5133333333333333
35	0.14585035377078587	25.146140650699014	0.6058333333333333	0.5333333333333333
36	0.14562436696645376	24.93490949429964	0.6091666666666666	0.52
37	0.14577790310508326	24.85396977474815	0.6091666666666666	0.52
38	0.14598784691248184	24.9563509539554	0.6016666666666667	0.52
39	0.1460445523262024	24.570702753568952	0.6091666666666666	0.5266666666666666
40	0.14596833252325292	24.519860819766397	0.6166666666666667	0.54
41	0.14625791708628336	24.47690143083271	0.6133333333333333	0.52
42	0.14632955262827319	24.517669376574066	0.6175	0.52
43	0.14626481858166782	24.32869281266865	0.6141666666666666	0.5333333333333333
44	0.14653268390231663	24.42952537536621	0.6091666666666666	0.5333333333333333
45	0.14657096240831458	24.174334551158704	0.6158333333333333	0.5266666666666666
46	0.14651151920886749	24.13134389174612	0.6266666666666667	0.54
47	0.14676136275132498	24.01408140282882	0.6241666666666666	0.54
48	0.14683912724864726	24.040659954673366	0.6208333333333333	0.52
49	0.1467662239074707	23.95073612112748	0.6241666666666666	0.5266666666666666
50	0.14689414173948998	23.862371319218685	0.6275	0.54
51	0.14673183056024405	23.868248487773695	0.6208333333333333	0.52
52	0.14660899144298625	23.75039359142906	0.625	0.54
53	0.1468463208940294	23.827517559653835	0.6241666666666666	0.54
54	0.14688527367331766	23.71894449936716	0.6208333333333333	0.5333333333333333
55	0.14678055899483816	23.68656964051096	0.6258333333333334	0.5266666666666666
56	0.14694661006592868	23.69571582894576	0.6216666666666667	0.54
57	0.14694751542190027	23.579137124513323	0.6283333333333333	0.5266666666666666
58	0.14687090404963088	23.641320103093197	0.625	0.5333333333333333
59	0.1469890594482422	23.59652714980276	0.6308333333333334	0.5333333333333333
60	0.1468414595869721	23.621579898031133	0.6233333333333333	0.5333333333333333
-1	-1	-1	-1	-1
0	0.18160271644592285	33.555664213080156	0.44666666666666666	0.5
1	0.1660928726196289	33.42095334906327	0.45166666666666666	0.4
2	0.15889477729797363	31.267118654753034	0.5058333333333334	0.49333333333333335
3	0.15560388565063477	30.517660492344906	0.5016666666666667	0.5533333333333333
4	0.15536026954650878	30.180669433192204	0.5216666666666666	0.48
5	0.15400946140289307	29.72870189265201	0.5158333333333334	0.4866666666666667
6	0.15212586947849818	29.745039287366364	0.5241666666666667	0.47333333333333333
7	0.15245115756988525	29.326228141784668	0.5216666666666666	0.5066666666666667
8	0.15200201670328775	29.11904031351993	0.5283333333333333	0.48
9	0.15153396129608154	28.862947940826416	0.535	0.4866666666666667
10	0.15212514183738016	29.55538501237568	0.5291666666666667	0.47333333333333333
11	0.15172497431437174	29.7604953615289	0.5275	0.44666666666666666
12	0.15124992223886344	28.94628815901907	0.5375	0.47333333333333333
13	0.1516556910106114	28.514009124354313	0.5516666666666666	0.49333333333333335
14	0.15145923296610514	28.3894002563075	0.5491666666666667	0.5066666666666667
15	0.15098589658737183	28.348201249775133	0.545	0.4866666666666667
16	0.15144062042236328	27.790871846048457	0.5575	0.5133333333333333
17	0.15125550164116752	27.577125549316406	0.5558333333333333	0.52
18	0.15089693822358785	27.49655562952945	0.5633333333333334	0.5
19	0.1513005495071411	27.54699619192826	0.5675	0.49333333333333335
20	0.15129194940839494	27.127983469712106	0.5608333333333333	0.52
21	0.1507478735663674	26.847326278686523	0.575	0.5133333333333333
22	0.15090525668600333	26.70084127626921	0.57	0.5266666666666666
23	0.15044514338175455	26.56202153155678	0.5775	0.5266666666666666
24	0.150024938583374	26.37152533782156	0.585	0.4866666666666667
25	0.1501223215690026	26.370509724867972	0.5875	0.5
26	0.14970768822564018	26.27577337465788	0.5858333333333333	0.49333333333333335
27	0.14936702592032297	26.12093062149851	0.5833333333333334	0.5066666666666667
28	0.1496381924070161	25.864713769210013	0.5866666666666667	0.5333333333333333
29	0.1494774023691813	25.869873824872467	0.5866666666666667	0.52
-1	-1	-1	-1	-1
0	0.1836545467376709	33.22784067455091	0.4483333333333333	0.5
1	0.16159725189208984	33.530047266106855	0.46166666666666667	0.5466666666666666
2	0.1560360590616862	31.201893580587285	0.49	0.52
3	0.15058737993240356	31.647424095555355	0.49333333333333335	0.52
4	0.1484769821166992	30.8861396689164	0.5108333333333334	0.5066666666666667
5	0.14848693211873373	30.31401448500784	0.52	0.5133333333333333
6	0.14723682403564453	30.031032110515394	0.52	0.5
7	0.15282529592514038	29.501346111297607	0.5291666666666667	0.5
8	0.1511927975548638	29.554390104193438	0.5275	0.5
9	0.15132999420166016	29.536369951147783	0.5233333333333333	0.49333333333333335
10	0.15017778223211115	29.495834225102474	0.53	0.5066666666666667
11	0.14922805627187094	29.38049178374441	0.5283333333333333	0.5
12	0.1493993172278771	29.645881477155182	0.5341666666666667	0.5
13	0.14859497547149658	29.39048752031828	0.5408333333333334	0.48
14	0.1484052022298177	28.884242283670527	0.5441666666666667	0.48
15	0.14840561151504517	28.602245130037005	0.5475	0.5
16	0.1476930870729334	28.425748247849313	0.5583333333333333	0.5
17	0.1474673350652059	28.780718150891754	0.5541666666666667	0.47333333333333333
18	0.14759928301761024	28.26045779178017	0.5608333333333333	0.47333333333333333
19	0.14709184169769288	28.015192182440508	0.5591666666666667	0.5
20	0.14693446386428105	27.709631568507145	0.57	0.4666666666666667
21	0.14709473739970813	27.614625378658896	0.575	0.49333333333333335
22	0.14667740075484567	27.45209671321668	0.5808333333333333	0.4866666666666667
23	0.1465104321638743	27.192452506015176	0.5808333333333333	0.46
24	0.14641751289367677	27.34018749939768	0.5808333333333333	0.48
25	0.1460557350745568	26.703429146816855	0.5933333333333334	0.48
26	0.1469418649320249	26.732508659362793	0.59	0.47333333333333333
27	0.1469984906060355	26.52847751818205	0.5933333333333334	0.4666666666666667
28	0.14648828013189907	26.3918430177789	0.5916666666666667	0.47333333333333333
29	0.14636538823445638	26.55679582294665	0.5816666666666667	0.4866666666666667
-1	-1	-1	-1	-1
0	0.17196440696716309	33.31499157453838	0.4683333333333333	0.4866666666666667
1	0.15496444702148438	33.53654349477667	0.4666666666666667	0.52
2	0.15264447530110678	31.90346451809532	0.4658333333333333	0.3933333333333333
3	0.1487271785736084	31.289801296434906	0.4925	0.46
4	0.14776339530944824	30.860537754861934	0.5066666666666667	0.49333333333333335
5	0.14749165376027426	30.21186105828536	0.5125	0.5066666666666667
6	0.1459789957318987	30.226110408180638	0.515	0.47333333333333333
7	0.1468164324760437	29.771001539732282	0.5175	0.46
8	0.14700155787997776	29.85107391758969	0.5216666666666666	0.5
9	0.1460052251815796	29.700521820469906	0.5325	0.46
10	0.14622564749284225	29.97245276601691	0.5208333333333334	0.4266666666666667
11	0.14636204640070596	29.31195986898322	0.5358333333333334	0.4533333333333333
12	0.14568283007695124	29.178237965232448	0.5316666666666666	0.47333333333333333
13	0.14555633068084717	28.73189313788163	0.5466666666666666	0.4666666666666667
14	0.1457316557566325	29.08357492246126	0.5408333333333334	0.49333333333333335
15	0.1451360285282135	28.435974372060674	0.5516666666666666	0.5266666666666666
16	0.14517611615798054	28.221116643202933	0.5558333333333333	0.47333333333333333
17	0.1455069382985433	28.21714062439768	0.545	0.5066666666666667
18	0.14518712696276212	28.06146566491378	0.5475	0.4866666666666667
19	0.14526810646057128	28.043435046547337	0.5466666666666666	0.4666666666666667
20	0.14556711060660227	27.503803202980443	0.56	0.48
21	0.1454371539029208	27.48719466359992	0.5658333333333333	0.48
22	0.14528238255044687	27.252247609590228	0.5691666666666667	0.47333333333333333
23	0.14567426840464273	27.160443381259316	0.5733333333333334	0.48
24	0.14548751831054688	27.47751095420436	0.57	0.5
25	0.14521580476027268	27.12717096429122	0.57	0.48
26	0.14539313316345215	26.977256850192422	0.5683333333333334	0.5133333333333333
27	0.14530772822243826	26.799326545313786	0.5708333333333333	0.47333333333333333
28	0.14514888566115808	26.46733251370882	0.5808333333333333	0.5266666666666666
29	0.14555375576019286	26.239285142798174	0.5925	0.5133333333333333
30	0.1455337155249811	26.051430727306165	0.5833333333333334	0.4866666666666667
31	0.14549916237592697	25.954435122640508	0.5916666666666667	0.4866666666666667
32	0.1457087704629609	25.842687029587594	0.5916666666666667	0.5133333333333333
33	0.1454323460074032	25.758740123949554	0.5933333333333334	0.5133333333333333
34	0.14525040217808316	25.644801440991852	0.6025	0.4866666666666667
35	0.14542757140265572	25.43903340791401	0.59	0.5133333333333333
-1	-1	-1	-1	-1
0	0.16351103782653809	33.382471435948425	0.4558333333333333	0.4266666666666667
1	0.15513265132904053	33.65981721878052	0.4741666666666667	0.5
2	0.15143656730651855	31.146893149928044	0.4841666666666667	0.5533333333333333
3	0.1473790407180786	30.52918055183009	0.49583333333333335	0.5733333333333334
4	0.14690799713134767	30.285334185550088	0.5116666666666667	0.5466666666666666
5	0.1463297208150228	30.189538704721553	0.51	0.56
6	0.1453260694231306	29.96817980314556	0.515	0.54
7	0.1457667052745819	29.56023718181409	0.5225	0.5266666666666666
8	0.14698772960238987	29.400086553473223	0.5308333333333334	0.52
9	0.14602515697479249	29.03434173684371	0.5258333333333334	0.5533333333333333
10	0.14502978324890137	29.674723775763262	0.5166666666666667	0.5466666666666666
11	0.1455821394920349	29.08402651234677	0.5341666666666667	0.54
12	0.14510413316579965	28.81090457815873	0.5408333333333334	0.5333333333333333
13	0.14434599876403809	28.34996730402896	0.5458333333333333	0.5333333333333333
14	0.145055357615153	28.067406855131452	0.5591666666666667	0.5533333333333333
15	0.14471781253814697	28.05536601417943	0.5558333333333333	0.5866666666666667
16	0.14432966007905848	27.84492926848562	0.5541666666666667	0.5
17	0.14484075705210367	27.729577666834782	0.5541666666666667	0.54
18	0.1444713316465679	27.651817221390573	0.5683333333333334	0.5333333333333333
19	0.14414445161819459	27.277304799933184	0.5783333333333334	0.56
20	0.14459214891706193	27.03509827664024	0.575	0.54
21	0.14421371980146927	26.786520832463314	0.5741666666666667	0.49333333333333335
22	0.1438253651494565	27.1638049075478	0.5708333333333333	0.54
23	0.14405051867167154	26.904079186288936	0.5666666666666667	0.5133333333333333
24	0.1439264488220215	26.24870383112054	0.5833333333333334	0.56
25	0.14370457025674674	26.10582110756322	0.595	0.5533333333333333
26	0.14416060624299226	26.024022177646035	0.6008333333333333	0.5266666666666666
27	0.14430320262908936	25.717444369667454	0.5875	0.52
28	0.14417050624715871	25.80350368901303	0.5991666666666666	0.5266666666666666
29	0.14433828194936116	25.67732743213051	0.6041666666666666	0.5333333333333333
30	0.14425828379969444	25.267193769153796	0.6008333333333333	0.5333333333333333
31	0.144460067152977	25.34534246043155	0.5975	0.54
32	0.1447493957750725	25.228140856090345	0.6033333333333334	0.5533333333333333
33	0.1446041640113382	24.873155066841527	0.6125	0.5466666666666666
34	0.14444749695914133	24.750679216886823	0.6166666666666667	0.5533333333333333
35	0.14466829432381523	24.75043608012952	0.6091666666666666	0.5466666666666666
-1	-1	-1	-1	-1
0	0.16496872901916504	33.053908348083496	0.465	0.38666666666666666
1	0.15162670612335205	33.40060894112838	0.48583333333333334	0.41333333333333333
2	0.14998753865559897	31.254959106445312	0.49833333333333335	0.44
3	0.14626777172088623	30.565976996170846	0.515	0.4533333333333333
4	0.14500751495361328	30.146755770633096	0.5125	0.44666666666666666
5	0.1452425718307495	29.90806730169999	0.515	0.4666666666666667
6	0.1439204216003418	29.849198291176243	0.5316666666666666	0.44666666666666666
7	0.1436558961868286	29.533126881248073	0.5366666666666666	0.46
8	0.14358658260769314	29.411223461753444	0.5316666666666666	0.46
9	0.14280190467834472	29.225015489678633	0.5483333333333333	0.44666666666666666
10	0.14317551526156339	28.728568579021253	0.5533333333333333	0.4533333333333333
11	0.1436565121014913	28.61627001511423	0.5533333333333333	0.4666666666666667
12	0.14327474740835336	28.898592221109492	0.55	0.4666666666666667
13	0.14336308411189488	28.475098032700387	0.5708333333333333	0.4533333333333333
14	0.1435541311899821	28.085935416974518	0.56	0.47333333333333333
15	0.14298319816589355	28.12464141845703	0.5666666666666667	0.4666666666666667
16	0.14359446132884307	27.75377198269493	0.5716666666666667	0.4866666666666667
17	0.14379213915930855	27.579973798049124	0.5741666666666667	0.4866666666666667
18	0.14349769291124845	27.460971179761383	0.5783333333333334	0.47333333333333333
19	0.14358804225921631	26.981280678196956	0.5825	0.48
20	0.1435826960064116	26.861315024526494	0.5883333333333334	0.4666666666666667
21	0.14304711601950906	26.49227950447484	0.5958333333333333	0.47333333333333333
22	0.14338443590247113	26.73436353081151	0.5833333333333334	0.5
23	0.14346285661061606	26.485607824827497	0.5866666666666667	0.5
24	0.1432717990875244	26.08907995725933	0.595	0.44666666666666666
25	0.14345789872683012	25.988589311900892	0.5933333333333334	0.47333333333333333
26	0.14363429281446669	25.89227799365395	0.5983333333333334	0.48
27	0.1433811272893633	25.826866727126273	0.5908333333333333	0.4666666666666667
28	0.14349031448364258	27.499199842151842	0.5808333333333333	0.4866666666666667
29	0.14351378281911215	25.907094855057565	0.5966666666666667	0.48
30	0.14332978956161008	25.38989533876118	0.605	0.46
31	0.1436063051223755	25.06896259910182	0.6066666666666667	0.49333333333333335
32	0.14383988669424347	25.20306594748246	0.6008333333333333	0.5
33	0.1442856648389031	25.063809946963662	0.6058333333333333	0.47333333333333333
34	0.14405093874250138	24.963548308924626	0.605	0.47333333333333333
35	0.14417925145890978	24.7984181956241	0.6125	0.4866666666666667
36	0.1439278963449839	24.731485517401445	0.6075	0.4666666666666667
37	0.14398845245963648	24.677231587861712	0.6116666666666667	0.49333333333333335
38	0.14417763856741098	24.60705212542885	0.6175	0.4866666666666667
39	0.14400668144226075	24.363736077358848	0.6075	0.47333333333333333
40	0.1439462464030196	24.415307421433297	0.6208333333333333	0.48
41	0.1440086535045079	24.332365939491673	0.615	0.48
42	0.14375547475593034	24.350720004031533	0.6158333333333333	0.4533333333333333
-1	-1	-1	-1	-1
0	0.17932963371276855	33.417054075943796	0.44333333333333336	0.4
1	0.1591031551361084	33.68362215945595	0.435	0.4666666666666667
2	0.1502868334452311	31.5564923286438	0.49	0.48
3	0.148720383644104	30.778959625645687	0.4866666666666667	0.42
4	0.1454538345336914	30.398515400133636	0.5041666666666667	0.4666666666666667
5	0.14564935366312662	30.27706357052452	0.5091666666666667	0.48
6	0.1464062077658517	30.309636116027832	0.5066666666666667	0.4666666666666667
7	0.14592790603637695	30.095640358171966	0.5208333333333334	0.48
8	0.14526504940456814	29.6167348560534	0.5225	0.48
9	0.146517014503479	29.676887763173955	0.52	0.49333333333333335
10	0.146295504136519	29.70396358088443	0.5275	0.47333333333333333
11	0.14598546425501505	29.499027001230342	0.5266666666666666	0.49333333333333335
12	0.14685993928175706	28.920520732277318	0.535	0.46
13	0.14667086941855295	28.833882984362152	0.53	0.48
14	0.1458234151204427	28.58471263082404	0.5383333333333333	0.4866666666666667
15	0.14593073725700378	28.665969221215498	0.5475	0.46
16	0.14527556475471048	28.717055421126517	0.5475	0.4533333333333333
17	0.14514774746365017	28.31072114643298	0.5425	0.4533333333333333
18	0.14517851879722193	27.872743832437617	0.5525	0.48
19	0.1446770429611206	27.750112433182565	0.5533333333333333	0.4666666666666667
20	0.14461671738397508	27.4107968681737	0.5791666666666667	0.48
21	0.14458243413404984	27.950048547042044	0.555	0.4666666666666667
22	0.14415454864501953	28.090814439873945	0.545	0.48
23	0.1440909206867218	27.310541604694567	0.5591666666666667	0.48
24	0.14420122146606446	26.98835031609786	0.5641666666666667	0.48
25	0.14378969485943133	27.093971403021563	0.5616666666666666	0.48
26	0.14370821140430592	26.664894706324528	0.5783333333333334	0.5
27	0.14370111056736537	26.494711825722142	0.5825	0.46
28	0.14328155846431337	26.384728205831426	0.5866666666666667	0.48
29	0.14332521756490071	26.401915575328626	0.5808333333333333	0.48
30	0.1434413925293953	25.840267582943564	0.5983333333333334	0.44666666666666666
31	0.14324234426021576	25.634672089626914	0.5991666666666666	0.47333333333333333
32	0.1433804974411473	25.509591278276947	0.59	0.49333333333333335
33	0.14350314701304717	25.269156556380423	0.6008333333333333	0.46
34	0.14344045094081334	25.485567368959124	0.6125	0.48
35	0.1432324316766527	25.0799621029904	0.6091666666666666	0.46
36	0.14332249357893662	25.006424627806012	0.61	0.44666666666666666
37	0.1430526281657972	24.977817184046696	0.5991666666666666	0.4533333333333333
38	0.14308967957129845	25.003902560786198	0.6133333333333333	0.48
39	0.143140971660614	24.901305324152897	0.6083333333333333	0.46
40	0.14287880571877085	24.666577038012054	0.6041666666666666	0.46
41	0.14295528048560732	24.52816925550762	0.6133333333333333	0.49333333333333335
42	0.14298201716223427	24.37517133511995	0.6116666666666667	0.4533333333333333
43	0.14273453842509876	24.372124596645957	0.6025	0.46
44	0.14277594884236652	24.21578854008725	0.6133333333333333	0.46
45	0.1428771329962689	24.20113975123355	0.6141666666666666	0.47333333333333333
46	0.14272204865800572	24.204213016911556	0.6116666666666667	0.48
-1	-1	-1	-1	-1
0	0.1763160228729248	34.075295096949525	0.4141666666666667	0.4666666666666667
1	0.15919601917266846	33.59363831971821	0.4825	0.5
2	0.1540954907735189	31.374426465285453	0.49	0.49333333333333335
3	0.1532863974571228	30.891939916108782	0.4875	0.5133333333333333
4	0.15037736892700196	30.161704113608913	0.51	0.56
5	0.14761690298716226	30.144877509066934	0.5158333333333334	0.52
6	0.14698260171072824	30.242001684088457	0.5008333333333334	0.5266666666666666
7	0.14500823616981506	29.618035416854056	0.515	0.5333333333333333
8	0.1450898117489285	29.72452489953292	0.5258333333333334	0.5133333333333333
9	0.145563006401062	29.60241086859452	0.52	0.52
10	0.14491389014504172	29.304193145350407	0.5241666666666667	0.52
11	0.14631440242131552	29.061448900323164	0.5233333333333333	0.52
12	0.1464389654306265	29.115367688630755	0.5283333333333333	0.54
13	0.14618514265332902	28.838507150348864	0.5408333333333334	0.5533333333333333
14	0.1461373488108317	28.61246109008789	0.5358333333333334	0.54
15	0.14648529887199402	28.53396275168971	0.5533333333333333	0.5133333333333333
16	0.14624810218811035	28.23670276842619	0.5533333333333333	0.5333333333333333
17	0.14595558908250597	28.118539509020355	0.5516666666666666	0.5266666666666666
18	0.14640614860936216	28.116945367110404	0.5558333333333333	0.5266666666666666
19	0.14636492729187012	27.639474718194258	0.5633333333333334	0.54
20	0.14623136747451054	27.48652252398039	0.5608333333333333	0.5466666666666666
21	0.1466398130763661	27.394849325481214	0.5683333333333334	0.58
22	0.14684868895489236	27.146741314938193	0.5783333333333334	0.52
23	0.14656601349512735	27.036503565938848	0.57	0.5466666666666666
24	0.14620439529418947	26.858729764034873	0.5691666666666667	0.5333333333333333
25	0.14617981360508844	26.704940168481123	0.5808333333333333	0.5533333333333333
26	0.14567118220859104	26.701253715314362	0.5766666666666667	0.5666666666666667
27	0.1457356640270778	26.53569417250784	0.5775	0.56
28	0.1457909633373392	26.29532527923584	0.5791666666666667	0.5266666666666666
29	0.14540075461069743	26.240207145088597	0.59	0.5466666666666666
30	0.14536174651115172	26.09778743041189	0.5866666666666667	0.5666666666666667
31	0.1454031690955162	25.82621539266486	0.5916666666666667	0.5466666666666666
32	0.1453479275558934	25.769681278027985	0.5925	0.54
33	0.14522963411667766	25.845688493628252	0.5816666666666667	0.52
34	0.14530947549002513	25.329657880883467	0.6016666666666667	0.5333333333333333
35	0.14512860774993896	25.507861112293444	0.5975	0.5333333333333333
36	0.14506071322673075	25.59994828073602	0.5941666666666666	0.54
37	0.14511954156975998	25.384190433903743	0.5941666666666666	0.5533333333333333
38	0.1449752770937406	25.018348367590654	0.6	0.5666666666666667
39	0.14503333568572999	25.000107664810983	0.6033333333333334	0.5533333333333333
40	0.14511224700183403	24.798151141718815	0.61	0.5533333333333333
41	0.14507385094960532	24.689526733599212	0.6133333333333333	0.5466666666666666
-1	-1	-1	-1	-1
0	0.18033814430236816	33.039324383986624	0.4483333333333333	0.4666666666666667
1	0.16284465789794922	33.29743184541401	0.4583333333333333	0.4
2	0.1536384423573812	31.5022241692794	0.49666666666666665	0.4866666666666667
3	0.15120959281921387	30.571950084284733	0.5008333333333334	0.4866666666666667
4	0.1499098300933838	30.42729468094675	0.5125	0.48
5	0.14742394288380942	30.054705745295475	0.5216666666666666	0.49333333333333335
6	0.14740347862243652	29.680669081838506	0.5325	0.47333333333333333
7	0.1473289132118225	29.602693156192178	0.5283333333333333	0.49333333333333335
8	0.14624041981167263	29.104432206404837	0.5266666666666666	0.46
9	0.14600157737731934	29.310668794732344	0.5241666666666667	0.5066666666666667
10	0.14616077596491034	29.178485443717555	0.5258333333333334	0.49333333333333335
11	0.14561492204666138	28.514229372928018	0.5475	0.52
12	0.14558782944312462	28.429228079946416	0.5333333333333333	0.5133333333333333
13	0.14569692952292307	27.780517025997764	0.5641666666666667	0.49333333333333335
14	0.14512813886006673	27.768401898835833	0.5483333333333333	0.47333333333333333
15	0.14512629806995392	28.180175831443385	0.5483333333333333	0.48
16	0.1452599273008459	27.8596221773248	0.5575	0.52
17	0.14483177661895752	27.376437764418753	0.5733333333333334	0.5133333333333333
18	0.144759454225239	27.124674696671335	0.5683333333333334	0.5333333333333333
19	0.1447695016860962	26.925509653593366	0.5766666666666667	0.5066666666666667
20	0.1442259947458903	26.756910750740452	0.5808333333333333	0.5266666666666666
21	0.1443476135080511	26.595262151015433	0.58	0.5133333333333333
22	0.14448163820349652	26.412539206053083	0.5816666666666667	0.5
23	0.144090602795283	26.46712579225239	0.5833333333333334	0.52
24	0.14411059379577637	25.956867167824193	0.5825	0.5
25	0.1441663778745211	25.983069043410453	0.5925	0.52
26	0.14370618926154244	25.635120216168854	0.5941666666666666	0.49333333333333335
27	0.14369240828922816	25.52194851323178	0.6083333333333333	0.5066666666666667
28	0.14366541237666688	25.63232055463289	0.59	0.5266666666666666
29	0.1432596206665039	25.454231412787188	0.5933333333333334	0.52
30	0.14328292108351184	25.163046585886104	0.6025	0.5133333333333333
31	0.14337697625160217	25.080932065060264	0.6075	0.5
32	0.14310831734628388	24.780880074752005	0.6116666666666667	0.54
33	0.14310028272516587	24.704068786219548	0.6083333333333333	0.5
34	0.1431856632232666	24.568230930127594	0.6183333333333333	0.5266666666666666
35	0.14298377434412637	24.44829044843975	0.6125	0.5066666666666667
36	0.14317837921348778	24.43582017798173	0.6166666666666667	0.5
37	0.14339871783005564	24.338563341843454	0.6125	0.4866666666666667
38	0.1432638046069023	24.321512297580117	0.6116666666666667	0.52
39	0.1430654764175415	24.148452407435368	0.6166666666666667	0.5133333333333333
40	0.14327296978089868	24.089907595985814	0.6108333333333333	0.52
41	0.1431471620287214	24.02897004077309	0.6166666666666667	0.5066666666666667
42	0.14308849046396654	23.807868380295602	0.6208333333333333	0.5066666666666667
43	0.14330688389864835	23.88730942575555	0.6191666666666666	0.5066666666666667
44	0.14320477379692925	23.828082611686305	0.6125	0.52
45	0.14315554370050845	23.685632504914935	0.6216666666666667	0.5133333333333333
46	0.14335468474854815	23.64824084231728	0.6225	0.5133333333333333
47	0.143278698126475	23.61088572050396	0.6208333333333333	0.5066666666666667
48	0.14323489520014548	23.519542869768646	0.6283333333333333	0.5066666666666667
49	0.14339956760406494	23.652143478393555	0.6266666666666667	0.5
50	0.1433224304049623	23.54450798034668	0.6208333333333333	0.49333333333333335
51	0.1432592226908757	23.3934722950584	0.6308333333333334	0.5066666666666667
52	0.14338855473500378	23.4001532102886	0.6183333333333333	0.5066666666666667
-1	-1	-1	-1	-1
0	0.15684771537780762	33.00785601766486	0.435	0.44666666666666666
1	0.15049540996551514	33.39815922787315	0.48083333333333333	0.5333333333333333
2	0.14792084693908691	31.522985659147565	0.49166666666666664	0.54
3	0.14455902576446533	30.436505694138376	0.5141666666666667	0.52
4	0.1445556640625	29.963772472582367	0.525	0.5333333333333333
5	0.14393957455952963	29.89281062075966	0.5133333333333333	0.5
6	0.14260775702340261	29.58110533262554	0.52	0.5133333333333333
7	0.1426810324192047	30.014556859668932	0.5341666666666667	0.5133333333333333
8	0.14296256171332467	29.720781301197253	0.5208333333333334	0.5333333333333333
9	0.14216818809509277	29.53632721148039	0.5408333333333334	0.5133333333333333
10	0.142295165495439	29.255788953680742	0.5425	0.47333333333333333
11	0.14272284507751465	29.256614534478437	0.5408333333333334	0.5
12	0.14262784444368803	29.028160019924766	0.5491666666666667	0.5066666666666667
13	0.14224987370627268	28.8266803339908	0.5466666666666666	0.52
14	0.14292896588643392	28.225055744773464	0.5658333333333333	0.49333333333333335
15	0.142820343375206	27.912218620902614	0.5691666666666667	0.5066666666666667
16	0.1425950527191162	27.66974180623105	0.5708333333333333	0.5
17	0.14328767193688285	27.569139455494128	0.5775	0.5266666666666666
18	0.14298845592298007	27.410463157453034	0.5741666666666667	0.5333333333333333
19	0.14265625476837157	27.23110808824238	0.58	0.5
20	0.14305845896402994	26.933453911229183	0.585	0.5
21	0.14266779206015848	26.779867021661055	0.585	0.5266666666666666
22	0.14275794443876846	26.75297006807829	0.5875	0.5
23	0.14302658041318259	26.279920377229388	0.5941666666666666	0.46
24	0.14281723976135255	26.39408284739444	0.5958333333333333	0.47333333333333333
25	0.1427837977042565	26.32890678706922	0.5908333333333333	0.5
26	0.14318989824365685	25.98938683459633	0.5983333333333334	0.4866666666666667
27	0.14298094170434134	25.89528445193642	0.6016666666666667	0.4866666666666667
28	0.14305461686232995	25.98722929703562	0.5966666666666667	0.48
29	0.1433466037114461	25.729884975834896	0.6	0.49333333333333335
-1	-1	-1	-1	-1
0	0.1598505973815918	33.4425519642077	0.4583333333333333	0.5
1	0.15377628803253174	33.66713463632684	0.48833333333333334	0.3933333333333333
2	0.15094860394795737	31.69100947129099	0.49833333333333335	0.42
3	0.14771324396133423	30.696868168680293	0.515	0.44
4	0.14698939323425292	30.56994510951795	0.5066666666666667	0.44666666666666666
5	0.14743653933207193	30.306759683709394	0.5225	0.4266666666666667
6	0.14656795774187362	29.69561596920616	0.5225	0.42
7	0.14619120955467224	29.784636447304173	0.5258333333333334	0.44666666666666666
8	0.14742766486273873	29.565377385992754	0.53	0.44
9	0.14689898490905762	29.173013335780094	0.5475	0.42
10	0.1465001106262207	29.41958146346243	0.5383333333333333	0.4266666666666667
11	0.1478118896484375	29.301208747060674	0.5391666666666667	0.4533333333333333
12	0.14776829572824332	28.83609776747854	0.5433333333333333	0.44
13	0.14674770832061768	28.59029564104582	0.5625	0.4533333333333333
14	0.14721773465474447	28.44613634912591	0.5383333333333333	0.44
15	0.14689120650291443	28.095541753266986	0.555	0.46
16	0.14655399322509766	28.07669499045924	0.5591666666666667	0.44
17	0.14679300785064697	27.762600020358438	0.5591666666666667	0.4533333333333333
18	0.14612686006646408	27.622192182038958	0.5683333333333334	0.46
19	0.1461201310157776	27.27177243483694	0.5716666666666667	0.4266666666666667
20	0.14611062549409412	27.108924439078883	0.5766666666666667	0.4533333333333333
21	0.14565572955391623	27.63368124710886	0.575	0.43333333333333335
22	0.14585097976352857	27.16673973986977	0.5791666666666667	0.4266666666666667
23	0.14599364002545676	26.855379004227487	0.5825	0.43333333333333335
24	0.1458344554901123	26.74441533339651	0.5825	0.42
25	0.14576068291297326	26.59345299319217	0.5858333333333333	0.4266666666666667
26	0.14593685997856987	26.235048971678083	0.5958333333333333	0.43333333333333335
27	0.14558081115995133	26.16539576179103	0.5916666666666667	0.4266666666666667
28	0.14557088654616784	25.855632882369193	0.6033333333333334	0.42
29	0.14565462271372479	25.622233265324642	0.6116666666666667	0.44
-1	-1	-1	-1	-1
0	0.16839909553527832	33.82323516042609	0.43916666666666665	0.4266666666666667
1	0.15561914443969727	33.234098835995326	0.44	0.47333333333333333
2	0.15131926536560059	31.358718721490156	0.485	0.5533333333333333
3	0.14879727363586426	31.037376805355674	0.4841666666666667	0.54
4	0.14749627113342284	30.448303021882708	0.505	0.5466666666666666
5	0.14695680141448975	30.220363240492972	0.5008333333333334	0.5466666666666666
6	0.14522426468985422	29.980838524667842	0.5158333333333334	0.5466666666666666
7	0.1452822983264923	30.039130612423545	0.505	0.56
8	0.1454719172583686	29.66092518756264	0.525	0.5333333333333333
9	0.14447925090789795	29.58263447410182	0.5283333333333333	0.5733333333333334
10	0.14473433928056198	29.65443596087004	0.5166666666666667	0.5333333333333333
11	0.14477338393529257	29.237550936247175	0.53	0.5666666666666667
12	0.14420034335209772	29.428392937308864	0.5166666666666667	0.5666666666666667
13	0.14442666939326695	28.818333274439762	0.5416666666666666	0.58
14	0.14460584322611492	29.040039213080156	0.5241666666666667	0.56
15	0.14403846859931946	28.747668818423623	0.5541666666666667	0.56
16	0.14465484899633071	28.616441927458112	0.5425	0.5666666666666667
17	0.14495498604244655	28.418418909374036	0.5441666666666667	0.5533333333333333
18	0.14452023255197624	28.330296215258148	0.545	0.54
19	0.14427900314331055	28.483934954593057	0.5458333333333333	0.5733333333333334
20	0.14448378199622744	28.300503479807002	0.5475	0.5733333333333334
21	0.1441587426445701	27.788444368462812	0.5558333333333333	0.5666666666666667
22	0.14430177730062735	27.86526484238474	0.5508333333333333	0.5866666666666667
23	0.14462273319562277	27.667336062381143	0.5575	0.5666666666666667
24	0.14447718620300293	27.333325310757285	0.5641666666666667	0.56
25	0.14435898340665376	27.290813697011846	0.5708333333333333	0.58
26	0.14466004018430356	27.07833531028346	0.5566666666666666	0.4866666666666667
27	0.14435450519834245	27.309268851029245	0.565	0.58
28	0.1443521236551219	26.820934345847682	0.5766666666666667	0.58
29	0.14451006253560383	26.81031578465512	0.57	0.5933333333333334
30	0.14433942302580802	26.8161880091617	0.5666666666666667	0.56
31	0.14436351507902145	26.559981948450993	0.5858333333333333	0.6133333333333333
32	0.14446390036380652	26.417008249383223	0.5725	0.58
33	0.14419329166412354	26.301937404431794	0.58	0.58
34	0.14412296840122768	26.08585392801385	0.5875	0.5733333333333334
35	0.14419802029927573	26.08418933968795	0.5741666666666667	0.56
36	0.14398058040721998	25.99208600897538	0.5858333333333333	0.5933333333333334
37	0.14412871787422582	25.78126327615035	0.5891666666666666	0.5933333333333334
38	0.1442088530613826	25.57233971043637	0.5941666666666666	0.6
39	0.1440148413181305	25.518979725084808	0.5958333333333333	0.5866666666666667
40	0.14413164883125118	25.44599656054848	0.59	0.5866666666666667
41	0.1441956190835862	25.281951327072946	0.5941666666666666	0.58
42	0.14400727804317032	25.375691815426475	0.59	0.5866666666666667
43	0.14410026506944137	25.15473320609645	0.5991666666666666	0.5866666666666667
44	0.144168488184611	25.171564528816624	0.6	0.5866666666666667
45	0.14399137185967487	24.98740412059583	0.6008333333333333	0.5733333333333334
46	0.1440766009878605	24.947339810823138	0.6066666666666667	0.5666666666666667
47	0.14415080348650613	24.912449585764033	0.6016666666666667	0.5933333333333334
48	0.14404001527903032	24.950777053833008	0.6008333333333333	0.58
49	0.14408414363861083	24.818994296224492	0.5966666666666667	0.58
50	0.14413121167351217	24.732277794888144	0.6041666666666666	0.58
51	0.14401276295001691	24.509894872966566	0.6108333333333333	0.58
-1	-1	-1	-1	-1
0	0.1782820224761963	32.96499397880152	0.46	0.32666666666666666
1	0.16124391555786133	33.31765039343583	0.41833333333333333	0.4866666666666667
2	0.15934117635091147	31.09165490301032	0.48333333333333334	0.44666666666666666
3	0.15384060144424438	30.282439507936175	0.5091666666666667	0.49333333333333335
4	0.15312438011169432	30.101457169181423	0.5083333333333333	0.49333333333333335
5	0.15114219983418783	29.908819098221628	0.5166666666666667	0.4666666666666667
6	0.15062955447605678	30.29066226356908	0.515	0.5133333333333333
7	0.15067335963249207	29.62596190603156	0.5133333333333333	0.4666666666666667
8	0.1495994726816813	29.43742342999107	0.5158333333333334	0.5133333333333333
9	0.1487200975418091	29.23000699595401	0.5308333333333334	0.47333333333333333
10	0.1491002386266535	29.298244124964665	0.53	0.47333333333333333
11	0.14837616682052612	28.890278665642988	0.5291666666666667	0.5066666666666667
12	0.14748169825627253	29.10831514157747	0.5408333333333334	0.5133333333333333
13	0.14743152686527797	29.328186235929792	0.5316666666666666	0.48
14	0.1465198834737142	28.61178051797967	0.545	0.5066666666666667
15	0.1465340554714203	28.311470634058903	0.5483333333333333	0.52
16	0.14669038267696605	28.191680807816354	0.5475	0.43333333333333335
17	0.14621157116360134	27.97063744695563	0.565	0.5066666666666667
18	0.1460438276592054	27.85277687875848	0.5566666666666666	0.4866666666666667
19	0.14603040218353272	27.787132187893516	0.5633333333333334	0.5266666666666666
20	0.14569782075427828	27.639931678771973	0.5608333333333333	0.5133333333333333
21	0.14600117640061813	27.79139887659173	0.5608333333333333	0.4866666666666667
22	0.14609354475270148	27.3306975615652	0.57	0.4866666666666667
23	0.1458073357741038	27.126709310632002	0.5733333333333334	0.5666666666666667
24	0.14586929321289063	26.86584234237671	0.5741666666666667	0.5066666666666667
25	0.145942367040194	26.747643721731084	0.5825	0.4866666666666667
26	0.14568662643432617	26.562436304594343	0.5816666666666667	0.52
27	0.14585953950881958	26.448502841748688	0.5791666666666667	0.52
28	0.14597397837145576	26.26405954360962	0.5808333333333333	0.48
29	0.14574374357859293	26.16099573436536	0.58	0.5
30	0.1456905488044985	25.92367629001015	0.5983333333333334	0.48
31	0.1458849087357521	25.848416303333483	0.5983333333333334	0.5333333333333333
32	0.1457885539892948	26.023980968876888	0.5875	0.44666666666666666
33	0.1456145258510814	25.669040554448177	0.5933333333333334	0.4866666666666667
34	0.14578566551208497	25.444090692620527	0.5975	0.5066666666666667
35	0.14560586876339382	25.34408268175627	0.595	0.52
36	0.14556719805743243	25.20461489024915	0.6	0.5
37	0.1458603582884136	24.972015782406455	0.6091666666666666	0.5133333333333333
38	0.14585273693769407	25.22913882606908	0.6025	0.5066666666666667
39	0.1457973003387451	25.106916904449463	0.6	0.5
40	0.1460622752585062	24.94232207850406	0.6083333333333333	0.4866666666666667
41	0.14579173496791295	25.036175702747546	0.6141666666666666	0.52
42	0.14571528656538144	24.718899024160283	0.61	0.5
43	0.14591363343325528	24.61190414428711	0.6141666666666666	0.5
-1	-1	-1	-1	-1
0	0.15870118141174316	33.516498615867214	0.4325	0.36666666666666664
1	0.15254628658294678	33.351880977028294	0.4141666666666667	0.44
2	0.14981301625569662	32.24761691846346	0.4841666666666667	0.46
3	0.14681172370910645	31.019942534597295	0.4841666666666667	0.44666666666666666
4	0.14654603004455566	30.639646630538138	0.5016666666666667	0.49333333333333335
5	0.146429181098938	30.609674001994886	0.51	0.4666666666666667
6	0.14512194905962264	30.346216753909463	0.5033333333333333	0.49333333333333335
7	0.1458820402622223	29.89394057424445	0.5183333333333333	0.5133333333333333
8	0.14592700534396702	30.28393496965107	0.51	0.47333333333333333
9	0.1445202112197876	29.7636775970459	0.5183333333333333	0.48
10	0.14481993155045944	29.79950852143137	0.5316666666666666	0.5
11	0.14529248078664145	29.810442271985504	0.5191666666666667	0.49333333333333335
12	0.14469555708078238	29.514376841093366	0.5291666666666667	0.5
13	0.14463319097246444	29.246110564784	0.535	0.4866666666666667
14	0.14480315844217936	29.192223323018926	0.535	0.4866666666666667
15	0.14410972595214844	28.558276226646022	0.5383333333333333	0.5
16	0.14407700650832234	28.581602749071624	0.5375	0.5
17	0.14410723580254448	28.343115379935817	0.5483333333333333	0.49333333333333335
18	0.1436142795964291	28.05338332527562	0.5608333333333333	0.4866666666666667
19	0.1442158579826355	27.941597185636823	0.5533333333333333	0.4866666666666667
20	0.1445321582612537	28.003794720298366	0.5466666666666666	0.5066666666666667
21	0.14453493465076794	27.634135622727243	0.5566666666666666	0.4666666666666667
22	0.14455360951630966	27.687966698094417	0.5616666666666666	0.52
23	0.14514138301213583	27.5047102978355	0.5575	0.47333333333333333
24	0.14541379928588868	27.34299727490074	0.555	0.5066666666666667
25	0.14526258065150335	27.067535701550934	0.5625	0.48
26	0.14541744302820275	27.005923823306436	0.5591666666666667	0.49333333333333335
27	0.14502079146248953	26.80346777564601	0.5683333333333334	0.48
28	0.14488937936980148	26.654911041259766	0.5733333333333334	0.4533333333333333
29	0.14486246903737385	26.541391096617048	0.5691666666666667	0.4866666666666667
30	0.14460002991460985	26.48484764601055	0.5841666666666666	0.5133333333333333
31	0.14458425343036652	26.295297798357513	0.58	0.48
32	0.14461453755696616	26.257838048433	0.5833333333333334	0.49333333333333335
33	0.14438171246472528	26.15446040504857	0.5808333333333333	0.52
34	0.14431216376168388	25.994511704695853	0.59	0.54
35	0.1442992091178894	27.143015434867458	0.5825	0.46
36	0.1441013748581345	26.491722533577367	0.5775	0.4866666666666667
37	0.14413787816700183	25.769716162430612	0.5883333333333334	0.48
38	0.14412648249895144	25.725725675884046	0.5858333333333333	0.5
39	0.14383020401000976	25.388199781116686	0.5933333333333334	0.4866666666666667
40	0.14400673494106386	25.280298634579307	0.5983333333333334	0.47333333333333333
41	0.144061355363755	25.28007015429045	0.5958333333333333	0.4866666666666667
42	0.14391353518463845	25.154280436666387	0.6008333333333333	0.5133333333333333
43	0.14418695731596512	25.18868777626439	0.5991666666666666	0.4533333333333333
44	0.14425691498650445	24.917625025699014	0.5983333333333334	0.47333333333333333
45	0.14408503408017365	24.86634595770585	0.6066666666666667	0.48
46	0.14412935236667065	24.922751727857086	0.61	0.4533333333333333
47	0.14419836302598318	24.772474991647822	0.5983333333333334	0.44
48	0.14405675810210558	24.707793587132503	0.6066666666666667	0.4666666666666667
49	0.14416327476501464	24.572611306843005	0.6066666666666667	0.4533333333333333
50	0.14418547761206532	24.574419121993216	0.6033333333333334	0.4533333333333333
51	0.14400973686805138	24.520222086655465	0.6116666666666667	0.46
52	0.14401270758430912	24.461308178148773	0.6133333333333333	0.4666666666666667
53	0.14404795346436677	24.47483474329898	0.6125	0.44
54	0.14382842670787466	24.418198987057334	0.6125	0.48
-1	-1	-1	-1	-1
0	0.17461633682250977	33.377463139985736	0.4508333333333333	0.4266666666666667
1	0.15632915496826172	33.66454553604126	0.4175	0.5533333333333333
2	0.1482404867808024	31.77850173649035	0.4841666666666667	0.5666666666666667
3	0.14793139696121216	30.809311314633018	0.5008333333333334	0.54
4	0.1447474479675293	30.958097809239437	0.5116666666666667	0.5133333333333333
5	0.14403307437896729	30.579306200930947	0.5216666666666666	0.54
6	0.14405434472220285	30.247449649007695	0.515	0.56
7	0.14249750971794128	30.570637778231973	0.5091666666666667	0.5533333333333333
8	0.1427797476450602	30.373324394226074	0.5258333333333334	0.5
9	0.14324591159820557	29.952405728791888	0.5291666666666667	0.6133333333333333
10	0.1439250815998424	29.773246338492946	0.5291666666666667	0.5666666666666667
11	0.1430249015490214	29.18676552019621	0.5275	0.56
12	0.14335100467388445	29.240531419452868	0.5341666666666667	0.6066666666666667
13	0.14267117636544363	28.81645335649189	0.5408333333333334	0.56
14	0.14304351806640625	28.813109247308027	0.5458333333333333	0.6
15	0.1431729644536972	28.427595640483656	0.5491666666666667	0.5733333333333334
16	0.1426844737109016	28.60607960349635	0.5466666666666666	0.58
17	0.14268404907650417	28.27930558355231	0.56	0.5866666666666667
18	0.14275013773064865	28.360792034550716	0.5508333333333333	0.5866666666666667
19	0.1429233193397522	28.04531192779541	0.5541666666666667	0.5733333333333334
20	0.1429519539787656	27.77652971368087	0.5608333333333333	0.5666666666666667
21	0.14319998567754572	27.440187002483167	0.5658333333333333	0.5933333333333334
22	0.14302639339281165	27.338243860947458	0.5658333333333333	0.5333333333333333
23	0.14299202958742777	27.33561440518028	0.5658333333333333	0.5666666666666667
24	0.14328718185424805	27.13020372390747	0.5675	0.5666666666666667
25	0.14316302079420823	27.143029865465667	0.58	0.5866666666666667
26	0.1429729285063567	27.302565951096383	0.5591666666666667	0.5533333333333333
27	0.143019437789917	26.633411407470703	0.5741666666666667	0.58
28	0.14265344060700516	26.63497899707995	0.5725	0.5866666666666667
29	0.14278562863667807	26.386431719127454	0.5866666666666667	0.5533333333333333
-1	-1	-1	-1	-1
0	0.16982245445251465	33.79146947358784	0.42916666666666664	0.41333333333333333
1	0.15324723720550537	33.88223896528545	0.42	0.4866666666666667
2	0.15076446533203125	31.97692830939042	0.4666666666666667	0.5466666666666666
3	0.1470215916633606	31.021579190304404	0.4925	0.52
4	0.14646048545837403	30.682070179989463	0.49583333333333335	0.54
5	0.1459578275680542	30.361224726626748	0.5066666666666667	0.5466666666666666
6	0.1442868709564209	30.753755920811702	0.48833333333333334	0.5333333333333333
7	0.14495068788528442	30.169916855661494	0.51	0.5333333333333333
8	0.14548971917894152	29.98416805267334	0.5125	0.5333333333333333
9	0.14453184604644775	29.828446036890934	0.5258333333333334	0.5466666666666666
10	0.1443498134613037	29.84363325018632	0.515	0.54
11	0.1455932855606079	29.397953635767887	0.5133333333333333	0.5666666666666667
12	0.1449774962205153	29.09375803094161	0.5216666666666666	0.5333333333333333
13	0.1445009708404541	29.032794350071956	0.5333333333333333	0.56
14	0.1450019677480062	29.235318158802233	0.5208333333333334	0.5066666666666667
15	0.14443205296993256	28.664700006183825	0.5316666666666666	0.5466666666666666
16	0.14404864872203155	28.447931415156315	0.5425	0.54
17	0.14437472820281982	28.45286273956299	0.5491666666666667	0.54
18	0.1439338859758879	28.01164943293521	0.5566666666666666	0.54
19	0.14422575235366822	27.794111753764906	0.5425	0.5333333333333333
20	0.1445360297248477	27.814184188842773	0.5525	0.5666666666666667
21	0.14428151737559924	27.20976942463925	0.5616666666666666	0.5666666666666667
22	0.1443341296652089	27.383665185225638	0.56	0.5533333333333333
23	0.14464489618937174	27.063499249910052	0.5583333333333333	0.5533333333333333
24	0.14445390701293945	26.97168264890972	0.5733333333333334	0.5466666666666666
25	0.14430825526897723	26.91764063584177	0.565	0.54
26	0.14463803503248426	26.577095859929134	0.5641666666666667	0.5466666666666666
27	0.1444908721106393	26.58419737062956	0.5716666666666667	0.5466666666666666
28	0.14436211257145323	26.257555033031263	0.5783333333333334	0.5666666666666667
29	0.14453816413879395	26.22942648435894	0.5758333333333333	0.5533333333333333
30	0.14559198194934475	26.142715278424713	0.5791666666666667	0.5533333333333333
31	0.1453775241971016	25.98102946030466	0.5725	0.5533333333333333
-1	-1	-1	-1	-1
0	0.1699817180633545	34.41652669404682	0.3933333333333333	0.4
1	0.15237140655517578	33.72434862036454	0.45416666666666666	0.52
2	0.15099231402079263	32.030463795912894	0.4775	0.58
3	0.14714771509170532	30.86331608420924	0.49916666666666665	0.5866666666666667
4	0.14529838562011718	30.51041457527562	0.5033333333333333	0.5333333333333333
5	0.14478933811187744	30.376595095584268	0.5091666666666667	0.58
6	0.14334440231323242	30.562317747818796	0.5041666666666667	0.62
7	0.14365056157112122	30.289867300736276	0.5066666666666667	0.58
8	0.1439238124423557	30.011569525066175	0.5133333333333333	0.6133333333333333
9	0.14301390647888185	29.802581285175524	0.525	0.56
10	0.14330710064281116	29.701114554154245	0.5208333333333334	0.5666666666666667
11	0.14310620228449503	28.94904643610904	0.5383333333333333	0.56
12	0.14248042840224046	29.165670143930537	0.5333333333333333	0.58
13	0.14243429047720774	28.73485951674612	0.5391666666666667	0.58
14	0.14256170590718586	28.466782971432334	0.555	0.58
15	0.14215902984142303	28.888683068124873	0.535	0.5533333333333333
16	0.14252181614146514	28.149549509349622	0.5516666666666666	0.5866666666666667
17	0.1429239379035102	28.22953550439132	0.5533333333333333	0.6
18	0.14265264962848864	27.72332585485358	0.5516666666666666	0.52
19	0.14319887161254882	27.715156379498932	0.5658333333333333	0.56
20	0.14349689937773205	27.704606909500924	0.5533333333333333	0.5933333333333334
21	0.14338473840193314	27.195051619881077	0.5733333333333334	0.5666666666666667
22	0.1434019026548966	26.960461566322728	0.58	0.5866666666666667
23	0.143883486588796	26.557285183354427	0.5758333333333333	0.56
24	0.14387871742248534	26.715536167747096	0.5825	0.58
25	0.14390192582057074	26.27435508527254	0.5758333333333333	0.5866666666666667
26	0.14437082078721789	26.244867475409258	0.5866666666666667	0.5666666666666667
27	0.14437153509684972	26.131264686584473	0.5875	0.5733333333333334
28	0.144273330425394	26.166238809886732	0.5875	0.5866666666666667
29	0.1445539395014445	25.806319588109066	0.5891666666666666	0.5866666666666667
-1	-1	-1	-1	-1
0	0.18165802955627441	33.156937975632516	0.455	0.4866666666666667
1	0.16666972637176514	33.35328950380024	0.4675	0.5066666666666667
2	0.15929166475931802	31.361111465253327	0.5025	0.48
3	0.15766280889511108	30.557268845407588	0.5158333333333334	0.47333333333333333
4	0.15458593368530274	30.023956901148747	0.5116666666666667	0.5266666666666666
5	0.15248719851175943	29.8968216745477	0.5216666666666666	0.49333333333333335
6	0.15321602140154159	30.00831779680754	0.5141666666666667	0.47333333333333333
7	0.15237441658973694	29.678012622030156	0.5083333333333333	0.5
8	0.15121772554185656	29.129143714904785	0.5291666666666667	0.5
9	0.1514583110809326	29.255726387626247	0.5308333333333334	0.4866666666666667
10	0.1501529650254683	28.805445671081543	0.5391666666666667	0.5
11	0.14916096131006876	28.814081016339752	0.5483333333333333	0.48
12	0.14916830796461839	28.451823887072113	0.5558333333333333	0.49333333333333335
13	0.1479321207318987	30.17983331178364	0.5183333333333333	0.5066666666666667
14	0.14745341936747233	28.954639560297917	0.5408333333333334	0.4866666666666667
15	0.1472996473312378	28.21074003922312	0.5466666666666666	0.4533333333333333
16	0.14645085615270279	28.097172837508353	0.5566666666666666	0.47333333333333333
17	0.14638094107309976	28.02422325234664	0.565	0.47333333333333333
18	0.1460678451939633	27.142843070783112	0.5733333333333334	0.4666666666666667
19	0.14544678926467897	27.51752125589471	0.5683333333333334	0.46
20	0.1453187238602411	27.701063934125397	0.56	0.5066666666666667
21	0.1452181122519753	27.182712605125026	0.5866666666666667	0.4533333333333333
22	0.14476728439331055	26.72476183740716	0.5725	0.5133333333333333
23	0.14480186502138773	26.564787312557822	0.5841666666666666	0.48
24	0.1446439266204834	26.39034497110467	0.5883333333333334	0.4866666666666667
25	0.14425577567173883	26.052368189159193	0.59	0.44
26	0.14416299925910103	26.09802858453048	0.5916666666666667	0.5
27	0.1443692786352975	25.718364364222477	0.5958333333333333	0.5
28	0.1439560446245917	25.635851910239772	0.6091666666666666	0.46
29	0.14414015611012776	25.851539938073408	0.5925	0.4866666666666667
-1	-1	-1	-1	-1
0	0.16562700271606445	33.06044144379465	0.44916666666666666	0.37333333333333335
1	0.14971888065338135	33.35823571054559	0.42333333333333334	0.4533333333333333
2	0.14745577176411948	31.777123200265986	0.4891666666666667	0.46
3	0.14373624324798584	30.737227766137373	0.5008333333333334	0.4533333333333333
4	0.14341473579406738	30.444578321356524	0.515	0.4666666666666667
5	0.1430219809214274	30.182420278850355	0.5125	0.4533333333333333
6	0.1415398461478097	29.72387705351177	0.5275	0.4533333333333333
7	0.14297091960906982	29.663167300977204	0.5233333333333333	0.46
8	0.14355050192938912	29.30323322195756	0.5258333333333334	0.49333333333333335
9	0.14296183586120606	29.05602374829744	0.5416666666666666	0.46
10	0.14313767173073508	28.954871227866725	0.5466666666666666	0.46
11	0.14341400067011514	29.22402878811485	0.5283333333333333	0.46
12	0.14308381080627441	28.546039832265752	0.5441666666666667	0.44666666666666666
13	0.14354281766074045	28.458799236699154	0.5433333333333333	0.4266666666666667
14	0.1439955234527588	28.84430227781597	0.54	0.46
15	0.14369934797286987	28.852493813163356	0.5366666666666666	0.4533333333333333
16	0.1434627841500675	28.16557096180163	0.5458333333333333	0.44666666666666666
17	0.14401059680514866	27.58140122263055	0.5633333333333334	0.44666666666666666
18	0.14378856357775235	27.372528076171875	0.5641666666666667	0.48
19	0.1436420202255249	27.170693397521973	0.5583333333333333	0.44
20	0.14406248501368932	27.66622831946925	0.5641666666666667	0.44
21	0.143853252584284	27.17360674707513	0.5716666666666667	0.47333333333333333
22	0.14369602825330652	26.784701447737845	0.5758333333333333	0.43333333333333335
23	0.1440662145614624	26.901370475166722	0.5708333333333333	0.44666666666666666
24	0.14381173133850098	26.58450094022249	0.5725	0.4266666666666667
25	0.14373635328733003	26.43304608997546	0.5816666666666667	0.44
26	0.1441551755975794	26.032102559742174	0.5933333333333334	0.41333333333333333
27	0.14399931260517665	26.00044132533826	0.5841666666666666	0.41333333333333333
28	0.14385750375944992	25.689470291137695	0.5925	0.4266666666666667
29	0.14423898061116536	25.555459524455824	0.595	0.4066666666666667
-1	-1	-1	-1	-1
0	0.16245317459106445	33.590412390859505	0.4225	0.4066666666666667
1	0.1542508602142334	33.35727711727745	0.47	0.48
2	0.15392152468363443	31.675164021943743	0.4666666666666667	0.5266666666666666
3	0.1525712013244629	31.044102668762207	0.49	0.5666666666666667
4	0.1504687786102295	30.691077859778154	0.5083333333333333	0.54
5	0.14944211641947427	30.25763591967131	0.5083333333333333	0.5333333333333333
6	0.15065274919782365	30.056968789351615	0.5225	0.5533333333333333
7	0.1501670777797699	29.922841046985827	0.5075	0.5733333333333334
8	0.14938831329345703	29.967985103004857	0.52	0.5466666666666666
9	0.15038068294525148	30.358611182162637	0.515	0.5666666666666667
10	0.15006800131364303	29.88774249428197	0.5175	0.5466666666666666
11	0.14918577671051025	29.18665293643349	0.5333333333333333	0.5533333333333333
12	0.14966409022991473	29.068645678068464	0.5391666666666667	0.5733333333333334
13	0.1493823868887765	29.247398677625153	0.5183333333333333	0.58
14	0.14896564483642577	28.755154509293405	0.5383333333333333	0.56
15	0.14940574765205383	28.43285568136918	0.5408333333333334	0.5666666666666667
16	0.14896486787235036	28.47600098660118	0.5358333333333334	0.5533333333333333
17	0.14862057897779676	28.223507404327393	0.5541666666666667	0.5533333333333333
18	0.14908416647660105	28.131356590672542	0.5533333333333333	0.5733333333333334
19	0.14877744913101196	28.0876108470716	0.5533333333333333	0.56
20	0.14845967292785645	27.758515508551348	0.5533333333333333	0.54
21	0.1487041495063088	27.588256961420964	0.56	0.58
22	0.1482096651326055	27.717897841804906	0.5541666666666667	0.5466666666666666
23	0.1478582521279653	28.522501845108835	0.5466666666666666	0.5266666666666666
24	0.14796775817871094	27.36054919895373	0.5666666666666667	0.58
25	0.14765082872830904	27.06339891333329	0.5683333333333334	0.5466666666666666
26	0.1473049587673611	26.676938257719343	0.5775	0.56
27	0.14747080632618495	26.5473602445502	0.58	0.54
28	0.14720654487609863	26.448623080002633	0.58	0.5133333333333333
29	0.14689212640126545	26.302380862988922	0.585	0.5333333333333333
30	0.14705894070286904	26.38478028146844	0.5616666666666666	0.56
31	0.14681284874677658	26.128473808890895	0.5791666666666667	0.5266666666666666
32	0.14664567600597034	25.769882101761667	0.5858333333333333	0.54
33	0.14674723148345947	25.7018925265262	0.59	0.5533333333333333
-1	-1	-1	-1	-1
0	0.15788817405700684	33.19109670739425	0.4575	0.44
1	0.1555924415588379	33.02033815885845	0.4875	0.5066666666666667
2	0.1520975430806478	30.779457092285156	0.5233333333333333	0.49333333333333335
3	0.14855319261550903	30.75862031233938	0.51	0.54
4	0.14816489219665527	30.19333176863821	0.52	0.52
5	0.14859521389007568	29.857811174894636	0.5141666666666667	0.5066666666666667
6	0.14722330229622976	29.39309155313592	0.53	0.5333333333333333
7	0.14716115593910217	29.595148688868473	0.5283333333333333	0.5066666666666667
8	0.14794190724690756	29.76361766614412	0.5191666666666667	0.5
9	0.14801321029663086	29.484488738210576	0.5225	0.5133333333333333
10	0.14760674129832874	29.11340321992573	0.5375	0.48
11	0.14841880400975546	29.08748363193713	0.5475	0.5466666666666666
12	0.14863742314852202	29.42193365097046	0.5375	0.5133333333333333
13	0.14822314466748918	28.57697205794485	0.5483333333333333	0.54
14	0.1487809181213379	28.380940512606973	0.5475	0.5333333333333333
15	0.148811474442482	28.350172695360687	0.5583333333333333	0.5133333333333333
16	0.14817026082207174	28.49501805556448	0.5625	0.5533333333333333
17	0.1485062837600708	27.941640853881836	0.555	0.5466666666666666
18	0.14820465288664164	27.960490553002607	0.5458333333333333	0.54
19	0.14795925617218017	27.727852796253405	0.56	0.56
20	0.14845560845874606	27.433469270405016	0.5691666666666667	0.54
21	0.14857017993927002	27.25137065586291	0.5708333333333333	0.5266666666666666
22	0.148275437562362	27.339538549122057	0.5733333333333334	0.54
23	0.14848989248275757	26.99682667380885	0.5708333333333333	0.52
24	0.14822515487670898	27.18196776038722	0.5783333333333334	0.5266666666666666
25	0.14795385874234712	26.851489067077637	0.5783333333333334	0.5333333333333333
26	0.14816940272295917	26.551101784957083	0.5841666666666666	0.5266666666666666
27	0.14792959179197038	26.37421565306814	0.5891666666666666	0.5333333333333333
28	0.14769133206071525	26.174407582533988	0.5908333333333333	0.49333333333333335
29	0.14787542819976807	26.82967898720189	0.5716666666666667	0.5333333333333333
30	0.1476199088558074	26.32052516937256	0.5891666666666666	0.5266666666666666
31	0.14740141481161118	26.08769989013672	0.59	0.5333333333333333
32	0.14755586421850955	26.026034204583418	0.5925	0.5266666666666666
33	0.14734884570626652	25.876242712924356	0.5766666666666667	0.52
34	0.14719747815813336	25.63078963129144	0.5958333333333333	0.5133333333333333
35	0.14734301964441934	25.596756106928776	0.5975	0.5266666666666666
36	0.14722101108447924	25.39580791874936	0.6025	0.52
37	0.14712701973162198	25.383911408876116	0.6033333333333334	0.5333333333333333
38	0.1472781743758764	25.174868558582506	0.6091666666666666	0.5
39	0.1470189392566681	25.19472757138704	0.61	0.52
-1	-1	-1	-1	-1
0	0.17047572135925293	32.73693114832828	0.4608333333333333	0.37333333333333335
1	0.1546088457107544	33.42501299004806	0.42333333333333334	0.4533333333333333
2	0.14856441815694174	30.672290024004486	0.5166666666666667	0.4666666666666667
3	0.14777028560638428	30.201667409194144	0.5325	0.4666666666666667
4	0.14519124031066893	30.016454395494964	0.5291666666666667	0.43333333333333335
5	0.14471073945363364	29.71641138980263	0.5175	0.46
6	0.1450824396950858	29.465272803055612	0.5333333333333333	0.42
7	0.1441158652305603	29.36911422327945	0.5283333333333333	0.44
8	0.1446620093451606	29.06900305497019	0.5433333333333333	0.4533333333333333
9	0.1450207471847534	29.11910144906295	0.5375	0.4533333333333333
10	0.14437599615617233	28.971216076298763	0.5508333333333333	0.43333333333333335
11	0.14457247654596964	28.777017166740016	0.5558333333333333	0.44666666666666666
12	0.14496077024019682	28.693070637552363	0.5458333333333333	0.46
13	0.1443310124533517	28.485679551174766	0.5425	0.4533333333333333
14	0.14460008939107258	28.31997504987215	0.56	0.4666666666666667
15	0.14504598081111908	27.936014426381963	0.5541666666666667	0.46
16	0.14484498080085306	28.631395540739362	0.5408333333333334	0.44666666666666666
17	0.1445104413562351	27.593798411519902	0.5758333333333333	0.4533333333333333
18	0.14502687203256706	27.72899848536441	0.5691666666666667	0.46
19	0.14465805292129516	27.28477274744134	0.5708333333333333	0.48
20	0.14439242226736887	27.29714280680606	0.5708333333333333	0.49333333333333335
21	0.1448099504817616	26.94777784849468	0.5833333333333334	0.4666666666666667
22	0.14430561272994333	26.89817230324996	0.58	0.47333333333333333
23	0.1443681319554647	26.694343767668073	0.5866666666666667	0.47333333333333333
24	0.144583797454834	26.726977498907793	0.5916666666666667	0.49333333333333335
25	0.14426561502309945	26.542695647791813	0.5841666666666666	0.5
26	0.14420008659362793	26.346541956851357	0.5858333333333333	0.4866666666666667
27	0.14419521604265487	26.198957116980303	0.595	0.49333333333333335
28	0.1439195912459801	26.08234207253707	0.6033333333333334	0.49333333333333335
29	0.14392742315928142	26.105519269642077	0.5941666666666666	0.48
30	0.14397792662343672	25.88408455095793	0.6016666666666667	0.5066666666666667
31	0.14370979368686676	25.602771708839818	0.5991666666666666	0.49333333333333335
32	0.14372243303241153	25.654294239847285	0.6033333333333334	0.5
33	0.14375640364254222	25.35140135413722	0.6041666666666666	0.47333333333333333
34	0.1434856755392892	25.16753507915296	0.6133333333333333	0.5
35	0.14366266462537977	25.223439869127777	0.605	0.48
36	0.14378771910796295	25.627241159740247	0.6075	0.49333333333333335
37	0.14357332806838186	25.26514996980366	0.6008333333333333	0.48
38	0.1436618841611422	24.919801611649362	0.61	0.4866666666666667
39	0.14368245601654053	24.96260690689087	0.6116666666666667	0.49333333333333335
40	0.14343087266131146	24.71542027122096	0.615	0.5
41	0.14353447868710473	24.663841347945365	0.6191666666666666	0.5
42	0.14347543827323025	24.60418317192479	0.61	0.5
43	0.14323119683699173	24.62053911309493	0.62	0.49333333333333335
44	0.1432521979014079	24.429124003962468	0.6208333333333333	0.49333333333333335
45	0.14328487541364587	24.386153948934453	0.6216666666666667	0.4866666666666667
46	0.14317272571807213	24.325168735102604	0.6133333333333333	0.46
47	0.14322476585706076	24.317732585103887	0.6233333333333333	0.5066666666666667
48	0.14326671678192762	24.10469218304283	0.6225	0.49333333333333335
49	0.14316580295562745	24.227704600283975	0.62	0.4866666666666667
50	0.14334414987003102	24.117903081994307	0.6183333333333333	0.49333333333333335
-1	-1	-1	-1	-1
0	0.17192721366882324	33.355884752775495	0.42583333333333334	0.4866666666666667
1	0.15620064735412598	33.689415279187656	0.42583333333333334	0.4066666666666667
2	0.15320682525634766	32.00184556057579	0.47583333333333333	0.37333333333333335
3	0.14943242073059082	31.09210481141743	0.505	0.46
4	0.14891409873962402	30.215248911004316	0.5133333333333333	0.4266666666666667
5	0.1488125721613566	30.06103711379202	0.5225	0.4866666666666667
6	0.14725381987435476	29.740438160143402	0.5308333333333334	0.41333333333333333
7	0.1469927430152893	29.697067938352887	0.5358333333333334	0.43333333333333335
8	0.1469769212934706	29.62773192556281	0.5333333333333333	0.41333333333333333
9	0.14608314037322997	29.59195337797466	0.5383333333333333	0.41333333333333333
10	0.14637379212812943	29.099826260616904	0.5375	0.44
11	0.14643049240112305	29.0486162587216	0.5375	0.41333333333333333
12	0.1458275868342473	28.786056267587764	0.5383333333333333	0.47333333333333333
13	0.14600309303828649	28.49679550371672	0.5516666666666666	0.4266666666666667
14	0.14600178400675456	28.24010843979685	0.5525	0.4
15	0.14544497430324554	28.292367859890586	0.5583333333333333	0.4
16	0.14557316723991842	28.178974804125335	0.5525	0.4266666666666667
17	0.1459620793660482	28.10080575942993	0.5616666666666666	0.4266666666666667
18	0.14539467661004318	27.849291500292328	0.5683333333333334	0.47333333333333333
19	0.14510849714279175	27.57052476782548	0.5683333333333334	0.43333333333333335
20	0.1450121289207822	27.519591682835628	0.565	0.41333333333333333
21	0.14695624871687454	27.46672941509046	0.5816666666666667	0.44
22	0.14652002376058829	27.34338843195062	0.5766666666666667	0.41333333333333333
23	0.1465700368086497	27.072173971878854	0.5775	0.4266666666666667
24	0.1461757564544678	26.902281460009124	0.5825	0.4066666666666667
25	0.14599908315218413	26.7053357174522	0.5916666666666667	0.44
26	0.1458682484096951	26.545026277240954	0.5841666666666666	0.44666666666666666
27	0.1454624363354274	26.433671750520404	0.5816666666666667	0.44666666666666666
28	0.14535483820685025	26.273980040299264	0.5916666666666667	0.44
29	0.1453444798787435	26.393619436966745	0.5875	0.3933333333333333
-1	-1	-1	-1	-1
0	0.16478872299194336	32.876850379140755	0.45416666666666666	0.4066666666666667
1	0.15522396564483643	33.42373265718159	0.4558333333333333	0.5066666666666667
2	0.14975055058797201	31.471863897223223	0.5025	0.5133333333333333
3	0.14764463901519775	30.271649009303044	0.5058333333333334	0.5266666666666666
4	0.14698247909545897	30.53529603857743	0.51	0.5
5	0.14684736728668213	29.798843785336143	0.5208333333333334	0.49333333333333335
6	0.1462165287562779	29.87177146108527	0.5233333333333333	0.5066666666666667
7	0.14662030339241028	29.795655074872467	0.5458333333333333	0.5133333333333333
8	0.14590591854519314	29.593403489966143	0.5391666666666667	0.5066666666666667
9	0.14543728828430175	29.144171915556257	0.5433333333333333	0.54
10	0.14589082111011853	29.242385236840498	0.5383333333333333	0.52
11	0.14532591899236044	28.834723146338213	0.56	0.5066666666666667
12	0.1448348485506498	28.76381572924162	0.5591666666666667	0.52
13	0.14514291286468506	28.88479975650185	0.545	0.5333333333333333
14	0.14435796737670897	28.514847303691663	0.5558333333333333	0.5266666666666666
15	0.14474481344223022	28.204814107794512	0.5675	0.5266666666666666
16	0.1449446678161621	28.033303486673457	0.5525	0.5333333333333333
17	0.14454550213283962	27.81496883693494	0.57	0.5066666666666667
18	0.14466758778220729	27.511469991583574	0.57	0.54
19	0.14484156370162965	27.507307755319697	0.5725	0.52
20	0.1445187841142927	27.222951688264544	0.5741666666666667	0.5066666666666667
21	0.14450376684015448	27.252157462270635	0.5808333333333333	0.5466666666666666
22	0.14446226410243823	27.02939314591257	0.5791666666666667	0.5333333333333333
23	0.1439561446507772	27.25258086857043	0.5758333333333333	0.52
24	0.14398972511291505	27.015331820437783	0.5841666666666666	0.54
25	0.14415914278763992	26.510363378022845	0.5883333333333334	0.5266666666666666
26	0.14373251243873877	26.572605835764033	0.585	0.54
27	0.1438689146723066	26.21407373327958	0.5975	0.5333333333333333
28	0.1440579315711712	26.001885313736764	0.5991666666666666	0.5333333333333333
29	0.14397668838500977	26.428674446909053	0.5875	0.5533333333333333
30	0.1439332192943942	25.91610820669877	0.6066666666666667	0.54
31	0.1445024237036705	25.736887078536185	0.61	0.5466666666666666
32	0.1443238980842359	25.773104993920576	0.6075	0.5133333333333333
33	0.1441022788777071	25.440676362890947	0.6066666666666667	0.56
34	0.1444172041756766	25.42749189075671	0.6066666666666667	0.5333333333333333
35	0.14423639906777275	25.329586731760127	0.6116666666666667	0.54
36	0.1439895436570451	25.05595104317916	0.6125	0.52
37	0.1441536639866076	24.99736419476961	0.6191666666666666	0.5466666666666666
38	0.14385420236832056	24.9159877174779	0.6108333333333333	0.5466666666666666
39	0.14382684230804443	24.85959401883577	0.62	0.5133333333333333
40	0.1439409604886683	24.67957918267501	0.6225	0.54
41	0.14387104624793642	24.54728372473466	0.6216666666666667	0.5466666666666666
42	0.1437373161315918	24.420050821806257	0.6283333333333333	0.5533333333333333
43	0.14380825649608264	24.381357619636937	0.6225	0.5333333333333333
44	0.14368966950310602	24.348607439743844	0.6241666666666666	0.5333333333333333
45	0.14368795830270517	24.254034494098864	0.6266666666666667	0.5
46	0.14377675665185807	24.354914941285784	0.6225	0.52
47	0.14369802673657736	24.05849619915611	0.6258333333333334	0.52
48	0.14362028180336467	24.193089924360578	0.6275	0.5266666666666666
49	0.1436289644241333	24.009920571979723	0.6316666666666667	0.54
50	0.1434478432524438	23.958433427308734	0.6266666666666667	0.54
51	0.1434174134181096	23.923311384100664	0.6241666666666666	0.52
52	0.14340441631820966	23.906819745113975	0.6308333333333334	0.54
53	0.14321229192945692	23.812141543940495	0.6358333333333334	0.52
-1	-1	-1	-1	-1
0	0.17723393440246582	34.177796037573565	0.4508333333333333	0.4533333333333333
1	0.1615290641784668	33.55300692508095	0.45666666666666667	0.5133333333333333
2	0.15389585494995117	31.48182653125964	0.5016666666666667	0.44
3	0.15213251113891602	30.65707934530158	0.5058333333333334	0.43333333333333335
4	0.1481966495513916	30.47687796542519	0.5216666666666666	0.41333333333333333
5	0.14787960052490234	30.18947360390111	0.5158333333333334	0.47333333333333333
6	0.14670705795288086	29.93309151498895	0.52	0.43333333333333335
7	0.14507469534873962	29.53387747312847	0.5183333333333333	0.4866666666666667
8	0.14550463358561197	29.337899007295306	0.5375	0.43333333333333335
9	0.14566702842712403	29.781870992560137	0.5275	0.43333333333333335
10	0.14479103955355557	29.293776110598916	0.5266666666666666	0.44
11	0.1448682943979899	29.304601970471833	0.5333333333333333	0.4866666666666667
12	0.14513617295485276	29.064192922491777	0.5433333333333333	0.4666666666666667
13	0.14465325219290598	28.703904854623897	0.5358333333333334	0.4533333333333333
14	0.1447377363840739	28.449236493361624	0.5533333333333333	0.47333333333333333
15	0.1448642760515213	28.466632692437422	0.5466666666666666	0.43333333333333335
16	0.14463027785806096	28.193614357396175	0.5483333333333333	0.43333333333333335
17	0.14488526185353598	27.824438295866315	0.5616666666666666	0.43333333333333335
18	0.14542110342728465	27.701171322872764	0.5583333333333333	0.4266666666666667
19	0.14532381296157837	27.667264938354492	0.5683333333333334	0.44
20	0.14515072958809988	27.39791784788433	0.5675	0.43333333333333335
21	0.14546617594632236	27.056384362672503	0.565	0.44
22	0.14497602504232657	26.912558906956722	0.5766666666666667	0.4266666666666667
23	0.14502457777659097	26.75977591464394	0.5891666666666666	0.4266666666666667
24	0.1452655601501465	26.59442444851524	0.5908333333333333	0.43333333333333335
25	0.14501610169043908	27.06520088095414	0.5758333333333333	0.44666666666666666
26	0.1448198159535726	26.329825727563154	0.5941666666666666	0.42
27	0.14517756019319808	25.948488084893476	0.5925	0.4
28	0.1449383538344811	25.974253579189902	0.5925	0.4266666666666667
29	0.14478110472361247	25.908093577937077	0.59	0.44
-1	-1	-1	-1	-1
0	0.17951345443725586	33.60599608170359	0.4091666666666667	0.37333333333333335
1	0.16371464729309082	33.38742170835796	0.42083333333333334	0.44666666666666666
2	0.15561477343241373	31.678840085079795	0.4866666666666667	0.5266666666666666
3	0.15284103155136108	30.931983144659746	0.5016666666666667	0.5333333333333333
4	0.1483747959136963	30.233761436060856	0.5066666666666667	0.5333333333333333
5	0.14700599511464438	30.03233387595729	0.5125	0.5866666666666667
6	0.14660610471452987	29.995592719630192	0.5075	0.5133333333333333
7	0.14502251148223877	29.873939714933698	0.5075	0.5533333333333333
8	0.1457707617017958	30.061978741696006	0.5108333333333334	0.54
9	0.14639098644256593	29.69954390274851	0.5166666666666667	0.5
10	0.1460873863913796	29.353427234448883	0.52	0.5733333333333334
11	0.1456282138824463	29.001669431987562	0.5233333333333333	0.58
12	0.1461957418001615	29.214152034960296	0.5275	0.5666666666666667
13	0.14559342179979598	28.68558577487343	0.5441666666666667	0.5666666666666667
14	0.14553941090901693	28.491803520604183	0.5425	0.6
15	0.14576134085655212	28.148696422576904	0.5466666666666666	0.5466666666666666
16	0.1453264881582821	28.00767143149125	0.5508333333333333	0.56
17	0.1450808842976888	27.763045511747663	0.5616666666666666	0.5666666666666667
18	0.1453195622092799	27.67955049715544	0.5533333333333333	0.5733333333333334
19	0.14487656354904174	28.10967001162077	0.5525	0.56
20	0.1449759460630871	27.497259792528656	0.5625	0.54
21	0.1452050425789573	27.16638223748458	0.57	0.54
22	0.1448119826938795	27.066373674493086	0.5725	0.58
23	0.14462177952130637	26.89477629410593	0.565	0.5866666666666667
24	0.14472439765930176	26.678481277666595	0.5633333333333334	0.5666666666666667
25	0.14445881660167986	26.879074548420153	0.5808333333333333	0.5733333333333334
26	0.14442022641499838	26.628475891916377	0.5691666666666667	0.5866666666666667
27	0.14449607474463327	26.37781978908338	0.58	0.5666666666666667
28	0.14431956718707906	26.063382801256683	0.5883333333333334	0.5533333333333333
29	0.1443827231725057	26.075557809127005	0.5875	0.5533333333333333
30	0.1445488622111659	25.750713172711823	0.5908333333333333	0.5533333333333333
31	0.14440806210041046	25.713929577877646	0.5858333333333333	0.5466666666666666
32	0.14428720329747055	25.539737299868936	0.59	0.5533333333333333
33	0.14444257231319652	25.657224027734053	0.5933333333333334	0.5533333333333333
34	0.1443056651524135	25.463055460076582	0.5983333333333334	0.5533333333333333
-1	-1	-1	-1	-1
0	0.1733391284942627	33.626223739824795	0.4475	0.32666666666666666
1	0.15846574306488037	32.79933763805189	0.43166666666666664	0.49333333333333335
2	0.15178910891215006	31.443879880403216	0.4816666666666667	0.49333333333333335
3	0.1500018835067749	30.654262994465075	0.5091666666666667	0.4866666666666667
4	0.1469046115875244	30.100155980963457	0.5183333333333333	0.4866666666666667
5	0.1457364559173584	30.129643691213506	0.5133333333333333	0.5066666666666667
6	0.14568921497889928	29.84693015249152	0.5091666666666667	0.5333333333333333
7	0.14473319053649902	29.36513220636468	0.5291666666666667	0.47333333333333333
8	0.14469891124301487	29.159880085995322	0.54	0.5
9	0.1451474905014038	29.79217323503996	0.5341666666666667	0.5266666666666666
10	0.1445118080485951	29.002835098065827	0.5208333333333334	0.5066666666666667
11	0.14495821793874106	29.132971738514147	0.5341666666666667	0.5
12	0.14495297578664926	29.083418595163447	0.545	0.5133333333333333
13	0.14437878131866455	29.266487648612575	0.5408333333333334	0.49333333333333335
14	0.1446889877319336	28.473848317798815	0.5508333333333333	0.5133333333333333
15	0.14508056640625	28.089962030711927	0.5416666666666666	0.5266666666666666
16	0.14473431250628302	27.82031666605096	0.5608333333333333	0.5266666666666666
17	0.1442316903008355	27.799879776804072	0.5591666666666667	0.5466666666666666
18	0.14449290225380346	27.770923338438337	0.5483333333333333	0.52
19	0.1441361904144287	27.100089775888545	0.5758333333333333	0.5133333333333333
20	0.14417827697027297	27.10616111755371	0.57	0.5133333333333333
21	0.14432141997597434	27.039658144900674	0.5658333333333333	0.4866666666666667
22	0.1440260824949845	26.798268694626657	0.5875	0.52
23	0.14423752824465433	26.661061035959346	0.5741666666666667	0.5533333333333333
24	0.14440156936645507	26.671126390758314	0.5808333333333333	0.52
25	0.14431904829465425	26.181202436748304	0.5841666666666666	0.5066666666666667
26	0.1440058814154731	25.996675641913164	0.5875	0.5133333333333333
27	0.1442245670727321	25.905268894998652	0.5925	0.52
28	0.1440159534585887	25.939075971904554	0.59	0.5266666666666666
29	0.1438946564992269	25.926516758768184	0.5816666666666667	0.5133333333333333
30	0.1440906140112108	25.61200563531173	0.585	0.5133333333333333
31	0.14392129331827164	25.490032421915156	0.6008333333333333	0.5066666666666667
32	0.14379525184631348	25.137599618811358	0.5975	0.49333333333333335
33	0.1441019422867719	25.17758648019088	0.595	0.52
34	0.1439565658569336	25.21285548963045	0.5941666666666666	0.5
35	0.14379697375827366	24.908825422588148	0.605	0.5133333333333333
36	0.1439786279523695	25.049761822349147	0.6008333333333333	0.5066666666666667
37	0.14376741961428993	24.80094041322407	0.6075	0.49333333333333335
38	0.14380243497017103	24.709130236977025	0.5991666666666666	0.4866666666666667
39	0.14392394423484803	24.463024214694375	0.6116666666666667	0.5066666666666667
40	0.14376318163988067	24.364487898977178	0.6158333333333333	0.5066666666666667
41	0.14376569929577054	24.19869967510826	0.6183333333333333	0.5066666666666667
42	0.14391252051952275	24.232801989505166	0.6191666666666666	0.5133333333333333
43	0.1437730680812489	24.007881290034245	0.6208333333333333	0.52
-1	-1	-1	-1	-1
0	0.17871761322021484	33.401103471454825	0.43	0.34
1	0.16028058528900146	33.65241392035233	0.4041666666666667	0.4266666666666667
2	0.1526214281717936	31.485582979101885	0.49583333333333335	0.4533333333333333
3	0.14897316694259644	30.752280034516986	0.5025	0.5
4	0.14872379302978517	30.048404618313437	0.5225	0.4866666666666667
5	0.14654541015625	29.96653396204898	0.5175	0.4866666666666667
6	0.14657647269112722	29.99994649385151	0.5108333333333334	0.4666666666666667
7	0.14659658074378967	29.74715985749897	0.5175	0.4866666666666667
8	0.14531318346659342	29.41724739576641	0.5233333333333333	0.47333333333333333
9	0.1456923484802246	29.197182605141087	0.5266666666666666	0.49333333333333335
10	0.14611365578391336	29.075635558680485	0.5375	0.5
11	0.1454353928565979	28.977012308020342	0.5275	0.4866666666666667
12	0.14532219446622407	28.691505733289215	0.5433333333333333	0.4866666666666667
13	0.14572647639683314	28.672249944586504	0.55	0.5
14	0.14516598383585613	28.230606606132106	0.5466666666666666	0.4866666666666667
15	0.14514204859733582	28.14614822990016	0.5483333333333333	0.52
16	0.1457951770109289	28.072562318099173	0.5491666666666667	0.5
17	0.14517800013224283	27.974021259107086	0.5433333333333333	0.52
18	0.14481491791574577	27.640917426661442	0.5625	0.5066666666666667
19	0.1451582908630371	27.46279593517906	0.5616666666666666	0.5133333333333333
20	0.1448913642338344	27.2907489475451	0.5641666666666667	0.48
21	0.14462215250188654	27.411285902324476	0.5575	0.5133333333333333
22	0.14495603934578274	26.897730777138158	0.5741666666666667	0.5133333333333333
23	0.14467413226763406	27.056586943174665	0.5725	0.5133333333333333
24	0.14453543663024904	26.86552283638402	0.5716666666666667	0.5133333333333333
25	0.14489669983203596	26.53034616771497	0.5766666666666667	0.52
26	0.14481270754778827	26.583196865884883	0.5783333333333334	0.5066666666666667
27	0.14475671734128678	26.15750362998561	0.5908333333333333	0.5
28	0.14516121765662884	26.211800625449733	0.5833333333333334	0.48
29	0.14532196521759033	26.016064468183014	0.5883333333333334	0.5066666666666667
30	0.1452604878333307	25.777914323304827	0.5941666666666666	0.52
31	0.14558932930231094	25.820135367544072	0.5875	0.5333333333333333
32	0.1456704500949744	25.59284948047839	0.5925	0.5133333333333333
33	0.14550752499524286	25.471409571798223	0.5933333333333334	0.5066666666666667
34	0.14579178265162876	25.345650622719212	0.6	0.52
35	0.14576123820410836	25.110201258408395	0.595	0.5266666666666666
36	0.14564869854901288	25.116669002332184	0.5983333333333334	0.5
37	0.14586302481199565	25.080327761800664	0.5925	0.52
38	0.1464377060914651	24.962935673563106	0.5975	0.5333333333333333
39	0.14631400108337403	24.900657829485443	0.5983333333333334	0.5266666666666666
40	0.1464353479990145	24.877674855683978	0.6033333333333334	0.52
41	0.14616311164129347	24.695767151682002	0.6008333333333333	0.5266666666666666
42	0.1461352636647779	24.85208262895283	0.6008333333333333	0.52
43	0.14605781165036288	24.66244592164692	0.6066666666666667	0.5266666666666666
44	0.14574422306484647	24.500902702933864	0.6091666666666666	0.5133333333333333
45	0.14569724642712137	24.35103019915129	0.6075	0.5266666666666666
46	0.14571632222926362	24.349593513890316	0.6125	0.52
47	0.14554322262605032	24.494331560636823	0.605	0.52
48	0.14567870509867764	24.29901499497263	0.6041666666666666	0.5266666666666666
49	0.14575181007385254	24.25712367107994	0.6066666666666667	0.5266666666666666
50	0.14561041196187338	24.17255351417943	0.6133333333333333	0.5266666666666666
51	0.1456846411411579	24.199670490465667	0.6108333333333333	0.52
-1	-1	-1	-1	-1
0	0.16716957092285156	33.01666980040701	0.43583333333333335	0.38666666666666666
1	0.1507413387298584	33.437266299599095	0.4483333333333333	0.44
2	0.14876588185628256	31.732329318397923	0.4866666666666667	0.46
3	0.14456701278686523	30.954152157432155	0.4891666666666667	0.4866666666666667
4	0.1447136878967285	30.364453667088558	0.5108333333333334	0.4866666666666667
5	0.14446218808492026	30.49116917660362	0.5025	0.5
6	0.14280152320861816	30.0924264004356	0.5025	0.52
7	0.14296135306358337	30.34229127984298	0.49666666666666665	0.46
8	0.14330087767706978	29.818056106567383	0.5225	0.4866666666666667
9	0.14218513965606688	30.075885722511693	0.5066666666666667	0.5
10	0.1423961032520641	29.956865134992096	0.5183333333333333	0.5266666666666666
11	0.14268116156260172	29.747146656638698	0.51	0.5133333333333333
12	0.1421049741598276	29.45958782497205	0.5216666666666666	0.5
13	0.14231383800506592	29.251111632899235	0.5175	0.49333333333333335
14	0.14264190991719564	29.05578226792185	0.5316666666666666	0.52
15	0.14246274530887604	28.885317425978812	0.5333333333333333	0.5266666666666666
16	0.14250584209666534	28.69785213470459	0.5383333333333333	0.5133333333333333
17	0.14260370201534694	28.465036492598685	0.5408333333333334	0.49333333333333335
18	0.14209682063052528	28.336166356739245	0.5525	0.4866666666666667
19	0.1421323299407959	28.06299985082526	0.5508333333333333	0.49333333333333335
20	0.14226511546543666	27.835897696645635	0.555	0.5066666666666667
21	0.1419264403256503	28.273245158948395	0.5566666666666666	0.5133333333333333
22	0.1420302909353505	27.792392881293047	0.5575	0.5333333333333333
23	0.14210887749989828	27.518495459305612	0.5691666666666667	0.5066666666666667
24	0.14182939529418945	27.521493635679548	0.56	0.4866666666666667
25	0.14201993208665115	27.350816375330876	0.5616666666666666	0.54
26	0.14194785224066842	27.13617861898322	0.5675	0.5333333333333333
27	0.14172337736402238	27.149145879243548	0.5625	0.52
28	0.14177900347216377	26.650334609182256	0.5766666666666667	0.52
29	0.14202513694763183	26.878007888793945	0.5666666666666667	0.5466666666666666
30	0.14191022995979555	26.70924731304771	0.57	0.54
31	0.14173222333192825	26.354093401055586	0.5733333333333334	0.5666666666666667
32	0.14199055324901233	26.55882288280286	0.5758333333333333	0.5266666666666666
33	0.14186147381277645	26.22110306589227	0.58	0.5466666666666666
34	0.14195669037955147	25.94337362992136	0.59	0.5333333333333333
35	0.14212965965270996	25.92468342028166	0.5941666666666666	0.5733333333333334
36	0.14205568545573466	25.819024562835693	0.585	0.5333333333333333
37	0.1420469033090692	25.683845269052608	0.5916666666666667	0.54
38	0.14228068253932855	25.663435760297272	0.5908333333333333	0.5733333333333334
39	0.14220756888389588	25.457977269825182	0.5983333333333334	0.54
40	0.14241792516010562	25.26363475699174	0.605	0.54
41	0.14261905919937862	25.393758472643402	0.5925	0.54
42	0.14254672028297602	25.170413669786956	0.595	0.56
43	0.14255279302597046	25.01194963957134	0.5991666666666666	0.5466666666666666
44	0.1427735169728597	25.162968259108695	0.5983333333333334	0.58
45	0.14281199807706085	24.917245965254935	0.6025	0.5533333333333333
46	0.1428470104298693	24.879389009977643	0.6016666666666667	0.5466666666666666
47	0.14302870631217957	24.90619747262252	0.6008333333333333	0.5466666666666666
48	0.14296133177621023	24.718790757028682	0.605	0.5533333333333333
49	0.1429702138900757	24.77672657213713	0.605	0.56
50	0.14325404167175293	24.624653640546295	0.6058333333333333	0.5733333333333334
51	0.14328421996189997	24.692375634845934	0.605	0.5533333333333333
52	0.1432117426170493	24.477281419854414	0.605	0.5333333333333333
53	0.14333697160085043	24.49006979089034	0.6058333333333333	0.5733333333333334
54	0.14314268285577947	24.36571101138466	0.6091666666666666	0.5666666666666667
55	0.1431448119027274	24.41085890719765	0.6075	0.56
56	0.14316466398406447	24.384356046977796	0.6075	0.56
57	0.14299174012808963	24.405419399863796	0.6108333333333333	0.5533333333333333
58	0.14299971370373743	24.355691809403268	0.61	0.56
59	0.1431036949157715	24.320012494137412	0.6083333333333333	0.56
60	0.14304090327903873	24.218683970601933	0.6083333333333333	0.5666666666666667
61	0.1430202184184905	24.23435321607088	0.6125	0.56
62	0.1431725857749818	24.26244821046528	0.6091666666666666	0.56
63	0.1430530585348606	24.212750786229183	0.6091666666666666	0.5466666666666666
64	0.14297476548414964	24.20908094707288	0.6083333333333333	0.5733333333333334
-1	-1	-1	-1	-1
0	0.17634868621826172	33.38216277172691	0.4483333333333333	0.38666666666666666
1	0.1544046401977539	33.53217456215307	0.44666666666666666	0.5333333333333333
2	0.15204286575317383	31.471102614151803	0.4925	0.4866666666666667
3	0.14908158779144287	31.31702312670256	0.4975	0.5
4	0.14760251045227052	30.911693974545127	0.5	0.5666666666666667
5	0.14767452081044516	29.912552231236507	0.5125	0.5
6	0.1463099547794887	29.73595952987671	0.5233333333333333	0.5066666666666667
7	0.14679688215255737	29.836030056602077	0.5216666666666666	0.5066666666666667
8	0.14667998419867623	29.676307000611956	0.5033333333333333	0.48
9	0.1460489273071289	29.52963598150956	0.5133333333333333	0.4866666666666667
10	0.14725971221923828	29.332459650541608	0.5191666666666667	0.56
11	0.14738255739212036	29.15184377369128	0.5325	0.5933333333333334
12	0.1467741636129526	28.908783059371146	0.5241666666666667	0.5266666666666666
13	0.1462432997567313	28.897484729164525	0.53	0.5066666666666667
14	0.14672725995381672	28.74869514766492	0.5283333333333333	0.5266666666666666
15	0.14640402793884277	28.417745238856266	0.5466666666666666	0.5466666666666666
16	0.14588860904469209	28.55774319799323	0.5491666666666667	0.5333333333333333
17	0.14634472794002956	28.0172374624955	0.5575	0.5333333333333333
18	0.14604356414393374	27.77098766126131	0.5558333333333333	0.5133333333333333
19	0.1456071615219116	27.699450467762194	0.5541666666666667	0.56
20	0.14581225031898135	27.66899465259753	0.56	0.5266666666666666
21	0.14539260214025324	27.80195753197921	0.5533333333333333	0.5533333333333333
22	0.14530604818592902	27.46767114338122	0.5533333333333333	0.54
23	0.14532975355784097	27.181860948863783	0.5725	0.5066666666666667
24	0.14510251998901366	26.858827314878766	0.5675	0.52
25	0.14540044160989615	27.087705361215694	0.5625	0.5466666666666666
26	0.14564403781184443	26.77627420425415	0.5658333333333333	0.5333333333333333
27	0.1454220414161682	26.499040704024466	0.5791666666666667	0.5266666666666666
28	0.14530287939926673	26.32366458993209	0.57	0.54
29	0.1456053574879964	26.29600339186819	0.5775	0.52
30	0.14556407928466797	26.231772021243447	0.5783333333333334	0.5133333333333333
31	0.14553361386060715	25.877907075380023	0.5875	0.54
-1	-1	-1	-1	-1
0	0.1765890121459961	33.42146758029335	0.4483333333333333	0.3933333333333333
1	0.15987038612365723	33.662195657428946	0.4633333333333333	0.41333333333333333
2	0.15549325942993164	31.777369097659463	0.4841666666666667	0.5266666666666666
3	0.15065354108810425	30.9539704071848	0.4816666666666667	0.52
4	0.14917559623718263	30.467903187400417	0.5141666666666667	0.5666666666666667
5	0.14796201388041177	30.35441197847065	0.5025	0.4266666666666667
6	0.14590978622436523	29.955695252669486	0.515	0.5266666666666666
7	0.14617830514907837	29.657033669321162	0.5041666666666667	0.5533333333333333
8	0.14645809597439235	29.429792228497956	0.52	0.5133333333333333
9	0.14552791118621827	29.70259495785362	0.5283333333333333	0.5666666666666667
10	0.14599917151711203	29.168923729344417	0.5325	0.5466666666666666
11	0.1466487248738607	29.28874191484953	0.5241666666666667	0.5333333333333333
12	0.14610428076524	29.039333142732318	0.5333333333333333	0.5466666666666666
13	0.14537603514535086	29.028650183426706	0.5375	0.5533333333333333
14	0.14556597073872884	28.59215252022994	0.5433333333333333	0.5266666666666666
15	0.14485161006450653	28.449241964440596	0.5433333333333333	0.5
16	0.14474202604854808	28.00776702479312	0.5558333333333333	0.5333333333333333
17	0.14488502343495688	27.760157309080427	0.555	0.5
18	0.14439851359317177	27.615317294472142	0.5566666666666666	0.52
19	0.14436441659927368	27.509957313537598	0.5616666666666666	0.5466666666666666
20	0.14456542332967123	27.184313949785736	0.5766666666666667	0.52
21	0.14416986162012274	26.976755543758994	0.5616666666666666	0.52
22	0.14428810451341711	27.148347603647334	0.565	0.56
23	0.14438217878341675	26.989529183036403	0.5825	0.5266666666666666
24	0.14408483505249023	26.85916526694047	0.5708333333333333	0.5266666666666666
25	0.1441390055876512	26.517626461229828	0.5766666666666667	0.5266666666666666
26	0.1442501809861925	26.376782342007285	0.5841666666666666	0.54
27	0.1440159252711705	26.22400705437911	0.5891666666666666	0.54
28	0.14401502444826322	26.046821242884587	0.5841666666666666	0.5333333333333333
29	0.14399596850077312	26.08891349089773	0.5758333333333333	0.5133333333333333
-1	-1	-1	-1	-1
0	0.16564464569091797	33.30687322114643	0.44916666666666666	0.38
1	0.15552783012390137	33.361929642526725	0.4691666666666667	0.47333333333333333
2	0.15033864974975586	31.431236367476615	0.4775	0.5066666666666667
3	0.14595603942871094	30.716073889481393	0.5158333333333334	0.4866666666666667
4	0.14532895088195802	30.051201644696686	0.5133333333333333	0.5133333333333333
5	0.1448214848836263	29.99654077228747	0.525	0.49333333333333335
6	0.14303687640598842	29.980934795580414	0.5266666666666666	0.5133333333333333
7	0.143123060464859	29.624811323065508	0.535	0.49333333333333335
8	0.1432850890689426	29.438930360894453	0.5333333333333333	0.4866666666666667
9	0.14240059852600098	29.492151712116442	0.5325	0.4866666666666667
10	0.14292036403309216	29.594008420643053	0.5358333333333334	0.4866666666666667
11	0.1431442697842916	29.283327704981755	0.535	0.5066666666666667
12	0.1425780699803279	29.085675390143145	0.5425	0.5
13	0.1430248362677438	28.684045364982204	0.5433333333333333	0.5
14	0.14330790837605795	28.41271852192126	0.5533333333333333	0.48
15	0.14302483201026917	28.034729154486406	0.5566666666666666	0.48
16	0.14345212543711944	27.992471042432282	0.56	0.47333333333333333
17	0.143545044793023	27.78939538252981	0.5675	0.49333333333333335
18	0.1431204268806859	27.44906857139186	0.5766666666666667	0.49333333333333335
19	0.1433198094367981	27.473292576639277	0.575	0.48
20	0.14354052997770764	27.044473045750667	0.5825	0.47333333333333333
21	0.14317470247095282	26.8817115080984	0.5675	0.4866666666666667
22	0.14322876930236816	26.803890228271484	0.5875	0.5066666666666667
23	0.14336703221003214	26.615158833955462	0.5816666666666667	0.48
24	0.14305668830871582	26.540175337540475	0.585	0.48
25	0.14320991589472845	26.431888479935495	0.595	0.5
26	0.14329845817000778	26.791414612217952	0.5866666666666667	0.4866666666666667
27	0.1431687899998256	26.24278786307887	0.5875	0.48
28	0.14349737660638218	25.944840155149762	0.5933333333333334	0.48
29	0.1436405102411906	25.902957037875527	0.5975	0.5
-1	-1	-1	-1	-1
0	0.16622233390808105	32.656468843158926	0.4683333333333333	0.4666666666666667
1	0.1547863483428955	33.3043491965846	0.44083333333333335	0.44
2	0.15236695607503256	31.0722599029541	0.5116666666666667	0.48
3	0.14976894855499268	30.1786638561048	0.5283333333333333	0.49333333333333335
4	0.14809980392456054	30.78060662119012	0.5183333333333333	0.5266666666666666
5	0.14867071310679117	30.050276957060163	0.5275	0.48
6	0.14749741554260254	29.640041501898516	0.5358333333333334	0.4866666666666667
7	0.14652028679847717	29.585712834408408	0.5358333333333334	0.49333333333333335
8	0.14718545807732475	29.23295841718975	0.5475	0.49333333333333335
9	0.14648039340972902	29.13134627593191	0.5391666666666667	0.48
10	0.1459702795202082	29.087726342050654	0.5491666666666667	0.4666666666666667
11	0.14646615584691366	28.772057784231084	0.5525	0.49333333333333335
12	0.1458720610691951	28.647014065792685	0.5483333333333333	0.5066666666666667
13	0.14593778337751115	28.23963559301276	0.5508333333333333	0.4533333333333333
14	0.1461674372355143	28.745468541195518	0.5641666666666667	0.47333333333333333
15	0.1456354707479477	28.349980304115697	0.5441666666666667	0.4533333333333333
16	0.14668878387002385	28.031325164594147	0.5633333333333334	0.44
17	0.14675944381290013	27.594616438213148	0.5583333333333333	0.4666666666666667
18	0.1462685936375668	28.06887425874409	0.5716666666666667	0.44
19	0.14605790376663208	27.753802048532588	0.5591666666666667	0.48
20	0.14620054335821242	27.21667510584781	0.575	0.4533333333333333
21	0.1457227576862682	27.094977077684906	0.5758333333333333	0.4533333333333333
22	0.14584786995597507	27.067820749784772	0.5841666666666666	0.5133333333333333
23	0.14582422375679016	27.031277982812178	0.5841666666666666	0.48
24	0.14538207054138183	26.73550766392758	0.595	0.46
25	0.14538121223449707	26.868355500070674	0.58	0.5133333333333333
26	0.14533386407075105	26.581089170355547	0.5875	0.4866666666666667
27	0.14486696890422276	26.2521838137978	0.5908333333333333	0.4533333333333333
28	0.14489264323793608	26.261912446273	0.5875	0.49333333333333335
29	0.14489734967549642	26.19416954642848	0.5958333333333333	0.49333333333333335
-1	-1	-1	-1	-1
0	0.1579756736755371	32.366836196497864	0.45666666666666667	0.4
1	0.15052282810211182	33.194377397236075	0.4716666666666667	0.43333333333333335
2	0.1489113966623942	30.801429246601305	0.5066666666666667	0.43333333333333335
3	0.14530134201049805	30.59984362752814	0.52	0.47333333333333333
4	0.14523253440856934	30.19445524717632	0.5325	0.4666666666666667
5	0.1455833911895752	30.158788229289808	0.5108333333333334	0.4266666666666667
6	0.14419896262032644	29.40336453287225	0.53	0.44666666666666666
7	0.14431029558181763	29.40339291723151	0.5366666666666666	0.4266666666666667
8	0.144830412334866	28.95690385918868	0.5516666666666666	0.44666666666666666
9	0.1438835859298706	29.076235219051963	0.5441666666666667	0.43333333333333335
10	0.14407439665360885	28.946498268528988	0.54	0.44666666666666666
11	0.14423767725626627	29.116946872911956	0.5408333333333334	0.44
12	0.14351413800166204	28.599619890514173	0.5533333333333333	0.44666666666666666
13	0.1437476192201887	28.098788512380498	0.5608333333333333	0.4533333333333333
14	0.14383583068847655	28.22894118961535	0.5691666666666667	0.4266666666666667
15	0.14326676726341248	28.435616242258174	0.5566666666666666	0.4533333333333333
16	0.1435876032885383	27.82971151251542	0.565	0.46
17	0.1437079111735026	27.938444162669935	0.5641666666666667	0.4666666666666667
18	0.1432314671968159	28.45554888875861	0.5566666666666666	0.4666666666666667
19	0.14341806173324584	28.11889728746916	0.5683333333333334	0.4533333333333333
20	0.14361773218427384	27.291670899642142	0.5825	0.4866666666666667
21	0.14325111562555487	27.38205555865639	0.5666666666666667	0.4533333333333333
22	0.14339024087657098	27.062092279133044	0.5841666666666666	0.4666666666666667
23	0.14358408252398172	26.79424353649742	0.58	0.47333333333333333
24	0.14328092575073242	26.87454652786255	0.5766666666666667	0.46
25	0.1434423281596257	26.645575397893	0.5866666666666667	0.48
26	0.14362019962734646	26.304819985439902	0.5925	0.4666666666666667
27	0.14347202437264578	26.563026503512734	0.595	0.4666666666666667
28	0.1434016721001987	26.180754536076595	0.5941666666666666	0.4666666666666667
29	0.14363460540771483	26.076997932634857	0.5908333333333333	0.4533333333333333
30	0.1434113364065847	25.933023327275325	0.6066666666666667	0.4666666666666667
31	0.14346502721309662	25.83804582294665	0.5958333333333333	0.4666666666666667
32	0.14364781524195816	25.742067035875824	0.5908333333333333	0.44
33	0.14342641830444336	25.638941087220843	0.6	0.47333333333333333
34	0.14349701745169505	25.45938838155646	0.6116666666666667	0.4666666666666667
35	0.14354111088646782	25.379599169680947	0.6016666666666667	0.44
36	0.14338765273223053	25.36865063717491	0.6008333333333333	0.4666666666666667
37	0.14345099424061022	25.140284764139277	0.6083333333333333	0.46
38	0.14358886694296813	25.147136638039036	0.6033333333333334	0.46
39	0.14344069361686707	24.9861128957648	0.6083333333333333	0.44
40	0.14349884521670458	24.908445107309444	0.6166666666666667	0.44666666666666666
-1	-1	-1	-1	-1
0	0.1683192253112793	33.315789799941214	0.4533333333333333	0.44666666666666666
1	0.15128982067108154	33.5746545791626	0.45666666666666667	0.4666666666666667
2	0.15111835797627768	31.28417476854826	0.49833333333333335	0.44
3	0.14746564626693726	30.45868928808915	0.5083333333333333	0.4266666666666667
4	0.14625916481018067	30.271116357100638	0.51	0.4666666666666667
5	0.1458038886388143	30.104567854027998	0.5141666666666667	0.4533333333333333
6	0.14421916007995605	29.936376195204886	0.5158333333333334	0.46
7	0.14415165781974792	29.477509824853193	0.5291666666666667	0.42
8	0.14507142702738443	29.510457013782702	0.5266666666666666	0.4666666666666667
9	0.14423441886901855	29.572316646575928	0.5225	0.44
10	0.14414733106439764	29.192489674216823	0.5266666666666666	0.46
11	0.14404580990473428	28.954921371058415	0.5358333333333334	0.42
12	0.14335907422579253	28.5692330410606	0.5425	0.4666666666666667
13	0.14361585889543807	28.271903941505833	0.5433333333333333	0.4266666666666667
14	0.1435880978902181	29.246930749792803	0.5383333333333333	0.44666666666666666
15	0.1428990215063095	28.10933376613416	0.5483333333333333	0.44
16	0.14334752980400534	27.76782653206273	0.5541666666666667	0.44666666666666666
17	0.1437225474251641	27.993946376599762	0.5616666666666666	0.43333333333333335
18	0.14329897729974045	27.567654885743792	0.57	0.44
19	0.14328542947769166	27.396499734175833	0.56	0.47333333333333333
20	0.1434738522484189	27.212185759293405	0.57	0.44666666666666666
21	0.14313317428935657	28.184091015865928	0.5641666666666667	0.47333333333333333
22	0.143319440924603	27.018339257491263	0.5791666666666667	0.44
23	0.1435546576976776	26.719097488804866	0.5708333333333333	0.49333333333333335
24	0.14322592735290526	26.50763642160516	0.5816666666666667	0.4266666666666667
25	0.14314687252044678	26.306987386000785	0.5875	0.4533333333333333
26	0.1432715168705693	26.208479831093236	0.585	0.47333333333333333
27	0.14313200541904994	26.092313415125798	0.5866666666666667	0.44
28	0.14319407528844372	26.26950414557206	0.5858333333333333	0.46
29	0.14339799880981446	25.948345385099714	0.5833333333333334	0.43333333333333335
30	0.14308504904470137	25.969556206151058	0.5925	0.46
31	0.14305666089057922	26.282944603970176	0.5866666666666667	0.4666666666666667
32	0.1431653355107163	25.697229134409053	0.5933333333333334	0.46
33	0.14293307416579304	25.38824274665431	0.5991666666666666	0.44666666666666666
34	0.14294328008379256	25.28251788490697	0.5958333333333333	0.4533333333333333
35	0.14300359619988334	25.36843550832648	0.5908333333333333	0.44666666666666666
36	0.14273856781624458	25.290801525115967	0.5991666666666666	0.4666666666666667
37	0.14276865908974096	24.967065459803532	0.6075	0.43333333333333335
38	0.14283040242317396	24.93855561708149	0.5991666666666666	0.46
39	0.14272768497467042	24.872968849382904	0.6	0.4533333333333333
40	0.14287546204357612	24.74980452186183	0.6033333333333334	0.4666666666666667
41	0.14292300315130324	24.785878432424443	0.605	0.44
42	0.14278410756310753	24.637507313176204	0.6108333333333333	0.46
43	0.14351643757386642	24.466666347102116	0.6158333333333333	0.4266666666666667
-1	-1	-1	-1	-1
0	0.17462396621704102	33.588343369333366	0.44	0.38666666666666666
1	0.15583407878875732	33.49840051249454	0.4583333333333333	0.41333333333333333
2	0.15279690424601236	31.569059999365557	0.505	0.3933333333333333
3	0.15256768465042114	30.871041348105983	0.5208333333333334	0.4066666666666667
4	0.14904942512512206	30.460260140268428	0.5175	0.42
5	0.14924752712249756	30.011796474456787	0.5333333333333333	0.3933333333333333
6	0.14729908534458705	30.168654341446725	0.5258333333333334	0.42
7	0.14657914638519287	29.531608556446276	0.535	0.38666666666666666
8	0.14682139290703666	29.52100292005037	0.5383333333333333	0.4266666666666667
9	0.14581778049468994	29.529663738451507	0.5375	0.4266666666666667
10	0.14581314000216397	29.23982956534938	0.5466666666666666	0.43333333333333335
11	0.14592218399047852	28.99981568989001	0.5383333333333333	0.43333333333333335
12	0.14507431250352126	30.242361269499128	0.5216666666666666	0.41333333333333333
13	0.1450026035308838	29.266734725550602	0.5341666666666667	0.44
14	0.1450745741526286	28.751619012732256	0.545	0.4266666666666667
15	0.14443005621433258	28.400859832763672	0.5666666666666667	0.41333333333333333
16	0.14542405745562384	28.46714644683035	0.5633333333333334	0.41333333333333333
17	0.1455399062898424	28.012073617232474	0.575	0.43333333333333335
18	0.14533207291050962	27.72765925056056	0.5691666666666667	0.42
19	0.1454707145690918	27.566200632798044	0.5858333333333333	0.4066666666666667
20	0.14565436045328775	27.54418699364913	0.5816666666666667	0.41333333333333333
21	0.1453712203285911	27.127161026000977	0.5875	0.44
22	0.1450590050738791	26.995932277880218	0.5891666666666666	0.41333333333333333
23	0.14521355430285135	27.42461176922447	0.5741666666666667	0.42
24	0.14477482795715332	27.25953601535998	0.5866666666666667	0.44
25	0.14490947356590858	26.541391975001286	0.595	0.44
26	0.14494098557366264	26.32035215277421	0.5941666666666666	0.4533333333333333
27	0.14469275304249354	26.349828318545693	0.5958333333333333	0.4066666666666667
28	0.14481667814583615	25.986331111506413	0.6083333333333333	0.46
29	0.1449667453765869	25.977578163146973	0.5958333333333333	0.4266666666666667
30	0.14470125782874324	26.009837777991045	0.5933333333333334	0.44
31	0.14463116228580475	25.485348952443974	0.6058333333333333	0.42
32	0.14476270386666962	25.442736324511078	0.6116666666666667	0.4666666666666667
33	0.1445227861404419	25.80939917815359	0.5966666666666667	0.4266666666666667
34	0.14442459515162875	25.3486176791944	0.6125	0.44
35	0.1445359852578905	25.162880997908744	0.6116666666666667	0.4066666666666667
36	0.14431130563890612	25.23380947113037	0.6075	0.42
37	0.1443079710006714	25.038994613446686	0.6208333333333333	0.43333333333333335
38	0.1444235337086213	24.99994569075735	0.6108333333333333	0.42
39	0.14432892203330994	24.834259911587363	0.6175	0.4066666666666667
40	0.14435608794049518	24.88997271186427	0.6166666666666667	0.4066666666666667
41	0.14444841657366073	24.52348199643587	0.62	0.42
42	0.14426153759623683	24.57384721856368	0.6225	0.42
43	0.14427569779482755	24.42209758256611	0.6258333333333334	0.41333333333333333
44	0.14429910447862412	24.48335133100811	0.6225	0.42
45	0.1441201282584149	24.40483163532458	0.6141666666666666	0.42
46	0.14410690551108502	24.27625641069914	0.625	0.42
47	0.14409268895785013	24.145928985194157	0.6316666666666667	0.4066666666666667
48	0.14391325444591288	24.204592780063027	0.6225	0.41333333333333333
49	0.143915057182312	24.141948248210706	0.63	0.41333333333333333
50	0.14395404329486922	24.07201385498047	0.6316666666666667	0.4066666666666667
51	0.1438885239454416	23.90335472006547	0.6316666666666667	0.41333333333333333
52	0.14396384527098458	23.951532188214752	0.6291666666666667	0.4266666666666667
-1	-1	-1	-1	-1
0	0.17018961906433105	33.761447178690055	0.43833333333333335	0.41333333333333333
1	0.1541156768798828	33.31588125228882	0.4225	0.4666666666666667
2	0.15232356389363608	32.52153562244616	0.49333333333333335	0.5
3	0.1492476463317871	31.160802690606367	0.5083333333333333	0.49333333333333335
4	0.14786310195922853	31.224831229762028	0.5	0.52
5	0.14884579181671143	30.341210239811947	0.5175	0.52
6	0.14838930538722447	30.09522277430484	0.5208333333333334	0.5
7	0.14790311455726624	29.975658391651354	0.5158333333333334	0.5133333333333333
8	0.14870553546481663	29.888534445511667	0.5316666666666666	0.5266666666666666
9	0.14836008548736573	29.77671204115215	0.5266666666666666	0.5466666666666666
10	0.14787502722306686	29.5250304623654	0.5183333333333333	0.5066666666666667
11	0.14871821800867716	29.23956722962229	0.5333333333333333	0.48
12	0.1487728999211238	29.65364064668354	0.5391666666666667	0.5266666666666666
13	0.1484614440373012	29.09000627618087	0.5366666666666666	0.5333333333333333
14	0.1487871487935384	28.77408158151727	0.5333333333333333	0.54
15	0.1481962352991104	28.6238758187545	0.5516666666666666	0.52
16	0.14787603827083812	28.54853195893137	0.5525	0.5533333333333333
17	0.1481056875652737	28.68126796421252	0.5433333333333333	0.5533333333333333
18	0.147629461790386	28.138896540591592	0.5533333333333333	0.5333333333333333
19	0.14729862213134765	28.067692104138825	0.5525	0.54
20	0.14741326513744535	28.039953081231367	0.5641666666666667	0.47333333333333333
21	0.14714062213897705	27.97405057204397	0.56	0.5066666666666667
22	0.14701328070267386	27.876327489551745	0.5641666666666667	0.49333333333333335
23	0.1471785306930542	27.260364657954167	0.57	0.5133333333333333
24	0.14676737785339355	27.109713052448473	0.5833333333333334	0.52
25	0.14656054973602295	26.9658599903709	0.585	0.5
26	0.14667655803539134	26.960254694286146	0.585	0.5133333333333333
27	0.1463033982685634	26.86778311980398	0.5808333333333333	0.5
28	0.14633110473895894	26.722991240651982	0.5866666666666667	0.5066666666666667
29	0.14638857841491698	26.527376927827532	0.5866666666666667	0.52
30	0.14605800567134733	26.557663842251426	0.5883333333333334	0.5066666666666667
31	0.14602187275886536	26.256741523742676	0.5975	0.5066666666666667
32	0.14618422045852197	25.905858341016266	0.5941666666666666	0.5066666666666667
33	0.1458858882679659	25.969101529372367	0.5983333333333334	0.5133333333333333
34	0.14583289963858467	26.013762775220368	0.5983333333333334	0.52
35	0.14590711063808864	26.029630008496735	0.5991666666666666	0.52
36	0.145651321153383	25.6049868684066	0.6075	0.5133333333333333
-1	-1	-1	-1	-1
0	0.22762608528137207	33.371192831742135	0.44416666666666665	0.4
1	0.18462705612182617	33.293327030382656	0.43833333333333335	0.46
2	0.1683830420176188	31.35096509833085	0.49583333333333335	0.47333333333333333
3	0.16252344846725464	30.917909797869232	0.5158333333333334	0.44666666666666666
4	0.15883517265319824	30.916949322349147	0.5025	0.5133333333333333
5	0.1549760103225708	30.073224519428454	0.5183333333333333	0.49333333333333335
6	0.15392105919974192	30.345272967689915	0.5025	0.5
7	0.1529826521873474	30.192748094859876	0.5308333333333334	0.44666666666666666
8	0.15106566747029623	29.852987992136104	0.5191666666666667	0.49333333333333335
9	0.15066964626312257	29.751285126334743	0.5341666666666667	0.5133333333333333
10	0.14998687397349963	29.568204227246735	0.5341666666666667	0.4866666666666667
11	0.1485822598139445	29.357996890419408	0.5425	0.44666666666666666
12	0.14848648584806	28.970642692164372	0.5466666666666666	0.48
13	0.1481572049004691	28.98883096795333	0.5458333333333333	0.4666666666666667
14	0.14715946515401204	28.865806378816302	0.5591666666666667	0.49333333333333335
15	0.1472267359495163	28.600466452146833	0.555	0.5333333333333333
16	0.14688901340260224	28.58985810530813	0.5633333333333334	0.48
17	0.14613419108920628	28.352369559438603	0.5675	0.46
18	0.14601347320958188	28.38222719493665	0.55	0.4533333333333333
19	0.14596974849700928	28.07440029947381	0.5675	0.49333333333333335
20	0.14535230682009742	28.141696402901097	0.5508333333333333	0.5
21	0.1455489613793113	27.973590399089613	0.575	0.4666666666666667
22	0.14574555728746497	27.58877934907612	0.5708333333333333	0.4866666666666667
23	0.1454350153605143	27.787720680236816	0.5683333333333334	0.4666666666666667
24	0.14548836708068846	27.45269280985782	0.5758333333333333	0.46
25	0.14557510155897874	27.31779926701596	0.5733333333333334	0.4533333333333333
26	0.14510171501724808	27.11987836737382	0.5741666666666667	0.47333333333333333
27	0.14516884088516235	26.842420603099622	0.5866666666666667	0.46
28	0.14534622225268135	26.80175427386635	0.585	0.47333333333333333
29	0.145100204149882	26.631135087264212	0.5883333333333334	0.4666666666666667
30	0.14508042027873377	26.487644396330182	0.5883333333333334	0.47333333333333333
31	0.14515986293554306	26.500582142880088	0.585	0.48
32	0.14482764041785037	26.3665862334402	0.5916666666666667	0.47333333333333333
33	0.1448858345256132	26.206038751100238	0.5891666666666666	0.4666666666666667
34	0.14499244689941407	26.09810397499486	0.5866666666666667	0.46
35	0.14484720097647774	25.935588033575762	0.5966666666666667	0.47333333333333333
-1	-1	-1	-1	-1
0	0.17795181274414062	33.3138868432296	0.4275	0.3933333333333333
1	0.16023921966552734	33.52074979480944	0.42333333333333334	0.5533333333333333
2	0.15185944239298502	31.491134718844766	0.495	0.5133333333333333
3	0.15061241388320923	30.975292657551012	0.5	0.5466666666666666
4	0.14796338081359864	30.526389473362972	0.495	0.49333333333333335
5	0.14709317684173584	30.074580744693154	0.5125	0.5
6	0.14701581001281738	30.084170692845394	0.5191666666666667	0.49333333333333335
7	0.14565244317054749	29.714103748923854	0.5175	0.47333333333333333
8	0.14585725466410318	30.070355716504547	0.5216666666666666	0.5133333333333333
9	0.14610114097595214	29.838858127593994	0.5141666666666667	0.5133333333333333
10	0.14548399231650613	29.58900893361945	0.5225	0.5666666666666667
11	0.14543716112772623	29.065392042461195	0.5275	0.5266666666666666
12	0.145751586327186	28.80022601077431	0.5325	0.5333333333333333
13	0.1452134336744036	28.70504715568141	0.555	0.5466666666666666
14	0.145437224706014	28.59396048596031	0.55	0.5466666666666666
15	0.14560826122760773	28.430934378975316	0.5516666666666666	0.5066666666666667
16	0.14518070220947266	28.570402195579128	0.5475	0.5133333333333333
17	0.1452265977859497	28.39542639882941	0.545	0.5333333333333333
18	0.1454110772986161	27.786738194917376	0.565	0.52
19	0.1450685977935791	27.81145587720369	0.5541666666666667	0.49333333333333335
20	0.14507284618559338	27.513061573630885	0.555	0.5133333333333333
21	0.14522396434437146	27.377810528403835	0.5658333333333333	0.5266666666666666
22	0.1449139636495839	27.168811496935394	0.5691666666666667	0.52
23	0.14506213863690695	27.2994926101283	0.5691666666666667	0.56
24	0.14520711898803712	27.21615138806795	0.5666666666666667	0.5066666666666667
25	0.14496847299429086	26.81899921517623	0.5741666666666667	0.5266666666666666
26	0.14501877184267398	27.07952178151984	0.5575	0.5133333333333333
27	0.14511758940560476	26.52143538625617	0.5666666666666667	0.5333333333333333
28	0.1449117249455945	26.612927562312077	0.5708333333333333	0.5133333333333333
29	0.14499531586964926	26.449216416007594	0.5675	0.56
30	0.14518373243270383	26.22506816763627	0.58	0.54
-1	-1	-1	-1	-1
0	0.1627347469329834	33.074040714063145	0.4533333333333333	0.4266666666666667
1	0.1548548936843872	33.448569071920296	0.4608333333333333	0.48
2	0.15238118171691895	30.891930705622624	0.4975	0.46
3	0.1487599015235901	30.591514436822187	0.49833333333333335	0.5066666666666667
4	0.1484609603881836	30.054087488274824	0.52	0.5333333333333333
5	0.1485340197881063	29.758657154284027	0.5141666666666667	0.5
6	0.1472576686314174	29.994176061529863	0.5041666666666667	0.5
7	0.1464308798313141	29.19459837361386	0.5316666666666666	0.5133333333333333
8	0.14616751670837402	29.28601867274234	0.5216666666666666	0.5
9	0.14478521347045897	29.416173282422516	0.5225	0.5066666666666667
10	0.14478841694918546	29.532329484036094	0.5216666666666666	0.5
11	0.1446818709373474	28.908334230121813	0.5358333333333334	0.56
12	0.14377911274249738	28.444162770321494	0.5441666666666667	0.47333333333333333
13	0.14400758062090194	28.461054952521074	0.5391666666666667	0.48
14	0.14398085276285807	28.454823343377363	0.5416666666666666	0.48
15	0.14325498044490814	28.24033556486431	0.5575	0.49333333333333335
16	0.1432668321272906	27.76771502745779	0.5566666666666666	0.49333333333333335
17	0.14333381917741564	27.872529983520508	0.5483333333333333	0.5333333333333333
18	0.14277544774507223	27.606936605353106	0.56	0.48
19	0.14284181594848633	27.64546103226511	0.56	0.48
20	0.14306259155273438	27.323645139995374	0.5666666666666667	0.47333333333333333
21	0.1425961364399303	27.046654977296527	0.5691666666666667	0.4266666666666667
22	0.14284309096958325	27.032850140019466	0.575	0.5
23	0.14299275477727255	26.972606407968623	0.5716666666666667	0.47333333333333333
24	0.1426107978820801	26.884085379148786	0.5616666666666666	0.5
25	0.14268266237699068	26.57825213984439	0.5808333333333333	0.5066666666666667
26	0.1429047319624159	26.323381223176654	0.5816666666666667	0.4533333333333333
27	0.1426634873662676	26.33558185477006	0.585	0.49333333333333335
28	0.14264069754501868	25.96073351408306	0.5866666666666667	0.5
29	0.1427877982457479	25.957645240582917	0.5866666666666667	0.49333333333333335
30	0.14265348834376182	25.94177376596551	0.5858333333333333	0.49333333333333335
31	0.1427587792277336	25.698890159004613	0.5916666666666667	0.49333333333333335
-1	-1	-1	-1	-1
0	0.17655372619628906	32.93636854071366	0.46166666666666667	0.36666666666666664
1	0.15665137767791748	33.57070164931448	0.44333333333333336	0.46
2	0.15264479319254556	31.261122452585322	0.4791666666666667	0.5
3	0.14821046590805054	30.38376966275667	0.5041666666666667	0.5
4	0.1466604709625244	29.886005577288177	0.5108333333333334	0.5466666666666666
5	0.14626904328664145	29.965423885144684	0.5266666666666666	0.5333333333333333
6	0.14473540442330496	29.444273672605817	0.53	0.56
7	0.1449662446975708	29.546491146087646	0.5275	0.48
8	0.14431587855021158	29.36843974966752	0.5175	0.5666666666666667
9	0.14366652965545654	28.96504931700857	0.5466666666666666	0.5266666666666666
10	0.1439609094099565	28.949854399028577	0.5483333333333333	0.5666666666666667
11	0.14387454589207968	28.60576699909411	0.5525	0.4666666666666667
12	0.14299042408282941	28.367245222392835	0.5491666666666667	0.5066666666666667
13	0.143398574420384	29.025749658283434	0.52	0.5266666666666666
14	0.14372860590616862	27.907094051963405	0.5591666666666667	0.54
15	0.14343570172786713	27.8709952203851	0.5666666666666667	0.54
16	0.14374972792232737	27.602355680967634	0.5583333333333333	0.52
17	0.14410032166375053	27.445550441741943	0.5675	0.5266666666666666
18	0.14391464936105827	27.443835835707816	0.5666666666666667	0.5266666666666666
19	0.14391369819641114	26.881067853224906	0.5783333333333334	0.48
20	0.14436412992931547	26.918794983311702	0.5775	0.5466666666666666
21	0.1443270444869995	26.790363964281585	0.5808333333333333	0.54
22	0.14431639339612878	26.51481432663767	0.5841666666666666	0.49333333333333335
23	0.14475709199905396	26.51178967325311	0.5825	0.52
24	0.14453392028808593	26.21175530082301	0.5908333333333333	0.5066666666666667
25	0.1444025314771212	26.23325134578504	0.59	0.5133333333333333
26	0.14471673965454102	25.97515226665296	0.5933333333333334	0.5133333333333333
27	0.1445960487638201	25.897327247418854	0.5933333333333334	0.52
28	0.1445959765335609	25.645191418497188	0.6041666666666666	0.52
29	0.14484726587931315	25.611723573584307	0.5958333333333333	0.52
-1	-1	-1	-1	-1
0	0.16756272315979004	33.193389440837656	0.465	0.42
1	0.15585124492645264	33.160208902860944	0.46	0.44
2	0.15477323532104492	31.308343008944863	0.4975	0.44
3	0.15232408046722412	31.061373409472015	0.5108333333333334	0.44
4	0.15030169486999512	30.103633228101227	0.5091666666666667	0.5
5	0.15081659952799478	29.99729593176591	0.5075	0.4666666666666667
6	0.14907244273594447	29.803594840200322	0.5275	0.4533333333333333
7	0.14799660444259644	29.517063692996377	0.5408333333333334	0.4666666666666667
8	0.1484733952416314	29.335504582053737	0.5408333333333334	0.4266666666666667
9	0.14742403030395507	29.41938274785092	0.54	0.44
10	0.1472228006883101	29.47201156616211	0.5283333333333333	0.4866666666666667
11	0.14740951855977377	28.917398101405094	0.5391666666666667	0.48
12	0.14674269236051118	28.869599442732962	0.5341666666666667	0.4866666666666667
13	0.14701306819915771	28.63499807056628	0.5416666666666666	0.46
14	0.14722127914428712	28.096922673677142	0.5516666666666666	0.4533333333333333
15	0.14669285714626312	27.98791759892514	0.5608333333333333	0.46
16	0.14668979364282944	27.927890702297812	0.5625	0.44
17	0.1468726264105903	28.371446634593763	0.5483333333333333	0.4866666666666667
18	0.14639223249335037	27.836084516424883	0.5683333333333334	0.4533333333333333
19	0.14624383449554443	27.44526245719508	0.57	0.46
20	0.14613225346519834	27.37428165736951	0.5608333333333333	0.48
21	0.14550370519811456	27.11698938670911	0.5825	0.4666666666666667
22	0.1454518877941629	26.982327210275752	0.5708333333333333	0.4666666666666667
23	0.14537933468818665	26.83634632512143	0.585	0.4533333333333333
24	0.14486777305603027	26.884981958489668	0.5833333333333334	0.46
25	0.1448389750260573	26.77326644094367	0.5891666666666666	0.4666666666666667
26	0.14483624034457737	26.680426522305137	0.5858333333333333	0.44666666666666666
27	0.14438391583306448	27.023726915058337	0.5808333333333333	0.47333333333333333
28	0.14450051866728683	26.128081271522923	0.5966666666666667	0.4666666666666667
29	0.1448584794998169	25.84178884405839	0.595	0.46
-1	-1	-1	-1	-1
0	0.15953326225280762	33.51978763781096	0.44916666666666666	0.36
1	0.15484678745269775	33.568689948634095	0.415	0.44
2	0.15119036038716635	31.26882522984555	0.49333333333333335	0.47333333333333333
3	0.14636671543121338	30.258479996731406	0.5125	0.49333333333333335
4	0.1451568126678467	29.89029352288497	0.5166666666666667	0.5066666666666667
5	0.1449583371480306	29.75145395178544	0.5066666666666667	0.5066666666666667
6	0.143143858228411	29.65417636068244	0.5308333333333334	0.5
7	0.14354196190834045	29.4573049796255	0.5283333333333333	0.5066666666666667
8	0.14286632008022732	29.302958287690814	0.5233333333333333	0.5133333333333333
9	0.14283418655395508	29.283162895001862	0.5308333333333334	0.5133333333333333
10	0.14355928247625177	28.952525741175602	0.5325	0.52
11	0.14336045583089194	28.461290961817692	0.545	0.5266666666666666
12	0.1429455463702862	28.333175307825993	0.55	0.5066666666666667
13	0.1430204255240304	28.49685485739457	0.5416666666666666	0.5066666666666667
14	0.1432277202606201	28.06126890684429	0.5608333333333333	0.5
15	0.1425856649875641	28.097373761628802	0.5625	0.5333333333333333
16	0.14296864060794606	28.036313809846575	0.5616666666666666	0.54
17	0.14336521095699734	27.872131021399248	0.5583333333333333	0.5266666666666666
18	0.14305366967853747	27.494375504945452	0.5666666666666667	0.5266666666666666
19	0.1428725838661194	27.069448772229645	0.5775	0.52
20	0.14294791221618652	27.1414122330515	0.5758333333333333	0.5133333333333333
21	0.1425194198435003	27.0010212848061	0.5708333333333333	0.52
22	0.1425847281580386	26.750899365073757	0.575	0.52
23	0.14279241363207498	26.616081789920205	0.5791666666666667	0.5066666666666667
24	0.14246874809265136	27.2561314231471	0.5775	0.5333333333333333
25	0.14258485573988694	26.196097725316097	0.5825	0.5266666666666666
26	0.14279197763513635	26.270039257250335	0.5841666666666666	0.5066666666666667
27	0.14255173717226302	25.993772481617174	0.5875	0.5
28	0.14288384338905072	25.957693024685508	0.5841666666666666	0.4866666666666667
29	0.14314328034718832	25.692238180260908	0.5925	0.5266666666666666
30	0.1431423387219829	25.420172390184906	0.5958333333333333	0.5
31	0.14313261955976486	25.55601739883423	0.5908333333333333	0.5066666666666667
32	0.14345642292138303	25.22420152864958	0.6016666666666667	0.49333333333333335
33	0.14345946031458237	25.218594751859968	0.6	0.4866666666666667
34	0.14343221528189523	24.99201915138646	0.6008333333333333	0.5133333333333333
35	0.14376630385716757	24.74649487043682	0.6033333333333334	0.49333333333333335
36	0.1436711904164907	24.887000058826647	0.6083333333333333	0.52
-1	-1	-1	-1	-1
0	0.17869043350219727	33.30180391512419	0.43	0.47333333333333333
1	0.16311907768249512	32.853271409084925	0.45916666666666667	0.49333333333333335
2	0.156217892964681	31.539351965251722	0.4875	0.4866666666666667
3	0.15290015935897827	30.44108297950343	0.49833333333333335	0.4666666666666667
4	0.15291404724121094	30.049791988573578	0.52	0.4666666666666667
5	0.15101023515065512	30.15414810180664	0.5233333333333333	0.4866666666666667
6	0.14977107729230607	29.80579840509515	0.5075	0.48
7	0.15058574080467224	29.79182649913587	0.5216666666666666	0.47333333333333333
8	0.14983929528130424	29.599716839037445	0.515	0.49333333333333335
9	0.14905598163604736	29.45103733163131	0.5175	0.49333333333333335
10	0.14952308481389825	29.389857618432295	0.525	0.46
11	0.1485887368520101	29.003210795553105	0.5275	0.47333333333333333
12	0.14794976894672102	28.608531851517526	0.5358333333333334	0.4866666666666667
13	0.14808220522744314	28.432838640714948	0.5333333333333333	0.4666666666666667
14	0.14712249437967936	28.28685901039525	0.5416666666666666	0.4866666666666667
15	0.14692045748233795	28.204196779351484	0.5475	0.4866666666666667
16	0.14696868728188908	28.437777920773154	0.5416666666666666	0.5066666666666667
17	0.14660965071784127	28.138086996580427	0.5525	0.4666666666666667
18	0.14635959424470601	27.884577299419202	0.55	0.5133333333333333
19	0.14656193256378175	27.52966941030402	0.5633333333333334	0.5133333333333333
20	0.14638746352422805	27.467070730108965	0.5708333333333333	0.49333333333333335
21	0.14624156735160135	27.447834165472734	0.5508333333333333	0.5133333333333333
22	0.1465010228364364	27.17150236430921	0.555	0.5133333333333333
23	0.1476117173830668	27.465255486337764	0.5575	0.5066666666666667
24	0.147380313873291	26.983110929790296	0.5658333333333333	0.5133333333333333
25	0.14760350264035738	26.72269522516351	0.5716666666666667	0.5
26	0.14748352545279045	26.89085518686395	0.575	0.5133333333333333
27	0.14736864396503993	26.561218813845986	0.5758333333333333	0.5066666666666667
28	0.14750019435224862	26.327674037531803	0.5833333333333334	0.5133333333333333
29	0.14721803665161132	26.30556927229229	0.5833333333333334	0.52
30	0.14705884072088427	25.983721833480033	0.5825	0.5
31	0.14719130098819733	25.891484887976397	0.5883333333333334	0.5133333333333333
32	0.14693599758726178	25.868025227596885	0.5816666666666667	0.48
33	0.1467447280883789	25.80643061587685	0.5966666666666667	0.5266666666666666
34	0.14686142376491002	25.71871360979582	0.5891666666666666	0.5066666666666667
35	0.14669825633366904	25.3931020435534	0.5991666666666666	0.5066666666666667
36	0.14660039463558713	25.38820753599468	0.6025	0.5066666666666667
37	0.14671909181695236	25.333624362945557	0.5933333333333334	0.5066666666666667
38	0.14651123682657877	25.07109014611495	0.5991666666666666	0.48
39	0.14639102816581726	25.31704398205406	0.5941666666666666	0.5
40	0.14651126396365283	24.994538231899863	0.6033333333333334	0.4666666666666667
41	0.14624530360812232	24.847468275772897	0.6016666666666667	0.4866666666666667
42	0.14625651337379633	24.948915381180612	0.5983333333333334	0.4866666666666667
43	0.14617210626602173	24.62691058610615	0.605	0.4866666666666667
44	0.14585519896613228	24.770592137386924	0.6033333333333334	0.5
45	0.1459350534107374	24.65349689282869	0.6058333333333333	0.5066666666666667
46	0.14582481790096202	24.449730396270752	0.61	0.5133333333333333
47	0.1456037312746048	24.610531254818564	0.5983333333333334	0.48
48	0.14556557305005133	24.425301125175075	0.6108333333333333	0.49333333333333335
49	0.14554060935974122	24.39310746443899	0.61	0.4866666666666667
50	0.14533216345543956	24.202043207068193	0.6125	0.4666666666666667
51	0.1452922224998474	24.357569644325658	0.6141666666666666	0.4866666666666667
52	0.1452627182006836	24.337322084527266	0.6083333333333333	0.49333333333333335
53	0.14500980023984555	24.11878648557161	0.6083333333333333	0.49333333333333335
-1	-1	-1	-1	-1
0	0.1716606616973877	33.70119017048886	0.4425	0.47333333333333333
1	0.1570504903793335	33.07725991700825	0.5033333333333333	0.52
2	0.14925122261047363	31.96514310334858	0.49666666666666665	0.58
3	0.14903849363327026	30.82189409356368	0.5183333333333333	0.5333333333333333
4	0.1467207431793213	30.611105416950426	0.5208333333333334	0.56
5	0.14612706502278647	29.993353040594805	0.5158333333333334	0.5533333333333333
6	0.1464540958404541	29.87021057229293	0.535	0.5533333333333333
7	0.1452321708202362	29.709769951669795	0.5208333333333334	0.5466666666666666
8	0.14535294638739693	29.887973559530156	0.5316666666666666	0.54
9	0.14581024646759033	29.503872695722077	0.5325	0.5733333333333334
10	0.14505874026905408	29.134626212872956	0.5433333333333333	0.5066666666666667
11	0.14519639809926352	28.976308621858294	0.5441666666666667	0.5333333333333333
12	0.1454796424278846	29.013611442164372	0.5408333333333334	0.5466666666666666
13	0.14514684677124023	28.845114682850085	0.5416666666666666	0.54
14	0.14502959251403807	28.723630076960514	0.555	0.58
15	0.1452179253101349	28.323682433680485	0.5558333333333333	0.5733333333333334
16	0.1448205919826732	28.3114336415341	0.5575	0.5866666666666667
17	0.14479321903652614	28.069612854405452	0.5608333333333333	0.58
18	0.1450071836772718	27.786619864012067	0.5725	0.5666666666666667
19	0.14475417137145996	27.699345212233695	0.57	0.58
20	0.1446403775896345	27.55826365320306	0.5716666666666667	0.5733333333333334
21	0.14484627680345016	27.469623540577135	0.5758333333333333	0.54
22	0.144758939743042	27.492972072802093	0.5708333333333333	0.5933333333333334
23	0.14452128609021506	27.15317359723543	0.5775	0.5866666666666667
24	0.14478829383850098	27.027583272833574	0.5783333333333334	0.5733333333333334
25	0.14452802217923677	26.794891257035104	0.5908333333333333	0.56
26	0.14441076031437627	26.916491558677272	0.5791666666666667	0.5533333333333333
27	0.14449428660529	26.995740137602155	0.5883333333333334	0.5266666666666666
28	0.1442622398508006	26.85497293974224	0.5916666666666667	0.5666666666666667
29	0.14444873332977295	26.481358503040514	0.59	0.58
30	0.14446093190100887	26.28139917474044	0.5975	0.5533333333333333
31	0.1440965235233307	26.159888041646855	0.6091666666666666	0.5266666666666666
32	0.14426466912934274	26.042767675299395	0.5958333333333333	0.5466666666666666
33	0.14443146481233485	25.834751355020625	0.6041666666666666	0.56
34	0.1441105842590332	25.855486643941777	0.6041666666666666	0.5533333333333333
35	0.14427550633748373	25.602717876434326	0.6016666666666667	0.5666666666666667
36	0.1443601943351127	25.634453095887835	0.6058333333333333	0.5333333333333333
37	0.14404835826472231	25.348028233176784	0.6158333333333333	0.5466666666666666
38	0.14411149880824944	25.29044919264944	0.6108333333333333	0.5466666666666666
39	0.1441636085510254	25.190050827829463	0.6108333333333333	0.54
40	0.14403358901419291	25.052083090731973	0.6166666666666667	0.5533333333333333
41	0.1441132114047096	24.968670343097887	0.62	0.5266666666666666
42	0.14414587686228197	24.944810591245954	0.6116666666666667	0.5333333333333333
-1	-1	-1	-1	-1
0	0.1608414649963379	33.81223543066727	0.44416666666666665	0.4266666666666667
1	0.15598690509796143	33.81464842746132	0.4241666666666667	0.4866666666666667
2	0.15320706367492676	31.62275535181949	0.5008333333333334	0.5133333333333333
3	0.15269804000854492	30.688500053004216	0.5183333333333333	0.5333333333333333
4	0.1491119384765625	30.560884375321237	0.5175	0.5133333333333333
5	0.1483532190322876	29.970893307736045	0.5258333333333334	0.5333333333333333
6	0.14677960532052176	30.01331565254613	0.5291666666666667	0.5466666666666666
7	0.1471620500087738	29.746547096653988	0.5233333333333333	0.5466666666666666
8	0.1472998725043403	29.6561440668608	0.5366666666666666	0.5733333333333334
9	0.14639132022857665	29.44228614004035	0.5408333333333334	0.54
10	0.14608695290305398	29.109294138456647	0.5325	0.5333333333333333
11	0.14617345730463663	29.007327230353106	0.5391666666666667	0.56
12	0.14534710003779486	29.795320862217952	0.5308333333333334	0.56
13	0.1452611003603254	28.959909363796836	0.5383333333333333	0.5266666666666666
14	0.14525787035624185	28.609231246145146	0.5466666666666666	0.56
15	0.14462649822235107	28.23955606159411	0.5591666666666667	0.5266666666666666
16	0.14444877119625316	28.40122544138055	0.5525	0.6
17	0.1443958944744534	27.880966939424212	0.56	0.5066666666666667
18	0.14374607487728722	27.976385769091156	0.5708333333333333	0.54
19	0.14369494915008546	28.023921063071803	0.5616666666666666	0.5266666666666666
20	0.14370976175580705	27.54345344242297	0.5666666666666667	0.5733333333333334
21	0.14319116419011896	27.309683925227116	0.58	0.5666666666666667
22	0.143313801806906	27.605925233740557	0.5716666666666667	0.54
23	0.14347495635350546	27.459875006424753	0.5691666666666667	0.56
24	0.14316631317138673	26.893854668265895	0.5808333333333333	0.5533333333333333
25	0.1431622596887442	26.664136058405827	0.585	0.5533333333333333
26	0.14321911776507343	26.69174041246113	0.5766666666666667	0.5466666666666666
27	0.14284196070262364	26.518543143021432	0.5891666666666666	0.5733333333333334
28	0.14291583258530188	26.553845706738922	0.5916666666666667	0.5466666666666666
29	0.14278693993886313	26.307096581710013	0.5925	0.5666666666666667
30	0.14252164286951866	25.983526480825322	0.5975	0.5333333333333333
31	0.1425480842590332	25.84942724830226	0.59	0.56
32	0.14262669014208246	25.890415618294163	0.5925	0.5666666666666667
33	0.14253423494451187	25.634280054192793	0.5975	0.5266666666666666
34	0.14267387390136718	25.795364831623278	0.5933333333333334	0.56
35	0.14285106129116482	25.52344560623169	0.6	0.56
36	0.142762126149358	25.315928659941022	0.6025	0.5666666666666667
-1	-1	-1	-1	-1
0	0.17386484146118164	33.117338833055996	0.455	0.4066666666666667
1	0.1560993194580078	33.302881943552116	0.435	0.4
2	0.14810307820638022	31.336496353149414	0.5058333333333334	0.4066666666666667
3	0.14608913660049438	30.373769860518607	0.5108333333333334	0.43333333333333335
4	0.1455904483795166	30.462044213947497	0.5116666666666667	0.41333333333333333
5	0.14363535245259604	30.494555523521022	0.5183333333333333	0.42
6	0.14328346933637345	30.57015710127981	0.5116666666666667	0.42
7	0.14302527904510498	29.987030430843955	0.5375	0.3933333333333333
8	0.14192636807759604	30.18526493875604	0.515	0.4266666666666667
9	0.14183976650238037	29.65289713207044	0.5208333333333334	0.41333333333333333
10	0.1418097669428045	29.487292390120658	0.5325	0.4533333333333333
11	0.14120306571324667	29.30006278188605	0.5225	0.44666666666666666
12	0.14136330897991473	29.084998758215654	0.5491666666666667	0.44
13	0.1416304792676653	29.08460453936928	0.5441666666666667	0.4
14	0.1413541316986084	28.90908153433549	0.5458333333333333	0.43333333333333335
15	0.1416524052619934	28.867252149079974	0.5541666666666667	0.4666666666666667
16	0.14207839965820312	29.0260009765625	0.5416666666666666	0.44
17	0.14174136850568983	28.387022470173083	0.5616666666666666	0.4266666666666667
18	0.14211731207998177	28.32367071352507	0.5583333333333333	0.4533333333333333
19	0.14236040115356446	27.973300557387503	0.5625	0.4666666666666667
20	0.14211138089497885	27.903308868408203	0.5675	0.46
21	0.1423938274383545	27.727065487911826	0.5741666666666667	0.48
22	0.14257435176683508	27.52173940758956	0.5733333333333334	0.47333333333333333
23	0.14238708217938742	27.663530851665296	0.5716666666666667	0.48
24	0.1426626968383789	27.577783961045114	0.5716666666666667	0.44666666666666666
25	0.14287493779109076	27.399566826067474	0.5775	0.47333333333333333
26	0.14268195187603985	26.939954531820195	0.5883333333333334	0.4666666666666667
27	0.14278021880558558	26.80435105373985	0.58	0.48
28	0.14292105313005118	26.658615338174922	0.5941666666666666	0.4866666666666667
29	0.14269479910532634	26.60040175287347	0.5891666666666666	0.47333333333333333
30	0.14269495010375977	26.649696500677813	0.5925	0.47333333333333333
31	0.1427426114678383	26.54365725266306	0.5941666666666666	0.47333333333333333
32	0.14248694795550723	26.1960745108755	0.6033333333333334	0.47333333333333333
33	0.14264176873599782	26.289884517067357	0.5933333333333334	0.47333333333333333
34	0.1426593848637172	26.016305722688372	0.6008333333333333	0.47333333333333333
35	0.1425348785188463	25.820408193688642	0.605	0.4533333333333333
36	0.14280241888922615	25.836449096077367	0.6008333333333333	0.49333333333333335
37	0.14302177805649607	25.841841572209407	0.6016666666666667	0.4666666666666667
38	0.14282410572736692	25.615608039655182	0.6016666666666667	0.46
39	0.1428450644016266	25.60706121043155	0.6066666666666667	0.4666666666666667
40	0.14294597579211724	25.26219147130063	0.6125	0.47333333333333333
41	0.14270715486435664	25.199269445318926	0.6016666666666667	0.47333333333333333
42	0.1427706895872604	25.273605647839997	0.6158333333333333	0.49333333333333335
43	0.14287535168907858	25.069489253194707	0.6158333333333333	0.48
44	0.14268262651231553	25.00184194665206	0.6116666666666667	0.4666666666666667
45	0.14284281626991605	24.889353375685843	0.6175	0.47333333333333333
46	0.14297927186844198	24.791574578536185	0.6158333333333333	0.48
47	0.14289088050524393	24.840199144263018	0.6175	0.48
48	0.1429628644670759	24.74344032689145	0.6175	0.4666666666666667
49	0.14307186126708984	24.638312264492637	0.6208333333333333	0.4666666666666667
50	0.1430064790389117	24.541522277028935	0.6183333333333333	0.4533333333333333
51	0.14305991392869216	24.507789611816406	0.6216666666666667	0.48
52	0.14314470651014796	24.46730156948692	0.6208333333333333	0.4666666666666667
53	0.14307674213691993	24.46997298692402	0.62	0.46
54	0.14310768734325063	24.415959709569027	0.6191666666666666	0.46
55	0.14318705882344926	24.35857807962518	0.6233333333333333	0.47333333333333333
56	0.14311674603244715	24.383327609614323	0.6208333333333333	0.46
-1	-1	-1	-1	-1
0	0.17249727249145508	33.632917504561576	0.4325	0.43333333333333335
1	0.1593031883239746	33.637187606409974	0.455	0.49333333333333335
2	0.15203007062276205	31.689017396224173	0.48583333333333334	0.47333333333333333
3	0.15238690376281738	31.162202885276393	0.5058333333333334	0.48
4	0.16006021499633788	30.812336018210964	0.4975	0.5866666666666667
5	0.15634306271870932	30.960350337781403	0.5083333333333333	0.43333333333333335
6	0.1557795660836356	30.157616163554945	0.5025	0.5266666666666666
7	0.15353164076805115	30.036019500933197	0.5283333333333333	0.5266666666666666
8	0.1518399715423584	30.706683008294355	0.5	0.52
9	0.15197596549987794	30.727525008352178	0.49833333333333335	0.5066666666666667
10	0.15105390548706055	29.793070215927926	0.5191666666666667	0.52
11	0.15021228790283203	29.363497834456595	0.5366666666666666	0.54
12	0.15017012449411246	29.371617367393092	0.5308333333333334	0.5133333333333333
13	0.14897947651999338	29.07383451963726	0.5325	0.52
14	0.1486635684967041	29.07191545084903	0.5383333333333333	0.52
15	0.14831893146038055	28.613183046642103	0.5516666666666666	0.5533333333333333
16	0.14755601041457234	28.793062887693708	0.5433333333333333	0.56
17	0.14780522717369926	28.20205151407342	0.5533333333333333	0.5333333333333333
18	0.14764064236691124	27.94122045918515	0.5558333333333333	0.5066666666666667
19	0.14702492952346802	27.687191034618177	0.5708333333333333	0.54
20	0.1471118927001953	27.6536898863943	0.5725	0.5333333333333333
21	0.14702387289567428	27.46695498416298	0.5566666666666666	0.5266666666666666
22	0.14651160654814346	27.21354657725284	0.5691666666666667	0.5466666666666666
23	0.14644057552019754	26.994106945238617	0.57	0.5466666666666666
24	0.14649421691894532	26.863469952031185	0.5808333333333333	0.5533333333333333
25	0.14616362865154559	26.806160199014766	0.5725	0.5533333333333333
26	0.14609085188971627	27.1632584521645	0.5716666666666667	0.5
27	0.14611738920211792	26.50104728497957	0.5775	0.5266666666666666
28	0.14583368136964994	27.36329944510209	0.5766666666666667	0.56
29	0.14581934611002603	27.078270836880332	0.5733333333333334	0.5333333333333333
-1	-1	-1	-1	-1
0	0.1693577766418457	33.1697729010331	0.4216666666666667	0.36
1	0.15267372131347656	33.31925377092863	0.4375	0.4666666666666667
2	0.150741179784139	31.513923895986455	0.5	0.48
3	0.14712971448898315	31.20242811504163	0.5016666666666667	0.48
4	0.14598731994628905	30.606999497664603	0.5033333333333333	0.5133333333333333
5	0.1457292636235555	30.202916797838714	0.515	0.49333333333333335
6	0.144932678767613	30.30530507940995	0.5075	0.5
7	0.14558210968971252	29.909412283646432	0.5233333333333333	0.46
8	0.1463713116115994	30.07939745250501	0.5183333333333333	0.5
9	0.14608726501464844	29.68327273820576	0.5108333333333334	0.47333333333333333
10	0.14567773992365057	29.143749312350625	0.5375	0.5066666666666667
11	0.1463534633318583	29.033774677075836	0.5291666666666667	0.5333333333333333
12	0.14638257026672363	28.59087404451872	0.5475	0.49333333333333335
13	0.14618849754333496	28.536936734852038	0.55	0.5266666666666666
14	0.14677890141805014	28.68625465192293	0.54	0.4866666666666667
15	0.14637912809848785	28.165729321931536	0.5416666666666666	0.5
16	0.14625215530395508	27.985503472779925	0.5491666666666667	0.5
17	0.14634611871507433	28.855142091449938	0.5433333333333333	0.5066666666666667
18	0.1463197532453035	27.90649471784893	0.545	0.4866666666666667
19	0.14605051279067993	27.410315162257145	0.5658333333333333	0.5066666666666667
20	0.14624197142464773	27.19798093093069	0.5558333333333333	0.47333333333333333
21	0.1459487568248402	27.093286313508685	0.5675	0.5066666666666667
22	0.14571399274079697	26.86385975385967	0.5683333333333334	0.49333333333333335
23	0.14638053377469382	27.132886836403294	0.5683333333333334	0.49333333333333335
24	0.14597051620483398	26.565497900310316	0.5666666666666667	0.4866666666666667
25	0.1457126415692843	26.541392050291364	0.5691666666666667	0.5133333333333333
26	0.14590548585962365	26.168542836841784	0.5775	0.5533333333333333
27	0.1455920594079154	26.138372145201032	0.5833333333333334	0.5066666666666667
28	0.14538251120468665	25.90504651320608	0.5808333333333333	0.5466666666666666
29	0.14553109010060628	26.037603026942204	0.5741666666666667	0.49333333333333335
30	0.1452272476688508	26.151445790341025	0.5783333333333334	0.54
31	0.14512179791927338	25.773104592373496	0.5875	0.5333333333333333
32	0.1451193563865893	25.431110532660234	0.5808333333333333	0.56
33	0.14493059410768397	25.41420670559532	0.5883333333333334	0.56
34	0.14501979691641673	25.12570195449026	0.6058333333333333	0.5133333333333333
35	0.14527376492818198	25.167422269520006	0.5983333333333334	0.5266666666666666
36	0.14536896267452756	25.027662227028294	0.5966666666666667	0.56
37	0.14530269723189504	24.876787486829254	0.605	0.56
38	0.14558590986789802	24.703232865584525	0.6	0.5533333333333333
39	0.1456310570240021	24.727796579662122	0.6025	0.56
40	0.1455248855962986	24.590653996718558	0.6066666666666667	0.5466666666666666
41	0.14581010455176943	24.452954242103978	0.6108333333333333	0.56
42	0.14576384633086448	24.431271402459394	0.6108333333333333	0.5466666666666666
43	0.145672852342779	24.552001124934147	0.61	0.5533333333333333
44	0.14590691460503472	24.230620660279925	0.61	0.54
45	0.1458048561344976	24.20038235814948	0.6125	0.5733333333333334
46	0.14570142867717337	24.20174970124897	0.6091666666666666	0.5533333333333333
47	0.14592872063318887	24.21464443206787	0.6108333333333333	0.5533333333333333
48	0.14587448567760233	24.000096421492728	0.6141666666666666	0.5333333333333333
49	0.14577925682067872	24.050351895784075	0.615	0.5666666666666667
50	0.14603315615186505	23.899684128008392	0.6166666666666667	0.54
51	0.1460071068543654	23.89808127754613	0.6141666666666666	0.5466666666666666
52	0.14592023165720813	23.824532057109632	0.6125	0.5533333333333333
53	0.14599143134223092	23.77435558720639	0.62	0.54
54	0.14584686972878197	23.74709234739605	0.6191666666666666	0.5466666666666666
55	0.14597034454345703	23.713512596331146	0.62	0.5533333333333333
56	0.1460098007269073	23.74487748898958	0.6208333333333333	0.5466666666666666
57	0.1458650251914715	23.721138351841976	0.6183333333333333	0.5333333333333333
58	0.14585747557171322	23.67721248927869	0.6233333333333333	0.5466666666666666
59	0.1459280530611674	23.673524555407074	0.6116666666666667	0.54
60	0.14578899008328797	23.596425207037676	0.6258333333333334	0.5466666666666666
61	0.1457844280427502	23.619250774383545	0.62	0.5466666666666666
62	0.1457903612227667	23.592776825553493	0.6191666666666666	0.5266666666666666
63	0.1456613838672638	23.68430222963032	0.6058333333333333	0.5533333333333333
64	0.1456281038431021	23.562042838648747	0.6166666666666667	0.54
65	0.145646257834001	23.538493658366956	0.625	0.5533333333333333
-1	-1	-1	-1	-1
0	0.15984201431274414	33.247406106246146	0.4608333333333333	0.34
1	0.1543424129486084	33.42368974183735	0.43	0.42
2	0.15251572926839194	31.628263674284284	0.47833333333333333	0.5333333333333333
3	0.15643680095672607	31.015582937943307	0.495	0.5133333333333333
4	0.15299644470214843	30.520671794289036	0.5025	0.49333333333333335
5	0.15388770898183188	30.132015027497943	0.5083333333333333	0.49333333333333335
6	0.15112805366516113	30.172556751652767	0.5141666666666667	0.5
7	0.14936453104019165	29.816516876220703	0.5125	0.5133333333333333
8	0.14918088912963867	29.276390376843903	0.5175	0.52
9	0.14778194427490235	29.763245080646715	0.5258333333333334	0.5133333333333333
10	0.14722477306019177	29.620576833423815	0.5158333333333334	0.5266666666666666
11	0.14689294497172037	29.00471692336233	0.5458333333333333	0.4866666666666667
12	0.1462854055257944	28.91860570405659	0.535	0.5
13	0.14660566193716867	28.59935534627814	0.555	0.5333333333333333
14	0.14680705070495606	28.581399415668688	0.5475	0.54
15	0.1466885656118393	28.052087181492855	0.5558333333333333	0.48
16	0.14594418862286737	28.07387015694066	0.5591666666666667	0.5533333333333333
17	0.14671733644273546	28.30788484372591	0.5425	0.5066666666666667
18	0.1464552879333496	27.980450278834294	0.555	0.5466666666666666
19	0.14600675106048583	27.5830861643741	0.5616666666666666	0.5533333333333333
20	0.1462714331490653	27.28094540144268	0.5633333333333334	0.54
21	0.14599005742506546	27.288505529102526	0.5608333333333333	0.5066666666666667
22	0.14567792933920157	27.13280825865896	0.5708333333333333	0.54
23	0.14578224221865335	27.09542475248638	0.5716666666666667	0.52
24	0.14540398597717286	27.00574154602854	0.5658333333333333	0.5266666666666666
25	0.14552516203660232	26.665229420912894	0.5816666666666667	0.52
26	0.14565620598969636	26.420102822153194	0.5825	0.5133333333333333
27	0.14530093329293386	26.369400049510755	0.5825	0.5533333333333333
28	0.14536919264957823	26.062629649513646	0.58	0.5333333333333333
29	0.14533326625823975	25.893245947988408	0.5891666666666666	0.5266666666666666
30	0.14504857217111894	25.834912149529707	0.5941666666666666	0.5133333333333333
31	0.1451829895377159	25.828091521012155	0.5858333333333333	0.5266666666666666
32	0.14515227260011615	25.672404991952998	0.5925	0.5266666666666666
33	0.14483540198382208	25.613097943757708	0.5991666666666666	0.52
34	0.144950989314488	25.28478261044151	0.59	0.5266666666666666
35	0.1449847420056661	25.446201374656276	0.6041666666666666	0.5266666666666666
36	0.14468323862230456	25.24711365448801	0.6008333333333333	0.5
-1	-1	-1	-1	-1
0	0.1734941005706787	33.706534586454694	0.4425	0.4
1	0.15682744979858398	33.36296718998959	0.425	0.5733333333333334
2	0.14889041582743326	30.917381537588017	0.5058333333333334	0.5333333333333333
3	0.148243248462677	30.727947260204115	0.5025	0.5533333333333333
4	0.1460198402404785	30.729499038897064	0.5008333333333334	0.5133333333333333
5	0.14611323674519858	29.87839134115922	0.5241666666666667	0.48
6	0.1465493951525007	30.11588904732152	0.5233333333333333	0.5266666666666666
7	0.14532074332237244	29.43153863204153	0.5316666666666666	0.48
8	0.14544010162353516	29.472141968576533	0.53	0.5
9	0.14600226879119874	29.2562003637615	0.5383333333333333	0.5533333333333333
10	0.14515952630476517	29.43620440834447	0.54	0.5066666666666667
11	0.1445712447166443	29.2263022222017	0.5383333333333333	0.5133333333333333
12	0.1451267462510329	29.130546720404375	0.5316666666666666	0.5133333333333333
13	0.14448067120143346	28.641763335780094	0.5508333333333333	0.5266666666666666
14	0.14460306167602538	28.48727552514327	0.5491666666666667	0.5333333333333333
15	0.14499062299728394	28.204234499680368	0.5591666666666667	0.5
16	0.14459663278916302	27.861776075865095	0.5616666666666666	0.5133333333333333
17	0.14434142907460532	27.85299233386391	0.5608333333333333	0.47333333333333333
18	0.14464915426153885	27.788072059029027	0.5616666666666666	0.4866666666666667
19	0.14433971643447877	27.64725381449649	0.5658333333333333	0.4866666666666667
20	0.1442374274844215	27.60918697557951	0.57	0.5133333333333333
21	0.14440459554845636	27.122806348298724	0.57	0.5133333333333333
22	0.14418309667836066	26.914333142732318	0.5808333333333333	0.49333333333333335
23	0.14451845486958823	26.71180368724622	0.5775	0.5066666666666667
24	0.14480448722839356	26.747523207413522	0.5833333333333334	0.4866666666666667
25	0.1447608654315655	26.577823914979632	0.5833333333333334	0.5066666666666667
26	0.14467390378316244	26.447098581414473	0.5816666666666667	0.5266666666666666
27	0.14506655931472778	26.255390217429714	0.5858333333333333	0.5266666666666666
28	0.14503041629133553	26.03922643159565	0.5866666666666667	0.49333333333333335
29	0.14494420687357584	25.81874262659173	0.5966666666666667	0.52
-1	-1	-1	-1	-1
0	0.17795157432556152	33.09928537669935	0.4625	0.38
1	0.15990495681762695	33.128990374113386	0.4325	0.4533333333333333
2	0.15796748797098795	31.090845911126387	0.5141666666666667	0.4066666666666667
3	0.15431863069534302	30.887244776675576	0.5091666666666667	0.43333333333333335
4	0.1508573055267334	30.239130522075452	0.52	0.44
5	0.15032784144083658	30.01542199285407	0.5291666666666667	0.43333333333333335
6	0.14858617101396834	29.866760730743408	0.5216666666666666	0.43333333333333335
7	0.14824619889259338	29.607280655911094	0.5341666666666667	0.46
8	0.148473236295912	28.97424356560958	0.5483333333333333	0.42
9	0.1474027156829834	29.430887121903268	0.535	0.43333333333333335
10	0.1471325917677446	29.034326377667877	0.5475	0.43333333333333335
11	0.14758286873499551	28.59678087736431	0.5625	0.4666666666666667
12	0.14712880207942083	28.714226421556976	0.5525	0.44666666666666666
13	0.1466754334313529	28.629774319498164	0.5558333333333333	0.43333333333333335
14	0.1472213586171468	28.30312758997867	0.5683333333333334	0.44
15	0.14668743312358856	27.7223297169334	0.5733333333333334	0.46
16	0.14659685247084675	27.798081699170563	0.5625	0.46
17	0.1470817724863688	28.003163212224056	0.5725	0.47333333333333333
18	0.146679865686517	27.131969100550602	0.5766666666666667	0.44
19	0.14646880626678466	27.29105470055028	0.575	0.44666666666666666
20	0.14665706952412924	27.349196986148232	0.58	0.43333333333333335
21	0.14632777734236282	26.956425014295075	0.5791666666666667	0.4666666666666667
22	0.14612004031305728	26.731212590870104	0.585	0.44666666666666666
23	0.1460745632648468	26.419799930170964	0.5916666666666667	0.4666666666666667
24	0.14556599617004395	26.103248345224483	0.5916666666666667	0.44
25	0.14560842514038086	26.133738718534772	0.6	0.4666666666666667
26	0.14553857732702186	25.963191408860055	0.5991666666666666	0.44666666666666666
27	0.14510097673961095	26.31968453055934	0.5916666666666667	0.44
28	0.14525139742884144	25.768210059718083	0.5991666666666666	0.46
29	0.1450585126876831	25.63845413609555	0.6058333333333333	0.44666666666666666
30	0.14467876957308862	25.522012685474596	0.6	0.43333333333333335
31	0.1447225883603096	25.2420519778603	0.6	0.4266666666666667
32	0.1447937416307854	25.143264117993805	0.6125	0.46
33	0.14457376564250274	25.247372828031843	0.6075	0.44666666666666666
34	0.14467999594552175	25.15079601187455	0.6016666666666667	0.42
35	0.14480082194010416	24.821448376304225	0.6166666666666667	0.44
36	0.14468942461787043	24.739523285313656	0.6166666666666667	0.43333333333333335
37	0.14439145514839574	24.789140600907174	0.6158333333333333	0.44
-1	-1	-1	-1	-1
0	0.16678237915039062	33.12385109851235	0.43333333333333335	0.3466666666666667
1	0.15020132064819336	33.38670961480392	0.4608333333333333	0.4866666666666667
2	0.14847668011983237	31.371065215060586	0.49	0.5133333333333333
3	0.14469683170318604	31.177633034555537	0.5041666666666667	0.5
4	0.14456582069396973	30.354845975574694	0.5041666666666667	0.5266666666666666
5	0.14495237668355307	30.488010858234606	0.5025	0.49333333333333335
6	0.1440092154911586	29.696703208120244	0.5183333333333333	0.49333333333333335
7	0.150669664144516	29.607259273529053	0.5225	0.5133333333333333
8	0.15049023098415798	29.39960567574752	0.525	0.5266666666666666
9	0.15047080516815187	29.377675508197985	0.5266666666666666	0.49333333333333335
10	0.149363864551891	28.919579756887334	0.5333333333333333	0.4866666666666667
11	0.14936800797780356	28.829258216054814	0.5316666666666666	0.54
12	0.149396694623507	28.753990298823307	0.5366666666666666	0.46
13	0.1485637596675328	28.47758862846776	0.545	0.5266666666666666
14	0.14817266464233397	28.211320224561188	0.5566666666666666	0.5333333333333333
15	0.14825043082237244	28.048554621244733	0.5508333333333333	0.5066666666666667
16	0.1476742099313175	28.3308340875726	0.5483333333333333	0.5133333333333333
17	0.14775115913814968	28.32379060042532	0.545	0.52
18	0.14780186351976896	27.723689882378828	0.5575	0.5066666666666667
19	0.14732909202575684	27.725503770928633	0.5533333333333333	0.5
20	0.14746354875110446	27.392903227555124	0.5633333333333334	0.49333333333333335
21	0.14745874838395553	27.214237313521537	0.5683333333333334	0.54
22	0.1470385219739831	27.21323063499049	0.56	0.5333333333333333
23	0.14718968669573465	27.198647499084473	0.5608333333333333	0.5266666666666666
24	0.14738614082336426	26.871863741623727	0.5716666666666667	0.5066666666666667
25	0.14727130303016076	26.655977550305817	0.5716666666666667	0.5133333333333333
26	0.14719955126444498	26.55650550440738	0.57	0.5066666666666667
27	0.1476878183228629	26.589549265409772	0.5758333333333333	0.52
28	0.14776850568837133	26.48463239167866	0.5775	0.49333333333333335
29	0.14750223159790038	26.398968646400853	0.58	0.5133333333333333
30	0.1477983766986478	26.234404011776572	0.5791666666666667	0.5133333333333333
31	0.14744257926940918	26.156581050471257	0.585	0.5066666666666667
-1	-1	-1	-1	-1
0	0.18760299682617188	33.35175637194985	0.44166666666666665	0.4533333333333333
1	0.1683138608932495	33.39298391342163	0.4508333333333333	0.4266666666666667
2	0.1594546635945638	31.29534329866108	0.4875	0.48
3	0.15554344654083252	30.549887406198604	0.51	0.5066666666666667
4	0.1533949851989746	30.282734544653643	0.5158333333333334	0.47333333333333333
5	0.15086225668589273	30.000404332813464	0.5116666666666667	0.4533333333333333
6	0.14978599548339844	30.00954648068077	0.5075	0.47333333333333333
7	0.14908328652381897	29.328065069098223	0.5291666666666667	0.5133333333333333
8	0.14776921272277832	29.486205577850342	0.5266666666666666	0.5066666666666667
9	0.14781250953674316	29.25686770991275	0.535	0.48
10	0.14941911263899368	29.39434071591026	0.5366666666666666	0.5266666666666666
11	0.14906156063079834	29.44892938513505	0.5375	0.5266666666666666
12	0.14843322680546686	29.057824686953897	0.5308333333333334	0.49333333333333335
13	0.14873954227992467	28.76611072138736	0.5416666666666666	0.5066666666666667
14	0.14798642794291178	28.50834577961972	0.5458333333333333	0.48
15	0.14735820889472961	28.15770088998895	0.5533333333333333	0.5133333333333333
16	0.14770824768963983	28.619999935752467	0.5408333333333334	0.4866666666666667
17	0.14705362584855822	28.166870769701507	0.5466666666666666	0.4866666666666667
18	0.14704075612519918	27.902677761880977	0.5575	0.5333333333333333
19	0.14749661684036255	27.900069788882607	0.5575	0.5133333333333333
20	0.14714020774478004	27.766546876806963	0.5566666666666666	0.49333333333333335
21	0.14668120037425647	27.372481195550215	0.565	0.4666666666666667
22	0.1468451334082562	27.39869065033762	0.5641666666666667	0.49333333333333335
23	0.14649423956871033	27.182113120430394	0.57	0.52
24	0.14625096321105957	27.024655542875593	0.57	0.5133333333333333
25	0.14622935881981483	27.127550677249307	0.5716666666666667	0.52
26	0.1457881662580702	26.73993712977359	0.5791666666666667	0.5133333333333333
27	0.14565545320510864	26.61131191253662	0.58	0.5333333333333333
28	0.1455594095690497	26.50910364954095	0.5866666666666667	0.52
29	0.1452143987019857	26.666510908227217	0.5758333333333333	0.52
30	0.14528989022777927	26.28128234963668	0.5766666666666667	0.5266666666666666
31	0.1454758644104004	26.14590627268741	0.585	0.49333333333333335
32	0.14535925605080344	26.17893329419588	0.5966666666666667	0.52
33	0.14519361187429988	26.00790638672678	0.5908333333333333	0.49333333333333335
34	0.1453497954777309	26.008714726096706	0.5858333333333333	0.4866666666666667
35	0.14518039756351048	25.870150992744847	0.5891666666666666	0.5266666666666666
36	0.1450094918946962	25.755142136623984	0.5941666666666666	0.5
37	0.14519267960598595	25.742230867084704	0.5933333333333334	0.5266666666666666
38	0.14501363803178835	25.643574062146637	0.5933333333333334	0.5333333333333333
-1	-1	-1	-1	-1
0	0.2053813934326172	32.96704171833239	0.4525	0.36666666666666664
1	0.177138090133667	33.359779132039925	0.41333333333333333	0.38666666666666666
2	0.16814668973286948	31.280814973931562	0.49666666666666665	0.46
3	0.16172868013381958	30.63925798315751	0.5116666666666667	0.47333333333333333
4	0.1568441390991211	30.568527096196224	0.5025	0.44666666666666666
5	0.15521780649820963	30.148722071396676	0.5141666666666667	0.47333333333333333
6	0.1523127555847168	29.99144476338437	0.52	0.4866666666666667
7	0.15135344862937927	29.763199655633223	0.5258333333333334	0.4533333333333333
8	0.1509433322482639	29.67372013393201	0.5275	0.46
9	0.1492532730102539	29.8205768183658	0.5133333333333333	0.48
10	0.14914376085454767	29.40870425575658	0.5233333333333333	0.44666666666666666
11	0.14893223841985068	29.256973868922184	0.52	0.4866666666666667
12	0.14776084973261908	28.870200910066302	0.5341666666666667	0.4666666666666667
13	0.147556049483163	29.046092560416774	0.5266666666666666	0.4666666666666667
14	0.1472913106282552	28.70506763458252	0.54	0.4666666666666667
15	0.14646780490875244	28.487689168829668	0.55	0.4666666666666667
16	0.14634205313289866	28.40411181198923	0.5475	0.44666666666666666
17	0.14639781581030953	28.371415489598323	0.5541666666666667	0.48
18	0.14627711396468313	28.142534155594674	0.5566666666666666	0.49333333333333335
19	0.14637702703475952	28.07498073577881	0.5491666666666667	0.48
20	0.146651029586792	27.44393893292076	0.5658333333333333	0.5
21	0.14648813551122492	27.368525304292376	0.5741666666666667	0.47333333333333333
22	0.14625572121661642	27.210015773773193	0.5758333333333333	0.4866666666666667
23	0.14662474393844604	27.439675757759495	0.5683333333333334	0.47333333333333333
24	0.14655089378356934	27.0137882232666	0.5758333333333333	0.4533333333333333
25	0.14630536849682146	26.56846980044716	0.5791666666666667	0.46
26	0.14662169527124475	26.537954405734414	0.5783333333333334	0.4533333333333333
27	0.14660979168755667	26.611301848762913	0.5816666666666667	0.44666666666666666
28	0.14651307566412564	26.35070218537983	0.5833333333333334	0.46
29	0.1468662182490031	26.258812427520752	0.5958333333333333	0.4666666666666667
30	0.14681902239399572	25.930912419369346	0.5883333333333334	0.46
31	0.14667686820030212	25.889517834312038	0.5958333333333333	0.44666666666666666
32	0.14686385068026456	25.720409669374163	0.6	0.4533333333333333
33	0.1465537197449628	25.51913733231394	0.605	0.44666666666666666
34	0.1463625635419573	25.2460877016971	0.6016666666666667	0.4533333333333333
35	0.14663709534539116	25.28840684890747	0.6025	0.44666666666666666
36	0.14643721967130094	25.233083549298737	0.5916666666666667	0.46
37	0.14621478632876747	25.025175345571416	0.6075	0.44666666666666666
38	0.14633722183031914	24.825397792615387	0.6016666666666667	0.44666666666666666
39	0.146111923456192	24.672840469761898	0.6041666666666666	0.44666666666666666
40	0.14612269401550293	24.524516984036094	0.6116666666666667	0.44666666666666666
-1	-1	-1	-1	-1
0	0.17238140106201172	33.12703815259432	0.44166666666666665	0.35333333333333333
1	0.1558157205581665	33.37917081933273	0.4191666666666667	0.5066666666666667
2	0.15376480420430502	31.684659556338662	0.48833333333333334	0.5333333333333333
3	0.1496099829673767	30.787822346938285	0.5058333333333334	0.5066666666666667
4	0.1484844207763672	30.45277008257414	0.5133333333333333	0.5133333333333333
5	0.14814233779907227	30.828119980661494	0.5016666666666667	0.5666666666666667
6	0.1464717047555106	30.065952551992314	0.5083333333333333	0.46
7	0.14693662524223328	30.409182699103106	0.5141666666666667	0.54
8	0.14691434966193306	29.85752426950555	0.5008333333333334	0.48
9	0.14590632915496826	29.8084245982923	0.5133333333333333	0.52
10	0.14648474346507678	29.794843247062282	0.53	0.5
11	0.1463533639907837	29.293519823174726	0.5341666666666667	0.5
12	0.14542033122136042	29.4777562994706	0.5133333333333333	0.5133333333333333
13	0.1461273261478969	29.195862017179792	0.535	0.5466666666666666
14	0.14629114468892415	28.747064289293792	0.5433333333333333	0.4866666666666667
15	0.14586085081100464	28.634047658819902	0.5408333333333334	0.52
16	0.14683660338906682	28.379568099975586	0.5383333333333333	0.5066666666666667
17	0.1470012664794922	28.641435246718558	0.5433333333333333	0.49333333333333335
18	0.14718195011741236	28.50588361840499	0.5558333333333333	0.4866666666666667
19	0.14678258895874025	28.662039204647666	0.5516666666666666	0.52
20	0.1468739396049863	28.205453772293893	0.55	0.5133333333333333
21	0.146878491748463	27.787107568038138	0.5741666666666667	0.4866666666666667
22	0.14654549308445142	27.61698105460719	0.5658333333333333	0.5133333333333333
23	0.14648922284444174	27.71434914438348	0.5675	0.48
24	0.14653929710388183	27.273014219183672	0.565	0.47333333333333333
25	0.1460447494800274	27.16661538575825	0.5816666666666667	0.48
26	0.14624163839552137	27.142119708814118	0.5666666666666667	0.52
27	0.14627500091280257	26.78577342786287	0.5875	0.48
28	0.14596849474413642	26.6835005910773	0.5825	0.48
29	0.14617526531219482	26.653887598138105	0.5891666666666666	0.4866666666666667
-1	-1	-1	-1	-1
0	0.17664599418640137	33.345706839310495	0.44	0.38666666666666666
1	0.16077971458435059	33.27004999863474	0.4216666666666667	0.5333333333333333
2	0.1577890714009603	31.450448337354157	0.4791666666666667	0.48
3	0.1531931757926941	31.11838892886513	0.4875	0.52
4	0.15128827095031738	30.613252915834124	0.5066666666666667	0.46
5	0.1502393881479899	30.553482858758223	0.49583333333333335	0.56
6	0.14815671103341238	29.95062632309763	0.5166666666666667	0.5333333333333333
7	0.14787444472312927	30.051663950869912	0.5066666666666667	0.5733333333333334
8	0.1474065515730116	30.38025961424175	0.5058333333333334	0.5066666666666667
9	0.14592249393463136	29.738730781956722	0.5216666666666666	0.5133333333333333
10	0.14609644629738547	29.66775040877493	0.5233333333333333	0.52
11	0.14636514584223428	29.588338626058476	0.5183333333333333	0.5266666666666666
12	0.14541349044212928	29.44173466531854	0.5241666666666667	0.56
13	0.14538230214800155	29.30531913355777	0.5258333333333334	0.5533333333333333
14	0.14567853609720866	28.67369190015291	0.5441666666666667	0.5533333333333333
15	0.14517219364643097	28.434687765021074	0.5366666666666666	0.5466666666666666
16	0.14519597502315745	28.3855585800974	0.5366666666666666	0.5533333333333333
17	0.1454528570175171	28.484674001994886	0.5275	0.56
18	0.14603134205466822	28.473801713240775	0.545	0.52
19	0.1454750657081604	28.253699327770033	0.5491666666666667	0.5333333333333333
20	0.14561640648614793	28.042779872291966	0.55	0.52
21	0.14512590928511185	27.81042392630326	0.5391666666666667	0.5666666666666667
22	0.1452397159908129	27.420897483825684	0.5666666666666667	0.5133333333333333
23	0.14549657702445984	27.32168426011738	0.5616666666666666	0.5466666666666666
24	0.14548508644104005	27.054471216703718	0.5758333333333333	0.5733333333333334
25	0.14508213446690485	27.300436948475085	0.5758333333333333	0.5533333333333333
26	0.1453886208710847	27.101167829413164	0.5666666666666667	0.5466666666666666
27	0.14511538403374807	26.78445971639533	0.5791666666666667	0.5333333333333333
28	0.14483968142805428	26.810607759576094	0.5816666666666667	0.5533333333333333
29	0.14519526958465576	26.485564457742793	0.5775	0.52
-1	-1	-1	-1	-1
0	0.16367650032043457	32.97443655917519	0.44083333333333335	0.36666666666666664
1	0.15166401863098145	33.564235511579014	0.42916666666666664	0.5
2	0.15041724840799967	31.399496128684596	0.5041666666666667	0.5266666666666666
3	0.14736014604568481	30.588166161587363	0.5208333333333334	0.54
4	0.1461050033569336	30.883175799721165	0.5041666666666667	0.5133333333333333
5	0.14576685428619385	30.25708145844309	0.5158333333333334	0.5333333333333333
6	0.1441497462136405	29.66550794400667	0.53	0.5133333333333333
7	0.1441395878791809	29.463401417983206	0.5441666666666667	0.52
8	0.14435275395711264	29.256259893116198	0.5391666666666667	0.56
9	0.1437000513076782	29.026531621029502	0.5366666666666666	0.52
10	0.14376319538463245	29.067827601181833	0.5308333333333334	0.5666666666666667
11	0.14454948902130127	29.478444350393193	0.5408333333333334	0.52
12	0.1436779499053955	28.698404211747018	0.5483333333333333	0.5333333333333333
13	0.14347517490386963	28.220963277314837	0.5566666666666666	0.5333333333333333
14	0.14373792012532552	28.153672519483063	0.5583333333333333	0.5066666666666667
15	0.14325346052646637	27.787003492054186	0.5641666666666667	0.5133333333333333
16	0.1434489698971019	27.676036884910182	0.5591666666666667	0.56
17	0.14378795358869764	27.900321684385602	0.5566666666666666	0.56
18	0.14467786487780118	28.05960391697131	0.5533333333333333	0.52
19	0.14431530237197876	27.5252433325115	0.5683333333333334	0.56
20	0.14472749119713194	27.104762202815007	0.5641666666666667	0.5533333333333333
21	0.14446956461126154	26.931169610274466	0.575	0.5333333333333333
22	0.14448730841926907	26.57007538644891	0.5766666666666667	0.52
23	0.14465646942456564	26.650774378525583	0.5816666666666667	0.54
24	0.14421134948730469	26.898489600733708	0.5883333333333334	0.5266666666666666
25	0.14416407621823824	26.30670469685605	0.59	0.5266666666666666
26	0.14417871722468623	26.550343563682155	0.57	0.5066666666666667
27	0.14387853656496322	26.203366028635127	0.5983333333333334	0.52
28	0.14393185747080836	26.023540697599714	0.5958333333333333	0.49333333333333335
29	0.14399147828420003	25.92798303302966	0.5958333333333333	0.5133333333333333
30	0.14380375031502016	25.68227225855777	0.5875	0.52
-1	-1	-1	-1	-1
0	0.1741485595703125	33.133272672954355	0.4666666666666667	0.44
1	0.15864896774291992	33.417847332201504	0.4425	0.4666666666666667
2	0.15021284421284994	31.115364626834268	0.5108333333333334	0.42
3	0.14928525686264038	30.825233158312347	0.5133333333333333	0.44
4	0.14726686477661133	30.38827529706453	0.5208333333333334	0.46
5	0.1460196574529012	30.161675152025726	0.5133333333333333	0.46
6	0.1461423465183803	29.5656835907384	0.5391666666666667	0.46
7	0.14517804980278015	29.491684361508018	0.5358333333333334	0.4
8	0.14476418495178223	29.4566482242785	0.53	0.4533333333333333
9	0.1446552276611328	29.32380656192177	0.5425	0.41333333333333333
10	0.14396012913097034	29.05002340517546	0.5391666666666667	0.46
11	0.14402514696121216	28.825033388639753	0.5525	0.42
12	0.14389923902658316	28.40225967608	0.5508333333333333	0.4666666666666667
13	0.14302217960357666	28.10071056767514	0.5616666666666666	0.4533333333333333
14	0.14358253479003907	28.389764986540143	0.5525	0.46
15	0.1436384618282318	28.061569991864655	0.5625	0.47333333333333333
16	0.14336435935076544	28.04594441464073	0.5591666666666667	0.48
17	0.14359197351667616	27.53806849529869	0.5675	0.5
18	0.14367634371707314	27.65882514652453	0.5658333333333333	0.49333333333333335
19	0.1431053638458252	27.939864033146907	0.5708333333333333	0.46
20	0.14342164993286133	27.483737895363255	0.565	0.4866666666666667
21	0.14390501109036533	27.092237020793714	0.5733333333333334	0.4533333333333333
22	0.14373632099317468	26.878134325930947	0.5741666666666667	0.4533333333333333
23	0.14362329244613647	26.497792294150905	0.5908333333333333	0.48
24	0.14411955833435058	26.44457312634117	0.5816666666666667	0.48
25	0.14404330803797796	26.342016897703473	0.59	0.4666666666666667
26	0.14367302258809408	26.115228778437565	0.59	0.48
27	0.14441003969737462	26.128817282224958	0.5866666666666667	0.46
28	0.14470836211895122	25.850967858967028	0.5983333333333334	0.5
29	0.1445884386698405	25.592267789338763	0.5883333333333334	0.5133333333333333
30	0.14485534544914	25.497064289293792	0.6041666666666666	0.49333333333333335
31	0.14470868557691574	25.400441069352	0.6008333333333333	0.5
32	0.14456000472560074	25.15925239261828	0.61	0.4866666666666667
33	0.14469871100257425	25.530052385832136	0.5975	0.48
34	0.14435840334211078	25.646083806690417	0.6	0.4866666666666667
35	0.14432428942786324	24.97038133520829	0.6066666666666667	0.47333333333333333
36	0.14443521886258512	24.913709038182308	0.6041666666666666	0.48
37	0.14426396395030774	24.812901973724365	0.61	0.5066666666666667
38	0.14417260732406226	24.90863985764353	0.6041666666666666	0.47333333333333333
39	0.1441520035266876	24.534952866403682	0.6108333333333333	0.5
40	0.14387854134164205	24.54231390200163	0.6108333333333333	0.5066666666666667
41	0.14384921391805014	24.451922742944014	0.6158333333333333	0.5133333333333333
42	0.1438995738362157	24.370386776171234	0.6041666666666666	0.4866666666666667
43	0.14377203312787143	24.283426937304046	0.6183333333333333	0.46
44	0.14384600321451824	24.25989482277318	0.615	0.4866666666666667
45	0.14384090900421143	24.104904049321224	0.6233333333333333	0.4866666666666667
46	0.14365461532105792	24.082412945596797	0.6141666666666666	0.5
47	0.14367386202017465	24.07828456477115	0.615	0.5
48	0.14365605918728575	24.02954488051565	0.6208333333333333	0.4866666666666667
49	0.1435542058944702	24.134475708007812	0.615	0.5066666666666667
-1	-1	-1	-1	-1
0	0.17319369316101074	33.60531811965139	0.42583333333333334	0.35333333333333333
1	0.1577310562133789	33.607982986851745	0.4116666666666667	0.38
2	0.1507746378580729	31.56396178195351	0.4825	0.5266666666666666
3	0.14889955520629883	30.527160694724635	0.495	0.5133333333333333
4	0.14686508178710939	30.271783176221344	0.5125	0.4866666666666667
5	0.14673046271006265	29.95607002157914	0.5283333333333333	0.5133333333333333
6	0.14688873291015625	29.698939423812064	0.5258333333333334	0.5
7	0.14567312598228455	29.45999386436061	0.5283333333333333	0.52
8	0.14589850107828775	29.82110475239001	0.5241666666666667	0.4533333333333333
9	0.1459874153137207	30.20870811060855	0.5125	0.5133333333333333
10	0.14515863765369763	29.90038440102025	0.525	0.52
11	0.1455691655476888	29.20057881505866	0.5416666666666666	0.47333333333333333
12	0.1456577227665828	28.8421435858074	0.5383333333333333	0.52
13	0.14506139074053084	28.545067561300176	0.5425	0.48
14	0.14531768163045247	28.70355927316766	0.5291666666666667	0.5066666666666667
15	0.14527513086795807	28.30425894887824	0.5533333333333333	0.5
16	0.1445157387677361	27.754098515761527	0.5633333333333334	0.5133333333333333
17	0.14479435814751518	27.76632160889475	0.57	0.49333333333333335
18	0.14474464717664218	27.761172846743936	0.5641666666666667	0.5066666666666667
19	0.14430021047592162	27.1878013108906	0.5683333333333334	0.48
20	0.14449690637134371	27.29203997160259	0.575	0.5133333333333333
21	0.1446323503147472	27.006062884079782	0.5791666666666667	0.5
22	0.1442913283472476	26.884066380952532	0.5758333333333333	0.4866666666666667
23	0.1444164514541626	26.429896605642217	0.5758333333333333	0.49333333333333335
24	0.14452943801879883	26.368442058563232	0.5858333333333333	0.5133333333333333
25	0.14425936112037072	26.1222922676488	0.5791666666666667	0.5066666666666667
26	0.14437119166056314	25.975162405716745	0.5841666666666666	0.5
27	0.1445947289466858	26.01829737111142	0.5841666666666666	0.5266666666666666
28	0.14436001613222318	25.951300219485635	0.5875	0.5066666666666667
29	0.14454033374786376	25.668870373776084	0.5891666666666666	0.4866666666666667
-1	-1	-1	-1	-1
0	0.17392325401306152	32.85886232476486	0.46	0.3933333333333333
1	0.15317904949188232	33.65115025168971	0.4533333333333333	0.4866666666666667
2	0.15071590741475424	31.766563214753802	0.4866666666666667	0.49333333333333335
3	0.14616650342941284	30.600356252569902	0.5283333333333333	0.52
4	0.14558014869689942	30.023248998742353	0.515	0.4666666666666667
5	0.14517883459726968	29.813239298368757	0.5175	0.47333333333333333
6	0.14404497827802384	30.158711157347028	0.4975	0.52
7	0.1445947289466858	29.664116533179033	0.5241666666666667	0.48
8	0.14503839280870226	29.389981570996735	0.52	0.48
9	0.14429545402526855	29.15730077341983	0.5325	0.5066666666666667
10	0.14735633676702325	29.49144212823165	0.5383333333333333	0.48
11	0.1474688450495402	28.834709619220934	0.5366666666666666	0.49333333333333335
12	0.1473387388082651	28.899090616326582	0.5416666666666666	0.4866666666666667
13	0.14673873356410436	28.53468649010909	0.5491666666666667	0.49333333333333335
14	0.14686799049377441	28.148820776688424	0.5675	0.4866666666666667
15	0.14683383703231812	27.95972728729248	0.5525	0.52
16	0.14620435939115636	28.050660334135358	0.5633333333333334	0.4866666666666667
17	0.1463627020517985	27.794856824372943	0.5633333333333334	0.47333333333333333
18	0.14665795627393222	27.613681843406276	0.5633333333333334	0.47333333333333333
19	0.14635105133056642	27.992267959996273	0.5616666666666666	0.4866666666666667
20	0.14608340036301387	27.729130167710153	0.5625	0.4666666666666667
21	0.14637572115117853	27.12387672223543	0.5691666666666667	0.4866666666666667
22	0.1464902629023013	26.8841942736977	0.5733333333333334	0.47333333333333333
23	0.1461844543615977	26.628737951579847	0.5833333333333334	0.48
24	0.1466333770751953	26.503333945023385	0.5825	0.48
25	0.14653906455406776	26.33454686716983	0.5866666666666667	0.4866666666666667
26	0.14640011610808196	26.292307878795423	0.5875	0.44666666666666666
27	0.14680674246379308	26.074370032862614	0.5783333333333334	0.46
28	0.14673982817551184	26.03661414196617	0.5958333333333333	0.46
29	0.14659581979115804	26.0489703730533	0.5908333333333333	0.4666666666666667
-1	-1	-1	-1	-1
0	0.174363374710083	33.060255803559954	0.4483333333333333	0.37333333333333335
1	0.15783250331878662	33.271971100255065	0.44583333333333336	0.4866666666666667
2	0.15644296010335287	31.1965711995175	0.4891666666666667	0.48
3	0.15332549810409546	30.926438758247777	0.5016666666666667	0.47333333333333333
4	0.15100455284118652	30.331200373800176	0.5141666666666667	0.49333333333333335
5	0.15100757280985513	30.094641233745374	0.5175	0.5
6	0.150252103805542	29.629369334170693	0.525	0.4866666666666667
7	0.14907127618789673	29.741357401797647	0.5233333333333333	0.48
8	0.14946291181776258	29.326624795010215	0.5425	0.48
9	0.14860665798187256	29.319293448799534	0.5475	0.4866666666666667
10	0.14785278927196155	29.409169899789912	0.5333333333333333	0.46
11	0.1482373277346293	28.787875275862845	0.5525	0.5
12	0.14774839694683367	29.319556010396855	0.5333333333333333	0.49333333333333335
13	0.14698146070752824	29.41293962378251	0.5366666666666666	0.49333333333333335
14	0.1472978432973226	28.82754965832359	0.5416666666666666	0.48
15	0.14686594903469086	28.41029789573268	0.5541666666666667	0.5
16	0.1465175712809843	28.111765911704616	0.5566666666666666	0.49333333333333335
17	0.14681573708852133	28.14640356365003	0.5508333333333333	0.47333333333333333
18	0.14650519270645945	27.852186002229388	0.5641666666666667	0.4866666666666667
19	0.1461811661720276	27.745714062138607	0.5591666666666667	0.5
20	0.14653397741771879	27.738435971109492	0.5708333333333333	0.49333333333333335
21	0.14621201428500089	27.202056382831774	0.5708333333333333	0.5066666666666667
22	0.14598058617633322	27.765384950135882	0.5525	0.5133333333333333
23	0.14626341064771017	27.561309312519274	0.5641666666666667	0.5
24	0.14605085372924806	26.97210693359375	0.5725	0.5066666666666667
25	0.14585386789762056	26.649224281311035	0.5758333333333333	0.5
26	0.14607190202783654	26.644196736185176	0.5733333333333334	0.49333333333333335
27	0.14581692218780518	26.46146370235242	0.5841666666666666	0.5
28	0.14568776919923979	26.426553475229365	0.5825	0.5
29	0.1458945353825887	26.263721993094997	0.585	0.49333333333333335
30	0.1457034695533014	26.121315403988486	0.5883333333333334	0.5266666666666666
31	0.14558175206184387	25.74547456440173	0.5875	0.5066666666666667
32	0.14573428125092477	25.917654589602822	0.5825	0.52
33	0.1455069850472843	25.59226746308176	0.5916666666666667	0.5066666666666667
34	0.14553236961364746	25.492108595998662	0.6025	0.5066666666666667
35	0.1456112331814236	25.618730946591025	0.5908333333333333	0.52
36	0.14548039436340332	25.43331259175351	0.6033333333333334	0.5066666666666667
37	0.1453738149843718	25.5741027279904	0.5858333333333333	0.5133333333333333
38	0.14552601178487143	25.20822218844765	0.5941666666666666	0.5066666666666667
39	0.14561592936515808	25.09445353558189	0.6033333333333334	0.5
40	0.14551823313643292	24.97056178042763	0.6058333333333333	0.5
41	0.14572455201830184	24.743148778614245	0.6083333333333333	0.49333333333333335
42	0.14594991262568985	24.79020781266062	0.6025	0.5066666666666667
43	0.14584870771928268	24.56528181778757	0.6141666666666666	0.49333333333333335
44	0.1459223429361979	24.605478211453086	0.6133333333333333	0.49333333333333335
45	0.14561655728713327	24.565038856707123	0.6033333333333334	0.48
46	0.14559527660938018	24.34385395050049	0.6141666666666666	0.4866666666666667
47	0.1455828845500946	24.45990356646086	0.6133333333333333	0.48
48	0.14535629019445304	24.53964742861296	0.61	0.4866666666666667
49	0.1453211259841919	24.191605342061894	0.6208333333333333	0.4866666666666667
50	0.14532823656119553	24.135486853750127	0.6191666666666666	0.4866666666666667
-1	-1	-1	-1	-1
0	0.16373801231384277	33.66359831157484	0.44083333333333335	0.36666666666666664
1	0.15521323680877686	33.464706671865365	0.42833333333333334	0.44666666666666666
2	0.1499941349029541	31.1992281612597	0.495	0.49333333333333335
3	0.14602112770080566	30.470537386442487	0.5083333333333333	0.44666666666666666
4	0.14562697410583497	30.57945384477314	0.5075	0.4866666666666667
5	0.1449881394704183	30.21891925209447	0.5033333333333333	0.44
6	0.14340431349618094	29.636696539427106	0.5033333333333333	0.4666666666666667
7	0.1434735655784607	29.754701865346806	0.5241666666666667	0.5066666666666667
8	0.1434942881266276	29.548008165861432	0.5333333333333333	0.4666666666666667
9	0.1425243377685547	29.272233536368923	0.5283333333333333	0.5
10	0.1427880417216908	29.303964865835088	0.5266666666666666	0.48
11	0.1430253783861796	28.938006451255397	0.535	0.5
12	0.14232800557063177	28.740393437837298	0.5366666666666666	0.49333333333333335
13	0.14267727306910924	28.696540556455915	0.5233333333333333	0.5
14	0.14301387468973795	28.470007193715947	0.5416666666666666	0.47333333333333333
15	0.14244219660758972	28.427063816472103	0.5441666666666667	0.49333333333333335
16	0.14576607591965618	28.08851889560097	0.5441666666666667	0.46
17	0.14547349347008598	27.991870403289795	0.555	0.4666666666666667
18	0.14544428022284256	27.759696533805446	0.5608333333333333	0.5066666666666667
19	0.14481290578842163	27.829682124288457	0.5475	0.49333333333333335
20	0.14520554315476192	27.64620085766441	0.5583333333333333	0.5
21	0.14513291012157092	27.485323353817588	0.5533333333333333	0.46
22	0.144835669061412	27.3487010755037	0.5758333333333333	0.4866666666666667
23	0.14514445265134177	27.09262220483077	0.5583333333333333	0.49333333333333335
24	0.14548677444458008	26.801533372778643	0.5725	0.4866666666666667
25	0.14551899983332708	26.614401315387926	0.575	0.4666666666666667
26	0.14527639636286982	26.820743711371172	0.5666666666666667	0.49333333333333335
27	0.14548060723713466	26.70406712983784	0.58	0.5
28	0.14515394177930108	26.760532630117314	0.5775	0.5
29	0.14514052867889404	26.148345244558232	0.5858333333333333	0.49333333333333335
30	0.1451983759480138	26.140874611703975	0.5808333333333333	0.5266666666666666
31	0.14497605711221695	25.7915822581241	0.5916666666666667	0.4666666666666667
32	0.14504020141832757	25.710835758008454	0.5966666666666667	0.49333333333333335
33	0.14509414925294764	25.694105173412122	0.5891666666666666	0.5
34	0.14482453210013255	25.600820942928916	0.5983333333333334	0.49333333333333335
35	0.14480970965491402	25.317994017350046	0.5925	0.52
36	0.1447699005539353	25.159393134870026	0.6033333333333334	0.5
37	0.14443743228912354	25.240803066052887	0.605	0.48
38	0.1444240166590764	25.332312960373727	0.5975	0.5
39	0.14450986981391906	25.102266085775273	0.6016666666666667	0.5133333333333333
40	0.1443206449834312	24.791578092073138	0.6091666666666666	0.5133333333333333
41	0.14448282832191103	24.771475139417145	0.6041666666666666	0.5
42	0.14445622022761856	24.547893448879844	0.6141666666666666	0.5066666666666667
43	0.144277269190008	24.6148681640625	0.6041666666666666	0.5266666666666666
44	0.1443770514594184	24.686956355446263	0.6116666666666667	0.4866666666666667
45	0.1445148975952812	24.311101461711683	0.615	0.47333333333333333
46	0.14493644491155097	24.456633141166286	0.6075	0.49333333333333335
47	0.1448331077893575	24.19855775331196	0.6208333333333333	0.49333333333333335
48	0.14505146960822904	24.279437215704668	0.615	0.49333333333333335
49	0.14493411540985107	24.20262128428409	0.6175	0.49333333333333335
50	0.1448661813548967	24.153832485801296	0.6116666666666667	0.5066666666666667
-1	-1	-1	-1	-1
0	0.17078042030334473	33.00590595446135	0.4583333333333333	0.42
1	0.15318048000335693	33.32979280070255	0.4525	0.49333333333333335
2	0.15277536710103354	31.48517297443591	0.49083333333333334	0.4666666666666667
3	0.14874625205993652	30.648751886267412	0.49916666666666665	0.5266666666666666
4	0.14796576499938965	30.082482061888044	0.515	0.5066666666666667
5	0.14820551872253418	30.247269781012285	0.5083333333333333	0.5133333333333333
6	0.14708689280918666	29.565012982017116	0.5258333333333334	0.52
7	0.14675337076187134	29.37483145061292	0.5166666666666667	0.52
8	0.14795992109510633	29.77971543763813	0.5291666666666667	0.5066666666666667
9	0.1480928659439087	29.205085302654066	0.525	0.49333333333333335
10	0.1477412310513583	29.41489601135254	0.5283333333333333	0.52
11	0.14849066734313965	29.180003392068965	0.5175	0.52
12	0.1484664220076341	29.049416893406917	0.54	0.5333333333333333
13	0.14811088357652938	28.259038724397357	0.54	0.54
14	0.148705259958903	28.54312901747854	0.5475	0.5
15	0.14849480986595154	28.20814817830136	0.55	0.5333333333333333
16	0.1480258212370031	28.014850164714613	0.5466666666666666	0.5266666666666666
17	0.14862190352545845	27.983792380282754	0.55	0.48
18	0.1486153853567023	27.47578427666112	0.5708333333333333	0.5333333333333333
19	0.14814151525497438	27.4937575992785	0.5641666666666667	0.5133333333333333
20	0.14841220492408388	27.36623239517212	0.565	0.46
21	0.14800596237182617	27.125012598539655	0.5616666666666666	0.54
22	0.14792083657306174	26.981737387807744	0.5666666666666667	0.56
23	0.14836284518241882	26.828854033821507	0.575	0.5733333333333334
24	0.1484646701812744	26.783896094874333	0.5816666666666667	0.54
25	0.14806575958545393	26.34563011872141	0.5791666666666667	0.5266666666666666
26	0.14845843668337222	26.217969643442256	0.5925	0.5466666666666666
27	0.14844494206564768	26.283649093226384	0.5825	0.49333333333333335
28	0.14820419508835364	26.369181833769147	0.5858333333333333	0.5466666666666666
29	0.14841689268747965	26.05759505221718	0.5841666666666666	0.5333333333333333
30	0.14826565404092112	26.05857851630763	0.5866666666666667	0.52
31	0.14804691821336746	25.85565481687847	0.5908333333333333	0.5333333333333333
32	0.14825368650031812	25.593610838839883	0.5933333333333334	0.52
33	0.1479584539637846	25.69530035320081	0.5883333333333334	0.5133333333333333
34	0.14786274773733957	25.495422564054792	0.5966666666666667	0.5333333333333333
35	0.14804317553838095	25.434185279043096	0.595	0.52
36	0.14794343226664775	25.215996742248535	0.6016666666666667	0.56
37	0.14792371423620926	25.153135174199154	0.5925	0.5
38	0.14809695879618326	25.095033821306732	0.6041666666666666	0.52
39	0.14780537486076356	25.042220165855007	0.5983333333333334	0.5066666666666667
40	0.1476412749871975	24.860725628702266	0.6066666666666667	0.5133333333333333
41	0.1477367196764265	24.619092615027178	0.6125	0.5133333333333333
42	0.14753263495689214	24.72174566670468	0.6066666666666667	0.52
43	0.14738024906678635	24.624315010873897	0.6141666666666666	0.4866666666666667
-1	-1	-1	-1	-1
0	0.17261004447937012	32.89633755934866	0.45666666666666667	0.36666666666666664
1	0.1558523178100586	33.35902198992277	0.39416666666666667	0.44666666666666666
2	0.1534860928853353	31.65211158049734	0.48	0.43333333333333335
3	0.14963263273239136	31.15970149793123	0.4841666666666667	0.52
4	0.14819974899291993	30.59415985408582	0.5025	0.49333333333333335
5	0.14804832140604654	30.242454604098672	0.5108333333333334	0.5
6	0.14657950401306152	30.04940078133031	0.5225	0.52
7	0.14702525734901428	30.042181491851807	0.5216666666666666	0.5133333333333333
8	0.14713017145792642	29.864383622219687	0.5225	0.4866666666666667
9	0.1456138849258423	29.799393628772936	0.515	0.49333333333333335
10	0.14605392109264026	29.4139044410304	0.5216666666666666	0.4666666666666667
11	0.14642173051834106	29.313830676831696	0.5325	0.48
12	0.14660281401414138	28.914523827402217	0.5325	0.5333333333333333
13	0.14647323744637625	28.637627802397077	0.54	0.5066666666666667
14	0.14725813865661622	29.183705605958636	0.5266666666666666	0.5
15	0.14751224219799042	28.637965553685238	0.5491666666666667	0.5266666666666666
16	0.14719138425939224	28.202344844215794	0.5583333333333333	0.5133333333333333
17	0.14763096968332926	27.921352838215075	0.5666666666666667	0.5133333333333333
18	0.1472529737572921	27.891334834851715	0.5633333333333334	0.5333333333333333
19	0.14688180685043334	27.72463836167988	0.5758333333333333	0.5133333333333333
20	0.1471525033315023	27.669620087272243	0.5716666666666667	0.52
21	0.14681107347661798	27.627025303087738	0.5775	0.4866666666666667
22	0.14667789832405423	27.32952514447664	0.57	0.5
23	0.14691385626792908	27.150133910932038	0.5716666666666667	0.49333333333333335
24	0.14659735679626465	27.036856651306152	0.5866666666666667	0.47333333333333333
25	0.14669348643376276	27.131458131890547	0.5808333333333333	0.49333333333333335
26	0.146863442880136	27.22756280397114	0.5708333333333333	0.5066666666666667
27	0.14636953387941634	26.54131209222894	0.5883333333333334	0.5266666666666666
28	0.14622351218914165	26.398310460542376	0.5925	0.52
29	0.1462578535079956	26.18896356381868	0.5908333333333333	0.5133333333333333
30	0.14576898082610099	26.393880291988975	0.5825	0.5133333333333333
31	0.14564019441604614	26.17139876516242	0.59	0.52
32	0.1455819895773223	25.870603737078216	0.5941666666666666	0.5133333333333333
-1	-1	-1	-1	-1
