Epoch	Training_Time	Train_Loss	Train_Score	Valid_Score
0	1.5109319686889648	48.77631556579822	0.4048809523809524	0.3352380952380952
1	1.2951412200927734	28.128957092082093	0.6891666666666667	0.7714285714285715
2	1.2240276336669922	13.220115215606109	0.8660714285714286	0.7723809523809524
3	1.1878809332847595	7.794037251418081	0.9208333333333333	0.9990476190476191
4	1.1675340175628661	3.1553764758001264	0.9825	1.0
5	1.1548261245091755	0.7766363810563722	1.0	1.0
6	1.1461939811706543	0.3380508515204767	1.0	1.0
7	1.1387984454631805	0.17748703561128318	1.0	1.0
8	1.1328362888760037	0.11428810716978498	1.0	1.0
9	1.126303243637085	0.06926647107694085	1.0	1.0
10	1.12212965705178	0.048520941195209215	1.0	1.0
11	1.1186166206995647	0.03485041190321228	1.0	1.0
12	1.116038175729605	0.02592571374000592	1.0	1.0
13	1.113537005015782	0.01979224111516553	1.0	1.0
14	1.1108283201853435	0.015547463413639554	1.0	1.0
15	1.1084043234586716	0.012692841558678239	1.0	1.0
16	1.1069419664495133	0.010159485900824175	1.0	1.0
17	1.1055404080284967	0.008348126116672622	1.0	1.0
18	1.1042081682305587	0.007012978185520652	1.0	1.0
19	1.1030473709106445	0.005880472229921149	1.0	1.0
20	1.1019692307426816	0.004983495499499624	1.0	1.0
21	1.1004204966805198	0.004250423603393704	1.0	1.0
22	1.099525555320408	0.0036671838706302607	1.0	1.0
23	1.098322202761968	0.0031646510662277274	1.0	1.0
24	1.0976060581207276	0.0027502864816566015	1.0	1.0
25	1.0964306959739099	0.00241271011131203	1.0	1.0
26	1.09562114433006	0.0020758653789521423	1.0	1.0
27	1.0948588848114014	0.0018076309051184062	1.0	1.0
28	1.0942020580686371	0.001582434341601829	1.0	1.0
29	1.0936181624730428	0.0013945709173425946	1.0	1.0
-1	-1	-1	-1	-1
0	1.3068077564239502	47.92368045415262	0.39130952380952383	0.5361904761904762
1	1.1903659105300903	24.753209534706723	0.7296428571428571	0.9076190476190477
2	1.1509040991465251	12.373748680484612	0.8752380952380953	0.9942857142857143
3	1.1278000473976135	6.799563558835947	0.9389285714285714	0.8933333333333333
4	1.1158367156982423	3.157193017096574	0.976547619047619	1.0
5	1.1090279420216878	7.594434124888576	0.9167857142857143	1.0
6	1.1051533903394426	0.7566577097535586	1.0	1.0
7	1.0983118414878845	0.35141014191587616	1.0	1.0
8	1.0939879947238498	0.20183748635729004	1.0	1.0
9	1.0905574083328247	0.12441714491850976	1.0	1.0
10	1.0872897885062478	0.0832744732414135	1.0	1.0
11	1.084728519121806	0.05848674111408199	1.0	1.0
12	1.082931371835562	0.04259617164192771	1.0	1.0
13	1.0808898721422469	0.032644829758843086	1.0	1.0
14	1.0797311305999755	0.0253399287708132	1.0	1.0
15	1.079035833477974	0.02026127286949425	1.0	1.0
16	1.078857982859892	0.016408207886515914	1.0	1.0
17	1.0787631538179185	0.013411155700003693	1.0	1.0
18	1.0787908528980457	0.011159636414903765	1.0	1.0
19	1.0786348819732665	0.009386631303392493	1.0	1.0
20	1.0790826706659227	0.007885679148470437	1.0	1.0
21	1.0791765559803357	0.006715845034241733	1.0	1.0
22	1.0792539949002473	0.0057468793864854165	1.0	1.0
23	1.079107294480006	0.00496774437986031	1.0	1.0
24	1.079513463973999	0.004262421466941333	1.0	1.0
25	1.0796003066576445	0.003703442800120794	1.0	1.0
26	1.0800287458631728	0.003219277268636816	1.0	1.0
27	1.080192003931318	0.0028121661175283187	1.0	1.0
28	1.0806638207928887	0.002478930936947451	1.0	1.0
29	1.0806355237960816	0.002181802635495427	1.0	1.0
-1	-1	-1	-1	-1
0	1.3636219501495361	48.490240104298174	0.4051190476190476	0.43714285714285717
1	1.2205560207366943	29.046078239556955	0.6798809523809524	0.9504761904761905
2	1.1700019836425781	13.57174351913394	0.8777380952380952	0.9438095238095238
3	1.1444781422615051	9.540283789652836	0.9005952380952381	0.9114285714285715
4	1.13173828125	4.516060663266781	0.9664285714285714	1.0
5	1.1231268246968586	3.9785975229150896	0.9617857142857142	1.0
6	1.1175117152077811	0.8115623400691797	1.0	1.0
7	1.1130166947841644	0.4025439354573366	1.0	1.0
8	1.1109228663974338	0.23258463242321414	1.0	1.0
9	1.1093165159225464	0.1496671699979006	1.0	1.0
10	1.107145287773826	0.10463761335713329	1.0	1.0
11	1.1055543621381123	0.07443030932103727	1.0	1.0
12	1.1039999264937181	0.05510012309700817	1.0	1.0
13	1.1025509153093611	0.04263812615164333	1.0	1.0
14	1.100099547704061	0.03378295011733421	1.0	1.0
15	1.0984444320201874	0.02718150915981699	1.0	1.0
16	1.096971357569975	0.02221732616013787	1.0	1.0
17	1.0950972901450262	0.018238378688693047	1.0	1.0
18	1.0937346910175525	0.015221933788219786	1.0	1.0
19	1.092054831981659	0.012894725120722001	1.0	1.0
20	1.0907633645193917	0.010948179516332231	1.0	1.0
21	1.089402892372825	0.009373249064691846	1.0	1.0
22	1.0882571780163308	0.008038430920883504	1.0	1.0
23	1.0873279174168904	0.007006335344887958	1.0	1.0
24	1.0866355228424072	0.0060709929377010564	1.0	1.0
25	1.0860898769818819	0.005285148124631933	1.0	1.0
26	1.0853672998922843	0.004596033392070364	1.0	1.0
27	1.0848013247762407	0.0040130006820459216	1.0	1.0
28	1.0840616555049503	0.0035351044640030017	1.0	1.0
29	1.0836182753245036	0.003128915999931046	1.0	1.0
-1	-1	-1	-1	-1
0	1.3549449443817139	48.46501467164478	0.4051190476190476	0.26857142857142857
1	1.2056654691696167	26.700231760626963	0.6991666666666667	0.9333333333333333
2	1.1577203273773193	14.674909611618563	0.8466666666666667	0.9257142857142857
3	1.134805142879486	7.92913982170163	0.9276190476190476	1.0
4	1.122362995147705	6.971086684288634	0.9357142857142857	1.0
5	1.1128754218419392	1.5590831082130112	0.9998809523809524	1.0
6	1.106524842126029	0.6585755340273389	1.0	1.0
7	1.1027197539806366	4.470165407136366	0.9695238095238096	1.0
8	1.0992049905988905	0.38566924050846935	1.0	1.0
9	1.097545576095581	0.24046549525381042	1.0	1.0
10	1.0962874455885454	0.15980990665890418	1.0	1.0
11	1.0940542618433635	0.1099773466077141	1.0	1.0
12	1.0925561831547663	0.08324243737377594	1.0	1.0
13	1.0913110971450806	0.06252291586122585	1.0	1.0
14	1.0899239699045817	0.049427349141625394	1.0	1.0
15	1.08863665163517	0.039437560732883646	1.0	1.0
16	1.087196995230282	0.0321569861985828	1.0	1.0
17	1.086279378996955	0.026391867519898107	1.0	1.0
18	1.085103574552034	0.0220685802584252	1.0	1.0
19	1.0845527291297912	0.018420765677488234	1.0	1.0
20	1.084057297025408	0.01559352192376163	1.0	1.0
21	1.083387483250011	0.013305179266606107	1.0	1.0
22	1.0829350844673489	0.011424794660335824	1.0	1.0
23	1.0827090938886006	0.009867196445824303	1.0	1.0
24	1.0821922397613526	0.008550640850720976	1.0	1.0
25	1.082246523637038	0.007433387181746416	1.0	1.0
26	1.081976607993797	0.006484067974923738	1.0	1.0
27	1.082106590270996	0.005682571619366625	1.0	1.0
28	1.0819508125042092	0.004998183267424769	1.0	1.0
29	1.0821256558100383	0.004361495481867754	1.0	1.0
-1	-1	-1	-1	-1
0	1.3599560260772705	47.093097353162875	0.4088095238095238	0.3961904761904762
1	1.2110812664031982	27.914075532340277	0.6989285714285715	0.8742857142857143
2	1.1630788644154866	13.688140928971903	0.8567857142857143	0.9361904761904762
3	1.1394388675689697	10.251680040540805	0.8967857142857143	0.9104761904761904
4	1.1262238025665283	6.498828424700313	0.9472619047619047	0.7847619047619048
5	1.1176224549611409	4.010129435660721	0.9676190476190476	1.0
6	1.1106103488377161	0.9048625423427771	1.0	1.0
7	1.1077629327774048	0.470113896768356	1.0	1.0
8	1.1057690779368083	0.2741689275766054	1.0	1.0
9	1.103930616378784	0.17519730713374262	1.0	1.0
10	1.1027858474037864	0.1185599913105312	1.0	1.0
11	1.1025369763374329	0.08541475379478342	1.0	1.0
12	1.1016023342426007	0.062420226824770865	1.0	1.0
13	1.0996266773768835	0.04775803779099604	1.0	1.0
14	1.0980177879333497	0.03768001587445292	1.0	1.0
15	1.096261128783226	0.030450108733750567	1.0	1.0
16	1.0947084847618551	0.024569684922865136	1.0	1.0
17	1.0934797790315416	0.020256032554623972	1.0	1.0
18	1.0919264366752224	0.016820854041725397	1.0	1.0
19	1.090819501876831	0.014184182191076387	1.0	1.0
20	1.0904180662972587	0.011962407022473818	1.0	1.0
21	1.0900944037870928	0.010183421473511044	1.0	1.0
22	1.0898553392161494	0.008810723177422928	1.0	1.0
23	1.0891910294691722	0.007549970686973955	1.0	1.0
24	1.088467903137207	0.006499852126414672	1.0	1.0
25	1.0878849946535551	0.0056582065609004	1.0	1.0
26	1.0871852062366627	0.004931507010664437	1.0	1.0
27	1.0872381329536438	0.00429460841156684	1.0	1.0
28	1.0872344641849911	0.003781677720388362	1.0	1.0
29	1.0869363705317179	0.0033070171949499687	1.0	1.0
-1	-1	-1	-1	-1
0	1.3619253635406494	48.516783159495304	0.3945238095238095	0.5371428571428571
1	1.2147752046585083	28.953924092049835	0.675952380952381	0.7723809523809524
2	1.1654759248097737	15.359832879708295	0.8375	0.9495238095238095
3	1.1410973072052002	11.000171233039392	0.9023809523809524	1.0
4	1.1295003414154052	5.467255730592706	0.9671428571428572	0.9990476190476191
5	1.119589885075887	3.695209872133378	0.9747619047619047	1.0
6	1.111534799848284	0.9169833706585626	1.0	1.0
7	1.1076645851135254	0.49324784164419644	1.0	1.0
8	1.1034634643130832	0.28222215249284593	1.0	1.0
9	1.1009969472885133	0.18361641934049447	1.0	1.0
10	1.0986828804016113	0.1225528361651154	1.0	1.0
11	1.09691188732783	0.08664206163284896	1.0	1.0
12	1.0952346691718469	0.06290741325727887	1.0	1.0
13	1.093708566256932	0.047523582701220715	1.0	1.0
14	1.0927049795786539	0.036803484699571995	1.0	1.0
15	1.091606467962265	0.02926201544730382	1.0	1.0
16	1.0907348184024586	0.02345406457767627	1.0	1.0
17	1.0899632374445598	0.018861420048903604	1.0	1.0
18	1.0887934910623651	0.01540725468569382	1.0	1.0
19	1.0879768252372741	0.012752077710450036	1.0	1.0
20	1.0875452132452101	0.010615304864928864	1.0	1.0
21	1.087212410840121	0.00895916638513425	1.0	1.0
22	1.0866734255915103	0.007547231060859991	1.0	1.0
23	1.08672900001208	0.006520644079065198	1.0	1.0
24	1.0865973663330077	0.005427805728990825	1.0	1.0
25	1.0865452106182392	0.004621954466581005	1.0	1.0
26	1.0862194432152643	0.004000039079346952	1.0	1.0
27	1.0858097161565508	0.0034639065077762075	1.0	1.0
28	1.085466557535632	0.003032691571808388	1.0	1.0
29	1.0851675033569337	0.0025972931180149317	1.0	1.0
-1	-1	-1	-1	-1
0	1.351473331451416	48.207298732075856	0.3873809523809524	0.21142857142857144
1	1.209268569946289	31.00704326557116	0.6632142857142858	0.979047619047619
2	1.1617528597513835	13.65002524807426	0.8660714285714286	0.9295238095238095
3	1.1392619609832764	10.348469325344825	0.8879761904761905	1.0
4	1.1275199413299561	4.420431297994838	0.9709523809523809	0.9847619047619047
5	1.1193541685740154	2.3763123444731247	0.9846428571428572	1.0
6	1.1130758013044084	0.5833844075071495	1.0	1.0
7	1.1078422665596008	0.28354695314690187	1.0	1.0
8	1.1032251252068415	0.16260039392759593	1.0	1.0
9	1.0995290994644165	0.102231299370074	1.0	1.0
10	1.0965210090983997	0.06858328482695632	1.0	1.0
11	1.0939313371976216	0.04799634338615059	1.0	1.0
12	1.0921054436610296	0.03547721675919376	1.0	1.0
13	1.0910414457321167	0.026829778482365518	1.0	1.0
14	1.0902493476867676	0.020748475906456832	1.0	1.0
15	1.0894317775964737	0.016461002327034343	1.0	1.0
16	1.0883692292606129	0.01325724276221807	1.0	1.0
17	1.087826093037923	0.010885750046247766	1.0	1.0
18	1.0870944951709949	0.008949641216220511	1.0	1.0
19	1.0866540551185608	0.007493047667808916	1.0	1.0
20	1.086457025437128	0.0063348519934532535	1.0	1.0
21	1.0860937291925603	0.005364434742244817	1.0	1.0
22	1.0861268043518066	0.004600054600378746	1.0	1.0
23	1.0861522952715557	0.003924296437603326	1.0	1.0
24	1.0860289192199708	0.0033917889971031095	1.0	1.0
25	1.0858800136126006	0.0029421862951362994	1.0	1.0
26	1.0852318251574482	0.002558278018598066	1.0	1.0
27	1.0851245181901115	0.0022162763654615574	1.0	1.0
28	1.0845082874955803	0.0019395718529834607	1.0	1.0
29	1.0837925275166829	0.001692822546531719	1.0	1.0
-1	-1	-1	-1	-1
0	1.2938156127929688	49.209181542632244	0.3977380952380952	0.4866666666666667
1	1.1822772026062012	26.371908060951377	0.7115476190476191	0.6466666666666666
2	1.1461767355600994	14.945029833470914	0.8429761904761904	0.8723809523809524
3	1.1282289028167725	7.368698059832642	0.9498809523809524	0.9895238095238095
4	1.1171805381774902	6.463964074736766	0.950595238095238	0.981904761904762
5	1.110114574432373	4.312917862781553	0.9671428571428572	0.9990476190476191
6	1.1056102343967982	0.9193652136244248	1.0	1.0
7	1.1031404733657837	0.4395032382849958	1.0	1.0
8	1.0991848309834797	0.2830615300302723	1.0	1.0
9	1.0973047733306884	0.1774149276032874	1.0	1.0
10	1.0945125493136318	0.12291773646616663	1.0	1.0
11	1.0927725831667583	0.08831187915552705	1.0	1.0
12	1.0918886844928448	0.06561422583154852	1.0	1.0
13	1.0903869015829903	0.05013970816826639	1.0	1.0
14	1.0894648392995199	0.03978514929121438	1.0	1.0
15	1.0893025398254395	0.03176702064295572	1.0	1.0
16	1.0882712953230913	0.025952372884115792	1.0	1.0
17	1.0871170494291518	0.021743651419283094	1.0	1.0
18	1.0867154096302234	0.01781418152195986	1.0	1.0
19	1.0861896514892577	0.01515068061571894	1.0	1.0
20	1.085762239637829	0.012671049045108457	1.0	1.0
21	1.0855201482772827	0.010897327154279888	1.0	1.0
22	1.0882873638816501	0.009265556743814692	1.0	1.0
23	1.0878117382526398	0.008015584058974632	1.0	1.0
24	1.0876019382476807	0.006904850003022715	1.0	1.0
25	1.087353541300847	0.006026967673406656	1.0	1.0
26	1.087059736251831	0.005257862079144941	1.0	1.0
27	1.086635742868696	0.004610285660014718	1.0	1.0
28	1.0865094415072738	0.004025417337541118	1.0	1.0
29	1.0864540179570517	0.0035379551131519073	1.0	1.0
-1	-1	-1	-1	-1
0	1.3111531734466553	48.44204392813911	0.40190476190476193	0.33904761904761904
1	1.2206047773361206	33.76095015558453	0.6177380952380952	0.8047619047619048
2	1.1751442750295003	15.522961460592176	0.8429761904761904	0.8628571428571429
3	1.152518630027771	10.68846329718035	0.8964285714285715	0.660952380952381
4	1.1395846366882325	6.828526705390147	0.9458333333333333	0.9980952380952381
5	1.1307181119918823	2.278245534507041	0.9972619047619048	1.0
6	1.120330844606672	4.146123169492859	0.9636904761904762	1.0
7	1.1157572567462921	0.6429513499650665	1.0	1.0
8	1.1124690108829074	0.37460802804267906	1.0	1.0
9	1.1102858781814575	0.2399151692089019	1.0	1.0
10	1.107774929566817	0.15974134008467425	1.0	1.0
11	1.106917103131612	0.11455188694448978	1.0	1.0
12	1.1052662225869985	0.08497446570049674	1.0	1.0
13	1.1032966375350952	0.06624494518503943	1.0	1.0
14	1.102082888285319	0.051672551348918745	1.0	1.0
15	1.1004542708396912	0.0416766047449393	1.0	1.0
16	1.0995506398818071	0.03412197051506079	1.0	1.0
17	1.0985696845584445	0.028015963920877233	1.0	1.0
18	1.0971169220773798	0.02334827237440266	1.0	1.0
19	1.0959297299385071	0.01982974766544686	1.0	1.0
20	1.0951541378384544	0.01666955363196622	1.0	1.0
21	1.0944332101128318	0.014351409013620347	1.0	1.0
22	1.0936238765716553	0.012255009339888627	1.0	1.0
23	1.0930610795815785	0.010597823745440054	1.0	1.0
24	1.0927058219909669	0.009179888229406378	1.0	1.0
25	1.0922669080587535	0.008016671331160252	1.0	1.0
26	1.0917042802881312	0.007016320001978441	1.0	1.0
27	1.0909616691725594	0.006140259443339626	1.0	1.0
28	1.0906218167009025	0.00538370036874179	1.0	1.0
29	1.0901458422342936	0.004765493477457433	1.0	1.0
-1	-1	-1	-1	-1
0	1.369748830795288	49.277470323976004	0.4080952380952381	0.3676190476190476
1	1.2184821367263794	38.75472170318488	0.5936904761904762	0.6857142857142857
2	1.1680307388305664	18.11691475095858	0.8073809523809524	0.7171428571428572
3	1.1417675614356995	10.206988637438291	0.9117857142857143	0.9342857142857143
4	1.1296382427215577	6.699879431452588	0.9485714285714286	1.0
5	1.1222970088322957	4.921080575696416	0.9592857142857143	1.0
6	1.1174680846078056	7.3339854469770716	0.9444047619047619	0.9285714285714286
7	1.1113420128822327	1.2414695311181898	0.9996428571428572	1.0
8	1.1079462899102106	0.6461068075646013	1.0	1.0
9	1.105137872695923	0.38462763854759274	1.0	1.0
10	1.1031766154549338	0.25628136919931765	1.0	1.0
11	1.100628137588501	0.17791629171870055	1.0	1.0
12	1.0992915813739483	0.12976322232430426	1.0	1.0
13	1.0979371241160802	0.09783401501722662	1.0	1.0
14	1.0967721462249755	0.07677966242252421	1.0	1.0
15	1.0960344225168228	0.06045756625726876	1.0	1.0
16	1.0949234401478487	0.0488205325679974	1.0	1.0
17	1.0946587589051988	0.03993005854406964	1.0	1.0
18	1.0940593543805575	0.03304852899376431	1.0	1.0
19	1.0935222268104554	0.027892315356563707	1.0	1.0
20	1.0928408304850261	0.023600801538690187	1.0	1.0
21	1.092194145376032	0.020031895856780245	1.0	1.0
22	1.0917218871738599	0.01700052240431422	1.0	1.0
23	1.0916950802008312	0.014640689919571686	1.0	1.0
24	1.091615686416626	0.012711460687956656	1.0	1.0
25	1.0912448809697077	0.010994698850530069	1.0	1.0
26	1.0909552750764069	0.009552358761217317	1.0	1.0
27	1.0906064680644445	0.00833708902523488	1.0	1.0
28	1.0900418593965728	0.007365110871194376	1.0	1.0
29	1.0899135986963908	0.006431398310383406	1.0	1.0
-1	-1	-1	-1	-1
0	1.3862287998199463	47.705706723289346	0.4132142857142857	0.2276190476190476
1	1.2304716110229492	25.762385125395916	0.7189285714285715	0.8828571428571429
2	1.1768564383188884	12.876690500589378	0.8745238095238095	0.9876190476190476
3	1.151764452457428	8.100918152486416	0.9347619047619048	0.840952380952381
4	1.1355227947235107	4.323418636739027	0.9704761904761905	0.9780952380952381
5	1.1261552174886067	4.282945045613517	0.9603571428571429	1.0
6	1.1198278495243617	0.703355018743544	1.0	1.0
7	1.1141795814037323	0.4123451820797793	1.0	1.0
8	1.1101426283518474	0.2507739696552545	1.0	1.0
9	1.1068942546844482	0.17317331191364804	1.0	1.0
10	1.1045804890719326	0.11894577427168762	1.0	1.0
11	1.1019425590833027	0.086502080407886	1.0	1.0
12	1.100418787736159	0.0645348873527671	1.0	1.0
13	1.0986042703901018	0.049756156478941216	1.0	1.0
14	1.0973377545674643	0.03969732646479806	1.0	1.0
15	1.0963463485240936	0.032309826626353844	1.0	1.0
16	1.095392760108499	0.02643515424583348	1.0	1.0
17	1.094706416130066	0.021964434697204216	1.0	1.0
18	1.0939028137608577	0.018580216485936153	1.0	1.0
19	1.093588161468506	0.015557943464402011	1.0	1.0
20	1.0928610960642497	0.013307061127808384	1.0	1.0
21	1.0924242409792813	0.011409088195489274	1.0	1.0
22	1.0923425011012866	0.009726490042820403	1.0	1.0
23	1.09188445409139	0.008359247934561888	1.0	1.0
24	1.0910419940948486	0.00723790706262814	1.0	1.0
25	1.0901497052266047	0.00629420162483115	1.0	1.0
26	1.08948810895284	0.0055057871050976865	1.0	1.0
27	1.0891585946083069	0.004799158566015217	1.0	1.0
28	1.0887892903952763	0.004217747951673606	1.0	1.0
29	1.0885339419047038	0.003690276227222168	1.0	1.0
-1	-1	-1	-1	-1
0	1.3540518283843994	47.33665157361629	0.41833333333333333	0.49238095238095236
1	1.1953412294387817	37.26050401549829	0.6110714285714286	0.6876190476190476
2	1.1464575131734211	16.363154226382875	0.8371428571428572	0.5961904761904762
3	1.1278170943260193	10.487886545775961	0.9057142857142857	0.7323809523809524
4	1.11792049407959	6.955012124754177	0.9363095238095238	0.86
5	1.109791874885559	3.5308135092938353	0.9760714285714286	1.0
6	1.1049484866006034	0.8549106653652264	1.0	1.0
7	1.1017485857009888	0.3954427499508223	1.0	1.0
8	1.098351690504286	0.21942603500283717	1.0	1.0
9	1.0969536066055299	0.13219023966177335	1.0	1.0
10	1.0952144536105068	0.08206165356016204	1.0	1.0
11	1.0940380493799846	0.05575766277715507	1.0	1.0
12	1.0930478389446552	0.039765161876442766	1.0	1.0
13	1.0916933843067713	0.030690365265559107	1.0	1.0
14	1.0910743077596028	0.0225889296908314	1.0	1.0
15	1.090691551566124	0.01785458770966575	1.0	1.0
16	1.0898056030273438	0.014150162045082551	1.0	1.0
17	1.0891886949539185	0.011440395198748253	1.0	1.0
18	1.0886375653116327	0.009358241295392408	1.0	1.0
19	1.086956787109375	0.007793006081728994	1.0	1.0
20	1.086627517427717	0.006587048663187616	1.0	1.0
21	1.0866313630884343	0.005452605797431145	1.0	1.0
22	1.0868695922519849	0.0046559696177820966	1.0	1.0
23	1.086480329434077	0.003927541108794879	1.0	1.0
24	1.086918649673462	0.003379407750456789	1.0	1.0
25	1.0865675210952759	0.0029125030758036406	1.0	1.0
26	1.0859912854653817	0.0025164135320097946	1.0	1.0
27	1.0857076474598475	0.002255653888128783	1.0	1.0
28	1.0854986125025257	0.0019017230177531903	1.0	1.0
29	1.0852129300435385	0.001651409568137599	1.0	1.0
-1	-1	-1	-1	-1
0	1.368894100189209	49.062774295589314	0.3989285714285714	0.4695238095238095
1	1.2145951986312866	26.65749427664869	0.7025	0.6847619047619048
2	1.1639766693115234	14.186816935303547	0.8446428571428571	0.6152380952380953
3	1.1403542757034302	7.679075169925907	0.9351190476190476	1.0
4	1.1256067276000976	5.660683277441975	0.9517857142857142	0.9980952380952381
5	1.1167174975077312	1.189816838321577	0.9997619047619047	1.0
6	1.1107978820800781	0.4686475202384557	1.0	1.0
7	1.1072931289672852	0.2432984620219401	1.0	1.0
8	1.1032039589352078	0.1407478505695954	1.0	1.0
9	1.1010764837265015	0.0891225855556731	1.0	1.0
10	1.098588141528043	0.06031912509989376	1.0	1.0
11	1.0957623720169067	0.04352840548204152	1.0	1.0
12	1.094303351182204	0.03130531442411839	1.0	1.0
13	1.093251075063433	0.02392482255433222	1.0	1.0
14	1.0922181606292725	0.01869130968169341	1.0	1.0
15	1.0918880850076675	0.014868579951855053	1.0	1.0
16	1.091448657652911	0.011832271190891362	1.0	1.0
17	1.0907548401090834	0.009726500528166955	1.0	1.0
18	1.0894772253538434	0.008044125280296962	1.0	1.0
19	1.088896930217743	0.0067168215073701775	1.0	1.0
20	1.0889099893115817	0.005655583675008819	1.0	1.0
21	1.0882981907237659	0.004788942856381261	1.0	1.0
22	1.088076985400656	0.004091185596399718	1.0	1.0
23	1.0875430405139923	0.0035312697919928416	1.0	1.0
24	1.0874245929718018	0.0030151892713706644	1.0	1.0
25	1.087207473241366	0.002623309674336373	1.0	1.0
26	1.087168119571827	0.0022760313028600703	1.0	1.0
27	1.0867050971303667	0.0019800107361316794	1.0	1.0
28	1.0863961104688973	0.0017325813200824076	1.0	1.0
29	1.0863091309865316	0.0015175816626907697	1.0	1.0
-1	-1	-1	-1	-1
0	1.3736016750335693	47.34047385676279	0.42595238095238097	0.5914285714285714
1	1.2213841676712036	25.62677846480685	0.725	0.7647619047619048
2	1.170315106709798	14.67319207499689	0.8494047619047619	0.9228571428571428
3	1.1467617750167847	7.592858403807811	0.9453571428571429	0.8238095238095238
4	1.1335641384124755	4.175531334750099	0.9757142857142858	0.9885714285714285
5	1.1235727071762085	1.29265579569929	0.9994047619047619	1.0
6	1.1171369552612305	0.6418619392715933	1.0	1.0
7	1.1105492115020752	15.644406631192327	0.9303571428571429	0.8542857142857143
8	1.105884763929579	1.966154099870544	0.9896428571428572	1.0
9	1.1031221628189087	0.6622458597779727	1.0	1.0
10	1.1005751219662754	0.4839871519532041	1.0	1.0
11	1.0982638597488403	0.35373484635081126	1.0	1.0
12	1.0965253573197584	0.272919799778398	1.0	1.0
13	1.0960599865232195	0.21460355112874463	1.0	1.0
14	1.095285431543986	0.1728901814371914	1.0	1.0
15	1.0945905148983002	0.14097526022179951	1.0	1.0
16	1.0938847906449263	0.11635428539587064	1.0	1.0
17	1.0929849677615695	0.09732981745734415	1.0	1.0
18	1.092371426130596	0.08272371820737201	1.0	1.0
19	1.092338252067566	0.07067415091304724	1.0	1.0
20	1.0915107159387498	0.05992860701855825	1.0	1.0
21	1.0913011160763828	0.05146646829669013	1.0	1.0
22	1.0908785695615022	0.044674933374551314	1.0	1.0
23	1.090517242749532	0.03866172538000821	1.0	1.0
24	1.0888509464263916	0.033702200236145986	1.0	1.0
25	1.0872985399686372	0.029627773347717955	1.0	1.0
26	1.0859778633824102	0.026024670287003535	1.0	1.0
27	1.0847062383379256	0.022864293250407557	1.0	1.0
28	1.0834231294434646	0.02042508441175798	1.0	1.0
29	1.0828125715255736	0.017954379043934918	1.0	1.0
-1	-1	-1	-1	-1
0	1.3331871032714844	49.68266360206749	0.39785714285714285	0.2923809523809524
1	1.1823692321777344	44.322757057363994	0.5529761904761905	0.6457142857142857
2	1.1358489990234375	20.117017586421603	0.7916666666666666	0.6619047619047619
3	1.114650547504425	13.832667542954361	0.865	0.9904761904761905
4	1.1055428504943847	9.004137473414605	0.9348809523809524	0.9780952380952381
5	1.1009899775187175	6.615639056542981	0.9439285714285715	0.6647619047619048
6	1.0942255088261195	3.8959303169649364	0.9771428571428571	1.0
7	1.0891618430614471	1.6393556261697195	0.9976190476190476	1.0
8	1.0866141319274902	0.8023898326172122	1.0	1.0
9	1.0838539361953736	6.588304466054467	0.9663095238095238	0.47619047619047616
10	1.0808395472439853	4.533409422454725	0.9608333333333333	1.0
11	1.0790058573087056	0.6081386913931415	1.0	1.0
12	1.077432082249568	0.4406934380531311	1.0	1.0
13	1.0763194050107683	0.33236509091273914	1.0	1.0
14	1.0752105712890625	0.2563223011593402	1.0	1.0
15	1.0741510540246964	0.20498943569655653	1.0	1.0
16	1.0728968031266157	0.16623440350869761	1.0	1.0
17	1.071826736132304	0.13706564316844758	1.0	1.0
18	1.0708409861514443	0.11499659161830583	1.0	1.0
19	1.0697266936302186	0.09684562275164935	1.0	1.0
20	1.0689904008592879	0.08198621851381467	1.0	1.0
21	1.068721511147239	0.0708909050310066	1.0	1.0
22	1.0680248840995457	0.06074609560714928	1.0	1.0
23	1.0672097305456798	0.052201184178543185	1.0	1.0
24	1.0662017822265626	0.0453862377899228	1.0	1.0
25	1.0655298966627855	0.039464593309016735	1.0	1.0
26	1.0649728863327592	0.03457622554068216	1.0	1.0
27	1.06455625806536	0.030211377520638273	1.0	1.0
28	1.06433655475748	0.026760424844948963	1.0	1.0
29	1.063821276028951	0.023606554165964116	1.0	1.0
-1	-1	-1	-1	-1
0	1.2763257026672363	48.35588094036842	0.41345238095238096	0.580952380952381
1	1.1554267406463623	28.671977688604436	0.6916666666666667	0.6657142857142857
2	1.119120677312215	13.993875372999067	0.8628571428571429	0.900952380952381
3	1.0987821817398071	8.219715754795438	0.9313095238095238	0.9990476190476191
4	1.0895246982574462	6.3505665292758	0.9376190476190476	1.0
5	1.0840725501378377	1.7463020643807183	0.9990476190476191	1.0
6	1.0807902812957764	0.7080304147852691	1.0	1.0
7	1.0777780711650848	0.3944939009476977	1.0	1.0
8	1.0764476988050673	0.2450766941610398	1.0	1.0
9	1.0737351655960083	0.16315630965019814	1.0	1.0
10	1.0723053758794612	0.11936321691698448	1.0	1.0
11	1.0710992813110352	0.07898704524899164	1.0	1.0
12	1.070475119810838	0.059721186289655843	1.0	1.0
13	1.0692754302706038	0.046369353578401155	1.0	1.0
14	1.0695913950602214	0.03633224464131399	1.0	1.0
15	1.0696868151426315	0.02963712865295519	1.0	1.0
16	1.0704176425933838	0.02371228766758632	1.0	1.0
17	1.0710653728908963	0.0198441037568246	1.0	1.0
18	1.0711758513199656	0.01641388852220071	1.0	1.0
19	1.0717312812805175	0.013831950072553221	1.0	1.0
20	1.0720493907020205	0.011524570859727865	1.0	1.0
21	1.0721030777150935	0.009941049148558777	1.0	1.0
22	1.0722144582997197	0.008518647819495417	1.0	1.0
23	1.0724502205848694	0.007321723150762202	1.0	1.0
24	1.0726212120056153	0.006309316575017265	1.0	1.0
25	1.0729906925788293	0.005457767702377058	1.0	1.0
26	1.0754795162766069	0.004755426858668658	1.0	1.0
27	1.0755277190889632	0.004176945730551595	1.0	1.0
28	1.075346691855069	0.003636866228074232	1.0	1.0
29	1.075631864865621	0.0031920808921621214	1.0	1.0
-1	-1	-1	-1	-1
0	1.3180122375488281	48.81323192872022	0.3888095238095238	0.3923809523809524
1	1.229382872581482	30.234188268393165	0.675	0.7380952380952381
2	1.1801610787709553	14.940429040234351	0.8489285714285715	0.7485714285714286
3	1.1560764908790588	10.915055242328137	0.8898809523809523	0.9990476190476191
4	1.1408823490142823	4.016996572226173	0.9898809523809524	0.6552380952380953
5	1.1303962071736653	7.735404213798363	0.9367857142857143	1.0
6	1.1244471754346574	1.5399691714080115	0.9977380952380952	1.0
7	1.1198420822620392	1.055566512133232	0.9946428571428572	1.0
8	1.1163509156968858	0.39532558008065244	1.0	1.0
9	1.11301691532135	0.25859004565064897	1.0	1.0
10	1.109822078184648	0.1732949619057514	1.0	1.0
11	1.1066174507141113	0.12419142299278607	1.0	1.0
12	1.1042455159700835	0.09304775330220338	1.0	1.0
13	1.1026427575520106	0.07204022681333493	1.0	1.0
14	1.1017431259155273	0.057202792149249594	1.0	1.0
15	1.1010079085826874	0.046238599168030484	1.0	1.0
16	1.1001087918001062	0.038237099418905296	1.0	1.0
17	1.0984900527530246	0.03163903179674094	1.0	1.0
18	1.0972750061436702	0.026912439890744114	1.0	1.0
19	1.096276307106018	0.022332265739375193	1.0	1.0
20	1.0953332015446253	0.01910295259179158	1.0	1.0
21	1.0944303707642988	0.016364209789485305	1.0	1.0
22	1.0940041438392971	0.014087692703414326	1.0	1.0
23	1.0933460394541423	0.01213404290314353	1.0	1.0
24	1.0930299949645996	0.010512655811603872	1.0	1.0
25	1.0925339001875658	0.009193499283086042	1.0	1.0
26	1.0921662825125236	0.00803506734936778	1.0	1.0
27	1.091520403112684	0.007067993002635615	1.0	1.0
28	1.0907636510914769	0.0062041434772780076	1.0	1.0
29	1.0902145147323608	0.005443447420883485	1.0	1.0
-1	-1	-1	-1	-1
0	1.3690299987792969	48.28975116164059	0.40464285714285714	0.5333333333333333
1	1.2164242267608643	28.79560265704253	0.6810714285714285	0.6619047619047619
2	1.1673794587453206	14.895474869035496	0.8517857142857143	0.9304761904761905
3	1.1453452110290527	8.745103865068675	0.9202380952380952	0.9857142857142858
4	1.132161283493042	5.3843511438188445	0.9602380952380952	1.0
5	1.1245957215627034	1.268564218379019	0.9998809523809524	1.0
6	1.1190367766789027	0.5351697954954756	1.0	1.0
7	1.1142675280570984	0.32274277032328197	1.0	1.0
8	1.1110726197560628	0.16456927182046632	1.0	1.0
9	1.1097868919372558	0.1063730400693054	1.0	1.0
10	1.1074967601082542	0.06858954484443475	1.0	1.0
11	1.1049518585205078	0.049032043863951935	1.0	1.0
12	1.1032040485968957	0.03618688384927951	1.0	1.0
13	1.1017788818904333	0.026666864467706858	1.0	1.0
14	1.1002495765686036	0.02088752608505492	1.0	1.0
15	1.098740354180336	0.016207223196829112	1.0	1.0
16	1.0982772743000704	0.013033924503924729	1.0	1.0
17	1.097812122768826	0.010356965965233715	1.0	1.0
18	1.0967436464209306	0.0086468746478425	1.0	1.0
19	1.095025372505188	0.007184143958103351	1.0	1.0
20	1.0937027363550096	0.0058535289129121905	1.0	1.0
21	1.0926220417022705	0.004954541613305334	1.0	1.0
22	1.0913541835287344	0.004195314085734265	1.0	1.0
23	1.0906143883864086	0.00357371414993879	1.0	1.0
24	1.0904351902008056	0.0030189974843471278	1.0	1.0
25	1.0899634452966542	0.0025721939100030486	1.0	1.0
26	1.0893769087614837	0.002237466431732782	1.0	1.0
27	1.0891566276550293	0.0019447630813111598	1.0	1.0
28	1.0886298376938393	0.0016838111717717814	1.0	1.0
29	1.0883017619450888	0.0014665346451461345	1.0	1.0
-1	-1	-1	-1	-1
0	1.362874984741211	47.77489104470373	0.39380952380952383	0.4114285714285714
1	1.2166281938552856	29.98279721292706	0.6575	0.8885714285714286
2	1.1671512921651204	16.27395121316946	0.8277380952380953	0.8561904761904762
3	1.1420674920082092	9.080538320903996	0.9223809523809524	0.8933333333333333
4	1.1275711536407471	7.433698530432842	0.9341666666666667	0.9257142857142857
5	1.118788758913676	5.562354689768512	0.9511904761904761	1.0
6	1.113532645361764	3.7535234550332843	0.9698809523809524	1.0
7	1.1104929149150848	0.7685069221960728	1.0	1.0
8	1.1072251001993816	0.472953863980199	1.0	1.0
9	1.104792022705078	0.29442318803683887	1.0	1.0
10	1.1025837768207898	0.20324358125943195	1.0	1.0
11	1.099789798259735	0.14589793852640195	1.0	1.0
12	1.0972965130439172	0.10797738766885528	1.0	1.0
13	1.097480058670044	0.08410980127496864	1.0	1.0
14	1.0967835744222005	0.06652914959328256	1.0	1.0
15	1.0952438712120056	0.05349992997519417	1.0	1.0
16	1.0945601603564095	0.044066821157705646	1.0	1.0
17	1.093668884701199	0.03628467548525265	1.0	1.0
18	1.0929768336446661	0.03038720235922604	1.0	1.0
19	1.0925266027450562	0.025762032288987147	1.0	1.0
20	1.0915695826212566	0.021776898728662345	1.0	1.0
21	1.0912129878997803	0.01895370869100547	1.0	1.0
22	1.0905011114866838	0.016229568049311638	1.0	1.0
23	1.0901685953140259	0.013981796379693334	1.0	1.0
24	1.0899180698394775	0.012136126964037862	1.0	1.0
25	1.0918962955474854	0.010610114274893537	1.0	1.0
26	1.0914867365801777	0.00924048712122973	1.0	1.0
27	1.0911869151251656	0.0081201937313443	1.0	1.0
28	1.0910221872658565	0.007083291608394042	1.0	1.0
29	1.0910122632980346	0.006283118442664128	1.0	1.0
-1	-1	-1	-1	-1
0	1.3613626956939697	48.47710062614412	0.40476190476190477	0.5152380952380953
1	1.209746241569519	29.33956324646228	0.684047619047619	0.8761904761904762
2	1.1622194449106853	14.966989417493117	0.8514285714285714	0.9980952380952381
3	1.133597493171692	8.097332337963264	0.94	1.0
4	1.1220402717590332	4.526179656556351	0.9672619047619048	1.0
5	1.1139565706253052	8.138590433071775	0.9191666666666667	0.9990476190476191
6	1.1066046782902308	1.2071419999626654	0.9997619047619047	1.0
7	1.1017829477787018	0.5555995294802996	1.0	1.0
8	1.0962280167473688	0.3235782411501888	1.0	1.0
9	1.0916093826293944	0.20865919211518175	1.0	1.0
10	1.0876108733090488	0.14449344212791312	1.0	1.0
11	1.084592580795288	0.103394967911078	1.0	1.0
12	1.0814359554877648	0.07679742578941152	1.0	1.0
13	1.0796119144984655	0.058744065151921696	1.0	1.0
14	1.077024189631144	0.046299284812728714	1.0	1.0
15	1.0751959681510925	0.03688770038971656	1.0	1.0
16	1.073634989121381	0.030027901902511547	1.0	1.0
17	1.0719954172770183	0.0247338304416535	1.0	1.0
18	1.070689502515291	0.02089233570395767	1.0	1.0
19	1.0702194333076478	0.017464811956162916	1.0	1.0
20	1.0695695422944569	0.014745808403032475	1.0	1.0
21	1.0692041353745894	0.012533244143944843	1.0	1.0
22	1.0685085835664168	0.010710363926103927	1.0	1.0
23	1.0678657193978627	0.009184926017028184	1.0	1.0
24	1.0673252964019775	0.008001936639450178	1.0	1.0
25	1.0668425559997559	0.006902982620699437	1.0	1.0
26	1.0663133903785988	0.005995221073055788	1.0	1.0
27	1.0659802300589425	0.005259022775757704	1.0	1.0
28	1.0654472318188897	0.004603746052328568	1.0	1.0
29	1.0650574445724488	0.004024588977900323	1.0	1.0
-1	-1	-1	-1	-1
0	1.3535184860229492	48.65462734672053	0.3973809523809524	0.6466666666666666
1	1.2000776529312134	23.4487441293187	0.733452380952381	0.84
2	1.147083838780721	10.52430476616544	0.8904761904761904	0.9028571428571428
3	1.1219185590744019	7.192865064388899	0.9172619047619047	0.9361904761904762
4	1.107386875152588	7.5195920073034195	0.9105952380952381	1.0
5	1.1030185619990032	1.0819109087887826	0.9992857142857143	1.0
6	1.0971142223903112	0.3575337492637761	1.0	1.0
7	1.0941210985183716	0.1819506720728294	1.0	1.0
8	1.088507546318902	0.1040603129950993	1.0	1.0
9	1.084572196006775	0.0666018445540517	1.0	1.0
10	1.0824694416739724	0.04455130226456847	1.0	1.0
11	1.0806253949801128	0.031761604743680345	1.0	1.0
12	1.078426636182345	0.023501549358745266	1.0	1.0
13	1.0776859351566859	0.017996833966018016	1.0	1.0
14	1.0778589725494385	0.014309937495582457	1.0	1.0
15	1.0776604413986206	0.011398479528371032	1.0	1.0
16	1.0772317297318403	0.009210458467980074	1.0	1.0
17	1.0772537257936265	0.007619751507536766	1.0	1.0
18	1.0773215544851202	0.006317453981224915	1.0	1.0
19	1.0769621014595032	0.005332961889203397	1.0	1.0
20	1.0770199185325986	0.004509920822704359	1.0	1.0
21	1.0766313834623857	0.003856303599245223	1.0	1.0
22	1.0767461113307788	0.0033021930737080966	1.0	1.0
23	1.0765371918678284	0.0028508382759981224	1.0	1.0
24	1.0760421657562256	0.002482425386950147	1.0	1.0
25	1.075368413558373	0.0021470339943127203	1.0	1.0
26	1.075873993061207	0.001878990437622986	1.0	1.0
27	1.0762599110603333	0.0016497239453218764	1.0	1.0
28	1.0764098989552464	0.0014479579388503934	1.0	1.0
29	1.0765119155248006	0.0012719038678704983	1.0	1.0
-1	-1	-1	-1	-1
0	1.364424705505371	47.65391834244529	0.4147619047619048	0.38857142857142857
1	1.2174506187438965	31.50769363156743	0.6270238095238095	0.7914285714285715
2	1.1654806931813557	15.317374470569336	0.8423809523809523	0.8266666666666667
3	1.1423755884170532	10.122224560255333	0.9005952380952381	0.6580952380952381
4	1.1302920818328857	6.776413070838261	0.9421428571428572	0.9895238095238095
5	1.1180915037790935	7.035942934085208	0.9283333333333333	1.0
6	1.112981183188302	1.2105880197236747	1.0	1.0
7	1.108540117740631	0.766271642972308	1.0	1.0
8	1.1060703065660265	0.406948052714986	1.0	1.0
9	1.1044205188751222	0.23278289823704346	1.0	1.0
10	1.1036767526106401	0.16136596545917	1.0	1.0
11	1.1020026008288066	0.11639390868832403	1.0	1.0
12	1.1012668793018048	0.08962328447305204	1.0	1.0
13	1.1002212592533656	0.06787055201063591	1.0	1.0
14	1.0994141737620036	0.05563829192615507	1.0	1.0
15	1.0974345356225967	0.04303639835391208	1.0	1.0
16	1.0955243531395407	0.035547424653127165	1.0	1.0
17	1.0948016511069403	0.029131936968194442	1.0	1.0
18	1.0939015338295384	0.024757457585445827	1.0	1.0
19	1.0936304211616517	0.020692215396707504	1.0	1.0
20	1.0927385489145915	0.017747414574565315	1.0	1.0
21	1.0919382788918235	0.01513313551826452	1.0	1.0
22	1.0917379752449368	0.013018622558861404	1.0	1.0
23	1.09134707848231	0.011260878314182671	1.0	1.0
24	1.0909793758392334	0.009850991599460065	1.0	1.0
25	1.0907477690623357	0.008445582827092804	1.0	1.0
26	1.090713174254806	0.007430995879128236	1.0	1.0
27	1.0902460387774877	0.006485479984772409	1.0	1.0
28	1.089672828542775	0.005643207393055463	1.0	1.0
29	1.0892086108525594	0.004978893877152254	1.0	1.0
-1	-1	-1	-1	-1
0	1.3559110164642334	47.7978853726115	0.4051190476190476	0.5371428571428571
1	1.2124382257461548	29.29338394824996	0.6669047619047619	0.9933333333333333
2	1.1663005352020264	14.147463726000188	0.8535714285714285	0.5647619047619048
3	1.1439322233200073	6.9463416596329255	0.9447619047619048	0.7961904761904762
4	1.1305965423583983	8.055000425518239	0.9055952380952381	1.0
5	1.1226565440495808	2.427244313542834	0.9879761904761905	1.0
6	1.1169942447117396	0.6989680222685346	0.9998809523809524	1.0
7	1.1138266026973724	0.29998559238452877	1.0	1.0
8	1.1104422410329182	0.18441226395703994	1.0	1.0
9	1.1076099634170533	0.11758356691539967	1.0	1.0
10	1.1054073680530896	0.08041961988285468	1.0	1.0
11	1.104275147120158	0.057693877813367336	1.0	1.0
12	1.1025346976060133	0.04290996282627034	1.0	1.0
13	1.101125683103289	0.03332180896341914	1.0	1.0
14	1.0992782751719157	0.026546907427051448	1.0	1.0
15	1.097953587770462	0.021224246725100076	1.0	1.0
16	1.0954773145563461	0.01709603620586853	1.0	1.0
17	1.0938618183135986	0.014189184073202963	1.0	1.0
18	1.0932640401940596	0.011810491730887513	1.0	1.0
19	1.0931614518165589	0.010032495763506953	1.0	1.0
20	1.092486994607108	0.008484892419649167	1.0	1.0
21	1.0921652642163364	0.0072536954909435585	1.0	1.0
22	1.0916228501693062	0.0062614288366976915	1.0	1.0
23	1.0913507839043934	0.005396845611520536	1.0	1.0
24	1.0907861995697021	0.004691465026982299	1.0	1.0
25	1.089816322693458	0.00407981345369817	1.0	1.0
26	1.0899182955423992	0.0035667438728437394	1.0	1.0
27	1.0896254522459847	0.0031120163315956698	1.0	1.0
28	1.0893556660619275	0.0027172468366285524	1.0	1.0
29	1.0906713724136352	0.002414111260452198	1.0	1.0
-1	-1	-1	-1	-1
0	1.3185279369354248	47.872480124121836	0.3955952380952381	0.41714285714285715
1	1.1985703706741333	29.81285483030312	0.6811904761904762	0.4876190476190476
2	1.1593201160430908	15.20470994325645	0.8322619047619048	0.9161904761904762
3	1.1565914154052734	8.979905481120932	0.9234523809523809	1.0
4	1.1428541660308837	3.443658471447433	0.9905952380952381	1.0
5	1.1346515814463298	2.9169977715260176	0.9782142857142857	1.0
6	1.1285552637917655	0.595125948918183	1.0	1.0
7	1.1233738958835602	0.30418032597566286	1.0	1.0
8	1.1197415987650554	0.17977579062655852	1.0	1.0
9	1.114957618713379	0.12079116585930037	1.0	1.0
10	1.1113225113261829	0.08041796909765599	1.0	1.0
11	1.108720064163208	0.05746124526875327	1.0	1.0
12	1.106802720289964	0.042648225431348205	1.0	1.0
13	1.104955690247672	0.03293946936032505	1.0	1.0
14	1.1031088829040527	0.025512169207315253	1.0	1.0
15	1.1009071320295334	0.020447189335360726	1.0	1.0
16	1.0982929818770464	0.016733630995900004	1.0	1.0
17	1.0964557594723172	0.01378776906801834	1.0	1.0
18	1.0951263904571533	0.011595878418988261	1.0	1.0
19	1.094073474407196	0.009706457244664317	1.0	1.0
20	1.0931921913510276	0.00819582417571896	1.0	1.0
21	1.0919251333583484	0.007045388554608867	1.0	1.0
22	1.0913719197978144	0.006017217703850607	1.0	1.0
23	1.0903044044971466	0.005195915401105844	1.0	1.0
24	1.0890508365631104	0.004477257980653457	1.0	1.0
25	1.0884614907778227	0.0038908389423524133	1.0	1.0
26	1.087792193448102	0.0034088215094852923	1.0	1.0
27	1.0874626977103097	0.0029645866449716936	1.0	1.0
28	1.086867751746342	0.002599909839648824	1.0	1.0
29	1.0864582141240438	0.002289830683553485	1.0	1.0
-1	-1	-1	-1	-1
0	1.2972941398620605	47.78776547392058	0.4144047619047619	0.4742857142857143
1	1.1764577627182007	27.794737467747677	0.6810714285714285	0.719047619047619
2	1.137283722559611	14.421118098066787	0.854047619047619	0.7857142857142857
3	1.1198648810386658	8.234707046370996	0.9279761904761905	0.8666666666666667
4	1.1098700523376466	5.507122291131618	0.9552380952380952	1.0
5	1.1040116151173909	1.3045113973971103	1.0	1.0
6	1.0996324334825789	0.5839407877437062	1.0	1.0
7	1.0965798199176788	0.3521663697273559	1.0	1.0
8	1.0946840710110135	0.18513742000034553	1.0	1.0
9	1.0927940607070923	0.12422494833913593	1.0	1.0
10	1.0917185870083896	0.0844997479350168	1.0	1.0
11	1.089786688486735	0.06056427550165712	1.0	1.0
12	1.0890108805436354	0.04519949803135921	1.0	1.0
13	1.0883710895265852	0.034969236340529564	1.0	1.0
14	1.087217919031779	0.027376120293888303	1.0	1.0
15	1.0864229798316956	0.02198247555218382	1.0	1.0
16	1.0861378838034237	0.017989862434027767	1.0	1.0
17	1.0855358044306438	0.01486900976784669	1.0	1.0
18	1.0847157177172209	0.01246289484656129	1.0	1.0
19	1.084162437915802	0.010333335783134282	1.0	1.0
20	1.0837766442980086	0.008790450836372466	1.0	1.0
21	1.0833706097169356	0.007505893271713883	1.0	1.0
22	1.082734263461569	0.006428695410426295	1.0	1.0
23	1.0822128156820934	0.005555882873792669	1.0	1.0
24	1.0812792682647705	0.004763626786543786	1.0	1.0
25	1.0807426984493549	0.0041131134248540485	1.0	1.0
26	1.079383373260498	0.0035679482198904618	1.0	1.0
27	1.0789246814591544	0.003104893245890085	1.0	1.0
28	1.0781357863853718	0.002735869661982777	1.0	1.0
29	1.0778813203175863	0.00239176191867616	1.0	1.0
-1	-1	-1	-1	-1
0	1.3457984924316406	46.67883431322221	0.42833333333333334	0.560952380952381
1	1.197371244430542	26.91964889388574	0.6975	0.8552380952380952
2	1.149547020594279	13.103749298777418	0.8670238095238095	0.8466666666666667
3	1.1264427304267883	9.635657159094574	0.9163095238095238	0.819047619047619
4	1.1131558895111084	3.4440750962427815	0.9897619047619047	0.9361904761904762
5	1.1042218605677288	13.462568584503783	0.8942857142857142	1.0
6	1.0974243027823312	1.7623444689090715	0.9996428571428572	1.0
7	1.0931154787540436	0.918751745169607	1.0	1.0
8	1.0899636480543349	0.5533883865681891	1.0	1.0
9	1.0868694305419921	0.35345548244030306	1.0	1.0
10	1.0848602815107866	0.23882426712449512	1.0	1.0
11	1.0827797452608745	0.17326659204955336	1.0	1.0
12	1.081285568384024	0.12573781127938752	1.0	1.0
13	1.079903977257865	0.09665894294476328	1.0	1.0
14	1.0786892890930175	0.076227147996199	1.0	1.0
15	1.0774833112955093	0.06100811844712881	1.0	1.0
16	1.0762483652900248	0.049705217064786776	1.0	1.0
17	1.07511568069458	0.04091646764498247	1.0	1.0
18	1.0745526865908974	0.0343772352712066	1.0	1.0
19	1.0739492893218994	0.028787638772519823	1.0	1.0
20	1.073345695223127	0.024165912336553005	1.0	1.0
21	1.0727846405722878	0.02073107668315503	1.0	1.0
22	1.0720502915589705	0.017675199839835384	1.0	1.0
23	1.0717469652493794	0.015270078512255683	1.0	1.0
24	1.0714862537384033	0.013291123806509568	1.0	1.0
25	1.0711075892815223	0.011503807848014873	1.0	1.0
26	1.070672732812387	0.010017092284806668	1.0	1.0
27	1.0703667487416948	0.008793513920908871	1.0	1.0
28	1.0701019106240108	0.007683247615523041	1.0	1.0
29	1.0695859432220458	0.006738977921071388	1.0	1.0
-1	-1	-1	-1	-1
0	1.3644320964813232	47.51805779054591	0.4175	0.5257142857142857
1	1.2185603380203247	26.773070146829003	0.7032142857142857	0.82
2	1.1720205148061116	13.095190762566975	0.8653571428571428	0.959047619047619
3	1.1490491032600403	7.922708572090352	0.9265476190476191	0.9238095238095239
4	1.1355265140533448	7.517474098803879	0.9466666666666667	0.7866666666666666
5	1.1269813776016235	2.910060842907474	0.985	1.0
6	1.1203226702553886	0.8931123524790934	1.0	1.0
7	1.115058034658432	0.49329806309009233	1.0	1.0
8	1.1115786499447293	0.32166156036772203	1.0	1.0
9	1.1086490631103516	0.2098692540546787	1.0	1.0
10	1.1064466563138096	0.14774686160423003	1.0	1.0
11	1.103755275408427	0.10591285750836474	1.0	1.0
12	1.1018171860621526	0.07887178621194661	1.0	1.0
13	1.100254842213222	0.061048558215564645	1.0	1.0
14	1.098796796798706	0.04858284799856605	1.0	1.0
15	1.0980546027421951	0.039144047695307674	1.0	1.0
16	1.0971891319050509	0.032039159756621256	1.0	1.0
17	1.0966896216074626	0.026471657002125178	1.0	1.0
18	1.0959062450810482	0.022261535486794243	1.0	1.0
19	1.0948802471160888	0.018612168084815882	1.0	1.0
20	1.0942148594629197	0.015886429020915423	1.0	1.0
21	1.0927185253663496	0.013493473106860662	1.0	1.0
22	1.0915667388750159	0.011693962948828822	1.0	1.0
23	1.0909539461135864	0.01014668376188541	1.0	1.0
24	1.0898379611968994	0.008761293522149551	1.0	1.0
25	1.088959501339839	0.007633656428900225	1.0	1.0
26	1.0873861136259857	0.006677746145097192	1.0	1.0
27	1.0867880582809448	0.00579234060101891	1.0	1.0
28	1.0862144519542825	0.005110425778094523	1.0	1.0
29	1.085712162653605	0.004504088773622315	1.0	1.0
-1	-1	-1	-1	-1
0	1.3693747520446777	48.99617439893715	0.3964285714285714	0.49142857142857144
1	1.217559814453125	30.95284124019028	0.6803571428571429	0.6980952380952381
2	1.1655168533325195	15.055358779747676	0.8466666666666667	0.9247619047619048
3	1.139830470085144	8.703105201286055	0.9238095238095239	0.9971428571428571
4	1.1253779888153077	9.485524996605209	0.9123809523809524	1.0
5	1.1166589260101318	2.014898395357023	1.0	1.0
6	1.1128358159746443	0.7483008920919759	1.0	1.0
7	1.1103939712047577	0.3097090191657552	1.0	1.0
8	1.108220312330458	0.16194795236388088	1.0	1.0
9	1.1063084125518798	0.09814293659911863	1.0	1.0
10	1.1048474528572776	0.06291096936557229	1.0	1.0
11	1.1033542950948079	0.04244706391608307	1.0	1.0
12	1.0997950297135572	0.02994942599942929	1.0	1.0
13	1.0969682250704085	0.02267757891376322	1.0	1.0
14	1.0936789671579996	0.017675460656191234	1.0	1.0
15	1.0910066962242126	0.01361223613708758	1.0	1.0
16	1.0884875549989588	0.011042884944056378	1.0	1.0
17	1.0869708326127794	0.008903602414371397	1.0	1.0
18	1.0852300869791132	0.0074159470413361775	1.0	1.0
19	1.0849935173988343	0.006207885021457144	1.0	1.0
20	1.0836886791955858	0.005180778414782972	1.0	1.0
21	1.0821499174291438	0.004412191994346593	1.0	1.0
22	1.0813856228538181	0.0037995054370620973	1.0	1.0
23	1.0811278124650319	0.003203948828906968	1.0	1.0
24	1.0806979465484619	0.0027588438769420008	1.0	1.0
25	1.0801820204808161	0.0023786592938646873	1.0	1.0
26	1.0798989048710577	0.002068595892126484	1.0	1.0
27	1.079688344682966	0.0018136551556754644	1.0	1.0
28	1.0791819424464786	0.0016176040523805913	1.0	1.0
29	1.078208072980245	0.0013951167208408166	1.0	1.0
-1	-1	-1	-1	-1
0	1.3577964305877686	48.382128835177696	0.4185714285714286	0.5057142857142857
1	1.2114490270614624	25.5915748139298	0.7210714285714286	0.7409523809523809
2	1.1579937140146892	13.436159996931996	0.8657142857142858	0.9761904761904762
3	1.1314433813095093	9.999952959017156	0.8936904761904761	0.6323809523809524
4	1.1173223018646241	5.911109938367692	0.9534523809523809	0.9438095238095238
5	1.107413689295451	4.367640998653586	0.9595238095238096	1.0
6	1.1003456796918596	0.8436516506363684	1.0	1.0
7	1.0949359238147736	0.46369938965985985	1.0	1.0
8	1.0912316110399034	0.27662122289264157	1.0	1.0
9	1.0883131742477417	0.1825802232999312	1.0	1.0
10	1.0856195579875598	0.12586074812557307	1.0	1.0
11	1.0838291645050049	0.08926859883301158	1.0	1.0
12	1.0819858954502986	0.067135599480779	1.0	1.0
13	1.0806692327771867	0.051787070675041284	1.0	1.0
14	1.0809266726175943	0.04077842541237294	1.0	1.0
15	1.0812779664993286	0.03269926041449658	1.0	1.0
16	1.081421038683723	0.026914199166169866	1.0	1.0
17	1.0814981328116522	0.022136807494828683	1.0	1.0
18	1.080638559241044	0.01848880223533273	1.0	1.0
19	1.0801132559776305	0.015572124321948553	1.0	1.0
20	1.079522518884568	0.013169973337944924	1.0	1.0
21	1.0792180624875156	0.01130938155137484	1.0	1.0
22	1.0789843434872834	0.009734242040833932	1.0	1.0
23	1.0788888732592266	0.008345907369890593	1.0	1.0
24	1.0786137580871582	0.0072034030573747115	1.0	1.0
25	1.0783233367479765	0.006266168477155353	1.0	1.0
26	1.0779720942179363	0.0054637659553565905	1.0	1.0
27	1.0779449939727783	0.004792030795367555	1.0	1.0
28	1.078025694551139	0.0041971764351974306	1.0	1.0
29	1.0777490933736165	0.0037255534395830487	1.0	1.0
-1	-1	-1	-1	-1
0	1.3511881828308105	47.15767390465102	0.41345238095238096	0.5876190476190476
1	1.2016077041625977	30.46226898889578	0.6805952380952381	0.8142857142857143
2	1.1561749776204426	15.050124220974999	0.8455952380952381	0.7228571428571429
3	1.1331261992454529	9.565967880727674	0.9155952380952381	0.9438095238095238
4	1.121909761428833	5.4090804301287285	0.9592857142857143	0.9971428571428571
5	1.1123744646708171	6.477701096480337	0.9554761904761905	0.9990476190476191
6	1.10577620778765	1.1996005206960236	0.9997619047619047	1.0
7	1.1032933294773102	0.5876212250370489	1.0	1.0
8	1.1008679336971707	0.35264493202075303	1.0	1.0
9	1.096612811088562	0.22557748165760658	1.0	1.0
10	1.09314641085538	0.1556720830245163	1.0	1.0
11	1.0895988543828328	0.10958351267098021	1.0	1.0
12	1.0870751967796912	0.08087809785435635	1.0	1.0
13	1.0852711030415125	0.06152860293370236	1.0	1.0
14	1.0827619075775146	0.04828913399361839	1.0	1.0
15	1.0813807398080826	0.03916801294814724	1.0	1.0
16	1.0795468302334057	0.031914495512446524	1.0	1.0
17	1.07814531856113	0.026354271341327704	1.0	1.0
18	1.0768937562641345	0.02207706592438792	1.0	1.0
19	1.0759811520576477	0.01823871344781194	1.0	1.0
20	1.0750099363781156	0.015595647451528012	1.0	1.0
21	1.0738686756654219	0.013194360910160574	1.0	1.0
22	1.0738822584566863	0.01129740833202129	1.0	1.0
23	1.074223130941391	0.00976707842448875	1.0	1.0
24	1.0744033145904541	0.008480218371921732	1.0	1.0
25	1.0745498583867	0.007328049986208913	1.0	1.0
26	1.0754156289277252	0.006482772382167469	1.0	1.0
27	1.0777593425342016	0.005623032284914711	1.0	1.0
28	1.0778795686261406	0.004896891267948958	1.0	1.0
29	1.0778518120447795	0.004288054447614025	1.0	1.0
-1	-1	-1	-1	-1
0	1.3064465522766113	48.44913139633353	0.40714285714285714	0.4866666666666667
1	1.190775752067566	31.734008092843986	0.6032142857142857	0.7038095238095238
2	1.173176924387614	16.57826281137793	0.8316666666666667	0.9066666666666666
3	1.1484527587890625	8.468396656413494	0.9301190476190476	0.7209523809523809
4	1.1340147495269775	5.828392085013734	0.9521428571428572	1.0
5	1.123660643895467	2.249458588348142	0.9855952380952381	1.0
6	1.1169319152832031	0.6024668747028017	1.0	1.0
7	1.112389236688614	0.3289676585124926	1.0	1.0
8	1.1100865734948053	0.18112933596050784	1.0	1.0
9	1.1080813884735108	0.11421712022628848	1.0	1.0
10	1.1063390211625532	0.08061317467757505	1.0	1.0
11	1.104015628496806	0.055137090937379646	1.0	1.0
12	1.102819222670335	0.04120382641799776	1.0	1.0
13	1.1017555509294783	0.031669356127202286	1.0	1.0
14	1.1006996631622314	0.025209560877016743	1.0	1.0
15	1.099434733390808	0.020537472907241307	1.0	1.0
16	1.0981561436372644	0.01661979049592927	1.0	1.0
17	1.0973257488674588	0.01367160502445845	1.0	1.0
18	1.096144952272114	0.011472561139925012	1.0	1.0
19	1.0953177213668823	0.00966202095328005	1.0	1.0
20	1.094428539276123	0.008176207995686694	1.0	1.0
21	1.0937723138115623	0.006989590349136197	1.0	1.0
22	1.0937431169592815	0.006030795843421903	1.0	1.0
23	1.0932783285776775	0.005187346579634475	1.0	1.0
24	1.0929829216003417	0.004538919967014924	1.0	1.0
25	1.0923248254335844	0.003906300734062839	1.0	1.0
26	1.09145043514393	0.0034197582810153978	1.0	1.0
27	1.0909694688660758	0.0029745611491411245	1.0	1.0
28	1.0904239292802482	0.0026211968340694963	1.0	1.0
29	1.090248417854309	0.0023217780994492167	1.0	1.0
-1	-1	-1	-1	-1
0	1.313734531402588	49.88393328126392	0.38595238095238094	0.6209523809523809
1	1.1917635202407837	28.354296727778795	0.6880952380952381	0.8095238095238095
2	1.1522025267283122	15.584671834575813	0.8325	0.6542857142857142
3	1.1320732235908508	8.801655118909625	0.9222619047619047	0.9457142857142857
4	1.1206696033477783	6.212623631092986	0.9423809523809524	1.0
5	1.1138286590576172	1.5486445857544815	0.9988095238095238	1.0
6	1.1083719049181258	0.6925444222221809	1.0	1.0
7	1.1040732264518738	0.3065430727635046	1.0	1.0
8	1.1005376709832086	0.1862535174128674	1.0	1.0
9	1.0966601848602295	0.10497215917128574	1.0	1.0
10	1.0938723954287441	0.07000707624614692	1.0	1.0
11	1.0914562940597534	0.046420398150560066	1.0	1.0
12	1.0885979579045222	0.03416695144778195	1.0	1.0
13	1.0860356092453003	0.02551751739979357	1.0	1.0
14	1.084192450841268	0.019441398687504885	1.0	1.0
15	1.082604080438614	0.015197960089736338	1.0	1.0
16	1.0815832614898682	0.012228541807430892	1.0	1.0
17	1.0803069008721247	0.009893940103031382	1.0	1.0
18	1.079077256353278	0.008131505046818872	1.0	1.0
19	1.0781392812728883	0.006524920585731703	1.0	1.0
20	1.0773207460130965	0.005413237935243734	1.0	1.0
21	1.0769350962205366	0.004549286561086774	1.0	1.0
22	1.0760358623836352	0.0038218307609850463	1.0	1.0
23	1.0752765238285065	0.0032468639675372	1.0	1.0
24	1.075026397705078	0.002747949051667189	1.0	1.0
25	1.0748034990750825	0.002355620515100771	1.0	1.0
26	1.0743625075728804	0.0020203100583346084	1.0	1.0
27	1.0740772911480494	0.0017625720365443923	1.0	1.0
28	1.073727509071087	0.0015237114477208585	1.0	1.0
29	1.0735104958216348	0.0013343690626301976	1.0	1.0
-1	-1	-1	-1	-1
0	1.3037281036376953	48.646735630107926	0.40285714285714286	0.6114285714285714
1	1.1788396835327148	25.203810971046128	0.7266666666666667	0.7076190476190476
2	1.1408297220865886	13.825503184314917	0.858452380952381	0.9114285714285715
3	1.1194764971733093	7.332165335521045	0.9397619047619048	0.9704761904761905
4	1.1101993083953858	2.9052494922971546	0.9917857142857143	1.0
5	1.1026485761006672	0.935778247426218	1.0	1.0
6	1.0993675163814	21.88072340003438	0.900952380952381	0.9285714285714286
7	1.0946052074432373	2.491627360024833	0.9941666666666666	1.0
8	1.0906161202324762	1.2915765272573827	1.0	1.0
9	1.088555097579956	0.8219470544912969	1.0	1.0
10	1.086407639763572	0.5431642789577803	1.0	1.0
11	1.0847114721934001	0.3780056232508598	1.0	1.0
12	1.0834801747248723	0.28178981394142255	1.0	1.0
13	1.082153218133109	0.2145118613660109	1.0	1.0
14	1.0812373797098795	0.16465944827962736	1.0	1.0
15	1.0802451372146606	0.13035005730481203	1.0	1.0
16	1.0796931631424849	0.10559648194637135	1.0	1.0
17	1.078731033537123	0.0864679590575822	1.0	1.0
18	1.0779812963385331	0.07183990448345023	1.0	1.0
19	1.077552032470703	0.060052489359002606	1.0	1.0
20	1.0781477292378743	0.050786357103871756	1.0	1.0
21	1.078302264213562	0.043085585486412954	1.0	1.0
22	1.0786148983499277	0.036897525085072554	1.0	1.0
23	1.0785243014494579	0.03162217699699529	1.0	1.0
24	1.0788431549072266	0.02751433050805285	1.0	1.0
25	1.078619205034696	0.02364597877862902	1.0	1.0
26	1.0790475915979456	0.02050498913718607	1.0	1.0
27	1.0789623601096017	0.01797162858280619	1.0	1.0
28	1.0788983723212933	0.01578470898841724	1.0	1.0
29	1.0789705038070678	0.013897357570510287	1.0	1.0
-1	-1	-1	-1	-1
0	1.3675565719604492	47.19042175350987	0.42392857142857143	0.579047619047619
1	1.2173560857772827	25.322262013366466	0.7370238095238095	0.9019047619047619
2	1.167534589767456	12.639546561150496	0.8708333333333333	0.8057142857142857
3	1.1414694786071777	6.157689896826509	0.9579761904761904	0.9457142857142857
4	1.1284988880157472	6.347317984802188	0.9508333333333333	1.0
5	1.1211868127187092	1.210491280365353	0.9995238095238095	1.0
6	1.1151980672563826	0.47835636501529827	1.0	1.0
7	1.1100390255451202	0.2729518215805859	1.0	1.0
8	1.1068454318576388	0.16555381110185907	1.0	1.0
9	1.1045170307159424	0.1035605523692791	1.0	1.0
10	1.1015548489310525	0.07200606747356884	1.0	1.0
11	1.0989344318707783	0.051587607853199595	1.0	1.0
12	1.0971059982593243	0.038400185120932954	1.0	1.0
13	1.095503636768886	0.029225403258839034	1.0	1.0
14	1.094466209411621	0.02276537615890852	1.0	1.0
15	1.0929653346538544	0.018496668554077583	1.0	1.0
16	1.0915538703694063	0.01493449723737548	1.0	1.0
17	1.0907838477028742	0.012490205983755253	1.0	1.0
18	1.0897475669258518	0.010376343236237538	1.0	1.0
19	1.0888387322425843	0.008696458925680743	1.0	1.0
20	1.0883081299918038	0.007294615948424027	1.0	1.0
21	1.0879745916886763	0.0062404450953375025	1.0	1.0
22	1.0876223108042842	0.005355309584344464	1.0	1.0
23	1.0869610905647278	0.00461798994766527	1.0	1.0
24	1.0862734508514404	0.004003070531671463	1.0	1.0
25	1.0857377694203303	0.003486852497552936	1.0	1.0
26	1.085238642162747	0.0030301305692919138	1.0	1.0
27	1.0846038971628462	0.0026333784780149905	1.0	1.0
28	1.0842603075093236	0.0023305078905550302	1.0	1.0
29	1.0839021603266399	0.002017556097422206	1.0	1.0
-1	-1	-1	-1	-1
0	1.3617651462554932	49.604224585761585	0.3867857142857143	0.42952380952380953
1	1.2116241455078125	28.501373385295214	0.6889285714285714	0.7876190476190477
2	1.1594123045603435	14.61498534634086	0.8505952380952381	0.9276190476190476
3	1.1330105066299438	7.523938852571263	0.9475	0.7857142857142857
4	1.118677806854248	5.8262388098829145	0.9523809523809523	0.8257142857142857
5	1.1088580290476482	3.167845250535827	0.9788095238095238	1.0
6	1.1013665539877755	0.7387072790711552	1.0	1.0
7	1.09637251496315	0.40634666530578306	1.0	1.0
8	1.0919193426767986	0.2556832316597152	1.0	1.0
9	1.088860774040222	0.16504903854412725	1.0	1.0
10	1.086341922933405	0.113228906597588	1.0	1.0
11	1.0836657484372456	0.08134520755719549	1.0	1.0
12	1.0815936968876765	0.06039486213555354	1.0	1.0
13	1.0797545569283622	0.047290635638703865	1.0	1.0
14	1.078023862838745	0.03706894667656249	1.0	1.0
15	1.0758952498435974	0.029769137168848468	1.0	1.0
16	1.0743888406192554	0.02475798610923635	1.0	1.0
17	1.0730386707517836	0.020188706640168287	1.0	1.0
18	1.0717209389335232	0.016830822679536426	1.0	1.0
19	1.0704575300216674	0.014274214929104304	1.0	1.0
20	1.0696094830830891	0.012014150523895773	1.0	1.0
21	1.0687130906365134	0.010287759877819241	1.0	1.0
22	1.0676682617353357	0.00886789800071586	1.0	1.0
23	1.0678342084089916	0.007569696635588607	1.0	1.0
24	1.0684467220306397	0.006568297658809691	1.0	1.0
25	1.069072072322552	0.005694222250535461	1.0	1.0
26	1.0695298336170338	0.004921689561387602	1.0	1.0
27	1.0704826627458846	0.004308454517962078	1.0	1.0
28	1.0710183998634075	0.0037825568455197058	1.0	1.0
29	1.0711036523183186	0.0033183247594609005	1.0	1.0
-1	-1	-1	-1	-1
0	1.364534616470337	46.83608322723737	0.4176190476190476	0.45904761904761904
1	1.2146495580673218	35.32792707813103	0.6301190476190476	0.6914285714285714
2	1.1652109622955322	17.16276114068557	0.8160714285714286	0.8295238095238096
3	1.1405499577522278	12.574190634738356	0.8730952380952381	0.8485714285714285
4	1.1256373882293702	6.693880664078455	0.9576190476190476	0.959047619047619
5	1.1165142059326172	3.591377967664044	0.986547619047619	0.9990476190476191
6	1.110708202634539	8.271529199052672	0.9152380952380952	0.9923809523809524
7	1.1067725718021393	1.9841988406253859	0.9910714285714286	1.0
8	1.103946500354343	0.6860581950882995	1.0	1.0
9	1.1016109228134154	0.44379940781983135	1.0	1.0
10	1.0989278663288464	0.28652693515381433	1.0	1.0
11	1.0967875917752583	0.1996495077818519	1.0	1.0
12	1.0948583162747896	0.14696484554856448	1.0	1.0
13	1.0929707799639021	0.1123083159752445	1.0	1.0
14	1.091645097732544	0.08770721568637474	1.0	1.0
15	1.0901477485895157	0.07086424183936174	1.0	1.0
16	1.0892243946299833	0.057594501459439895	1.0	1.0
17	1.0890281597773235	0.047544710752430296	1.0	1.0
18	1.0883406463422274	0.03976311041006797	1.0	1.0
19	1.0880411386489868	0.03344224497831706	1.0	1.0
20	1.0874666032337008	0.02807593288275452	1.0	1.0
21	1.0870310393246738	0.02417298655659527	1.0	1.0
22	1.0865799551424773	0.0207517393599105	1.0	1.0
23	1.0862509806950886	0.017909593717283623	1.0	1.0
24	1.0855712509155273	0.015632414021759432	1.0	1.0
25	1.0850756443463838	0.013584964936988662	1.0	1.0
26	1.084466404385037	0.01187215814678558	1.0	1.0
27	1.084393126623971	0.010340854045740212	1.0	1.0
28	1.0843309040727287	0.009175863950035248	1.0	1.0
29	1.0841995000839233	0.008018051627350567	1.0	1.0
-1	-1	-1	-1	-1
0	1.3869054317474365	49.97074956857659	0.38333333333333336	0.3961904761904762
1	1.2308937311172485	30.049651341746515	0.6755952380952381	0.9219047619047619
2	1.1798347632090251	14.528991778993788	0.8502380952380952	0.9266666666666666
3	1.1537999510765076	9.265334124800823	0.9234523809523809	0.7238095238095238
4	1.1382257461547851	4.495753521475049	0.9723809523809523	1.0
5	1.1285276810328166	6.778438300234283	0.9436904761904762	0.9533333333333334
6	1.1210906505584717	1.6385085296041613	0.9959523809523809	1.0
7	1.1153953969478607	0.6327961210742197	1.0	1.0
8	1.1118452813890245	0.3481659332835629	1.0	1.0
9	1.1083992719650269	0.21714004959217043	1.0	1.0
10	1.1049203655936501	0.14214585034509575	1.0	1.0
11	1.1022028128306072	0.09727420128117042	1.0	1.0
12	1.1005979868081899	0.07081793213241908	1.0	1.0
13	1.0983758313315255	0.05379287436774475	1.0	1.0
14	1.096520439783732	0.04207323250775102	1.0	1.0
15	1.0949206203222275	0.033736994532521235	1.0	1.0
16	1.092178835588343	0.02702152760196548	1.0	1.0
17	1.089467419518365	0.022210173535482967	1.0	1.0
18	1.0876790222368742	0.01822665348620696	1.0	1.0
19	1.0873149752616882	0.015206513430625767	1.0	1.0
20	1.0870596454257058	0.012766702038664441	1.0	1.0
21	1.086857102134011	0.010902430971078717	1.0	1.0
22	1.0869446733723516	0.00921342049427897	1.0	1.0
23	1.0865922470887501	0.007920618236291544	1.0	1.0
24	1.086264419555664	0.006845417886639559	1.0	1.0
25	1.0855243756220891	0.005891094001066719	1.0	1.0
26	1.0848269374282271	0.005102896991632029	1.0	1.0
27	1.0841782178197588	0.004422667618670957	1.0	1.0
28	1.083898799172763	0.0038524850168948845	1.0	1.0
29	1.0836907068888346	0.0033810530079195823	1.0	1.0
-1	-1	-1	-1	-1
0	1.376121997833252	46.878606324866695	0.4191666666666667	0.1676190476190476
1	1.2225837707519531	46.52280422036639	0.5446428571428571	0.5695238095238095
2	1.172970215479533	20.41091522427113	0.7711904761904762	0.9219047619047619
3	1.149697184562683	12.328983881627652	0.8761904761904762	0.9104761904761904
4	1.1361464977264404	7.234486008778271	0.9413095238095238	0.9876190476190476
5	1.127516508102417	6.189687045808074	0.9483333333333334	0.9828571428571429
6	1.1203550611223494	3.2205649828502887	0.9771428571428571	1.0
7	1.1162013411521912	0.7256228880737218	1.0	1.0
8	1.1116340425279405	0.34216653547132875	1.0	1.0
9	1.1089559316635131	0.19685478669948905	1.0	1.0
10	1.106691837310791	0.12885253768796703	1.0	1.0
11	1.1055096983909607	0.07980748668256368	1.0	1.0
12	1.103854747918936	0.057129037385884346	1.0	1.0
13	1.102096608706883	0.040884053143371644	1.0	1.0
14	1.1009658177693684	0.03136310867696094	1.0	1.0
15	1.0999007374048233	0.024235054673520783	1.0	1.0
16	1.0992563472074621	0.019029563512412313	1.0	1.0
17	1.0985907581117418	0.0154371219173697	1.0	1.0
18	1.0984459927207546	0.012591644331897847	1.0	1.0
19	1.0976747274398804	0.010236975262401901	1.0	1.0
20	1.0968406881604875	0.008575330285652905	1.0	1.0
21	1.0962908593091099	0.007211994602851315	1.0	1.0
22	1.0955599909243376	0.006168302626635865	1.0	1.0
23	1.0947290261586506	0.005181257433732512	1.0	1.0
24	1.0941045761108399	0.004461982233021337	1.0	1.0
25	1.0934921227968657	0.003888060350303924	1.0	1.0
26	1.0931042123723913	0.0032879922577948397	1.0	1.0
27	1.0925516315868922	0.0028755767523229634	1.0	1.0
28	1.0919467251876305	0.002502803241226737	1.0	1.0
29	1.0916961828867595	0.0021831000240576303	1.0	1.0
-1	-1	-1	-1	-1
0	1.3678991794586182	47.5745287195358	0.4142857142857143	0.26095238095238094
1	1.2178902626037598	29.691432923871755	0.6926190476190476	0.8876190476190476
2	1.1699116230010986	14.335260179106273	0.8771428571428571	0.8057142857142857
3	1.1464179158210754	8.841289010338004	0.9220238095238096	1.0
4	1.1339539527893066	4.215780902271488	0.9820238095238095	0.9752380952380952
5	1.124413291613261	4.821907196661365	0.9547619047619048	1.0
6	1.117328405380249	0.8341901962974679	0.9998809523809524	1.0
7	1.1126458048820496	0.4329213895498573	1.0	1.0
8	1.1095847818586562	0.25752223498354393	1.0	1.0
9	1.1053444385528564	0.16626491969869164	1.0	1.0
10	1.1023136919195002	0.11485621422359245	1.0	1.0
11	1.1007811029752095	0.08301208086113512	1.0	1.0
12	1.0985583342038667	0.06095975450463168	1.0	1.0
13	1.0962319884981429	0.04676117869837656	1.0	1.0
14	1.0938014030456542	0.03680566110127666	1.0	1.0
15	1.0920620262622833	0.029290568157888865	1.0	1.0
16	1.0900891107671402	0.023941740630895693	1.0	1.0
17	1.0890570878982544	0.01964865301597594	1.0	1.0
18	1.0874347937734503	0.016379903474319796	1.0	1.0
19	1.0861266136169434	0.01361994664698216	1.0	1.0
20	1.085184892018636	0.011456525966015152	1.0	1.0
21	1.0839902704412288	0.009807392221808207	1.0	1.0
22	1.0829324514969536	0.00835149025211656	1.0	1.0
23	1.0823003053665161	0.007143577647540619	1.0	1.0
24	1.0821001243591308	0.006223025020856424	1.0	1.0
25	1.0818588366875281	0.00532447139576729	1.0	1.0
26	1.081902786537453	0.004625553506897486	1.0	1.0
27	1.081642210483551	0.0040322587508424945	1.0	1.0
28	1.0814598511005271	0.0035121830135137694	1.0	1.0
29	1.08114861647288	0.0030821425700383156	1.0	1.0
-1	-1	-1	-1	-1
0	1.3569092750549316	47.64960001811328	0.4172619047619048	0.5847619047619048
1	1.2106839418411255	26.677138386570455	0.7152380952380952	0.8342857142857143
2	1.1618019739786785	15.33701344587957	0.8265476190476191	0.8885714285714286
3	1.1442589163780212	8.920828754910952	0.9247619047619048	0.8342857142857143
4	1.1317296504974366	7.061063243182439	0.9382142857142857	1.0
5	1.1240989764531453	2.5773543346064174	0.9897619047619047	0.8866666666666667
6	1.1178949901035853	1.252425173616228	0.9953571428571428	1.0
7	1.1142659485340118	0.474534945966173	1.0	1.0
8	1.1142791377173529	0.2982746571755681	1.0	1.0
9	1.1123153924942017	0.19441453993547098	1.0	1.0
10	1.1082649664445356	0.1368389004140299	1.0	1.0
11	1.1055202682813008	0.09825982457954621	1.0	1.0
12	1.1034488494579608	0.07467771382442899	1.0	1.0
13	1.1019738401685442	0.058503764444260996	1.0	1.0
14	1.1002655188242594	0.04646859219573977	1.0	1.0
15	1.0987922996282578	0.03780911500236381	1.0	1.0
16	1.0972034650690414	0.031019410876266855	1.0	1.0
17	1.0954041613472834	0.025883445300218497	1.0	1.0
18	1.09433661009136	0.021484815830740186	1.0	1.0
19	1.093004858493805	0.018344090286528995	1.0	1.0
20	1.0921815236409504	0.015623581539060453	1.0	1.0
21	1.0916369178078391	0.013356295964917868	1.0	1.0
22	1.0913097236467444	0.011439613234818322	1.0	1.0
23	1.089998036623001	0.009936821009581306	1.0	1.0
24	1.0899740505218505	0.008637803182636208	1.0	1.0
25	1.0903876744783843	0.007554416659822822	1.0	1.0
26	1.0906593358075176	0.0066498236486355385	1.0	1.0
27	1.0902748363358634	0.005787783175770604	1.0	1.0
28	1.089820064347366	0.005057140657175403	1.0	1.0
29	1.08940802415212	0.004434962177068392	1.0	1.0
-1	-1	-1	-1	-1
0	1.315382719039917	47.422213558008465	0.4163095238095238	0.6314285714285715
1	1.1988778114318848	29.140427970161003	0.6767857142857143	0.7638095238095238
2	1.1535387833913167	14.327525628383622	0.848452380952381	0.7780952380952381
3	1.1332390904426575	9.067705418673759	0.9217857142857143	0.9971428571428571
4	1.1253142833709717	6.88031745070287	0.9497619047619048	1.0
5	1.1182217597961426	1.8273995004226047	0.9990476190476191	1.0
6	1.1139091423579626	0.8013391395032179	1.0	1.0
7	1.110740303993225	0.4353120979134121	1.0	1.0
8	1.1084955798255072	0.26454358899208075	1.0	1.0
9	1.105296778678894	0.1784745873210548	1.0	1.0
10	1.1025505065917969	0.1211998994132865	1.0	1.0
11	1.0996141235033672	0.08929616660446268	1.0	1.0
12	1.099334405018733	0.06672823144399168	1.0	1.0
13	1.100229365485055	0.05097046988120324	1.0	1.0
14	1.1120311737060546	0.041048414909596	1.0	1.0
15	1.1156141608953476	0.03307012202990146	1.0	1.0
16	1.1376009828904097	0.027056095441767923	1.0	1.0
17	1.211215893427531	0.022266121648478646	1.0	1.0
18	1.2725764450274015	0.01872880659827488	1.0	1.0
19	1.326960563659668	0.015864235331293747	1.0	1.0
20	1.3157972721826463	0.013579184508142363	1.0	1.0
21	1.3055433360013096	0.011550459808036118	1.0	1.0
22	1.3024792049242102	0.00996141523979746	1.0	1.0
23	1.2924367090066273	0.008597350153477132	1.0	1.0
24	1.2828588771820069	0.007448694377450605	1.0	1.0
25	1.2749293400691106	0.0065105398868993206	1.0	1.0
26	1.2680031635143139	0.005639289317213481	1.0	1.0
27	1.2638124142374312	0.004956822478506331	1.0	1.0
28	1.2580029224527294	0.004358245805260006	1.0	1.0
29	1.252215027809143	0.003852337628900438	1.0	1.0
-1	-1	-1	-1	-1
0	1.3137989044189453	48.2269377182645	0.4038095238095238	0.5257142857142857
1	1.1856534481048584	29.05324371686	0.661547619047619	0.76
2	1.1424421469370525	13.826087164788191	0.8673809523809524	0.8752380952380953
3	1.1246824264526367	9.653440790031347	0.8995238095238095	0.9647619047619047
4	1.1137245178222657	8.268036914868953	0.9330952380952381	0.9980952380952381
5	1.1065956354141235	2.454986415208519	0.9941666666666666	0.7495238095238095
6	1.1000375066484724	4.019445952693772	0.9657142857142857	1.0
7	1.0952143669128418	0.6310648050145051	1.0	1.0
8	1.0913305282592773	0.3642275414426064	1.0	1.0
9	1.0882901430130005	0.23580990966848547	1.0	1.0
10	1.0866431539708918	0.1594498347590178	1.0	1.0
11	1.0846690734227498	0.111487341995135	1.0	1.0
12	1.082916864982018	0.08259864165642415	1.0	1.0
13	1.0809585026332311	0.06358846996560297	1.0	1.0
14	1.080667781829834	0.048774436519909724	1.0	1.0
15	1.0788044780492783	0.0392201157541726	1.0	1.0
16	1.0789239967570585	0.031699180928813186	1.0	1.0
17	1.0781043105655246	0.025944548768802287	1.0	1.0
18	1.078565195987099	0.021476863207075987	1.0	1.0
19	1.078479492664337	0.01808280030888693	1.0	1.0
20	1.0790212494986398	0.015164297782309608	1.0	1.0
21	1.0791590213775635	0.01290648847025157	1.0	1.0
22	1.0789333737414817	0.010955343499227282	1.0	1.0
23	1.0792060792446136	0.00943899824471698	1.0	1.0
24	1.0787268352508546	0.00805354126137699	1.0	1.0
25	1.07843751173753	0.00701904825480237	1.0	1.0
26	1.0782364386099357	0.006071651243771153	1.0	1.0
27	1.0780504431043352	0.005270374714867867	1.0	1.0
28	1.0778808511536697	0.0046204598788738595	1.0	1.0
29	1.0774691979090372	0.004018662343361192	1.0	1.0
-1	-1	-1	-1	-1
0	1.376887321472168	47.39138611187953	0.4088095238095238	0.32666666666666666
1	1.2168126106262207	30.97732168277407	0.680952380952381	0.8876190476190476
2	1.1647512118021648	15.008796171543716	0.8630952380952381	0.9419047619047619
3	1.1399117708206177	11.930901679702584	0.8721428571428571	0.8295238095238096
4	1.1258290767669679	6.4106671950663	0.9477380952380953	0.9990476190476191
5	1.1168893973032634	1.9802949742445928	1.0	1.0
6	1.1103381769997733	0.9269357596173486	0.9977380952380952	1.0
7	1.1054088771343231	9.146599237343205	0.9189285714285714	1.0
8	1.1016939216189914	0.7380593445704464	1.0	1.0
9	1.0980032920837401	0.4109637451715796	1.0	1.0
10	1.0969858386299827	0.2553355322421277	1.0	1.0
11	1.0954772432645161	0.1656307039548689	1.0	1.0
12	1.0943860824291523	0.11628574203742321	1.0	1.0
13	1.093022039958409	0.08312776600481667	1.0	1.0
14	1.0920024871826173	0.06294767992719724	1.0	1.0
15	1.0908453315496445	0.048614992636181555	1.0	1.0
16	1.0904879149268656	0.03831496258963877	1.0	1.0
17	1.089647610982259	0.030843696907559275	1.0	1.0
18	1.0892134340185868	0.02505705048092871	1.0	1.0
19	1.0888426184654236	0.020679388691037328	1.0	1.0
20	1.0885419504983085	0.01722767956540725	1.0	1.0
21	1.0881153019991787	0.014373364516608275	1.0	1.0
22	1.0876840819483218	0.012043433903075556	1.0	1.0
23	1.0876358548800151	0.01029776408206034	1.0	1.0
24	1.0873516654968263	0.008711170734476454	1.0	1.0
25	1.0871898302665124	0.007466583448982737	1.0	1.0
26	1.0867175261179607	0.006420543505863318	1.0	1.0
27	1.0864806856427873	0.005527028210192012	1.0	1.0
28	1.0864026382051666	0.00478223760120089	1.0	1.0
29	1.086448327700297	0.0041684144890969865	1.0	1.0
-1	-1	-1	-1	-1
0	1.3683719635009766	46.62209956455593	0.415	0.5495238095238095
1	1.220286250114441	27.62135647095655	0.6994047619047619	0.7352380952380952
2	1.1717990239461262	14.187137384378412	0.8528571428571429	0.8419047619047619
3	1.14785236120224	12.193299114930765	0.8760714285714286	0.9561904761904761
4	1.1350449562072753	4.237144511462165	0.9883333333333333	1.0
5	1.1281487147013347	1.7306184027584786	0.9998809523809524	1.0
6	1.1228699002947127	12.882889872041492	0.8983333333333333	1.0
7	1.1188203692436218	1.3394863747145287	1.0	1.0
8	1.1160447862413194	0.7746484833751794	1.0	1.0
9	1.1141730546951294	0.48461004185132656	1.0	1.0
10	1.1119107549840754	0.32958973482421144	1.0	1.0
11	1.1086585521697998	0.23092366899487637	1.0	1.0
12	1.105578404206496	0.16857464333904107	1.0	1.0
13	1.1029487337384904	0.12695176440500033	1.0	1.0
14	1.1011414051055908	0.0992575663039213	1.0	1.0
15	1.099580630660057	0.07906046409882293	1.0	1.0
16	1.0972986922544592	0.06409626483152348	1.0	1.0
17	1.0957208606931899	0.05261450739641153	1.0	1.0
18	1.094151772950825	0.04344103879830003	1.0	1.0
19	1.0929283380508423	0.03625443533147923	1.0	1.0
20	1.0921317509242467	0.030456722660889644	1.0	1.0
21	1.091351335698908	0.025757740223390748	1.0	1.0
22	1.090504273124363	0.021981723613668756	1.0	1.0
23	1.0902152955532074	0.018670726815387322	1.0	1.0
24	1.089865379333496	0.016085258651411465	1.0	1.0
25	1.0895853959597075	0.013934790372791852	1.0	1.0
26	1.088895153116297	0.012050789139966548	1.0	1.0
27	1.089239878313882	0.010435069399485684	1.0	1.0
28	1.0892711754502922	0.009075997009547605	1.0	1.0
29	1.0888864119847617	0.007943430518866038	1.0	1.0
-1	-1	-1	-1	-1
0	1.3738436698913574	47.28031746606863	0.4172619047619048	0.4580952380952381
1	1.2263801097869873	28.711840901537993	0.6586904761904762	0.8142857142857143
2	1.1796995004018147	14.899073317930272	0.8344047619047619	0.9342857142857143
3	1.1563117504119873	7.483807951325246	0.945595238095238	0.981904761904762
4	1.1405892848968506	4.862090140921081	0.9610714285714286	1.0
5	1.1325754721959431	5.803865670024669	0.9517857142857142	1.0
6	1.1263036387307304	10.113956393171172	0.9315476190476191	0.699047619047619
7	1.1210409998893738	2.8281095703291803	0.9838095238095238	1.0
8	1.1178308857811823	0.7903298544113174	1.0	1.0
9	1.1157249212265015	0.4987938016539744	1.0	1.0
10	1.111991123719649	0.3263785529159321	1.0	1.0
11	1.1093329191207886	0.23208005570526813	1.0	1.0
12	1.1074861196371226	0.17037961793489784	1.0	1.0
13	1.1058095693588257	0.12972346664948156	1.0	1.0
14	1.1038067976633708	0.10126961114685346	1.0	1.0
15	1.1029938608407974	0.08046322474574862	1.0	1.0
16	1.1015010721543257	0.06607194115963726	1.0	1.0
17	1.1009312338299222	0.05439183105335716	1.0	1.0
18	1.1002437817422968	0.044920406499063106	1.0	1.0
19	1.099813449382782	0.03771974984202321	1.0	1.0
20	1.0987311885470437	0.031986070120487604	1.0	1.0
21	1.09796573899009	0.027046419927999093	1.0	1.0
22	1.0971380213032598	0.023151656584424665	1.0	1.0
23	1.0966726740201314	0.02004873624050232	1.0	1.0
24	1.096107110977173	0.017311380875116293	1.0	1.0
25	1.0959054781840398	0.015027717398585815	1.0	1.0
26	1.0952876408894856	0.013027973018034216	1.0	1.0
27	1.094908126762935	0.011431387969126267	1.0	1.0
28	1.0946625265581855	0.009981172237219466	1.0	1.0
29	1.0947851896286012	0.008767000457958916	1.0	1.0
-1	-1	-1	-1	-1
0	1.3682682514190674	47.61492365847975	0.41333333333333333	0.20761904761904762
1	1.2248694896697998	28.602935337748363	0.6911904761904762	0.8228571428571428
2	1.1763073603312175	14.031893539791325	0.8591666666666666	0.7561904761904762
3	1.1539453864097595	8.422800495597347	0.9301190476190476	1.0
4	1.1402719974517823	6.455132420525351	0.935952380952381	0.9638095238095238
5	1.1309585173924763	2.5728588797746954	0.9846428571428572	1.0
6	1.1246885231563024	0.8140514611971242	1.0	1.0
7	1.1207910478115082	0.4032552526704259	1.0	1.0
8	1.1171490086449518	0.25309265810047266	1.0	1.0
9	1.1147076606750488	0.17068055954836167	1.0	1.0
10	1.112218900160356	0.11290923505313269	1.0	1.0
11	1.1110403339068096	0.0823906584299336	1.0	1.0
12	1.1092303166022668	0.0616564020769451	1.0	1.0
13	1.1076785155705042	0.048472679931911226	1.0	1.0
14	1.1055241425832112	0.03864953466496313	1.0	1.0
15	1.1047558635473251	0.030745756355585255	1.0	1.0
16	1.1038661143359016	0.024952014727595867	1.0	1.0
17	1.103111293580797	0.020855955763617283	1.0	1.0
18	1.1023330562993099	0.017469001755104206	1.0	1.0
19	1.1018380045890808	0.014657959136616142	1.0	1.0
20	1.1008969375065394	0.012434712920989487	1.0	1.0
21	1.0994781905954534	0.01060135493642817	1.0	1.0
22	1.0986117176387622	0.00910538500316526	1.0	1.0
23	1.0980831583340962	0.007884601349747623	1.0	1.0
24	1.097374153137207	0.006852731633641024	1.0	1.0
25	1.0971270707937388	0.005956157211554254	1.0	1.0
26	1.096600161658393	0.0052500159299079	1.0	1.0
27	1.0959487301962716	0.00454924906650027	1.0	1.0
28	1.0950947958847572	0.0039928970329938	1.0	1.0
29	1.0947684446970622	0.0035143012752820216	1.0	1.0
-1	-1	-1	-1	-1
0	1.375455617904663	48.408218789916525	0.4002380952380952	0.29714285714285715
1	1.2251559495925903	28.324413477241315	0.6945238095238095	0.741904761904762
2	1.1833192507425945	13.98869948151447	0.8660714285714286	0.9285714285714286
3	1.1603593230247498	10.603022766657203	0.8789285714285714	0.8638095238095238
4	1.1464678764343261	5.136476472303441	0.965	0.9485714285714286
5	1.136378526687622	8.338321979054934	0.9348809523809524	0.8961904761904762
6	1.1303595474788122	2.260946257259456	0.9891666666666666	1.0
7	1.1238318085670471	0.775975346338613	1.0	1.0
8	1.1202395227220323	0.45358182234909145	1.0	1.0
9	1.1167646646499634	0.29122503487102885	1.0	1.0
10	1.114248514175415	0.19911308997370897	1.0	1.0
11	1.111009379227956	0.14141950795972302	1.0	1.0
12	1.1086590106670673	0.1052988556146395	1.0	1.0
13	1.1068987335477556	0.08070431039190565	1.0	1.0
14	1.103672997156779	0.06328815122634286	1.0	1.0
15	1.101468414068222	0.0504341527267214	1.0	1.0
16	1.1001619030447567	0.041134921862202	1.0	1.0
17	1.0993383328119914	0.03386499376493035	1.0	1.0
18	1.097982356422826	0.028146283778967513	1.0	1.0
19	1.0974550366401672	0.023575580841773136	1.0	1.0
20	1.0957859357198079	0.0198552677790305	1.0	1.0
21	1.09460909800096	0.01691783008877429	1.0	1.0
22	1.093949152075726	0.014457353902449512	1.0	1.0
23	1.0925484796365101	0.012529313946744789	1.0	1.0
24	1.0917334651947022	0.010743277878659873	1.0	1.0
25	1.0904400256963878	0.009311447703516811	1.0	1.0
26	1.089466474674366	0.00813500105293588	1.0	1.0
27	1.088872994695391	0.007073546608400039	1.0	1.0
28	1.0885961055755615	0.006215548341095221	1.0	1.0
29	1.0883275032043458	0.0054944780054980245	1.0	1.0
-1	-1	-1	-1	-1
0	1.31024169921875	49.36267470588249	0.39166666666666666	0.43238095238095237
1	1.1723251342773438	31.018991368805047	0.6588095238095238	0.6552380952380953
2	1.1321836312611897	15.05926956785949	0.8439285714285715	0.9980952380952381
3	1.112148642539978	9.56500687073392	0.9085714285714286	0.8628571428571429
4	1.1021298885345459	4.2957367906099035	0.9817857142857143	1.0
5	1.0998845100402832	6.996898324997253	0.9366666666666666	1.0
6	1.0979010718209403	1.1270741240153295	1.0	1.0
7	1.0970227718353271	0.5674484341543437	1.0	1.0
8	1.0959735181596544	0.35695382748719856	1.0	1.0
9	1.0955118656158447	0.2248013426652426	1.0	1.0
10	1.0944096391851252	0.1565615977567865	1.0	1.0
11	1.0948609113693237	0.11018585010003228	1.0	1.0
12	1.0946788787841797	0.08547362387746912	1.0	1.0
13	1.09506699017116	0.06420012397741183	1.0	1.0
14	1.0949615001678468	0.05078283081206532	1.0	1.0
15	1.0950196385383606	0.04095304071435797	1.0	1.0
16	1.0947970642763025	0.033221411833914964	1.0	1.0
17	1.0948423677020602	0.027567059272624015	1.0	1.0
18	1.0944874035684686	0.023013351665731846	1.0	1.0
19	1.0936336636543273	0.0196114236669537	1.0	1.0
20	1.0929407732827323	0.016519645381251443	1.0	1.0
21	1.0925793647766113	0.014165046561098597	1.0	1.0
22	1.092277423195217	0.012242641450461892	1.0	1.0
23	1.0947813193003337	0.010522037549758818	1.0	1.0
24	1.0944968509674071	0.009144475271025878	1.0	1.0
25	1.094270137640146	0.00810236853774028	1.0	1.0
26	1.093943057236848	0.006952880706439794	1.0	1.0
27	1.0931799582072668	0.006114679200135653	1.0	1.0
28	1.0926262510233913	0.005355804382217871	1.0	1.0
29	1.0921142419179282	0.004734505133919361	1.0	1.0
-1	-1	-1	-1	-1
0	1.3083000183105469	46.714085183669404	0.42404761904761906	0.24476190476190476
1	1.2219817638397217	34.27540643133592	0.6555952380952381	0.8676190476190476
2	1.1733716328938801	15.051953023830748	0.8502380952380952	0.8447619047619047
3	1.1496832370758057	10.324381558160818	0.9084523809523809	0.9990476190476191
4	1.137509250640869	6.028076747071154	0.9504761904761905	0.9580952380952381
5	1.128065824508667	3.0014307671173444	0.9838095238095238	1.0
6	1.121739183153425	0.8385247794394257	1.0	1.0
7	1.1180246770381927	0.3646979967677548	1.0	1.0
8	1.1151226096683078	0.21052907591423609	1.0	1.0
9	1.1114948511123657	0.13021975163611169	1.0	1.0
10	1.1089325601404363	0.08315179944604975	1.0	1.0
11	1.1068041324615479	0.05717778984924686	1.0	1.0
12	1.1048924922943115	0.040888173980178036	1.0	1.0
13	1.1033519676753454	0.030868009239180233	1.0	1.0
14	1.101735496520996	0.023408482417804206	1.0	1.0
15	1.1008446961641312	0.01852643970991467	1.0	1.0
16	1.0995145545286291	0.014679446439311872	1.0	1.0
17	1.0985537237591214	0.0117779716941397	1.0	1.0
18	1.0975752253281443	0.009614783804863691	1.0	1.0
19	1.0969984889030457	0.008072061515537165	1.0	1.0
20	1.0959680988675071	0.006679082170709571	1.0	1.0
21	1.094806118444963	0.005641550551604182	1.0	1.0
22	1.0937915988590405	0.0047884986155131695	1.0	1.0
23	1.0928880671660106	0.004148445345333887	1.0	1.0
24	1.092366247177124	0.003514115713685468	1.0	1.0
25	1.091571991260235	0.0030128925723579675	1.0	1.0
26	1.0911409236766674	0.0026085085170024815	1.0	1.0
27	1.090537164892469	0.0022745419992133975	1.0	1.0
28	1.0900339998047928	0.0019762945642956874	1.0	1.0
29	1.089729380607605	0.0017134235151990286	1.0	1.0
-1	-1	-1	-1	-1
0	1.303332805633545	48.65726051765703	0.3952380952380952	0.5485714285714286
1	1.181369423866272	28.78731315852118	0.6801190476190476	0.7933333333333333
2	1.1396946907043457	15.943197132516723	0.8335714285714285	1.0
3	1.1213603019714355	7.746577591950449	0.945	0.8266666666666667
4	1.113696241378784	5.454071617398426	0.9548809523809524	1.0
5	1.1095681587855022	1.2575986179108856	1.0	1.0
6	1.1082196576254708	0.6333371647297202	1.0	1.0
7	1.1075329780578613	0.33253447802121194	1.0	1.0
8	1.1047965155707464	0.19942769337403005	1.0	1.0
9	1.1029509544372558	0.13148311372605567	1.0	1.0
10	1.1001672094518489	0.09208734468078886	1.0	1.0
11	1.0987063646316528	0.06589058468635318	1.0	1.0
12	1.0979182353386512	0.04896864115115354	1.0	1.0
13	1.0965295348848616	0.038927016971002516	1.0	1.0
14	1.0959712823232015	0.029948721898315978	1.0	1.0
15	1.095097467303276	0.023862331900249868	1.0	1.0
16	1.094106491874246	0.019774005897059868	1.0	1.0
17	1.0940980381435819	0.01608105853886942	1.0	1.0
18	1.094124668522885	0.013364162193363383	1.0	1.0
19	1.0935969948768616	0.011190127717692249	1.0	1.0
20	1.0935274759928386	0.009517699218011627	1.0	1.0
21	1.0940124880183826	0.00805675823988655	1.0	1.0
22	1.0926386480746062	0.00686571295567905	1.0	1.0
23	1.092301567395528	0.0059097847890661245	1.0	1.0
24	1.0917629718780517	0.0051418699478171055	1.0	1.0
25	1.091003078680772	0.004392026831969591	1.0	1.0
26	1.0905597739749484	0.0038595907036002596	1.0	1.0
27	1.0896906426974706	0.0033382167110127528	1.0	1.0
28	1.0891790061161435	0.0029653644788135624	1.0	1.0
29	1.0885711669921876	0.0025730736951163117	1.0	1.0
-1	-1	-1	-1	-1
0	1.3035054206848145	48.12894967662971	0.4148809523809524	0.6704761904761904
1	1.1852834224700928	25.71965989957744	0.7121428571428572	0.6476190476190476
2	1.1439770857493083	13.309981173888811	0.8746428571428572	0.64
3	1.1240425109863281	7.941736066296073	0.940595238095238	0.9142857142857143
4	1.1143339633941651	4.033333236500337	0.9725	1.0
5	1.1089847485224407	1.1048717676686697	0.9998809523809524	1.0
6	1.1063711302621024	0.4923899142007864	1.0	1.0
7	1.1048312485218048	0.26085295080572024	1.0	1.0
8	1.1022153165605333	0.1614329659950144	1.0	1.0
9	1.1008366823196412	0.10429137176037288	1.0	1.0
10	1.1005717624317517	0.07302999390225447	1.0	1.0
11	1.100114643573761	0.05373512578866101	1.0	1.0
12	1.099123239517212	0.0393894223758363	1.0	1.0
13	1.097979988370623	0.02990725337963254	1.0	1.0
14	1.0971810340881347	0.023356555458229077	1.0	1.0
15	1.0971131175756454	0.0189709661266423	1.0	1.0
16	1.0953562119427849	0.015443692727460608	1.0	1.0
17	1.094089110692342	0.012805774850423798	1.0	1.0
18	1.0929895827644749	0.010649360942976556	1.0	1.0
19	1.091815710067749	0.008979531894738966	1.0	1.0
20	1.0905569621494837	0.007588716294658955	1.0	1.0
21	1.089875047857111	0.00645863514981399	1.0	1.0
22	1.0891884928164275	0.005536807654956674	1.0	1.0
23	1.0886347393194835	0.004800208404256534	1.0	1.0
24	1.0877078914642333	0.004171309241061825	1.0	1.0
25	1.0871843924889197	0.00356271117704322	1.0	1.0
26	1.0861855171344899	0.0031086886744280504	1.0	1.0
27	1.085531277315957	0.0027415253011290226	1.0	1.0
28	1.084954829051577	0.002389250587434738	1.0	1.0
29	1.0843461195627848	0.0020915024702263707	1.0	1.0
-1	-1	-1	-1	-1
0	1.3007478713989258	47.65732640458604	0.41345238095238096	0.4542857142857143
1	1.1811596155166626	26.20833619193886	0.7079761904761904	0.7295238095238096
2	1.139684518178304	13.47470836131745	0.8583333333333333	0.6485714285714286
3	1.1196865439414978	8.64520858358521	0.914047619047619	1.0
4	1.1095622539520265	2.846791989903033	0.9955952380952381	1.0
5	1.1028568347295125	1.0256000668830292	1.0	1.0
6	1.0978874138423376	0.4284609042872947	1.0	1.0
7	1.0934691429138184	0.24546220162068935	1.0	1.0
8	1.0911463896433513	0.15540063138980376	1.0	1.0
9	1.0888100624084474	0.10166404163996076	1.0	1.0
10	1.0875075513666326	0.07031119671497961	1.0	1.0
11	1.0863386392593384	0.04976462792364363	1.0	1.0
12	1.0849697773273175	0.037182703401765896	1.0	1.0
13	1.0838331154414587	0.02899640052802436	1.0	1.0
14	1.0828726291656494	0.022945839309703713	1.0	1.0
15	1.0822147727012634	0.018463126589108557	1.0	1.0
16	1.0816878571229822	0.01496140759247054	1.0	1.0
17	1.081712285677592	0.012414791695631956	1.0	1.0
18	1.0818817866475958	0.010353020909366272	1.0	1.0
19	1.0815786600112915	0.008747650390073034	1.0	1.0
20	1.0818126769292922	0.007446398900134822	1.0	1.0
21	1.0810705748471348	0.006309565899454539	1.0	1.0
22	1.0804205148116401	0.00540519626580972	1.0	1.0
23	1.080088307460149	0.004697816204740011	1.0	1.0
24	1.0795048332214356	0.004031020147591376	1.0	1.0
25	1.0791640465076153	0.0034727304208910397	1.0	1.0
26	1.0793923978452329	0.003032801068607477	1.0	1.0
27	1.0795378940446037	0.002654661895873684	1.0	1.0
28	1.0794527612883469	0.002332723215700414	1.0	1.0
29	1.0797518014907836	0.0020291019410794394	1.0	1.0
-1	-1	-1	-1	-1
0	1.3855631351470947	48.26097464470809	0.4064285714285714	0.5980952380952381
1	1.2250417470932007	26.179342647015822	0.6883333333333334	0.7971428571428572
2	1.173700491587321	12.234870681291298	0.8875	0.9371428571428572
3	1.150502622127533	9.862383032932934	0.8990476190476191	0.8485714285714285
4	1.1341383934020997	6.326829852713378	0.9458333333333333	0.9933333333333333
5	1.1264843146006267	1.7119476022375855	0.9988095238095238	1.0
6	1.120342458997454	0.7420664199631477	1.0	1.0
7	1.115326851606369	0.43002498863767763	1.0	1.0
8	1.1119313504960802	0.26325515748316797	1.0	1.0
9	1.108899998664856	0.16872564789630162	1.0	1.0
10	1.1057056947187944	0.12085586783437222	1.0	1.0
11	1.1035168568293254	0.08847179684518862	1.0	1.0
12	1.1019500585702748	0.06673922832389521	1.0	1.0
13	1.1003753628049577	0.05109765688701048	1.0	1.0
14	1.098885186513265	0.04124822128323321	1.0	1.0
15	1.0983175933361053	0.03362356733261632	1.0	1.0
16	1.097050147898057	0.02771400734640573	1.0	1.0
17	1.0956479840808444	0.022938556016596324	1.0	1.0
18	1.094191312789917	0.019378696989707168	1.0	1.0
19	1.093162512779236	0.016319598515691525	1.0	1.0
20	1.0925811245327903	0.013907904088667137	1.0	1.0
21	1.0917716243050315	0.011900404675336053	1.0	1.0
22	1.09208171263985	0.010350516949472205	1.0	1.0
23	1.0919649203618367	0.00892528435286177	1.0	1.0
24	1.0915453720092774	0.007800556446634545	1.0	1.0
25	1.0912512357418354	0.006782441713383329	1.0	1.0
26	1.09061833664223	0.0059509113875391255	1.0	1.0
27	1.0902539151055473	0.005289692696389307	1.0	1.0
28	1.0899200192813217	0.004598865233283816	1.0	1.0
29	1.0890372196833293	0.004079660539738409	1.0	1.0
-1	-1	-1	-1	-1
0	1.3728001117706299	48.86010993841483	0.3967857142857143	0.5285714285714286
1	1.222039818763733	34.25390880280121	0.6353571428571428	0.7133333333333334
2	1.1715381145477295	16.332179044136076	0.8371428571428572	0.8266666666666667
3	1.1484752297401428	9.85531812203701	0.9114285714285715	0.94
4	1.1351808071136475	5.569074030158184	0.9647619047619047	1.0
5	1.127665122350057	4.182590289034318	0.9722619047619048	1.0
6	1.1212154456547327	1.0724807123267606	1.0	1.0
7	1.1169623136520386	0.6144602329898696	1.0	1.0
8	1.1137593852149115	0.3170050056828292	1.0	1.0
9	1.1113946676254272	0.2081680503804874	1.0	1.0
10	1.1092601039192893	0.1393556880407007	1.0	1.0
11	1.1081907351811726	0.09838118598205055	1.0	1.0
12	1.105451932320228	0.07359365642977304	1.0	1.0
13	1.1026687622070312	0.056066200887862266	1.0	1.0
14	1.1008367697397867	0.044078382390760194	1.0	1.0
15	1.0996436029672623	0.03527836427234198	1.0	1.0
16	1.0983964835896212	0.028278213153688853	1.0	1.0
17	1.0967717568079631	0.02305740255777487	1.0	1.0
18	1.0960858997545744	0.019446878878137685	1.0	1.0
19	1.0949949860572814	0.016065127554459376	1.0	1.0
20	1.0938963095347087	0.013532340374311341	1.0	1.0
21	1.0927982438694348	0.011477697546816937	1.0	1.0
22	1.0920555591583252	0.009791831517797459	1.0	1.0
23	1.0914571980635326	0.008411685953858687	1.0	1.0
24	1.0907048988342285	0.007248952070307766	1.0	1.0
25	1.0892432377888606	0.006244588321953049	1.0	1.0
26	1.0887149263311315	0.005396577218873249	1.0	1.0
27	1.0874823672430856	0.004760177340358496	1.0	1.0
28	1.0859818129703915	0.0041053103545978095	1.0	1.0
29	1.0846809228261312	0.003602536751077769	1.0	1.0
-1	-1	-1	-1	-1
0	1.345644474029541	49.00782353071205	0.39226190476190476	0.539047619047619
1	1.1926476955413818	28.42765665416935	0.6833333333333333	0.8028571428571428
2	1.141454537709554	13.56596722258361	0.8573809523809524	0.9961904761904762
3	1.116977035999298	9.18993830862154	0.9028571428571428	0.7780952380952381
4	1.104194974899292	5.438200927959196	0.9553571428571429	1.0
5	1.096372127532959	2.0815104540763247	0.9896428571428572	1.0
6	1.0928993565695626	0.5523269135122517	1.0	1.0
7	1.088987797498703	0.2754925055422257	1.0	1.0
8	1.0853958924611409	0.1596921315211307	1.0	1.0
9	1.0809374094009399	0.10169896355939909	1.0	1.0
10	1.078080784190785	0.06618857781045111	1.0	1.0
11	1.0763584971427917	0.04770154445060306	1.0	1.0
12	1.0753527054419885	0.034845695204097964	1.0	1.0
13	1.0743938514164515	0.02680614572939084	1.0	1.0
14	1.0738085110982258	0.020840192546522664	1.0	1.0
15	1.0737940222024918	0.016775996914707096	1.0	1.0
16	1.074006487341488	0.01362505024688552	1.0	1.0
17	1.0745923519134521	0.011279332148753984	1.0	1.0
18	1.0745775950582404	0.009313163961046606	1.0	1.0
19	1.0748451232910157	0.007826240124187995	1.0	1.0
20	1.0754158610389346	0.006617168543555777	1.0	1.0
21	1.075699188492515	0.005683184721765636	1.0	1.0
22	1.0756461309350056	0.004809249065880143	1.0	1.0
23	1.0760149161020915	0.004156136222647595	1.0	1.0
24	1.0763463115692138	0.003589734168167265	1.0	1.0
25	1.0768523674744825	0.003118311205060848	1.0	1.0
26	1.0771222556078877	0.002716143356597214	1.0	1.0
27	1.077639869281224	0.002377889744986996	1.0	1.0
28	1.0774488120243466	0.002088910167480858	1.0	1.0
29	1.0779236634572347	0.0018373094826667595	1.0	1.0
-1	-1	-1	-1	-1
0	1.3716459274291992	48.75412918496948	0.4001190476190476	0.21428571428571427
1	1.2242846488952637	30.304824267050158	0.6695238095238095	0.8152380952380952
2	1.1781991322835286	15.264107701442994	0.8488095238095238	0.8504761904761905
3	1.1520183682441711	10.367128088447078	0.9036904761904762	1.0
4	1.1400635242462158	5.372069430895178	0.9661904761904762	0.9228571428571428
5	1.1319843928019206	2.3450491936034576	0.9952380952380953	0.9952380952380953
6	1.12797212600708	8.592420059465184	0.9375	1.0
7	1.1239259839057922	0.9743499565487126	1.0	1.0
8	1.1213084856669109	0.5406726722254953	1.0	1.0
9	1.1181288957595825	0.37462336697505905	1.0	1.0
10	1.1150875958529385	0.24864696059730115	1.0	1.0
11	1.1139784455299377	0.17677604829177204	1.0	1.0
12	1.1118724529559796	0.13205850852419668	1.0	1.0
13	1.109433957508632	0.1025425115522323	1.0	1.0
14	1.1068613847096762	0.080329112906873	1.0	1.0
15	1.1042651683092117	0.06453155678742965	1.0	1.0
16	1.1020413987776811	0.052676310925655945	1.0	1.0
17	1.100396262274848	0.043433447782757616	1.0	1.0
18	1.0987833801068758	0.03651639455823164	1.0	1.0
19	1.0975553154945374	0.03078212975719129	1.0	1.0
20	1.097372600010463	0.026023543623945333	1.0	1.0
21	1.0974050001664595	0.022214508796032845	1.0	1.0
22	1.0969468821649966	0.019056368690026578	1.0	1.0
23	1.0961716969807942	0.016474470336825902	1.0	1.0
24	1.095914945602417	0.014378025362926745	1.0	1.0
25	1.0960169388697698	0.012466322471292073	1.0	1.0
26	1.095563252766927	0.01087388001690431	1.0	1.0
27	1.0950432334627425	0.00948012849411612	1.0	1.0
28	1.0945509795484871	0.008320472321823636	1.0	1.0
29	1.094241444269816	0.007274210411424929	1.0	1.0
-1	-1	-1	-1	-1
0	1.3682949542999268	48.529492918529435	0.4057142857142857	0.5752380952380952
1	1.2238967418670654	29.691415746855647	0.67	0.8142857142857143
2	1.1753081480662029	14.489226955877964	0.8457142857142858	0.8666666666666667
3	1.1485055088996887	8.486308822613704	0.92	1.0
4	1.133540964126587	4.711419850247895	0.968452380952381	1.0
5	1.124096115430196	1.3575992040307803	0.9994047619047619	1.0
6	1.116008996963501	8.439547970721023	0.9330952380952381	1.0
7	1.1100125312805176	0.8737272122740293	1.0	1.0
8	1.1053611702389188	0.47364618025805105	1.0	1.0
9	1.1021066188812256	0.294227540153061	1.0	1.0
10	1.099176992069591	0.1977346991348176	1.0	1.0
11	1.096647282441457	0.14176998495658993	1.0	1.0
12	1.0949012866387	0.10379053038959267	1.0	1.0
13	1.0935915878840856	0.07964919874366698	1.0	1.0
14	1.0917654037475586	0.06239438333155538	1.0	1.0
15	1.090806394815445	0.04977941293510194	1.0	1.0
16	1.089177229825188	0.04090286802656297	1.0	1.0
17	1.088292121887207	0.0330238617149256	1.0	1.0
18	1.0863756255099648	0.027518815605302727	1.0	1.0
19	1.085951280593872	0.02322781521175411	1.0	1.0
20	1.084221703665597	0.01955029803962082	1.0	1.0
21	1.08371394330805	0.01669944145720268	1.0	1.0
22	1.0833957920903745	0.014076906447599822	1.0	1.0
23	1.0829788943131764	0.012117350728077524	1.0	1.0
24	1.082707281112671	0.010562980866250883	1.0	1.0
25	1.0832218481944158	0.009085272495482584	1.0	1.0
26	1.0834190050760906	0.00787712235407401	1.0	1.0
27	1.0835586445672172	0.0068940595881269795	1.0	1.0
28	1.0836159607459759	0.006005311063437691	1.0	1.0
29	1.0832742611567179	0.005314062652266638	1.0	1.0
-1	-1	-1	-1	-1
0	1.3052380084991455	47.42120491869096	0.4213095238095238	0.580952380952381
1	1.1859843730926514	30.04599079886317	0.6752380952380952	0.7790476190476191
2	1.1476547718048096	15.151176449010581	0.8398809523809524	0.8819047619047619
3	1.12714684009552	9.447513170568662	0.9208333333333333	0.8752380952380953
4	1.1167276859283448	5.588021865135817	0.9630952380952381	1.0
5	1.1113884449005127	2.4377657560341257	0.9909523809523809	1.0
6	1.1063826424734933	0.7746133081360008	1.0	1.0
7	1.1018644273281097	19.597961076085557	0.8851190476190476	0.9380952380952381
8	1.0995813475714789	1.5559332011543752	0.9986904761904762	1.0
9	1.0948460817337036	0.8885613282143843	1.0	1.0
10	1.090529051694003	0.6131167675832379	1.0	1.0
11	1.086953063805898	0.4450048631474999	1.0	1.0
12	1.0842883036686823	0.32917286087351605	1.0	1.0
13	1.0821706567491804	0.2583675110294792	1.0	1.0
14	1.079606262842814	0.20615154771070518	1.0	1.0
15	1.0771346688270569	0.16683762764182833	1.0	1.0
16	1.0753324172076058	0.13643963598139838	1.0	1.0
17	1.0751256280475192	0.11338925823399322	1.0	1.0
18	1.0747951833825362	0.09516856810892489	1.0	1.0
19	1.0753043293952942	0.080976723264832	1.0	1.0
20	1.0756207193647112	0.06910198871683712	1.0	1.0
21	1.075543154369701	0.05973268889542315	1.0	1.0
22	1.0754575522049614	0.05117858442063567	1.0	1.0
23	1.0752745469411213	0.044402029839815296	1.0	1.0
24	1.074655590057373	0.03876729567708738	1.0	1.0
25	1.0741698741912842	0.03375709665932129	1.0	1.0
26	1.0735364401782002	0.029644182107691076	1.0	1.0
27	1.0733602046966553	0.0261750165868848	1.0	1.0
28	1.072392800758625	0.023009119937798368	1.0	1.0
29	1.071992309888204	0.020415661180172358	1.0	1.0
-1	-1	-1	-1	-1
0	1.3455214500427246	48.69277706073717	0.3979761904761905	0.56
1	1.1969943046569824	27.735142754964503	0.6869047619047619	0.8333333333333334
2	1.1496710777282715	14.123104462605465	0.8655952380952381	0.9828571428571429
3	1.1260645389556885	7.69521794482329	0.9371428571428572	0.8838095238095238
4	1.1145904541015625	6.882475484006759	0.9403571428571429	1.0
5	1.1060709555943806	1.6189698914611295	0.9992857142857143	1.0
6	1.1000539915902274	0.7101776739263715	1.0	1.0
7	1.0956042110919952	0.40504570701956294	1.0	1.0
8	1.0939165751139324	0.25587249901358167	1.0	1.0
9	1.0914434671401978	0.16645709752413257	1.0	1.0
10	1.0892848318273372	0.11843541159715942	1.0	1.0
11	1.0878746509552002	0.08548931797307707	1.0	1.0
12	1.0860363153310924	0.06562538183658975	1.0	1.0
13	1.0855397837502616	0.05103167299422021	1.0	1.0
14	1.0858976364135742	0.04102934239708426	1.0	1.0
15	1.0854570716619492	0.032915010651708106	1.0	1.0
16	1.0848264553967644	0.027125550869554847	1.0	1.0
17	1.0844839016596477	0.022520021478797773	1.0	1.0
18	1.0847600635729338	0.018864613954161964	1.0	1.0
19	1.0843276858329773	0.015979626686967372	1.0	1.0
20	1.0843666621616908	0.013682232146282386	1.0	1.0
21	1.0843199491500854	0.011663865432596478	1.0	1.0
22	1.0837059228316597	0.010112200026177295	1.0	1.0
23	1.0828583935896556	0.008675615749403325	1.0	1.0
24	1.0821370410919189	0.007602201480800888	1.0	1.0
25	1.0817929873099694	0.006567241744396804	1.0	1.0
26	1.081219028543543	0.005762472944404972	1.0	1.0
27	1.0810017500604903	0.005032547852272316	1.0	1.0
28	1.081022961386319	0.004469082341086785	1.0	1.0
29	1.0804860273996988	0.003913337197473464	1.0	1.0
-1	-1	-1	-1	-1
0	1.3396875858306885	48.461628134259705	0.3992857142857143	0.5219047619047619
1	1.1885347366333008	26.177669104514468	0.7061904761904761	0.839047619047619
2	1.1383318106333415	12.61432983122851	0.8676190476190476	0.9780952380952381
3	1.1155613660812378	6.459862006934423	0.9446428571428571	0.9676190476190476
4	1.1083231925964356	4.833284676754882	0.9571428571428572	1.0
5	1.103813926378886	0.8159028103596357	1.0	1.0
6	1.0993800163269043	0.3442393911315461	1.0	1.0
7	1.097899705171585	0.1858378450311862	1.0	1.0
8	1.0963265630933974	0.10534113812695892	1.0	1.0
9	1.0942585945129395	0.06635999268083745	1.0	1.0
10	1.0927270975979892	0.045618591692029524	1.0	1.0
11	1.0920624335606892	0.03222821667053854	1.0	1.0
12	1.0911024717184215	0.02372303599944983	1.0	1.0
13	1.0906560591288976	0.018137610083651293	1.0	1.0
14	1.0899263064066569	0.014112570960457108	1.0	1.0
15	1.0896597802639008	0.011319065363829806	1.0	1.0
16	1.089232837452608	0.00920010418737371	1.0	1.0
17	1.0892010397381253	0.007559635111630076	1.0	1.0
18	1.0885502664666427	0.0063383285064221905	1.0	1.0
19	1.088162088394165	0.005290904640089083	1.0	1.0
20	1.0873537404196603	0.004465493372687539	1.0	1.0
21	1.0869528488679365	0.0038175446573581137	1.0	1.0
22	1.087006662202918	0.0032748318460553943	1.0	1.0
23	1.0869229038556416	0.0027945392909849297	1.0	1.0
24	1.0873055648803711	0.0024225942791836204	1.0	1.0
25	1.0875038917248065	0.002112993050699508	1.0	1.0
26	1.0880486611966733	0.0018345038437535951	1.0	1.0
27	1.0882238575390406	0.0016046834471299112	1.0	1.0
28	1.0886636931320717	0.0014090206298778831	1.0	1.0
29	1.0886736631393432	0.0012379057367665148	1.0	1.0
-1	-1	-1	-1	-1
0	1.3884048461914062	47.89034004356471	0.4025	0.3676190476190476
1	1.2419452667236328	30.174357568356474	0.6727380952380952	0.9095238095238095
2	1.1922654310862224	14.450702123315615	0.8533333333333334	0.9980952380952381
3	1.167793095111847	11.791390733573827	0.8703571428571428	0.6971428571428572
4	1.1538673400878907	4.746342752709588	0.9795238095238096	0.8342857142857143
5	1.1447181304295857	4.62352124763079	0.9629761904761904	0.9904761904761905
6	1.1383679253714425	1.586552821638013	0.9932142857142857	1.0
7	1.133293241262436	0.5260220702326797	1.0	1.0
8	1.1273361576928034	0.3181204382797611	1.0	1.0
9	1.123216485977173	0.2103391592266895	1.0	1.0
10	1.1198902130126953	0.14583811468441224	1.0	1.0
11	1.1170002023379009	0.10534926161113348	1.0	1.0
12	1.1145997230823224	0.07861019066134786	1.0	1.0
13	1.1121628454753332	0.061477079697151604	1.0	1.0
14	1.1104902426401775	0.04850546143835715	1.0	1.0
15	1.1087300330400467	0.038748011683528184	1.0	1.0
16	1.1068234583910774	0.03181241525641639	1.0	1.0
17	1.1056130329767864	0.02640635640618919	1.0	1.0
18	1.1042768202329938	0.022155713714914177	1.0	1.0
19	1.102912175655365	0.01863080860175787	1.0	1.0
20	1.1020130884079706	0.01591439728940281	1.0	1.0
21	1.1011370637200095	0.013634268344935922	1.0	1.0
22	1.1000525640404744	0.011759719616616633	1.0	1.0
23	1.0992185572783153	0.010113468005927457	1.0	1.0
24	1.0981439399719237	0.008795516148471617	1.0	1.0
25	1.0973185300827026	0.007670483824588047	1.0	1.0
26	1.096388163389983	0.0067052182125303	1.0	1.0
27	1.0956473691122872	0.005876689048894742	1.0	1.0
28	1.0952871832354316	0.005121368807722804	1.0	1.0
29	1.0947425444920857	0.004561181164243942	1.0	1.0
-1	-1	-1	-1	-1
0	1.3607075214385986	48.92043486475491	0.3973809523809524	0.4828571428571429
1	1.2155338525772095	25.563667562071362	0.709047619047619	0.7866666666666666
2	1.1669976711273193	14.55766553479909	0.8532142857142857	0.8742857142857143
3	1.1425672769546509	9.18146006598672	0.9117857142857143	0.9876190476190476
4	1.1285249710083007	7.137258178834226	0.9336904761904762	1.0
5	1.1209530433019002	1.8075384200752462	1.0	1.0
6	1.1171176092965263	0.8285045375615472	1.0	1.0
7	1.113122135400772	0.4318979998958428	1.0	1.0
8	1.1100642151302762	0.25816423703735775	1.0	1.0
9	1.1078230619430542	0.17245714989678487	1.0	1.0
10	1.1054626594890247	0.11660531243953869	1.0	1.0
11	1.1044093370437622	0.080137997256599	1.0	1.0
12	1.103093825853788	0.059296015366741915	1.0	1.0
13	1.1023523466927665	0.045378469249424826	1.0	1.0
14	1.1006559530893962	0.035648449093896625	1.0	1.0
15	1.0997664779424667	0.028352046739522494	1.0	1.0
16	1.098286137861364	0.023032048132851323	1.0	1.0
17	1.097818824979994	0.018505460079830182	1.0	1.0
18	1.0973373463279323	0.015517088944028652	1.0	1.0
19	1.0959125876426696	0.012882554124573337	1.0	1.0
20	1.0949622562953405	0.010779770923346395	1.0	1.0
21	1.0939610979773782	0.009179942100928536	1.0	1.0
22	1.0931532901266348	0.00782897841882938	1.0	1.0
23	1.0924198528130848	0.006606692967036944	1.0	1.0
24	1.0922099018096925	0.005654092819674273	1.0	1.0
25	1.0917771045978253	0.0048933188234431095	1.0	1.0
26	1.091667855227435	0.004245446042331226	1.0	1.0
27	1.0914607814380102	0.0037017457643984163	1.0	1.0
28	1.0912891338611472	0.0032147674895681355	1.0	1.0
29	1.090824810663859	0.00280688358152094	1.0	1.0
-1	-1	-1	-1	-1
0	1.371002435684204	47.294719072349174	0.4054761904761905	0.31047619047619046
1	1.2181966304779053	27.097041046664742	0.7241666666666666	0.6066666666666667
2	1.1747443675994873	13.91053730815989	0.8545238095238096	0.9961904761904762
3	1.1508175134658813	6.147197538002362	0.9591666666666666	0.9980952380952381
4	1.1362285614013672	9.49777918215487	0.8989285714285714	1.0
5	1.124461054801941	1.5361130218315486	0.9998809523809524	1.0
6	1.11616849899292	0.5699560039396975	1.0	1.0
7	1.1074787974357605	0.27553607090004495	1.0	1.0
8	1.1034211582607694	0.15321666636847725	1.0	1.0
9	1.0984662771224976	0.09013007136465478	1.0	1.0
10	1.0953081521120938	0.05862620116668282	1.0	1.0
11	1.0924735069274902	0.04061803608396208	1.0	1.0
12	1.0903012935931866	0.029539840094065257	1.0	1.0
13	1.0887470926557268	0.02232262113985	1.0	1.0
14	1.0893918832143148	0.0171990838050559	1.0	1.0
15	1.0885786265134811	0.013492374316197838	1.0	1.0
16	1.088720812517054	0.01079876642822936	1.0	1.0
17	1.0880700879626803	0.008914326436236897	1.0	1.0
18	1.0889447613766319	0.0073226760708135575	1.0	1.0
19	1.089322316646576	0.00609388925354687	1.0	1.0
20	1.0897280488695418	0.00512530503727269	1.0	1.0
21	1.0900282101197676	0.004385789104705471	1.0	1.0
22	1.0903269518976626	0.003727915299305614	1.0	1.0
23	1.0903385877609253	0.0031752872609218208	1.0	1.0
24	1.0909239959716797	0.002758749949253614	1.0	1.0
25	1.0911403344227717	0.002396273401923506	1.0	1.0
26	1.0911690658993192	0.002092057759802746	1.0	1.0
27	1.091520837375096	0.0018184155761574116	1.0	1.0
28	1.091672371173727	0.001604677201204441	1.0	1.0
29	1.0913093964258829	0.0013973760372558927	1.0	1.0
-1	-1	-1	-1	-1
0	1.3587207794189453	49.31510567755753	0.3889285714285714	0.3028571428571429
1	1.2185711860656738	32.374489820502106	0.6519047619047619	0.6714285714285714
2	1.1736520131429036	16.36209801938597	0.8301190476190476	0.900952380952381
3	1.146756887435913	10.637075109626856	0.8948809523809523	0.7942857142857143
4	1.1325955867767334	7.266424962322975	0.9270238095238095	0.6266666666666667
5	1.1221649249394734	4.466884860747667	0.9710714285714286	1.0
6	1.124232360294887	1.1653767331244829	1.0	1.0
7	1.1179567277431488	0.5901887068390393	1.0	1.0
8	1.1133798758188884	0.34149515260535046	1.0	1.0
9	1.1092740058898927	0.21857630654092977	1.0	1.0
10	1.107359235936945	0.13818722495901267	1.0	1.0
11	1.1053933302561443	0.0993775275780221	1.0	1.0
12	1.1026568412780762	0.07261787192053215	1.0	1.0
13	1.100347944668361	0.055141534181772076	1.0	1.0
14	1.098759380976359	0.04387060085403602	1.0	1.0
15	1.097939819097519	0.03409070217408268	1.0	1.0
16	1.0964515910429113	0.02799482163070159	1.0	1.0
17	1.0951233704884846	0.022434483186656983	1.0	1.0
18	1.0938004945453845	0.01888824073675694	1.0	1.0
19	1.092547857761383	0.015676877664989958	1.0	1.0
20	1.0912440731411888	0.013178626433043199	1.0	1.0
21	1.0907338857650757	0.01121392165852477	1.0	1.0
22	1.0902512799138608	0.009536216559575537	1.0	1.0
23	1.0901925166447957	0.008243907782153542	1.0	1.0
24	1.0896657276153565	0.007063002678824185	1.0	1.0
25	1.0891491999992957	0.006086728354993882	1.0	1.0
26	1.0885842023072418	0.005249337634043378	1.0	1.0
27	1.0879685963903154	0.004582243828110028	1.0	1.0
28	1.0874547382880901	0.003990352908485771	1.0	1.0
29	1.0867440382639566	0.00349395098996848	1.0	1.0
-1	-1	-1	-1	-1
0	1.2966728210449219	49.70610237121582	0.38392857142857145	0.54
1	1.1810382604599	28.696098128199125	0.6865476190476191	0.7685714285714286
2	1.1463208198547363	13.367731498674749	0.8647619047619047	0.9295238095238095
3	1.1307082772254944	7.591698600312149	0.93	0.9085714285714286
4	1.1199878692626952	4.520369234873768	0.965	1.0
5	1.1145522594451904	1.1581566285044522	0.9992857142857143	0.9980952380952381
6	1.1091679164341517	0.4069659671402703	1.0	1.0
7	1.1054147779941559	0.19531097067626257	1.0	1.0
8	1.101673788494534	0.12131380665154964	1.0	1.0
9	1.0994376420974732	0.07246148985714967	1.0	1.0
10	1.097515799782493	0.04680049379742191	1.0	1.0
11	1.0960186918576558	0.03252819311865269	1.0	1.0
12	1.095053562751183	0.023685418561582555	1.0	1.0
13	1.0938124997275216	0.018015762730838002	1.0	1.0
14	1.0929042975107828	0.014127780152166071	1.0	1.0
15	1.092504397034645	0.01111456783162607	1.0	1.0
16	1.0921234804041244	0.009029988277377738	1.0	1.0
17	1.091874599456787	0.007337311624474965	1.0	1.0
18	1.0915515422821045	0.0061025109678549344	1.0	1.0
19	1.0911777019500732	0.005041995328344659	1.0	1.0
20	1.0903025354657854	0.0042338495916499274	1.0	1.0
21	1.0898047360506924	0.003619933992220592	1.0	1.0
22	1.0899749009505562	0.0030311631873611205	1.0	1.0
23	1.0895171364148457	0.0026311227417030432	1.0	1.0
24	1.089712553024292	0.0022349542125478785	1.0	1.0
25	1.0892133621069102	0.0019556237490911447	1.0	1.0
26	1.088571928165577	0.0016907209812879506	1.0	1.0
27	1.0881401896476746	0.0014708895433672878	1.0	1.0
28	1.087578954367802	0.0012886736043126892	1.0	1.0
29	1.0872229178746542	0.0011223638509913656	1.0	1.0
-1	-1	-1	-1	-1
0	1.3660163879394531	49.878051061593986	0.37154761904761907	0.31238095238095237
1	1.215781807899475	30.10236922869664	0.6578571428571428	0.8114285714285714
2	1.1674768924713135	14.345981360388347	0.8572619047619048	0.7590476190476191
3	1.141529619693756	10.072727974830018	0.8966666666666666	0.7971428571428572
4	1.1283305644989015	4.568007330477465	0.9741666666666666	0.6285714285714286
5	1.1194732189178467	5.080780797811515	0.9672619047619048	0.9990476190476191
6	1.1142757620130266	1.9513333889694722	0.9896428571428572	1.0
7	1.1087157726287842	0.49320641505627577	1.0	1.0
8	1.1048141850365534	0.2992786356591453	1.0	1.0
9	1.1018914699554443	0.19224069851092965	1.0	1.0
10	1.099921855059537	0.1272002288313873	1.0	1.0
11	1.0978385210037231	0.0901168522357714	1.0	1.0
12	1.095574745765099	0.0674452504688456	1.0	1.0
13	1.0938554150717599	0.05090665992901806	1.0	1.0
14	1.092761484781901	0.03992238221513001	1.0	1.0
15	1.0917287021875381	0.032073993391637114	1.0	1.0
16	1.090074328815236	0.025705542964258803	1.0	1.0
17	1.089212245411343	0.021015651771947457	1.0	1.0
18	1.0886256443826776	0.017340606970875437	1.0	1.0
19	1.0877357602119446	0.014563888599989873	1.0	1.0
20	1.0867543447585333	0.012115963697504294	1.0	1.0
21	1.086124680259011	0.010308173568317305	1.0	1.0
22	1.0855089063229768	0.00879564043488566	1.0	1.0
23	1.0849879483381908	0.007559335691422337	1.0	1.0
24	1.0846741676330567	0.0065070200886775675	1.0	1.0
25	1.0839817615655751	0.005592243889339637	1.0	1.0
26	1.0838699694033023	0.004845574103338297	1.0	1.0
27	1.083504251071385	0.004239594020275222	1.0	1.0
28	1.083293133768542	0.0036700285378907286	1.0	1.0
29	1.0831334352493287	0.0032454986242974044	1.0	1.0
-1	-1	-1	-1	-1
0	1.3722660541534424	49.96910322936316	0.38702380952380955	0.6361904761904762
1	1.2207505702972412	27.11377523153907	0.6889285714285714	0.920952380952381
2	1.1668741703033447	12.843539717532837	0.8761904761904762	0.9961904761904762
3	1.1440346240997314	7.276766435728327	0.9354761904761905	1.0
4	1.1306013584136962	3.2534695727743577	0.9852380952380952	1.0
5	1.123952309290568	1.212241565319975	0.996547619047619	1.0
6	1.1191724027906145	0.4016001842094465	1.0	1.0
7	1.1167165637016296	0.23151308748545302	1.0	1.0
8	1.115060567855835	0.13594402606552997	1.0	1.0
9	1.1127812623977662	0.09094387841032033	1.0	1.0
10	1.1109396544369785	0.06389544897149724	1.0	1.0
11	1.1096107959747314	0.04573621396896051	1.0	1.0
12	1.108897062448355	0.03421511462475297	1.0	1.0
13	1.107769557407924	0.026938324383399787	1.0	1.0
14	1.1064792315165202	0.021214901505059388	1.0	1.0
15	1.1047078520059586	0.017175279306283243	1.0	1.0
16	1.1036415520836325	0.01391021493369069	1.0	1.0
17	1.1033138699001737	0.011639563395099948	1.0	1.0
18	1.1033717582100315	0.009853447139433128	1.0	1.0
19	1.1026191592216492	0.008296273312329567	1.0	1.0
20	1.101994968595959	0.007052653662137999	1.0	1.0
21	1.1015316789800471	0.005984843017165142	1.0	1.0
22	1.1008063399273416	0.005182428451913618	1.0	1.0
23	1.100343902905782	0.0044686713874757915	1.0	1.0
24	1.099728651046753	0.003947658073015426	1.0	1.0
25	1.0994804822481596	0.00340355571913586	1.0	1.0
26	1.0989887449476454	0.0029572614157898176	1.0	1.0
27	1.0984369005475725	0.0025930018761786615	1.0	1.0
28	1.0978383031384698	0.0022761295292838104	1.0	1.0
29	1.097824009259542	0.0020242005156374363	1.0	1.0
-1	-1	-1	-1	-1
0	1.377061128616333	48.06431391030663	0.4066666666666667	0.4
1	1.2262545824050903	26.210991090694762	0.6951190476190476	0.7733333333333333
2	1.1725820700327556	14.096901407713219	0.8422619047619048	0.878095238095238
3	1.1467064023017883	7.91516867971239	0.9347619047619048	0.9885714285714285
4	1.1320653915405274	7.26000584078379	0.9325	1.0
5	1.1225884358088176	1.6306176482497965	0.9992857142857143	1.0
6	1.1153771536690849	0.7592027624750318	1.0	1.0
7	1.1110760271549225	0.4147837144453716	1.0	1.0
8	1.107373767428928	0.26463058803358	1.0	1.0
9	1.1038530588150024	0.1732596417626954	1.0	1.0
10	1.1012790203094482	0.11741557218729316	1.0	1.0
11	1.0997652212778728	0.08643829736844441	1.0	1.0
12	1.0991783508887658	0.06508782733330935	1.0	1.0
13	1.0994268485477992	0.051420506281147894	1.0	1.0
14	1.0990636189778646	0.04085022317309343	1.0	1.0
15	1.099035695195198	0.0330463523300145	1.0	1.0
16	1.099098331788007	0.027413124976389307	1.0	1.0
17	1.0987281269497342	0.022849387407812782	1.0	1.0
18	1.098606410779451	0.01913088811880169	1.0	1.0
19	1.0983527660369874	0.016360404816218883	1.0	1.0
20	1.097870179585048	0.013887514613441301	1.0	1.0
21	1.0975966887040571	0.011902477284149752	1.0	1.0
22	1.0972692448159922	0.010264025691245106	1.0	1.0
23	1.09736368060112	0.008951444233707488	1.0	1.0
24	1.096943588256836	0.007783531162625767	1.0	1.0
25	1.0968746405381422	0.006854722818126016	1.0	1.0
26	1.0964037047492132	0.006005056160803134	1.0	1.0
27	1.096471837588719	0.005271260236202254	1.0	1.0
28	1.0963454246520996	0.004629816911307238	1.0	1.0
29	1.0963733037312826	0.004135845939030326	1.0	1.0
-1	-1	-1	-1	-1
0	1.3732798099517822	47.8081078112352	0.4166666666666667	0.36
1	1.225640058517456	28.438751231581538	0.6897619047619048	0.7361904761904762
2	1.1778404712677002	17.213500811573216	0.8153571428571429	0.9619047619047619
3	1.1523393988609314	7.607445567279714	0.9560714285714286	1.0
4	1.1364742755889892	4.295862194249838	0.9778571428571429	0.8295238095238096
5	1.1280157168706257	2.676868992613296	0.9853571428571428	1.0
6	1.121666635785784	0.6883787754144052	1.0	1.0
7	1.118475615978241	0.37761733128544045	1.0	1.0
8	1.114137676027086	0.2338882037951919	1.0	1.0
9	1.1102508306503296	0.15251019527646978	1.0	1.0
10	1.107201554558494	0.10547119291223048	1.0	1.0
11	1.1044961015383403	0.07746948726730202	1.0	1.0
12	1.1023871715252216	0.057379969689612606	1.0	1.0
13	1.1010570526123047	0.04423401643568119	1.0	1.0
14	1.099565331141154	0.0350138152924724	1.0	1.0
15	1.0986378490924835	0.028118905253680035	1.0	1.0
16	1.097401787252987	0.022747629693932406	1.0	1.0
17	1.0967454645368788	0.018966597395138143	1.0	1.0
18	1.0964072879992033	0.015735082179591228	1.0	1.0
19	1.0953630208969116	0.0132229058496909	1.0	1.0
20	1.0947087038130987	0.011335646044887857	1.0	1.0
21	1.093636924570257	0.009561847787378746	1.0	1.0
22	1.0929406000220256	0.008215573987261367	1.0	1.0
23	1.092072457075119	0.0070476327374747495	1.0	1.0
24	1.0913634490966797	0.00606986253253209	1.0	1.0
25	1.0908571298305805	0.005287996239202388	1.0	1.0
26	1.0904016229841444	0.004597724155972609	1.0	1.0
27	1.0898413913590568	0.004005797970473427	1.0	1.0
28	1.0891173872454414	0.003515318337519841	1.0	1.0
29	1.0885413408279419	0.003091979600106695	1.0	1.0
-1	-1	-1	-1	-1
0	1.3684709072113037	48.75085465898985	0.38607142857142857	0.37142857142857144
1	1.212871789932251	28.04570055914469	0.6920238095238095	0.7666666666666667
2	1.1665152708689372	14.153344600372895	0.8496428571428571	0.9628571428571429
3	1.1433869004249573	9.836580208045902	0.9142857142857143	1.0
4	1.1323441505432128	4.086933286471059	0.9809523809523809	0.9980952380952381
5	1.122353434562683	6.688241667167316	0.9379761904761905	0.9990476190476191
6	1.1156348841530936	1.1058721963896951	0.9994047619047619	1.0
7	1.110482394695282	0.519612365349164	1.0	1.0
8	1.1086022588941786	0.3310993808133974	1.0	1.0
9	1.1041279315948487	0.2165123806706853	1.0	1.0
10	1.1007744398984043	0.1514012288061385	1.0	1.0
11	1.0993257363637288	0.10962880514703777	1.0	1.0
12	1.0981754889855018	0.08288882478731667	1.0	1.0
13	1.0977821690695626	0.06567634810682939	1.0	1.0
14	1.097377634048462	0.051324287960624514	1.0	1.0
15	1.0972196608781815	0.04171113501313521	1.0	1.0
16	1.0977233858669506	0.0341732669763352	1.0	1.0
17	1.0978143480088975	0.028234484035365937	1.0	1.0
18	1.0967910415247868	0.02369700345660457	1.0	1.0
19	1.0951026678085327	0.020200457154797964	1.0	1.0
20	1.094199884505499	0.017244348582234448	1.0	1.0
21	1.0938744978471235	0.014672100512105476	1.0	1.0
22	1.0933326845583708	0.012669387978179373	1.0	1.0
23	1.0933014750480652	0.010864865773148522	1.0	1.0
24	1.0929040908813477	0.009481775836431255	1.0	1.0
25	1.0929291248321533	0.008250590293409707	1.0	1.0
26	1.092716755690398	0.00727580985082703	1.0	1.0
27	1.0926456962312971	0.006329342848603603	1.0	1.0
28	1.0925020760503308	0.005579193185540376	1.0	1.0
29	1.0922913869222006	0.004889034943658674	1.0	1.0
-1	-1	-1	-1	-1
0	1.3695118427276611	47.52912259555135	0.4070238095238095	0.5190476190476191
1	1.223422884941101	24.654446221123177	0.7229761904761904	0.7552380952380953
2	1.172664721806844	14.032949257259586	0.8453571428571428	0.9171428571428571
3	1.1484235525131226	6.23826408794171	0.9620238095238095	1.0
4	1.1322947502136231	7.9953166867390335	0.9303571428571429	0.9847619047619047
5	1.1245705286661785	3.8802589214346708	0.97	1.0
6	1.1197395324707031	0.7836212306194885	1.0	1.0
7	1.117329478263855	0.4478825875788134	1.0	1.0
8	1.1158434549967449	0.2724275044218669	1.0	1.0
9	1.1135059118270874	0.18595939798160196	1.0	1.0
10	1.1116020245985552	0.12926268231959398	1.0	1.0
11	1.1097944577534993	0.09334921499027272	1.0	1.0
12	1.108348534657405	0.07171514063733612	1.0	1.0
13	1.107001679284232	0.054626949407698536	1.0	1.0
14	1.1059689044952392	0.04360576941429889	1.0	1.0
15	1.1049914956092834	0.03520337094910471	1.0	1.0
16	1.1036910309511072	0.029193550854666378	1.0	1.0
17	1.1035312546624079	0.02414526492569723	1.0	1.0
18	1.102466947153995	0.020286884821044855	1.0	1.0
19	1.1014693617820739	0.017110297541371316	1.0	1.0
20	1.1004989601316906	0.014640822310793876	1.0	1.0
21	1.099784255027771	0.012519499292320964	1.0	1.0
22	1.0991486570109492	0.01079484796109025	1.0	1.0
23	1.0985602935155232	0.009380560256753245	1.0	1.0
24	1.0987277412414551	0.008131793176953613	1.0	1.0
25	1.0979414169604962	0.007088843885341751	1.0	1.0
26	1.097357776429918	0.0061844073053619365	1.0	1.0
27	1.0969036732401167	0.005455347230417137	1.0	1.0
28	1.0964019791833286	0.004790846548333566	1.0	1.0
29	1.0960460662841798	0.00422825760601138	1.0	1.0
-1	-1	-1	-1	-1
0	1.326566219329834	49.33555608103937	0.3867857142857143	0.34
1	1.2050327062606812	34.661091521665625	0.6361904761904762	0.6276190476190476
2	1.1672231356302898	15.327827023915917	0.8394047619047619	0.9523809523809523
3	1.1461069583892822	8.503799743072161	0.9228571428571428	0.7409523809523809
4	1.1351385116577148	6.7652682777593345	0.9327380952380953	0.9380952380952381
5	1.127066175142924	1.9146397954610817	0.9958333333333333	1.0
6	1.1209775379725866	0.6379963198088875	1.0	0.9980952380952381
7	1.1166095435619354	3.50782122244853	0.9705952380952381	1.0
8	1.1123334301842585	0.2909318482637859	1.0	1.0
9	1.1096134185791016	0.17789534030361773	1.0	1.0
10	1.1062083677812056	0.11814231081323932	1.0	1.0
11	1.1038235028584797	0.08162498957134018	1.0	1.0
12	1.1019374774052546	0.06035668781813333	1.0	1.0
13	1.1002017429896764	0.0454861930723766	1.0	1.0
14	1.099386707941691	0.03582363906440399	1.0	1.0
15	1.0980407446622849	0.028231519001745	1.0	1.0
16	1.0973212718963623	0.022827882687968447	1.0	1.0
17	1.0960493352678087	0.018738411749383795	1.0	1.0
18	1.0954296965348094	0.015517104997834326	1.0	1.0
19	1.0946259498596191	0.012927445427234861	1.0	1.0
20	1.0942342962537492	0.010962440814652938	1.0	1.0
21	1.093525149605491	0.009306341976267304	1.0	1.0
22	1.0930785199870234	0.007957216708109973	1.0	1.0
23	1.092369129260381	0.006850373615181434	1.0	1.0
24	1.0920910453796386	0.005934055249238592	1.0	1.0
25	1.091414369069613	0.005130524969280842	1.0	1.0
26	1.0910574241920754	0.004459815671731197	1.0	1.0
27	1.0930469972746713	0.0039041997460265974	1.0	1.0
28	1.0927282366259345	0.003418242774404472	1.0	1.0
29	1.092181388537089	0.0030103148064777934	1.0	1.0
-1	-1	-1	-1	-1
0	1.3084723949432373	49.455323201168625	0.38321428571428573	0.2523809523809524
1	1.1893702745437622	29.36641768176293	0.6847619047619048	0.7838095238095238
2	1.1515260537465413	15.393980067945705	0.8460714285714286	0.9276190476190476
3	1.1326559782028198	7.979661917051888	0.9363095238095238	0.9361904761904762
4	1.1224285125732423	3.2822177500779186	0.9896428571428572	1.0
5	1.1158539454142253	8.799374688714176	0.9377380952380953	0.9914285714285714
6	1.1094116824013847	3.992007213400344	0.9621428571428572	1.0
7	1.1035813987255096	0.7378640287615954	1.0	1.0
8	1.100108888414171	0.43677231074512685	1.0	1.0
9	1.0975177764892579	0.2801009343774146	1.0	1.0
10	1.0952545296062122	0.1903081239119682	1.0	1.0
11	1.0944852828979492	0.13328937621001055	1.0	1.0
12	1.093505309178279	0.09872208011580964	1.0	1.0
13	1.091335313660758	0.07534259855180639	1.0	1.0
14	1.0891826311747232	0.05973050967142156	1.0	1.0
15	1.0886593610048294	0.04760367712962083	1.0	1.0
16	1.087405569413129	0.03849869224281819	1.0	1.0
17	1.0867417918311224	0.03222275170862335	1.0	1.0
18	1.0865877427552875	0.02682881815776852	1.0	1.0
19	1.087003266811371	0.02221220353186244	1.0	1.0
20	1.0861548128582181	0.01880173513687042	1.0	1.0
21	1.0856724327260798	0.016024860546361132	1.0	1.0
22	1.085204725680144	0.013703258076024032	1.0	1.0
23	1.084869345029195	0.011814078703848468	1.0	1.0
24	1.0842918682098388	0.010183752594097826	1.0	1.0
25	1.0837144484886756	0.008840053774303129	1.0	1.0
26	1.0834853560836226	0.007702959673974961	1.0	1.0
27	1.083361872604915	0.00676367980403252	1.0	1.0
28	1.0832774310276425	0.005933212038455354	1.0	1.0
29	1.0829239209493002	0.005193619554182479	1.0	1.0
-1	-1	-1	-1	-1
0	1.3105289936065674	47.24904813150036	0.4163095238095238	0.35904761904761906
1	1.1868822574615479	27.09202173907494	0.6954761904761905	0.820952380952381
2	1.1473054091135662	13.696850637066047	0.8652380952380953	0.9133333333333333
3	1.1293872594833374	8.660973639542613	0.9227380952380952	1.0
4	1.1184954166412353	5.419369859160579	0.9557142857142857	1.0
5	1.1094423135121663	1.4499978322266627	0.9995238095238095	1.0
6	1.103085892541068	0.7800755838477567	0.9989285714285714	0.8647619047619047
7	1.1008456349372864	12.021087712434761	0.9141666666666667	1.0
8	1.0992464224497478	0.7771728458060058	1.0	1.0
9	1.0979276418685913	0.5036572224740293	1.0	1.0
10	1.0977230288765647	0.3441156384609498	1.0	1.0
11	1.0969237287839253	0.24584354189695515	1.0	1.0
12	1.0956828044011042	0.18436254747920164	1.0	1.0
13	1.0944231067384993	0.13992199035425149	1.0	1.0
14	1.0936631679534912	0.11140850489470441	1.0	1.0
15	1.093580111861229	0.08970256396232902	1.0	1.0
16	1.0932691097259521	0.0733937813613578	1.0	1.0
17	1.0930286645889282	0.060696997315031496	1.0	1.0
18	1.0918806477596885	0.050711411586165885	1.0	1.0
19	1.0916550517082215	0.043192866442463014	1.0	1.0
20	1.0911641120910645	0.03678076069787881	1.0	1.0
21	1.0902557914907283	0.03139553493873248	1.0	1.0
22	1.0886835948280666	0.0269715729109348	1.0	1.0
23	1.087333470582962	0.023322670862163653	1.0	1.0
24	1.0858730792999267	0.020079545262393615	1.0	1.0
25	1.0858935759617732	0.017618510270130044	1.0	1.0
26	1.0858009744573522	0.015457786722356603	1.0	1.0
27	1.084985647882734	0.013560571463445747	1.0	1.0
28	1.0855041290151661	0.011949860212878242	1.0	1.0
29	1.0859706242879232	0.010464036371558905	1.0	1.0
-1	-1	-1	-1	-1
0	1.313760757446289	47.337964358891824	0.4145238095238095	0.3942857142857143
1	1.195512056350708	28.2623373945403	0.6689285714285714	0.9428571428571428
2	1.1559921900431316	14.537593237800744	0.8453571428571428	0.7057142857142857
3	1.1366087794303894	10.063790329508908	0.8960714285714285	0.9990476190476191
4	1.127548837661743	4.815923172711419	0.9745238095238096	0.9952380952380953
5	1.1198621193567913	1.6427160217621481	0.9991666666666666	1.0
6	1.1130529131208147	12.0241791677339	0.9154761904761904	1.0
7	1.1107812523841858	1.4612773157117938	0.9992857142857143	1.0
8	1.1084413793351915	0.7713805222919232	1.0	1.0
9	1.106135606765747	0.495463641027534	1.0	1.0
10	1.1051789413798938	0.323012636811561	1.0	1.0
11	1.1030885577201843	0.2307176699883131	1.0	1.0
12	1.1024784308213453	0.17002889984234204	1.0	1.0
13	1.1015466621943883	0.13169069143415857	1.0	1.0
14	1.1009304841359457	0.10424107585116485	1.0	1.0
15	1.1002602875232697	0.0838562757371723	1.0	1.0
16	1.0993909976061653	0.06878559818285954	1.0	1.0
17	1.0987940099504259	0.0569259883630525	1.0	1.0
18	1.0979791816912199	0.046722158053075405	1.0	1.0
19	1.0972892880439757	0.039433916605754044	1.0	1.0
20	1.0971979300181072	0.03349179824098888	1.0	1.0
21	1.09668108549985	0.028445994364586395	1.0	1.0
22	1.095850301825482	0.024398690266640922	1.0	1.0
23	1.0952503085136414	0.021406916763364363	1.0	1.0
24	1.0949422073364259	0.018353518109216208	1.0	1.0
25	1.0945919752120972	0.01602409822873403	1.0	1.0
26	1.0944613527368616	0.01398121519899527	1.0	1.0
27	1.0941097140312195	0.012197672166355209	1.0	1.0
28	1.0941121824856461	0.01071617753730074	1.0	1.0
29	1.0939248323440551	0.0094750889058193	1.0	1.0
-1	-1	-1	-1	-1
0	1.3722107410430908	46.86741804985946	0.42214285714285715	0.6447619047619048
1	1.2321628332138062	28.691404610985586	0.6820238095238095	0.7714285714285715
2	1.1836864153544109	15.344510896124314	0.8395238095238096	1.0
3	1.1610294580459595	8.909792212932283	0.9273809523809524	0.9114285714285715
4	1.1487975597381592	4.513722953687602	0.9767857142857143	1.0
5	1.1398578484853108	26.441169016714785	0.8560714285714286	0.9838095238095238
6	1.1339730535234724	3.7115468163000767	0.9905952380952381	1.0
7	1.1294446885585785	4.1864026304433555	0.9694047619047619	0.900952380952381
8	1.123347971174452	3.01284408388029	0.9773809523809524	1.0
9	1.1209908962249755	0.9164871431802162	1.0	1.0
10	1.1182687065818093	0.6252009619324833	1.0	1.0
11	1.1163796186447144	0.44671410962429337	1.0	1.0
12	1.1141174389765813	0.32825297236215933	1.0	1.0
13	1.1126058782849992	0.2527112380916628	1.0	1.0
14	1.1107336680094402	0.1963439597093107	1.0	1.0
15	1.1100480556488037	0.15755838192574426	1.0	1.0
16	1.1090165026047651	0.13096626040600098	1.0	1.0
17	1.1090826193491619	0.10732649391368315	1.0	1.0
18	1.1078202598973323	0.08929037887730526	1.0	1.0
19	1.1066358804702758	0.07598477934873149	1.0	1.0
20	1.1053821586427235	0.06458586362321567	1.0	1.0
21	1.1039395115592263	0.05568774594808486	1.0	1.0
22	1.1026825490205183	0.047749419459371965	1.0	1.0
23	1.1024064024289448	0.041605313205843646	1.0	1.0
24	1.1013885307312012	0.03601054993135847	1.0	1.0
25	1.100346354337839	0.031662228457034765	1.0	1.0
26	1.0993008436980072	0.027443038745864717	1.0	1.0
27	1.0983162862913949	0.024396130241481975	1.0	1.0
28	1.0976355240262787	0.021438671913380405	1.0	1.0
29	1.0970547119776408	0.018979315879708688	1.0	1.0
-1	-1	-1	-1	-1
0	1.3601088523864746	47.172132347019904	0.4092857142857143	0.6676190476190477
1	1.215728759765625	26.889714291793766	0.7	0.7142857142857143
2	1.1667603651682537	14.913362796768943	0.8317857142857142	0.8228571428571428
3	1.1443035006523132	8.382869382321608	0.9222619047619047	0.920952380952381
4	1.1321610927581787	8.128653217404514	0.9311904761904762	0.9933333333333333
5	1.123059630393982	2.050412029367889	0.9970238095238095	1.0
6	1.1175354548863001	0.7108593116241716	1.0	1.0
7	1.1134657263755798	0.35293543616401835	1.0	1.0
8	1.110240512424045	0.19901192380901525	1.0	1.0
9	1.1059010028839111	0.12608454489775936	1.0	1.0
10	1.1033858819441362	0.08430565410637131	1.0	1.0
11	1.1006714900334675	0.05739783159255302	1.0	1.0
12	1.0985647531656118	0.04217448140788441	1.0	1.0
13	1.096861413546971	0.03173314746001828	1.0	1.0
14	1.095472478866577	0.024366284947233283	1.0	1.0
15	1.0949612706899643	0.01970654999405259	1.0	1.0
16	1.0941537969252642	0.015532350004739182	1.0	1.0
17	1.0936530828475952	0.012689168720785883	1.0	1.0
18	1.0925951631445634	0.010516111191872068	1.0	1.0
19	1.092213499546051	0.008776461965840013	1.0	1.0
20	1.0914506458100819	0.007394768279966519	1.0	1.0
21	1.0907456441359087	0.0062667395071455845	1.0	1.0
22	1.0901174234307331	0.0053453695537175406	1.0	1.0
23	1.089372158050537	0.004578312512791712	1.0	1.0
24	1.0887787914276124	0.003940859242048497	1.0	1.0
25	1.0884737876745372	0.0034073779732165963	1.0	1.0
26	1.0880581008063421	0.002949329524233711	1.0	1.0
27	1.0879162635122026	0.0025481925414124426	1.0	1.0
28	1.0875224162792336	0.002225213810516443	1.0	1.0
29	1.0872218290964761	0.00195773769773812	1.0	1.0
-1	-1	-1	-1	-1
0	1.388568639755249	49.78283729118086	0.3933333333333333	0.4895238095238095
1	1.2350894212722778	29.13544004317019	0.6855952380952381	0.7133333333333334
2	1.1789087454477947	15.709448518861835	0.8296428571428571	0.8676190476190476
3	1.1505435109138489	7.309544031157693	0.9514285714285714	0.8076190476190476
4	1.1336045265197754	7.081818471843299	0.9310714285714285	0.9352380952380952
5	1.120864748954773	3.632107466119324	0.9775	0.9990476190476191
6	1.115283727645874	1.9775374725517665	0.9853571428571428	1.0
7	1.1083302795886993	0.47871664206111386	1.0	1.0
8	1.105959865781996	0.28529687293808725	1.0	1.0
9	1.1033361673355102	0.18805358723202587	1.0	1.0
10	1.1003790985454212	0.1268960260732999	1.0	1.0
11	1.0998094876607258	0.09112655070429745	1.0	1.0
12	1.0979203077463002	0.06891788977123939	1.0	1.0
13	1.096245527267456	0.05242366549123376	1.0	1.0
14	1.0960730234781901	0.041395828666115894	1.0	1.0
15	1.0967468321323395	0.033477376671968304	1.0	1.0
16	1.0960118910845589	0.02722915152562322	1.0	1.0
17	1.0958250363667805	0.022671471006403404	1.0	1.0
18	1.0962833730798018	0.018898591627597015	1.0	1.0
19	1.0963172435760498	0.015999809891948682	1.0	1.0
20	1.0963649522690546	0.01348759965376199	1.0	1.0
21	1.096123532815413	0.01148567011247003	1.0	1.0
22	1.095804494360219	0.009899596095850033	1.0	1.0
23	1.095566560824712	0.008497650716489202	1.0	1.0
24	1.0951893329620361	0.007371083417192044	1.0	1.0
25	1.0947628021240234	0.006471724503057453	1.0	1.0
26	1.0951574201937075	0.005634500367120758	1.0	1.0
27	1.0949031029428755	0.004924970673673393	1.0	1.0
28	1.0953874670225998	0.004322710123883397	1.0	1.0
29	1.0960271914800008	0.003825649006483446	1.0	1.0
-1	-1	-1	-1	-1
0	1.377959966659546	48.512295363973756	0.3982142857142857	0.5438095238095239
1	1.229405164718628	34.98138779832383	0.6479761904761905	0.8133333333333334
2	1.1806643803914387	18.260442342141737	0.8147619047619048	0.7295238095238096
3	1.1575514078140259	12.26940909356672	0.8790476190476191	0.5257142857142857
4	1.143928098678589	8.48308216392314	0.9279761904761905	0.9628571428571429
5	1.1326754093170166	3.997244884759301	0.9825	0.9638095238095238
6	1.122856787272862	7.131347575681745	0.9221428571428572	1.0
7	1.1146690547466278	1.0756507464914722	1.0	1.0
8	1.1083690325419109	0.6440768445286007	0.9996428571428572	1.0
9	1.1042683124542236	0.2888480786928206	1.0	1.0
10	1.1004768068140203	0.18741898738669352	1.0	1.0
11	1.097576419512431	0.11580236579075512	1.0	1.0
12	1.0953815900362456	0.08021275725343155	1.0	1.0
13	1.0930772168295724	0.05855035237231409	1.0	1.0
14	1.0915658791859946	0.04462911861421037	1.0	1.0
15	1.0898171365261078	0.034128599017575215	1.0	1.0
16	1.088172618080588	0.026635967648301288	1.0	1.0
17	1.0866944392522175	0.021316985980370313	1.0	1.0
18	1.0851510700426603	0.017175905675602503	1.0	1.0
19	1.0843814373016358	0.014143843929718883	1.0	1.0
20	1.0837063902900332	0.011641277212777065	1.0	1.0
21	1.0833841562271118	0.009641506617088508	1.0	1.0
22	1.0832092243692149	0.008125960494005635	1.0	1.0
23	1.0828799605369568	0.006869573455070191	1.0	1.0
24	1.0826367378234862	0.005819415278775271	1.0	1.0
25	1.0823283470593965	0.004981965690624578	1.0	1.0
26	1.0823850984926577	0.004271715483274098	1.0	1.0
27	1.0820821183068412	0.0036890172043694855	1.0	1.0
28	1.0820887335415543	0.003195418646035029	1.0	1.0
29	1.0819109121958415	0.002764129263132867	1.0	1.0
-1	-1	-1	-1	-1
0	1.3630404472351074	47.74939276691625	0.41309523809523807	0.39714285714285713
1	1.218591570854187	29.349847068351483	0.6757142857142857	0.5828571428571429
2	1.172590970993042	14.383870792932838	0.8607142857142858	0.9228571428571428
3	1.146716833114624	9.849949624601878	0.9038095238095238	0.9638095238095238
4	1.1336121559143066	6.840698364116393	0.944047619047619	1.0
5	1.1247607469558716	1.9468417627729844	0.9989285714285714	1.0
6	1.1176678453172957	0.8823802015627292	1.0	1.0
7	1.113140344619751	0.43323218941461905	1.0	1.0
8	1.1087955633799236	0.2546981359502662	1.0	1.0
9	1.1061425447463988	0.16877463840996357	1.0	1.0
10	1.1040708151730625	0.12060935231556004	1.0	1.0
11	1.102355698744456	0.0824620400983911	1.0	1.0
12	1.100833012507512	0.06282750923653972	1.0	1.0
13	1.0992013386317663	0.048916640900387054	1.0	1.0
14	1.0972534815470378	0.038554783166871325	1.0	1.0
15	1.0959560871124268	0.030923617791256977	1.0	1.0
16	1.0945836235495174	0.025546306747759023	1.0	1.0
17	1.0939366552564833	0.020873943832437347	1.0	1.0
18	1.0932659349943463	0.01758666664978114	1.0	1.0
19	1.0927809238433839	0.014784640158055626	1.0	1.0
20	1.0919953187306721	0.01268674428273743	1.0	1.0
21	1.090704235163602	0.01079957543592546	1.0	1.0
22	1.0892113913660464	0.00932777162903332	1.0	1.0
23	1.088825633128484	0.008016850815257305	1.0	1.0
24	1.0889976978302003	0.00697930151164645	1.0	1.0
25	1.0888022092672496	0.0060942176368243344	1.0	1.0
26	1.088354190190633	0.005323345337360531	1.0	1.0
27	1.0878290023122514	0.004674865615451461	1.0	1.0
28	1.0876010286396947	0.004080532975636508	1.0	1.0
29	1.0878669579823812	0.0035913341847768924	1.0	1.0
-1	-1	-1	-1	-1
0	1.2950305938720703	48.20989418029785	0.40785714285714286	0.49714285714285716
1	1.1803498268127441	28.531483167931153	0.6805952380952381	0.8438095238095238
2	1.1403863430023193	14.912276822804499	0.8421428571428572	0.9066666666666666
3	1.1209243535995483	7.75712549006531	0.9366666666666666	0.9990476190476191
4	1.1104619026184082	4.20249609235575	0.9747619047619047	0.8533333333333334
5	1.1033989191055298	3.566644218484712	0.9641666666666666	1.0
6	1.09819119317191	0.5618750888698455	1.0	1.0
7	1.0962774455547333	0.29637095810909236	1.0	1.0
8	1.0955088138580322	0.17338502919832563	1.0	1.0
9	1.0943063259124757	0.11173627408001813	1.0	1.0
10	1.0934236483140425	0.075225877826998	1.0	1.0
11	1.0921096801757812	0.05279923986799363	1.0	1.0
12	1.0909926707927997	0.03902270928549336	1.0	1.0
13	1.0891109364373344	0.02990040961412196	1.0	1.0
14	1.0881245454152426	0.02319226054538452	1.0	1.0
15	1.0885042250156403	0.018880644044750317	1.0	1.0
16	1.0879546894746668	0.015095643589393495	1.0	1.0
17	1.08777207798428	0.012416592437929754	1.0	1.0
18	1.0878889811666388	0.010341588460872155	1.0	1.0
19	1.088848388195038	0.008566117146098454	1.0	1.0
20	1.0880115372794015	0.007246362035669132	1.0	1.0
21	1.0874958038330078	0.006141546029179665	1.0	1.0
22	1.0871550725853962	0.00523620142828064	1.0	1.0
23	1.0864470303058624	0.0045130449947423015	1.0	1.0
24	1.0859028911590576	0.00390564488201002	1.0	1.0
25	1.0858669372705312	0.003367155422491974	1.0	1.0
26	1.0860441260867648	0.0029240995756184022	1.0	1.0
27	1.0863463963781084	0.0025598864989999697	1.0	1.0
28	1.0862904663743644	0.0022513033125457485	1.0	1.0
29	1.0862516641616822	0.0019625259953738677	1.0	1.0
-1	-1	-1	-1	-1
0	1.39019775390625	48.38204156128626	0.3977380952380952	0.5304761904761904
1	1.224663496017456	27.413119613444398	0.6971428571428572	0.9285714285714286
2	1.1738864580790203	12.577324796538843	0.8738095238095238	0.9904761904761905
3	1.1500543355941772	10.077737434735317	0.9088095238095238	0.9866666666666667
4	1.1368446826934815	3.2226081134701863	0.9858333333333333	1.0
5	1.1281386216481526	1.0141819773291454	1.0	1.0
6	1.1233454091208321	5.120531352470583	0.9886904761904762	0.43047619047619046
7	1.1178386211395264	11.349106766425159	0.9298809523809524	1.0
8	1.114195081922743	1.0146596873667757	1.0	1.0
9	1.1118927001953125	0.5705444171401485	1.0	1.0
10	1.1094892458482222	0.35585762328068116	1.0	1.0
11	1.107751727104187	0.23419803128836272	1.0	1.0
12	1.1057297449845533	0.16622617176447077	1.0	1.0
13	1.1032642807279314	0.1237865596896342	1.0	1.0
14	1.101455799738566	0.09413158049374933	1.0	1.0
15	1.0999766886234283	0.07283901138507368	1.0	1.0
16	1.09904426686904	0.05797001415644082	1.0	1.0
17	1.0985372596316867	0.04707758124393655	1.0	1.0
18	1.0979626555191844	0.03898018499404305	1.0	1.0
19	1.0974619746208192	0.03239997482713411	1.0	1.0
20	1.0971499170575822	0.027234444787775383	1.0	1.0
21	1.0967523509805852	0.023013929859469484	1.0	1.0
22	1.0962131334387737	0.01955175798159702	1.0	1.0
23	1.0961234172185261	0.016822214896999612	1.0	1.0
24	1.0959391593933105	0.014488505362444504	1.0	1.0
25	1.0957878002753625	0.012542616443163202	1.0	1.0
26	1.095944881439209	0.010816014139866988	1.0	1.0
27	1.0955890246800013	0.009542529400395577	1.0	1.0
28	1.0953624248504639	0.00826632451822011	1.0	1.0
29	1.0949697653452555	0.007249897051985046	1.0	1.0
-1	-1	-1	-1	-1
0	1.3812618255615234	48.242468855680166	0.3961904761904762	0.5952380952380952
1	1.226409912109375	26.51117653719826	0.7027380952380953	0.7619047619047619
2	1.1750171979268391	12.38255450843405	0.8863095238095238	0.8895238095238095
3	1.153638243675232	8.384622349031977	0.9176190476190477	0.8352380952380952
4	1.1401030540466308	5.52936914529184	0.9511904761904761	1.0
5	1.130581259727478	6.339654883277733	0.9352380952380952	1.0
6	1.125974450792585	0.9811473136392383	1.0	1.0
7	1.1224664449691772	0.5283471566869279	1.0	1.0
8	1.1189186308119032	0.3114537769794011	1.0	1.0
9	1.1162098407745362	0.20297707948734553	1.0	1.0
10	1.114076636054299	0.13644997822297844	1.0	1.0
11	1.1127358675003052	0.09661535645335799	1.0	1.0
12	1.1107694369096022	0.07241690901069134	1.0	1.0
13	1.1092859506607056	0.05586395794419508	1.0	1.0
14	1.1070525805155436	0.044277881962661504	1.0	1.0
15	1.105123832821846	0.035385355785375765	1.0	1.0
16	1.1035015022053438	0.029186614388918695	1.0	1.0
17	1.1022724178102281	0.02410465062457799	1.0	1.0
18	1.1008840736589933	0.02025702490538585	1.0	1.0
19	1.0998955011367797	0.016960567187432895	1.0	1.0
20	1.0987044288998558	0.014444150774254545	1.0	1.0
21	1.0972773053429343	0.01236842611464654	1.0	1.0
22	1.0962432882060176	0.01066978881135583	1.0	1.0
23	1.09563014904658	0.009133396399324272	1.0	1.0
24	1.0949601745605468	0.007987751000465209	1.0	1.0
25	1.094821810722351	0.006906563046073165	1.0	1.0
26	1.094812516812925	0.006065677502635201	1.0	1.0
27	1.0944527217320033	0.005319417442793572	1.0	1.0
28	1.0942670476847682	0.004674598484781673	1.0	1.0
29	1.0940980354944865	0.00411841777479099	1.0	1.0
-1	-1	-1	-1	-1
0	1.3960437774658203	47.988834381103516	0.4139285714285714	0.36666666666666664
1	1.2423107624053955	27.463629345476853	0.6867857142857143	0.8714285714285714
2	1.19172199567159	14.14052455597504	0.855	0.9971428571428571
3	1.1669813394546509	10.600743786916986	0.8933333333333333	0.9438095238095238
4	1.1514613151550293	3.745232159193931	0.9928571428571429	1.0
5	1.1433937946955364	3.50146374503016	0.9709523809523809	1.0
6	1.1371426922934396	0.8642283173228398	1.0	1.0
7	1.130698323249817	0.4197575693574695	1.0	1.0
8	1.1226841078864203	0.2590541042415815	1.0	1.0
9	1.1151466369628906	0.17204548798133212	1.0	1.0
10	1.111942638050426	0.12036037588130838	1.0	1.0
11	1.1089332501093547	0.08893634846341927	1.0	1.0
12	1.1067721476921668	0.06568755543730558	1.0	1.0
13	1.1056315558297294	0.052044047304772606	1.0	1.0
14	1.1039814631144205	0.040899281843278575	1.0	1.0
15	1.1020986437797546	0.03295924299230141	1.0	1.0
16	1.1007835865020752	0.02713010333011019	1.0	1.0
17	1.100752181477017	0.022625984606322452	1.0	1.0
18	1.0991373187617253	0.0188696715952439	1.0	1.0
19	1.098077380657196	0.015886576116764955	1.0	1.0
20	1.0971999508993966	0.013482791646082706	1.0	1.0
21	1.09625366601077	0.011481768292279298	1.0	1.0
22	1.095135325970857	0.009898654924450662	1.0	1.0
23	1.094130555788676	0.008521173198923412	1.0	1.0
24	1.0934217643737794	0.007383102453721	1.0	1.0
25	1.0926338892716627	0.006411143942442174	1.0	1.0
26	1.0923350475452565	0.005579282611983867	1.0	1.0
27	1.0921331558908736	0.004897797392582089	1.0	1.0
28	1.0916237584475814	0.004305300675509604	1.0	1.0
29	1.0913971344629922	0.0037869431628197604	1.0	1.0
-1	-1	-1	-1	-1
0	1.3745393753051758	47.78989073894776	0.4142857142857143	0.539047619047619
1	1.2290847301483154	30.282243561835344	0.6667857142857143	0.7447619047619047
2	1.1851789951324463	14.400911313046068	0.86	0.9742857142857143
3	1.1657195687294006	7.672074765760183	0.9348809523809524	0.9933333333333333
4	1.1516303062438964	5.368551008601606	0.9616666666666667	1.0
5	1.1443307002385457	1.2919047859005148	1.0	1.0
6	1.138516630445208	0.5291530663862881	1.0	1.0
7	1.1323750019073486	0.28133039149551337	1.0	1.0
8	1.129350529776679	0.1648727388549667	1.0	1.0
9	1.1245152711868287	24.736409544859775	0.9288095238095239	1.0
10	1.1226328719745984	1.4320412369961975	1.0	1.0
11	1.1194149851799011	0.8575080935719349	1.0	1.0
12	1.1177950822390044	0.5906554067316164	1.0	1.0
13	1.1162796701703752	0.4283637220868593	1.0	1.0
14	1.114426358540853	0.3232756293318571	1.0	1.0
15	1.1127547770738602	0.25038030805923184	1.0	1.0
16	1.1111197331372429	0.19889476685696228	1.0	1.0
17	1.1106877989239163	0.16019251696170508	1.0	1.0
18	1.1097148719586825	0.12867191518894167	1.0	1.0
19	1.1081777930259704	0.10694525286045364	1.0	1.0
20	1.1062933944520497	0.08957103622843557	1.0	1.0
21	1.1041367920962246	0.07582920465349245	1.0	1.0
22	1.1027031463125478	0.0644777803593262	1.0	1.0
23	1.1011915008227031	0.05450592393289274	1.0	1.0
24	1.0993582344055175	0.04741456383704686	1.0	1.0
25	1.0982703153903668	0.04055392023303436	1.0	1.0
26	1.096829308403863	0.03489000046406182	1.0	1.0
27	1.095253016267504	0.03035000788168309	1.0	1.0
28	1.0939878513073098	0.026371315203097156	1.0	1.0
29	1.0932086865107218	0.02323804430649421	1.0	1.0
-1	-1	-1	-1	-1
0	1.353428840637207	48.64883200206684	0.40190476190476193	0.6571428571428571
1	1.2142380475997925	30.34284004603049	0.650952380952381	0.8304761904761905
2	1.1670193672180176	17.223471715876357	0.8160714285714286	0.8333333333333334
3	1.1459630131721497	9.374097892086768	0.9311904761904762	0.9342857142857143
4	1.1376487255096435	8.085874357604256	0.9415476190476191	0.9961904761904762
5	1.132325808207194	2.4383927924778073	0.9992857142857143	1.0
6	1.1286066600254603	1.2070235993019074	1.0	1.0
7	1.1249970495700836	0.6241513766603325	1.0	1.0
8	1.121590985192193	0.33491514674157696	1.0	1.0
9	1.1195642709732057	0.24363954132953977	1.0	1.0
10	1.1163188110698352	0.14066034206985975	1.0	1.0
11	1.1122192939122517	0.09729624186206906	1.0	1.0
12	1.1090867152580848	0.06575521496000625	1.0	1.0
13	1.1059980392456055	0.04952943375327061	1.0	1.0
14	1.1029712518056234	0.03760115069978137	1.0	1.0
15	1.1008859425783157	0.02883192341944677	1.0	1.0
16	1.0987207328571993	0.023167324836716453	1.0	1.0
17	1.0986815028720431	0.01857963817002882	1.0	1.0
18	1.096583968714664	0.014822593135865468	1.0	1.0
19	1.0963096141815185	0.01231291671301249	1.0	1.0
20	1.0953391052427746	0.009894412959936453	1.0	1.0
21	1.0953089107166638	0.008401527372277395	1.0	1.0
22	1.095157934271771	0.006788545403232932	1.0	1.0
23	1.094862937927246	0.005756842876348942	1.0	1.0
24	1.0943694305419922	0.00484616187146153	1.0	1.0
25	1.0935056668061476	0.004091562350022079	1.0	1.0
26	1.0927696934452764	0.003476584000874155	1.0	1.0
27	1.0923442074230738	0.003019537653653624	1.0	1.0
28	1.09201875226251	0.002581849093141721	1.0	1.0
29	1.0917096535364788	0.002199048694301071	1.0	1.0
-1	-1	-1	-1	-1
0	1.3539552688598633	46.64388061929565	0.4261904761904762	0.5619047619047619
1	1.2095545530319214	25.780417630880958	0.7091666666666666	0.7761904761904762
2	1.1608625253041585	11.746070555407739	0.8989285714285714	0.7257142857142858
3	1.135574996471405	9.781266245098621	0.8996428571428572	0.9990476190476191
4	1.123098087310791	2.63871916663964	0.996904761904762	1.0
5	1.1251323223114014	0.9319849784269986	1.0	1.0
6	1.1187593596322196	7.208511301319862	0.9482142857142857	1.0
7	1.1126999258995056	0.6099472730332001	1.0	1.0
8	1.1095178922017415	0.36267017224669	1.0	1.0
9	1.1060644388198853	0.23706432582081044	1.0	1.0
10	1.1040966727516868	0.16169355136869978	1.0	1.0
11	1.1020658413569133	0.11787895453180197	1.0	1.0
12	1.1001283755669227	0.08712442399147799	1.0	1.0
13	1.0984251158578056	0.06661244312534995	1.0	1.0
14	1.097049077351888	0.0522314664826307	1.0	1.0
15	1.0953965783119202	0.04151938374759807	1.0	1.0
16	1.0947275582481832	0.033754221432817526	1.0	1.0
17	1.0945983992682562	0.027777165546305053	1.0	1.0
18	1.093829305548417	0.023016733432563993	1.0	1.0
19	1.093756866455078	0.019453376549306706	1.0	1.0
20	1.0935207775660925	0.016442613426539267	1.0	1.0
21	1.093403621153398	0.01399399268975616	1.0	1.0
22	1.093065997828608	0.011983200803243275	1.0	1.0
23	1.0929011205832164	0.010299789062400169	1.0	1.0
24	1.0928979301452637	0.008906830199586914	1.0	1.0
25	1.0926696062088013	0.007706081835524721	1.0	1.0
26	1.0927533132058602	0.00667006649721428	1.0	1.0
27	1.0925366623061044	0.005805238315608962	1.0	1.0
28	1.092577309444033	0.005085827403847029	1.0	1.0
29	1.0926553726196289	0.004470374862780306	1.0	1.0
-1	-1	-1	-1	-1
0	1.3182215690612793	48.662738618741926	0.3977380952380952	0.5761904761904761
1	1.197188377380371	26.78408962510838	0.7042857142857143	0.8942857142857142
2	1.1613536675771077	13.828554668353991	0.8489285714285715	0.9333333333333333
3	1.142245352268219	7.867894496301282	0.9277380952380953	0.9933333333333333
4	1.1336545944213867	7.303452485414512	0.9282142857142858	1.0
5	1.1271414756774902	1.3844860340592526	0.9982142857142857	1.0
6	1.121821744101388	0.4985269032163765	1.0	1.0
7	1.1179825365543365	0.21833626651152005	1.0	1.0
8	1.1152376333872478	0.12409476190805435	1.0	1.0
9	1.112410879135132	0.0779862688436481	1.0	1.0
10	1.1090548688715154	0.05114023581487144	1.0	1.0
11	1.1075953841209412	0.036084144372677165	1.0	1.0
12	1.1064430933732252	0.02663171407146939	1.0	1.0
13	1.1058593818119593	0.02008897036370669	1.0	1.0
14	1.1054391860961914	0.015786045758556504	1.0	1.0
15	1.1046790927648544	0.012514860024002908	1.0	1.0
16	1.103627275018131	0.010074513073755648	1.0	1.0
17	1.1031328439712524	0.008211609995977054	1.0	1.0
18	1.102495419351678	0.006782816656592511	1.0	1.0
19	1.102061378955841	0.005684080287573342	1.0	1.0
20	1.1010929743448894	0.004813911425155152	1.0	1.0
21	1.1005841818722812	0.004094688888433825	1.0	1.0
22	1.0995239900506062	0.003505798071771577	1.0	1.0
23	1.0986583928267162	0.0029894457045524687	1.0	1.0
24	1.098222951889038	0.0025885494885357105	1.0	1.0
25	1.0977421081983125	0.0022366987492627123	1.0	1.0
26	1.0971756776173909	0.0019435557667803402	1.0	1.0
27	1.096771138054984	0.001702288940315181	1.0	1.0
28	1.0961565067028176	0.0014818253370972188	1.0	1.0
29	1.0957817395528158	0.0013180312088835885	1.0	1.0
-1	-1	-1	-1	-1
0	1.3150086402893066	47.92317061913784	0.40976190476190477	0.5438095238095239
1	1.1940045356750488	27.431114349075145	0.710952380952381	0.5942857142857143
2	1.1574771404266357	15.428135741346235	0.8346428571428571	0.6438095238095238
3	1.1389899253845215	9.493122217773031	0.8985714285714286	0.9952380952380953
4	1.1276580810546875	5.634558031314226	0.9588095238095238	0.5504761904761905
5	1.1202938556671143	6.126822799784149	0.9367857142857143	1.0
6	1.1166435991014754	1.0719391552894288	1.0	1.0
7	1.1125954687595367	0.5787027002854039	1.0	1.0
8	1.110214842690362	0.3300496929611997	1.0	1.0
9	1.1076606035232544	0.21469561758490116	1.0	1.0
10	1.1056912378831343	0.15111019258376762	1.0	1.0
11	1.102381428082784	0.10612898791640883	1.0	1.0
12	1.101565984579233	0.07938041097480988	1.0	1.0
13	1.1008457626615251	0.06128762815388437	1.0	1.0
14	1.100370995203654	0.04854446100673068	1.0	1.0
15	1.0999777615070343	0.03904247275082671	1.0	1.0
16	1.098500686533311	0.03180699654546754	1.0	1.0
17	1.0972782505883112	0.02620297463915307	1.0	1.0
18	1.0960117892215127	0.021852955693102836	1.0	1.0
19	1.0952355504035949	0.01843476338673227	1.0	1.0
20	1.0944120656876337	0.015698859216680773	1.0	1.0
21	1.0937926769256592	0.01337876095801252	1.0	1.0
22	1.0930044132730234	0.011419016607601492	1.0	1.0
23	1.0921061138312023	0.009857272867382479	1.0	1.0
24	1.0915202045440673	0.008517041728927439	1.0	1.0
25	1.0906299536044781	0.007460645849713808	1.0	1.0
26	1.0903705049444128	0.0064746498018715655	1.0	1.0
27	1.0903271777289254	0.0056470955877844595	1.0	1.0
28	1.09049915445262	0.00496390423588738	1.0	1.0
29	1.0903103431065877	0.004319309387108163	1.0	1.0
-1	-1	-1	-1	-1
0	1.3725590705871582	48.09364828682671	0.4148809523809524	0.540952380952381
1	1.223179578781128	25.4079539476692	0.7145238095238096	0.6085714285714285
2	1.1780237356821697	12.908485639231287	0.8629761904761905	0.8152380952380952
3	1.1577392220497131	6.668284649178102	0.9491666666666667	0.7447619047619047
4	1.1457224369049073	5.650115743109482	0.958452380952381	1.0
5	1.1363542477289836	1.1702527800440334	1.0	1.0
6	1.128788641520909	9.948296831474558	0.9434523809523809	1.0
7	1.1245632767677307	0.9682563158042531	1.0	1.0
8	1.12105303340488	0.5530626019710824	1.0	1.0
9	1.1179831743240356	0.3498251121420371	1.0	1.0
10	1.1156604940241033	0.2312145188394155	1.0	1.0
11	1.1125789483388264	0.16631368343707725	1.0	1.0
12	1.110632823063777	0.12522177559681266	1.0	1.0
13	1.1085532733372279	0.09736295923335697	1.0	1.0
14	1.1072508494059246	0.07561106775876687	1.0	1.0
15	1.105745017528534	0.06037917050458633	1.0	1.0
16	1.104540516348446	0.04947739159652942	1.0	1.0
17	1.1032910214530096	0.04078006864783882	1.0	1.0
18	1.1024794202101857	0.03414497664021222	1.0	1.0
19	1.1014793276786805	0.028465095326701044	1.0	1.0
20	1.100941226595924	0.024236736826230364	1.0	1.0
21	1.0999292677099055	0.020537223516407462	1.0	1.0
22	1.0988120410753333	0.0176895312724118	1.0	1.0
23	1.0984087387720745	0.015142857298934867	1.0	1.0
24	1.0978063678741454	0.01318989052816149	1.0	1.0
25	1.097222401545598	0.011379617145957829	1.0	1.0
26	1.0969498687320285	0.009922021610428626	1.0	1.0
27	1.0966596007347107	0.008703885682302567	1.0	1.0
28	1.096452178626225	0.007627143531669455	1.0	1.0
29	1.096151312192281	0.006701943000686486	1.0	1.0
-1	-1	-1	-1	-1
0	1.385854721069336	47.72170335892942	0.41678571428571426	0.5276190476190477
1	1.2354155778884888	30.147238997905426	0.6728571428571428	0.7333333333333333
2	1.1825865109761555	14.227020733256756	0.8554761904761905	0.8866666666666667
3	1.1574203968048096	9.66462423139652	0.8958333333333334	0.98
4	1.1444072246551513	6.3190784703642695	0.9439285714285715	0.6095238095238096
5	1.1361289421717327	4.692310259822657	0.9663095238095238	1.0
6	1.1299921103886195	0.9125934970129579	1.0	1.0
7	1.125039428472519	0.49051658956496885	1.0	1.0
8	1.1225906213124592	0.31513444835695475	1.0	1.0
9	1.1181896686553956	0.19884116987311795	1.0	1.0
10	1.115731044249101	0.13788993684964487	1.0	1.0
11	1.1149882078170776	0.09961013854286517	1.0	1.0
12	1.113729898746197	0.07459406444923279	1.0	1.0
13	1.1129735197339738	0.0578996787704669	1.0	1.0
14	1.110817289352417	0.045981246893056896	1.0	1.0
15	1.109107881784439	0.03701238325680163	1.0	1.0
16	1.1072713206796085	0.030504199113172724	1.0	1.0
17	1.105354732937283	0.025307786094995052	1.0	1.0
18	1.1044691110912122	0.021018807971035572	1.0	1.0
19	1.1034018874168396	0.01800692404404339	1.0	1.0
20	1.1024998256138392	0.015241135910380023	1.0	1.0
21	1.1007377342744307	0.012968118316688692	1.0	1.0
22	1.0993810632954473	0.011157789866054013	1.0	1.0
23	1.0987324714660645	0.009673996275191695	1.0	1.0
24	1.0978753280639648	0.00837376424440753	1.0	1.0
25	1.0974409030033991	0.007303383669677852	1.0	1.0
26	1.0968764358096652	0.00636265232730586	1.0	1.0
27	1.0964775255748205	0.005598186633900205	1.0	1.0
28	1.0963733114045242	0.0049464605543266685	1.0	1.0
29	1.0958533525466918	0.004338749261668568	1.0	1.0
-1	-1	-1	-1	-1
0	1.3760108947753906	47.832412349860476	0.41214285714285714	0.4838095238095238
1	1.224510669708252	25.347662769796276	0.7197619047619047	0.6
2	1.1746506690979004	14.811457633972168	0.8430952380952381	0.8104761904761905
3	1.1515632271766663	8.02688626826036	0.9329761904761905	0.9361904761904762
4	1.137369966506958	3.5062993656093178	0.9805952380952381	1.0
5	1.1280147631963093	6.077596520063088	0.9510714285714286	1.0
6	1.1210300922393799	0.8961346369279202	1.0	1.0
7	1.11636283993721	0.52663106440138	1.0	1.0
8	1.1131407154930963	0.24654850304240056	1.0	1.0
9	1.1096442937850952	0.16107104433976652	1.0	1.0
10	1.1082335168665105	0.11172325130084622	1.0	1.0
11	1.106518526871999	0.07882416358805427	1.0	1.0
12	1.1051141848930945	0.05902695582166824	1.0	1.0
13	1.1034100225993566	0.04534841264410391	1.0	1.0
14	1.101737626393636	0.03560935578418775	1.0	1.0
15	1.1004230976104736	0.028613069877311756	1.0	1.0
16	1.0990823857924517	0.023380977374292598	1.0	1.0
17	1.0979030794567533	0.0194377765668549	1.0	1.0
18	1.097079678585655	0.01613920477852792	1.0	1.0
19	1.0963507890701294	0.013627608917554409	1.0	1.0
20	1.0961943580990745	0.011483337770892527	1.0	1.0
21	1.0960384607315063	0.009863179879964191	1.0	1.0
22	1.0960426226906155	0.008460793005012174	1.0	1.0
23	1.0954512258370717	0.00730838034719852	1.0	1.0
24	1.0953824234008789	0.006285558320128646	1.0	1.0
25	1.095423936843872	0.00547108468564206	1.0	1.0
26	1.0955750677320693	0.0047867620105327535	1.0	1.0
27	1.095608047076634	0.0041605738405945634	1.0	1.0
28	1.0949881570092563	0.0036659284907361285	1.0	1.0
29	1.0944544871648152	0.0032258761204343586	1.0	1.0
-1	-1	-1	-1	-1
0	1.3716566562652588	46.77089960221555	0.4155952380952381	0.4266666666666667
1	1.226333498954773	30.77915740103776	0.670952380952381	0.7466666666666667
2	1.1737507979075115	15.607932252122422	0.8364285714285714	0.8914285714285715
3	1.1513670086860657	13.288376297787568	0.8625	0.98
4	1.1395052433013917	6.3686453724995316	0.9560714285714286	0.9438095238095238
5	1.1301182508468628	2.6778207851906695	0.9944047619047619	1.0
6	1.123042413166591	1.894887190921225	0.9914285714285714	1.0
7	1.1201990246772766	0.6287947757162522	1.0	1.0
8	1.1165806187523737	0.3713434158395905	1.0	1.0
9	1.1140859603881836	0.23953586992428783	1.0	1.0
10	1.1111349192532627	0.16777292789161885	1.0	1.0
11	1.10913880666097	0.12116251738579101	1.0	1.0
12	1.1069613786844106	0.09169829027734329	1.0	1.0
13	1.1056220531463623	0.07157266622997055	1.0	1.0
14	1.1037587801615396	0.05644658499684171	1.0	1.0
15	1.102401241660118	0.0463070109089971	1.0	1.0
16	1.1014478206634521	0.03772972171821635	1.0	1.0
17	1.100180745124817	0.031520964938991425	1.0	1.0
18	1.0999576167056435	0.026732470008045323	1.0	1.0
19	1.0988494753837585	0.022643381186155425	1.0	1.0
20	1.098047585714431	0.019394133599411285	1.0	1.0
21	1.0975783629850908	0.016612981835613914	1.0	1.0
22	1.097001086110654	0.01459699328599264	1.0	1.0
23	1.096794495979945	0.012421422322836665	1.0	1.0
24	1.096397409439087	0.010947210728385602	1.0	1.0
25	1.0963894862395067	0.009639095548653671	1.0	1.0
26	1.0959205009319164	0.008368410519766887	1.0	1.0
27	1.0953955480030604	0.007390814812981414	1.0	1.0
28	1.094235477776363	0.006565240061285944	1.0	1.0
29	1.0936904033025105	0.005767818110970206	1.0	1.0
-1	-1	-1	-1	-1
0	1.355764627456665	49.38218701293713	0.38595238095238094	0.21523809523809523
1	1.2091060876846313	28.53224964105584	0.6783333333333333	0.8104761904761905
2	1.1665534973144531	14.450344497260032	0.8496428571428571	0.5961904761904762
3	1.144057273864746	8.117861513855793	0.9297619047619048	0.5828571428571429
4	1.1316348552703857	5.261487483751638	0.9658333333333333	1.0
5	1.1227946281433105	8.010988270828479	0.9261904761904762	0.7857142857142857
6	1.117478847503662	2.505690212372138	0.9861904761904762	1.0
7	1.1130746603012085	0.7269512582641138	1.0	1.0
8	1.109814511405097	0.4060229492504787	1.0	1.0
9	1.1061784505844117	0.2571133706052947	1.0	1.0
10	1.1037173054435037	0.17529460364251537	1.0	1.0
11	1.1015657385190327	0.12198044101888236	1.0	1.0
12	1.1011898334209735	0.09169332438038783	1.0	1.0
13	1.1006898198808943	0.0692474077749615	1.0	1.0
14	1.099079386393229	0.054599865626529596	1.0	1.0
15	1.0975468158721924	0.043769572340943516	1.0	1.0
16	1.0965604641858269	0.03489254458591399	1.0	1.0
17	1.0955821673075359	0.029026833054797276	1.0	1.0
18	1.0953538543299626	0.023862975716817517	1.0	1.0
19	1.0945542573928833	0.019936045769871187	1.0	1.0
20	1.0943447181156702	0.01680278488764178	1.0	1.0
21	1.0946321812543003	0.014272251015904399	1.0	1.0
22	1.0938381112140159	0.012177909453516338	1.0	1.0
23	1.0936307807763417	0.010534703095900355	1.0	1.0
24	1.093261957168579	0.009051365657451035	1.0	1.0
25	1.0929978444026067	0.00782796271152426	1.0	1.0
26	1.0927569777877242	0.006844158934167243	1.0	1.0
27	1.0926796283040727	0.005928469226897443	1.0	1.0
28	1.0921469639087547	0.005160167624734824	1.0	1.0
29	1.0919738133748373	0.004521165526040012	1.0	1.0
-1	-1	-1	-1	-1
0	1.3569128513336182	48.40322757039233	0.39916666666666667	0.259047619047619
1	1.220365285873413	29.51563714031031	0.6730952380952381	0.7514285714285714
2	1.173183520634969	15.42534209385571	0.8270238095238095	0.9504761904761905
3	1.1485989689826965	7.753023211946958	0.9419047619047619	0.7371428571428571
4	1.1360912322998047	9.203710431381777	0.9077380952380952	0.8942857142857142
5	1.1278568506240845	3.1416988193762165	0.9796428571428571	1.0
6	1.1229070254734583	1.3381634640149744	0.9942857142857143	1.0
7	1.1183255910873413	0.40609909458078813	1.0	1.0
8	1.1148836877610948	0.23401333530479512	1.0	1.0
9	1.1122996807098389	0.14449593484288387	1.0	1.0
10	1.110078746622259	0.09630097225025126	1.0	1.0
11	1.1085288723309834	0.06899050592724588	1.0	1.0
12	1.1071800818810096	0.04800977100735042	1.0	1.0
13	1.1051548549107142	0.03565140140770506	1.0	1.0
14	1.1040860017140706	0.027870588316210324	1.0	1.0
15	1.1025136709213257	0.021892326958335852	1.0	1.0
16	1.1014457870932186	0.01739266207052161	1.0	1.0
17	1.100297941101922	0.014180547219591336	1.0	1.0
18	1.1001259653191817	0.011675275038014177	1.0	1.0
19	1.0995725274086	0.009671490179098604	1.0	1.0
20	1.098722049168178	0.008074678030899042	1.0	1.0
21	1.0981474139473655	0.00678364147021375	1.0	1.0
22	1.0972521097763726	0.00576643339896525	1.0	1.0
23	1.0963842471440632	0.004960331117677654	1.0	1.0
24	1.0958642768859863	0.0041986014304448895	1.0	1.0
25	1.095301784001864	0.003623043094892692	1.0	1.0
26	1.0945447285970051	0.003108743353775161	1.0	1.0
27	1.0938303555761064	0.002741290949118596	1.0	1.0
28	1.0935202220390583	0.002341863367274517	1.0	1.0
29	1.0933777809143066	0.002036881356450513	1.0	1.0
-1	-1	-1	-1	-1
0	1.3320660591125488	47.113206283221224	0.4170238095238095	0.5733333333333334
1	1.2042008638381958	43.24701546353533	0.5698809523809524	0.8333333333333334
2	1.166661024093628	19.293538662870574	0.7973809523809524	0.9828571428571429
3	1.1447510719299316	12.915358817169421	0.8611904761904762	0.9628571428571429
4	1.1344811916351318	7.1670677852268	0.9577380952380953	1.0
5	1.1256322860717773	9.968227924502848	0.9004761904761904	0.9914285714285714
6	1.1193224361964635	2.4556193739289114	0.9996428571428572	1.0
7	1.1159723997116089	5.750117052870558	0.9523809523809523	0.5942857142857143
8	1.1121936904059515	3.7873962566879764	0.9685714285714285	1.0
9	1.109541082382202	0.7039410479281791	1.0	1.0
10	1.1072951446879993	0.4246707057771574	1.0	1.0
11	1.1058885057767232	0.27640897695669203	1.0	1.0
12	1.1046588054070106	0.19338596187276985	1.0	1.0
13	1.103624360901969	0.14147485245883237	1.0	1.0
14	1.1031287829081218	0.1060426551990296	1.0	1.0
15	1.1024404019117355	0.08164158197183573	1.0	1.0
16	1.1020482708426083	0.06428294632399717	1.0	1.0
17	1.1012070311440363	0.05117447880369402	1.0	1.0
18	1.1005053520202637	0.04203955014678915	1.0	1.0
19	1.1000824213027953	0.034457170910878326	1.0	1.0
20	1.0997727030799502	0.028412137849844227	1.0	1.0
21	1.0995783589103005	0.023816254705247317	1.0	1.0
22	1.0995661072109058	0.019948123571792258	1.0	1.0
23	1.1018137335777283	0.01684710158198052	1.0	1.0
24	1.1016602897644043	0.014421324521841432	1.0	1.0
25	1.1015800421054547	0.01232293470737882	1.0	1.0
26	1.1009369602909795	0.010568072815769186	1.0	1.0
27	1.100872882774898	0.0091092078362241	1.0	1.0
28	1.1007288735488365	0.007863274679834399	1.0	1.0
29	1.1006386439005533	0.0068481184078288395	1.0	1.0
-1	-1	-1	-1	-1
0	1.3242628574371338	46.47064132110248	0.42833333333333334	0.5704761904761905
1	1.207624077796936	28.77086815634608	0.7121428571428572	0.8152380952380952
2	1.1681266625722249	13.595897170527353	0.8689285714285714	0.9152380952380952
3	1.1499882936477661	10.822657815403812	0.8827380952380952	0.7819047619047619
4	1.1412344455718995	4.637208633096499	0.9725	1.0
5	1.1350994507471721	1.759059108708748	0.9996428571428572	1.0
6	1.1305660179683141	9.061742649105565	0.9404761904761905	1.0
7	1.1254963874816895	1.113288445504446	1.0	1.0
8	1.1225962903764513	0.6158041171021335	1.0	1.0
9	1.119709587097168	0.41030871171235134	1.0	1.0
10	1.1176660927859219	0.2757183880803703	1.0	1.0
11	1.1155805985132854	0.19627307859663728	1.0	1.0
12	1.114369979271522	0.14708977365448447	1.0	1.0
13	1.1130750860486711	0.11371174954699473	1.0	1.0
14	1.11202867825826	0.09029919264604383	1.0	1.0
15	1.1101567894220352	0.07281005648832357	1.0	1.0
16	1.1088980366201961	0.05949883613409652	1.0	1.0
17	1.1077369451522827	0.049479130457222686	1.0	1.0
18	1.1073746053796065	0.04201862555238004	1.0	1.0
19	1.1067738652229309	0.03518556143394441	1.0	1.0
20	1.106277624766032	0.02988527249190744	1.0	1.0
21	1.105728875507008	0.025614712422734883	1.0	1.0
22	1.105439507442972	0.022018945485551774	1.0	1.0
23	1.1048683027426403	0.019082765328651826	1.0	1.0
24	1.1046076202392578	0.016750089140757634	1.0	1.0
25	1.1042358233378484	0.01447132931129844	1.0	1.0
26	1.1040650032184742	0.012627333503556456	1.0	1.0
27	1.1033983060291834	0.011125895883463069	1.0	1.0
28	1.1028499685484787	0.009842111700756242	1.0	1.0
29	1.1027048667271933	0.008645570960016249	1.0	1.0
-1	-1	-1	-1	-1
0	1.3094875812530518	48.58723478716136	0.3982142857142857	0.62
1	1.1901838779449463	26.095319570244037	0.7026190476190476	0.8
2	1.1528717676798503	14.440267666211147	0.84	0.8523809523809524
3	1.134239673614502	8.376681296091116	0.9202380952380952	1.0
4	1.1261611938476563	8.017028572441507	0.9378571428571428	0.919047619047619
5	1.1188397407531738	2.6300805392374103	0.9889285714285714	1.0
6	1.1134019919804163	0.9458256306077137	1.0	1.0
7	1.1102112531661987	0.521810869980221	1.0	1.0
8	1.1077437930636935	0.31445882936847525	1.0	1.0
9	1.1061089754104614	0.20530218302410366	1.0	1.0
10	1.1053406975486062	0.14157963385486785	1.0	1.0
11	1.1038293242454529	0.10414909783878254	1.0	1.0
12	1.102899037874662	0.07736715189970944	1.0	1.0
13	1.1019184759684972	0.061333291076775286	1.0	1.0
14	1.1003547032674155	0.047703133655195	1.0	1.0
15	1.0981214195489883	0.03849299425903722	1.0	1.0
16	1.0972957611083984	0.03156071623695214	1.0	1.0
17	1.0960933764775593	0.026251487878324754	1.0	1.0
18	1.0953116918865002	0.021944663140342036	1.0	1.0
19	1.0945201873779298	0.0183617849143739	1.0	1.0
20	1.0924650600978307	0.015631089838639527	1.0	1.0
21	1.0908375544981523	0.013428224170998362	1.0	1.0
22	1.0895842261936353	0.011503555890732221	1.0	1.0
23	1.0889913042386372	0.009945678841605953	1.0	1.0
24	1.088627872467041	0.008677623209901182	1.0	1.0
25	1.0884874508931086	0.007529507075992374	1.0	1.0
26	1.0886639047552038	0.0065579380850686545	1.0	1.0
27	1.0888281975473677	0.005795634576533797	1.0	1.0
28	1.0892205649408802	0.005036064028782423	1.0	1.0
29	1.0895408312479655	0.004466122735606882	1.0	1.0
-1	-1	-1	-1	-1
0	1.3687829971313477	47.88718074900116	0.41845238095238096	0.5457142857142857
1	1.219325304031372	28.91122137729659	0.6835714285714286	0.6314285714285715
2	1.172838846842448	14.296112330694163	0.8548809523809524	0.7752380952380953
3	1.1475209593772888	9.308479785012654	0.9079761904761905	0.9114285714285715
4	1.135348653793335	4.089210814169604	0.9811904761904762	0.9914285714285714
5	1.1266473531723022	4.6305997072517195	0.9557142857142857	1.0
6	1.1183091912950789	0.9265468978383242	1.0	1.0
7	1.1128409206867218	0.4459128372456184	1.0	1.0
8	1.1084782017601862	0.2778990489958357	1.0	1.0
9	1.105015468597412	0.17956067392241365	1.0	1.0
10	1.1026679169047962	0.12599501304130137	1.0	1.0
11	1.1004708607991536	0.09175898171536369	1.0	1.0
12	1.0986305383535533	0.07043513256220763	1.0	1.0
13	1.096768123762948	0.05413844827350101	1.0	1.0
14	1.095876407623291	0.04313062481270544	1.0	1.0
15	1.0956456661224365	0.03557710083265268	1.0	1.0
16	1.0942161644206327	0.028640093763461584	1.0	1.0
17	1.092921535174052	0.023902035902604857	1.0	1.0
18	1.0921044224186947	0.02009473526460816	1.0	1.0
19	1.0917772054672241	0.017023848213906977	1.0	1.0
20	1.0909563132694788	0.014455552359851707	1.0	1.0
21	1.0909270156513562	0.012429428598471693	1.0	1.0
22	1.0908281699470852	0.010775315823182181	1.0	1.0
23	1.0906081994374592	0.009329389963129061	1.0	1.0
24	1.0898452281951905	0.00813221077774669	1.0	1.0
25	1.0888999608846812	0.007039280558720288	1.0	1.0
26	1.0880043771531847	0.0061986911245143685	1.0	1.0
27	1.0867701002529688	0.005436152178163821	1.0	1.0
28	1.08583560483209	0.0047947309482771865	1.0	1.0
29	1.085980804761251	0.004243485148847387	1.0	1.0
-1	-1	-1	-1	-1
0	1.3783211708068848	47.86158843820086	0.4104761904761905	0.5523809523809524
1	1.2271727323532104	28.647043152000514	0.6910714285714286	0.7523809523809524
2	1.1781949996948242	16.172187395422178	0.8320238095238095	0.8457142857142858
3	1.1535200476646423	9.815060834920905	0.9146428571428571	1.0
4	1.140810203552246	5.19176892001366	0.9736904761904762	0.3657142857142857
5	1.1304301420847576	8.068128358955166	0.9439285714285715	1.0
6	1.1238521507808141	1.3984644204491445	1.0	1.0
7	1.1184348464012146	0.901415897072948	0.9983333333333333	1.0
8	1.1145946714613173	0.3877859145062958	1.0	1.0
9	1.1108156204223634	0.2257064600181217	1.0	1.0
10	1.1061434095556086	0.14341491482047072	1.0	1.0
11	1.1022506952285767	0.09724280352884826	1.0	1.0
12	1.0991352704855113	0.06881480986967739	1.0	1.0
13	1.09636356149401	0.050089004729297226	1.0	1.0
14	1.0938910166422526	0.037806157568051786	1.0	1.0
15	1.092629000544548	0.029098192414006806	1.0	1.0
16	1.0931721995858585	0.02293806661897739	1.0	1.0
17	1.0925460391574435	0.01811817336558389	1.0	1.0
18	1.0923454385054738	0.014682384606224163	1.0	1.0
19	1.0919447064399719	0.011960811897078281	1.0	1.0
20	1.0911882604871477	0.009873814027430667	1.0	1.0
21	1.0911475528370251	0.008030026356119506	1.0	1.0
22	1.0899763210960056	0.006718820563832674	1.0	1.0
23	1.0895002484321594	0.005766481038062575	1.0	1.0
24	1.0891683673858643	0.0047415264416486025	1.0	1.0
25	1.0887709397536058	0.003965357873153239	1.0	1.0
26	1.0889138204080087	0.003414552842936135	1.0	1.0
27	1.0888068675994873	0.0029319769113250217	1.0	1.0
28	1.0889744594179351	0.0024976249338931516	1.0	1.0
29	1.0887881199518838	0.002175782878436998	1.0	1.0
-1	-1	-1	-1	-1
0	1.369816780090332	58.92972635769572	0.31583333333333335	0.35904761904761906
1	1.221490740776062	43.0928688774544	0.49202380952380953	0.5733333333333334
2	1.1745154857635498	36.26720176812814	0.5636904761904762	0.5323809523809524
3	1.1505045294761658	32.343460416612515	0.6257142857142857	0.5895238095238096
4	1.135096502304077	30.131035880897436	0.6371428571428571	0.560952380952381
5	1.1252726316452026	27.93648075785474	0.6697619047619048	0.6733333333333333
6	1.1167732306889124	26.460012602715437	0.6798809523809524	0.6466666666666666
7	1.1096338331699371	24.42162964461874	0.7148809523809524	0.7266666666666667
8	1.1047236389584012	22.72659685403222	0.7396428571428572	0.7057142857142857
9	1.0988226413726807	18.614585914539294	0.815595238095238	0.8114285714285714
10	1.0956306674263694	14.666033088481019	0.8967857142857143	0.8123809523809524
11	1.0955459674199421	13.045464698806008	0.9061904761904762	0.9657142857142857
12	1.0937843322753906	11.22067268266424	0.9378571428571428	0.900952380952381
13	1.0921553713934762	9.697980358573421	0.9511904761904761	0.9371428571428572
14	1.091443904240926	8.239821962530621	0.9672619047619048	0.8561904761904762
15	1.0908108204603195	7.075731302848787	0.9746428571428571	0.9876190476190476
16	1.088937661227058	6.7889992429276385	0.9625	0.979047619047619
17	1.087374554740058	5.475405481831656	0.9822619047619048	0.9828571428571429
18	1.087512217069927	4.281067890812689	0.9938095238095238	0.9961904761904762
19	1.087221920490265	3.5626019787879044	0.9960714285714286	0.9942857142857143
20	1.0870003246125721	2.9078748407472674	0.9988095238095238	0.9952380952380953
21	1.0869397791949185	2.3174684942901815	0.9997619047619047	0.9761904761904762
22	1.0869096984034	2.104130300505533	0.9982142857142857	0.9828571428571429
23	1.0865578850110371	1.711505183702186	0.9989285714285714	0.9980952380952381
24	1.0864765739440918	1.275837699383384	1.0	0.9971428571428571
25	1.0863331372921283	1.0287448695857262	1.0	0.9971428571428571
26	1.0859839739622894	0.8214454683740783	1.0	0.9961904761904762
27	1.086024020399366	0.6641569408967014	1.0	0.9838095238095238
28	1.0860410312126423	0.5756418016020336	1.0	0.9933333333333333
29	1.0856255451838175	0.48557928629474495	1.0	0.9980952380952381
30	1.0856692175711355	0.3765121635488684	1.0	0.9904761904761905
31	1.0854169428348541	0.324880325578918	1.0	0.9980952380952381
32	1.085498029535467	0.2926303004357298	1.0	0.9942857142857143
33	1.085378745022942	0.23661218090655686	1.0	0.9980952380952381
34	1.08538863999503	0.21107956322313715	1.0	0.9952380952380953
35	1.085240324338277	0.16284458361877688	1.0	0.9980952380952381
36	1.085292893487054	0.13818250004442925	1.0	0.9952380952380953
37	1.0854636054289968	0.12076438986076601	1.0	0.9971428571428571
38	1.085346228037125	0.10736431153101612	1.0	0.9952380952380953
39	1.0854307055473327	0.09376843161739323	1.0	0.9942857142857143
40	1.085079402458377	0.0849441787575021	1.0	0.9971428571428571
41	1.0847726379122054	0.07032496692478203	1.0	0.9971428571428571
42	1.0847591965697532	0.06512986921737175	1.0	0.9961904761904762
43	1.0847883820533752	0.058531080014975354	1.0	0.9952380952380953
-1	-1	-1	-1	-1
0	1.3905301094055176	60.1587261301483	0.2988095238095238	0.38095238095238093
1	1.2377257347106934	43.440608575770156	0.4779761904761905	0.54
2	1.1880579789479573	36.83132130292885	0.5567857142857143	0.5647619047619048
3	1.1604104042053223	33.186643419156965	0.6045238095238096	0.6352380952380953
4	1.1428280830383302	30.441019181516236	0.6336904761904761	0.6657142857142857
5	1.1325748761494954	28.39758780156705	0.6638095238095238	0.6914285714285714
6	1.1259499958583288	26.47757582066177	0.6845238095238095	0.6733333333333333
7	1.120448261499405	24.79987990810844	0.7020238095238095	0.6266666666666667
8	1.1165119012196858	21.92890787305941	0.7517857142857143	0.8219047619047619
9	1.1126549005508424	17.397715880390354	0.8595238095238096	0.8257142857142857
10	1.110210808840665	15.350787967783416	0.871547619047619	0.8590476190476191
11	1.1071853240331013	13.158006998069386	0.9119047619047619	0.9523809523809523
12	1.1050495000985951	11.636519651449225	0.9270238095238095	0.9476190476190476
13	1.1030969790049963	10.012234749449524	0.9519047619047619	0.9333333333333333
14	1.1020007133483887	8.653319733224441	0.9644047619047619	0.9314285714285714
15	1.1009328812360764	7.506101595584884	0.9729761904761904	0.981904761904762
16	1.1000439699958353	6.525566300511813	0.9805952380952381	0.9266666666666666
17	1.0992746750513713	5.641988548489125	0.9842857142857143	0.9809523809523809
18	1.09824117861296	4.702329277085714	0.9904761904761905	0.9904761904761905
19	1.097987699508667	3.8535925018470096	0.9953571428571428	0.9942857142857143
20	1.0971642789386569	4.036892434036777	0.9811904761904762	0.9838095238095238
21	1.0969745354218916	2.8565737437386023	0.9980952380952381	0.9961904761904762
22	1.0963547333427097	2.207643142217919	0.9995238095238095	0.9942857142857143
23	1.0960470139980316	1.9939414144922118	0.9995238095238095	0.9961904761904762
24	1.0954180145263672	1.5786715997489233	0.9996428571428572	0.9971428571428571
25	1.0951864077494695	1.2718885445776094	1.0	0.9876190476190476
26	1.0945081534209076	1.0773840427058732	1.0	0.9828571428571429
27	1.0938297850745065	0.8922060486708304	1.0	0.9942857142857143
28	1.093162331087836	0.7240539548401597	1.0	0.9952380952380953
29	1.092799170811971	0.5886048549934938	1.0	0.9942857142857143
30	1.092392413846908	0.554179631485232	1.0	0.9885714285714285
31	1.0921543017029762	1.6139647076225099	0.9888095238095238	1.0
32	1.0918594779390278	0.5181511842819221	1.0	0.9990476190476191
33	1.0915201481650858	0.408927550107354	1.0	0.9990476190476191
34	1.0911122253962926	0.34489755887722334	1.0	0.9980952380952381
35	1.0909289452764723	0.3083619913334176	1.0	0.9980952380952381
36	1.0907709791853621	0.26653965117813516	1.0	0.9980952380952381
37	1.0906242508637278	0.2329003211153324	1.0	0.9990476190476191
38	1.0906045864789913	0.20915319189825893	1.0	0.9980952380952381
39	1.090209710597992	0.18546448639477162	1.0	0.9980952380952381
40	1.0901217518783197	0.16537445372841658	1.0	0.9990476190476191
41	1.0899457590920585	0.14902526662886822	1.0	0.9990476190476191
42	1.0897925454516744	0.13301242885140865	1.0	0.9980952380952381
43	1.0896123322573574	0.1198316911525826	1.0	0.9971428571428571
44	1.0894071102142333	0.1074850924398056	1.0	0.9990476190476191
45	1.0892848761185356	0.09479650366385627	1.0	0.9971428571428571
46	1.089043028811191	0.0864536733483407	1.0	0.9971428571428571
47	1.0887214839458466	0.07793035093312481	1.0	0.9990476190476191
48	1.0887516518028415	0.07006295833439201	1.0	0.9971428571428571
49	1.0885976219177247	0.06286968504691305	1.0	0.9980952380952381
50	1.0885842828189625	0.0565006338102396	1.0	0.9980952380952381
51	1.0885163178810706	0.05127966891223487	1.0	0.9990476190476191
-1	-1	-1	-1	-1
0	1.3275079727172852	59.718371416679354	0.29928571428571427	0.4266666666666667
1	1.216325283050537	43.009885033727144	0.49988095238095237	0.5647619047619048
2	1.1809301376342773	36.328945391984945	0.5669047619047619	0.5304761904761904
3	1.2053430676460266	32.67008275224229	0.6051190476190477	0.6123809523809524
4	1.183480930328369	29.727456752791603	0.6502380952380953	0.6476190476190476
5	1.3035588661829631	27.85291752978423	0.6658333333333334	0.6857142857142857
6	1.3238428660801478	26.068526641497595	0.6884523809523809	0.7171428571428572
7	1.29527348279953	24.333127159582798	0.7152380952380952	0.7476190476190476
8	1.2894740104675293	21.198697663078743	0.7636904761904761	0.7952380952380952
9	1.270321011543274	16.62251988653901	0.8720238095238095	0.84
10	1.2527713992378928	14.51895930467903	0.8932142857142857	0.8857142857142857
11	1.2385110259056091	12.216974164143261	0.9276190476190476	0.9076190476190477
12	1.2264989706186147	10.951392139318777	0.9352380952380952	0.9657142857142857
13	1.217090095792498	9.35189028021954	0.954047619047619	0.9047619047619048
14	1.2081836223602296	8.151035820123361	0.9589285714285715	0.9761904761904762
15	1.2010772079229355	6.750969564053496	0.9820238095238095	0.9838095238095238
16	1.1939673283520866	5.873917330807153	0.9853571428571428	0.9933333333333333
17	1.1882235871420965	4.85725019821196	0.991904761904762	0.9857142857142858
18	1.1826475921430086	4.586869442870862	0.9851190476190477	0.9857142857142858
19	1.178242552280426	3.401253720200107	0.9982142857142857	0.9961904761904762
20	1.173604306720552	2.919662260283989	0.9966666666666667	0.9895238095238095
21	1.1685721657492898	2.407292746319064	0.9995238095238095	0.9952380952380953
22	1.163794476052989	2.2087809228171866	0.9979761904761905	0.9885714285714285
23	1.1595501104990642	1.5960352019665358	1.0	0.9952380952380953
24	1.155830841064453	1.2901339021019156	0.9998809523809524	0.9961904761904762
25	1.1518726165478046	1.06873415042239	1.0	0.9980952380952381
26	1.1498958976180464	0.8424039355022372	1.0	0.9952380952380953
27	1.1473963686398096	0.743655098255143	1.0	0.9942857142857143
28	1.1452660642821213	0.6154812650308863	1.0	0.9961904761904762
29	1.1431712547938029	0.49267525036072096	1.0	0.9952380952380953
30	1.141426670935846	0.5198898533564557	0.9996428571428572	0.9980952380952381
31	1.1397230699658394	0.41379448544843117	0.9998809523809524	0.9990476190476191
32	1.138363708149303	0.31023713909514505	1.0	0.9980952380952381
33	1.1366997045629166	0.250522474570646	1.0	0.9980952380952381
34	1.1351356438228062	0.21242801913063789	1.0	0.9980952380952381
35	1.13343260023329	0.18923646562906274	1.0	0.9990476190476191
36	1.1319380966392723	0.15956086826868385	1.0	0.9971428571428571
37	1.130079043538947	0.14008769358972178	1.0	0.9980952380952381
38	1.1283655839088635	0.12481708114987997	1.0	0.9980952380952381
39	1.1267552554607392	0.11461783591445408	1.0	0.9971428571428571
40	1.1253089148823807	1.5008718319123915	0.9866666666666667	0.9352380952380952
41	1.1239902859642392	0.2733182927643165	0.9988095238095238	0.9990476190476191
42	1.1226972812830016	0.12040123211736915	1.0	0.9990476190476191
43	1.1212895458394831	0.10884475848237371	1.0	0.9990476190476191
44	1.1200318495432535	0.10093321172456778	1.0	0.9990476190476191
45	1.1189702075460684	0.09430750239881272	1.0	0.9990476190476191
46	1.1176722049713135	0.08927315193097402	1.0	0.9990476190476191
47	1.116701031724612	0.08458037325977825	1.0	0.9990476190476191
48	1.1157477242606026	0.08049487181631104	1.0	0.9980952380952381
49	1.114882502555847	0.0762561042952447	1.0	0.9980952380952381
50	1.1139060328988468	0.07248644178074576	1.0	0.9980952380952381
51	1.1130132400072539	0.06907953555649678	1.0	0.9980952380952381
-1	-1	-1	-1	-1
0	1.3020892143249512	59.92221786586051	0.3044047619047619	0.4685714285714286
1	1.1839181184768677	42.69916699050497	0.4801190476190476	0.47523809523809524
2	1.142600377400716	35.969740117004164	0.5702380952380952	0.4104761904761905
3	1.1245633959770203	32.39890362192016	0.6088095238095238	0.6933333333333334
4	1.1102702140808105	29.280386765193576	0.6555952380952381	0.6361904761904762
5	1.1035863955815632	27.40221315463686	0.6780952380952381	0.6971428571428572
6	1.0979417051587785	25.184975711111786	0.6970238095238095	0.6514285714285715
7	1.0942629873752594	23.660220835145434	0.7176190476190476	0.7533333333333333
8	1.0911570919884577	20.05235636823531	0.7744047619047619	0.8323809523809523
9	1.0889874935150146	14.72350843052447	0.8727380952380952	0.9076190476190477
10	1.0864950310100208	11.0316928013196	0.9326190476190476	0.9514285714285714
11	1.0848379929860432	8.565726266614385	0.9564285714285714	0.9285714285714286
12	1.083516579407912	6.646984801092982	0.9689285714285715	0.9485714285714286
13	1.0821010385240828	4.4984451854183645	0.9928571428571429	0.9923809523809524
14	1.080661948521932	4.613479328699438	0.9720238095238095	0.5914285714285714
15	1.0796799659729004	3.2842152354381837	0.9844047619047619	0.9933333333333333
16	1.0790002766777487	1.9626929463089193	0.9992857142857143	0.9990476190476191
17	1.0780497789382935	1.3008327103386361	1.0	0.9990476190476191
18	1.077570777190359	0.957300797161494	1.0	0.9990476190476191
19	1.0767616152763366	0.6787053648623224	1.0	0.9990476190476191
20	1.0761760870615642	0.536338836634567	1.0	0.9990476190476191
21	1.0756535855206577	0.41299360253964995	1.0	0.9990476190476191
22	1.0752685691999353	0.31864754747981805	1.0	0.9990476190476191
23	1.0747920076052349	0.2566766379110713	1.0	0.9990476190476191
24	1.0743134689331055	0.2068467707914998	1.0	0.9990476190476191
25	1.0744794240364661	0.17126692058129003	1.0	0.9990476190476191
26	1.0742965980812356	0.14220515451617113	1.0	0.9990476190476191
27	1.074190514428275	0.11947286940629491	1.0	0.9990476190476191
28	1.0742479110586232	0.0988622899857764	1.0	0.9990476190476191
29	1.0748748381932576	0.084866967115962	1.0	0.9990476190476191
30	1.0748832610345656	0.07049225714100178	1.0	0.9990476190476191
31	1.074800282716751	0.060874290990965446	1.0	0.9990476190476191
32	1.0749648628812847	0.052597979473183815	1.0	0.9990476190476191
33	1.0748711824417114	0.04743630082803307	1.0	0.9990476190476191
34	1.0747376850673132	0.03969999361329999	1.0	0.9990476190476191
35	1.074723720550537	0.03466471571461103	1.0	0.9990476190476191
36	1.074912354752824	0.030122226805288074	1.0	0.9990476190476191
-1	-1	-1	-1	-1
0	1.3898169994354248	58.138781261081476	0.33130952380952383	0.42
1	1.2319668531417847	42.84315146239538	0.48595238095238097	0.5638095238095238
2	1.17763090133667	36.27368790659161	0.565595238095238	0.6152380952380953
3	1.151060163974762	32.83358811788233	0.6060714285714286	0.6238095238095238
4	1.1349134922027588	29.9513981822779	0.6454761904761904	0.5476190476190477
5	1.1242831150690715	27.96600394738491	0.6704761904761904	0.5685714285714286
6	1.1178832394736153	26.26692606922338	0.6896428571428571	0.6923809523809524
7	1.1123406291007996	24.39467261499325	0.7238095238095238	0.7047619047619048
8	1.1076685322655573	20.298295684640397	0.7917857142857143	0.878095238095238
9	1.104766321182251	16.40316449372034	0.8645238095238095	0.8333333333333334
10	1.1008147109638562	14.032526402419057	0.9007142857142857	0.8942857142857142
11	1.0980620980262756	12.853967343899686	0.9017857142857143	0.9180952380952381
12	1.0960273559276874	10.854380148898512	0.9408333333333333	0.9485714285714286
13	1.094941292490278	9.408606606291274	0.9492857142857143	0.8904761904761904
14	1.0945756276448568	8.260494145150421	0.9636904761904762	0.9771428571428571
15	1.0937956422567368	7.228880176072791	0.9748809523809524	0.8285714285714286
16	1.0927166658289291	6.445981488934941	0.9736904761904762	0.98
17	1.0920645793279011	5.503750250819971	0.9836904761904762	0.98
18	1.091111660003662	4.635964988302368	0.9907142857142858	0.9761904761904762
19	1.0903745651245118	4.0949062027405425	0.9921428571428571	0.98
20	1.0901234604063488	3.4769127128695354	0.9941666666666666	0.9933333333333333
21	1.0897628502412275	2.949757947214656	0.9966666666666667	0.9876190476190476
22	1.0893473728843357	2.4290220499491966	0.9986904761904762	0.960952380952381
23	1.0892130136489868	2.2846768983416683	0.9980952380952381	0.9857142857142858
24	1.0886501026153566	1.7000255342218813	0.9997619047619047	0.9914285714285714
25	1.0882990176861103	1.4721029815565043	0.9998809523809524	0.9904761904761905
26	1.0877135859595404	1.225787351453259	0.9998809523809524	0.9914285714285714
27	1.0875295741217477	1.0407676148323959	0.9996428571428572	0.9914285714285714
28	1.087373873283123	0.9451958243611195	0.9998809523809524	0.9895238095238095
29	1.0868263165156047	0.7551961098107095	1.0	0.9866666666666667
30	1.0867848242482832	0.6412940940929457	1.0	0.9847619047619047
31	1.0864699706435204	0.5584186926314133	1.0	0.9923809523809524
32	1.0860267118974165	0.48257463654864424	1.0	0.9923809523809524
33	1.0861538508359123	0.49172121071090263	0.9997619047619047	0.9933333333333333
34	1.0858586038861955	0.4850322775287773	0.9994047619047619	0.9885714285714285
35	1.0858406689431932	0.3735714832979463	1.0	0.9914285714285714
36	1.0857690089457743	0.2645908281943644	1.0	0.9895238095238095
37	1.0860926603016101	0.2373097925358399	1.0	0.9895238095238095
38	1.0862721418723083	0.21284317859791985	1.0	0.9895238095238095
39	1.0865988373756408	0.1879144752036936	1.0	0.9876190476190476
40	1.0863528775005806	0.16707146598359024	1.0	0.9895238095238095
-1	-1	-1	-1	-1
0	1.3737010955810547	57.61478505297759	0.3289285714285714	0.4123809523809524
1	1.2203677892684937	42.17530721947268	0.49892857142857144	0.5161904761904762
2	1.1740479469299316	35.979168619946385	0.5803571428571429	0.5619047619047619
3	1.1522907614707947	32.24366323666881	0.6201190476190476	0.5866666666666667
4	1.13869309425354	29.534502254239506	0.6551190476190476	0.6390476190476191
5	1.1296393473943074	27.673593865601283	0.674047619047619	0.5666666666666667
6	1.1225410188947404	26.047125290555194	0.6907142857142857	0.6866666666666666
7	1.1180375516414642	24.271934734097904	0.7157142857142857	0.6133333333333333
8	1.1146643161773682	22.373077222149636	0.7453571428571428	0.7542857142857143
9	1.1119752168655395	18.411109848167506	0.8198809523809524	0.8447619047619047
10	1.1100230867212468	14.904872067527625	0.8858333333333334	0.9276190476190476
11	1.1081624031066895	12.888757711127683	0.9129761904761905	0.9561904761904761
12	1.106386844928448	11.154410532672143	0.9346428571428571	0.9733333333333334
13	1.1043238639831543	9.612522282981148	0.9542857142857143	0.9019047619047619
14	1.1027596632639567	8.54671323798002	0.9580952380952381	0.9714285714285714
15	1.101665198802948	7.209259880812902	0.9808333333333333	0.94
16	1.0997853980344885	6.5120311028150555	0.9752380952380952	0.96
17	1.0984394815233018	5.508586699065146	0.9848809523809524	0.9961904761904762
18	1.0977111490149247	4.589036237150998	0.9890476190476191	0.9828571428571429
19	1.096451961994171	3.844139391931744	0.996904761904762	0.9847619047619047
20	1.094995419184367	3.376779519559766	0.9946428571428572	0.8923809523809524
21	1.0931847528977827	3.2383398583633363	0.9913095238095239	0.9961904761904762
22	1.0919290314549985	2.2758201537476745	1.0	0.9895238095238095
23	1.0903709630171459	1.9693810461591859	0.9994047619047619	0.9942857142857143
24	1.0891682815551758	1.6519827912968827	0.9997619047619047	0.9952380952380953
25	1.0883403374598577	1.3553862193238146	1.0	0.9809523809523809
26	1.0882816314697266	1.165562502501582	1.0	0.9980952380952381
27	1.0880236370222909	0.8918098250949338	1.0	0.9980952380952381
28	1.0877416873800343	0.7670001367199104	1.0	0.9961904761904762
29	1.0874817927678426	0.6453464651062462	1.0	0.9980952380952381
30	1.0875077632165724	0.5488770359652577	1.0	0.9971428571428571
31	1.0873322933912277	0.47742259468415843	1.0	0.9952380952380953
32	1.087282404755101	0.4086925175480063	1.0	0.9961904761904762
33	1.0873367505915024	0.3325973118977628	1.0	0.9961904761904762
34	1.0873195988791329	0.286648843054989	1.0	0.9942857142857143
35	1.0870581931538053	0.2468488847858099	1.0	0.9923809523809524
36	1.087379230035318	0.2174234762504527	1.0	0.9942857142857143
37	1.0876126854043258	0.1899843089310842	1.0	0.9942857142857143
38	1.0877215128678541	0.16733295161687828	1.0	0.9980952380952381
39	1.0877029180526734	0.1365461679947467	1.0	0.9961904761904762
40	1.087492791617789	0.1264701799025667	1.0	0.9942857142857143
41	1.0873160986673265	0.1285556460741355	0.9997619047619047	0.9447619047619048
42	1.0870827907739684	0.9118331350074521	0.9920238095238095	0.9980952380952381
43	1.08678922328082	0.13797665043192217	1.0	0.9990476190476191
44	1.0868588023715549	0.1164657705721973	1.0	0.9980952380952381
45	1.0866326611974966	0.10444758838120523	1.0	0.9980952380952381
46	1.0862203811077362	0.0959460048762791	1.0	0.9980952380952381
47	1.0859761486450832	0.0887870364486038	1.0	0.9980952380952381
48	1.0856100150517054	0.08237254978671046	1.0	0.9980952380952381
49	1.0852285766601562	0.07764794049295862	1.0	0.9971428571428571
50	1.085469680673936	0.07299066609047891	1.0	0.9980952380952381
51	1.0851691365242004	0.06819641683604781	1.0	0.9961904761904762
52	1.0851583570804235	0.06433476549449302	1.0	0.9980952380952381
53	1.0850002942261872	0.06050223076694818	1.0	0.9980952380952381
54	1.08505333553661	0.05685716132658176	1.0	0.9971428571428571
55	1.0847703048161097	0.053386885630313886	1.0	0.9980952380952381
56	1.0845162031943338	0.05023921662835341	1.0	0.9971428571428571
57	1.0842799277141177	0.04722056042813756	1.0	0.9961904761904762
58	1.0840197619745287	0.04429141631767777	1.0	0.9971428571428571
59	1.0839211742083232	0.04083219002719841	1.0	0.9961904761904762
60	1.0838179392892806	0.03815181540969773	1.0	0.9971428571428571
61	1.0836537691854662	0.035169268844953736	1.0	0.9952380952380953
62	1.083494122066195	0.032451281566597774	1.0	0.9961904761904762
63	1.0834415555000305	0.029416783457841482	1.0	0.9952380952380953
-1	-1	-1	-1	-1
0	1.3781278133392334	57.250762352018754	0.33464285714285713	0.4066666666666667
1	1.22380530834198	41.95193965172133	0.49607142857142855	0.5571428571428572
2	1.1713689963022869	35.09950688583316	0.5858333333333333	0.6209523809523809
3	1.1477409601211548	31.165783813244488	0.6357142857142857	0.6533333333333333
4	1.1311498165130616	28.293746708917073	0.6686904761904762	0.7047619047619048
5	1.1207377513249714	26.35984121982589	0.6851190476190476	0.7209523809523809
6	1.1141538960593087	24.313049889336067	0.7086904761904762	0.7171428571428572
7	1.1086494624614716	20.8450849663622	0.7646428571428572	0.8419047619047619
8	1.1044154696994357	16.044747718840043	0.8610714285714286	0.9
9	1.1023093223571778	12.647634620448935	0.9058333333333334	0.9885714285714285
10	1.0999213565479626	10.839184953232682	0.9219047619047619	0.9552380952380952
11	1.0972976287206013	8.416826395934072	0.9477380952380953	0.8761904761904762
12	1.0953301099630504	6.602494240713663	0.9707142857142858	0.9266666666666666
13	1.0940368345805578	4.819867063384546	0.9880952380952381	0.9952380952380953
14	1.0926144599914551	4.7147961628301065	0.9758333333333333	0.9990476190476191
15	1.0917396992444992	2.711235913033721	0.9972619047619048	0.9990476190476191
16	1.0904649566201603	1.7777566667292055	1.0	0.9990476190476191
17	1.0895769331190321	1.2701184272539479	1.0	1.0
18	1.0890541955044395	0.9178661576015414	1.0	1.0
19	1.0887514352798462	0.6953827161979312	1.0	1.0
20	1.0881963116782052	0.4982757984798671	1.0	1.0
21	1.0880419666116887	0.3791327562622244	1.0	1.0
22	1.0878017052360203	0.28579771963475775	1.0	1.0
23	1.0880394180615742	0.2265261031488955	1.0	1.0
24	1.0879756641387939	0.18240847808269947	1.0	1.0
25	1.0877180833082933	0.14916181864620615	1.0	1.0
26	1.0875134203169081	0.12626043399760478	1.0	1.0
27	1.0874621442386083	0.09887954315078576	1.0	1.0
28	1.0871118512646905	0.08507011475275225	1.0	1.0
29	1.0866564591725667	0.07084322271748188	1.0	1.0
30	1.0862603802834787	0.0608520806827246	1.0	1.0
31	1.0861313790082932	0.05100994851765977	1.0	1.0
32	1.085706530195294	0.04440710479712305	1.0	1.0
33	1.085410665063297	0.037754213235592436	1.0	1.0
34	1.0855119705200196	0.03268808863717114	1.0	1.0
35	1.085073517428504	0.0280221570318586	1.0	1.0
36	1.0850123585881413	0.024076673499673264	1.0	1.0
37	1.0846011262190969	0.020989994961102654	1.0	1.0
-1	-1	-1	-1	-1
0	1.3407292366027832	57.94803832601685	0.3182142857142857	0.40095238095238095
1	1.2122752666473389	41.68765261689973	0.5026190476190476	0.5276190476190477
2	1.1679168542226155	36.15750194955688	0.5671428571428572	0.5247619047619048
3	1.140883207321167	32.35371406178057	0.6145238095238095	0.599047619047619
4	1.1233038902282715	29.478120336061195	0.6558333333333334	0.6114285714285714
5	1.1138805150985718	27.250051027015136	0.6745238095238095	0.6876190476190476
6	1.1084114142826624	25.382757480606834	0.7041666666666667	0.6
7	1.1048460006713867	23.06234412682827	0.7341666666666666	0.7295238095238096
8	1.1024769677056208	17.89362966153105	0.843452380952381	0.7885714285714286
9	1.099623703956604	14.601000080543779	0.9073809523809524	0.8952380952380953
10	1.098741119558161	12.526829211884126	0.9075	0.9019047619047619
11	1.096400499343872	10.412611150922885	0.9338095238095238	0.8333333333333334
12	1.0948313933152418	8.425146847170115	0.9511904761904761	0.8171428571428572
13	1.0987215723310197	6.863127683958626	0.9709523809523809	0.9876190476190476
14	1.097159783045451	5.495160627727726	0.9754761904761905	0.9838095238095238
15	1.0957022905349731	4.072152457763034	0.9908333333333333	0.9990476190476191
16	1.0942221809835995	3.2804205920759717	0.9923809523809524	0.7533333333333333
17	1.092652678489685	2.6128573238623005	0.9927380952380952	1.0
18	1.0918208297930265	1.939328515937573	0.9967857142857143	0.9971428571428571
19	1.0915486574172975	1.3267835578084446	1.0	1.0
20	1.0911983648935955	0.9464900565011419	1.0	1.0
21	1.0910724076357754	0.873473016368119	0.9997619047619047	0.9980952380952381
22	1.0912188032399053	0.5795659638742984	1.0	1.0
23	1.0911075870196025	0.427251114421471	1.0	1.0
24	1.0914393520355226	0.3409693749911885	1.0	1.0
25	1.0908393859863281	0.2701017322309117	1.0	1.0
26	1.0904514436368589	0.22412673477437559	1.0	0.9990476190476191
27	1.0901746579578944	0.1954113745587407	1.0	1.0
28	1.090420862724041	0.14647170906964363	1.0	1.0
29	1.0902191241582235	0.12344016923707248	1.0	1.0
30	1.0902413245170348	0.1063188917708261	1.0	1.0
31	1.090162269771099	0.08630357960331123	1.0	1.0
32	1.0902684674118504	0.0747984734296572	1.0	1.0
33	1.0900107061161715	0.06351721215242442	1.0	1.0
34	1.0902396202087403	0.05544276732398983	1.0	1.0
35	1.0903244813283284	0.04680103066416295	1.0	1.0
36	1.0900701703252018	0.042169403603491674	1.0	1.0
37	1.0899235951273065	0.036098578126796524	1.0	1.0
-1	-1	-1	-1	-1
0	1.3165502548217773	57.753078540468394	0.3317857142857143	0.37714285714285717
1	1.1970951557159424	42.462447590701025	0.5001190476190476	0.5876190476190476
2	1.1591435273488362	36.4293858705818	0.5728571428571428	0.5076190476190476
3	1.1406942009925842	32.563375672460054	0.6192857142857143	0.6247619047619047
4	1.1289075374603272	30.21414632398366	0.6505952380952381	0.6371428571428571
5	1.1231730381647747	28.513243367010197	0.6671428571428571	0.6752380952380952
6	1.1173621926988875	26.348581821746247	0.6953571428571429	0.6895238095238095
7	1.1129019856452942	24.60943048353884	0.7141666666666666	0.7666666666666667
8	1.110381391313341	20.261609211620723	0.7989285714285714	0.9219047619047619
9	1.1071318864822388	17.058366893362184	0.8567857142857143	0.8590476190476191
10	1.104743784124201	14.64025863857777	0.891547619047619	0.8828571428571429
11	1.1026992599169414	12.953014979344356	0.915952380952381	0.9076190476190477
12	1.1008429710681622	11.737573821281753	0.9239285714285714	0.8704761904761905
13	1.0986276865005493	10.037963230800266	0.9557142857142857	0.9676190476190476
14	1.097487465540568	9.36352270365668	0.9465476190476191	0.8828571428571429
15	1.0963004678487778	8.129082439516887	0.9615476190476191	0.9571428571428572
16	1.0951438651365393	7.220585925497483	0.9748809523809524	0.8714285714285714
17	1.0933596425586276	6.351270425455652	0.9807142857142858	0.9676190476190476
18	1.0921060411553634	5.466833056152547	0.9888095238095238	0.9857142857142858
19	1.0908729195594788	5.0395130821053975	0.988452380952381	0.9733333333333334
20	1.0900604270753407	4.483043140331602	0.9929761904761905	0.9780952380952381
21	1.0889354293996638	3.8870756544541045	0.9951190476190476	0.9857142857142858
22	1.0886447015015974	3.5468723787554315	0.9920238095238095	0.9771428571428571
23	1.0887462596098583	3.009077875786408	0.9982142857142857	0.9923809523809524
24	1.0882354068756104	2.650558416381082	0.9989285714285714	0.979047619047619
25	1.0876877124492939	2.2659704524301305	0.9996428571428572	0.9923809523809524
26	1.0874382213309959	2.075745508698003	0.9988095238095238	0.9914285714285714
27	1.0875038164002555	1.7274235548175334	0.9998809523809524	0.9895238095238095
28	1.087315033222067	1.7132302953263199	0.9988095238095238	0.9942857142857143
29	1.087324595451355	1.374826026053483	1.0	0.9933333333333333
30	1.087166586229878	1.2092448896781574	0.9997619047619047	0.9847619047619047
31	1.0872239619493484	1.0408640689722939	1.0	0.9904761904761905
32	1.086951089627815	0.9641887261160427	0.9998809523809524	0.9857142857142858
33	1.086527705192566	0.8489414105623847	1.0	0.9914285714285714
34	1.0859346457890102	0.7219629948356759	1.0	0.9914285714285714
35	1.0855513877338834	0.6513530172322639	1.0	0.9904761904761905
36	1.085519771318178	0.5787422524432265	1.0	0.9809523809523809
37	1.0852185613230656	0.5030533894046632	1.0	0.9857142857142858
38	1.0849681083972638	0.45566355711833606	1.0	0.9885714285714285
39	1.0846886396408082	0.3946935563939606	1.0	0.9847619047619047
40	1.084353993578655	0.3714764918777879	1.0	0.9847619047619047
41	1.0842708235695249	0.32856459938301336	1.0	0.9838095238095238
42	1.083918765533802	0.30672304077293483	1.0	0.9847619047619047
43	1.0837160023775967	0.2665614244375845	1.0	0.9761904761904762
44	1.0836376084221735	0.2369166845491177	1.0	0.9809523809523809
45	1.083437064419622	0.21440551633957222	1.0	0.9742857142857143
46	1.083222064566105	0.19039311813820906	1.0	0.98
47	1.0829896380503972	0.17806560379017441	1.0	0.9780952380952381
48	1.0825822791274713	0.19953396618932825	0.9998809523809524	0.96
-1	-1	-1	-1	-1
0	1.3659632205963135	59.00134031491588	0.30976190476190474	0.40190476190476193
1	1.213045597076416	42.95543984677855	0.4925	0.5495238095238095
2	1.1623071034749348	36.25208154830643	0.5660714285714286	0.5819047619047619
3	1.1384985446929932	32.231391899486006	0.6266666666666667	0.5647619047619048
4	1.122082281112671	29.840684281555873	0.6492857142857142	0.6304761904761905
5	1.1124834616978962	27.888707824532975	0.6753571428571429	0.6457142857142857
6	1.1045898028782435	26.214444729765106	0.6861904761904762	0.6257142857142857
7	1.0995725095272064	24.465501959332947	0.719047619047619	0.7085714285714285
8	1.0950922701093886	21.92656197928657	0.7482142857142857	0.7876190476190477
9	1.0926008701324463	17.2201173713452	0.8519047619047619	0.8647619047619047
10	1.0896595824848523	14.798508691243798	0.8973809523809524	0.8971428571428571
11	1.0871801575024922	12.96586572262724	0.9151190476190476	0.8114285714285714
12	1.0855967998504639	11.316339966915406	0.9328571428571428	0.9142857142857143
13	1.0838745662144251	9.991588612473056	0.9454761904761905	0.960952380952381
14	1.0825098991394042	8.683561747518329	0.9732142857142857	0.9895238095238095
15	1.0811026692390442	7.871444367637199	0.9664285714285714	0.9828571428571429
16	1.0798118675456327	6.8866505613798426	0.9736904761904762	0.9685714285714285
17	1.0792572498321533	6.0629633316069045	0.9832142857142857	0.9466666666666667
18	1.0783028351633173	5.275351029385178	0.9896428571428572	0.979047619047619
19	1.0783678054809571	4.689432827692068	0.9921428571428571	0.9771428571428571
20	1.078428416025071	3.9867935402765022	0.996547619047619	0.9580952380952381
21	1.078259749846025	3.476949780839478	0.9978571428571429	0.9876190476190476
22	1.0768535240836765	3.0915859869677758	0.9978571428571429	0.9914285714285714
23	1.0758241415023804	2.7335387581654826	0.9982142857142857	0.9676190476190476
24	1.0749000358581542	2.3996611883431784	0.9991666666666666	0.9571428571428572
25	1.074433913597694	2.0071945951918684	0.9996428571428572	0.98
26	1.0741214045771845	1.832726719488209	0.9992857142857143	0.9828571428571429
27	1.0741706149918693	1.5775812080151228	0.9998809523809524	0.9876190476190476
28	1.074361908024755	1.414714355772439	0.9996428571428572	0.9885714285714285
29	1.0738097111384073	1.1109394400518657	1.0	0.9847619047619047
30	1.073874596626528	0.9960180962946932	0.9998809523809524	0.9761904761904762
31	1.0734736546874046	1.0024505674612385	0.9990476190476191	0.9857142857142858
32	1.0739752234834614	0.8016413809455393	0.9998809523809524	0.9857142857142858
33	1.0744983659071081	0.7132487039828935	0.9998809523809524	0.981904761904762
34	1.0742496354239328	0.6469229742488027	1.0	0.9828571428571429
35	1.074075996875763	0.5404592845376454	1.0	0.9809523809523809
36	1.0740267650501147	0.48465546336690735	1.0	0.9771428571428571
37	1.0740101337432861	0.5971876138063438	0.9990476190476191	0.9733333333333334
38	1.073856335419875	0.5095614159741783	1.0	0.9838095238095238
39	1.0738956332206726	0.36309418767803975	1.0	0.9809523809523809
40	1.074179701688813	0.3132122929275262	1.0	0.98
41	1.0742658149628412	0.2948343926056256	1.0	0.9828571428571429
42	1.0746003084404523	0.26132747698079495	1.0	0.981904761904762
-1	-1	-1	-1	-1
0	1.3536534309387207	59.02010283814637	0.3101190476190476	0.4180952380952381
1	1.2133071422576904	42.96216795743645	0.49357142857142855	0.5780952380952381
2	1.1703194777170818	36.50218995533062	0.5677380952380953	0.54
3	1.1472072005271912	32.58953166279956	0.613452380952381	0.5904761904761905
4	1.1326584339141845	30.04431143278405	0.6452380952380953	0.6
5	1.1253711382548015	27.96590775138072	0.6717857142857143	0.6638095238095238
6	1.1178639275687081	26.68970275559806	0.6828571428571428	0.660952380952381
7	1.1107766032218933	25.403712439446394	0.7004761904761905	0.6457142857142857
8	1.1056839095221624	23.7739797563154	0.7253571428571428	0.7152380952380952
9	1.1023627042770385	22.337522778674224	0.7366666666666667	0.7447619047619047
10	1.0997172485698352	18.19505199823996	0.8215476190476191	0.8257142857142857
11	1.0968868732452393	14.618725432189246	0.8929761904761905	0.8742857142857143
12	1.094060549369225	12.932174196714683	0.9167857142857143	0.8466666666666667
13	1.092698335647583	11.450239444413565	0.9271428571428572	0.700952380952381
14	1.0904170672098796	10.255148089883898	0.9415476190476191	0.9076190476190477
15	1.0890961736440659	9.01117123215824	0.955	0.9228571428571428
16	1.0881455926334156	8.071438294399828	0.9641666666666666	0.9504761904761905
17	1.0867806010776095	7.062892690810867	0.9763095238095238	0.94
18	1.085859361447786	6.197048471001165	0.9829761904761904	0.8438095238095238
19	1.0844806671142577	5.645745631406515	0.9807142857142858	0.9333333333333333
20	1.0845624605814617	4.744749934954335	0.9895238095238095	0.9866666666666667
21	1.0844996842471035	4.28684980969012	0.9922619047619048	0.960952380952381
22	1.0843652849612029	3.772532314855336	0.9922619047619048	0.9847619047619047
23	1.0843412677447002	3.0858010561293976	0.998452380952381	0.9809523809523809
24	1.084152135848999	2.858864489617003	0.9975	0.9780952380952381
25	1.08432491009052	2.515922099918467	0.996904761904762	0.979047619047619
26	1.0833540492587619	2.0448574877057237	0.9989285714285714	0.9704761904761905
27	1.0834191611834936	1.8328700344372157	0.9992857142857143	0.9876190476190476
28	1.0839086812118004	1.7657083136953782	0.9985714285714286	0.9742857142857143
29	1.0841593821843465	1.3614751425759422	0.9996428571428572	0.9847619047619047
30	1.0845171405423073	1.1833342717174342	1.0	0.9904761904761905
31	1.084652118384838	1.1693463802564281	0.9985714285714286	0.9676190476190476
32	1.084701870426987	0.9515099880133292	0.9998809523809524	0.9676190476190476
33	1.0845955049290377	0.8106291562658753	1.0	0.9866666666666667
34	1.0845938341958181	0.6797708012871869	1.0	0.9685714285714285
35	1.0845984021822612	0.6464589537323201	0.9998809523809524	0.9723809523809523
36	1.0842423761213147	0.6417065689432304	0.9998809523809524	0.9723809523809523
37	1.0839952355936955	0.5728853344350713	1.0	0.9885714285714285
38	1.083735582156059	0.44912584822894047	1.0	0.98
39	1.0836602807044984	0.384844042417441	1.0	0.9828571428571429
40	1.0834377509791677	0.34085546646394654	1.0	0.9771428571428571
41	1.0832250515619914	0.30915111294830705	1.0	0.9809523809523809
42	1.083085947258528	0.28871724550601646	1.0	0.979047619047619
43	1.0835077437487515	0.2524502301595737	1.0	0.9809523809523809
44	1.0837691995832655	0.2292772916786571	1.0	0.9742857142857143
45	1.0836047607919443	0.2181206992313889	1.0	0.9580952380952381
46	1.0836541855588873	0.19123363336229507	1.0	0.9704761904761905
47	1.083421031634013	0.17400695444456524	1.0	0.979047619047619
48	1.0834663352187799	0.16547603661569807	1.0	0.9666666666666667
49	1.0834098148345948	0.13758978892131904	1.0	0.9666666666666667
50	1.0832416450276094	0.1328803940778846	1.0	0.9780952380952381
-1	-1	-1	-1	-1
0	1.369673490524292	59.020398426418524	0.30464285714285716	0.4085714285714286
1	1.2216017246246338	43.28939076702858	0.48678571428571427	0.520952380952381
2	1.173742691675822	36.764432145615494	0.5620238095238095	0.5904761904761905
3	1.1513583660125732	32.987234590624674	0.6075	0.5961904761904762
4	1.1389995574951173	30.533413792744337	0.6319047619047619	0.6619047619047619
5	1.130330204963684	28.08263156441228	0.67	0.6266666666666667
6	1.1251069477626257	26.626453932700503	0.6867857142857143	0.6666666666666666
7	1.1210485696792603	24.61647085182567	0.7171428571428572	0.6733333333333333
8	1.1170074674818251	22.940553447592848	0.7309523809523809	0.7638095238095238
9	1.1141939401626586	18.458309260611298	0.8235714285714286	0.8
10	1.1120229417627507	14.909130297686211	0.8864285714285715	0.8609523809523809
11	1.109246015548706	13.111496203752525	0.8967857142857143	0.8933333333333333
12	1.106427027628972	11.093432959494935	0.9304761904761905	0.8580952380952381
13	1.1048834834780012	9.692706994684023	0.9430952380952381	0.9295238095238095
14	1.103605588277181	8.594531682960888	0.9482142857142857	0.9361904761904762
15	1.101378545165062	6.755324944797124	0.9789285714285715	0.9447619047619048
16	1.0997903066522934	5.732910635806761	0.9825	0.9828571428571429
17	1.097778148121304	4.914491275417488	0.9890476190476191	0.979047619047619
18	1.0964065350984271	3.7383895899406405	0.9960714285714286	0.9885714285714285
19	1.0950534462928772	3.162502376752208	0.9955952380952381	0.9866666666666667
20	1.0934916337331135	3.4995842641750667	0.9810714285714286	0.9980952380952381
21	1.0927786176854914	2.272707139357868	0.9978571428571429	0.9904761904761905
22	1.091327076372893	1.5866230714910383	1.0	0.9895238095238095
23	1.0896527469158173	2.1687132435153194	0.9890476190476191	0.9942857142857143
24	1.0889706134796142	1.1267440511699864	1.0	0.9952380952380953
25	1.0880515116911669	0.9259247416099214	1.0	0.9895238095238095
26	1.0876171942110415	0.7499274768983456	1.0	0.9952380952380953
27	1.0869828377451216	0.6164981142083048	1.0	0.9914285714285714
28	1.0862104892730713	0.5199512455173319	1.0	0.9933333333333333
29	1.0849724292755127	0.42374546111989836	1.0	0.9914285714285714
30	1.0848359215644099	0.35909363375303865	1.0	0.9923809523809524
31	1.0850509479641914	0.32339180263729606	1.0	0.9885714285714285
32	1.0848297783822725	0.25441103238796553	1.0	0.9923809523809524
33	1.0851124665316414	0.22151252805846725	1.0	0.9904761904761905
34	1.0851737431117467	0.19022858587621283	1.0	0.9923809523809524
35	1.0855505930052862	0.15546191228773204	1.0	0.9914285714285714
36	1.0856571390822127	0.13620321591430745	1.0	0.9914285714285714
37	1.08585786819458	0.12167350310449818	1.0	0.9904761904761905
38	1.084623349018586	0.10161318235495924	1.0	0.9895238095238095
39	1.0838295340538024	0.0921176115596249	1.0	0.9914285714285714
40	1.083266769967428	0.08409349766237655	1.0	0.9904761904761905
-1	-1	-1	-1	-1
0	1.3015639781951904	58.99624327017781	0.3105952380952381	0.4114285714285714
1	1.1715317964553833	42.833039229360374	0.4866666666666667	0.5619047619047619
2	1.1398087342580159	36.16045178025394	0.5807142857142857	0.5723809523809524
3	1.119287371635437	32.66936780835286	0.6046428571428571	0.6419047619047619
4	1.1071030616760253	29.89887813016942	0.6463095238095238	0.5552380952380952
5	1.1008067925771077	28.385351224543932	0.666547619047619	0.6933333333333334
6	1.096329859324864	26.219767323918216	0.6895238095238095	0.6980952380952381
7	1.0928671061992645	24.526136401941567	0.7098809523809524	0.6914285714285714
8	1.089262882868449	22.984278047946017	0.729047619047619	0.7142857142857143
9	1.0855635166168214	19.86279584790364	0.7884523809523809	0.8228571428571428
10	1.0840191624381326	15.260719447988068	0.8817857142857143	0.9438095238095238
11	1.082507054011027	13.128936876362268	0.9172619047619047	0.9104761904761904
12	1.0807746923886812	11.497528846726219	0.9383333333333334	0.9152380952380952
13	1.080235140664237	10.064602928016576	0.9533333333333334	0.9533333333333334
14	1.078203280766805	8.880792179035144	0.9580952380952381	0.9685714285714285
15	1.0768865197896957	7.705196466736014	0.9720238095238095	0.9552380952380952
16	1.0766213220708511	6.657589571557571	0.9833333333333333	0.940952380952381
17	1.0769572125540838	6.045746501407696	0.9796428571428571	0.9666666666666667
18	1.0770090002762644	4.871244883355986	0.9941666666666666	0.9885714285714285
19	1.076147484779358	4.285432129305125	0.9953571428571428	0.9952380952380953
20	1.0745135829562233	3.6684290383705167	0.9967857142857143	0.9942857142857143
21	1.0743682059374722	3.3802578936511574	0.995	0.9952380952380953
22	1.0743315530859905	2.735945176262366	0.9988095238095238	0.9942857142857143
23	1.0741691986719768	2.340701905040233	0.9991666666666666	0.9942857142857143
24	1.0735008907318115	1.946533153492235	0.9996428571428572	0.9952380952380953
25	1.073518230364873	1.7679326121798034	0.9986904761904762	0.9952380952380953
26	1.0729189183976915	1.3669495906666658	0.9998809523809524	0.9942857142857143
27	1.0722556454794747	1.43734562011726	0.9990476190476191	0.9952380952380953
28	1.0723443113524338	1.0057846792750484	1.0	0.9828571428571429
29	1.0724865357081095	0.880292842030072	0.9997619047619047	0.9923809523809524
30	1.0723009801680041	0.7333718625538249	1.0	0.9933333333333333
31	1.071905292570591	0.6295949848999088	1.0	0.9933333333333333
32	1.0713613394534949	0.5752740006596416	1.0	0.9942857142857143
33	1.0708498323664946	0.4686261621718171	1.0	0.9923809523809524
34	1.0705435752868653	0.46940626716772416	0.9996428571428572	0.9533333333333334
35	1.0705380505985684	0.8016106640148072	0.9955952380952381	0.9980952380952381
36	1.0710813161489126	0.34959897075995744	1.0	0.9961904761904762
37	1.0713412824429964	0.2961869443494104	1.0	0.9942857142857143
38	1.0717023763901148	0.26726220182706195	1.0	0.9961904761904762
39	1.0720841109752655	0.24151855132085742	1.0	0.9961904761904762
40	1.0721878947281256	0.21569244036656368	1.0	0.9952380952380953
41	1.0721552939642043	0.19768698844959529	1.0	0.9942857142857143
42	1.0721802157025004	0.17633824449868257	1.0	0.9952380952380953
43	1.07195153019645	0.15985048563704746	1.0	0.9923809523809524
44	1.0717529932657877	0.14316920254790283	1.0	0.9914285714285714
45	1.0717628572298132	0.1292133988961294	1.0	0.9942857142857143
46	1.0717962193996349	0.11620747492057289	1.0	0.9952380952380953
47	1.0716948509216309	0.10641009981669627	1.0	0.9942857142857143
48	1.0719048782270781	0.09670653303256506	1.0	0.9942857142857143
49	1.0719345617294311	0.09167194210644457	1.0	0.9933333333333333
50	1.0719938885931874	0.07941292324758528	1.0	0.9933333333333333
51	1.0718563978488629	0.07230848401869884	1.0	0.9923809523809524
52	1.071903035325824	0.0662117376215331	1.0	0.9933333333333333
53	1.0721178540477045	0.06063247840327455	1.0	0.9904761904761905
54	1.0721466194499623	0.05583293318125231	1.0	0.9923809523809524
55	1.0723103668008531	0.05273642614767125	1.0	0.9914285714285714
-1	-1	-1	-1	-1
0	1.3187503814697266	58.19130661822997	0.32726190476190475	0.38666666666666666
1	1.20172917842865	42.79060882307277	0.48595238095238097	0.5371428571428571
2	1.1552387078603108	36.233627478886014	0.5717857142857142	0.6666666666666666
3	1.1320968270301819	32.432811374446736	0.6178571428571429	0.5904761904761905
4	1.1197020530700683	30.327525077210634	0.6378571428571429	0.6038095238095238
5	1.110256314277649	27.59684526059111	0.6765476190476191	0.6695238095238095
6	1.1039478097643172	25.536089298842978	0.7047619047619048	0.6209523809523809
7	1.0992621779441833	23.528737506938977	0.7291666666666666	0.7390476190476191
8	1.098025957743327	19.256646232459936	0.815	0.8142857142857143
9	1.0950680494308471	15.971351101371273	0.8810714285714286	0.9257142857142857
10	1.0928254344246604	13.813522329801842	0.9028571428571428	0.9104761904761904
11	1.0908820033073425	12.211938838088468	0.9121428571428571	0.8638095238095238
12	1.088617361508883	10.425658922231696	0.949047619047619	0.8990476190476191
13	1.0867768355778284	9.334663420122386	0.9411904761904762	0.959047619047619
14	1.0850668907165528	8.039195147757294	0.9641666666666666	0.9638095238095238
15	1.0839633792638779	6.713477245301801	0.9782142857142857	0.8952380952380953
16	1.0835760901955998	5.687500566584076	0.9876190476190476	0.9428571428571428
17	1.0833202997843425	4.802814913793209	0.9871428571428571	0.9933333333333333
18	1.083246205982409	4.00390602336637	0.9954761904761905	0.9876190476190476
19	1.0827146172523499	3.3633927084193935	0.9964285714285714	0.940952380952381
20	1.0822468598683674	3.3052611323817147	0.9905952380952381	0.9828571428571429
21	1.0813610336997292	2.246587044385903	0.9995238095238095	0.9952380952380953
22	1.0812516108803127	1.8271073914299447	0.9998809523809524	0.9961904761904762
23	1.0815476576487224	1.6542130169306417	0.9991666666666666	0.9866666666666667
24	1.0812980365753173	1.3084488154137544	1.0	0.9980952380952381
25	1.0809938265727117	1.3996705682558706	0.9990476190476191	0.9971428571428571
26	1.0807602317244918	0.8873642632036608	0.9998809523809524	0.9961904761904762
27	1.0808461989675249	0.7386305711795169	1.0	0.9952380952380953
28	1.0805575929839035	0.8072665347345882	0.9985714285714286	0.98
29	1.0797550678253174	0.7765795301801804	0.9986904761904762	0.9980952380952381
30	1.07987823793965	0.46993115402673136	1.0	0.9990476190476191
31	1.0797495618462563	0.38435313723159836	1.0	0.9971428571428571
32	1.079605637174664	0.33775668642253476	1.0	0.9952380952380953
33	1.079454646391027	0.29359205747058637	1.0	0.9971428571428571
34	1.0795955453600203	0.25757005337639904	1.0	0.9952380952380953
35	1.0797960758209229	0.2218083330773582	1.0	0.9961904761904762
36	1.079392297847851	0.1977400039765318	1.0	0.9980952380952381
37	1.0787971270711798	0.17170298348814816	1.0	0.9961904761904762
38	1.078676700592041	0.1492147108277894	1.0	0.9961904761904762
39	1.0782262206077575	0.13262442816686268	1.0	0.9961904761904762
40	1.0780711988123453	0.11777230455564909	1.0	0.9923809523809524
41	1.078025914373852	0.11031577551999473	1.0	0.9971428571428571
42	1.0777610069097474	0.09355338882414108	1.0	0.9952380952380953
43	1.0776199048215693	0.08083661565620863	1.0	0.9952380952380953
44	1.0773784266577826	0.07557588710871033	1.0	0.9923809523809524
45	1.0771462554517	0.0651234011148092	1.0	0.9961904761904762
46	1.0769297417173995	0.05829901688027518	1.0	0.9971428571428571
47	1.0765742311875026	0.05462729942917597	1.0	0.9961904761904762
48	1.076343059539795	0.046485367539151085	1.0	0.9952380952380953
49	1.076260347366333	0.04168726354766594	1.0	0.9952380952380953
50	1.0760709538179285	0.03878072026352125	1.0	0.9952380952380953
-1	-1	-1	-1	-1
0	1.3382859230041504	57.75964190842081	0.3273809523809524	0.45904761904761904
1	1.192596673965454	41.79433079273529	0.5005952380952381	0.5085714285714286
2	1.152819077173869	35.62534529537302	0.5795238095238096	0.5819047619047619
3	1.1350442171096802	32.145822706331316	0.6167857142857143	0.5904761904761905
4	1.1228475093841552	29.249723510597143	0.6605952380952381	0.6885714285714286
5	1.1143066883087158	27.887312841959325	0.6644047619047619	0.6895238095238095
6	1.108276265008109	25.61422487991391	0.6964285714285714	0.6952380952380952
7	1.103233516216278	24.440777615449274	0.7061904761904761	0.7057142857142857
8	1.1009468237559001	21.504338957057705	0.7544047619047619	0.7619047619047619
9	1.0972502946853637	16.907937310947666	0.8452380952380952	0.8809523809523809
10	1.0948506485332141	14.208783193232895	0.886547619047619	0.8752380952380953
11	1.0929503639539082	12.108730430385458	0.9172619047619047	0.9247619047619048
12	1.0918388183300312	10.33448528790202	0.9411904761904762	0.8904761904761904
13	1.0898329871041434	8.73181582403727	0.9539285714285715	0.9304761904761905
14	1.0889128843943279	7.59647695283926	0.9653571428571428	0.9904761904761905
15	1.088001787662506	6.231636441705798	0.9773809523809524	0.9095238095238095
16	1.0872780435225542	5.398639795898031	0.9832142857142857	0.9628571428571429
17	1.0874192582236395	4.249835521549326	0.9921428571428571	0.9952380952380953
18	1.0870748193640458	4.4765574107151975	0.9755952380952381	0.959047619047619
19	1.0873011231422425	3.011686644173394	0.9983333333333333	0.9838095238095238
20	1.087283418292091	2.276607518413674	0.9995238095238095	0.9952380952380953
21	1.0867547988891602	1.8398916408589585	1.0	0.9923809523809524
22	1.0863449988157854	1.5261275649297374	1.0	0.9942857142857143
23	1.085733413696289	1.1927621788398395	1.0	0.9971428571428571
24	1.0854267024993896	0.958992636589043	1.0	0.9961904761904762
25	1.085165839928847	0.778514055811407	1.0	0.9952380952380953
26	1.0848513885780617	1.2419066741892593	0.9928571428571429	0.9980952380952381
27	1.084570118359157	0.545858672193248	1.0	0.9980952380952381
28	1.0848321668032943	0.4744602250848886	1.0	0.9971428571428571
29	1.084631617863973	0.38060094240500447	1.0	0.9971428571428571
30	1.0851300377999582	0.3228910401633484	1.0	0.9971428571428571
31	1.0843793600797653	0.27324670473885626	1.0	0.9971428571428571
32	1.0839384469118984	0.24000877575389332	1.0	0.9961904761904762
33	1.083626101998722	0.1998670770584857	1.0	0.9971428571428571
34	1.0831742082323348	0.1770371985072872	1.0	0.9961904761904762
35	1.0826803975635104	0.14924929697533978	1.0	0.9980952380952381
36	1.082498009140427	0.13421220424454022	1.0	0.9961904761904762
37	1.0823468346344798	0.11550550594812564	1.0	0.9952380952380953
38	1.082067942007994	0.1029117724968	1.0	0.9942857142857143
39	1.081913274526596	0.08844244179843497	1.0	0.9961904761904762
40	1.0815372699644508	0.07924037195118888	1.0	0.9952380952380953
41	1.081342998005095	0.06875367568869555	1.0	0.9942857142857143
42	1.081554701161939	0.05926987262506449	1.0	0.9952380952380953
43	1.0818093690005215	0.05314083236620227	1.0	0.9942857142857143
44	1.0817734347449408	0.4853564661435301	0.9963095238095238	0.9961904761904762
45	1.0820230660231218	0.08123585010946023	0.9998809523809524	0.9990476190476191
46	1.0819453280022804	0.056332113051312506	1.0	0.9990476190476191
47	1.0819513549407322	0.05062421568502945	1.0	0.9990476190476191
48	1.0821652266443993	0.04689795534859479	1.0	0.9990476190476191
49	1.082118320465088	0.043869491078724426	1.0	0.9990476190476191
50	1.0823064785377652	0.04123201797018713	1.0	0.9990476190476191
51	1.0825450695477998	0.039040657921832325	1.0	0.9990476190476191
52	1.0825486543043605	0.0368006829059056	1.0	0.9971428571428571
53	1.0828639577936243	0.034843926236543366	1.0	0.9971428571428571
54	1.0830071969465775	0.03315362398346228	1.0	0.9971428571428571
55	1.0831683661256517	0.03137436308703268	1.0	0.9971428571428571
56	1.0830585203672711	0.029755685450119664	1.0	0.9971428571428571
57	1.0830129426101158	0.028139356534375663	1.0	0.9961904761904762
58	1.0831088575266175	0.026431017041829603	1.0	0.9971428571428571
59	1.083085310459137	0.024836088959198487	1.0	0.9961904761904762
60	1.0831181377661032	0.023345978834981473	1.0	0.9961904761904762
61	1.0831873301536805	0.02187283737266245	1.0	0.9971428571428571
62	1.0831056360214475	0.02010758342610906	1.0	0.9961904761904762
63	1.0829672515392303	0.018743936631106153	1.0	0.9971428571428571
64	1.0829473312084492	0.017213453039413622	1.0	0.9980952380952381
65	1.082768906246532	0.015933805614525714	1.0	0.9971428571428571
-1	-1	-1	-1	-1
0	1.3945958614349365	58.4750858785535	0.3144047619047619	0.43142857142857144
1	1.238335132598877	42.32661983359449	0.4969047619047619	0.52
2	1.1876317660013835	36.338678903906064	0.5636904761904762	0.6047619047619047
3	1.1601334810256958	32.51002963686171	0.6094047619047619	0.5552380952380952
4	1.146204900741577	29.92281982291334	0.6508333333333334	0.6828571428571428
5	1.1349103450775146	28.4091658247741	0.6635714285714286	0.6523809523809524
6	1.127457925251552	26.262571773601575	0.6873809523809524	0.6714285714285714
7	1.122303545475006	24.328547140491327	0.7163095238095238	0.6961904761904761
8	1.1188037130567763	22.74895872543973	0.7380952380952381	0.7209523809523809
9	1.1148280143737792	19.277978354987084	0.7998809523809524	0.8638095238095238
10	1.1129496097564697	15.560148511096099	0.876547619047619	0.8647619047619047
11	1.1103400985399883	13.151631413303853	0.9114285714285715	0.839047619047619
12	1.1073004465836744	12.026685178959777	0.9155952380952381	0.9276190476190476
13	1.1045485394341605	10.22459825726063	0.9444047619047619	0.9304761904761905
14	1.1030741691589356	9.080109111256473	0.9510714285714286	0.9285714285714286
15	1.1022996604442596	8.0417255602862	0.959047619047619	0.88
16	1.101336493211634	6.7479829362136785	0.9810714285714286	0.9552380952380952
17	1.1003371344672308	6.027941153529932	0.981547619047619	0.6695238095238095
18	1.0989087757311369	5.453395689848258	0.9863095238095239	0.9752380952380952
19	1.0980141282081604	4.5110363439008765	0.9914285714285714	0.9838095238095238
20	1.0972804796128046	3.9016469032592194	0.9952380952380953	0.9514285714285714
21	1.0963900631124324	3.3382281169238652	0.9971428571428571	0.9895238095238095
22	1.0952284750731096	3.1550286659269733	0.9941666666666666	0.9895238095238095
23	1.094213346640269	2.619080599723207	0.9975	0.9847619047619047
24	1.0938615798950195	2.2107571277328315	0.9990476190476191	0.9914285714285714
25	1.0939056323124812	1.8647838391278633	0.9994047619047619	0.9885714285714285
26	1.093737796500877	1.668562103813592	0.9995238095238095	0.981904761904762
27	1.0934047102928162	1.422571384861442	0.9997619047619047	0.981904761904762
28	1.0932844671709785	1.2974546511476936	0.9995238095238095	0.9752380952380952
29	1.0931880394617717	1.0505566402079942	0.9997619047619047	0.9828571428571429
30	1.092974639707996	0.9547120695331704	1.0	0.9780952380952381
31	1.0931101515889168	0.7860704267206301	1.0	0.9780952380952381
32	1.0927296407294995	0.8396452499319845	0.9992857142857143	0.9704761904761905
33	1.0923085773692411	0.6082180910690655	0.9998809523809524	0.9695238095238096
34	1.0923684392656599	0.5401414197094087	0.9998809523809524	0.98
35	1.092521932390001	0.4347048912891417	1.0	0.9771428571428571
36	1.0924885530729551	0.38967932466091765	1.0	0.9752380952380952
37	1.0920856124476384	0.35628381731278996	1.0	0.979047619047619
38	1.0917920638353398	0.3737689837983353	0.9998809523809524	0.9780952380952381
39	1.0914162516593933	0.30593962616113657	1.0	0.9704761904761905
40	1.09079042876639	0.25294232272149947	1.0	0.9742857142857143
41	1.0905707279841106	0.8084743529161573	0.9942857142857143	0.9904761904761905
42	1.0902052979136623	0.3495963022622772	0.9998809523809524	0.9914285714285714
43	1.0899373455481096	0.24076482190435378	1.0	0.9838095238095238
44	1.0895707024468315	0.20770773560715267	1.0	0.9838095238095238
-1	-1	-1	-1	-1
0	1.3817167282104492	58.20535936826989	0.32416666666666666	0.4533333333333333
1	1.2357572317123413	43.10177073460568	0.4870238095238095	0.5723809523809524
2	1.1829720338185628	36.32123974702204	0.5723809523809524	0.5638095238095238
3	1.1570512056350708	32.79885053090723	0.6142857142857143	0.6904761904761905
4	1.1434678077697753	29.713698789647324	0.6513095238095238	0.66
5	1.1329079866409302	28.008678820649934	0.6571428571428571	0.6466666666666666
6	1.1263395036969865	26.08174220690709	0.6903571428571429	0.638095238095238
7	1.119288295507431	22.99916616954731	0.7440476190476191	0.8352380952380952
8	1.1153584056430392	18.284714747744367	0.8379761904761904	0.7428571428571429
9	1.1114403009414673	15.998933915402953	0.861904761904762	0.8933333333333333
10	1.1083804043856533	13.809591208120716	0.9047619047619048	0.9057142857142857
11	1.1050320267677307	12.189144275940869	0.9182142857142858	0.9095238095238095
12	1.1027410397162805	10.651172335156923	0.9392857142857143	0.9047619047619048
13	1.0998560701097762	9.440691050467835	0.9525	0.9895238095238095
14	1.0973915894826254	8.161949396133423	0.9676190476190476	0.981904761904762
15	1.0960035175085068	7.001379414656316	0.9758333333333333	0.9895238095238095
16	1.0942782093496883	6.032705761180631	0.9875	0.9923809523809524
17	1.0932024055057101	4.992752012644431	0.9929761904761905	0.9923809523809524
18	1.0918709227913304	4.524800079403722	0.9916666666666667	0.9704761904761905
19	1.090743398666382	3.7058372148542804	0.9966666666666667	0.9895238095238095
20	1.0894249507359095	3.3552853304170385	0.9951190476190476	0.9980952380952381
21	1.088263988494873	2.8326081753683634	0.9975	0.9952380952380953
22	1.0875128663104514	2.2160150599117063	0.9996428571428572	0.9980952380952381
23	1.0872756640116374	1.8089116494465236	1.0	0.9961904761904762
24	1.0891393184661866	1.5935890142002034	0.9997619047619047	0.9723809523809523
25	1.0884736226155207	1.3943761511220678	0.9996428571428572	0.9961904761904762
26	1.0882661784136738	1.1507213762731152	1.0	0.9961904761904762
27	1.0881101403917586	0.9791829669316912	0.9998809523809524	0.9980952380952381
28	1.088024616241455	0.7759859175509827	1.0	0.9961904761904762
29	1.087888479232788	0.6756359418648731	1.0	0.9971428571428571
30	1.087700282373736	0.5445080804054275	1.0	0.9952380952380953
31	1.087580032646656	0.7382895926105659	0.9985714285714286	0.9980952380952381
32	1.0875085628393926	0.42372972934644937	1.0	0.9952380952380953
33	1.0869588922051823	0.3605206845037837	1.0	0.9961904761904762
34	1.0860609872000557	0.3087105849623227	1.0	0.9961904761904762
35	1.0849396122826471	0.2749817333973859	1.0	0.9914285714285714
36	1.0838776343577616	0.2407183828179374	1.0	0.9971428571428571
37	1.0831207601647628	0.21170334695013304	1.0	0.9971428571428571
38	1.082886231251252	0.40868461236867615	0.9990476190476191	0.9961904761904762
39	1.0828172445297242	0.19711560636985437	1.0	0.9961904761904762
40	1.082532318626962	0.16251817000002916	1.0	0.9961904761904762
-1	-1	-1	-1	-1
0	1.3025405406951904	59.01350899612949	0.30833333333333335	0.4990476190476191
1	1.186657190322876	43.028823062040956	0.49202380952380953	0.5752380952380952
2	1.1467399597167969	36.76382779168539	0.5566666666666666	0.6266666666666667
3	1.143040418624878	32.50535121888716	0.6098809523809524	0.6771428571428572
4	1.1291847705841065	30.041105016556077	0.6414285714285715	0.6571428571428571
5	1.1199013789494832	27.829294795772423	0.6663095238095238	0.6447619047619048
6	1.113231590815953	26.064662860826846	0.6939285714285715	0.7276190476190476
7	1.1077766418457031	24.030169563148412	0.7169047619047619	0.7076190476190476
8	1.1043138239118788	21.59550829985296	0.7535714285714286	0.8447619047619047
9	1.1012770891189576	16.67872765943578	0.8560714285714286	0.8752380952380953
10	1.0991117737509988	14.071483069952903	0.8985714285714286	0.878095238095238
11	1.097089687983195	12.189483715100886	0.9153571428571429	0.9723809523809523
12	1.0956601179563081	10.423667131721293	0.9379761904761905	0.9371428571428572
13	1.0940661941255843	9.040703713667257	0.9470238095238095	0.981904761904762
14	1.0932422796885173	7.521606291201631	0.9658333333333333	0.8952380952380953
15	1.092287838459015	6.3368772109651745	0.978452380952381	0.9685714285714285
16	1.0914268914391012	5.061998459776092	0.9902380952380953	0.9533333333333334
17	1.0913612710105047	4.315265594779765	0.9925	0.9895238095238095
18	1.0916042453364323	3.4647625204274863	0.9971428571428571	0.9961904761904762
19	1.091465163230896	2.919557340698097	0.9961904761904762	0.9542857142857143
20	1.0913949353354317	2.1306469495985443	0.9998809523809524	0.9971428571428571
21	1.0913542400706897	1.7614290965827246	1.0	0.9961904761904762
22	1.0914210547571597	1.352285618111208	0.9998809523809524	0.9923809523809524
23	1.0913373331228893	2.7527011515069826	0.9763095238095238	0.9980952380952381
24	1.0913334941864015	1.0181730805467744	1.0	0.9980952380952381
25	1.0910000159190252	0.8129097618757545	1.0	0.9971428571428571
26	1.0913590325249567	0.67061392130054	1.0	0.9961904761904762
27	1.0910131164959498	0.582380396048379	1.0	0.9971428571428571
28	1.0908022255733096	0.49141921437285246	1.0	0.9961904761904762
29	1.0905741691589355	0.408822189095809	1.0	0.9961904761904762
30	1.0899529303273847	0.3605085236406372	1.0	0.9961904761904762
31	1.0895914882421494	0.3231599642523341	1.0	0.9961904761904762
32	1.0890789971207127	0.26139628918338637	1.0	0.9961904761904762
33	1.0886226050993975	0.22809445773014098	1.0	0.9961904761904762
34	1.0883174964359827	0.20760774907050478	1.0	0.9971428571428571
35	1.0881630579630535	0.1764038058118222	1.0	0.9961904761904762
36	1.0880314143928322	0.14852758547992306	1.0	0.9980952380952381
37	1.0876890044463308	0.12951430288841062	1.0	0.9971428571428571
38	1.0875168091211564	0.11482690829967818	1.0	0.9961904761904762
39	1.0873830974102021	0.10128359245880021	1.0	0.9971428571428571
40	1.0868411529354933	0.09046586877719531	1.0	0.9961904761904762
41	1.086552205539885	0.0788424658401384	1.0	0.9980952380952381
42	1.0864135442778122	0.07025845222061805	1.0	0.9952380952380953
43	1.0863654884425076	0.06153412496833974	1.0	0.9971428571428571
-1	-1	-1	-1	-1
0	1.303192138671875	57.55468493269424	0.3336904761904762	0.45904761904761904
1	1.1914664506912231	42.27026945193911	0.5170238095238096	0.5819047619047619
2	1.160630226135254	35.71844289511329	0.5886904761904762	0.6123809523809524
3	1.1428462862968445	32.28996207233617	0.6204761904761905	0.6571428571428571
4	1.13172287940979	29.848014004783487	0.6445238095238095	0.6647619047619048
5	1.1201537450154622	27.92071338116896	0.6725	0.6542857142857142
6	1.1145147255488805	26.404355759856365	0.6889285714285714	0.7066666666666667
7	1.1099237501621246	24.929060780050182	0.7069047619047619	0.6933333333333334
8	1.109503772523668	22.98195467249069	0.7305952380952381	0.7495238095238095
9	1.1087756633758545	19.402909224477558	0.8105952380952381	0.9019047619047619
10	1.107604828747836	15.1688519340051	0.891547619047619	0.8980952380952381
11	1.1058027346928914	13.549835632962418	0.9057142857142857	0.9142857142857143
12	1.1049971763904278	11.659697505457773	0.9386904761904762	0.9028571428571428
13	1.1041494948523385	10.563744757111989	0.940595238095238	0.9657142857142857
14	1.103471295038859	9.282389542902377	0.9542857142857143	0.8628571428571429
15	1.1021418571472168	8.183187923503919	0.9660714285714286	0.9619047619047619
16	1.1012909973368925	7.112017562634138	0.9776190476190476	0.9323809523809524
17	1.1007306708229914	6.0790715879360535	0.9889285714285714	0.981904761904762
18	1.1001694076939632	5.556932332397867	0.9847619047619047	0.979047619047619
19	1.099566900730133	5.092704695440517	0.9871428571428571	0.9895238095238095
20	1.099228472936721	4.215404392195292	0.9958333333333333	0.9914285714285714
21	1.0985921946438877	3.480244725829295	0.998452380952381	0.9876190476190476
22	1.0979501060817554	3.133559760485312	0.9978571428571429	0.9838095238095238
23	1.0968040625254314	2.678940979700125	0.9994047619047619	0.98
24	1.0965488529205323	2.398702474828002	0.9994047619047619	0.9857142857142858
25	1.0958496607266939	2.0429754925771357	1.0	0.9885714285714285
26	1.0952735477023654	1.9037482103920709	0.9994047619047619	0.9866666666666667
27	1.0948689409664698	1.4765055907089901	1.0	0.9895238095238095
28	1.0943319961942475	1.3948271442275537	1.0	0.9876190476190476
29	1.0933685620625815	1.181337012650849	1.0	0.9714285714285714
30	1.093066684661373	1.0036518577160491	0.9998809523809524	0.9857142857142858
31	1.0920409485697746	0.9384974704722487	0.9998809523809524	0.9857142857142858
32	1.0912762410712964	0.7363583026276795	1.0	0.9876190476190476
33	1.0904668779934155	0.64760088467326	1.0	0.9857142857142858
34	1.09033077784947	0.594988054649005	1.0	0.9857142857142858
35	1.0901233951250713	0.50237049156722	1.0	0.9828571428571429
36	1.089992858268119	0.4467905646494586	1.0	0.9847619047619047
37	1.0895915407883494	0.3908652081915634	1.0	0.979047619047619
38	1.0898078343807123	0.3625858614199968	1.0	0.9847619047619047
39	1.089899092912674	0.40806331584662087	1.0	0.9866666666666667
40	1.0900505054287795	0.2712053843550809	1.0	0.98
-1	-1	-1	-1	-1
0	1.3929831981658936	58.94754187870388	0.31952380952380954	0.4866666666666667
1	1.2397868633270264	42.69827870996279	0.49797619047619046	0.5438095238095239
2	1.1951754887898762	35.971665911801416	0.57	0.5723809523809524
3	1.1675606966018677	32.3724318674762	0.6186904761904762	0.638095238095238
4	1.1526945114135743	29.759992138967768	0.6426190476190476	0.6676190476190477
5	1.1407264073689778	27.725611751977027	0.6717857142857143	0.700952380952381
6	1.1330575602395194	25.761114011699256	0.6889285714285714	0.7123809523809523
7	1.1277912259101868	24.24366414320333	0.7117857142857142	0.6523809523809524
8	1.123813894059923	22.58681225504712	0.7273809523809524	0.7828571428571428
9	1.1199135780334473	17.258309041592558	0.8413095238095238	0.8676190476190476
10	1.116780779578469	13.899123632409273	0.8978571428571429	0.9485714285714286
11	1.1142029762268066	11.808460286361637	0.9104761904761904	0.861904761904762
12	1.1120057839613695	9.83018864243656	0.9388095238095238	0.9657142857142857
13	1.110402260507856	7.822161570248042	0.9636904761904762	0.9895238095238095
14	1.1083664258321126	6.514626434094099	0.9746428571428571	0.9276190476190476
15	1.1071227192878723	5.04515487159613	0.986547619047619	0.9276190476190476
16	1.1055303321165197	4.223288282242112	0.9872619047619048	0.9647619047619047
17	1.104510400030348	3.024025580275648	0.9960714285714286	0.9552380952380952
18	1.1034664982243587	2.2668325814910713	0.9983333333333333	1.0
19	1.1022987961769104	1.520681317314902	0.9998809523809524	1.0
20	1.101733650479998	1.1696120131151757	0.9998809523809524	0.9990476190476191
21	1.1008808396079324	0.8972485752160105	1.0	1.0
22	1.1005444008371104	0.6454605534956029	1.0	1.0
23	1.1000959972540538	0.4833519479734363	1.0	1.0
24	1.0994674110412597	0.36504498543394837	1.0	0.9990476190476191
25	1.0988673613621638	0.9256630714401999	0.9930952380952381	0.8180952380952381
26	1.0982290197301794	1.9967466123090498	0.9804761904761905	1.0
27	1.097565233707428	0.2962302880595392	1.0	1.0
28	1.0971754912672371	0.25021879363649246	1.0	1.0
29	1.096607502301534	0.2149837306583789	1.0	1.0
30	1.0961442532077912	0.18859031827617506	1.0	1.0
31	1.0954180806875229	0.16763419159351647	1.0	1.0
32	1.0950306979092685	0.1487788792855386	1.0	1.0
33	1.094532896490658	0.13292107998814873	1.0	1.0
34	1.094127300807408	0.11869559006432617	1.0	1.0
35	1.0935392445988126	0.10619762750916155	1.0	1.0
36	1.093127914377161	0.09482688687656769	1.0	1.0
37	1.092540841353567	0.08529193995400074	1.0	1.0
38	1.092421831228794	0.07593907748734996	1.0	1.0
-1	-1	-1	-1	-1
0	1.3741605281829834	59.06723530120269	0.3125	0.4533333333333333
1	1.2250179052352905	43.568958855400524	0.49404761904761907	0.5476190476190477
2	1.1705211798350017	36.34523697769687	0.579047619047619	0.5952380952380952
3	1.146521270275116	32.4672145480892	0.6172619047619048	0.6695238095238095
4	1.1300590991973878	29.852128866507528	0.6532142857142857	0.6123809523809524
5	1.1197611093521118	27.279738524114226	0.6889285714285714	0.7085714285714285
6	1.1123792443956648	25.33586287045207	0.7082142857142857	0.6352380952380953
7	1.1060893833637238	23.056055206762974	0.7248809523809524	0.7123809523809523
8	1.1002677546607122	18.308368097240027	0.8464285714285714	0.8847619047619047
9	1.0962947607040405	15.329618405026627	0.8786904761904762	0.94
10	1.092785358428955	12.80032955467021	0.9276190476190476	0.9085714285714286
11	1.091663897037506	11.264185687888258	0.9296428571428571	0.799047619047619
12	1.0911864684178278	9.665727290817086	0.9430952380952381	0.9809523809523809
13	1.090962529182434	8.631131128666519	0.9491666666666667	0.8761904761904762
14	1.090261745452881	7.008461712884359	0.9727380952380953	0.9857142857142858
15	1.0897537916898727	6.126935182868754	0.9761904761904762	0.981904761904762
16	1.0887199990889604	4.929011850302664	0.99	0.9523809523809523
17	1.088597708278232	4.2397172233451	0.9913095238095239	0.9723809523809523
18	1.0876402102018659	3.314782996141412	0.9978571428571429	0.9952380952380953
19	1.0873419523239136	2.910941255409908	0.9973809523809524	0.9980952380952381
20	1.0874070667085194	2.3674931861601856	0.9983333333333333	0.9952380952380953
21	1.0872999321330676	2.003468117219867	0.9971428571428571	0.9942857142857143
22	1.0872697415559187	1.8137569404826872	0.9960714285714286	0.9971428571428571
23	1.0871838629245758	1.3471975486314796	0.9996428571428572	0.9961904761904762
24	1.087304105758667	0.9383281348096101	1.0	0.9971428571428571
25	1.0868507715371938	0.7931005596661296	1.0	0.9933333333333333
26	1.0869412510483354	0.6698577779100875	1.0	0.9914285714285714
27	1.0866193345614843	2.119861652076018	0.9809523809523809	0.9638095238095238
28	1.0860642235854576	0.7427976420963672	0.9990476190476191	0.9990476190476191
29	1.0854954640070598	0.47669518974117453	1.0	0.9990476190476191
30	1.085282064253284	0.4046594818961938	1.0	0.9990476190476191
31	1.0846317261457443	0.3543002096645732	1.0	0.9980952380952381
32	1.0842373515620376	0.3112712909853504	1.0	0.9980952380952381
33	1.08388748589684	0.27429708444686896	1.0	0.9980952380952381
34	1.0837314810071672	0.24562201875584208	1.0	0.9971428571428571
35	1.0832527544763353	0.21642876158649024	1.0	0.9980952380952381
36	1.0830267184489482	0.1934875585280444	1.0	0.9980952380952381
37	1.0827502702411853	0.17114421347078262	1.0	0.9980952380952381
38	1.0828402042388916	0.15583896950000592	1.0	0.9980952380952381
39	1.0825761675834655	0.13642829456880065	1.0	0.9971428571428571
40	1.0824548267736667	0.12326909552112278	1.0	0.9971428571428571
41	1.0817092543556577	0.10940987502044144	1.0	0.9971428571428571
42	1.0815785651983216	0.09696735315619766	1.0	0.9980952380952381
43	1.0811015259135852	0.08712763311660109	1.0	0.9971428571428571
44	1.08057492574056	0.07914764390188932	1.0	0.9980952380952381
45	1.0800183182177336	0.07036371313800377	1.0	0.9980952380952381
46	1.0795359712965944	0.0631715309639734	1.0	0.9980952380952381
47	1.0790872027476628	0.05625355816641008	1.0	0.9971428571428571
48	1.0785275186811174	0.051217269003674556	1.0	0.9980952380952381
-1	-1	-1	-1	-1
0	1.3452105522155762	59.15810154961996	0.30988095238095237	0.37714285714285717
1	1.2020336389541626	42.84976358740049	0.4932142857142857	0.5466666666666666
2	1.1500171820322673	36.756645137366235	0.5628571428571428	0.5885714285714285
3	1.1252087354660034	33.172146213371946	0.5971428571428572	0.6552380952380953
4	1.1114591121673585	30.363096483760007	0.6392857142857142	0.700952380952381
5	1.1022169987360637	28.485552457802196	0.650952380952381	0.62
6	1.095454386302403	26.64454806802844	0.6775	0.6409523809523809
7	1.0906917750835419	25.78725113886844	0.6897619047619048	0.7161904761904762
8	1.0873324341244168	23.17867426999168	0.7263095238095238	0.7771428571428571
9	1.08412446975708	20.0407522041988	0.7827380952380952	0.7790476190476191
10	1.0815503163771196	15.714228200368554	0.8846428571428572	0.9257142857142857
11	1.0800342758496602	13.601174147863352	0.9033333333333333	0.9266666666666666
12	1.0779778407170222	11.829744576501302	0.9263095238095238	0.9114285714285715
13	1.0764462096350533	10.025024477519917	0.9515476190476191	0.8752380952380953
14	1.0751235802968344	8.923149288380554	0.9538095238095238	0.8552380952380952
15	1.073767751455307	7.652745491651528	0.9677380952380953	0.9676190476190476
16	1.0725191761465633	6.545421329287975	0.976547619047619	0.9704761904761905
17	1.0717171960406833	5.641594684622587	0.9816666666666667	0.9847619047619047
18	1.0709072163230495	4.783751882980985	0.99	0.9866666666666667
19	1.0702211618423463	4.1744021480980935	0.9907142857142858	0.96
20	1.0696559519994826	3.9357180085472283	0.9875	0.9838095238095238
21	1.0691957907243208	2.8431459701559842	0.9972619047619048	0.98
22	1.0686879365340523	2.303092052274784	0.9994047619047619	0.9704761904761905
23	1.0682294170061748	2.0718554358065355	0.998452380952381	0.9933333333333333
24	1.0680275917053224	1.587356995720374	0.9998809523809524	0.9885714285714285
25	1.0680497793050914	1.5050364639822522	0.9992857142857143	0.9866666666666667
26	1.0684428038420501	1.1546795850924212	1.0	0.9952380952380953
27	1.0696524807385035	0.912641165827617	1.0	0.9933333333333333
28	1.0703001844471898	0.7970127457674918	1.0	0.9942857142857143
29	1.0707853237787883	0.6556089144242581	1.0	0.9942857142857143
30	1.0714987862494685	0.5421860069603068	1.0	0.9952380952380953
31	1.071802757680416	0.4651473637656114	1.0	0.9933333333333333
32	1.072354201114539	0.4052402467782053	1.0	0.9933333333333333
33	1.072510838508606	0.3931818470188873	1.0	0.9933333333333333
34	1.073067855834961	0.28983957158975276	1.0	0.9933333333333333
35	1.0734029279814825	0.24748392570268066	1.0	0.9942857142857143
36	1.0739467595074628	0.22943754253391985	1.0	0.9961904761904762
37	1.0741205340937565	0.19097871965101917	1.0	0.9952380952380953
38	1.0742904895391219	0.16810671310914332	1.0	0.9942857142857143
39	1.074305123090744	0.1455655065205784	1.0	0.9971428571428571
40	1.0743728381831472	0.12823627396228196	1.0	0.9961904761904762
41	1.0741321529660905	0.11321714412095202	1.0	0.9933333333333333
42	1.0742907635001249	0.1080324141301583	1.0	0.9961904761904762
43	1.0747786164283752	0.09212889107999467	1.0	0.9923809523809524
44	1.0751360999213324	0.07703664615580337	1.0	0.9933333333333333
45	1.0751876882884814	0.06969985817010185	1.0	0.9942857142857143
46	1.0752411345218091	0.06201098221194835	1.0	0.9923809523809524
47	1.0755788932243984	0.055879749803885305	1.0	0.9942857142857143
48	1.0755508821837756	0.050317622076705835	1.0	0.9933333333333333
49	1.075873646736145	0.043610666903309496	1.0	0.9942857142857143
50	1.0759699952368642	0.04045665714563979	1.0	0.9923809523809524
51	1.0760740454380329	0.03684390399307579	1.0	0.9904761904761905
52	1.0762804724135488	0.03288749218369505	1.0	0.9923809523809524
53	1.07666579440788	0.02901684270442212	1.0	0.9942857142857143
54	1.0769228891892866	0.026385717646364024	1.0	0.9933333333333333
55	1.0772799168314253	0.023779176313699198	1.0	0.9923809523809524
56	1.0772209962209065	0.021921115431637137	1.0	0.9923809523809524
57	1.0772327184677124	0.02066279943331283	1.0	0.9923809523809524
58	1.077239901332532	0.018272232630789392	1.0	0.9923809523809524
59	1.0774222652117411	0.017990226326191606	1.0	0.9933333333333333
-1	-1	-1	-1	-1
0	1.3101303577423096	59.016559687857395	0.31261904761904763	0.4380952380952381
1	1.1880289316177368	43.12107855648142	0.49892857142857144	0.5276190476190477
2	1.1462918122609456	36.59017883416818	0.5610714285714286	0.580952380952381
3	1.123535692691803	32.87912339040082	0.6136904761904762	0.6571428571428571
4	1.1124526500701903	30.07839853410032	0.6448809523809523	0.6571428571428571
5	1.1062662601470947	28.17278533834015	0.6678571428571428	0.5828571428571429
6	1.1015468324933733	26.41573402636858	0.6861904761904762	0.6476190476190476
7	1.0989682376384735	24.69513969638955	0.7173809523809523	0.7504761904761905
8	1.0956767665015326	22.308918013772132	0.7353571428571428	0.7790476190476191
9	1.0938229322433473	17.373876263433537	0.8478571428571429	0.8904761904761904
10	1.0931608243422075	14.57758030329367	0.8892857142857142	0.9571428571428572
11	1.0921409328778584	12.536103074541563	0.9196428571428571	0.8304761904761905
12	1.0914625021127553	11.0186539167687	0.9184523809523809	0.9019047619047619
13	1.090839488165719	9.247791815166691	0.9542857142857143	0.9847619047619047
14	1.08998703956604	7.619122011126674	0.97	0.9838095238095238
15	1.0908491909503937	6.936703740870545	0.9660714285714286	0.9638095238095238
16	1.0896896474501665	5.670987127398357	0.9823809523809524	0.9742857142857143
17	1.0887481768925984	4.5259957390593035	0.9925	0.9809523809523809
18	1.0872588283137272	3.9219880149391666	0.9920238095238095	0.9885714285714285
19	1.0861244082450867	3.2353108246516817	0.9945238095238095	0.9828571428571429
20	1.0851520697275798	2.4891045682783814	0.9982142857142857	0.9523809523809523
21	1.084399862722917	1.9797063594535276	0.9996428571428572	0.9990476190476191
22	1.0837069698002026	1.5448873650438433	1.0	0.9990476190476191
23	1.0826796293258667	1.3523906668782688	0.9991666666666666	0.9980952380952381
24	1.082017936706543	1.0981210445269887	0.9997619047619047	0.9933333333333333
25	1.0814903882833629	0.8037690554281605	1.0	0.9990476190476191
26	1.0810225009918213	0.7073394324163067	1.0	0.9990476190476191
27	1.0804891671453203	0.5435260562615702	1.0	1.0
28	1.079885770534647	0.47992790204263913	1.0	1.0
29	1.0796814441680909	0.3602768213633349	1.0	0.9990476190476191
30	1.0793168775496944	0.3057297836181782	1.0	1.0
31	1.0789788514375687	0.2588034237348988	1.0	1.0
32	1.079438050587972	0.21556636424798928	1.0	1.0
33	1.079397573190577	0.19290806766698568	1.0	0.9980952380952381
34	1.0795819555010115	0.16773793860533392	1.0	0.9990476190476191
35	1.0798858205477397	0.1408711144056157	1.0	1.0
36	1.0797704426017967	0.11804427097448832	1.0	1.0
37	1.0791090538627224	0.10663219455615422	1.0	1.0
38	1.0790444643069537	0.08627584027020196	1.0	0.9990476190476191
39	1.0788987934589387	0.0769338963284182	1.0	0.9990476190476191
40	1.0790324385573224	0.0708382155377942	1.0	1.0
41	1.079346497853597	0.05885421002404091	1.0	1.0
42	1.0793765145678853	0.05121136301625591	1.0	1.0
43	1.0793464183807373	0.04711075392002842	1.0	1.0
44	1.0792074627346462	0.04005212674958511	1.0	0.9990476190476191
45	1.0791207396465798	0.037195806933333214	1.0	1.0
46	1.0790537570385224	0.03272477271099054	1.0	1.0
47	1.0790943304697673	0.02854047124291781	1.0	1.0
-1	-1	-1	-1	-1
0	1.3100974559783936	58.509724917973855	0.32	0.4076190476190476
1	1.1884409189224243	42.495524047445436	0.5009523809523809	0.520952380952381
2	1.1491830348968506	35.939833187784984	0.5632142857142857	0.5828571428571429
3	1.1281104683876038	32.21444831601567	0.6235714285714286	0.638095238095238
4	1.1173437118530274	29.656787691007548	0.6441666666666667	0.6819047619047619
5	1.1114780108133953	27.744299725434626	0.6755952380952381	0.7285714285714285
6	1.106853689466204	25.33729206926469	0.7097619047619048	0.6285714285714286
7	1.1027636229991913	23.06070814023906	0.7366666666666667	0.7714285714285715
8	1.1004564762115479	17.97763863262568	0.8489285714285715	0.8733333333333333
9	1.0978978872299194	15.38077707254388	0.8728571428571429	0.8333333333333334
10	1.0952353043989702	13.231754866842987	0.9014285714285715	0.8742857142857143
11	1.0934669971466064	11.58055591583252	0.9130952380952381	0.878095238095238
12	1.0911659277402437	9.454775982483259	0.9427380952380953	0.9342857142857143
13	1.0894780840192522	7.9556178638690325	0.9570238095238095	0.9847619047619047
14	1.0878169536590576	6.551636454723634	0.9747619047619047	0.9942857142857143
15	1.08780038356781	5.225191343873172	0.9858333333333333	0.9942857142857143
16	1.0875597701353186	4.203806581605977	0.9903571428571428	0.9628571428571429
17	1.087699638472663	3.2926501384706097	0.9961904761904762	0.9971428571428571
18	1.087086188165765	2.612742426277567	0.9982142857142857	0.9990476190476191
19	1.0878068208694458	2.0563631053206586	0.9972619047619048	0.9771428571428571
20	1.0878024441855294	1.674478642614169	0.9990476190476191	0.9980952380952381
21	1.0874966057864102	1.1387510558044955	1.0	0.9980952380952381
22	1.0869949278624162	1.022849555817847	0.9996428571428572	0.9923809523809524
23	1.086705873409907	0.7346697461015824	1.0	1.0
24	1.0860116577148438	0.5493317514431341	1.0	0.9961904761904762
25	1.0848998840038593	0.4521250026760899	1.0	0.9990476190476191
26	1.083574515801889	0.3584857436867268	1.0	0.9990476190476191
27	1.0827955092702592	0.2784615692190344	1.0	0.9990476190476191
28	1.0822622858244797	0.2314454755487324	1.0	0.9990476190476191
29	1.0814684549967448	0.1937791490679458	1.0	0.9990476190476191
30	1.0807560182386828	0.16631713942996448	1.0	0.9990476190476191
31	1.079990953207016	0.13543069975967642	1.0	0.9990476190476191
32	1.0795585169936672	0.1141158460777522	1.0	0.9990476190476191
33	1.0786279650295483	0.09949617555272897	1.0	0.9990476190476191
34	1.0784733091081893	0.1030138651539391	1.0	0.9942857142857143
35	1.0779668357637193	1.2028760839777755	0.9880952380952381	1.0
36	1.0773026814331879	0.10032227711164227	1.0	1.0
37	1.07732051297238	0.08845814833056337	1.0	1.0
38	1.0770499584002373	0.07997705355399914	1.0	1.0
39	1.077189564704895	0.07326052876139776	1.0	1.0
40	1.0773466563806302	0.0678672335843623	1.0	1.0
41	1.0775593632743472	0.06285286374645088	1.0	1.0
42	1.0774616141651951	0.05853747621093639	1.0	1.0
43	1.0777316797863354	0.05450136197497183	1.0	1.0
-1	-1	-1	-1	-1
0	1.3772838115692139	59.00074308272097	0.30964285714285716	0.5085714285714286
1	1.234877109527588	41.45619574064538	0.5079761904761905	0.5152380952380953
2	1.1825979550679524	34.23226740876985	0.5907142857142857	0.638095238095238
3	1.153735637664795	29.92836876060573	0.6472619047619048	0.6238095238095238
4	1.1381843566894532	27.470665220978596	0.6672619047619047	0.7104761904761905
5	1.1266456842422485	25.21034189956723	0.6917857142857143	0.7447619047619047
6	1.1207947049822127	21.495167739491045	0.7494047619047619	0.8752380952380953
7	1.1172676980495453	15.43762263961618	0.866904761904762	0.8828571428571429
8	1.1144765218098958	11.945255694733826	0.9117857142857143	0.8904761904761904
9	1.112596821784973	9.148808325198214	0.9463095238095238	0.9752380952380952
10	1.1095187013799495	7.144153949425701	0.9628571428571429	0.799047619047619
11	1.1080828110376995	5.131307144582045	0.9748809523809524	0.98
12	1.1058176480806792	3.117190208045249	0.9963095238095238	0.9990476190476191
13	1.1037342207772392	2.0604171863980167	0.998452380952381	1.0
14	1.1029757499694823	1.2482170390085576	0.9998809523809524	0.9990476190476191
15	1.1016787588596344	1.3483156701231185	0.9967857142857143	1.0
16	1.1013589746811812	0.5568418756637283	1.0	1.0
17	1.0997627973556519	0.40756409754091344	1.0	1.0
18	1.0989364699313515	0.31202839201620775	1.0	1.0
19	1.0979228138923645	0.23720336036877035	1.0	1.0
20	1.096892277399699	0.19007440565770117	1.0	1.0
21	1.096132300116799	0.15737710714680161	1.0	1.0
22	1.0953542045924975	0.12500417942159983	1.0	1.0
23	1.0942820012569427	0.10262261641286172	1.0	1.0
24	1.0939981460571289	0.0871856101707134	1.0	1.0
25	1.093473141009991	0.0718279831437217	1.0	1.0
26	1.0933690424318667	0.060959794725018765	1.0	1.0
27	1.0927375640187944	0.05059745799424304	1.0	1.0
28	1.0923635795198638	0.04375562534982714	1.0	1.0
29	1.0923177083333333	0.03777018475555195	1.0	1.0
30	1.0919865254432923	0.032004956906739296	1.0	1.0
31	1.0918041914701462	0.028245735814362877	1.0	1.0
32	1.0911684180750991	0.024525229723507912	1.0	1.0
33	1.0906672407599056	0.02155241041582347	1.0	1.0
-1	-1	-1	-1	-1
0	1.3753724098205566	58.5063612615201	0.3134523809523809	0.4114285714285714
1	1.2193883657455444	42.419081684301105	0.49702380952380953	0.45904761904761904
2	1.1685672601064045	36.09844494228581	0.5701190476190476	0.5580952380952381
3	1.146209180355072	32.31177980546262	0.6128571428571429	0.5971428571428572
4	1.132695722579956	29.66084004173714	0.6520238095238096	0.6161904761904762
5	1.1201928853988647	27.290053806377454	0.6733333333333333	0.6276190476190476
6	1.112391676221575	25.289749511747758	0.7033333333333334	0.6019047619047619
7	1.1055110692977905	21.96205639567212	0.7628571428571429	0.8114285714285714
8	1.0994704829321966	17.256810648812994	0.8320238095238095	0.8295238095238096
9	1.0963769435882569	14.214807174958203	0.8883333333333333	0.86
10	1.0949158235029741	11.933979792286689	0.9094047619047619	0.8647619047619047
11	1.0933217406272888	9.932725447665602	0.9375	0.959047619047619
12	1.0919174231015718	7.907418125935834	0.963452380952381	0.96
13	1.0904767853873116	6.172926585937181	0.983452380952381	0.9361904761904762
14	1.0897489547729493	4.9758509574280945	0.9879761904761905	0.9780952380952381
15	1.088171660900116	4.051537124829601	0.99	0.9104761904761904
16	1.0873426409328686	3.2439743846994844	0.9940476190476191	0.84
17	1.086206899748908	2.478767002943351	0.9976190476190476	0.8914285714285715
18	1.0858233351456492	2.401097823005212	0.9905952380952381	1.0
19	1.0852834343910218	1.4154656774190895	1.0	1.0
20	1.0848544098082042	1.2543062941656367	0.9998809523809524	0.9980952380952381
21	1.0843125690113415	0.8439611459412956	1.0	1.0
22	1.0831159094105596	0.6647198905056421	1.0	0.9990476190476191
23	1.0813370943069458	0.5460595690818794	1.0	1.0
24	1.0804259395599365	0.442926010874741	1.0	0.9990476190476191
25	1.0801853583409236	0.4517065027140846	0.9998809523809524	0.96
26	1.0798007823802807	0.8535536054535964	0.9958333333333333	0.9990476190476191
27	1.0794055206435067	0.2698978871787002	1.0	0.9990476190476191
28	1.0791209566182103	0.22459144037599346	1.0	0.9990476190476191
29	1.0791140953699747	0.19139922299765816	1.0	0.9990476190476191
30	1.0788261044409968	0.1697186813211713	1.0	1.0
31	1.077970914542675	0.1444685721748682	1.0	1.0
32	1.077149029934045	0.12864017662213328	1.0	0.9990476190476191
33	1.076370821279638	0.1119858343366661	1.0	1.0
34	1.0761615480695452	0.09826961654050721	1.0	1.0
35	1.0760479900572035	0.08756548239930954	1.0	1.0
36	1.075850486755371	0.07604889124773528	1.0	1.0
37	1.0757121663344533	0.06913520057930013	1.0	1.0
38	1.075690507888794	0.059910145343879784	1.0	1.0
-1	-1	-1	-1	-1
0	1.3466386795043945	58.5084818633337	0.31392857142857145	0.44285714285714284
1	1.2014474868774414	42.636551639426344	0.4963095238095238	0.5285714285714286
2	1.1564776102701824	35.75452041988591	0.5817857142857142	0.5638095238095238
3	1.1310887932777405	32.27399329994115	0.6141666666666666	0.6752380952380952
4	1.1179141521453857	29.295394585613064	0.6573809523809524	0.6647619047619048
5	1.107968012491862	27.015219300418753	0.6888095238095238	0.5323809523809524
6	1.100947618484497	25.280225608738657	0.699047619047619	0.7171428571428572
7	1.0953045785427094	21.532182809517863	0.7633333333333333	0.8228571428571428
8	1.0914222399393718	17.072804588782017	0.8702380952380953	0.819047619047619
9	1.0875600814819335	15.015552100119935	0.8821428571428571	0.7952380952380952
10	1.0833988406441428	13.290804484044644	0.8969047619047619	0.8685714285714285
11	1.081905484199524	11.38632477553625	0.9217857142857143	0.9552380952380952
12	1.0801239563868597	9.311554148169979	0.968452380952381	0.8942857142857142
13	1.0789198194231306	8.392422112221954	0.954047619047619	0.959047619047619
14	1.077200174331665	7.199938063385822	0.9698809523809524	0.9428571428571428
15	1.0771059840917587	5.840926038901616	0.9860714285714286	0.9961904761904762
16	1.0765702023225672	4.987695230730586	0.9873809523809524	0.9857142857142858
17	1.07617273595598	3.8055226626051697	0.9966666666666667	0.9952380952380953
18	1.0760472322765149	3.280377582452143	0.9975	0.9780952380952381
19	1.0763131141662599	2.7899660624478706	0.9955952380952381	1.0
20	1.0769838832673573	1.9365437581511957	0.9998809523809524	0.9980952380952381
21	1.077284271066839	1.6979691540333708	0.9992857142857143	0.9990476190476191
22	1.0771845216336458	2.3963226934349584	0.9830952380952381	0.9952380952380953
23	1.0775903662045796	1.1395282820150425	1.0	1.0
24	1.077777509689331	0.828553348326411	1.0	1.0
25	1.0776613583931556	0.6861107883684535	1.0	1.0
26	1.0777870549096003	0.5738876316370619	1.0	0.9980952380952381
27	1.0776810560907637	0.46610029075762166	1.0	0.9990476190476191
28	1.0778695221604973	0.4104848157883597	1.0	1.0
29	1.0778747876485189	0.3339467715514477	1.0	1.0
30	1.0780339241027832	0.2802567019095439	1.0	1.0
31	1.0780936479568481	0.23733856659311758	1.0	0.9961904761904762
32	1.0784138188217625	0.19937905986499424	1.0	1.0
33	1.0784879642374374	0.16916355776809466	1.0	1.0
34	1.0785703045981272	0.15062256066744772	1.0	0.9971428571428571
35	1.0784039960967169	0.12484903574103184	1.0	1.0
36	1.0785995109661206	0.10700227334358846	1.0	0.9990476190476191
37	1.0786746552115993	0.09430754625242019	1.0	0.9971428571428571
38	1.0783608937874818	0.08175462505606644	1.0	0.9990476190476191
39	1.0780382752418518	0.06942183229038244	1.0	0.9980952380952381
-1	-1	-1	-1	-1
0	1.3549401760101318	59.863706915097545	0.29678571428571426	0.44285714285714284
1	1.208863377571106	43.37999045078292	0.4770238095238095	0.4342857142857143
2	1.162442684173584	36.563943616337646	0.5713095238095238	0.5352380952380953
3	1.1420148015022278	32.65754089427992	0.6117857142857143	0.6028571428571429
4	1.1284346103668212	30.119668293361883	0.6382142857142857	0.6657142857142857
5	1.1184526681900024	28.092277653770303	0.6621428571428571	0.6514285714285715
6	1.1111576216561454	26.47080027286544	0.6841666666666667	0.6495238095238095
7	1.1053443849086761	25.03691667114374	0.6973809523809524	0.7114285714285714
8	1.100177076127794	22.98315283554135	0.7336904761904762	0.7771428571428571
9	1.096880888938904	19.570143967980215	0.7857142857142857	0.7866666666666666
10	1.0951348651539197	15.526693032268335	0.8661904761904762	0.9533333333333334
11	1.0926721096038818	12.722713994435937	0.9175	0.96
12	1.090847217119657	11.17972511030422	0.9189285714285714	0.9123809523809524
13	1.0896338054112025	9.545172954240225	0.9452380952380952	0.9380952380952381
14	1.0891388575236003	7.682883332437435	0.9639285714285715	0.9942857142857143
15	1.0876947343349457	6.278004016259778	0.9771428571428571	0.9923809523809524
16	1.0864386698778938	4.9269040619012525	0.9882142857142857	0.9971428571428571
17	1.085419946246677	4.149839441132636	0.9895238095238095	0.9228571428571428
18	1.0845110541895817	3.2238574730579392	0.9946428571428572	0.9971428571428571
19	1.0837568163871765	2.468029405227632	0.9976190476190476	0.9923809523809524
20	1.0831869329724992	1.7261800670805085	0.9998809523809524	1.0
21	1.082567030733282	1.2685387970830098	1.0	1.0
22	1.0821988478950832	2.6047504974862017	0.9771428571428571	1.0
23	1.0827165047327678	0.8872165041957971	1.0	1.0
24	1.0825458145141602	0.6498773614150036	1.0	1.0
25	1.0817179954968965	0.5332643543246128	1.0	1.0
26	1.0814189469372784	0.44193112986169386	1.0	1.0
27	1.0810823696000236	0.36870543256458677	1.0	1.0
28	1.0805678614254655	0.3160466724872136	1.0	1.0
29	1.080269455909729	0.2501728905811056	1.0	1.0
30	1.0798222172644831	0.21353931580546237	1.0	1.0
31	1.0796867087483406	0.1850655703688529	1.0	1.0
32	1.0795045765963467	0.1542778114855516	1.0	1.0
33	1.0796124935150146	0.1356060108021185	1.0	1.0
34	1.0793776444026402	0.11471711810210812	1.0	1.0
35	1.0794272952609592	0.10082531133985338	1.0	1.0
36	1.0798150526510704	0.08453536167485859	1.0	1.0
37	1.0802113068731207	0.07385090290933508	1.0	1.0
38	1.0803776704348051	0.06472261145201019	1.0	1.0
39	1.080599731206894	0.0559065140953762	1.0	1.0
40	1.080907007543052	0.04941023415938983	1.0	1.0
-1	-1	-1	-1	-1
0	1.393967866897583	58.37418537357461	0.3295238095238095	0.4438095238095238
1	1.2433158159255981	42.624905524598326	0.4928571428571429	0.5285714285714286
2	1.190956433614095	36.28285774259966	0.5688095238095238	0.5961904761904762
3	1.1608874201774597	32.776271018691844	0.6108333333333333	0.5904761904761905
4	1.14627046585083	30.03302464285731	0.6466666666666666	0.5247619047619048
5	1.1355494260787964	28.212264318429924	0.6642857142857143	0.6752380952380952
6	1.1265487670898438	26.691017074730006	0.6767857142857143	0.6961904761904761
7	1.1207407414913177	24.246827600573404	0.7179761904761904	0.6733333333333333
8	1.1157826847500272	21.63275055105695	0.7603571428571428	0.8819047619047619
9	1.1129998922348023	17.1022549618333	0.8521428571428571	0.8485714285714285
10	1.109639362855391	14.962012885641236	0.8835714285714286	0.8495238095238096
11	1.107666512330373	13.387308824198328	0.8954761904761904	0.86
12	1.106102521602924	11.570389872721393	0.9328571428571428	0.8733333333333333
13	1.1035945585795812	10.232966093056103	0.9417857142857143	0.8942857142857142
14	1.1019989490509032	9.099936643027535	0.9523809523809523	0.7495238095238095
15	1.1012758165597916	8.213372500677073	0.9610714285714286	0.9323809523809524
16	1.1010236599866081	7.2592980997644	0.9679761904761904	0.9352380952380952
17	1.0999310943815443	6.431222027245584	0.9739285714285715	0.9276190476190476
18	1.0982812203859027	5.371330857730184	0.9896428571428572	0.9180952380952381
19	1.0968767762184144	4.727291191938712	0.9917857142857143	0.9780952380952381
20	1.094904207047962	4.406219805601432	0.9903571428571428	0.9266666666666666
21	1.093399860642173	3.9936329067433287	0.9913095238095239	0.9828571428571429
22	1.093032059462174	3.3479693230567324	0.9964285714285714	0.9333333333333333
23	1.0929319163163502	2.936189761633202	0.9967857142857143	0.9714285714285714
24	1.0926904487609863	2.5367991729380965	0.9992857142857143	0.9828571428571429
25	1.092583885559669	2.4165269673550536	0.9988095238095238	0.9809523809523809
26	1.0924925186015941	1.9623983001527678	0.9988095238095238	0.9780952380952381
27	1.0927021162850517	1.7740775007938705	0.9996428571428572	0.9809523809523809
28	1.0926234393284238	1.5628973290947454	0.9996428571428572	0.9647619047619047
29	1.0923446893692017	1.3367763482345827	0.9998809523809524	0.9714285714285714
30	1.0921832207710511	1.1834218252747684	0.9998809523809524	0.979047619047619
31	1.0921094790101051	1.0297152682175654	1.0	0.9761904761904762
32	1.0922269532174775	0.9417896669627143	1.0	0.9723809523809523
33	1.0918760159436394	0.8307052035408782	1.0	0.9742857142857143
34	1.0917564528329031	0.7252573252517461	1.0	0.9695238095238096
35	1.0915758808453877	0.6722206428023799	1.0	0.9657142857142857
36	1.0915952953132424	0.5657210138700761	1.0	0.960952380952381
37	1.0914935814706903	0.5025366871075938	1.0	0.9657142857142857
38	1.0915380441225493	0.4581308994626364	1.0	0.9657142857142857
39	1.0913901388645173	0.40881247560674244	1.0	0.9561904761904761
40	1.0912188146172501	0.38446301649618514	1.0	0.9580952380952381
41	1.0912775028319586	0.3454822599321264	1.0	0.9571428571428572
-1	-1	-1	-1	-1
0	1.3835160732269287	58.59443117003931	0.31726190476190474	0.4257142857142857
1	1.2307716608047485	43.0768236153026	0.4894047619047619	0.579047619047619
2	1.181666374206543	36.51669804678217	0.5685714285714286	0.5914285714285714
3	1.155944049358368	32.48022788740383	0.6263095238095238	0.6733333333333333
4	1.1404382705688476	30.022132115672296	0.6510714285714285	0.6361904761904762
5	1.1305262247721355	27.6445774179901	0.6734523809523809	0.6533333333333333
6	1.1235074315752303	25.833943910925107	0.6983333333333334	0.6628571428571428
7	1.1171329617500305	23.720726883456734	0.7188095238095238	0.7666666666666667
8	1.112762212753296	19.42708752998381	0.8138095238095238	0.8857142857142857
9	1.1082731246948243	16.369832981675298	0.8730952380952381	0.9228571428571428
10	1.1051519567316228	14.081728675972826	0.905	0.94
11	1.1025220155715942	12.531335371982008	0.9073809523809524	0.8228571428571428
12	1.099177782352154	11.144750500813183	0.9270238095238095	0.8847619047619047
13	1.098068254334586	9.486837227534885	0.9491666666666667	0.9257142857142857
14	1.0976048310597737	8.071336876756792	0.9698809523809524	0.9438095238095238
15	1.096561074256897	7.578428254834599	0.9614285714285714	0.9419047619047619
16	1.0959202121285831	6.31215048108264	0.9766666666666667	0.9533333333333334
17	1.095614751180013	5.496509379760394	0.9821428571428571	0.979047619047619
18	1.0956931114196777	4.5887835007656665	0.993452380952381	0.9780952380952381
19	1.0950700283050536	4.079602201628594	0.993452380952381	0.9114285714285715
20	1.0946109294891357	3.7331160352257267	0.9895238095238095	0.9876190476190476
21	1.093900897286155	2.9023377575801805	0.9977380952380952	0.9838095238095238
22	1.0932039074275806	2.6484583879151726	0.996904761904762	0.9828571428571429
23	1.0923649768034618	2.096226914753932	0.9992857142857143	0.9904761904761905
24	1.0913918495178223	2.001010903387469	0.9977380952380952	0.9866666666666667
25	1.0903863540062537	1.5225325769571296	0.9997619047619047	0.9847619047619047
26	1.0898000222665292	1.3455456962150312	0.9994047619047619	0.9866666666666667
27	1.0892873576709203	1.1127792460836838	0.9998809523809524	0.9847619047619047
28	1.0890878973336056	0.9523805623498707	1.0	0.9904761904761905
29	1.0888453801472981	0.86478188056003	1.0	0.98
30	1.088577555071923	0.7059961872409052	1.0	0.9847619047619047
31	1.0879417434334755	0.633487470986272	1.0	0.9866666666666667
32	1.0874769976644805	0.5016755897395965	1.0	0.9857142857142858
33	1.087269432404462	0.43661217156358545	1.0	0.9838095238095238
34	1.0869486127580916	0.3791212838978822	1.0	0.9847619047619047
35	1.0868677298227947	0.3281389573737696	1.0	0.9838095238095238
36	1.086440524539432	0.9864494907085434	0.995	0.9923809523809524
37	1.085898575029875	0.3156100822605561	1.0	0.9904761904761905
38	1.0850811310303516	0.2571085673604628	1.0	0.9876190476190476
39	1.0845446407794952	0.22549171584300667	1.0	0.9866666666666667
40	1.0837363033759884	0.2025099266532936	1.0	0.9876190476190476
41	1.0832936536698115	0.18511611050412682	1.0	0.9866666666666667
42	1.0825730589933173	0.16916496105520445	1.0	0.9847619047619047
43	1.0820663462985645	0.1551505817603249	1.0	0.9828571428571429
44	1.0820248974694147	0.1413678795297563	1.0	0.9866666666666667
45	1.0820428081180737	0.13019610876252896	1.0	0.9847619047619047
46	1.0819155408980998	0.11892350727671	1.0	0.9809523809523809
47	1.08195494612058	0.10974560992459381	1.0	0.9847619047619047
48	1.0818210864553646	0.10042047644381061	1.0	0.9857142857142858
49	1.0818224716186524	0.09330854097473304	1.0	0.9866666666666667
50	1.0817402764862658	0.08519710997693213	1.0	0.9828571428571429
51	1.0816048246163588	0.07760871219459368	1.0	0.9857142857142858
52	1.0818619503165192	0.0706830815033201	1.0	0.9828571428571429
53	1.08176675107744	0.06505572169792516	1.0	0.9838095238095238
54	1.0814349781383168	0.05876868296088828	1.0	0.981904761904762
55	1.0813110726220267	0.056059024895155386	1.0	0.9828571428571429
56	1.081408274801154	0.0534786809299552	1.0	0.98
-1	-1	-1	-1	-1
0	1.373678207397461	59.22349612159874	0.3016666666666667	0.49142857142857144
1	1.2267262935638428	42.54238310694241	0.5003571428571428	0.5495238095238095
2	1.1766399542490642	36.18245644805096	0.5720238095238095	0.6161904761904762
3	1.1519442200660706	32.670238581900364	0.6196428571428572	0.6038095238095238
4	1.1385040760040284	29.93355447167226	0.6477380952380952	0.699047619047619
5	1.1303781668345134	27.693009891437487	0.6730952380952381	0.6552380952380953
6	1.124556234904698	26.092300186592364	0.6889285714285714	0.6771428571428572
7	1.1194397807121277	24.544206630141108	0.7082142857142857	0.6171428571428571
8	1.1159959899054632	23.01544170234593	0.7228571428571429	0.7847619047619048
9	1.113017773628235	17.991591136265164	0.8275	0.82
10	1.1101814183321865	14.620019764048065	0.891547619047619	0.7533333333333333
11	1.1073647340138753	12.58820227706387	0.9121428571428571	0.9038095238095238
12	1.104705498768733	11.002483931784393	0.9233333333333333	0.9495238095238095
13	1.1020734310150146	9.215809673410858	0.9486904761904762	0.9114285714285715
14	1.100646193822225	7.635190564869927	0.9644047619047619	0.9914285714285714
15	1.0993459075689316	6.673572229341862	0.9652380952380952	0.8514285714285714
16	1.0975916105158188	5.377368394866189	0.9845238095238096	0.9914285714285714
17	1.0958538982603285	4.256560313384343	0.9911904761904762	0.9704761904761905
18	1.093768885261134	3.389276542137784	0.9964285714285714	0.9866666666666667
19	1.0924577713012695	2.8504611521166088	0.9957142857142857	0.9990476190476191
20	1.0914369991847448	2.036503553390503	0.9996428571428572	1.0
21	1.090973518111489	2.748136598234394	0.9848809523809524	1.0
22	1.0901866892109746	1.3512515656848372	0.9998809523809524	0.9942857142857143
23	1.0894588232040405	1.1114270630444865	1.0	1.0
24	1.0893700313568115	0.8208878605764628	1.0	0.9980952380952381
25	1.0889706795032208	0.6973151111330823	1.0	1.0
26	1.0887490290182609	0.5539712729109557	1.0	0.9980952380952381
27	1.0886791603905814	0.44034170458525307	1.0	1.0
28	1.0890189121509422	0.3732520739331898	1.0	1.0
29	1.0892110188802084	0.29413627515840896	1.0	1.0
30	1.0894485212141467	0.2488893901383922	1.0	1.0
31	1.089450091123581	0.21188665645289104	1.0	1.0
32	1.0899606690262302	0.17479744678214476	1.0	0.9990476190476191
33	1.0897619934643017	0.15834999668054253	1.0	1.0
34	1.0899062156677246	0.1310722699863376	1.0	1.0
35	1.0899083481894598	0.1068904272036294	1.0	0.9990476190476191
36	1.0899179883905359	0.09221471837604907	1.0	1.0
37	1.090049800119902	0.08005422171021143	1.0	1.0
38	1.0896109739939372	0.07056472434205474	1.0	1.0
39	1.0894261181354523	0.06135985127759977	1.0	1.0
40	1.0891820919222948	0.05554486787081218	1.0	1.0
-1	-1	-1	-1	-1
0	1.3624393939971924	58.85691763874242	0.3175	0.44761904761904764
1	1.2163649797439575	42.46670010062678	0.4944047619047619	0.5047619047619047
2	1.1672078768412273	35.794093570781754	0.5704761904761905	0.6266666666666667
3	1.1409336924552917	31.988411355834497	0.6196428571428572	0.5904761904761905
4	1.1285832881927491	29.564398479099054	0.6360714285714286	0.6495238095238095
5	1.1190450588862102	27.434508193128462	0.6691666666666667	0.6238095238095238
6	1.112971476146153	26.046171308017048	0.6870238095238095	0.6447619047619048
7	1.1102625727653503	23.865302009727564	0.7208333333333333	0.7171428571428572
8	1.1072648366292317	19.85824116463897	0.7780952380952381	0.8561904761904762
9	1.1047926425933838	15.565572945337331	0.863452380952381	0.9057142857142857
10	1.1038332852450283	12.619597045187714	0.9110714285714285	0.8790476190476191
11	1.1011074384053547	10.230828613382782	0.9354761904761905	0.8714285714285714
12	1.098603945512038	8.068093480266093	0.9602380952380952	0.9923809523809524
13	1.096587095941816	6.589996173807877	0.9727380952380953	0.9761904761904762
14	1.0947312831878662	5.106366537369703	0.9814285714285714	0.919047619047619
15	1.0929085165262222	4.323193654361333	0.9832142857142857	0.9514285714285714
16	1.09065842628479	2.793762644887424	0.9976190476190476	1.0
17	1.0891579919391208	2.068951858313818	0.9994047619047619	1.0
18	1.0879235016672235	1.6710995959238408	0.9985714285714286	0.9990476190476191
19	1.0908666253089905	1.0976989548015956	1.0	1.0
20	1.0904093469892229	0.8689968936116976	1.0	1.0
21	1.089953530918468	1.4308510648207067	0.9905952380952381	0.9828571428571429
22	1.0895324997279956	0.9317278278984498	0.9966666666666667	1.0
23	1.089308609565099	0.4426621809998393	1.0	1.0
24	1.0889595222473145	0.36453116093071697	1.0	1.0
25	1.088619323877188	0.3023489174847367	1.0	1.0
26	1.0881081245563649	0.25063189756507653	1.0	1.0
27	1.0880492074148995	0.21418231164774515	1.0	1.0
28	1.0874636830954716	0.1821556617948492	1.0	1.0
29	1.0872588872909545	0.1573069428763009	1.0	1.0
30	1.086785570267708	0.13479834260992676	1.0	1.0
31	1.086908720433712	0.11649217956589655	1.0	1.0
32	1.0867329799767695	0.10239043892733045	1.0	1.0
33	1.0868787414887373	0.08848356475394942	1.0	1.0
34	1.0867531844547818	0.07743060003838612	1.0	1.0
35	1.0871210959222581	0.06837278321215408	1.0	1.0
36	1.0872733206362337	0.059869972287815335	1.0	1.0
-1	-1	-1	-1	-1
0	1.3261229991912842	59.51564632169194	0.2975	0.4123809523809524
1	1.2039058208465576	43.25517920577481	0.48714285714285716	0.5038095238095238
2	1.165038267771403	36.32353457751836	0.5667857142857143	0.5457142857142857
3	1.14219731092453	32.77670677170554	0.6001190476190477	0.6180952380952381
4	1.1313924312591552	29.90608661347016	0.6538095238095238	0.6076190476190476
5	1.1234639883041382	27.853938603129222	0.6688095238095239	0.6390476190476191
6	1.1172640664236886	26.11508899224575	0.6979761904761905	0.6504761904761904
7	1.1115638613700867	24.7965373811613	0.7078571428571429	0.7057142857142857
8	1.1072141594356961	23.199441521793265	0.7202380952380952	0.6552380952380953
9	1.1039167165756225	18.54289883080544	0.8146428571428571	0.7971428571428572
10	1.100545341318304	15.012713519339325	0.8864285714285715	0.7523809523809524
11	1.0987604856491089	13.413692325693573	0.8935714285714286	0.9419047619047619
12	1.0978427300086389	11.126397932436983	0.9425	0.8609523809523809
13	1.0972472940172469	9.902753021327262	0.9434523809523809	0.8657142857142858
14	1.0954745451609293	8.291577433451954	0.9605952380952381	0.9561904761904761
15	1.0945959985256195	7.152541278432984	0.9696428571428571	0.9895238095238095
16	1.0943737450767965	5.815588729916417	0.9859523809523809	0.9885714285714285
17	1.0934526655409071	4.915577273405097	0.9892857142857143	0.9761904761904762
18	1.093481365003084	4.126459498369195	0.9925	0.9314285714285714
19	1.093095588684082	3.1968255251532725	0.996904761904762	0.9676190476190476
20	1.0931349708920433	3.2048869058206506	0.9907142857142858	0.9771428571428571
21	1.0927378155968406	2.181878316765049	0.9994047619047619	0.9961904761904762
22	1.093031053957732	1.7324986917890977	0.9994047619047619	0.9904761904761905
23	1.0924596389134724	2.190484313003917	0.9888095238095238	0.9952380952380953
24	1.09245041847229	1.1427980081210118	1.0	0.9952380952380953
25	1.0923994412788978	0.9090805738144501	0.9998809523809524	0.9942857142857143
26	1.0924984525751185	0.7619985466674254	1.0	0.9866666666666667
27	1.0915998731340681	0.6361568052279178	1.0	0.9971428571428571
28	1.091605022035796	0.5118387219683752	1.0	0.9980952380952381
29	1.0915837208429973	0.41496975354482013	1.0	0.9961904761904762
30	1.0917182199416622	0.34062173486662456	1.0	0.9971428571428571
31	1.091799795627594	0.2826531419225972	1.0	0.9961904761904762
32	1.091854037660541	0.2410076444139952	1.0	0.9971428571428571
33	1.0921156827141256	0.20620188781347112	1.0	0.9952380952380953
34	1.092390741620745	0.1767321744855819	1.0	0.9961904761904762
35	1.0919024215804205	0.15846746698191863	1.0	0.9971428571428571
36	1.0911439109492946	0.12411212669012664	1.0	0.9971428571428571
37	1.0909512670416581	0.11268163157959854	1.0	0.9971428571428571
38	1.0909442351414607	0.09408020456197597	1.0	0.9961904761904762
39	1.0909840226173402	0.08112573057073151	1.0	0.9980952380952381
40	1.0909414465834455	0.07102209712049354	1.0	0.9980952380952381
41	1.0911387829553514	0.062376153616397555	1.0	0.9980952380952381
42	1.0911185907763103	0.05494066711670999	1.0	0.9980952380952381
43	1.0912481167099692	0.047688675442349324	1.0	0.9980952380952381
44	1.0913732528686524	0.0437884080832817	1.0	0.9980952380952381
45	1.0914749425390493	0.04258800916968643	1.0	0.9980952380952381
46	1.09154822471294	0.033365525436293716	1.0	0.9971428571428571
47	1.091604674855868	0.029114080037029297	1.0	0.9971428571428571
48	1.0910872683233144	0.026193042119306304	1.0	0.9980952380952381
-1	-1	-1	-1	-1
0	1.3613314628601074	57.530096155609016	0.33535714285714285	0.43333333333333335
1	1.2123944759368896	42.472159911471174	0.49523809523809526	0.5466666666666666
2	1.164581298828125	35.79243184223828	0.5819047619047619	0.5857142857142857
3	1.1429812908172607	32.715852664904	0.6121428571428571	0.6095238095238096
4	1.1284235000610352	29.620518648125827	0.6555952380952381	0.6771428571428572
5	1.1177693605422974	27.7173345805121	0.6739285714285714	0.7257142857142858
6	1.1110951900482178	25.690814137912067	0.6965476190476191	0.7514285714285714
7	1.1062405109405518	22.25535151623048	0.7571428571428571	0.7819047619047619
8	1.103434403737386	17.97582446848938	0.8552380952380952	0.8590476190476191
9	1.099365782737732	15.662610405751508	0.8783333333333333	0.9285714285714286
10	1.0966021364385432	13.963141932686925	0.8973809523809524	0.8419047619047619
11	1.093849817911784	12.211423572931906	0.914047619047619	0.9238095238095239
12	1.0922602873582106	10.528538227081299	0.9497619047619048	0.861904761904762
13	1.091602189200265	9.575883909776637	0.9494047619047619	0.8638095238095238
14	1.091694974899292	8.269042970563069	0.9645238095238096	0.9552380952380952
15	1.0911974906921387	7.049113050613113	0.9825	0.9942857142857143
16	1.0906754521762623	6.244253561070663	0.9889285714285714	0.9895238095238095
17	1.0906954341464572	5.425930678617818	0.9911904761904762	0.9857142857142858
18	1.090765300549959	4.644541286696953	0.9961904761904762	0.9761904761904762
19	1.0910125494003295	4.109125593315966	0.9953571428571428	0.9838095238095238
20	1.0901690891810827	3.557863313888869	0.9972619047619048	0.9961904761904762
21	1.0900290554220027	3.2265880397970688	0.9971428571428571	0.9904761904761905
22	1.090283031048982	2.6763012261898345	0.9982142857142857	0.9904761904761905
23	1.0903337796529133	2.291698342267098	0.9992857142857143	0.9933333333333333
24	1.0904729175567627	1.9700872850508744	0.9994047619047619	0.9961904761904762
25	1.089514603981605	1.7547995683811464	0.9995238095238095	0.8828571428571429
26	1.0882052138999656	1.574112395483278	0.998452380952381	0.9895238095238095
27	1.0877668431827001	1.3472342074144024	0.9996428571428572	0.9961904761904762
28	1.0878320480215138	1.2474101950687146	0.9998809523809524	0.9942857142857143
29	1.0881015380223593	0.9629242032653025	0.9998809523809524	0.9971428571428571
30	1.0877960035877843	0.8083017808402899	1.0	0.9942857142857143
31	1.0875639021396637	0.7301149294630203	1.0	0.9942857142857143
32	1.0874655969215161	0.6188090920674937	1.0	0.9838095238095238
33	1.0872487390742582	0.5991721043341967	1.0	0.9933333333333333
34	1.086930751800537	0.4830972813494758	1.0	0.9914285714285714
35	1.0868870351049635	0.4170976533862574	1.0	0.9914285714285714
36	1.086659914738423	0.38211852414073144	1.0	0.9914285714285714
37	1.0868661215430813	0.329110183983248	1.0	0.9923809523809524
38	1.0868828541193254	0.30596322390629765	1.0	0.9904761904761905
39	1.0870659708976746	0.25406836242390224	1.0	0.9904761904761905
40	1.0866973400115967	0.23785240922703943	1.0	0.9904761904761905
41	1.086513842855181	0.2022446580656128	1.0	0.9923809523809524
42	1.0865717655004457	0.2217918792774922	1.0	0.9923809523809524
43	1.0865603414448826	0.1713953411539471	1.0	0.9847619047619047
44	1.0866756545172798	0.152083042145002	1.0	0.9914285714285714
45	1.086624544599782	0.13029405072388087	1.0	0.9923809523809524
46	1.0864345469373338	0.12223027584217347	1.0	0.9885714285714285
47	1.0858859519163768	0.11437624675919347	1.0	0.9904761904761905
48	1.0858155951207997	0.10168047576519473	1.0	0.9895238095238095
49	1.0859356117248535	0.09135346424840249	1.0	0.9866666666666667
-1	-1	-1	-1	-1
0	1.3746798038482666	58.18795243324889	0.3202380952380952	0.4895238095238095
1	1.2223612070083618	42.540617246591545	0.48833333333333334	0.5247619047619048
2	1.1716211636861165	36.34152318134961	0.5686904761904762	0.4980952380952381
3	1.1510801911354065	33.027928334225265	0.6054761904761905	0.5485714285714286
4	1.1358853340148927	29.946370157452137	0.643095238095238	0.6114285714285714
5	1.1272039810816448	27.866093233057754	0.6714285714285714	0.5314285714285715
6	1.1207609517233712	26.12902052048948	0.6952380952380952	0.6876190476190476
7	1.1157355606555939	24.755970929512053	0.7120238095238095	0.6923809523809524
8	1.112613360087077	23.184710589651825	0.7310714285714286	0.6885714285714286
9	1.1110796928405762	19.28003640047951	0.8052380952380952	0.8742857142857143
10	1.1085088686509565	15.271356421278456	0.8895238095238095	0.8552380952380952
11	1.1062878370285034	13.241037910882058	0.9107142857142857	0.8685714285714285
12	1.1044841913076549	11.635454879514166	0.9255952380952381	0.86
13	1.1032514231545585	10.558088106800849	0.9360714285714286	0.9495238095238095
14	1.102611764272054	8.701543807983398	0.965	0.9647619047619047
15	1.1016785204410553	7.70467434183273	0.9694047619047619	0.940952380952381
16	1.1005152253543629	6.643618910938161	0.9803571428571428	0.8657142857142858
17	1.0996056265301175	5.615596817473495	0.9858333333333333	0.9628571428571429
18	1.0983715559306897	4.700095254658746	0.9916666666666667	0.9876190476190476
19	1.0974671006202699	4.056180378783338	0.9932142857142857	0.9828571428571429
20	1.0964824926285517	3.632740304497258	0.9927380952380952	0.9933333333333333
21	1.0955843166871504	2.823994807870669	0.9991666666666666	0.98
22	1.0944558330204175	2.3460670623489204	0.9989285714285714	0.9742857142857143
23	1.0936465760072072	1.9367724471219139	0.9998809523809524	0.9780952380952381
24	1.093307180404663	1.901180769100842	0.9979761904761905	0.9971428571428571
25	1.0928384707524226	1.486597609610612	0.9998809523809524	0.9971428571428571
26	1.0918729393570512	1.156101942062378	0.9998809523809524	0.979047619047619
27	1.0909038952418737	0.9210689436120225	1.0	0.9971428571428571
28	1.0897121100590146	0.830416699779351	1.0	0.9971428571428571
29	1.0886452674865723	0.7144414868644888	1.0	0.9942857142857143
30	1.088091235007009	0.5448797979735603	1.0	0.9952380952380953
31	1.0874937027692795	0.4561758308242936	1.0	0.9942857142857143
32	1.0865635149406665	0.41396750175454317	1.0	0.9952380952380953
33	1.085914976456586	0.35274754651599055	1.0	0.9952380952380953
34	1.0852358000619071	0.31733465332098787	1.0	0.9933333333333333
35	1.084571189350552	0.24716596492343076	1.0	0.9952380952380953
36	1.083979149122496	0.21474170781133747	1.0	0.9933333333333333
37	1.0840901324623509	0.18852726299273198	1.0	0.9952380952380953
38	1.0840253402025273	0.17063482408854444	1.0	0.9942857142857143
39	1.0843223631381989	0.15231668345715157	1.0	0.9885714285714285
40	1.084585370087042	0.1294361133085911	1.0	0.9942857142857143
41	1.084833332470485	0.10921900601838025	1.0	0.9952380952380953
42	1.084890598474547	0.09804229697517115	1.0	0.9942857142857143
43	1.0852081342176958	0.08528296861925053	1.0	0.9904761904761905
44	1.0851651509602864	0.07724605919262076	1.0	0.9914285714285714
-1	-1	-1	-1	-1
0	1.3817224502563477	60.67919408413847	0.28583333333333333	0.4257142857142857
1	1.236542820930481	42.76176357631901	0.4944047619047619	0.5314285714285715
2	1.1859981218973796	36.405186395681405	0.5610714285714286	0.5866666666666667
3	1.1622033715248108	32.2907842048674	0.6230952380952381	0.5695238095238095
4	1.1471466541290283	29.613430820943737	0.6501190476190476	0.699047619047619
5	1.1374938488006592	26.881939423854813	0.6858333333333333	0.62
6	1.1283567632947649	25.292102864486637	0.6944047619047619	0.6504761904761904
7	1.1235125064849854	22.608368278909545	0.7261904761904762	0.7952380952380952
8	1.1194172700246174	18.19642094151602	0.8147619047619048	0.8266666666666667
9	1.1166795015335083	13.915847791011796	0.8932142857142857	0.8857142857142857
10	1.1139570799740879	11.108962517727464	0.9208333333333333	0.96
11	1.1123016873995464	9.043403432396428	0.9442857142857143	0.9923809523809524
12	1.11039242377648	7.150087723713864	0.9592857142857143	0.9419047619047619
13	1.1087628092084612	5.517402687453498	0.9801190476190477	0.9961904761904762
14	1.106942876180013	4.147013108086677	0.988452380952381	0.9771428571428571
15	1.10554900765419	3.273025820690416	0.9913095238095239	0.9980952380952381
16	1.1048157215118408	2.231407237143571	0.9986904761904762	0.9990476190476191
17	1.1031270424524944	1.6472007251511056	0.9992857142857143	1.0
18	1.102599206723665	1.1386626555439183	1.0	0.9990476190476191
19	1.10167738199234	0.87830153005658	1.0	0.9990476190476191
20	1.1014454364776611	0.5922670046526216	1.0	0.9990476190476191
21	1.1006487824700095	0.43669369465497965	1.0	1.0
22	1.100448287051657	0.35296907125770366	1.0	1.0
23	1.0999966462453206	0.27504074049426575	1.0	0.9990476190476191
24	1.099307804107666	0.21986899983860242	1.0	1.0
25	1.098947864312392	0.17717279836592112	1.0	1.0
26	1.0984756063531946	0.1473293631504017	1.0	0.9990476190476191
27	1.098503828048706	0.12033704824094084	1.0	0.9990476190476191
28	1.0979846428180564	0.10258605715043191	1.0	0.9990476190476191
29	1.0975858052571614	0.08682577681688755	1.0	0.9990476190476191
30	1.097207538543209	0.07088503746507059	1.0	1.0
31	1.096644327044487	0.06068721803138918	1.0	0.9990476190476191
32	1.0964035120877353	0.052678117379829456	1.0	0.9990476190476191
33	1.0960028241662418	0.04507221098096879	1.0	1.0
34	1.095560462134225	0.03898991630217875	1.0	1.0
35	1.0950449373986986	0.03499119224543807	1.0	1.0
36	1.0947899882857863	0.029966622398025975	1.0	0.9990476190476191
37	1.0945168482629877	0.025991968778687966	1.0	1.0
-1	-1	-1	-1	-1
0	1.3731296062469482	59.00684579334332	0.3175	0.4361904761904762
1	1.2309815883636475	43.04770568296483	0.48892857142857143	0.5895238095238096
2	1.1845566431681316	36.28283520252533	0.5719047619047619	0.5571428571428572
3	1.1594979166984558	32.49973837413715	0.6247619047619047	0.6038095238095238
4	1.1458798408508302	29.70331316393138	0.6580952380952381	0.5857142857142857
5	1.1348689397176106	28.439742498071475	0.6528571428571428	0.6685714285714286
6	1.1283864293779646	26.054152662763123	0.690595238095238	0.6666666666666666
7	1.1237269341945648	22.934720401981483	0.7491666666666666	0.7876190476190477
8	1.119908783170912	18.513828462520934	0.8455952380952381	0.8038095238095239
9	1.116498064994812	15.917981263802533	0.8744047619047619	0.7409523809523809
10	1.1118152358315208	13.905814765524049	0.9014285714285715	0.8685714285714285
11	1.1078261931737263	12.26444145209889	0.9229761904761905	0.9180952380952381
12	1.1045598616966834	11.162633110815127	0.9204761904761904	0.979047619047619
13	1.1019596883228846	9.943326681739023	0.9354761904761905	0.9714285714285714
14	1.099550437927246	8.288719296908651	0.9661904761904762	0.8961904761904762
15	1.0971949845552444	7.437375687827629	0.975	0.9628571428571429
16	1.0958159671110266	6.460440369160003	0.9846428571428572	0.96
17	1.0939648018942938	5.676186245203925	0.9866666666666667	0.9704761904761905
18	1.092436476757652	4.917360554176591	0.9902380952380953	0.9533333333333334
19	1.0907646059989928	4.288327464585975	0.9951190476190476	0.9857142857142858
20	1.0897624379112607	3.796383962431788	0.9957142857142857	0.9885714285714285
21	1.0887021801688455	3.298255893667388	0.9976190476190476	0.9971428571428571
22	1.087867197783097	2.8858702391272715	0.9978571428571429	0.9904761904761905
23	1.0869425634543102	2.4306764319369094	0.9994047619047619	0.9866666666666667
24	1.0863160037994384	2.0338013659411964	0.9996428571428572	0.9933333333333333
25	1.085525943682744	1.7412940148165017	0.9998809523809524	0.9838095238095238
26	1.085047757184064	1.5849646853403447	0.9996428571428572	0.9895238095238095
27	1.0843637926237923	1.2975909981890776	1.0	0.9895238095238095
28	1.08372923423504	1.2120364038663218	0.9996428571428572	0.9904761904761905
29	1.0830893039703369	1.0256819754498994	1.0	0.9866666666666667
30	1.082633872185984	0.8609718003313804	0.9998809523809524	0.981904761904762
31	1.0822728648781776	0.7592322522696433	1.0	0.9904761904761905
32	1.0818108356360234	0.6728872597897461	1.0	0.9885714285714285
33	1.0815760247847612	0.5581247819580506	1.0	0.9904761904761905
34	1.0816634859357561	0.4965503480384558	1.0	0.98
35	1.0814533432324727	0.5173663177417711	0.9996428571428572	0.9866666666666667
36	1.0807722774711814	0.40270874255510336	1.0	0.9876190476190476
37	1.0799810760899593	0.33230255127746344	1.0	0.9866666666666667
38	1.07917482425005	0.30515680541443735	1.0	0.9847619047619047
39	1.07857084274292	0.273599321029712	1.0	0.9828571428571429
40	1.077992939367527	0.24401861559528815	1.0	0.9838095238095238
41	1.0773463873636155	0.21203602943923536	1.0	0.9838095238095238
-1	-1	-1	-1	-1
0	1.3652527332305908	57.7056105653596	0.3354761904761905	0.4819047619047619
1	1.2112027406692505	42.33677402829942	0.4961904761904762	0.6019047619047619
2	1.1577111879984539	35.983444736031075	0.5721428571428572	0.540952380952381
3	1.13271963596344	31.988219823220838	0.6208333333333333	0.520952380952381
4	1.1158077716827393	29.71442311072984	0.6483333333333333	0.66
5	1.106871207555135	27.5614599220653	0.6691666666666667	0.6428571428571429
6	1.100766352244786	25.43691186215941	0.7039285714285715	0.6866666666666666
7	1.0953137874603271	22.992171432582143	0.7333333333333333	0.8561904761904762
8	1.0909794171651204	18.10683858167989	0.855	0.8552380952380952
9	1.087584900856018	15.471353028663664	0.8829761904761905	0.840952380952381
10	1.0856228091500022	13.924212589916621	0.8871428571428571	0.9495238095238095
11	1.0834205150604248	11.842700685385061	0.9291666666666667	0.8638095238095238
12	1.0815547246199388	10.275013843869981	0.9435714285714286	0.9666666666666667
13	1.079962236540658	9.15721829762477	0.9484523809523809	0.9095238095238095
14	1.0787238121032714	7.829554983871518	0.965952380952381	0.9847619047619047
15	1.077390730381012	6.598177393126397	0.98	0.9895238095238095
16	1.07692149106194	5.289522803781604	0.9946428571428572	0.9952380952380953
17	1.0767670075098674	4.70877293851439	0.991904761904762	0.98
18	1.076509337676199	3.8353480000912916	0.9959523809523809	0.9971428571428571
19	1.0755451917648315	3.5842479381271186	0.9903571428571428	0.9104761904761904
20	1.0747866176423573	2.77296058125369	0.9973809523809524	0.9933333333333333
21	1.0739546038887717	2.3578720163029865	0.998452380952381	0.9771428571428571
22	1.0731668368629788	1.986192875715263	0.9989285714285714	1.0
23	1.0724775195121765	1.5202078327479924	0.9995238095238095	0.9895238095238095
24	1.072920446395874	1.258239693401431	0.9998809523809524	1.0
25	1.073533791762132	0.9966475613443571	1.0	0.9980952380952381
26	1.0738689281322338	0.8148543876613501	1.0	0.9971428571428571
27	1.0739439300128393	0.6599767889133424	1.0	0.9980952380952381
28	1.0745553888123611	0.6075719928106881	1.0	1.0
29	1.0746875365575155	0.4804640406098203	1.0	0.9980952380952381
30	1.0751804690207205	0.3808339516926174	1.0	0.9990476190476191
31	1.0752112418413162	0.3324002162925191	1.0	0.9990476190476191
32	1.0754440119772246	0.27020440471602936	1.0	0.9990476190476191
33	1.0753747435177075	0.2973892062675817	0.9998809523809524	0.9276190476190476
34	1.075380175454276	1.1860567404403433	0.9879761904761905	1.0
35	1.0754777259296842	0.2264594954116263	1.0	1.0
36	1.0754725288700413	0.19390366747692056	1.0	1.0
37	1.075482261808295	0.17129442325223082	1.0	1.0
38	1.0758181046216915	0.15530252626640262	1.0	1.0
39	1.0762095689773559	0.1404503951054562	1.0	1.0
40	1.0765509954312953	0.12791376719569977	1.0	1.0
41	1.0769431363968622	0.1169696081387226	1.0	1.0
42	1.0765904936679573	0.10777135983732716	1.0	1.0
-1	-1	-1	-1	-1
0	1.3668701648712158	57.36336772614106	0.33071428571428574	0.4514285714285714
1	1.2276439666748047	42.19356005998619	0.49202380952380953	0.3914285714285714
2	1.1803932189941406	35.70458584049356	0.5733333333333334	0.6361904761904762
3	1.157135784626007	32.271803192312724	0.6194047619047619	0.5952380952380952
4	1.1420840263366698	29.888279338300002	0.6436904761904761	0.6057142857142858
5	1.1329925060272217	27.971156936181362	0.6726190476190477	0.700952380952381
6	1.1263277871268136	26.159099934218954	0.6867857142857143	0.5457142857142857
7	1.1207674443721771	24.27282166209058	0.7241666666666666	0.7266666666666667
8	1.1164533562130399	21.485027287849455	0.7655952380952381	0.7714285714285715
9	1.1135937929153443	17.253477212594035	0.8545238095238096	0.7457142857142857
10	1.1116220517591997	14.986683268964065	0.8882142857142857	0.940952380952381
11	1.1095014810562134	12.971133768785135	0.9172619047619047	0.9447619047619048
12	1.1081398450411284	11.154457240956818	0.9466666666666667	0.9419047619047619
13	1.1059754576001848	10.2335823951112	0.9419047619047619	0.8733333333333333
14	1.1049828370412191	8.83283305802726	0.9594047619047619	0.9371428571428572
15	1.103144720196724	8.03243857463503	0.9610714285714286	0.8790476190476191
16	1.1018086741952335	6.878969356587631	0.9778571428571429	0.939047619047619
17	1.1013995276557074	5.9276180222007255	0.9891666666666666	0.9238095238095239
18	1.1003832440627248	5.516640690343008	0.9825	0.979047619047619
19	1.0992865204811095	4.733201950221914	0.9913095238095239	0.9038095238095238
20	1.097678581873576	4.220683853435879	0.9925	0.9761904761904762
21	1.0966852144761519	3.983662446642103	0.9891666666666666	0.9685714285714285
22	1.0965948934140413	3.132714010463468	0.9983333333333333	0.9771428571428571
23	1.0962531765302022	2.7707443096791837	0.998452380952381	0.9857142857142858
24	1.0955389404296876	2.6853533099359432	0.9972619047619048	0.9914285714285714
25	1.095487851362962	2.161265278497123	0.9992857142857143	0.9666666666666667
26	1.0951612172303375	1.8910512930993344	0.9995238095238095	0.98
27	1.0952022245952062	1.667003942986405	0.9997619047619047	0.981904761904762
28	1.094541023517477	1.5529209098888441	0.9994047619047619	0.9742857142857143
29	1.0941640138626099	1.4063516686397814	0.9997619047619047	0.9723809523809523
30	1.0939044644755702	1.1640164018130574	1.0	0.9771428571428571
31	1.0931558310985565	1.1268462167040023	0.9996428571428572	0.9809523809523809
32	1.0927427609761555	0.8747375097564871	1.0	0.9752380952380952
33	1.092012699912576	0.8287851471638045	1.0	0.9676190476190476
34	1.0916659491402763	0.7268587584277976	1.0	0.9733333333333334
35	1.0911394953727722	0.6503250975685881	1.0	0.9723809523809523
36	1.090733289718628	0.5804293740951516	1.0	0.9733333333333334
37	1.089930258299175	0.5439013187196318	1.0	0.9647619047619047
38	1.0897025267283122	0.5759149106509786	0.9990476190476191	0.9152380952380952
39	1.089392650127411	1.1614191508338478	0.9948809523809524	0.9933333333333333
40	1.0889571992362417	0.500558000723672	0.9998809523809524	0.9876190476190476
41	1.0884555351166498	0.4115523017178017	1.0	0.9847619047619047
42	1.0881261548330619	0.3633372630683188	1.0	0.9857142857142858
43	1.0878476175394924	0.3324366634846187	1.0	0.979047619047619
44	1.0875461207495796	0.30950737279970836	1.0	0.979047619047619
45	1.0873671355454817	0.2897751269571681	1.0	0.9771428571428571
46	1.0869836401432118	0.2637357955139853	1.0	0.9771428571428571
47	1.0867860615253448	0.24762747960852127	1.0	0.9733333333333334
48	1.0866845821847722	0.23341916561013393	1.0	0.9742857142857143
49	1.0866424226760865	0.21353185766096805	1.0	0.9742857142857143
50	1.0864476316115435	0.19866789805175233	1.0	0.9752380952380952
51	1.0862747155703032	0.18519461283835623	1.0	0.9695238095238096
52	1.0860078964593276	0.18073825835615057	1.0	0.9685714285714285
53	1.0857283980758101	0.16134054948905122	1.0	0.9657142857142857
54	1.085600367459384	0.15630683845383586	1.0	0.9723809523809523
55	1.0855081336838859	0.14466120506647423	1.0	0.9685714285714285
56	1.085289758548402	0.13373112041120747	1.0	0.9695238095238096
57	1.0852570122685925	0.13040429610093285	1.0	0.9685714285714285
58	1.0852869567224535	0.11861685636548941	1.0	0.9685714285714285
59	1.0853561878204345	0.11218840236502908	1.0	0.9657142857142857
-1	-1	-1	-1	-1
0	1.3655681610107422	58.86142815564522	0.30607142857142855	0.4542857142857143
1	1.2291165590286255	43.01853145120715	0.5007142857142857	0.5295238095238095
2	1.1815986633300781	36.0774504948025	0.5827380952380953	0.6352380952380953
3	1.158401370048523	32.41253517063851	0.6188095238095238	0.6485714285714286
4	1.1432016372680665	29.539080957042852	0.6536904761904762	0.6819047619047619
5	1.133672793706258	27.195757296602082	0.68	0.6123809523809524
6	1.1263858931405204	26.148998438178815	0.6807142857142857	0.7076190476190476
7	1.1216504275798798	23.246124376362268	0.7282142857142857	0.8028571428571428
8	1.1224908298916287	18.413347828070926	0.8442857142857143	0.8228571428571428
9	1.120224118232727	15.54727086730783	0.88	0.9038095238095238
10	1.1161208803003484	13.739541829765523	0.891547619047619	0.840952380952381
11	1.1142635544141133	12.104034064840455	0.9127380952380952	0.981904761904762
12	1.1117618267352765	10.162721860544764	0.9479761904761905	0.8314285714285714
13	1.1101845843451363	8.701679971281566	0.9638095238095238	0.9552380952380952
14	1.1080876509348552	7.742933908796129	0.9630952380952381	0.8685714285714285
15	1.1068353205919266	6.266036069891752	0.9795238095238096	0.9485714285714286
16	1.1056248861200668	5.5117318748068	0.9839285714285714	0.959047619047619
17	1.105194369951884	4.555896046497069	0.9914285714285714	0.9647619047619047
18	1.1044832028840716	3.8657762872855472	0.9922619047619048	0.9923809523809524
19	1.1042089939117432	3.2955156700692703	0.9954761904761905	0.9914285714285714
20	1.1034677369253976	2.7571916611928904	0.996547619047619	0.9771428571428571
21	1.1044193506240845	2.27509377460516	0.9982142857142857	0.9771428571428571
22	1.1038724961488142	1.7011933075157861	1.0	0.9961904761904762
23	1.1034519175688426	1.4235736430824484	0.9996428571428572	0.9885714285714285
24	1.1029973888397218	1.1297326415437257	1.0	0.9914285714285714
25	1.1025919547447791	1.3302989278569421	0.9975	0.9933333333333333
26	1.1023575994703505	0.8753989228957506	0.9998809523809524	0.9866666666666667
27	1.101766552243914	0.6769500421820485	1.0	0.9914285714285714
28	1.1000398767405544	0.542628318297999	1.0	0.9961904761904762
29	1.0990960597991943	0.4471143360033688	1.0	0.9933333333333333
30	1.097865343093872	0.38781884136988637	1.0	0.9923809523809524
31	1.0967023894190788	0.33521209065111873	1.0	0.9933333333333333
32	1.095532648491137	0.296885276135383	1.0	0.9942857142857143
33	1.0947941331302418	0.2803474278561063	1.0	0.9942857142857143
34	1.0941708019801548	0.20676659769998304	1.0	0.9923809523809524
35	1.0936896072493658	0.1746982892146582	1.0	0.9942857142857143
36	1.0931200981140137	0.15440116774559928	1.0	0.9933333333333333
37	1.0925135298779136	0.1395076818679222	1.0	0.9933333333333333
38	1.0919128136757092	0.11750628945095458	1.0	0.9923809523809524
39	1.0912517607212067	0.10505188525629587	1.0	0.9942857142857143
40	1.0908006633200296	0.09037713914713026	1.0	0.9933333333333333
41	1.0901974382854642	0.08030846402998093	1.0	0.9914285714285714
42	1.0898413935372995	0.07165522753002526	1.0	0.9923809523809524
-1	-1	-1	-1	-1
0	1.3550426959991455	57.80540660669595	0.33214285714285713	0.5171428571428571
1	1.2258225679397583	42.76780876188677	0.4876190476190476	0.579047619047619
2	1.1824692090352376	36.41733301909704	0.5576190476190476	0.6
3	1.1600229144096375	32.67770930750742	0.6153571428571428	0.6571428571428571
4	1.1474371910095216	29.622987613025273	0.6504761904761904	0.6666666666666666
5	1.133331298828125	28.050336812385588	0.6680952380952381	0.6514285714285715
6	1.1258628368377686	26.215823485370823	0.6884523809523809	0.719047619047619
7	1.1224854588508606	24.116393288732027	0.7171428571428572	0.7466666666666667
8	1.1181466844346788	19.955922888259018	0.8022619047619047	0.8028571428571428
9	1.1119427680969238	16.390982167349115	0.8628571428571429	0.7533333333333333
10	1.107481306249445	14.243134643641715	0.9027380952380952	0.9142857142857143
11	1.1040063500404358	12.299511447152257	0.9213095238095238	0.9476190476190476
12	1.1007519135108361	10.52588843211475	0.9407142857142857	0.9561904761904761
13	1.098760383469718	9.028538462780274	0.9566666666666667	0.9676190476190476
14	1.096108897527059	7.7596809338254165	0.965952380952381	0.9876190476190476
15	1.0955590903759003	6.654193414028153	0.974047619047619	0.9361904761904762
16	1.0946952735676485	5.596832929908549	0.9846428571428572	0.9923809523809524
17	1.0936702357398138	4.745085521342636	0.9880952380952381	0.9733333333333334
18	1.0930598409552323	3.561652941395575	0.998452380952381	0.9914285714285714
19	1.0920514345169068	3.2111014549269874	0.9955952380952381	0.9980952380952381
20	1.0903042157491047	2.4914850678734	0.9991666666666666	0.9885714285714285
21	1.090007478540594	2.03588952900339	0.9988095238095238	0.9933333333333333
22	1.0897303042204485	1.543240853588844	0.9996428571428572	0.9961904761904762
23	1.0894467035929363	1.1761800787294772	0.9998809523809524	0.9942857142857143
24	1.0881441402435303	1.0302129117028342	0.9997619047619047	0.9895238095238095
25	1.0879000700437105	0.8343203015653806	0.9998809523809524	0.9980952380952381
26	1.0876684806965016	0.6612842775343035	1.0	0.9876190476190476
27	1.0873966131891524	0.5078329882467655	1.0	0.9980952380952381
28	1.0871888440230797	0.4230058716163889	1.0	0.9990476190476191
29	1.0867391586303712	0.33821557895652243	1.0	0.9990476190476191
30	1.086300580732284	0.3165147371108541	1.0	0.9990476190476191
31	1.0862299650907516	0.226697342604852	1.0	0.9980952380952381
32	1.0859112884059097	0.20280513600818104	1.0	0.9980952380952381
33	1.0858327781452852	0.19439961656418137	1.0	0.9971428571428571
34	1.0857766628265382	0.14123135502007525	1.0	0.9980952380952381
35	1.085771169927385	0.11629754095249756	1.0	0.9980952380952381
36	1.0857193341126312	0.10162535692235816	1.0	0.9980952380952381
37	1.085893618433099	0.08706102854512036	1.0	0.9980952380952381
38	1.0857368860489283	0.07576910961603484	1.0	0.9980952380952381
39	1.0853186190128326	0.9810473794620413	0.9907142857142858	0.9923809523809524
40	1.0851910521344441	0.12511699983828875	1.0	0.9990476190476191
41	1.0849972679501487	0.08910164846100281	1.0	0.9990476190476191
42	1.0848772692125896	0.07919875645705503	1.0	0.9990476190476191
43	1.0843704613772305	0.07244358859786289	1.0	0.9990476190476191
44	1.0843247201707629	0.06691378206297925	1.0	0.9990476190476191
45	1.084335824717646	0.06222966996095933	1.0	0.9990476190476191
46	1.0841907034529017	0.05798181113804701	1.0	0.9990476190476191
47	1.0843765437602997	0.05402552752185457	1.0	0.9980952380952381
48	1.0844852048523572	0.05094040593861854	1.0	0.9980952380952381
-1	-1	-1	-1	-1
0	1.322798490524292	57.7418854136884	0.3244047619047619	0.4257142857142857
1	1.2043877840042114	42.55578344947032	0.4925	0.5923809523809523
2	1.163076400756836	36.18702117571813	0.5811904761904761	0.6266666666666667
3	1.14165198802948	32.94265842800358	0.5916666666666667	0.6533333333333333
4	1.1292404651641845	29.70294494411338	0.6519047619047619	0.5942857142857143
5	1.1202160120010376	27.864835557828837	0.6729761904761905	0.5752380952380952
6	1.1154555252620153	26.35983637530541	0.6926190476190476	0.6885714285714286
7	1.1113464534282684	24.592107268793956	0.7097619047619048	0.7180952380952381
8	1.1088889969719782	22.342141564807964	0.7390476190476191	0.7076190476190476
9	1.1072276830673218	18.56510846968386	0.810952380952381	0.7819047619047619
10	1.1045055172660134	14.459352939301118	0.8817857142857143	0.8923809523809524
11	1.1024984121322632	12.00099201528745	0.9241666666666667	0.9561904761904761
12	1.1003467119657075	10.216772554491863	0.9367857142857143	0.940952380952381
13	1.0985419239316667	8.457846845510794	0.9614285714285714	0.9885714285714285
14	1.0969622135162354	7.640917570418732	0.9541666666666667	0.9504761904761905
15	1.0961464196443558	5.746706336170095	0.9786904761904762	0.9752380952380952
16	1.0955277050242704	4.69345747110055	0.9880952380952381	0.9828571428571429
17	1.094321648279826	4.054114173573686	0.9914285714285714	0.9942857142857143
18	1.0937915224778025	2.936249902493147	0.9977380952380952	0.9971428571428571
19	1.0933500289916993	2.143994851937312	0.9998809523809524	0.9990476190476191
20	1.0925083273933047	1.7092521999725372	0.9996428571428572	0.9990476190476191
21	1.0922739072279497	1.7288832775540226	0.9975	0.9990476190476191
22	1.0920700404954993	1.0233940987532584	1.0	1.0
23	1.0915356477101643	0.7595744536403467	1.0	1.0
24	1.0909635543823242	0.5868049077548002	1.0	0.9990476190476191
25	1.0903964867958655	0.5241010974341925	1.0	0.9961904761904762
26	1.0900271292086001	0.40063280790704286	1.0	0.9990476190476191
27	1.089979955128261	0.302768547045414	1.0	1.0
28	1.0895137622438629	0.24456385361604363	1.0	1.0
29	1.0895547231038412	0.2093621944803249	1.0	1.0
30	1.08934937753985	0.17451825675628937	1.0	0.9990476190476191
31	1.089236930012703	0.14986156006503015	1.0	0.9971428571428571
32	1.089311744227554	0.1569840757055881	1.0	1.0
33	1.089014488108018	0.10010577225526476	1.0	1.0
34	1.0886549813406807	0.08637894551223675	1.0	1.0
35	1.0883163213729858	0.07273959567479987	1.0	1.0
36	1.087918590854954	0.06473760906706065	1.0	1.0
37	1.0876849576046592	0.05596289715371998	1.0	1.0
38	1.0871691214732635	0.04929388471712631	1.0	1.0
39	1.0866770446300507	0.042452793171763877	1.0	1.0
40	1.0860139683979313	0.0367294231734235	1.0	1.0
41	1.085448111806597	0.032851036156425005	1.0	1.0
42	1.0850741364235101	0.029119166396841575	1.0	1.0
-1	-1	-1	-1	-1
0	1.3675124645233154	57.70758311195519	0.31142857142857144	0.4038095238095238
1	1.2305307388305664	42.45611011664677	0.5011904761904762	0.5685714285714286
2	1.1793829600016277	35.826268852436954	0.5722619047619047	0.5952380952380952
3	1.1535257697105408	32.14737081346403	0.6226190476190476	0.5457142857142857
4	1.1399207592010498	29.81423602811284	0.6567857142857143	0.6952380952380952
5	1.1320029099782307	27.34196649848735	0.6830952380952381	0.6190476190476191
6	1.126652717590332	25.130858515605272	0.7072619047619048	0.7771428571428571
7	1.1210877299308777	20.380518822615592	0.8138095238095238	0.88
8	1.1168407599131267	17.136935085398164	0.873452380952381	0.8695238095238095
9	1.1134180307388306	15.1402106883408	0.8844047619047619	0.9314285714285714
10	1.1113440773703835	13.295370589644284	0.9060714285714285	0.8180952380952381
11	1.1094656984011333	11.569347169462718	0.9264285714285714	0.8933333333333333
12	1.107611711208637	9.977620617971674	0.9578571428571429	0.8485714285714285
13	1.10579138142722	8.592027335112538	0.9644047619047619	0.9933333333333333
14	1.1049368063608804	7.2286021818226285	0.985	0.8152380952380952
15	1.103755310177803	6.446925120661921	0.9823809523809524	0.9838095238095238
16	1.1025426668279312	5.350021341454394	0.9910714285714286	0.9514285714285714
17	1.1012141439649794	4.858088156116326	0.9894047619047619	0.9952380952380953
18	1.1000723211388839	3.8859917859160853	0.9963095238095238	1.0
19	1.0988983631134033	3.1939732647667367	0.9994047619047619	0.9980952380952381
20	1.0985133874984014	2.8500758144338776	0.9978571428571429	0.9990476190476191
21	1.0970387783917515	2.2994853047363657	1.0	0.9971428571428571
22	1.0958959019702414	2.210261441002327	0.9978571428571429	0.9980952380952381
23	1.0951960583527882	1.543800406922859	1.0	0.9933333333333333
24	1.0945262432098388	1.4086500120706884	0.9995238095238095	0.9990476190476191
25	1.0928947833868174	1.1581670372205088	0.9998809523809524	1.0
26	1.0916240391907868	0.8993909502890627	1.0	0.9971428571428571
27	1.0902858291353499	0.7902726453973313	1.0	0.9980952380952381
28	1.088930943916584	0.6837232059625619	1.0	0.9971428571428571
29	1.0878390153249105	0.5616669503568243	1.0	0.9980952380952381
30	1.0866714754412252	0.4941043065074732	1.0	0.9990476190476191
31	1.0855561643838882	0.3985808040705924	1.0	0.9961904761904762
32	1.0845916776946096	0.3519704103356532	1.0	0.9980952380952381
33	1.0842027103199678	0.2890709712251511	1.0	0.9971428571428571
34	1.0833421775272913	0.2552800407427799	1.0	0.9961904761904762
35	1.0826602247026231	0.21639317475230974	1.0	0.9990476190476191
36	1.0820757182868752	0.20065012288070905	1.0	0.9952380952380953
37	1.0813546682658948	0.17106821135876296	1.0	0.9980952380952381
38	1.081256438524295	0.16273540562946534	1.0	0.9961904761904762
-1	-1	-1	-1	-1
0	1.3715853691101074	58.1003408540791	0.3205952380952381	0.44285714285714284
1	1.231048345565796	42.23523643986807	0.5041666666666667	0.5266666666666666
2	1.180594523747762	36.077284584480545	0.5625	0.6133333333333333
3	1.1556943655014038	32.46559655077104	0.621547619047619	0.5914285714285714
4	1.1392900943756104	29.722219713740476	0.6508333333333334	0.6885714285714286
5	1.129865010579427	28.152490050167184	0.6630952380952381	0.5257142857142857
6	1.1232131549290247	26.659056605494975	0.6895238095238095	0.7457142857142857
7	1.1170836985111237	24.136009963293038	0.7197619047619047	0.7476190476190476
8	1.1135089927249484	20.983687067213168	0.7758333333333334	0.8447619047619047
9	1.1101954698562622	16.680909407002844	0.8627380952380952	0.8628571428571429
10	1.1077613180333918	14.550823550713833	0.8911904761904762	0.8466666666666667
11	1.1053844889005024	12.804756106532572	0.9152380952380952	0.939047619047619
12	1.1036999225616455	11.3023699957155	0.93	0.8580952380952381
13	1.101751787321908	9.94404661156832	0.9439285714285715	0.9276190476190476
14	1.0998131910959879	8.64843310874678	0.9620238095238095	0.9857142857142858
15	1.0984005481004715	7.757718410782035	0.9664285714285714	0.9761904761904762
16	1.097651383456062	6.746063779062191	0.9796428571428571	0.9542857142857143
17	1.0969504117965698	6.027270206480425	0.98	0.9552380952380952
18	1.096767914922614	5.011463553733246	0.9936904761904762	0.9809523809523809
19	1.0954521775245667	4.331132904205032	0.9944047619047619	0.9933333333333333
20	1.0947396187555223	4.091650165079211	0.99	0.960952380952381
21	1.0943121910095215	3.318966145297874	0.9979761904761905	0.9904761904761905
22	1.093780465747999	2.932465900033146	0.9979761904761905	0.9933333333333333
23	1.0927773316701253	2.633351686336242	0.9958333333333333	0.9876190476190476
24	1.0924769401550294	2.2019073489500998	0.9992857142857143	0.9952380952380953
25	1.0926649845563448	1.7824717714759333	0.9997619047619047	0.9961904761904762
26	1.0924693566781503	1.6037054525355423	0.9997619047619047	0.9885714285714285
27	1.0919559512819563	1.4330012382436614	0.9997619047619047	0.98
28	1.091886725919	1.1132034505274813	1.0	0.9942857142857143
29	1.0916598637898762	1.0210721810054417	0.9998809523809524	0.9809523809523809
30	1.0915804678393948	0.9077485177680114	0.9998809523809524	0.9952380952380953
31	1.0907510593533516	0.7837774166589454	1.0	0.9914285714285714
32	1.089979244000984	0.6461235953374508	1.0	0.9914285714285714
33	1.089231336818022	0.5910443038088288	1.0	0.9961904761904762
34	1.0885209560394287	0.47651363807259406	1.0	0.9942857142857143
35	1.0880677898724873	0.4493482434137692	1.0	0.9895238095238095
36	1.0876130220052358	0.38027117749810674	1.0	0.9914285714285714
37	1.087109597105729	0.34608251898914233	1.0	0.9952380952380953
38	1.0867357681959102	0.2926158117194139	1.0	0.9876190476190476
39	1.0864395201206207	0.25243753463936397	1.0	0.9904761904761905
40	1.0859335457406394	0.25004514437098013	1.0	0.9895238095238095
41	1.085434152966454	0.21962168219254952	1.0	0.9895238095238095
42	1.0850039637366007	0.18877491465426216	1.0	0.9876190476190476
43	1.0844203613021157	0.17634865770491812	1.0	0.9933333333333333
44	1.0839826265970867	0.14994433457067258	1.0	0.9904761904761905
45	1.0837395605833635	0.12721793711922014	1.0	0.9885714285714285
-1	-1	-1	-1	-1
0	1.3665869235992432	58.883673018829	0.3186904761904762	0.4514285714285714
1	1.2219328880310059	42.391887280424285	0.49583333333333335	0.5352380952380953
2	1.1765737533569336	35.855243617590844	0.5769047619047619	0.5523809523809524
3	1.1510286927223206	32.46810901844909	0.6072619047619048	0.6361904761904762
4	1.138746690750122	29.59114005447794	0.6566666666666666	0.6419047619047619
5	1.1294738451639812	27.531173524747782	0.6801190476190476	0.6838095238095238
6	1.1230573313576835	25.66342922036639	0.6930952380952381	0.7438095238095238
7	1.1181255280971527	23.48753136464398	0.7345238095238096	0.7323809523809524
8	1.1150841448042128	19.795152693193675	0.8029761904761905	0.9142857142857143
9	1.1101517915725707	16.12443896391546	0.8717857142857143	0.8580952380952381
10	1.1064649495211514	14.077877041051597	0.8997619047619048	0.8885714285714286
11	1.104678173859914	12.628582185665465	0.9071428571428571	0.9285714285714286
12	1.1027605533599854	10.737913215115043	0.9414285714285714	0.9342857142857143
13	1.1017800739833288	9.508350403136626	0.9530952380952381	0.9809523809523809
14	1.1004694938659667	8.229457066539576	0.9597619047619048	0.9123809523809524
15	1.0994809120893478	7.219172438741183	0.9746428571428571	0.8180952380952381
16	1.0984038885901957	6.424167115425429	0.9817857142857143	0.9533333333333334
17	1.0976817342970107	5.424128867374174	0.9870238095238095	0.9419047619047619
18	1.096616456383153	5.009944008330429	0.9844047619047619	0.9742857142857143
19	1.0951681017875672	3.975912045616614	0.9952380952380953	0.9752380952380952
20	1.09334397315979	3.541844169449897	0.9957142857142857	0.9780952380952381
21	1.0920093167911877	3.1792022900889583	0.9946428571428572	0.9895238095238095
22	1.09066162938657	2.503143694917512	0.9989285714285714	0.9561904761904761
23	1.0894845922787983	2.164530411192673	0.9992857142857143	0.9685714285714285
24	1.0891469192504883	1.9524463734699293	0.9986904761904762	0.9857142857142858
25	1.0887700961186335	1.8916932423758417	0.9983333333333333	0.9904761904761905
26	1.0885040936646637	1.4606874202140838	0.9989285714285714	0.9847619047619047
27	1.0885507123810905	1.216749343128712	0.9994047619047619	0.9809523809523809
28	1.0882862354147023	1.3259389475271275	0.9970238095238095	0.9771428571428571
29	1.0878516753514609	1.0912505960509804	0.9994047619047619	0.9847619047619047
30	1.0875491865219609	0.7674002595274168	1.0	0.9809523809523809
31	1.0875362306833267	0.6640521803226308	1.0	0.9838095238095238
32	1.087359312808875	0.5592173767123839	1.0	0.981904761904762
33	1.0873371853547937	0.4908120564181542	1.0	0.9847619047619047
34	1.0874393190656388	0.5058274628318308	1.0	0.9857142857142858
35	1.0871956414646573	0.392585659831649	1.0	0.9780952380952381
36	1.0874741206298004	0.3399813808642413	1.0	0.9809523809523809
37	1.0877030146749396	0.3007932187769803	1.0	0.9771428571428571
38	1.087662140528361	0.31458899681899033	1.0	0.9504761904761905
39	1.08772092461586	0.3416272844595148	0.9997619047619047	0.979047619047619
40	1.0875475755551967	0.20900966677488936	1.0	0.9752380952380952
41	1.0872233595166887	0.19831705739289635	1.0	0.9771428571428571
42	1.0867561351421267	0.17753581888265482	1.0	0.9647619047619047
43	1.0863872874866833	0.1587763844702407	1.0	0.9742857142857143
44	1.086224905649821	0.1407230668223176	1.0	0.9714285714285714
45	1.0858401371085125	0.12230972964812367	1.0	0.9714285714285714
-1	-1	-1	-1	-1
0	1.3078458309173584	59.39578898324713	0.30416666666666664	0.45714285714285713
1	1.1913316249847412	42.46488056980612	0.49892857142857144	0.5723809523809524
2	1.1521298090616863	35.64877359948684	0.5776190476190476	0.5047619047619047
3	1.131173014640808	32.38201342608085	0.6158333333333333	0.6352380952380953
4	1.1185270309448243	29.280013758873306	0.6591666666666667	0.6752380952380952
5	1.1118591626485188	27.657225003260624	0.6673809523809524	0.5895238095238096
6	1.1056415694100517	25.320141331777826	0.7021428571428572	0.6980952380952381
7	1.1024434864521027	22.16097930719644	0.7583333333333333	0.7361904761904762
8	1.099042018254598	17.851001454850113	0.8407142857142857	0.7952380952380952
9	1.098414921760559	15.335565454606321	0.8735714285714286	0.9047619047619048
10	1.0954314795407383	12.856370858819766	0.9161904761904762	0.820952380952381
11	1.093478262424469	11.347687900746276	0.9267857142857143	0.9580952380952381
12	1.0917354547060454	9.906902188130658	0.9388095238095238	0.8133333333333334
13	1.0907401187079293	8.440614181779637	0.9565476190476191	0.9685714285714285
14	1.09446120262146	7.003639038071433	0.9771428571428571	0.9923809523809524
15	1.0933545678853989	5.972717781937168	0.9801190476190477	0.9304761904761905
16	1.0922417921178482	4.725064482072461	0.9932142857142857	0.9961904761904762
17	1.09191808435652	4.395631028218868	0.9890476190476191	0.9895238095238095
18	1.0906635083650287	3.3227586052716913	0.9978571428571429	0.9990476190476191
19	1.0901780605316163	2.829420282813533	0.9967857142857143	0.699047619047619
20	1.0893620763506209	3.452557771831411	0.9786904761904762	1.0
21	1.0887639089064165	1.792257774238804	0.9997619047619047	1.0
22	1.0884411542311958	1.5279823620963007	1.0	0.9952380952380953
23	1.0874751110871632	1.287393846439318	1.0	1.0
24	1.086493501663208	1.0284609981589443	1.0	1.0
25	1.0850659242043128	0.8813641903631587	1.0	1.0
26	1.0838958863858823	0.739459639039783	1.0	0.9990476190476191
27	1.082940195287977	0.6085559416973092	1.0	1.0
28	1.0821979128081223	0.49388191375895596	1.0	1.0
29	1.081699268023173	0.4058633195696675	1.0	1.0
30	1.0813188552856445	0.3483475000232798	1.0	1.0
31	1.08023352175951	0.32056177322515517	1.0	0.9961904761904762
32	1.079682140639334	0.2530256496466158	1.0	0.9990476190476191
33	1.0790503305547379	0.22065211196532722	1.0	1.0
34	1.0790167467934744	0.1882461426715887	1.0	0.9990476190476191
35	1.0789228942659166	0.1622959535724763	1.0	1.0
36	1.0789458365053743	0.13765571796168846	1.0	1.0
37	1.0793501326912327	0.12730710891149796	1.0	1.0
38	1.079278915356367	0.10268997684291108	1.0	1.0
39	1.0791034162044526	0.09780057327035716	1.0	1.0
40	1.0792489982232816	0.0797560515073429	1.0	1.0
-1	-1	-1	-1	-1
0	1.3111562728881836	57.64042851408171	0.3225	0.44571428571428573
1	1.1966357231140137	42.15704948367275	0.5104761904761905	0.5009523809523809
2	1.1566580136617024	36.162584565891514	0.5672619047619047	0.5476190476190477
3	1.1394232511520386	32.40138943023101	0.616547619047619	0.6057142857142858
4	1.1288719177246094	30.05632389634281	0.6414285714285715	0.6295238095238095
5	1.1224774916966755	27.95156673968065	0.6722619047619047	0.5933333333333334
6	1.1162139688219344	26.226445698466136	0.6939285714285715	0.6619047619047619
7	1.1109379827976227	24.15106289649644	0.7267857142857143	0.74
8	1.1062977578904893	20.131372872414243	0.8041666666666667	0.800952380952381
9	1.1028399229049684	16.562815124091088	0.8677380952380952	0.8285714285714286
10	1.1021098006855359	14.799558064783481	0.8867857142857143	0.878095238095238
11	1.1009077231089275	13.828940545651395	0.8910714285714286	0.8809523809523809
12	1.0996796167813814	11.526150005398595	0.934047619047619	0.9142857142857143
13	1.0973748479570662	10.169493203833982	0.9478571428571428	0.9657142857142857
14	1.0962785720825194	8.888694319888213	0.9658333333333333	0.94
15	1.0958042591810226	8.242655361559908	0.9580952380952381	0.8523809523809524
16	1.0949452624601477	7.17826919501272	0.9720238095238095	0.9361904761904762
17	1.0948249631457858	6.351086496853556	0.9791666666666666	0.9733333333333334
18	1.0927738264987343	5.652767068079669	0.9853571428571428	0.9771428571428571
19	1.0924318194389344	5.0793219863688535	0.988452380952381	0.9885714285714285
20	1.091461942309425	4.440710293476119	0.9928571428571429	0.9323809523809524
21	1.0910841876810247	4.052638509880907	0.9920238095238095	0.9723809523809523
22	1.090709644815196	3.45462641153952	0.9961904761904762	0.9895238095238095
23	1.0905697445074718	3.327051907891103	0.993452380952381	0.9876190476190476
24	1.0891389751434326	2.6602082476869735	0.9992857142857143	0.9857142857142858
25	1.088627971135653	2.3902384917545683	0.9990476190476191	0.9704761904761905
26	1.0884113488373932	2.1248389736327833	0.9994047619047619	0.9885714285714285
27	1.0879968319620406	1.9296092184777496	0.9994047619047619	0.9895238095238095
28	1.0875891981453731	1.6638010282480218	0.9998809523809524	0.9876190476190476
29	1.0874659458796183	1.4208890492018638	0.9998809523809524	0.9809523809523809
30	1.0865793381967852	1.321190380438199	1.0	0.9838095238095238
31	1.0859943255782127	1.1592853362795972	1.0	0.9809523809523809
32	1.0854083841497248	1.0540831375711317	1.0	0.9828571428571429
33	1.084852933883667	0.9520089073326198	1.0	0.9780952380952381
34	1.084649440220424	0.7946661862583668	1.0	0.9876190476190476
35	1.0844135284423828	0.7248396111985124	1.0	0.9666666666666667
36	1.084166990744101	0.6388922486695047	1.0	0.9761904761904762
37	1.0839393264368962	0.5725286349144272	1.0	0.98
38	1.0838140646616619	0.6088491716765633	0.9998809523809524	0.9771428571428571
39	1.083635151386261	0.5093053615025241	1.0	0.979047619047619
40	1.0833794779893828	0.4393128305107015	1.0	0.9752380952380952
41	1.0833423875627064	0.3831117071579618	1.0	0.9761904761904762
42	1.0832101799720941	0.35219492573475203	1.0	0.9666666666666667
-1	-1	-1	-1	-1
0	1.3799421787261963	60.246700439163035	0.2980952380952381	0.42857142857142855
1	1.233396053314209	43.47764870966342	0.48595238095238097	0.5971428571428572
2	1.183498462041219	36.3758754004997	0.570595238095238	0.5723809523809524
3	1.1587232947349548	32.784237401113764	0.6051190476190477	0.64
4	1.1429251670837401	30.06647552011584	0.6503571428571429	0.6542857142857142
5	1.1335203647613525	27.708066548684705	0.6782142857142858	0.7352380952380952
6	1.1244616508483887	25.730906120271285	0.700595238095238	0.6933333333333334
7	1.1179341971874237	23.875350237799235	0.7153571428571428	0.7533333333333333
8	1.1142250166998968	19.709073422072958	0.8072619047619047	0.8923809523809524
9	1.1107609748840332	15.91301020923223	0.8691666666666666	0.8580952380952381
10	1.10847468809648	13.942923823236965	0.895952380952381	0.8361904761904762
11	1.1060261726379395	12.094506227471529	0.9094047619047619	0.8838095238095238
12	1.1045361115382268	9.800089558721043	0.9489285714285715	0.8657142857142858
13	1.1024784360613142	8.431490076812048	0.9601190476190476	0.9228571428571428
14	1.1016708691914876	6.782019690415705	0.9759523809523809	0.9685714285714285
15	1.1006880402565002	6.784702864436595	0.9552380952380952	0.9361904761904762
16	1.0993373113520004	4.69726730118233	0.991547619047619	0.9914285714285714
17	1.098398036426968	3.7409607901772617	0.9960714285714286	0.9923809523809524
18	1.0971645430514687	2.9184371038081527	0.998452380952381	0.9857142857142858
19	1.0964226126670837	2.4943303128159093	0.996547619047619	0.9733333333333334
20	1.0938000224885487	1.887346282658015	0.9991666666666666	0.9895238095238095
21	1.091441425410184	1.3591352664925753	1.0	0.9885714285714285
22	1.089383135671201	1.5483196256505218	0.9958333333333333	0.9980952380952381
23	1.0876240233580272	0.8865111733117484	1.0	0.9961904761904762
24	1.085992660522461	0.6960724847171696	1.0	0.9990476190476191
25	1.085664675785945	0.5477292353549384	1.0	0.9990476190476191
26	1.0848833719889324	0.47281677879308115	1.0	0.9942857142857143
27	1.083416291645595	0.3607161310802394	1.0	0.9990476190476191
28	1.082601415699926	0.2985272779777476	1.0	0.9895238095238095
29	1.0810492118199666	0.2486279682458127	1.0	0.9971428571428571
30	1.080318227890999	0.20856812661478275	1.0	0.9990476190476191
31	1.0797174870967865	0.18713272906868178	1.0	0.9971428571428571
32	1.0794190565745037	0.14572095397873977	1.0	0.9971428571428571
33	1.0789687212775736	0.12696694208755238	1.0	0.9980952380952381
34	1.0783053466251917	0.10885419312708731	1.0	0.9971428571428571
35	1.0773314105139837	0.0903112404615027	1.0	0.9971428571428571
36	1.0764044426582955	0.07906445573321313	1.0	0.9961904761904762
37	1.0760976766285144	0.06776872048501506	1.0	0.9980952380952381
38	1.0752007044278657	0.060468024004094956	1.0	0.9980952380952381
39	1.074343591928482	0.052811494514969366	1.0	0.9971428571428571
40	1.074227734309871	0.045742939159047466	1.0	0.9971428571428571
41	1.0736768813360305	0.040497595614296854	1.0	0.9971428571428571
42	1.0729955129845197	0.0360788447470776	1.0	0.9980952380952381
43	1.0725478313185952	0.031243982179508238	1.0	0.9971428571428571
44	1.0718915621439615	0.028808454225130183	1.0	0.9971428571428571
-1	-1	-1	-1	-1
0	1.347388505935669	58.466853152663084	0.3275	0.42952380952380953
1	1.1934343576431274	43.16620521400365	0.5053571428571428	0.539047619047619
2	1.1483339468638103	36.730855930894045	0.5678571428571428	0.5619047619047619
3	1.1292795538902283	32.71217829918227	0.6120238095238095	0.5980952380952381
4	1.1180155754089356	30.158605731485462	0.6338095238095238	0.6695238095238095
5	1.1099827686945598	27.76585622794728	0.6720238095238096	0.6238095238095238
6	1.1047306401388985	26.255443667277635	0.6886904761904762	0.7047619047619048
7	1.1009109318256378	24.749190417532684	0.7070238095238095	0.7495238095238095
8	1.097769684261746	19.775229640786637	0.8076190476190476	0.7161904761904762
9	1.0950106382369995	16.225909606585486	0.8826190476190476	0.8580952380952381
10	1.0923675840551204	14.105311934032368	0.9079761904761905	0.8276190476190476
11	1.0888657967249553	12.574670636608573	0.9111904761904762	0.9657142857142857
12	1.0874082858745868	10.794300006822942	0.9389285714285714	0.9314285714285714
13	1.0862811633518763	9.328985955778636	0.9605952380952381	0.8028571428571428
14	1.0851802190144857	8.829191649368054	0.9507142857142857	0.9542857142857143
15	1.0862547606229782	7.344664254569282	0.9742857142857143	0.92
16	1.0846307978910559	6.365620964833539	0.9838095238095238	0.9676190476190476
17	1.0841146839989557	5.512718332584367	0.9877380952380952	0.9895238095238095
18	1.0837605752443011	4.890632228706273	0.9871428571428571	0.9885714285714285
19	1.0840380311012268	4.220091411822649	0.9946428571428572	0.9971428571428571
20	1.0843798546564012	3.499815870600508	0.998452380952381	0.9961904761904762
21	1.0842521082271228	3.1275370479083335	0.9975	0.9933333333333333
22	1.0843051620151685	2.713665808561637	0.9971428571428571	0.9971428571428571
23	1.0841973423957825	2.2694503746558503	0.9991666666666666	0.9980952380952381
24	1.0841684055328369	1.9493306607801197	0.9997619047619047	0.9933333333333333
25	1.0839637976426344	1.9699536321734294	0.9957142857142857	0.900952380952381
26	1.0836639139387343	1.6294635108215274	0.9979761904761905	0.9980952380952381
27	1.083314061164856	1.1850788937775354	0.9997619047619047	0.9971428571428571
28	1.0828777674970955	1.0537091189917502	1.0	0.9971428571428571
29	1.082403341929118	0.9053656882659564	1.0	0.9980952380952381
30	1.0823052621656848	0.7982648565742	1.0	0.9961904761904762
31	1.082784153521061	0.7117451617472978	1.0	0.9952380952380953
32	1.0826400193301113	0.6031829722707263	1.0	0.9961904761904762
33	1.0827449279672958	0.5327283551937727	1.0	0.9933333333333333
34	1.0830003125326975	0.4714591901451916	1.0	0.9933333333333333
35	1.083461754851871	0.4080198574882043	1.0	0.9923809523809524
36	1.0834990643166207	0.3724510700303792	1.0	0.9933333333333333
37	1.0832913674806293	0.32150317606703865	1.0	0.9942857142857143
38	1.0825145000066512	0.27002271695395386	1.0	0.9942857142857143
39	1.0817035019397736	0.24580096957688097	1.0	0.9904761904761905
40	1.0811818809044071	0.2175899768963513	1.0	0.9933333333333333
41	1.0809773831140428	0.1962663339514696	1.0	0.9914285714285714
42	1.0809473658716955	0.28924345882333274	0.9988095238095238	0.82
43	1.0807078372348438	0.7146025990125344	0.9941666666666666	0.9961904761904762
-1	-1	-1	-1	-1
0	1.3667919635772705	58.83558540199193	0.316547619047619	0.4552380952380952
1	1.219550609588623	42.63830770920438	0.49476190476190474	0.5914285714285714
2	1.170672098795573	36.34205066115231	0.5698809523809524	0.5057142857142857
3	1.147084653377533	33.17992590407455	0.6107142857142858	0.6266666666666667
4	1.1332347393035889	30.046535009666993	0.6530952380952381	0.6476190476190476
5	1.1239068508148193	27.88721839556676	0.6767857142857143	0.679047619047619
6	1.1171550410134452	26.061730170884513	0.6980952380952381	0.7161904761904762
7	1.1107691824436188	24.337792411049964	0.7075	0.7571428571428571
8	1.1056546105278864	19.720447536657066	0.8104761904761905	0.7761904761904762
9	1.1009310245513917	16.476077603749903	0.8559523809523809	0.8057142857142857
10	1.0976711403239856	14.56429713941799	0.8892857142857142	0.8276190476190476
11	1.0944762627283733	12.754176339269138	0.9116666666666666	0.920952380952381
12	1.0922033053178053	11.112823428309916	0.9354761904761905	0.8733333333333333
13	1.0898615973336356	9.714247110678668	0.9457142857142857	0.979047619047619
14	1.0880529403686523	8.473619928831383	0.9677380952380953	0.9571428571428572
15	1.0865858793258667	7.2269243151516065	0.9744047619047619	0.9761904761904762
16	1.085641342050889	6.372217238176005	0.9759523809523809	0.959047619047619
17	1.0847015513314142	5.47162921891013	0.9851190476190477	0.9771428571428571
18	1.084367915203697	4.720491861662484	0.9925	0.981904761904762
19	1.0832717299461365	3.8239350078677043	0.9964285714285714	0.9914285714285714
20	1.0822096779232933	3.2587806113319253	0.9985714285714286	0.9561904761904761
21	1.0810242891311646	2.8719740965520475	0.9978571428571429	0.9657142857142857
22	1.080888665240744	2.5149148865797675	0.9970238095238095	0.9428571428571428
23	1.080097238222758	2.015590343185251	0.9990476190476191	0.9933333333333333
24	1.0795802688598632	1.6281695291116665	0.9997619047619047	0.9933333333333333
25	1.0788186971957867	1.3746932138734897	0.9997619047619047	0.9923809523809524
26	1.0781880131474249	1.1497323233138472	1.0	0.9914285714285714
27	1.0775645204952784	1.092315801876126	0.9998809523809524	0.9914285714285714
28	1.0768388879710231	0.8043683963356816	1.0	0.9904761904761905
29	1.0761276404062907	0.7118000234034578	1.0	0.9952380952380953
30	1.0755450571736982	0.5663986310306157	1.0	0.9952380952380953
31	1.0753548815846443	0.4880662841488653	1.0	0.9933333333333333
32	1.074606722051447	0.4104593765882938	1.0	0.9923809523809524
33	1.0742786421495325	0.36059151439725673	1.0	0.9866666666666667
34	1.0738302571432932	0.31431204471524676	1.0	0.9933333333333333
35	1.0734798047277663	0.2657354749144257	1.0	0.9904761904761905
36	1.0733201761503477	0.24683652466212616	1.0	0.9942857142857143
37	1.07280517251868	0.20578253796118748	1.0	0.9933333333333333
38	1.0727330537942739	0.9368603874012091	0.9926190476190476	0.9990476190476191
39	1.0724861025810242	0.2402850367950396	1.0	0.9980952380952381
40	1.074081920995945	0.19163872039533386	1.0	0.9971428571428571
41	1.0743177277701241	0.1673746040735408	1.0	0.9971428571428571
42	1.0747379979421927	0.14925477843547502	1.0	0.9971428571428571
43	1.074517396363345	0.13579534890817146	1.0	0.9971428571428571
44	1.0741576777564155	0.12299744951974304	1.0	0.9971428571428571
45	1.0739963728448618	0.11421465828391536	1.0	0.9971428571428571
46	1.0742717195064464	0.10494494588316167	1.0	0.9971428571428571
47	1.0745711823304493	0.09716290727031095	1.0	0.9961904761904762
48	1.0743032085652253	0.09008570893635769	1.0	0.9942857142857143
49	1.0739427852630614	0.08359974804033345	1.0	0.9933333333333333
50	1.0736737952512854	0.07737711924322997	1.0	0.9961904761904762
51	1.0735156765350928	0.07209036655780707	1.0	0.9961904761904762
52	1.0735317131258406	0.06636017794674794	1.0	0.9923809523809524
53	1.0734353065490723	0.062009506855344135	1.0	0.9952380952380953
54	1.0729890433224765	0.05728479227610641	1.0	0.9952380952380953
55	1.0728043700967516	0.05332990090571656	1.0	0.9952380952380953
56	1.0728124735648172	0.05019319442033541	1.0	0.9914285714285714
57	1.0727554107534474	0.04765177422872401	1.0	0.9923809523809524
58	1.0727101503792456	0.04347745995586136	1.0	0.9914285714285714
-1	-1	-1	-1	-1
0	1.313101053237915	57.987669302936744	0.3298809523809524	0.40285714285714286
1	1.222313404083252	42.8643208710413	0.49357142857142855	0.518095238095238
2	1.1708505153656006	36.52847725538246	0.5695238095238095	0.5723809523809524
3	1.144718885421753	32.60111244549769	0.6210714285714286	0.5276190476190477
4	1.1324959754943849	29.891967312917963	0.6529761904761905	0.6247619047619047
5	1.1188636620839436	27.908201253912747	0.6729761904761905	0.6285714285714286
6	1.1144578456878662	26.31329855175526	0.6872619047619047	0.6238095238095238
7	1.1122535467147827	24.67673207779801	0.7073809523809523	0.6171428571428571
8	1.1067404217190213	20.273312109958084	0.7967857142857143	0.8571428571428571
9	1.1031717300415038	16.3599279153483	0.8723809523809524	0.8323809523809523
10	1.1010279221968218	14.427013843231782	0.8977380952380952	0.8333333333333334
11	1.0985643863677979	12.806264518331666	0.9067857142857143	0.8980952380952381
12	1.0968484328343318	11.110107068326537	0.9372619047619047	0.98
13	1.0954958711351668	9.809243704429598	0.9423809523809524	0.9619047619047619
14	1.0938384373982748	8.44134875576759	0.9686904761904762	0.8761904761904762
15	1.0927257537841797	7.567139515858639	0.9647619047619047	0.98
16	1.0919824908761417	6.5615672104258955	0.9814285714285714	0.9314285714285714
17	1.0916112926271226	6.002282498907227	0.9729761904761904	0.9828571428571429
18	1.0909988127256696	5.057348819739918	0.9853571428571428	0.9571428571428572
19	1.0907392501831055	4.3202908723526585	0.993452380952381	0.9847619047619047
20	1.0903191566467285	3.7219615454002932	0.993452380952381	0.9476190476190476
21	1.0896413217891345	3.2521205229450993	0.9959523809523809	0.9885714285714285
22	1.0886717257292375	2.876500479168765	0.9967857142857143	0.9838095238095238
23	1.0875842869281769	2.5305462530583935	0.9975	0.9914285714285714
24	1.0864292526245116	2.1591974798264157	0.9985714285714286	0.9942857142857143
25	1.0856415033340454	1.7825440755361839	0.9992857142857143	0.9895238095238095
26	1.0848015502647117	1.563662876194421	0.9996428571428572	0.9866666666666667
27	1.084207194192069	1.370051124703295	0.9995238095238095	0.9847619047619047
28	1.083581883331825	1.6380416129931752	0.9958333333333333	0.9961904761904762
29	1.0830899318059286	1.052665052135181	0.9998809523809524	0.9914285714285714
30	1.0825269837533273	0.8931346778180662	1.0	0.9933333333333333
31	1.082126073539257	0.7645714429168193	1.0	0.9933333333333333
32	1.0819301532976555	0.6666993771329126	1.0	0.9914285714285714
33	1.0816365199930527	0.586150268128163	1.0	0.9857142857142858
34	1.0814728328159877	0.55723014904519	1.0	0.9885714285714285
35	1.0810689396328397	0.4618527553267352	1.0	0.9923809523809524
36	1.0809911586142875	0.40804018037740725	1.0	0.9847619047619047
37	1.0813752977471602	0.4185405754317802	1.0	0.9904761904761905
38	1.0814340053460536	0.3141526284666569	1.0	0.9895238095238095
39	1.0815613925457002	0.2804703645039874	1.0	0.9838095238095238
40	1.0816096852465373	0.25255180218260553	1.0	0.9876190476190476
41	1.081684498559861	0.22954613736657134	1.0	0.9904761904761905
42	1.081743977790655	0.20912191651393253	1.0	0.9828571428571429
43	1.081989342516119	0.1869787618574534	1.0	0.9857142857142858
44	1.0820337030622693	0.16148147949446062	1.0	0.9847619047619047
45	1.08219183527905	0.18206486163993751	1.0	0.9857142857142858
46	1.0821565110632714	0.13716857132462948	1.0	0.9847619047619047
47	1.0819155275821686	0.11760536040190055	1.0	0.9828571428571429
48	1.0821214549395504	0.11308522057850551	1.0	0.9809523809523809
-1	-1	-1	-1	-1
0	1.3830037117004395	57.58905643564667	0.3329761904761905	0.4
1	1.231468915939331	42.3058550947066	0.4872619047619048	0.5695238095238095
2	1.1779379844665527	36.20821450962313	0.5745238095238095	0.56
3	1.1536372900009155	32.579931364313275	0.6073809523809524	0.6085714285714285
4	1.138693380355835	30.063180923461914	0.6464285714285715	0.6161904761904762
5	1.1303595701853435	28.350408847794334	0.6597619047619048	0.6714285714285714
6	1.1230353968484061	26.78419443500359	0.6822619047619047	0.660952380952381
7	1.1165338158607483	25.238315404594623	0.6994047619047619	0.6657142857142857
8	1.1116060945722792	23.658896906747565	0.7271428571428571	0.7
9	1.1055164813995362	22.010548083954436	0.7409523809523809	0.6057142857142858
10	1.1034979170018977	18.2394090841025	0.8171428571428572	0.8657142857142858
11	1.1019283334414165	14.44836009137984	0.895	0.8714285714285714
12	1.0991740043346698	12.73970390182031	0.914047619047619	0.9485714285714286
13	1.096998657499041	11.203238784586976	0.9279761904761905	0.8504761904761905
14	1.0963577429453533	9.556118419415144	0.9557142857142857	0.9438095238095238
15	1.0952585190534592	8.586419071081473	0.955952380952381	0.8419047619047619
16	1.0938131108003504	7.504209384265508	0.9677380952380953	0.9504761904761905
17	1.0918476846483018	6.258544738755027	0.9807142857142858	0.9752380952380952
18	1.089656114578247	5.624777327925534	0.9828571428571429	0.9219047619047619
19	1.0881211280822753	5.12129139990861	0.9838095238095238	0.8904761904761904
20	1.0870599065508162	4.4495654613799465	0.9878571428571429	0.9742857142857143
21	1.0853938514536077	3.749272406781128	0.9938095238095238	0.9876190476190476
22	1.0848389293836511	3.113105090398752	0.9957142857142857	0.981904761904762
23	1.0839542051156361	2.5835455429418004	0.9990476190476191	0.9647619047619047
24	1.0831080722808837	2.1299747865462937	0.9991666666666666	0.9847619047619047
25	1.082420825958252	1.925168414306278	0.9992857142857143	0.9771428571428571
26	1.0818536281585693	1.7247981030224848	0.9985714285714286	0.9857142857142858
27	1.081005871295929	1.4811478703647512	0.9997619047619047	0.9495238095238095
28	1.080377562292691	1.2576574748913145	0.9992857142857143	0.9895238095238095
29	1.0798217455546062	1.1231813017179757	0.9995238095238095	0.9838095238095238
30	1.0793368354920418	0.8670040008686342	1.0	0.9838095238095238
31	1.0786168798804283	0.7204732076750056	1.0	0.9857142857142858
32	1.0782042416659268	0.7519719415404498	0.9997619047619047	0.9857142857142858
33	1.0782003192340626	0.5756966209343631	1.0	0.981904761904762
34	1.078086655480521	0.48046373051835556	1.0	0.9847619047619047
35	1.0777953134642706	0.574532262159391	0.9990476190476191	0.9857142857142858
36	1.0770361810117155	1.0383888714780372	0.9970238095238095	0.9952380952380953
37	1.0772636501412642	0.4384879239271802	1.0	1.0
38	1.0772611177884615	0.340395643400602	1.0	0.9942857142857143
39	1.0771016776561737	0.29237064280097474	1.0	0.9933333333333333
40	1.076921654910576	0.2563571334168485	1.0	0.9933333333333333
41	1.0768070334479922	0.23187882399377713	1.0	0.9885714285714285
42	1.07670315476351	0.206349603548476	1.0	0.9885714285714285
43	1.0766853094100952	0.18636348781250275	1.0	0.9885714285714285
44	1.076736397213406	0.170662644924773	1.0	0.9847619047619047
45	1.0765953582266103	0.1556952778434119	1.0	0.9838095238095238
46	1.0767316818237305	0.14312422832212068	1.0	0.9847619047619047
47	1.0768000831206639	0.13157425317984117	1.0	0.9838095238095238
48	1.0767096548664326	0.11774704060003785	1.0	0.9838095238095238
49	1.076737174987793	0.10638304680812495	1.0	0.9857142857142858
50	1.0768435749353147	0.09374045756266598	1.0	0.9857142857142858
51	1.0768733253845801	0.0866297503168422	1.0	0.981904761904762
52	1.0769378419192333	0.08183284848928452	1.0	0.9847619047619047
53	1.0770369944749054	0.07172398218892147	1.0	0.981904761904762
54	1.0770727677778764	0.07008648250152856	1.0	0.9857142857142858
55	1.0772898154599326	0.061974302830153316	1.0	0.98
56	1.0774840472037333	0.055988782606027424	1.0	0.9828571428571429
57	1.0775373146451752	0.05391292556582068	1.0	0.9809523809523809
-1	-1	-1	-1	-1
0	1.3455500602722168	59.38285538996127	0.31214285714285717	0.4038095238095238
1	1.2030094861984253	42.91962691767588	0.48488095238095236	0.518095238095238
2	1.1513320604960124	36.48178110013897	0.5623809523809524	0.5857142857142857
3	1.1269848346710205	32.82756856185855	0.6055952380952381	0.6295238095238095
4	1.1169694423675538	30.426745157278084	0.6255952380952381	0.5761904761904761
5	1.1105107069015503	28.017351208530904	0.6625	0.680952380952381
6	1.107297692980085	26.178865251432352	0.6870238095238095	0.7228571428571429
7	1.1051281094551086	23.443847192104325	0.7335714285714285	0.820952380952381
8	1.1008066336313884	19.194048462711812	0.8236904761904762	0.8314285714285714
9	1.09756338596344	16.69523389439166	0.8582142857142857	0.8742857142857143
10	1.0953635952689431	14.28268492448466	0.9071428571428571	0.9257142857142857
11	1.0936496257781982	13.079831208566295	0.9052380952380953	0.8304761904761905
12	1.0921781246478741	11.195073581013842	0.9378571428571428	0.9447619047619048
13	1.0916991233825684	9.793566459938601	0.9527380952380953	0.9847619047619047
14	1.0903919378916422	8.876210545405689	0.9569047619047619	0.9495238095238095
15	1.0880113989114761	7.6259522129827575	0.9757142857142858	0.9495238095238095
16	1.0864923701566809	6.779377918279669	0.9796428571428571	0.8990476190476191
17	1.0846710205078125	5.895525146346582	0.9879761904761905	0.959047619047619
18	1.0828779998578524	5.2929824232601845	0.9871428571428571	0.9419047619047619
19	1.081595742702484	4.783899074271605	0.9878571428571429	0.9857142857142858
20	1.0806997617085774	4.007416557449805	0.9953571428571428	0.960952380952381
21	1.0802762616764416	3.497498887120091	0.9963095238095238	0.9742857142857143
22	1.0799187473628833	3.2350573254175514	0.9971428571428571	0.9866666666666667
23	1.0795379380385082	2.7951365346691	0.9983333333333333	0.9895238095238095
24	1.0793788051605224	2.3927409970715017	0.9986904761904762	0.9933333333333333
25	1.0793853814785297	2.0321021100414116	0.9996428571428572	0.981904761904762
26	1.078923808203803	1.964856426298845	0.998452380952381	0.9838095238095238
27	1.0786318693842207	1.6560224852181207	0.9991666666666666	0.9847619047619047
28	1.0786059067167084	1.42559074494322	0.9997619047619047	0.9876190476190476
29	1.078728477160136	1.3296166895233632	0.9997619047619047	0.9904761904761905
30	1.079010994203629	1.0964528688799746	1.0	0.9914285714285714
31	1.0792131200432777	0.9433416340061014	1.0	0.9838095238095238
32	1.0789299589214902	0.843597663446071	1.0	0.9809523809523809
33	1.0789135414011337	0.8137610746767131	0.9998809523809524	0.9733333333333334
34	1.0788568428584508	0.8178392295148436	0.9997619047619047	0.9809523809523809
35	1.0788513686921861	0.6106808523261502	1.0	0.9752380952380952
36	1.079052989547317	0.5592856787910027	1.0	0.979047619047619
37	1.0788749581889103	0.4744607091176646	1.0	0.979047619047619
38	1.0792351380372658	0.4184160324330566	1.0	0.979047619047619
39	1.07902552485466	0.39828783098055837	1.0	0.9771428571428571
40	1.0788436459331978	0.36464736760795796	1.0	0.9723809523809523
41	1.0784929536637806	0.32115927534071664	1.0	0.9742857142857143
42	1.0781278610229492	0.29292756800642483	1.0	0.9685714285714285
43	1.077906446023421	0.2693887763716875	1.0	0.9685714285714285
44	1.0779066774580213	0.24217111974274705	1.0	0.9723809523809523
-1	-1	-1	-1	-1
0	1.3929195404052734	58.57283602377308	0.32726190476190475	0.4657142857142857
1	1.239050030708313	42.56386905568634	0.49476190476190474	0.5142857142857142
2	1.1856837272644043	36.328185186639935	0.5780952380952381	0.5552380952380952
3	1.1559751629829407	32.27608086401065	0.6178571428571429	0.6580952380952381
4	1.1353084564208984	29.934622405599733	0.6397619047619048	0.7342857142857143
5	1.1219751834869385	27.90473526058995	0.6625	0.6342857142857142
6	1.1155530044010706	26.190055179958563	0.6919047619047619	0.7504761904761905
7	1.1111661195755005	23.96884756487132	0.7188095238095238	0.7076190476190476
8	1.104905817243788	20.169319852676683	0.7933333333333333	0.8266666666666667
9	1.1001317024230957	16.29528843042062	0.8672619047619048	0.8133333333333334
10	1.095805818384344	14.3358043137612	0.8975	0.8838095238095238
11	1.0930159091949463	12.887674543794118	0.9025	0.9095238095238095
12	1.0920827572162335	10.854032184687858	0.9385714285714286	0.88
13	1.091383593423026	9.860142074157077	0.9407142857142857	0.9371428571428572
14	1.0902663548787435	8.377902183242623	0.9658333333333333	0.9295238095238095
15	1.090390458703041	7.366287001185544	0.9753571428571428	0.9647619047619047
16	1.0952689367182114	6.304892500997043	0.9842857142857143	0.96
17	1.0993376440472074	5.53268974271564	0.9845238095238096	0.9657142857142857
18	1.1002680125989412	4.939986812751103	0.9873809523809524	0.9742857142857143
19	1.0996994018554687	4.187239660962907	0.9922619047619048	0.98
20	1.1004104160127186	3.660984967144723	0.9930952380952381	0.9914285714285714
21	1.105699820951982	3.0435633602704386	0.9970238095238095	0.9561904761904761
22	1.1137836394102678	2.7097230805190344	0.9975	0.9714285714285714
23	1.1120017965634663	2.2081298413385455	0.9985714285714286	0.9885714285714285
24	1.1280173778533935	1.9805278507248985	0.9985714285714286	0.9866666666666667
25	1.1388515417392437	1.610686415955141	0.9995238095238095	0.9685714285714285
26	1.1384981914802834	1.375335911607561	0.9995238095238095	0.9914285714285714
27	1.1378643683024816	1.161689987767332	1.0	0.9895238095238095
28	1.13626818821348	1.2335595382030473	0.9990476190476191	0.9914285714285714
29	1.1339540640513102	0.8545763073312013	1.0	0.9923809523809524
30	1.13184186720079	0.712113926335886	1.0	0.9885714285714285
31	1.13013906031847	0.8689108362329323	0.9982142857142857	0.9914285714285714
32	1.1285350467219497	0.5806455516996493	1.0	0.9904761904761905
33	1.1265516982359045	0.47326431567904614	1.0	0.9923809523809524
34	1.1244818755558559	0.4423766518613685	1.0	0.9876190476190476
35	1.1228928764661152	0.3720805464248694	1.0	0.9838095238095238
36	1.121439740464494	0.32231850327194417	1.0	0.981904761904762
37	1.1197950777254606	0.29808822152392495	1.0	0.9847619047619047
38	1.1189782436077411	0.2645764744950338	1.0	0.9847619047619047
39	1.118266624212265	0.2260290858806766	1.0	0.9876190476190476
40	1.1174155793538907	0.2232787879360946	1.0	0.9838095238095238
41	1.116571273122515	0.1839024824136337	1.0	0.9838095238095238
42	1.115531516629596	0.16774291572065408	1.0	0.9828571428571429
43	1.1150060350244695	0.1506431039011977	1.0	0.98
44	1.1142659293280708	0.132961630679582	1.0	0.981904761904762
45	1.1135963460673457	0.2149107318385699	0.9998809523809524	0.9857142857142858
46	1.1127284993516637	0.11437153592422435	1.0	0.9828571428571429
47	1.1118981192509334	0.10118794611198367	1.0	0.9838095238095238
48	1.1107355380544857	0.09006255680957222	1.0	0.9847619047619047
49	1.1099068880081178	0.0832435594935381	1.0	0.9838095238095238
-1	-1	-1	-1	-1
0	1.36102294921875	57.526555514607594	0.3302380952380952	0.3647619047619048
1	1.2117486000061035	42.598517704372625	0.5045238095238095	0.5561904761904762
2	1.1625347932179768	35.96638310000924	0.5785714285714286	0.5123809523809524
3	1.136766791343689	32.548434783297346	0.6221428571428571	0.5533333333333333
4	1.1193589210510253	30.040932115039897	0.651547619047619	0.6819047619047619
5	1.1090256373087566	28.17949251892902	0.6652380952380952	0.62
6	1.1018143381391252	26.098353324280946	0.6964285714285714	0.7476190476190476
7	1.0954106152057648	24.222254894532178	0.7164285714285714	0.7657142857142857
8	1.0911877950032551	20.585758325264933	0.7884523809523809	0.7571428571428571
9	1.0883009433746338	17.041766616328136	0.8614285714285714	0.9123809523809524
10	1.0858865000984885	14.776662404092999	0.8842857142857142	0.9
11	1.0844613313674927	12.99902360792849	0.9127380952380952	0.8980952380952381
12	1.0831446464245136	11.60670543532861	0.9233333333333333	0.9028571428571428
13	1.0814796345574516	10.098546851270552	0.9463095238095238	0.8952380952380953
14	1.078959576288859	8.93202228056614	0.9523809523809523	0.979047619047619
15	1.077040210366249	7.95438529239408	0.9635714285714285	0.9857142857142858
16	1.0753116327173569	6.845531193475759	0.9817857142857143	0.9171428571428571
17	1.074196908209059	6.306478734252117	0.9770238095238095	0.9847619047619047
18	1.072504106320833	5.65098392374162	0.9779761904761904	0.9438095238095238
19	1.0712256908416748	4.7453671004835645	0.991547619047619	0.9771428571428571
20	1.0717691466921853	4.142151198912936	0.9945238095238095	0.9638095238095238
21	1.072325966574929	3.6597550219002786	0.9947619047619047	0.9828571428571429
22	1.0718787442082944	3.6416111339181096	0.9910714285714286	0.9933333333333333
23	1.0711974898974101	2.830488565756794	0.998452380952381	0.9628571428571429
24	1.0713716697692872	2.517077794999677	0.9986904761904762	0.9771428571428571
25	1.0705590431506817	2.2095849797299607	0.9989285714285714	0.98
26	1.070185661315918	1.9103332948322078	0.9990476190476191	0.9647619047619047
27	1.07059611592974	1.6544925085492008	0.9995238095238095	0.981904761904762
28	1.0701987661164383	1.503929329235744	0.9998809523809524	0.9638095238095238
29	1.0700471639633178	1.3182350238466445	0.9995238095238095	0.9809523809523809
30	1.0697732663923694	1.1897440914192128	1.0	0.9847619047619047
31	1.0700068101286888	0.973332107180425	1.0	0.9828571428571429
32	1.0708392027652625	0.8854591702553709	0.9998809523809524	0.9638095238095238
33	1.0711192663978129	0.772910114306914	0.9998809523809524	0.9828571428571429
34	1.0716300010681152	0.7605637330066115	1.0	0.9828571428571429
35	1.0720921291245356	0.604334194283975	1.0	0.9857142857142858
36	1.0723806909612708	0.5494943815832356	1.0	0.9752380952380952
37	1.072580193218432	0.4895544370544274	1.0	0.979047619047619
38	1.0729774878575251	0.4179350765485727	1.0	0.9723809523809523
39	1.0730092585086823	0.412368337294448	1.0	0.9647619047619047
40	1.0730154398010998	0.41060862698709105	1.0	0.9704761904761905
41	1.0730521622158231	0.30839908312822023	1.0	0.9714285714285714
42	1.0727580314458802	0.28114401169489545	1.0	0.9733333333333334
-1	-1	-1	-1	-1
0	1.3593029975891113	59.19749341899451	0.3115476190476191	0.33904761904761904
1	1.2088143825531006	42.98674956927282	0.4926190476190476	0.5295238095238095
2	1.1600056489308674	36.2646648421487	0.5686904761904762	0.5733333333333334
3	1.1393057703971863	32.5550967749534	0.6182142857142857	0.6371428571428571
4	1.124729585647583	29.842843625028777	0.6457142857142857	0.6314285714285715
5	1.1134118636449177	27.69078135399764	0.6679761904761905	0.6676190476190477
6	1.1057325090680803	26.016502869899735	0.6944047619047619	0.6971428571428572
7	1.1015256643295288	24.1298941333031	0.7209523809523809	0.6857142857142857
8	1.0975700749291315	20.679180043731805	0.7786904761904762	0.7076190476190476
9	1.0933959245681764	16.788380599293873	0.8536904761904762	0.8571428571428571
10	1.0906098755923184	14.697902333147173	0.8857142857142857	0.9371428571428572
11	1.087399701277415	12.933688236280085	0.9072619047619047	0.8723809523809524
12	1.085584438764132	11.4598324307924	0.9257142857142857	0.9171428571428571
13	1.083299994468689	9.82062394356093	0.950952380952381	0.8742857142857143
14	1.081697130203247	8.930035556677176	0.9457142857142857	0.8752380952380953
15	1.080343708395958	7.567680986208607	0.9711904761904762	0.9657142857142857
16	1.0794514487771427	6.782104702503509	0.9776190476190476	0.9352380952380952
17	1.0784981780582004	5.870865294688555	0.98	0.9542857142857143
18	1.0776305449636359	5.274255507799156	0.9840476190476191	0.959047619047619
19	1.0774902939796447	4.485097085115121	0.9892857142857143	0.9276190476190476
20	1.0769963377997989	3.7835060290057396	0.9947619047619047	0.979047619047619
21	1.0763428536328403	3.4135847875827166	0.9938095238095238	0.9809523809523809
22	1.0762983923373015	2.7351684604307542	0.9983333333333333	0.9933333333333333
23	1.0761581659317017	2.4273591823450964	0.9989285714285714	0.9876190476190476
24	1.075443649291992	2.019614015015359	0.9995238095238095	0.9895238095238095
25	1.0749759307274451	1.9954452016054451	0.9970238095238095	0.9857142857142858
26	1.0742559786196109	1.5175930227616894	0.9997619047619047	0.9904761904761905
27	1.0735821638788496	1.1867144797918008	1.0	0.9904761904761905
28	1.073233045380691	1.0066441680541962	1.0	0.9914285714285714
29	1.0728413979212443	0.8546375963171172	1.0	0.9847619047619047
30	1.0723072636512019	1.4078584935501954	0.995	0.9923809523809524
31	1.0718405842781067	0.6738369132855999	1.0	0.9952380952380953
32	1.0714989069736365	0.5782423557097468	1.0	0.9952380952380953
33	1.0712936836130478	0.5012776789896388	1.0	0.9933333333333333
34	1.0714378901890347	0.43531125019031786	1.0	0.9885714285714285
35	1.071230669816335	0.39159739680389943	1.0	0.9904761904761905
36	1.0710613598694672	0.34593618533683823	1.0	0.9914285714285714
37	1.0707854157999943	0.30254505569037377	1.0	0.9904761904761905
38	1.0710088717631805	0.2837553768783468	1.0	0.9885714285714285
39	1.0708021700382233	0.238604919850373	1.0	0.9895238095238095
40	1.0710326927464182	0.2069501348208112	1.0	0.9885714285714285
41	1.0710728168487549	0.18372063168781338	1.0	0.9857142857142858
42	1.0711809978928677	0.17385996210994376	1.0	0.9847619047619047
43	1.071283372965726	0.1508213396506391	1.0	0.9895238095238095
44	1.0715948475731745	0.13027269296886348	1.0	0.9838095238095238
45	1.0715630417284758	0.11708898699980498	1.0	0.9895238095238095
46	1.0717818432665887	0.11418208008200044	1.0	0.9885714285714285
47	1.071845809618632	0.09339594286459253	1.0	0.98
48	1.0717524703668089	0.0875541461780384	1.0	0.9895238095238095
49	1.0717414617538452	0.07788458933961709	1.0	0.9828571428571429
50	1.0719506506826364	0.06853537134004636	1.0	0.9895238095238095
51	1.0718780251649709	0.06544359156529034	1.0	0.9914285714285714
-1	-1	-1	-1	-1
0	1.370305061340332	60.704520765819474	0.2736904761904762	0.38761904761904764
1	1.2135651111602783	43.70950616176591	0.4861904761904762	0.518095238095238
2	1.1626458168029785	36.83902003647257	0.5532142857142858	0.6342857142857142
3	1.1383335590362549	33.20798186385586	0.6032142857142857	0.6152380952380953
4	1.1275145053863525	30.336634777344678	0.6373809523809524	0.6885714285714286
5	1.1173793077468872	28.169722640469047	0.6613095238095238	0.7066666666666667
6	1.1114060538155692	26.329305162901207	0.6872619047619047	0.6904761904761905
7	1.105686217546463	24.673418266238368	0.7001190476190476	0.7457142857142857
8	1.1026367611355252	23.480375877351364	0.7170238095238095	0.7361904761904762
9	1.0999054193496705	20.52041289652255	0.7652380952380953	0.799047619047619
10	1.0970495830882678	15.609889708544365	0.8673809523809524	0.8590476190476191
11	1.095775028069814	12.719208574113736	0.9219047619047619	0.8419047619047619
12	1.0940408156468318	11.235065266206691	0.924404761904762	0.7923809523809524
13	1.0931573084422521	9.34496080014189	0.9526190476190476	0.9657142857142857
14	1.0925252755482993	7.852091549920492	0.968452380952381	0.9438095238095238
15	1.0912434309720993	6.555246495475334	0.9773809523809524	0.9895238095238095
16	1.0892649818869198	5.4868504511539475	0.9829761904761904	0.9933333333333333
17	1.0889227522744074	4.416648653976818	0.9901190476190476	0.9971428571428571
18	1.088369419700221	3.431044635663921	0.9983333333333333	0.96
19	1.088065791130066	2.8860740135831073	0.9975	0.9990476190476191
20	1.087190480459304	2.8926629594070374	0.9897619047619047	0.9714285714285714
21	1.0866779305718162	1.8861786426246847	0.9996428571428572	0.9895238095238095
22	1.086320856343145	1.5667088525830113	0.9996428571428572	0.9971428571428571
23	1.0850066343943279	1.3432927637045828	0.9998809523809524	1.0
24	1.084269142150879	0.9955294409858864	0.9998809523809524	1.0
25	1.0830727632229145	0.7965814978904144	1.0	0.9990476190476191
26	1.0820960645322446	0.7049977700066657	1.0	0.9990476190476191
27	1.0815336619104658	0.5607478890582183	1.0	0.9980952380952381
28	1.0814438523917362	0.4641780619272261	1.0	0.9990476190476191
29	1.0817089080810547	0.3817003946113949	1.0	0.9990476190476191
30	1.0812019686545096	0.3438796000448923	1.0	0.9980952380952381
31	1.081374578177929	0.28009869656861963	1.0	0.9980952380952381
32	1.0813999103777336	0.2348433805509212	1.0	0.9990476190476191
33	1.0811002394732308	0.21552824840912801	1.0	0.9980952380952381
34	1.08032089642116	0.17364741384473137	1.0	0.9980952380952381
35	1.079585525724623	0.16054778088578253	1.0	0.9971428571428571
36	1.079000524572424	0.13200383459858794	1.0	0.9980952380952381
37	1.0784609568746466	0.11511897927454669	1.0	0.9980952380952381
38	1.0779810807643793	0.10542616470515048	1.0	0.9980952380952381
39	1.0774516820907594	0.08864856046755504	1.0	0.9980952380952381
40	1.077100445584553	0.07646232171996918	1.0	0.9990476190476191
41	1.0767559494291032	0.0666555032813957	1.0	0.9980952380952381
42	1.0763977072959723	0.060458046416026104	1.0	0.9980952380952381
43	1.076326223936948	0.05331550068275104	1.0	0.9980952380952381
-1	-1	-1	-1	-1
0	1.3718805313110352	59.020781963043795	0.314047619047619	0.42
1	1.2248183488845825	42.99841748081686	0.4907142857142857	0.5314285714285715
2	1.1719599564870198	35.96411875808194	0.5708333333333333	0.6114285714285714
3	1.1442460417747498	32.14435858055666	0.6201190476190476	0.5542857142857143
4	1.1312376499176025	29.927739810580988	0.6414285714285715	0.6895238095238095
5	1.1226545969645183	27.3706595199643	0.6779761904761905	0.6209523809523809
6	1.116461958203997	25.509787737190045	0.6960714285714286	0.7180952380952381
7	1.1109333038330078	23.654041823325503	0.7201190476190477	0.6723809523809524
8	1.1073891586727567	20.302914764491323	0.7757142857142857	0.8609523809523809
9	1.1031975030899048	15.719650101752336	0.8621428571428571	0.861904761904762
10	1.0992487127130681	12.5103700496398	0.9110714285714285	0.8133333333333334
11	1.0952239632606506	10.103488777980152	0.9444047619047619	0.9247619047619048
12	1.0936375764700084	8.046474755943501	0.9620238095238095	0.9571428571428572
13	1.0931291239602225	6.6687634716469075	0.9695238095238096	0.9895238095238095
14	1.0918471813201904	4.877779240390647	0.9878571428571429	0.9533333333333334
15	1.0911112427711487	3.5910006117911393	0.9948809523809524	0.9942857142857143
16	1.0904493472155403	2.598562894665243	0.9992857142857143	0.9628571428571429
17	1.0900976922776964	2.1168429477586495	0.9977380952380952	0.9990476190476191
18	1.0876149001874422	1.7571157078779243	0.9960714285714286	1.0
19	1.0858933568000793	1.2047039825653396	0.9996428571428572	0.9990476190476191
20	1.0856993198394775	0.7407069547321407	1.0	0.9990476190476191
21	1.0851951187307185	0.5821939576488031	1.0	0.9990476190476191
22	1.085314709207286	0.4284245129320558	1.0	0.9980952380952381
23	1.0844610234101613	0.3486324077323362	1.0	0.9990476190476191
24	1.083921136856079	0.2756272374790431	1.0	1.0
25	1.0836077653444731	0.2373000351081783	1.0	0.9990476190476191
26	1.0833698025456182	0.18625322655693208	1.0	0.9990476190476191
27	1.082702534539359	0.16564570305012025	1.0	0.9990476190476191
28	1.0824528644824851	0.12655256190000833	1.0	0.9990476190476191
29	1.0822582960128784	0.10615824304606071	1.0	0.9990476190476191
30	1.082213278739683	0.08960587959099178	1.0	0.9990476190476191
31	1.081660583615303	0.07809014484541271	1.0	0.9990476190476191
32	1.08140543012908	0.06693350743261581	1.0	0.9990476190476191
33	1.0805289324592142	0.0572171967419948	1.0	0.9990476190476191
34	1.0803349563053677	0.049805360389413036	1.0	0.9990476190476191
35	1.0802061027950711	0.043046463061364885	1.0	0.9990476190476191
36	1.079678116617976	0.039252168559132876	1.0	0.9990476190476191
37	1.079716067565115	0.03352287098652056	1.0	0.9990476190476191
38	1.0795861818851569	0.02820028193266673	1.0	0.9990476190476191
-1	-1	-1	-1	-1
0	1.382951259613037	61.28087349808261	0.28559523809523807	0.4228571428571429
1	1.2273446321487427	43.12696327093436	0.4857142857142857	0.5580952380952381
2	1.180627743403117	36.317055734844715	0.5714285714285714	0.5733333333333334
3	1.1563206911087036	32.34910381157589	0.6273809523809524	0.6161904761904762
4	1.138471794128418	29.46257135804615	0.6507142857142857	0.5838095238095238
5	1.1283981800079346	27.453236097618653	0.6776190476190476	0.6419047619047619
6	1.1217990943363734	25.738383710157734	0.6926190476190476	0.741904761904762
7	1.1141319870948792	23.48938334577437	0.7333333333333333	0.7323809523809524
8	1.1095796955956354	19.374883379773042	0.8198809523809524	0.8447619047619047
9	1.1040533065795899	15.518171843467103	0.8894047619047619	0.9114285714285715
10	1.099465543573553	13.461698376180555	0.9077380952380952	0.8914285714285715
11	1.0966081023216248	11.913858484405981	0.924047619047619	0.9447619047619048
12	1.093285138790424	10.178711214899563	0.9367857142857143	0.8790476190476191
13	1.0910370179585047	8.59020895649725	0.9570238095238095	0.9314285714285714
14	1.0895359834035239	7.360322214351408	0.9660714285714286	0.9952380952380953
15	1.0879656374454498	5.9975769093734685	0.9867857142857143	0.9828571428571429
16	1.0870456274817972	5.235121317236143	0.9863095238095239	0.9723809523809523
17	1.0866605175866022	4.2867388394395665	0.9886904761904762	0.9752380952380952
18	1.0858132964686344	3.4395719150173347	0.9966666666666667	0.9876190476190476
19	1.0852434873580932	3.0218656235321393	0.9961904761904762	0.979047619047619
20	1.0848705087389265	2.1984543106855097	0.9996428571428572	0.9961904761904762
21	1.084981994195418	1.7380047096045752	0.9998809523809524	0.9990476190476191
22	1.0845131977744724	1.6096348334174646	0.9976190476190476	0.9990476190476191
23	1.0843019584814708	1.1577239647337692	1.0	0.9942857142857143
24	1.0847879600524903	0.9978032465670046	0.9997619047619047	0.9990476190476191
25	1.0854194989571204	0.7075983596392004	1.0	0.9971428571428571
26	1.085405296749539	0.575538511908553	1.0	0.9980952380952381
27	1.085165091923305	0.46657589565211827	1.0	0.9990476190476191
28	1.0846658246270542	0.3873783088795586	1.0	0.9961904761904762
29	1.0842368682225545	1.6628974731657442	0.9866666666666667	1.0
30	1.0837466947494014	0.3477257593842967	1.0	1.0
31	1.083690769970417	0.28869316755252195	1.0	0.9990476190476191
32	1.083991440859708	0.2508835935887275	1.0	0.9990476190476191
33	1.0839672298992382	0.22108983245639294	1.0	0.9980952380952381
34	1.083998475755964	0.19459763676381384	1.0	0.9980952380952381
35	1.0841163794199626	0.17269638323795206	1.0	0.9980952380952381
36	1.0844361459886707	0.15554660645812862	1.0	0.9980952380952381
37	1.084030320769862	0.13754331850280327	1.0	0.9980952380952381
38	1.083715402162992	0.12252373812089855	1.0	0.9980952380952381
39	1.08323734998703	0.10875577458354004	1.0	0.9980952380952381
40	1.0826170967846382	0.09859654086397628	1.0	0.9980952380952381
41	1.0835552272342501	0.08807248146248407	1.0	0.9980952380952381
42	1.0828668017720067	0.07798283045027872	1.0	0.9980952380952381
43	1.082413380796259	0.07088037074575405	1.0	0.9980952380952381
44	1.0828371789720324	0.06314783590091498	1.0	0.9980952380952381
45	1.0825299439222917	0.056091298912244604	1.0	0.9980952380952381
46	1.0826652658746598	0.050240211719965754	1.0	0.9980952380952381
47	1.0831914246082306	0.045636584181975956	1.0	0.9980952380952381
48	1.083197934286935	0.04077345604863117	1.0	0.9971428571428571
49	1.0833941078186036	0.03624555410484397	1.0	0.9980952380952381
-1	-1	-1	-1	-1
0	1.3028075695037842	60.39402899361382	0.28476190476190477	0.4542857142857143
1	1.1812994480133057	42.35779652758696	0.48	0.5361904761904762
2	1.1505693594614665	35.004529884106304	0.580952380952381	0.5961904761904762
3	1.1456518173217773	30.803716072111527	0.63	0.6390476190476191
4	1.1296245098114013	28.34507527550817	0.6522619047619047	0.6761904761904762
5	1.1161571741104126	25.501678753261785	0.694047619047619	0.7047619047619048
6	1.1073120321546281	22.899387638831772	0.7352380952380952	0.7638095238095238
7	1.1010417342185974	18.670703405663087	0.7894047619047619	0.8085714285714286
8	1.0999085108439128	12.890738478178307	0.9078571428571428	0.8142857142857143
9	1.0967742919921875	10.712957563509052	0.9141666666666667	0.9180952380952381
10	1.0944974422454834	7.972773619024473	0.950595238095238	0.9428571428571428
11	1.0933812856674194	6.54277759133183	0.9580952380952381	0.9657142857142857
12	1.0916034625126765	4.102057178664117	0.9914285714285714	0.9466666666666667
13	1.090685180255345	3.4549325409950864	0.9848809523809524	0.9723809523809523
14	1.0890653769175211	2.1372859944862106	0.9979761904761905	1.0
15	1.088651493191719	1.2898805791887493	0.9998809523809524	1.0
16	1.0876071032355814	0.9730312306391422	1.0	1.0
17	1.0866930219862196	0.7444282116318837	0.9998809523809524	1.0
18	1.0860686929602372	0.49689627594594266	1.0	1.0
19	1.085423970222473	0.37741574775356757	1.0	1.0
20	1.0848147301446824	0.26329544282911393	1.0	1.0
21	1.0848421400243586	0.21473779976934534	1.0	1.0
22	1.085195779800415	0.1673105750020466	1.0	1.0
23	1.0853482484817505	0.13356540286948926	1.0	1.0
24	1.0849664688110352	0.10937790093879736	1.0	1.0
25	1.084864121216994	0.09240020614669804	1.0	1.0
26	1.084275236836186	0.08048229017241826	1.0	1.0
27	1.084137192794255	0.06508640149261222	1.0	1.0
28	1.0841239649673988	0.05510282023551346	1.0	1.0
29	1.0840069929758707	0.047746827783410085	1.0	1.0
30	1.0841342172315043	0.04215768609946671	1.0	1.0
31	1.0840866565704346	0.035239367448360065	1.0	1.0
32	1.0838483319138035	0.030975122025994294	1.0	1.0
33	1.083738923072815	0.027632189953536813	1.0	1.0
34	1.083348001752581	0.0230961932443054	1.0	1.0
-1	-1	-1	-1	-1
0	1.3733067512512207	59.23030207093677	0.31464285714285717	0.4723809523809524
1	1.2230920791625977	42.91502716876708	0.4869047619047619	0.4361904761904762
2	1.175169308980306	36.2313466452827	0.5660714285714286	0.5533333333333333
3	1.1513542532920837	32.15205805745868	0.6270238095238095	0.6009523809523809
4	1.137337875366211	29.930459758628004	0.6464285714285715	0.6352380952380953
5	1.126203139623006	27.601021066817946	0.6788095238095239	0.679047619047619
6	1.1191784654344832	25.708217762268994	0.7001190476190476	0.7714285714285715
7	1.1151307821273804	22.691662159256154	0.7429761904761905	0.7952380952380952
8	1.1105945375230577	18.01023064820032	0.8482142857142857	0.8304761904761905
9	1.1079270839691162	15.704903439423884	0.8703571428571428	0.8114285714285714
10	1.10532376982949	13.516017834043321	0.9046428571428572	0.8876190476190476
11	1.1039055784543355	11.77211165700122	0.9280952380952381	0.9704761904761905
12	1.1015130556546724	10.726835569954643	0.9325	0.9447619047619048
13	1.0976226670401437	9.066914678073202	0.9585714285714285	0.9657142857142857
14	1.09523286819458	7.895930065401607	0.9682142857142857	0.9257142857142857
15	1.0927549302577972	6.941212194500768	0.9769047619047619	0.981904761904762
16	1.0898324461544262	6.051665902591024	0.9820238095238095	0.9857142857142858
17	1.0889816019270155	5.383185808196267	0.9858333333333333	0.9647619047619047
18	1.0882871527420848	5.061256936747765	0.9808333333333333	0.9561904761904761
19	1.0879305124282836	3.9492185301653784	0.9959523809523809	0.9933333333333333
20	1.0880394890194847	3.3369762142801465	0.9978571428571429	0.9952380952380953
21	1.0879725109447131	3.091278020420002	0.9971428571428571	0.9542857142857143
22	1.0878749308378801	2.6732094482777238	0.9979761904761905	0.9933333333333333
23	1.087834507226944	2.1520823917914704	0.9997619047619047	0.981904761904762
24	1.0880134773254395	3.3944943177836024	0.9788095238095238	0.9961904761904762
25	1.0879581433076124	1.6254514272222047	1.0	0.9923809523809524
26	1.0879204979649297	1.463591874552317	0.9998809523809524	0.9876190476190476
27	1.0879241909299577	1.2778976586835014	1.0	0.9904761904761905
28	1.0880345393871438	1.1620872222425367	1.0	0.9847619047619047
29	1.0873005469640096	0.9703327593014721	1.0	0.9904761904761905
30	1.0864661893536967	0.8647102885826459	1.0	0.9809523809523809
31	1.0864904299378395	0.7664718260783207	1.0	0.9857142857142858
32	1.0865079272877087	0.6968942335576612	1.0	0.9876190476190476
33	1.0865797996520996	0.5857884017290271	1.0	0.98
34	1.0865609305245536	0.5512983201234513	1.0	0.9809523809523809
35	1.0865221685833402	0.4788637372874035	1.0	0.9857142857142858
36	1.0862580634452201	0.4098408255626947	1.0	0.98
37	1.086265112224378	0.3881284431359614	1.0	0.9857142857142858
38	1.0861834501608825	0.4743857134147742	0.9994047619047619	0.9895238095238095
39	1.0859927654266357	0.3547430342141213	0.9998809523809524	0.9933333333333333
40	1.0860904775014737	0.33983110588313054	0.9998809523809524	0.9923809523809524
41	1.0863074348086403	0.2763307222905268	0.9997619047619047	0.9914285714285714
42	1.0865888484688693	0.2409544363334605	1.0	0.9885714285714285
43	1.086783680048856	0.20621536657950723	1.0	0.9876190476190476
44	1.0868664529588488	0.1833580222986497	1.0	0.9857142857142858
-1	-1	-1	-1	-1
0	1.3756499290466309	60.109294659284586	0.2922619047619048	0.3961904761904762
1	1.2212804555892944	43.46951059696792	0.485	0.5219047619047619
2	1.1719215710957844	37.18490565049784	0.5573809523809524	0.5857142857142857
3	1.1511290073394775	33.550851132933175	0.6066666666666667	0.6361904761904762
4	1.1367620468139648	30.774511221243856	0.6391666666666667	0.56
5	1.127520481745402	28.660251951036344	0.6647619047619048	0.6638095238095238
6	1.122171231678554	26.777069472541374	0.6796428571428571	0.6514285714285715
7	1.118520826101303	24.808272677229386	0.7165476190476191	0.6847619047619048
8	1.1150455474853516	23.022310398377392	0.7364285714285714	0.7228571428571429
9	1.1122164964675902	18.620947957492145	0.825595238095238	0.82
10	1.1096151742068203	15.167853257501987	0.8846428571428572	0.8419047619047619
11	1.1079538861910503	13.0865351075002	0.910952380952381	0.8704761904761905
12	1.106884241104126	11.182147475703134	0.9296428571428571	0.9495238095238095
13	1.1056691578456335	9.70751894381563	0.9417857142857143	0.9666666666666667
14	1.104992151260376	7.742171404479574	0.9669047619047619	0.9695238095238096
15	1.1040907353162766	6.544120518426931	0.9775	0.9895238095238095
16	1.102712967816521	5.573813556265015	0.9767857142857143	0.9933333333333333
17	1.1016270452075534	4.297861908778492	0.9898809523809524	0.9828571428571429
18	1.1014410069114284	3.3524667858624184	0.9947619047619047	0.9961904761904762
19	1.100880539417267	2.767478432038891	0.9959523809523809	0.98
20	1.100139515740531	2.059980663056609	0.9991666666666666	0.9990476190476191
21	1.099071665243669	1.6995832158585464	0.9985714285714286	0.9961904761904762
22	1.0991440959598706	1.127743643046332	1.0	0.9971428571428571
23	1.0990680853525798	0.8972438904722381	1.0	0.9980952380952381
24	1.0986109638214112	0.7341124299814492	1.0	0.9990476190476191
25	1.0978418038441584	0.6042435127859334	0.9997619047619047	0.8590476190476191
26	1.0970072481367323	1.0769883710395247	0.9945238095238095	1.0
27	1.0960225207465035	0.37567451052339357	1.0	0.9990476190476191
28	1.0959040460915401	0.3128663959272008	1.0	1.0
29	1.0955143690109252	0.2541750711406592	1.0	1.0
30	1.095133642996511	0.22270609240114916	1.0	0.9990476190476191
31	1.0948685258626938	0.18286629145816252	1.0	0.9980952380952381
32	1.0945213346770315	0.15863022145889558	1.0	0.9990476190476191
33	1.0944664197809555	0.1365709930176744	1.0	0.9961904761904762
34	1.0946285384041923	0.12045873129322501	1.0	0.9990476190476191
35	1.0947165886561077	0.10888278754888378	1.0	0.9980952380952381
36	1.0947326453956399	0.09044762663968163	1.0	0.9990476190476191
37	1.094573322095369	0.07866430827221717	1.0	0.9980952380952381
38	1.0943986941606572	0.06927707525033915	1.0	0.9990476190476191
39	1.0943133056163787	0.06052803202486197	1.0	0.9990476190476191
40	1.0942762305096883	0.05313626842523709	1.0	0.9980952380952381
41	1.094000294094994	0.04729537673634494	1.0	0.9980952380952381
42	1.0935441006061644	0.04113148483925786	1.0	0.9990476190476191
43	1.0932927348396995	0.03692857984510098	1.0	0.9980952380952381
44	1.0928845988379585	0.03290825893840409	1.0	0.9980952380952381
45	1.0925042370091314	0.029635719101550235	1.0	0.9961904761904762
46	1.0919336816097827	0.026093738033177733	1.0	0.9971428571428571
-1	-1	-1	-1	-1
0	1.3576059341430664	60.39924623757714	0.2978571428571429	0.3819047619047619
1	1.2048336267471313	43.35694833762746	0.49333333333333335	0.5466666666666666
2	1.1542092164357503	36.47860989733794	0.5698809523809524	0.4866666666666667
3	1.1308836340904236	32.699706603365705	0.6180952380952381	0.6638095238095238
4	1.1145081520080566	29.881714215296757	0.6501190476190476	0.6666666666666666
5	1.1067715883255005	28.109118878614765	0.6660714285714285	0.6209523809523809
6	1.103142261505127	25.955012314219893	0.695	0.621904761904762
7	1.100417822599411	23.487192269967082	0.7323809523809524	0.78
8	1.0966132746802435	19.363731590967216	0.815	0.9
9	1.0915637731552124	16.392752473345276	0.8671428571428571	0.7923809523809524
10	1.0887730338356711	14.183416460856739	0.9001190476190476	0.8019047619047619
11	1.085424800713857	12.031148584170033	0.9315476190476191	0.9152380952380952
12	1.0849052575918345	10.797748511281757	0.934404761904762	0.9276190476190476
13	1.084296567099435	9.121449675396821	0.9607142857142857	0.9580952380952381
14	1.0830029805501302	8.569594201932842	0.9460714285714286	0.9561904761904761
15	1.081458181142807	6.996759968565444	0.9745238095238096	0.9847619047619047
16	1.0807334395015942	5.812406993184253	0.9870238095238095	0.9638095238095238
17	1.0811434984207153	5.072623130033224	0.9879761904761905	0.9466666666666667
18	1.0805921303598505	4.358912670567008	0.9909523809523809	0.9771428571428571
19	1.0800073504447938	3.5196537667807517	0.9973809523809524	0.94
20	1.0804565747578938	3.06335063850925	0.9970238095238095	0.9980952380952381
21	1.0808494849638506	2.3729365683327157	0.9992857142857143	0.9361904761904762
22	1.080916808999103	2.0747613254155497	0.9991666666666666	0.9971428571428571
23	1.081055184205373	1.6915941387981517	0.9996428571428572	0.9961904761904762
24	1.0811782550811768	1.3846720355091893	1.0	0.9952380952380953
25	1.0815672415953417	1.6561293819558032	0.995	0.9980952380952381
26	1.0817045459040888	0.9509266932201023	1.0	0.9971428571428571
27	1.0815844110080175	0.7815879509702834	1.0	0.9980952380952381
28	1.0813868539086704	0.6366285869830461	1.0	0.9961904761904762
29	1.0814742167790732	0.5456215798174927	1.0	0.9980952380952381
30	1.081392357426305	0.4484830522491905	1.0	0.9961904761904762
31	1.081557758152485	0.40628618523195215	1.0	0.9961904761904762
32	1.0815593473839038	0.33018598702697244	1.0	0.9952380952380953
33	1.0817334371454574	0.28322050740283705	1.0	0.9980952380952381
34	1.0815371717725482	0.24779380537824486	1.0	0.9952380952380953
35	1.0813181863890753	0.21879741063646038	1.0	0.9971428571428571
36	1.08160966795844	0.18029767247943823	1.0	0.9980952380952381
37	1.0817028848748458	0.15925074858810512	1.0	0.9952380952380953
38	1.0819680874164288	0.13678160097322536	1.0	0.9961904761904762
39	1.0818934082984923	0.12347246081826804	1.0	0.9961904761904762
40	1.0821722019009474	0.10729148566099628	1.0	0.9961904761904762
-1	-1	-1	-1	-1
0	1.3771722316741943	57.11170572201109	0.3294047619047619	0.46095238095238095
1	1.2320042848587036	42.53047246171494	0.5019047619047619	0.5380952380952381
2	1.1821224689483643	35.6807320815982	0.5829761904761904	0.6009523809523809
3	1.1575124263763428	32.490014892113976	0.6177380952380952	0.6285714285714286
4	1.1408516407012939	29.81960282126307	0.6483333333333333	0.6276190476190476
5	1.1302724679311116	27.699312210083008	0.6754761904761905	0.6552380952380953
6	1.121800116130284	26.03465484575627	0.6913095238095238	0.6495238095238095
7	1.115751564502716	24.04070876306454	0.7151190476190477	0.700952380952381
8	1.1124379634857178	20.22538418280308	0.7935714285714286	0.8876190476190476
9	1.1099400758743285	16.1994617955313	0.8744047619047619	0.9095238095238095
10	1.1089841235767712	14.156410101248737	0.8853571428571428	0.9628571428571429
11	1.1061799724896748	12.150945581864042	0.9216666666666666	0.88
12	1.104670102779682	10.738131694467349	0.9313095238095238	0.9219047619047619
13	1.102561661175319	9.22861622948157	0.9503571428571429	0.9742857142857143
14	1.10113574663798	8.294803628450111	0.9554761904761905	0.9180952380952381
15	1.099989891052246	6.613433293063378	0.9805952380952381	0.960952380952381
16	1.0988545978770536	6.266756180121418	0.9741666666666666	0.9952380952380953
17	1.1009817785686917	4.931038029746865	0.9920238095238095	0.9466666666666667
18	1.1005217903538753	4.182499542435766	0.9930952380952381	0.9761904761904762
19	1.100067412853241	3.655509395744411	0.9954761904761905	0.9695238095238096
20	1.0995343185606457	3.1985239855690146	0.9942857142857143	0.9447619047619048
21	1.0988713069395586	2.606511296201568	0.9971428571428571	0.9952380952380953
22	1.0982646527497664	2.1409293143468213	0.9977380952380952	0.9942857142857143
23	1.0975130299727123	1.8138547233755598	0.9990476190476191	0.9980952380952381
24	1.0966311740875243	1.4344521031180262	0.9997619047619047	0.9933333333333333
25	1.0957516156710112	1.135741149517973	1.0	0.9971428571428571
26	1.0952186407866302	0.9735354857073084	1.0	0.9961904761904762
27	1.0958143302372523	0.8048025082952622	1.0	0.9990476190476191
28	1.0952108481834675	0.7354059663562267	1.0	0.9980952380952381
29	1.0947539885838826	0.8428015731586703	0.9979761904761905	0.8066666666666666
30	1.0947614254490021	1.8255095995764314	0.9848809523809524	0.9980952380952381
31	1.0940591245889664	0.4891615693276826	1.0	0.9980952380952381
32	1.0935790394291733	0.41135953185449536	1.0	0.9980952380952381
33	1.0934971711214851	0.3570500435484679	1.0	0.9980952380952381
34	1.0935245173318044	0.3195059506838766	1.0	0.9980952380952381
35	1.0935733848147922	0.2821259913902319	1.0	0.9980952380952381
36	1.0936535178004085	0.2518391606925558	1.0	0.9971428571428571
37	1.0931845966138338	0.22921306339620184	1.0	0.9971428571428571
38	1.0927821122683012	0.20068360910442845	1.0	0.9971428571428571
39	1.0925905883312226	0.1794109428761803	1.0	0.9971428571428571
40	1.0921675635547172	0.16241535521732084	1.0	0.9980952380952381
41	1.0918392056510562	0.14352340025990182	1.0	0.9980952380952381
42	1.0916717828706253	0.1302665952635582	1.0	0.9971428571428571
43	1.0913433866067366	0.11591537411505279	1.0	0.9990476190476191
44	1.091118213865492	0.10531734968376251	1.0	0.9971428571428571
45	1.0906495374181997	0.09581702842798523	1.0	0.9980952380952381
46	1.0903240214002894	0.08425392988120195	1.0	0.9980952380952381
47	1.0899396290381749	0.0770736189254563	1.0	0.9980952380952381
-1	-1	-1	-1	-1
0	1.3081762790679932	58.95818431114516	0.31238095238095237	0.44095238095238093
1	1.191467523574829	42.75317502475057	0.49392857142857144	0.5857142857142857
2	1.1534106731414795	36.36479490156863	0.5657142857142857	0.6276190476190476
3	1.1333321332931519	32.32579363978861	0.6264285714285714	0.6247619047619047
4	1.124720287322998	29.893110496462977	0.6538095238095238	0.6771428571428572
5	1.1179060141245525	27.686529674457507	0.674404761904762	0.660952380952381
6	1.1094716957637243	25.746201794410386	0.6972619047619047	0.6923809523809524
7	1.1044303476810455	23.992916063664076	0.7221428571428572	0.7323809523809524
8	1.1008573373158772	20.87654477471181	0.7722619047619048	0.8095238095238095
9	1.0971559047698975	16.433452470220995	0.8621428571428571	0.8752380952380953
10	1.0933708060871472	14.330556224054257	0.8878571428571429	0.800952380952381
11	1.0912579695383708	12.553143078836651	0.9147619047619048	0.8971428571428571
12	1.088635958158053	10.877828347818934	0.9354761904761905	0.9266666666666666
13	1.0869101796831404	9.05529278312799	0.9617857142857142	0.9152380952380952
14	1.0858868757883708	8.446078721108092	0.9546428571428571	0.9723809523809523
15	1.0848750621080399	6.886667381221351	0.9775	0.9876190476190476
16	1.0841554333181942	5.897243411822011	0.9838095238095238	0.9523809523809523
17	1.0838799609078302	5.343935357300501	0.9848809523809524	0.9371428571428572
18	1.0835553219443874	4.351428465244888	0.991547619047619	0.9714285714285714
19	1.0836175203323364	3.841880590290171	0.9928571428571429	0.9714285714285714
20	1.083836214882987	3.1391049093166683	0.9963095238095238	0.9933333333333333
21	1.0839425325393677	2.4064321597266107	0.9995238095238095	0.9904761904761905
22	1.0846400571906047	1.9928391494225186	0.9998809523809524	0.9923809523809524
23	1.0849133531252544	1.8530304205281654	0.9990476190476191	0.9942857142857143
24	1.0850465965270997	1.416334419989314	1.0	0.9904761904761905
25	1.0850008084223821	1.4581600819703744	0.9970238095238095	0.9876190476190476
26	1.0848713097748932	1.163861965158593	0.998452380952381	1.0
27	1.0844293321881975	0.7901023873074879	1.0	0.9961904761904762
28	1.0843657049639472	0.6581752113289706	1.0	0.9961904761904762
29	1.0845918734868367	0.545628133552156	1.0	0.9952380952380953
30	1.0846512010020595	0.4816925771562772	1.0	0.9657142857142857
31	1.084697499871254	1.4385724185537476	0.9883333333333333	0.9990476190476191
32	1.0840846552993313	0.40938209903784123	1.0	1.0
33	1.0836068181430591	0.343357216212686	1.0	0.9990476190476191
34	1.0834250586373466	0.3020335925395951	1.0	0.9971428571428571
35	1.0831773744689093	0.2665863208217766	1.0	0.9971428571428571
36	1.0824134414260451	0.24108532459223678	1.0	0.9990476190476191
37	1.082010319358424	0.21574694042876646	1.0	0.9980952380952381
38	1.0815015328236115	0.18963311799578794	1.0	0.9952380952380953
39	1.0812058210372926	0.17440741766994897	1.0	0.9942857142857143
40	1.0807973582570145	0.1587667809409787	1.0	0.9961904761904762
41	1.080515010016305	0.1405112969586378	1.0	0.9942857142857143
42	1.079962408819864	0.12396952621780422	1.0	0.9971428571428571
43	1.079641808163036	0.11230294293097216	1.0	0.9942857142857143
44	1.079387124379476	0.10170727785492578	1.0	0.9961904761904762
45	1.0790265746738599	0.0913232606570077	1.0	0.9923809523809524
46	1.0787342101969617	0.08210715698255332	1.0	0.9952380952380953
-1	-1	-1	-1	-1
0	1.3593926429748535	58.406608458254276	0.32392857142857145	0.47714285714285715
1	1.2187668085098267	42.27006555419458	0.49738095238095237	0.5228571428571429
2	1.1695520877838135	36.04802088139175	0.5775	0.5552380952380952
3	1.144047737121582	32.199828463362195	0.6325	0.6342857142857142
4	1.1284249305725098	29.806176653379723	0.6419047619047619	0.6209523809523809
5	1.1183217763900757	27.81254844520482	0.6716666666666666	0.5866666666666667
6	1.1119637829916817	26.28558645502243	0.6863095238095238	0.6752380952380952
7	1.1080127358436584	24.934519339876935	0.705595238095238	0.7352380952380952
8	1.1042585902743869	21.872752215019197	0.7514285714285714	0.82
9	1.1007694721221923	17.43403597567018	0.8510714285714286	0.8438095238095238
10	1.0977846492420544	15.224368798868738	0.8854761904761905	0.8076190476190476
11	1.0963236093521118	12.78765484769988	0.9283333333333333	0.940952380952381
12	1.0946855361645038	11.369639277004923	0.9339285714285714	0.9847619047619047
13	1.0931273698806763	9.973528673440331	0.9492857142857143	0.9657142857142857
14	1.0917964299519858	8.938103583375764	0.9534523809523809	0.9171428571428571
15	1.0905930250883102	7.99504624754757	0.9623809523809523	0.9295238095238095
16	1.0897698542651009	6.702899878469257	0.9811904761904762	0.9619047619047619
17	1.0886199739244249	6.415928226913336	0.9704761904761905	0.9885714285714285
18	1.088511630108482	5.049738346397197	0.9941666666666666	0.9676190476190476
19	1.0879586696624757	4.708432708856271	0.9898809523809524	0.9809523809523809
20	1.0866690817333402	3.873920567588661	0.9944047619047619	0.900952380952381
21	1.08550395748832	3.3758751924500268	0.9976190476190476	0.9980952380952381
22	1.084858168726382	2.769263556248335	0.9990476190476191	0.9961904761904762
23	1.0843793054421742	2.420725610093019	0.9992857142857143	0.9857142857142858
24	1.084123830795288	2.0788801951553433	0.9995238095238095	0.9971428571428571
25	1.0839207080694346	1.8872163535977498	0.9990476190476191	0.9857142857142858
26	1.0837794409857855	1.4937542035552485	0.9998809523809524	0.9971428571428571
27	1.083641162940434	1.2528067046471876	1.0	0.9942857142857143
28	1.0833434811953842	1.0523777442060043	1.0	0.9980952380952381
29	1.0836454312006631	0.8864922734267812	1.0	0.9952380952380953
30	1.083067855527324	0.7584547431070089	1.0	0.9952380952380953
31	1.082993820309639	0.6678833172801782	1.0	0.9961904761904762
32	1.082386522582083	0.6118001416042277	1.0	0.9961904761904762
33	1.0821599259096033	0.5119460661941608	1.0	0.9780952380952381
34	1.0821266106196812	0.4321673996321602	1.0	0.9971428571428571
35	1.0824848082330492	0.3671752113013213	1.0	0.9961904761904762
36	1.0825878736135122	0.30607537681612224	1.0	0.9952380952380953
37	1.083001783019618	0.2948469135754462	1.0	0.9914285714285714
38	1.0829290671226306	0.2394075290841748	1.0	0.9780952380952381
39	1.0829673647880553	0.21638555538631665	1.0	0.9952380952380953
40	1.0830350503688906	0.18881390161614	1.0	0.9942857142857143
41	1.0831778617132277	0.1623870294980223	1.0	0.9904761904761905
-1	-1	-1	-1	-1
0	1.377009391784668	59.489579581489124	0.31035714285714283	0.4219047619047619
1	1.2305175065994263	42.44644365201885	0.49654761904761907	0.5352380952380953
2	1.1816299756368	36.156674076849065	0.5817857142857142	0.47714285714285715
3	1.1568070650100708	32.45267321945597	0.6226190476190476	0.6533333333333333
4	1.1398479461669921	30.04465942237767	0.648452380952381	0.6561904761904762
5	1.1273878415425618	27.453450612695498	0.6848809523809524	0.5571428571428572
6	1.1181605543409074	26.01735801479209	0.6957142857142857	0.6580952380952381
7	1.112374633550644	24.106762668479078	0.7186904761904762	0.6980952380952381
8	1.1077689594692655	20.379411731836008	0.7939285714285714	0.8704761904761905
9	1.105314016342163	16.296949339456884	0.8711904761904762	0.8885714285714286
10	1.1038603782653809	14.713566305066243	0.8840476190476191	0.8323809523809523
11	1.1029482285181682	12.604082727613559	0.9164285714285715	0.9571428571428572
12	1.1012549033531775	11.01720971843589	0.9355952380952381	0.8533333333333334
13	1.10013324873788	9.401653054095947	0.9635714285714285	0.9123809523809524
14	1.0983482042948405	8.671256161461312	0.9596428571428571	0.8771428571428571
15	1.0979612469673157	7.696155132902892	0.9645238095238096	0.9514285714285714
16	1.0974340999827665	6.698142630972336	0.9773809523809524	0.9161904761904762
17	1.0966798861821492	5.6845257082819485	0.9879761904761905	0.9533333333333334
18	1.096547189511751	4.922702661485273	0.9935714285714285	0.9933333333333333
19	1.0960898399353027	4.2876017555991055	0.9948809523809524	0.960952380952381
20	1.0962226617903936	4.085737934583947	0.9907142857142858	0.9914285714285714
21	1.0958389152180066	3.429210087645643	0.995	0.9857142857142858
22	1.095012851383375	2.787583170734884	0.9988095238095238	0.9942857142857143
23	1.0936433374881744	2.3225211204231466	0.9998809523809524	0.9895238095238095
24	1.093157024383545	2.0379923761117595	0.9994047619047619	0.9961904761904762
25	1.0923236425106342	1.9061786582261437	0.998452380952381	0.9028571428571428
26	1.0921364625295003	1.7257989881836415	0.9978571428571429	0.9961904761904762
27	1.0922183224133082	1.2946889269034672	1.0	0.9961904761904762
28	1.0915909471182987	1.1640813354076995	1.0	0.9885714285714285
29	1.0915060758590698	0.9833991393843531	1.0	0.9980952380952381
30	1.0912611484527588	0.9623998097593793	0.9991666666666666	0.9923809523809524
31	1.091308943927288	0.8009332881907546	1.0	0.9933333333333333
32	1.0909493547497373	0.6521889097676984	1.0	0.9971428571428571
33	1.0914242898716646	0.5583852714232166	1.0	0.9952380952380953
34	1.0916896206992013	0.4979256933179645	1.0	0.9942857142857143
35	1.0919143226411607	0.42532475502318756	1.0	0.9952380952380953
36	1.0917296409606934	0.45270335317337923	1.0	0.9942857142857143
37	1.0913020811582868	0.35859344452052966	1.0	0.9866666666666667
38	1.0906406854971862	0.3023547285976519	1.0	0.9942857142857143
39	1.0904383182525634	0.2815263051780458	1.0	0.9904761904761905
40	1.0901253397871808	0.23509519626545816	1.0	0.9923809523809524
41	1.0900434596197945	0.21162191359149185	1.0	0.9952380952380953
42	1.0895361013190692	0.18797911278648521	1.0	0.9914285714285714
43	1.0893016349185596	0.1770022855398773	1.0	0.9933333333333333
44	1.0888479974534777	0.15383246019765906	1.0	0.9914285714285714
45	1.0886386373768682	0.13975985437461633	1.0	0.9895238095238095
46	1.0887674575156354	0.1303539927978026	1.0	0.9904761904761905
47	1.0888244956731796	0.1176055955059628	1.0	0.9885714285714285
48	1.0890972030406096	0.10466809625323055	1.0	0.9895238095238095
49	1.0890349960327148	0.09558217353523911	1.0	0.9914285714285714
-1	-1	-1	-1	-1
0	1.3724408149719238	58.193386730585715	0.3230952380952381	0.4038095238095238
1	1.2284564971923828	42.38058085858595	0.4994047619047619	0.4847619047619048
2	1.1763278643290203	36.399690218298154	0.5558333333333333	0.5761904761904761
3	1.153838336467743	32.26995824951636	0.6145238095238095	0.6152380952380953
4	1.1390395164489746	29.87354098708004	0.6439285714285714	0.579047619047619
5	1.1311973333358765	27.878070838551103	0.6719047619047619	0.6238095238095238
6	1.1237217358180456	26.234363171537566	0.6929761904761905	0.7095238095238096
7	1.1197934746742249	24.676919560015428	0.7034523809523809	0.719047619047619
8	1.1164702574412029	22.877724698287906	0.7267857142857143	0.8
9	1.1128808736801148	17.629650123219072	0.846547619047619	0.8647619047619047
10	1.1099406589161267	14.13209119586437	0.8971428571428571	0.9457142857142857
11	1.1079541444778442	11.678833859048416	0.9264285714285714	0.9085714285714286
12	1.1067147988539476	9.72505921193402	0.9433333333333334	0.8761904761904762
13	1.1052380800247192	8.010991315877936	0.9588095238095238	0.9447619047619048
14	1.1041037559509277	6.232399255150624	0.9795238095238096	0.9352380952380952
15	1.1031430959701538	4.854114013479689	0.9890476190476191	0.9942857142857143
16	1.1021761473487406	3.474887418656295	0.9982142857142857	0.9971428571428571
17	1.1019423802693684	2.6629729107758844	0.9985714285714286	1.0
18	1.1013778134396202	2.0422649394876604	0.9986904761904762	0.9857142857142858
19	1.1013656973838806	1.5560672350029527	0.9992857142857143	1.0
20	1.100454330444336	1.0608521706704404	1.0	1.0
21	1.10006460276517	1.1240372284963558	0.9954761904761905	0.7542857142857143
22	1.0993540908979333	2.4564177520828103	0.9767857142857143	1.0
23	1.0986434320608776	0.5532099755317993	1.0	1.0
24	1.0979656505584716	0.44530658287920427	1.0	1.0
25	1.0971026970789983	0.3731909145533812	1.0	1.0
26	1.0965815120273166	0.3094694545287143	1.0	1.0
27	1.0961945142064775	0.26079362899971553	1.0	1.0
28	1.0955922274753964	0.22140337787426922	1.0	1.0
29	1.0952179114023843	0.1900050645772042	1.0	1.0
30	1.0947779916947888	0.16517348301388013	1.0	1.0
31	1.0945318266749382	0.14124066025698592	1.0	1.0
32	1.0940360444964785	0.12303148280871685	1.0	1.0
33	1.0939945263021134	0.10517951397104862	1.0	1.0
34	1.0933967113494873	0.09190527162737719	1.0	1.0
35	1.0933285819159613	0.07956823231404499	1.0	1.0
36	1.093222579440555	0.06996640993615066	1.0	1.0
37	1.0932864138954563	0.061967063015291445	1.0	1.0
-1	-1	-1	-1	-1
0	1.3284695148468018	61.06160102235047	0.26726190476190476	0.41904761904761906
1	1.2063655853271484	44.02902662618079	0.47464285714285714	0.5638095238095238
2	1.1639495690663655	37.38781363338572	0.5584523809523809	0.6104761904761905
3	1.1416674852371216	33.372650414818594	0.6032142857142857	0.680952380952381
4	1.130101490020752	30.519475356707556	0.6394047619047619	0.6142857142857143
5	1.1218325694402058	28.408249340129895	0.6669047619047619	0.7019047619047619
6	1.115537370954241	27.18807693307391	0.6689285714285714	0.7085714285714285
7	1.1117655634880066	25.201974430011706	0.6965476190476191	0.700952380952381
8	1.10964920785692	23.891478705315535	0.7183333333333334	0.7333333333333333
9	1.1060740232467652	20.885174947093194	0.7666666666666667	0.8104761904761905
10	1.1027708487077192	16.02564706004618	0.8754761904761905	0.8952380952380953
11	1.1005661884943645	13.73260619159887	0.9014285714285715	0.9247619047619048
12	1.1040798884171705	11.704584250432003	0.9288095238095239	0.979047619047619
13	1.1015987055642265	10.346726529951784	0.9372619047619047	0.8466666666666667
14	1.0997263113657634	8.77705612200748	0.9619047619047619	0.9247619047619048
15	1.0998612940311432	7.6189816913677255	0.9644047619047619	0.9485714285714286
16	1.0983624177820541	6.245452832813045	0.9832142857142857	0.9095238095238095
17	1.0977143314149644	5.678804726655039	0.9791666666666666	0.9914285714285714
18	1.097241012673629	4.57396781036609	0.9892857142857143	0.9847619047619047
19	1.0968484163284302	3.6563801411893433	0.9958333333333333	0.9838095238095238
20	1.0964003971644811	3.0788407633966366	0.9978571428571429	0.9942857142857143
21	1.0957406759262085	2.506266049105858	0.9983333333333333	0.9923809523809524
22	1.0953289840532385	1.8835647319206268	1.0	0.9952380952380953
23	1.094575156768163	1.6769926031279474	0.9994047619047619	0.9961904761904762
24	1.0942051792144776	1.3287754881517968	0.9997619047619047	0.9971428571428571
25	1.0941038590211134	1.1514127426727643	0.9995238095238095	0.9657142857142857
26	1.0937072877530698	0.9309166295900091	0.9996428571428572	0.9933333333333333
27	1.093671543257577	0.6957147588294722	1.0	0.9961904761904762
28	1.0933016497513344	0.5713359699956364	1.0	0.9971428571428571
29	1.0934149901072183	0.489381190771839	1.0	0.9952380952380953
30	1.0932889984500023	0.40297606678063425	1.0	0.9942857142857143
31	1.0932811871170998	0.3406251934091401	1.0	0.9961904761904762
32	1.0935465133551396	0.29692935643313956	1.0	0.9952380952380953
33	1.0938594832139856	0.23991445947735934	1.0	0.9952380952380953
34	1.0932381902422224	0.208786746876548	1.0	0.9933333333333333
35	1.092774960729811	0.19099957079488514	1.0	0.919047619047619
36	1.092600036311794	1.3834955259704318	0.9871428571428571	1.0
37	1.0924283768001355	0.19792167400452573	1.0	1.0
38	1.0923817585676143	0.17262415451921892	1.0	1.0
39	1.0926913499832154	0.15552120158597543	1.0	0.9990476190476191
40	1.0929658122178985	0.1443632262061304	1.0	1.0
41	1.0932735488528298	0.13287768314659823	1.0	0.9980952380952381
42	1.0934166963710341	0.1238420517838953	1.0	0.9980952380952381
43	1.0933163111860102	0.11468023614171793	1.0	0.9980952380952381
44	1.0932381206088595	0.1069516049974205	1.0	0.9971428571428571
45	1.0933994935906453	0.10051813757068304	1.0	0.9971428571428571
46	1.0935195659069306	0.09277133484275396	1.0	0.9980952380952381
47	1.0935158381859462	0.08677929746050798	1.0	0.9971428571428571
48	1.0935724462781633	0.08075670942579159	1.0	0.9971428571428571
49	1.0936736917495729	0.07528057825457687	1.0	0.9971428571428571
50	1.09356689453125	0.07051380028232876	1.0	0.9942857142857143
51	1.0936572414178114	0.06519727381973212	1.0	0.9971428571428571
52	1.0935387206527423	0.06086145813785805	1.0	0.9971428571428571
53	1.0937024973056935	0.056481984922017885	1.0	0.9971428571428571
54	1.093483946540139	0.05321330599090219	1.0	0.9952380952380953
55	1.0933480560779572	0.04852264803327875	1.0	0.9952380952380953
56	1.0930466484605221	0.045506461250804674	1.0	0.9952380952380953
-1	-1	-1	-1	-1
0	1.3892719745635986	59.07611623553722	0.3044047619047619	0.4666666666666667
1	1.2405444383621216	43.07511700967419	0.4936904761904762	0.5828571428571429
2	1.1888012886047363	35.98763978617273	0.5788095238095238	0.6095238095238096
3	1.1651673316955566	32.8296557016699	0.6132142857142857	0.6361904761904762
4	1.1490118503570557	29.75467674995103	0.6488095238095238	0.6533333333333333
5	1.1393146912256877	27.52982703089261	0.6719047619047619	0.6028571428571429
6	1.130976949419294	25.53563691998616	0.6954761904761905	0.7380952380952381
7	1.12628835439682	21.316771423862008	0.7819047619047619	0.8123809523809524
8	1.1214855247073703	17.53310448316567	0.8582142857142857	0.7638095238095238
9	1.1179984569549561	15.20620101848936	0.8861904761904762	0.8485714285714285
10	1.1142355095256458	13.350756442138904	0.9152380952380952	0.9257142857142857
11	1.1117994983990986	11.803373548921071	0.9255952380952381	0.959047619047619
12	1.1098774579855113	10.01815355685274	0.955	0.9342857142857143
13	1.1081137486866541	8.604676554864804	0.965952380952381	0.940952380952381
14	1.1070610205332438	7.579638765791977	0.9709523809523809	0.9761904761904762
15	1.1059049367904663	6.412595455184182	0.9810714285714286	0.9742857142857143
16	1.1053477736080395	5.458042397245255	0.9894047619047619	0.9542857142857143
17	1.1045855283737183	4.7769459168720605	0.9894047619047619	0.9942857142857143
18	1.1036147318388287	4.144358090574751	0.9923809523809524	0.9990476190476191
19	1.1023095488548278	3.0902524719673417	0.9994047619047619	0.9885714285714285
20	1.1017255556015741	2.70936249281517	0.9977380952380952	0.9971428571428571
21	1.1004611687226729	2.289148706220402	0.9991666666666666	0.9942857142857143
22	1.099307630373084	2.278180252463192	0.9945238095238095	0.9952380952380953
23	1.0983617802460988	1.591765803302649	0.9997619047619047	0.9990476190476191
24	1.0976845741271972	1.239628878836396	1.0	0.9980952380952381
25	1.0968833886660063	1.022693708369034	1.0	0.9961904761904762
26	1.0960245309052643	0.839513390916382	1.0	0.9971428571428571
27	1.0946484548704964	0.7327234657771687	1.0	0.9990476190476191
28	1.0936089466358054	0.5859142004763672	1.0	0.9971428571428571
29	1.0927661180496215	1.122333707464965	0.9959523809523809	1.0
30	1.0926463603973389	0.4591560479635975	1.0	0.9990476190476191
31	1.0923766270279884	0.3768275177864067	1.0	1.0
32	1.0920724218541926	0.33367956942478516	1.0	0.9990476190476191
33	1.0915368094163782	0.2805942415114591	1.0	0.9990476190476191
34	1.0914684908730643	0.24639151619301097	1.0	0.9990476190476191
35	1.0910171071688335	0.21472315892520513	1.0	0.9990476190476191
36	1.0910374216131262	0.19104234253838942	1.0	0.9980952380952381
37	1.0907008271468313	0.17122249466724723	1.0	0.9990476190476191
38	1.0900682363754663	0.14750032741647257	1.0	0.9980952380952381
39	1.0897291481494904	0.12997515322534303	1.0	0.9990476190476191
40	1.08917612564273	0.11603412910332699	1.0	0.9990476190476191
41	1.0893691324052357	0.10107971698102389	1.0	0.9980952380952381
42	1.088912852974825	0.09070628306371631	1.0	0.9990476190476191
43	1.0885001746090976	0.08039531816760283	1.0	0.9980952380952381
44	1.0881049950917563	0.07116779656691243	1.0	0.9980952380952381
45	1.0877566389415576	0.06413890035405131	1.0	0.9980952380952381
46	1.0873525903580037	0.056493234427596226	1.0	0.9980952380952381
47	1.0875506450732548	0.05082052838439724	1.0	0.9990476190476191
48	1.0870738613362214	0.04481719202670081	1.0	0.9971428571428571
49	1.0866727495193482	0.04238752869910387	1.0	0.9980952380952381
-1	-1	-1	-1	-1
0	1.3682496547698975	58.64741867848676	0.315	0.43714285714285717
1	1.2194342613220215	42.59736273587883	0.49642857142857144	0.5676190476190476
2	1.1644179026285808	35.860108313904966	0.5829761904761904	0.579047619047619
3	1.1347292065620422	32.36456619378732	0.6091666666666666	0.6533333333333333
4	1.1190850257873535	30.065419280483695	0.6327380952380952	0.6371428571428571
5	1.1072869300842285	28.067588142569075	0.6629761904761905	0.6495238095238095
6	1.0989898613521032	26.169830866186338	0.6898809523809524	0.6666666666666666
7	1.0927364826202393	24.59790137330842	0.7075	0.699047619047619
8	1.0888148943583171	21.80550809504868	0.7573809523809524	0.7238095238095238
9	1.088003659248352	17.769058584713665	0.8427380952380953	0.7714285714285715
10	1.085385799407959	14.713611561082615	0.8785714285714286	0.9161904761904762
11	1.0834060311317444	12.325176817382696	0.9236904761904762	0.940952380952381
12	1.083182426599356	10.939046491688195	0.9347619047619048	0.8980952380952381
13	1.0810119765145438	9.26262257398308	0.9515476190476191	0.9619047619047619
14	1.0791387557983398	7.978631684988624	0.9563095238095238	0.960952380952381
15	1.0789413899183273	6.542454113978397	0.9838095238095238	0.8514285714285714
16	1.0774222121519201	5.792691410267761	0.9803571428571428	0.9895238095238095
17	1.0762795077429876	4.585089330437519	0.9926190476190476	0.9904761904761905
18	1.0762276398508173	4.00238747787113	0.9913095238095239	0.9952380952380953
19	1.0756916761398316	3.1995203408904853	0.9972619047619048	0.9971428571428571
20	1.0750774201892672	2.8665484801897985	0.9964285714285714	0.9904761904761905
21	1.0751114650206133	2.024597728886985	0.9995238095238095	0.9990476190476191
22	1.075392764547597	1.8114187463608078	0.9985714285714286	0.9676190476190476
23	1.07478932539622	1.397312154788028	0.9998809523809524	0.9980952380952381
24	1.074571771621704	1.083431122194225	0.9998809523809524	0.9980952380952381
25	1.0736156977139986	0.9161172137514266	1.0	1.0
26	1.0727927331571225	0.6874686460304623	1.0	0.9990476190476191
27	1.072137611252921	0.5679917273186006	1.0	0.9961904761904762
28	1.0723230427709118	0.47428743368432547	1.0	0.9971428571428571
29	1.0722990115483602	0.39922716151285537	1.0	0.9980952380952381
30	1.0724624356915873	0.3203235602310855	1.0	0.9971428571428571
31	1.072319321334362	0.26233905154375975	1.0	0.9980952380952381
32	1.072797255082564	0.22957313930467055	1.0	0.9980952380952381
33	1.072926633498248	0.19821787502319188	1.0	0.9961904761904762
34	1.0730798721313477	0.17872171177610244	1.0	0.9961904761904762
35	1.0728927387131586	0.1561085117747122	1.0	0.9980952380952381
36	1.0727591901212126	0.12128360980250537	1.0	0.9980952380952381
37	1.072730591422633	0.10534395584872014	1.0	0.9990476190476191
38	1.0735139480003943	0.09345124495488383	1.0	0.9980952380952381
39	1.0736588716506958	0.08073552916740057	1.0	0.9971428571428571
40	1.0738105250567924	0.06920189064123558	1.0	0.9971428571428571
41	1.0735892114185153	0.060428697941647735	1.0	0.9971428571428571
42	1.0739756240401157	0.05364435074758847	1.0	0.9980952380952381
43	1.0743031935258345	0.04683013884315246	1.0	0.9980952380952381
44	1.075163263744778	0.04274473170760466	1.0	0.9971428571428571
45	1.0754544320313826	0.03776883977348473	1.0	0.9980952380952381
-1	-1	-1	-1	-1
0	1.401447057723999	60.48031982450884	0.28476190476190477	0.4580952380952381
1	1.248362421989441	43.257799648966625	0.4798809523809524	0.5038095238095238
2	1.1991066137949626	36.18932714571064	0.565595238095238	0.6066666666666667
3	1.175458014011383	32.29935766444913	0.6127380952380952	0.6333333333333333
4	1.1570098876953125	29.642991711431584	0.6428571428571429	0.6533333333333333
5	1.1428579489390056	27.086245014640316	0.6839285714285714	0.580952380952381
6	1.133901732308524	25.205726416845284	0.7091666666666666	0.6657142857142857
7	1.1275479793548584	22.15039776486589	0.7447619047619047	0.7466666666666667
8	1.1218043433295355	16.59689869173579	0.8517857142857143	0.9076190476190477
9	1.11815025806427	13.37594448205636	0.8944047619047619	0.9771428571428571
10	1.1152493303472346	10.841384372783704	0.9214285714285714	0.9142857142857143
11	1.1138311823209126	8.164296117572277	0.9596428571428571	0.9504761904761905
12	1.1111589761880727	6.141613371925209	0.978452380952381	0.9828571428571429
13	1.109682219369071	4.182265897667453	0.9953571428571428	0.9990476190476191
14	1.1077855587005616	3.9376670017895137	0.9803571428571428	0.8647619047619047
15	1.1070675402879715	2.615260974535924	0.9936904761904762	0.9838095238095238
16	1.104712402119356	1.4608014987448776	1.0	1.0
17	1.1037339634365506	1.0084666728746754	1.0	1.0
18	1.1036341190338135	0.7455737381153686	1.0	1.0
19	1.1032900094985962	0.5301762627784744	1.0	1.0
20	1.1024702049437023	0.40640836710485667	1.0	1.0
21	1.1020953546870838	0.30852752397042266	1.0	1.0
22	1.1007010107455046	0.24159871350563072	1.0	1.0
23	1.099402020374934	0.19318545445403218	1.0	1.0
24	1.098397741317749	0.15753894821942532	1.0	1.0
25	1.0978658199310303	0.12806479732006676	1.0	1.0
26	1.0975304179721408	0.10652167874144057	1.0	1.0
27	1.0972230860165186	0.09006030258400359	1.0	1.0
28	1.0969834656550967	0.07563272525800725	1.0	1.0
29	1.0970465262730917	0.06534880537100618	1.0	1.0
30	1.0965748679253362	0.05412359469120493	1.0	1.0
31	1.0961908176541328	0.046733199792273146	1.0	1.0
32	1.0960104393236565	0.040451994073708246	1.0	1.0
33	1.0959215304430794	0.0357108561980747	1.0	1.0
34	1.0953049319131034	0.030610709649443398	1.0	1.0
35	1.094634797837999	0.026848711951603908	1.0	1.0
36	1.093990132615373	0.02307444694363459	1.0	1.0
-1	-1	-1	-1	-1
0	1.3681061267852783	58.597353431208504	0.3157142857142857	0.46190476190476193
1	1.2144148349761963	43.31222610328587	0.4897619047619048	0.52
2	1.17144775390625	36.58168049366302	0.5616666666666666	0.5895238095238096
3	1.1441994309425354	33.03987788066211	0.6116666666666667	0.6685714285714286
4	1.1281157970428466	30.109363418114956	0.6403571428571428	0.6428571428571429
5	1.1202809413274128	28.34218350109492	0.6629761904761905	0.6676190476190477
6	1.113867657525199	26.837627374627292	0.6815476190476191	0.7133333333333334
7	1.1085844933986664	24.79025123509164	0.7076190476190476	0.699047619047619
8	1.1049727863735623	22.318032899283637	0.7390476190476191	0.7038095238095238
9	1.1034387826919556	17.96172965343461	0.8396428571428571	0.8323809523809523
10	1.1029249321330676	15.517015859654649	0.8788095238095238	0.9171428571428571
11	1.1011792818705242	13.183468954644729	0.9203571428571429	0.8771428571428571
12	1.1007580573742206	11.891711862368275	0.92	0.8695238095238095
13	1.1002246822629655	10.23141480398722	0.9466666666666667	0.9047619047619048
14	1.1002872467041016	8.955619092223309	0.9583333333333334	0.8752380952380953
15	1.0992402732372284	8.238640638358692	0.9592857142857143	0.8695238095238095
16	1.098932097939884	6.998396018612068	0.9751190476190477	0.9552380952380952
17	1.098384764459398	6.104536890530314	0.9803571428571428	0.9495238095238095
18	1.098452743731047	5.298929086656171	0.9872619047619048	0.9942857142857143
19	1.0979098320007323	4.594296759072366	0.9920238095238095	0.9914285714285714
20	1.0978821913401287	4.13464369202748	0.991547619047619	0.9942857142857143
21	1.0978053591468118	3.3751111900851756	0.9966666666666667	0.9923809523809524
22	1.0979374906291133	2.9708982422777908	0.9973809523809524	0.9923809523809524
23	1.0972112715244293	2.59249752918577	0.9971428571428571	0.9876190476190476
24	1.0971936511993408	2.4782664091414826	0.9947619047619047	0.9923809523809524
25	1.0966734335972712	1.8517536668269807	0.9997619047619047	0.9923809523809524
26	1.0966743893093533	1.5432890884776533	0.9996428571428572	0.9942857142857143
27	1.0966864739145552	1.3454271722655786	0.9998809523809524	0.9866666666666667
28	1.0965434518353692	1.121470157977746	1.0	0.9895238095238095
29	1.096684185663859	1.085526164040366	0.9996428571428572	0.9904761904761905
30	1.0965063187383837	0.8901749056101752	1.0	0.9923809523809524
31	1.0964635014533997	0.7394005493066157	0.9998809523809524	0.9933333333333333
32	1.0961951125751843	0.6412885049676714	1.0	0.9923809523809524
33	1.0960130060420317	0.5800113403751823	1.0	0.9876190476190476
34	1.0953993047986712	0.49848189972652684	1.0	0.9923809523809524
35	1.0949581066767375	0.404929683009028	1.0	0.9876190476190476
36	1.0948059107806232	0.3714696733217276	1.0	0.9904761904761905
37	1.0944954784292924	0.3196199562952999	1.0	0.9914285714285714
38	1.0946343189630754	0.2783913091674957	1.0	0.9904761904761905
-1	-1	-1	-1	-1
0	1.3971381187438965	59.51182865099309	0.308452380952381	0.40476190476190477
1	1.2530030012130737	42.950771563859945	0.5002380952380953	0.5447619047619048
2	1.196167786916097	36.51601702178839	0.5586904761904762	0.58
3	1.1695971488952637	32.98114296873259	0.6067857142857143	0.5380952380952381
4	1.1508121013641357	30.25246767399429	0.6452380952380953	0.6819047619047619
5	1.1393240292867024	27.90138049542677	0.6754761904761905	0.6980952380952381
6	1.1306649957384383	26.5692233314079	0.689047619047619	0.7066666666666667
7	1.1262518763542175	24.918415544604166	0.7048809523809524	0.76
8	1.1219880845811632	22.64174272442952	0.7302380952380952	0.7
9	1.1188717126846313	18.761770933753183	0.8195238095238095	0.9133333333333333
10	1.1146195801821621	15.290199306981192	0.8854761904761905	0.8514285714285714
11	1.1122453014055889	13.052666082128372	0.9198809523809524	0.8628571428571429
12	1.1098005221440241	11.697275941362852	0.920952380952381	0.9628571428571429
13	1.1085407733917236	9.895459234034607	0.9533333333333334	0.9495238095238095
14	1.1072025299072266	8.600100927026553	0.9576190476190476	0.9380952380952381
15	1.1061389297246933	7.310498088031667	0.9732142857142857	0.9704761904761905
16	1.105205073076136	6.7250571105870005	0.9638095238095238	0.9066666666666666
17	1.1043209897147284	5.284698310460428	0.9867857142857143	0.9914285714285714
18	1.1032037985952277	4.598716538215318	0.9867857142857143	0.9685714285714285
19	1.1024490356445313	3.753605235212203	0.9952380952380953	0.9961904761904762
20	1.101330768494379	3.1694347368900315	0.9947619047619047	0.96
21	1.100558183409951	2.4996029922717424	0.9979761904761905	0.9914285714285714
22	1.0999917362047278	2.058861841040419	0.9994047619047619	0.9971428571428571
23	1.0996980965137482	1.5806075894334017	0.9996428571428572	0.9952380952380953
24	1.0991114616394042	1.4522667853551219	0.9986904761904762	0.9885714285714285
25	1.0987107386955848	1.0939284985169713	0.9998809523809524	0.9980952380952381
26	1.097952957506533	0.8622386780188565	1.0	0.9980952380952381
27	1.0975712112018041	0.7031687390441677	1.0	0.9980952380952381
28	1.0969412409026047	0.606651426154851	0.9998809523809524	0.9980952380952381
29	1.0965410550435384	0.4641804175005213	1.0	0.9971428571428571
30	1.095824695402576	0.39866802628955916	1.0	0.9990476190476191
31	1.0951270759105682	0.33243073234086706	1.0	0.9952380952380953
32	1.0950053243926077	0.2809517312185846	1.0	0.9961904761904762
33	1.094514580333934	0.23145678245635995	1.0	0.9980952380952381
34	1.0943854536328996	0.18767377381485678	1.0	0.9980952380952381
35	1.0944303075472515	0.1702126028023292	1.0	0.9971428571428571
36	1.0940476623741355	0.15853832387312283	1.0	0.9980952380952381
37	1.093695973095141	0.12165303606214178	1.0	0.9980952380952381
38	1.0932071270086827	0.10586620467810576	1.0	0.9980952380952381
39	1.0929532527923584	0.09201834448560109	1.0	0.9971428571428571
40	1.0927260968743302	0.08004148647954029	1.0	0.9980952380952381
41	1.0924906673885526	0.069680418252605	1.0	0.9980952380952381
42	1.0919452545254729	0.06200933683762759	1.0	0.9980952380952381
43	1.0916517756202004	0.055078945048295046	1.0	0.9980952380952381
44	1.0914584318796794	0.0482013308559987	1.0	0.9980952380952381
45	1.0912628640299258	0.04302071347237767	1.0	0.9980952380952381
46	1.0909723119532808	0.0379672478565755	1.0	0.9980952380952381
47	1.090752790371577	0.033457922550916896	1.0	0.9980952380952381
48	1.0905864773964395	0.03084175611984254	1.0	0.9980952380952381
49	1.0904371595382691	0.02688226403718099	1.0	0.9980952380952381
50	1.0904479167040657	0.0240086530487517	1.0	0.9980952380952381
-1	-1	-1	-1	-1
0	1.3785088062286377	58.373433754924584	0.3264285714285714	0.44571428571428573
1	1.2309911251068115	42.12671200857416	0.49202380952380953	0.5342857142857143
2	1.1816129684448242	35.395613289604626	0.5851190476190476	0.5714285714285714
3	1.1583036184310913	32.40050097926035	0.6005952380952381	0.6257142857142857
4	1.1434091091156007	29.138209375591785	0.6557142857142857	0.6009523809523809
5	1.1345847447713215	27.311575846073744	0.674404761904762	0.6514285714285715
6	1.1265920911516463	25.190448862518195	0.7083333333333334	0.7219047619047619
7	1.1171256005764008	22.096394043911545	0.7494047619047619	0.6333333333333333
8	1.1127094162835016	16.847237953215043	0.846547619047619	0.7914285714285715
9	1.108516478538513	13.447169865945446	0.9054761904761904	0.820952380952381
10	1.104422005740079	11.20089107049282	0.9216666666666666	0.8238095238095238
11	1.1003809968630474	9.263819460633137	0.9383333333333334	0.8552380952380952
12	1.0979731633112981	7.313753104481861	0.964047619047619	0.9876190476190476
13	1.0958598681858607	5.523401298450427	0.9827380952380952	0.9904761904761905
14	1.0936164220174154	4.730692113760306	0.9797619047619047	0.9980952380952381
15	1.0918864607810974	3.2561633446370695	0.9948809523809524	0.9942857142857143
16	1.0922932905309342	2.3520085829745683	0.9977380952380952	0.9971428571428571
17	1.0912559694714017	1.602931178341347	0.9998809523809524	0.9990476190476191
18	1.091270647550884	1.1796172751899907	1.0	0.9980952380952381
19	1.0909038186073303	0.8502473619274313	1.0	0.9980952380952381
20	1.0895546277364094	0.6776139120298647	1.0	0.9990476190476191
21	1.0877490043640137	0.4984973500210069	1.0	0.9990476190476191
22	1.0862985797550366	0.3765186051565431	1.0	0.9990476190476191
23	1.085681249698003	0.3130583037894942	1.0	0.9980952380952381
24	1.08524977684021	2.0309671934679887	0.9804761904761905	0.9980952380952381
25	1.0850796516125019	0.33678368479013443	1.0	1.0
26	1.0845669552131936	0.23914738070262248	1.0	1.0
27	1.0849391903196062	0.20015784188708424	1.0	1.0
28	1.0850227947892814	0.17332613315192466	1.0	1.0
29	1.0853492736816406	0.15290398510463338	1.0	0.9990476190476191
30	1.0854233157250188	0.13563317309767575	1.0	0.9990476190476191
31	1.0857537314295769	0.12059278885334616	1.0	0.9990476190476191
32	1.0855695406595867	0.10846701703484067	1.0	0.9990476190476191
33	1.0853299393373377	0.09688438653605973	1.0	0.9990476190476191
34	1.085086911065238	0.08638540649708686	1.0	0.9990476190476191
35	1.0845788319905598	0.07731288505767688	1.0	0.9990476190476191
36	1.0843938814627159	0.069720775540564	1.0	0.9990476190476191
37	1.0842873234497874	0.062387255710963964	1.0	0.9990476190476191
38	1.0843164309477196	0.05592680816669655	1.0	0.9990476190476191
39	1.0841405391693115	0.05049963519260457	1.0	0.9990476190476191
40	1.0841121499131365	0.04512605025032854	1.0	0.9990476190476191
41	1.0839444001515706	0.04034047437116447	1.0	0.9990476190476191
42	1.0835658062336058	0.03639381408634748	1.0	0.9990476190476191
43	1.0833509889515964	0.03268084544051056	1.0	0.9990476190476191
44	1.083224852879842	0.029265143607562487	1.0	0.9990476190476191
45	1.0833154864933179	0.026653762786390662	1.0	0.9990476190476191
-1	-1	-1	-1	-1
0	1.381295919418335	57.063238361489184	0.3314285714285714	0.38952380952380955
1	1.2329376935958862	41.91337003091442	0.5076190476190476	0.5628571428571428
2	1.1837945779164631	35.85558383637055	0.5675	0.6161904761904762
3	1.1566842198371887	32.18602091640574	0.6201190476190476	0.6695238095238095
4	1.1431479930877686	29.646907501800886	0.6469047619047619	0.7304761904761905
5	1.1338177124659221	27.322608179012633	0.6788095238095239	0.7114285714285714
6	1.1273304053715296	25.067401175263264	0.7096428571428571	0.700952380952381
7	1.1215115189552307	21.205254152247207	0.7770238095238096	0.7666666666666667
8	1.1173306306203206	17.140394504532615	0.8647619047619047	0.8609523809523809
9	1.113776183128357	15.122183268514423	0.8776190476190476	0.9533333333333334
10	1.109397367997603	13.347130987580739	0.8945238095238095	0.8590476190476191
11	1.106792946656545	11.19114569022175	0.9328571428571428	0.9419047619047619
12	1.1061823551471417	9.642684875785624	0.9414285714285714	0.8228571428571428
13	1.1042381354740687	8.18487277139729	0.9613095238095238	0.9838095238095238
14	1.1019334634145102	6.724027352641291	0.9788095238095238	0.9942857142857143
15	1.1007643640041351	6.101257469264273	0.9775	0.9580952380952381
16	1.100353801951689	4.9452925721048855	0.9863095238095239	0.9742857142857143
17	1.0993216964933608	3.789378471247597	0.9958333333333333	0.9847619047619047
18	1.0988484809273167	2.985312589674395	0.9986904761904762	0.9904761904761905
19	1.0984129190444947	2.3530084631288912	0.9996428571428572	0.9980952380952381
20	1.0979745842161632	3.2908138777819875	0.9745238095238096	0.9638095238095238
21	1.0976732860911975	1.9649494063718238	0.996547619047619	0.9990476190476191
22	1.0970277475274128	1.2490406086236352	1.0	0.9990476190476191
23	1.0962913235028584	1.0528559858128146	1.0	0.9990476190476191
24	1.0955944919586182	0.8403620576563897	1.0	0.9990476190476191
25	1.0950444019757783	0.6648848948596549	1.0	0.9990476190476191
26	1.0943709744347467	0.5621805433538023	1.0	0.9990476190476191
27	1.0941334537097387	0.458668226354929	1.0	0.9990476190476191
28	1.0936658217989166	0.39033384119716436	1.0	0.9990476190476191
29	1.0932554721832275	0.3222637324392116	1.0	0.9990476190476191
30	1.0929386385025517	0.26393260277042824	1.0	0.9990476190476191
31	1.092557929456234	0.22370051354623113	1.0	0.9990476190476191
32	1.0919217991106438	0.187214703812572	1.0	0.9990476190476191
33	1.091562790029189	0.16491107564745294	1.0	0.9990476190476191
34	1.0911211218152728	0.1342600407680858	1.0	0.9990476190476191
35	1.0907749202516344	0.11631425967291281	1.0	0.9990476190476191
36	1.0905718416781038	0.09841604476985823	1.0	0.9990476190476191
37	1.0901227122858952	0.08792374362397103	1.0	0.9990476190476191
38	1.0897276218120868	0.07680722146149824	1.0	0.9990476190476191
39	1.0895959854125976	0.06512449536571711	1.0	0.9990476190476191
40	1.0894955367576786	0.06072664517951782	1.0	0.9990476190476191
41	1.089482931863694	0.04828685434258936	1.0	0.9990476190476191
-1	-1	-1	-1	-1
0	1.3732478618621826	58.53112696513477	0.32321428571428573	0.42952380952380953
1	1.2260552644729614	43.13521292363736	0.4922619047619048	0.4838095238095238
2	1.1767126719156902	36.03163567604674	0.5810714285714286	0.5704761904761905
3	1.1529061198234558	32.02265811238452	0.6247619047619047	0.6504761904761904
4	1.1388633728027344	29.5348103381835	0.6489285714285714	0.7238095238095238
5	1.1286121209462483	27.611497320603057	0.6779761904761905	0.6152380952380953
6	1.12287517956325	25.66774228317203	0.7078571428571429	0.5723809523809524
7	1.1163389980793	22.750890198769223	0.7397619047619047	0.7771428571428571
8	1.1129833062489827	18.46451157036843	0.8323809523809523	0.8752380952380953
9	1.1098233461380005	15.82695213288862	0.8814285714285715	0.8228571428571428
10	1.1071939034895464	13.899669322677438	0.8990476190476191	0.8266666666666667
11	1.1047187248865764	12.393860784320324	0.9116666666666666	0.940952380952381
12	1.1023095754476695	10.469029676778234	0.9520238095238095	0.9523809523809523
13	1.100699850491115	9.248472755852761	0.9571428571428572	0.9780952380952381
14	1.0986719449361166	8.110422461658377	0.9654761904761905	0.98
15	1.0971200466156006	7.13336657843209	0.9713095238095238	0.9695238095238096
16	1.0958025174982406	6.018018062123781	0.985	0.9666666666666667
17	1.0946618451012506	5.183809917689277	0.9902380952380953	0.9380952380952381
18	1.0937746700487638	4.609247272005552	0.9892857142857143	0.9914285714285714
19	1.0929177165031434	3.9913149147432567	0.9927380952380952	0.9828571428571429
20	1.092358634585426	3.4398298408595327	0.9972619047619048	0.9333333333333333
21	1.0917802398855037	3.0041082136531294	0.9960714285714286	0.9942857142857143
22	1.0911581827246624	2.5775942643785656	0.9980952380952381	0.9866666666666667
23	1.0901087721188862	2.1005361889251737	0.9997619047619047	0.9895238095238095
24	1.0895392513275146	1.76411389715318	0.9996428571428572	0.9838095238095238
25	1.0887938462770903	1.7904589955797667	0.9966666666666667	0.9923809523809524
26	1.0881048220175285	1.2295451831115063	1.0	0.9895238095238095
27	1.0876561318125044	1.0470327052779977	1.0	0.9933333333333333
28	1.0868097584823082	0.8981710721104771	1.0	0.9914285714285714
29	1.086662220954895	0.7576071916877544	1.0	0.9857142857142858
30	1.0862505435943604	0.6744694099566783	1.0	0.9952380952380953
31	1.0861853137612343	0.5671763153810465	1.0	0.9961904761904762
32	1.0860559217857593	0.4886980444872787	1.0	0.9933333333333333
33	1.0859261751174927	0.4210031818131077	1.0	0.9952380952380953
34	1.0858507428850446	0.3615964075458367	1.0	0.9952380952380953
35	1.0859698255856831	0.31885748115782503	1.0	0.9933333333333333
36	1.0858699695484058	0.26569169890064703	1.0	0.9942857142857143
37	1.0860186125102795	0.23721771515877527	1.0	0.9952380952380953
38	1.0860352760706193	0.21186581897078358	1.0	0.9942857142857143
39	1.0865177750587462	0.1819032289569369	1.0	0.9914285714285714
40	1.086226777332585	0.17367041038752962	1.0	0.9933333333333333
41	1.0864772001902263	0.13811022546071516	1.0	0.9914285714285714
42	1.0863724919252618	0.12066194107720607	1.0	0.9923809523809524
43	1.0865565159104087	0.10459850843245086	1.0	0.9914285714285714
44	1.0867983500162761	0.09784154066313129	1.0	0.9933333333333333
45	1.086997389793396	0.08789857947922705	1.0	0.9961904761904762
46	1.0871286442939272	0.07550337675873885	1.0	0.9923809523809524
47	1.0873149087031682	0.0689686743450482	1.0	0.9923809523809524
48	1.087338841691309	0.06029596696731709	1.0	0.9923809523809524
49	1.0876295423507691	0.056260235260591304	1.0	0.9895238095238095
50	1.0879800226174148	0.04952841376737043	1.0	0.9895238095238095
51	1.0881242293577928	0.04557177296595315	1.0	0.9923809523809524
-1	-1	-1	-1	-1
0	1.3945789337158203	60.28124393709712	0.29928571428571427	0.40095238095238095
1	1.2419593334197998	40.3478952016214	0.5167857142857143	0.5114285714285715
2	1.1906771659851074	33.102255803097336	0.6002380952380952	0.5666666666666667
3	1.1672343015670776	28.937949485198626	0.6409523809523809	0.6171428571428571
4	1.1518718719482421	26.235213957811943	0.6829761904761905	0.5685714285714286
5	1.1417847871780396	24.309200700244975	0.7026190476190476	0.6552380952380953
6	1.1342832360948836	22.536022893376224	0.726547619047619	0.5342857142857143
7	1.1289830803871155	19.16712075222581	0.780952380952381	0.8228571428571428
8	1.1244969367980957	12.447049278723423	0.9147619047619048	0.9657142857142857
9	1.1220726013183593	9.387047589958394	0.9470238095238095	0.8580952380952381
10	1.1168600862676448	7.421845219434441	0.9571428571428572	0.7742857142857142
11	1.1120400627454121	5.718355518783453	0.9761904761904762	0.9828571428571429
12	1.109310773702768	4.1260670949297715	0.9876190476190476	0.9847619047619047
13	1.1059586490903581	2.657782575930026	0.9980952380952381	0.9942857142857143
14	1.1028024037679036	2.1206321292503705	0.9982142857142857	0.9980952380952381
15	1.1010524779558182	1.17065202294647	1.0	1.0
16	1.098390214583453	3.7790942339389497	0.9676190476190476	0.9980952380952381
17	1.0977919499079387	0.8731136604746939	1.0	1.0
18	1.0956926847759045	0.5827550144703216	1.0	1.0
19	1.0944878816604615	0.4504441532798593	1.0	1.0
20	1.0936029865628196	0.3576944280033329	1.0	1.0
21	1.0924003232609143	0.29341444599764427	1.0	1.0
22	1.0916394876397175	0.23843554659488084	1.0	1.0
23	1.0910933911800385	0.20089291333585638	1.0	1.0
24	1.0900640773773194	0.16379166115429464	1.0	1.0
25	1.0892133712768555	0.13775641210518863	1.0	1.0
26	1.0890337449532967	0.11819843205662281	1.0	1.0
27	1.0889552065304346	0.09953992575860296	1.0	1.0
28	1.089173382726209	0.08505538015311208	1.0	1.0
29	1.0895305554072061	0.07253382633309174	1.0	1.0
30	1.0898278144098097	0.06289245011886943	1.0	1.0
31	1.0897346064448357	0.05545628832178651	1.0	1.0
32	1.0897947874936191	0.04799221779003796	1.0	1.0
33	1.0897269459331738	0.041845786402943924	1.0	1.0
34	1.0898327623094832	0.03656586230566067	1.0	1.0
35	1.0895636942651536	0.03202132830757492	1.0	1.0
-1	-1	-1	-1	-1
0	1.384695053100586	58.10252115663013	0.33214285714285713	0.5028571428571429
1	1.2341382503509521	42.935508684513685	0.49154761904761907	0.5628571428571428
2	1.1825273831685383	36.06636440074036	0.5686904761904762	0.5828571428571429
3	1.1595067381858826	32.47571011097259	0.6083333333333333	0.6123809523809524
4	1.1415268421173095	29.709141901690696	0.6457142857142857	0.6780952380952381
5	1.1281941334406536	27.359947683240073	0.6780952380952381	0.6895238095238095
6	1.1179333414350237	24.957860939402998	0.7097619047619048	0.7114285714285714
7	1.112798660993576	21.084776000831518	0.7894047619047619	0.8419047619047619
8	1.107397688759698	17.557683362706985	0.8555952380952381	0.840952380952381
9	1.1054932117462157	15.261814993143988	0.8721428571428571	0.8514285714285714
10	1.103909189050848	13.576745675090601	0.8989285714285714	0.96
11	1.1023744940757751	11.5871742796082	0.9263095238095238	0.9704761904761905
12	1.101818323135376	9.878464885537616	0.9497619047619048	0.9076190476190477
13	1.1004893950053625	8.519811323840356	0.9616666666666667	0.8761904761904762
14	1.1004053751627605	7.659187101139315	0.9644047619047619	0.9866666666666667
15	1.0991832166910172	6.14993102378265	0.9855952380952381	0.9847619047619047
16	1.0989170635447782	5.052134797147018	0.9916666666666667	0.9838095238095238
17	1.1008309125900269	4.655129935804882	0.9872619047619048	0.9838095238095238
18	1.1006092272306744	3.7351566430733683	0.9920238095238095	0.9971428571428571
19	1.1024652957916259	3.2914840959777396	0.9914285714285714	0.9923809523809524
20	1.1060479709080286	2.3558149020481474	0.9994047619047619	0.9885714285714285
21	1.10691698030992	1.9751422108352865	0.9992857142857143	0.9857142857142858
22	1.1096067843229875	1.5112577944200756	0.9998809523809524	0.9952380952380953
23	1.1169763505458832	1.2672496440292764	0.9998809523809524	0.9961904761904762
24	1.117553195953369	1.1404754453738832	0.9994047619047619	0.9923809523809524
25	1.1166639878199651	1.0258989102940141	0.9995238095238095	0.9980952380952381
26	1.1276263219338876	0.6810182536962821	0.9998809523809524	0.9914285714285714
27	1.156721021447863	0.6394708537330193	0.9997619047619047	0.9961904761904762
28	1.1701816525952569	0.4263161272660408	1.0	0.9961904761904762
29	1.1702417612075806	0.3511464134311948	1.0	0.9961904761904762
30	1.167582227337745	0.30145333289476856	1.0	0.9961904761904762
31	1.1659726724028587	0.24924049653934435	1.0	0.9971428571428571
32	1.162709358966712	0.21895229578471456	1.0	0.9961904761904762
33	1.1595550424912398	0.17883934712341984	1.0	0.9961904761904762
34	1.1565575190952846	1.2007057265637038	0.9890476190476191	0.9561904761904761
35	1.1542074879010518	0.5012781630224148	0.9975	0.9990476190476191
36	1.1519857612816062	0.19077435016858713	1.0	0.9990476190476191
37	1.1499391480496055	0.163763525793081	1.0	0.9990476190476191
38	1.148008908980932	0.14696266748606027	1.0	0.9990476190476191
39	1.1463315427303313	0.13268331667769545	1.0	0.9990476190476191
40	1.1445829054204428	0.1214330695824478	1.0	0.9980952380952381
41	1.1431044453666324	0.11128318540666947	1.0	0.9980952380952381
42	1.1417037941688715	0.1027535576614137	1.0	0.9980952380952381
43	1.1402559605511753	0.09456874928065352	1.0	0.9990476190476191
44	1.138756889767117	0.0883430840143006	1.0	0.9980952380952381
45	1.1374039701793506	0.08110011915743577	1.0	0.9990476190476191
46	1.1362469906502581	0.07470112797510262	1.0	0.9971428571428571
47	1.1349381407101948	0.06958917245807077	1.0	0.9971428571428571
48	1.1337711178526586	0.06422594915579707	1.0	0.9980952380952381
49	1.1327174472808839	0.059487709166489176	1.0	0.9990476190476191
50	1.1314849526274438	0.054871769827355	1.0	0.9971428571428571
51	1.1304496068220873	0.0506796789330788	1.0	0.9971428571428571
52	1.1294625210312177	0.046677861341448794	1.0	0.9942857142857143
53	1.1289052212679829	0.04332265434184682	1.0	0.9980952380952381
54	1.1282121441581032	0.03992702365771446	1.0	0.9952380952380953
55	1.1272793327059065	0.0368302117381599	1.0	0.9971428571428571
-1	-1	-1	-1	-1
0	1.3848347663879395	57.9214764366585	0.32035714285714284	0.48
1	1.2286945581436157	42.25228691826302	0.4951190476190476	0.5095238095238095
2	1.17890461285909	35.662049333405584	0.5784523809523809	0.5923809523809523
3	1.1505627632141113	31.992431966977428	0.6221428571428571	0.6504761904761904
4	1.1368744373321533	29.24781718090913	0.6578571428571428	0.62
5	1.1274837652842205	27.10132745010318	0.6785714285714286	0.6295238095238095
6	1.1204777445111955	25.222037703365427	0.7058333333333333	0.7485714285714286
7	1.114704668521881	23.121242160579552	0.7313095238095239	0.7380952380952381
8	1.1091116004519992	19.10362494943713	0.8129761904761905	0.7590476190476191
9	1.105532431602478	15.542062599849338	0.8821428571428571	0.9285714285714286
10	1.1035049828616055	13.563743052827087	0.900952380952381	0.9028571428571428
11	1.1016389727592468	11.488221431413077	0.9334523809523809	0.9114285714285715
12	1.0989573918856108	10.05073816785341	0.9420238095238095	0.8523809523809524
13	1.097321970122201	8.671599291123364	0.9578571428571429	0.979047619047619
14	1.096327002843221	7.1078790303872115	0.9747619047619047	0.9571428571428572
15	1.0946926325559616	5.841356464665199	0.9880952380952381	0.9533333333333334
16	1.0938759270836325	5.056688301463544	0.9857142857142858	0.9923809523809524
17	1.0930770635604858	4.113184246273549	0.9927380952380952	0.9923809523809524
18	1.092084156839471	3.364820754800006	0.9960714285714286	0.9971428571428571
19	1.0913189888000487	2.722649584704932	0.9977380952380952	0.9961904761904762
20	1.0901705083392916	2.1160044409476306	0.9983333333333333	0.9990476190476191
21	1.0889433405616067	1.6135115609876103	0.9996428571428572	0.9761904761904762
22	1.0875440887782886	1.3516701156195579	0.9992857142857143	1.0
23	1.0864533881346385	1.0330996029503898	1.0	0.9923809523809524
24	1.084978380203247	0.7940716450545271	1.0	0.9990476190476191
25	1.084242270543025	0.6291444518040341	1.0	1.0
26	1.083155914589211	0.4845482059418022	1.0	1.0
27	1.0823286771774292	0.450066723524391	1.0	1.0
28	1.0812650631214011	0.33438608254316643	1.0	1.0
29	1.08065714041392	0.28311850677311645	1.0	0.9980952380952381
30	1.0798392065109745	0.2608415007647906	1.0	1.0
31	1.0792458280920982	0.19269289484268812	1.0	1.0
32	1.0791010928876472	0.1671096623907071	1.0	1.0
33	1.0789272715063656	0.1377404948321132	1.0	1.0
34	1.0787570340292794	0.11519873380207743	1.0	1.0
35	1.0788617531458538	0.09718344789777418	1.0	1.0
36	1.0787680793452907	0.08416285259585417	1.0	1.0
37	1.0787472787656283	0.07347311580220783	1.0	1.0
38	1.0790080290574293	0.0635572561406364	1.0	1.0
39	1.0792121708393096	0.05955758902594844	1.0	1.0
40	1.0789118917976939	0.04939500765145505	1.0	1.0
41	1.0789656752631778	0.043533221942446985	1.0	1.0
42	1.0788529584574145	0.03959213363665365	1.0	1.0
-1	-1	-1	-1	-1
0	1.3652396202087402	59.12978183905888	0.30904761904761907	0.3647619047619048
1	1.2229328155517578	43.32648538364657	0.4951190476190476	0.4866666666666667
2	1.1964153448740642	36.634677306780794	0.5717857142857142	0.5038095238095238
3	1.1672828793525696	32.71698102479652	0.6171428571428571	0.6057142857142858
4	1.1476993560791016	30.1803528455727	0.6461904761904762	0.6971428571428572
5	1.13689128557841	28.528143491128553	0.6561904761904762	0.6571428571428571
6	1.1276168142046248	25.94565590978122	0.7044047619047619	0.6885714285714286
7	1.1223050653934479	25.229539544863393	0.6948809523809524	0.6723809523809524
8	1.1170298258463542	23.494880694400223	0.7196428571428571	0.7285714285714285
9	1.113976001739502	20.645952226544516	0.7641666666666667	0.7428571428571429
10	1.1118126999248157	16.669878107513313	0.8514285714285714	0.9066666666666666
11	1.1094091335932414	13.671053429520175	0.9048809523809523	0.8828571428571429
12	1.1079976375286396	11.688342571258545	0.9372619047619047	0.8380952380952381
13	1.1061152219772339	10.39703556611964	0.9422619047619047	0.9809523809523809
14	1.1046058177947997	9.262524605703899	0.9575	0.9876190476190476
15	1.1044019311666489	7.909822435886688	0.9683333333333334	0.9847619047619047
16	1.1033820264479692	6.785144204875816	0.9830952380952381	0.9133333333333333
17	1.101767275068495	5.850277921546095	0.9864285714285714	0.9438095238095238
18	1.1004559617293508	4.96572367592003	0.9905952380952381	0.9685714285714285
19	1.0991841673851013	4.172300793825447	0.9946428571428572	0.9838095238095238
20	1.0983196667262487	3.955135334127303	0.9897619047619047	0.9885714285714285
21	1.0974273464896462	2.9765886843431133	0.9989285714285714	0.9133333333333333
22	1.0963367171909497	2.762585169915464	0.9964285714285714	0.9923809523809524
23	1.0953524510065715	2.142901443256625	0.9997619047619047	0.9961904761904762
24	1.0947383213043214	1.8477363142223866	0.9995238095238095	0.9914285714285714
25	1.094772430566641	1.4944571469673187	1.0	0.9942857142857143
26	1.0936949694598164	1.25128037236036	1.0	0.9923809523809524
27	1.092917229448046	0.9932957166954591	1.0	0.9942857142857143
28	1.092378961628881	0.8090138324313291	1.0	0.9904761904761905
29	1.0914336363474528	0.7680051440635108	0.9998809523809524	0.9942857142857143
30	1.090668224519299	0.6533754896301733	1.0	0.9895238095238095
31	1.0901810377836227	0.5231958823172311	1.0	0.9952380952380953
32	1.0904383803858901	0.42820976748212664	1.0	0.9942857142857143
33	1.0902627005296595	0.3642731945777574	1.0	0.9952380952380953
34	1.0904364040919712	0.39150408879205756	1.0	0.9571428571428572
35	1.089992430475023	0.5127850091616011	0.9989285714285714	0.9971428571428571
36	1.0897818256068874	0.282496727719733	1.0	0.9990476190476191
37	1.0896347635670711	0.2195619736504192	1.0	0.9961904761904762
38	1.08956511815389	0.1858065271955479	1.0	0.9971428571428571
39	1.0891809344291687	0.16321119939476364	1.0	0.9961904761904762
40	1.0895078647427443	0.14516330531624785	1.0	0.9952380952380953
41	1.0893704493840535	0.12933334002816632	1.0	0.9961904761904762
42	1.089486038962076	0.11485429928273302	1.0	0.9952380952380953
43	1.0891750129786404	0.10447806881974406	1.0	0.9971428571428571
44	1.0891417768266467	0.09385723108602793	1.0	0.9961904761904762
45	1.0883298749509065	0.08375654858979661	1.0	0.9942857142857143
46	1.0875162824671318	0.07645854389316228	1.0	0.9961904761904762
47	1.0865696171919506	0.06800646388712038	1.0	0.9952380952380953
48	1.0857010082322724	0.06028919560062795	1.0	0.9961904761904762
49	1.0852689170837402	0.05314260905523547	1.0	0.9923809523809524
50	1.0848870604645973	0.04921776027960469	1.0	0.9914285714285714
51	1.085079128925617	0.04444999392976552	1.0	0.9942857142857143
52	1.0850210594681073	0.039869049128442434	1.0	0.9961904761904762
53	1.0851873645076044	0.036515832067725774	1.0	0.9942857142857143
54	1.0852064045992764	0.03254459972206517	1.0	0.9952380952380953
55	1.0853220777852195	0.02934651784846708	1.0	0.9914285714285714
56	1.0850794859099806	0.027193344654975735	1.0	0.9961904761904762
-1	-1	-1	-1	-1
0	1.4236016273498535	60.34233956282583	0.2960714285714286	0.4123809523809524
1	1.2577952146530151	43.641180767305904	0.48857142857142855	0.5066666666666667
2	1.2010161876678467	36.45247231690149	0.5695238095238095	0.5676190476190476
3	1.1696633696556091	32.727084460820535	0.6128571428571429	0.6038095238095238
4	1.1527557373046875	30.198542279435653	0.6394047619047619	0.6
5	1.1398505369822185	28.01350871329072	0.6676190476190477	0.6657142857142857
6	1.1310625757489885	26.051708471639074	0.6920238095238095	0.6914285714285714
7	1.1262571513652802	24.228799218007367	0.7125	0.7504761904761905
8	1.1221210691663954	22.25710376768511	0.7398809523809524	0.6838095238095238
9	1.1191394567489623	17.74306731169668	0.8332142857142857	0.8228571428571428
10	1.1161143563010476	14.234233011310998	0.8890476190476191	0.9542857142857143
11	1.1143441994984944	11.73004862201531	0.9235714285714286	0.9171428571428571
12	1.1124055018791785	9.9586274732655	0.9377380952380953	0.8933333333333333
13	1.1106969969613212	8.447600984754672	0.9523809523809523	0.9914285714285714
14	1.109080934524536	6.800140495082725	0.9701190476190477	0.9980952380952381
15	1.108179047703743	5.636886158370246	0.9803571428571428	0.9742857142857143
16	1.105972780900843	4.412445463608426	0.9905952380952381	0.9638095238095238
17	1.1051334142684937	3.388258349759497	0.9973809523809524	0.9961904761904762
18	1.1041353752738552	2.7093160302013497	0.9978571428571429	0.9961904761904762
19	1.1030160188674927	2.090764455242302	0.9992857142857143	0.9171428571428571
20	1.1021143822442918	1.9677212902348304	0.9961904761904762	0.9885714285714285
21	1.101386308670044	1.3016121818085586	0.9998809523809524	1.0
22	1.1005129088526187	1.0032224902182025	1.0	0.9971428571428571
23	1.099881072839101	0.7824086997898813	1.0	1.0
24	1.0996916198730469	0.609888112137073	1.0	0.9990476190476191
25	1.0988924319927509	0.49605817741540903	1.0	1.0
26	1.0986442654221147	0.4930496937081841	0.9998809523809524	1.0
27	1.098651443208967	0.33194092040732787	1.0	1.0
28	1.098169104806308	0.27612234765359206	1.0	1.0
29	1.0980053265889487	0.23601037476339268	1.0	1.0
30	1.0975124759058799	0.20520649890029385	1.0	1.0
31	1.0973413810133934	0.16812718855110864	1.0	1.0
32	1.0971789504542495	0.14500113148879643	1.0	1.0
33	1.0972093203488518	0.12046411385610983	1.0	1.0
34	1.096817547934396	0.1041950203280032	1.0	0.9990476190476191
35	1.0963576237360637	0.09879913498353596	1.0	0.9990476190476191
36	1.0960302546217635	0.07787471647045005	1.0	1.0
37	1.095603202518664	0.06898599636418738	1.0	1.0
38	1.0950920520684657	0.06076375644356579	1.0	1.0
39	1.0945504546165465	0.05262047952543873	1.0	1.0
40	1.0940701205555985	0.047706293947853064	1.0	1.0
41	1.093880256017049	0.04081463123257396	1.0	1.0
-1	-1	-1	-1	-1
0	1.3833415508270264	58.32378585438311	0.3223809523809524	0.47714285714285715
1	1.2330191135406494	42.60562954746725	0.4938095238095238	0.5047619047619047
2	1.1817220052083333	36.365062680987805	0.5723809523809524	0.6209523809523809
3	1.1564662456512451	32.54421493037119	0.6103571428571428	0.6295238095238095
4	1.1416348457336425	29.75491428737858	0.6483333333333333	0.6095238095238096
5	1.1305479208628337	27.62160379170465	0.679404761904762	0.6552380952380953
6	1.1233006886073522	25.545640267346748	0.6983333333333334	0.659047619047619
7	1.117479145526886	23.281688730073064	0.7326190476190476	0.7266666666666667
8	1.1139294571346707	19.448673204777357	0.7972619047619047	0.8733333333333333
9	1.1112414121627807	15.70949691330072	0.893095238095238	0.9161904761904762
10	1.1088487018238415	13.705743022744647	0.9016666666666666	0.9314285714285714
11	1.1060810287793477	11.784424972171566	0.9354761904761905	0.9171428571428571
12	1.1048446618593657	10.307376150849201	0.9434523809523809	0.9180952380952381
13	1.103112816810608	8.845350571911597	0.9617857142857142	0.9933333333333333
14	1.1019179979960123	7.783606201070343	0.9645238095238096	0.9180952380952381
15	1.1004355549812317	6.568416499366325	0.98	0.9780952380952381
16	1.0992937368505142	5.482230622505507	0.9886904761904762	0.9980952380952381
17	1.0985107289420233	4.703106937299663	0.9889285714285714	0.9809523809523809
18	1.0979889192079242	4.231270124703759	0.986904761904762	0.9980952380952381
19	1.0974018692970275	3.169871513381204	0.998452380952381	0.9980952380952381
20	1.0967677547818138	2.600896993744056	0.9996428571428572	0.9933333333333333
21	1.095727096904408	2.20447248424414	0.9994047619047619	0.9990476190476191
22	1.0949228328207266	1.966806825576173	0.9967857142857143	0.9923809523809524
23	1.09443532427152	1.4746966419791088	0.9998809523809524	0.9990476190476191
24	1.0938414096832276	1.207493042084654	1.0	0.9990476190476191
25	1.0933305758696337	0.9421656739122514	1.0	0.9952380952380953
26	1.092673036787245	0.7615146861613477	1.0	0.9971428571428571
27	1.0924595764705114	0.6111108896396913	1.0	0.9971428571428571
28	1.0922696672636887	1.1173230518406334	0.9929761904761905	0.7276190476190476
29	1.0919266621271768	1.0439020080258186	0.9939285714285714	0.9980952380952381
30	1.091974135368101	0.4168846302386019	1.0	0.9980952380952381
31	1.0914947539567947	0.3614877823017849	1.0	0.9990476190476191
32	1.0913460471413352	0.31218502594037656	1.0	0.9971428571428571
33	1.0912111787235035	0.27728001546723763	1.0	0.9980952380952381
34	1.0908934388841902	0.23968557339204127	1.0	0.9971428571428571
35	1.0906199680434332	0.21996158746712108	1.0	0.9980952380952381
36	1.0904200528119061	0.18985827272835792	1.0	0.9980952380952381
37	1.0904584683870013	0.16694489297078136	1.0	0.9971428571428571
38	1.0899703380389092	0.14936488953210103	1.0	0.9980952380952381
39	1.0898105263710023	0.13027351783029026	1.0	0.9971428571428571
40	1.0899086812647378	0.115817995097474	1.0	0.9980952380952381
41	1.0897505283355713	0.1042519884162756	1.0	0.9980952380952381
-1	-1	-1	-1	-1
0	1.376802682876587	57.5851273192199	0.3277380952380952	0.41619047619047617
1	1.2265448570251465	42.4144489810494	0.49333333333333335	0.5304761904761904
2	1.175828218460083	36.005089451604924	0.5760714285714286	0.5295238095238095
3	1.1496570706367493	32.51699894372048	0.6151190476190476	0.6123809523809524
4	1.1360473155975341	29.98264069792889	0.6492857142857142	0.6438095238095238
5	1.1256692012151082	27.709809426572388	0.6782142857142858	0.6638095238095238
6	1.1194467885153634	26.460773906780286	0.6863095238095238	0.6314285714285715
7	1.1147478222846985	24.946041205083464	0.6898809523809524	0.7504761904761905
8	1.1116445064544678	22.415314308137496	0.7375	0.7695238095238095
9	1.1086610794067382	17.16051963617593	0.8658333333333333	0.8361904761904762
10	1.1064695661718196	14.867423884315636	0.8810714285714286	0.9514285714285714
11	1.1045025984446208	12.894546954804047	0.9223809523809524	0.9533333333333334
12	1.1016003168546236	11.55249036672904	0.9232142857142858	0.9028571428571428
13	1.0990413086754935	10.406285177165564	0.9326190476190476	0.9266666666666666
14	1.0969249248504638	8.658471633272933	0.9711904761904762	0.861904761904762
15	1.095635548233986	7.877761965922076	0.9704761904761905	0.9876190476190476
16	1.0942951230441822	6.835700510119304	0.9791666666666666	0.940952380952381
17	1.0932471752166748	5.896775157732655	0.9873809523809524	0.9923809523809524
18	1.092167578245464	5.334320799932733	0.9852380952380952	0.9438095238095238
19	1.091639757156372	4.45313096499715	0.9945238095238095	1.0
20	1.0907264891124906	3.740679101345657	0.9983333333333333	0.9961904761904762
21	1.0899360179901123	3.40515219122738	0.9972619047619048	0.9914285714285714
22	1.0895433840544329	2.8485111877492173	0.9991666666666666	0.9980952380952381
23	1.0887186328570049	2.4021045171262645	0.9995238095238095	0.9971428571428571
24	1.0882801628112793	2.4912712850498155	0.9936904761904762	0.9971428571428571
25	1.0876881434367254	1.8320733590950984	1.0	0.9380952380952381
26	1.0874155009234394	1.5786355260207172	0.9995238095238095	1.0
27	1.0869611671992712	1.4188475230347521	0.9998809523809524	0.9961904761904762
28	1.0864359674782589	1.1381165311590347	1.0	0.9971428571428571
29	1.0859832445780435	0.9955431609325989	1.0	0.9942857142857143
30	1.0855346187468498	0.8582685375621564	1.0	0.9961904761904762
31	1.0854825675487518	0.748670420265923	1.0	0.9876190476190476
32	1.0849444432692095	0.6418044855499448	1.0	0.9942857142857143
33	1.0842064198325663	0.6080335877240838	1.0	0.9933333333333333
34	1.0840681893484934	0.5565341322650927	1.0	0.9885714285714285
35	1.083982480896844	0.43299631479801787	1.0	0.9923809523809524
36	1.0837114566081278	0.3700879381636703	1.0	0.9933333333333333
37	1.0833718086543835	0.35863038296935223	1.0	0.9952380952380953
38	1.08301191452222	0.2934799056372715	1.0	0.9923809523809524
39	1.0826648235321046	0.26143784727547104	1.0	0.9952380952380953
-1	-1	-1	-1	-1
0	1.357496976852417	57.986618129019504	0.3261904761904762	0.4238095238095238
1	1.2159667015075684	42.67379548250496	0.4913095238095238	0.5085714285714286
2	1.1688077449798584	36.493773746853094	0.5652380952380952	0.6133333333333333
3	1.1469672322273254	33.05378320643204	0.6035714285714285	0.5780952380952381
4	1.1341049194335937	30.445753141047838	0.6402380952380953	0.5695238095238095
5	1.12749445438385	28.624107592912683	0.6627380952380952	0.6857142857142857
6	1.1211486543927873	26.862995191218737	0.6888095238095238	0.7152380952380952
7	1.1185809075832367	25.29000124550591	0.6992857142857143	0.680952380952381
8	1.1147153907352023	23.502024106653018	0.7264285714285714	0.7714285714285715
9	1.1114560127258302	21.55261450031411	0.7495238095238095	0.7761904761904762
10	1.1096782250837847	16.387806963104712	0.8627380952380952	0.839047619047619
11	1.1072569092114766	14.48155098178994	0.8901190476190476	0.8952380952380953
12	1.1061298297001765	12.49859062165815	0.9177380952380952	0.8561904761904762
13	1.1052984169551305	10.949541808081218	0.9395238095238095	0.8466666666666667
14	1.1038934548695882	9.972640771829584	0.9436904761904762	0.900952380952381
15	1.1030763983726501	8.454331233020971	0.9705952380952381	0.9647619047619047
16	1.1027008224936092	7.826261397097047	0.9632142857142857	0.9866666666666667
17	1.102031045489841	6.506434754273737	0.9805952380952381	0.96
18	1.101186614287527	6.26922892526982	0.9727380952380953	0.9914285714285714
19	1.101608157157898	5.256208342744371	0.9871428571428571	0.920952380952381
20	1.1006352674393427	4.528964367202933	0.9933333333333333	0.9628571428571429
21	1.0994954217563977	3.987588581023561	0.9947619047619047	0.9876190476190476
22	1.098991352578868	3.4627506275140743	0.9960714285714286	0.9828571428571429
23	1.0987970133622487	2.8843072061302997	0.9990476190476191	0.9895238095238095
24	1.098952293395996	2.618215112631765	0.9972619047619048	0.9895238095238095
25	1.09877347946167	2.5303821110453444	0.9947619047619047	0.9961904761904762
26	1.0981910317032426	1.8474635490899758	1.0	0.9933333333333333
27	1.0978154454912459	1.8730337889475515	0.9982142857142857	0.9742857142857143
28	1.0970175430692475	1.4839673690469546	0.9992857142857143	0.9923809523809524
29	1.0965170701344809	1.21770929157054	0.9997619047619047	0.9885714285714285
30	1.0959194014149327	1.0329671731013308	1.0	0.9904761904761905
31	1.0954864621162415	0.8916688282680149	1.0	0.9885714285714285
32	1.0949505097938306	0.7904125764796036	1.0	0.9923809523809524
33	1.094635760082918	0.7078766156512069	1.0	0.9876190476190476
34	1.0944787229810442	0.652274214156227	1.0	0.9904761904761905
35	1.0960576335589092	0.5228104539810478	1.0	0.9904761904761905
36	1.095739931673617	0.4550110310769353	1.0	0.9914285714285714
37	1.0950979245336432	0.41825284981682276	1.0	0.9885714285714285
38	1.094703931074876	0.35591804431645135	1.0	0.9876190476190476
39	1.094432497024536	0.3123735890868952	1.0	0.9895238095238095
40	1.094323768848326	0.2635166088664486	1.0	0.9866666666666667
41	1.0941443556830996	0.2532636669142165	1.0	0.9895238095238095
42	1.0934131699939107	0.230700940375319	1.0	0.981904761904762
43	1.0927671627564863	0.19485193026383113	1.0	0.9876190476190476
44	1.0922180811564128	0.17117264107606256	1.0	0.9885714285714285
45	1.0919599792231685	0.14948825661390452	1.0	0.9866666666666667
-1	-1	-1	-1	-1
0	1.302330732345581	58.982054235364096	0.314047619047619	0.4552380952380952
1	1.1834555864334106	42.73380040215902	0.49357142857142855	0.5828571428571429
2	1.144522746404012	35.91805473298628	0.5680952380952381	0.5885714285714285
3	1.124980866909027	32.291527904031845	0.6214285714285714	0.6723809523809524
4	1.1146659851074219	30.102373326232676	0.6394047619047619	0.6028571428571429
5	1.1060604254404705	27.26035567381536	0.6891666666666667	0.6685714285714286
6	1.1013400554656982	25.669548332011292	0.6920238095238095	0.6685714285714286
7	1.0996416807174683	23.003778113158482	0.7338095238095238	0.7838095238095238
8	1.0972769525316026	18.24194379995078	0.8352380952380952	0.8352380952380952
9	1.095043921470642	15.575797093685136	0.8647619047619047	0.9114285714285715
10	1.0923966494473545	13.275280549952285	0.9098809523809523	0.9133333333333333
11	1.0904316902160645	11.384099133567664	0.9278571428571428	0.840952380952381
12	1.0889370808234582	9.770149386880968	0.9508333333333333	0.9476190476190476
13	1.0883662870952062	8.188153814453589	0.9682142857142857	0.9828571428571429
14	1.087206776936849	7.002047441758131	0.9751190476190477	0.8961904761904762
15	1.086249679327011	5.8725915761954885	0.9782142857142857	0.9695238095238096
16	1.0861410253188188	5.079696432265945	0.9875	0.9885714285714285
17	1.085583143764072	4.036267544833426	0.9954761904761905	0.9447619047619048
18	1.0850626669431989	3.2618026980429096	0.996547619047619	0.9809523809523809
19	1.0845404624938966	2.7161303090052007	0.9985714285714286	0.9895238095238095
20	1.084306932630993	2.3044128787381566	0.9982142857142857	0.9942857142857143
21	1.083823637528853	1.9689895435884426	0.9988095238095238	0.9961904761904762
22	1.0835187538810398	1.8738484859693187	0.9972619047619048	0.9923809523809524
23	1.0832731326421101	1.1369072005096044	0.9997619047619047	0.9952380952380953
24	1.0832375717163085	0.8992330494829004	1.0	0.9952380952380953
25	1.082861148394071	0.7834685571746681	1.0	0.9952380952380953
26	1.0827470002350983	0.619332953324336	1.0	0.9933333333333333
27	1.0825613566807337	0.5310151995701482	1.0	0.9971428571428571
28	1.0825231157500168	0.672365276192531	0.9988095238095238	0.9752380952380952
29	1.082550597190857	0.6021513206310598	0.9989285714285714	0.9971428571428571
30	1.082748936068627	0.3173339532355392	1.0	0.9971428571428571
31	1.082678072154522	0.26328194872281396	1.0	0.9971428571428571
32	1.0827561075037175	0.22979402315480627	1.0	0.9971428571428571
33	1.082643845502068	0.19927919477564301	1.0	0.9971428571428571
34	1.0826326302119664	0.17943101656754207	1.0	0.9961904761904762
35	1.0826787816153631	0.1507407184336122	1.0	0.9971428571428571
36	1.0825552489306476	0.13427065569241692	1.0	0.9971428571428571
37	1.082578552396674	0.11762945175510849	1.0	0.9971428571428571
38	1.082328466268686	0.10250536154091584	1.0	0.9980952380952381
39	1.0823499858379364	0.0907131123707095	1.0	0.9961904761904762
40	1.0822223046930826	0.08024784370180318	1.0	0.9961904761904762
41	1.082302348954337	0.07216403310403172	1.0	0.9971428571428571
42	1.082224036371985	0.06335608465703269	1.0	0.9971428571428571
43	1.0821498849175193	0.05607741559101375	1.0	0.9961904761904762
44	1.0822000079684788	0.04872421065819921	1.0	0.9961904761904762
45	1.0821885129679805	0.04401956734817631	1.0	0.9961904761904762
46	1.082111323133428	0.03882420830386107	1.0	0.9971428571428571
47	1.0818403313557308	0.036058871889975586	1.0	0.9952380952380953
48	1.0816885500538105	0.03281729792319096	1.0	0.9971428571428571
49	1.0817841482162476	0.02817950466428193	1.0	0.9952380952380953
50	1.081789587058273	0.025472507822706218	1.0	0.9961904761904762
51	1.0817143596135652	0.022735841122558588	1.0	0.9961904761904762
52	1.0818720223768703	0.020216450367845282	1.0	0.9961904761904762
53	1.0818600742905229	0.01868268188457412	1.0	0.9961904761904762
54	1.0817331357435747	0.017510665784246454	1.0	0.9971428571428571
55	1.0817303912980216	0.014909881831079495	1.0	0.9952380952380953
56	1.0816571126904404	0.013867456712069506	1.0	0.9952380952380953
57	1.081461943429092	0.012668225950536675	1.0	0.9952380952380953
58	1.0814857887009444	0.011114037241574249	1.0	0.9971428571428571
-1	-1	-1	-1	-1
0	1.3763587474822998	58.02242371156642	0.3217857142857143	0.4057142857142857
1	1.2289814949035645	42.678647617876756	0.48773809523809525	0.5714285714285714
2	1.1783020496368408	36.83065898880759	0.5663095238095238	0.5580952380952381
3	1.153845489025116	32.97458912664493	0.6141666666666666	0.5952380952380952
4	1.1368667125701903	30.303914559658036	0.6389285714285714	0.5923809523809523
5	1.1274252732594807	28.04137688988515	0.6738095238095239	0.659047619047619
6	1.1190521035875594	26.680968516679773	0.6784523809523809	0.6838095238095238
7	1.1136143505573273	25.16341486085957	0.7061904761904761	0.7019047619047619
8	1.1102497842576768	23.108759851056814	0.7288095238095238	0.6019047619047619
9	1.106191301345825	19.017967204177335	0.8227380952380953	0.7857142857142857
10	1.1032651987942783	15.531077943373996	0.8932142857142857	0.8866666666666667
11	1.1012694040934246	13.834990350919078	0.9017857142857143	0.920952380952381
12	1.100020720408513	12.127504214587773	0.9351190476190476	0.8809523809523809
13	1.0994300842285156	11.145254740696895	0.9266666666666666	0.9676190476190476
14	1.09858242670695	9.74148179732348	0.9575	0.9771428571428571
15	1.098193347454071	8.620888996486881	0.9686904761904762	0.9361904761904762
16	1.0971102434046127	7.740569062106056	0.9727380952380953	0.9866666666666667
17	1.0969383319218953	6.7978371467880425	0.985	0.9561904761904761
18	1.0960930523119474	6.1017562762866	0.9835714285714285	0.959047619047619
19	1.0956155419349671	5.569529947672507	0.9844047619047619	0.9942857142857143
20	1.0946831703186035	4.818370581126485	0.9944047619047619	0.9857142857142858
21	1.0938040018081665	4.170038550525564	0.996904761904762	0.979047619047619
22	1.0931551145470662	3.7704562334053415	0.9982142857142857	0.98
23	1.0921280086040497	3.3573236760077823	0.9983333333333333	0.979047619047619
24	1.0915445327758788	2.9139430427732576	0.9992857142857143	0.9866666666666667
25	1.0912584066390991	2.596647276851161	0.9996428571428572	0.9923809523809524
26	1.0910799150113706	2.336096141728158	0.9992857142857143	0.9847619047619047
27	1.0908337661198206	2.454452772557509	0.9973809523809524	0.9923809523809524
28	1.0909087000222042	2.0129463008601403	0.9994047619047619	0.9895238095238095
29	1.090125036239624	1.6869623044597786	0.9997619047619047	0.9895238095238095
30	1.089456565918461	1.466419896925357	1.0	0.9885714285714285
31	1.0889731124043465	1.2853544169732374	1.0	0.9876190476190476
32	1.0886674433043508	1.1753404030555101	1.0	0.9904761904761905
33	1.0888699363259708	1.0852594249828686	0.9998809523809524	0.9866666666666667
34	1.088624586377825	0.9462554719964814	0.9998809523809524	0.9857142857142858
35	1.0885061422983806	0.8575474116738758	1.0	0.9866666666666667
36	1.0883532601433832	0.7927929847412689	1.0	0.9828571428571429
37	1.0884064561442326	0.6711967457156671	1.0	0.9847619047619047
38	1.088193648900741	0.6081082154022877	1.0	0.9866666666666667
39	1.0881182432174683	0.5683801119205163	1.0	0.9847619047619047
-1	-1	-1	-1	-1
0	1.3821775913238525	59.13378569019158	0.30392857142857144	0.5
1	1.2272558212280273	42.09405529906994	0.49785714285714283	0.5638095238095238
2	1.1780061721801758	35.48695623738684	0.5761904761904761	0.5866666666666667
3	1.1501856446266174	31.962759402314973	0.6240476190476191	0.5685714285714286
4	1.1353833198547363	29.09484461867764	0.6527380952380952	0.6657142857142857
5	1.1273526350657146	26.887309944674996	0.680952380952381	0.6761904761904762
6	1.1197823796953474	24.455617186687746	0.7155952380952381	0.7466666666666667
7	1.1149555444717407	20.557431304409477	0.7880952380952381	0.8885714285714286
8	1.1110730171203613	16.309285040590698	0.8601190476190477	0.8714285714285714
9	1.1081640481948853	13.394492803870952	0.9051190476190476	0.9428571428571428
10	1.1050200462341309	11.541257898163886	0.9192857142857143	0.8247619047619048
11	1.103368878364563	9.45023133274267	0.9370238095238095	0.9285714285714286
12	1.101666707258958	7.575082372803198	0.9683333333333334	0.9695238095238096
13	1.1000771181924003	5.90648069490498	0.9841666666666666	0.9895238095238095
14	1.09843905766805	5.183970277300352	0.9780952380952381	0.9161904761904762
15	1.0973958671092987	3.6114100743609234	0.9957142857142857	0.9990476190476191
16	1.0967089709113627	2.6186266507485976	0.9997619047619047	0.9971428571428571
17	1.096268441942003	2.4710150705544214	0.9938095238095238	0.9961904761904762
18	1.095477254767167	1.657369098055952	0.9997619047619047	1.0
19	1.0951974630355834	1.2157879071770512	1.0	0.9990476190476191
20	1.0935128643399192	0.9398063001977174	1.0	1.0
21	1.0920802788300947	0.7027710525481873	1.0	0.9990476190476191
22	1.0906031028084133	0.5620255082165787	1.0	1.0
23	1.0891467829545338	0.42920524822441797	1.0	1.0
24	1.0884792709350586	0.3535876611792996	1.0	1.0
25	1.0877543596120982	0.28368719307415385	1.0	1.0
26	1.086855579305578	0.23559122164326476	1.0	1.0
27	1.0858894075666154	0.18490486668543218	1.0	1.0
28	1.085789129651826	0.15567692410299985	1.0	1.0
29	1.0857699473698934	0.1317433690078585	1.0	1.0
30	1.0855821255714662	0.1114356390168685	1.0	1.0
31	1.0860064923763275	0.09613189028979707	1.0	1.0
32	1.0857120210474187	0.08212366989130303	1.0	1.0
33	1.0855993453194113	0.07001851154880832	1.0	1.0
34	1.0852995531899587	0.061633334916524105	1.0	1.0
35	1.085510128074222	0.05225867534431668	1.0	1.0
36	1.0851831178407412	0.04509781635306181	1.0	1.0
37	1.0852986574172974	0.03989275981151559	1.0	1.0
38	1.0852480484889104	0.03566579596482982	1.0	1.0
-1	-1	-1	-1	-1
0	1.389240026473999	58.907387976410725	0.32	0.39904761904761904
1	1.2348198890686035	43.35687562630657	0.4870238095238095	0.5361904761904762
2	1.1818890571594238	36.81920581716095	0.5666666666666667	0.6152380952380953
3	1.1543812155723572	32.87703163451568	0.6155952380952381	0.5638095238095238
4	1.136942195892334	30.4744386709235	0.6340476190476191	0.6885714285714286
5	1.1262100140253704	28.489905629321196	0.6753571428571429	0.6676190476190477
6	1.1173334462302071	26.58902614651524	0.6795238095238095	0.6447619047619048
7	1.110939621925354	23.68766746230905	0.7338095238095238	0.72
8	1.1054356627994113	19.621586864892066	0.8282142857142857	0.8066666666666666
9	1.1028812170028686	16.52851750914135	0.883452380952381	0.9019047619047619
10	1.10146841135892	14.730979981077942	0.8852380952380953	0.8819047619047619
11	1.0998796025911968	13.153276624788349	0.9029761904761905	0.9476190476190476
12	1.0986984876485972	11.360946531984743	0.9373809523809524	0.9076190476190477
13	1.0976576975413732	10.17965905657286	0.9432142857142857	0.9304761904761905
14	1.0972760359446208	8.738061838730207	0.9648809523809524	0.9485714285714286
15	1.0965785682201385	7.817726102618663	0.9673809523809523	0.92
16	1.0960058043984806	7.086834797841061	0.9711904761904762	0.9485714285714286
17	1.0938782427046034	6.025159184017109	0.9817857142857143	0.9876190476190476
18	1.0924690773612575	5.287469533006501	0.9882142857142857	0.9895238095238095
19	1.091093361377716	4.4643436670303345	0.9951190476190476	0.9866666666666667
20	1.0897165139516194	3.963989216111912	0.9939285714285714	0.9961904761904762
21	1.0881951180371372	3.4025116424596806	0.9966666666666667	0.9780952380952381
22	1.0873578216718591	2.9798388408617376	0.996904761904762	0.9809523809523809
23	1.0859052737553914	2.47837287980794	0.9989285714285714	0.9866666666666667
24	1.085408124923706	2.3364428460824627	0.9982142857142857	0.9885714285714285
25	1.0858076535738432	1.9017755655508077	0.9994047619047619	0.9952380952380953
26	1.0863114021442555	1.5470627834135136	0.9996428571428572	0.9914285714285714
27	1.0869025673185075	1.375805563799782	0.9998809523809524	0.9761904761904762
28	1.0874032563176648	1.172116097275295	1.0	0.9952380952380953
29	1.0875057697296142	0.9868351503243464	1.0	0.9952380952380953
30	1.087445282167004	0.8214808123419947	0.9997619047619047	0.9952380952380953
31	1.086912378668785	0.7037440023948032	1.0	0.9933333333333333
32	1.0865683989091353	0.6073268671226139	1.0	0.9961904761904762
33	1.0864745027878706	0.5289335287115873	1.0	0.9952380952380953
34	1.0867068426949638	0.47334265969552014	1.0	0.9961904761904762
35	1.0862144629160564	0.39145040404433984	1.0	0.9952380952380953
36	1.0859609294582058	0.33283802847105287	1.0	0.9952380952380953
37	1.0860123508854915	0.29675853909648414	1.0	0.9952380952380953
38	1.086257842870859	0.2671586884461882	1.0	0.9942857142857143
39	1.0862247228622437	0.22530647673194398	1.0	0.9942857142857143
40	1.086347766038848	0.19553247791052772	1.0	0.9895238095238095
-1	-1	-1	-1	-1
0	1.369978666305542	57.44517675189464	0.3358333333333333	0.4228571428571429
1	1.2293040752410889	42.36434803806784	0.5040476190476191	0.5742857142857143
2	1.1807729403177898	35.94258339958046	0.5725	0.6066666666666667
3	1.1562479734420776	32.23503572949892	0.6214285714285714	0.6695238095238095
4	1.1416611194610595	29.39247262613855	0.6561904761904762	0.6933333333333334
5	1.12751309076945	27.499099706062346	0.6785714285714286	0.58
6	1.1171274185180664	26.191559820574046	0.6916666666666667	0.72
7	1.110623985528946	24.449034212206705	0.7091666666666666	0.7333333333333333
8	1.106723467508952	21.548095351389605	0.756547619047619	0.7609523809523809
9	1.102625584602356	16.42606339617827	0.8721428571428571	0.8466666666666667
10	1.0971952351656826	13.817731859112873	0.8983333333333333	0.8438095238095238
11	1.0942401885986328	11.690892894005142	0.9260714285714285	0.9638095238095238
12	1.0911622781019945	9.695513712589278	0.9539285714285715	0.8904761904761904
13	1.0886751583644323	8.232014954316751	0.9641666666666666	0.9276190476190476
14	1.0863200346628825	6.950773530133324	0.9728571428571429	0.9514285714285714
15	1.0845199227333069	5.794528374653805	0.9786904761904762	0.9714285714285714
16	1.0830903754514807	4.764651876891974	0.988452380952381	0.9247619047619048
17	1.0816073947482638	3.934699182727944	0.9958333333333333	0.9885714285714285
18	1.0833839868244373	3.133827696281694	0.9975	0.9895238095238095
19	1.081618845462799	2.759489180470601	0.9960714285714286	0.9914285714285714
20	1.0801795323689778	2.1771270165878556	0.9985714285714286	0.981904761904762
21	1.0787204937501387	2.011650337919083	0.9973809523809524	0.9961904761904762
22	1.0780334679976753	1.3626278788417918	0.9998809523809524	0.9971428571428571
23	1.0766145090262096	1.0660591326059043	1.0	0.9980952380952381
24	1.075507822036743	0.8997173172212826	1.0	0.9990476190476191
25	1.074624932729281	0.715360317280084	1.0	0.9971428571428571
26	1.0737696488698323	0.6328810752004725	1.0	0.9971428571428571
27	1.072967060974666	0.5142691545613365	1.0	0.9980952380952381
28	1.0721520308790535	0.42272012966893924	1.0	0.9971428571428571
29	1.0714431126912436	0.32685485952480664	1.0	0.9971428571428571
30	1.0707254563608477	0.2757281836391402	1.0	0.9971428571428571
31	1.0709701776504517	0.23204130781354107	1.0	0.9980952380952381
32	1.0716363661216968	0.20178744947615684	1.0	0.9961904761904762
33	1.0717378924874699	0.1684626117348671	1.0	0.9961904761904762
34	1.0722448076520648	0.14179120528663972	1.0	0.9961904761904762
35	1.0725039045015972	0.1276506543612752	1.0	0.9971428571428571
36	1.0728128987389642	0.10649163836875343	1.0	0.9971428571428571
37	1.0729875878283852	0.09794350544932677	1.0	0.9961904761904762
38	1.0733714287097638	0.0797941023377638	1.0	0.9980952380952381
39	1.0736818253993987	0.06983785766102515	1.0	0.9971428571428571
40	1.0740788215544166	0.06046861989473209	1.0	0.9971428571428571
41	1.0742569253558205	0.05515478034379818	1.0	0.9952380952380953
42	1.0746882627176684	0.048023551206738326	1.0	0.9952380952380953
43	1.0749408819458701	0.04203228109264782	1.0	0.9971428571428571
44	1.0751286241743299	0.8339733332395554	0.9920238095238095	0.981904761904762
-1	-1	-1	-1	-1
0	1.332305669784546	59.97914554320361	0.30428571428571427	0.43714285714285717
1	1.210282564163208	43.34309512308795	0.4772619047619048	0.5142857142857142
2	1.168239990870158	36.62377178351689	0.5636904761904762	0.5333333333333333
3	1.148959219455719	32.841833129128574	0.6036904761904762	0.6390476190476191
4	1.1371285438537597	29.897271943183	0.6466666666666666	0.7038095238095238
5	1.1279884179433186	27.74928214069555	0.6669047619047619	0.7038095238095238
6	1.1236191136496407	26.030714404900266	0.6885714285714286	0.7076190476190476
7	1.1188065111637115	23.02138650553308	0.7360714285714286	0.6504761904761904
8	1.1140882968902588	19.223663634673724	0.819047619047619	0.8657142857142858
9	1.1107444524765016	15.703435069254596	0.8717857142857143	0.8819047619047619
10	1.1093309792605313	13.387759125278023	0.8998809523809523	0.8628571428571429
11	1.1079339385032654	11.485344283027795	0.9232142857142858	0.9142857142857143
12	1.1056104256556585	9.949116835576046	0.9382142857142857	0.9085714285714286
13	1.1032468932015556	8.098246217227254	0.9571428571428572	0.9333333333333333
14	1.1018450260162354	6.813528029184377	0.9728571428571429	0.9695238095238096
15	1.1003058850765228	5.270877005029541	0.9871428571428571	0.9828571428571429
16	1.098507853115306	4.622247274384299	0.986547619047619	0.9828571428571429
17	1.0963625378078885	3.8757388519243596	0.9877380952380952	0.9847619047619047
18	1.0947742713125128	2.9477136298277533	0.9979761904761905	0.9961904761904762
19	1.0929651737213135	2.110379103698658	0.9997619047619047	0.9933333333333333
20	1.0917664482480003	1.9557080928363728	0.998452380952381	0.9676190476190476
21	1.0905174016952515	1.5528699180019219	0.9985714285714286	0.9980952380952381
22	1.0894233247508174	0.979926954657406	1.0	0.9990476190476191
23	1.0889389713605244	0.7687183065559474	1.0	0.9980952380952381
24	1.0884698581695558	0.6498729852895773	1.0	0.9980952380952381
25	1.08800614797152	0.5260022993096833	1.0	0.9990476190476191
26	1.0875620930283159	0.421791551910879	1.0	0.9980952380952381
27	1.0878856522696358	0.31776811069182115	1.0	0.9980952380952381
28	1.0874633953489106	0.26009532783761224	1.0	0.9990476190476191
29	1.0875283559163411	0.23383051632928303	1.0	0.9990476190476191
30	1.0874822601195304	0.18032070967464392	1.0	1.0
31	1.0876101329922676	0.15275854994135665	1.0	0.9990476190476191
32	1.0876118847818086	0.1334829315996442	1.0	0.9990476190476191
33	1.0876515683005838	0.9945350241326787	0.9920238095238095	1.0
34	1.08738968031747	0.15861029447031566	1.0	1.0
35	1.0873727202415466	0.12265792025869336	1.0	1.0
36	1.0871853699555267	0.1083990840007597	1.0	1.0
37	1.0870538134323924	0.09732969476356253	1.0	1.0
38	1.08713917243175	0.08888857559559463	1.0	1.0
39	1.0870426833629607	0.08122686259873467	1.0	1.0
40	1.0867903058121844	0.07506000154258634	1.0	1.0
41	1.086777374857948	0.0692320481339335	1.0	1.0
42	1.0864922113196795	0.06393822423490508	1.0	1.0
43	1.086578829721971	0.059080426676815	1.0	1.0
44	1.0866666316986084	0.05417250011810332	1.0	1.0
45	1.0867253852927166	0.050344050507780035	1.0	1.0
46	1.0866642809928733	0.046614542447682115	1.0	0.9990476190476191
47	1.086644818385442	0.04276459278829198	1.0	0.9990476190476191
48	1.086631405110262	0.039490808194552765	1.0	1.0
49	1.0865914058685302	0.03632390224321713	1.0	0.9990476190476191
50	1.08634352684021	0.03361772334366017	1.0	0.9990476190476191
-1	-1	-1	-1	-1
0	1.3876171112060547	59.4182993232524	0.30107142857142855	0.3619047619047619
1	1.2240856885910034	42.764164449597494	0.4798809523809524	0.5466666666666666
2	1.173630714416504	36.114430507326304	0.5676190476190476	0.5885714285714285
3	1.1455014944076538	32.15078577251942	0.6091666666666666	0.5933333333333334
4	1.1291699886322022	29.6197615830164	0.6479761904761905	0.679047619047619
5	1.1175609827041626	27.300468644261812	0.6819047619047619	0.7457142857142857
6	1.1090882165091378	24.864868668095692	0.7120238095238095	0.6361904761904762
7	1.102439433336258	22.00167669724149	0.7464285714285714	0.8228571428571428
8	1.0978994369506836	16.877408118302377	0.8614285714285714	0.86
9	1.0936367988586426	14.094563612919796	0.8917857142857143	0.9076190476190477
10	1.0915956063704058	11.666522874578323	0.9219047619047619	0.9523809523809523
11	1.0902193983395894	9.946006481185158	0.9282142857142858	0.920952380952381
12	1.0900115966796875	7.721830424247132	0.9636904761904762	0.9504761904761905
13	1.0894670997347151	6.038565773474399	0.98	0.9885714285714285
14	1.0886605739593507	4.818605382179579	0.9890476190476191	0.9942857142857143
15	1.08843395113945	4.049232007886067	0.9883333333333333	0.9942857142857143
16	1.0879352232989143	2.856408168607792	0.9952380952380953	0.9990476190476191
17	1.0879829592174954	2.036696214639642	0.9998809523809524	0.9990476190476191
18	1.0880304386741237	1.9116158902418476	0.9967857142857143	1.0
19	1.0885532736778258	1.1156637205143844	1.0	1.0
20	1.0884920756022136	0.8890346020120178	1.0	1.0
21	1.0889728394421665	0.6571868369107917	1.0	1.0
22	1.0892837565878164	0.557364571910394	1.0	0.9990476190476191
23	1.0894623597462971	0.46009314825099684	1.0	1.0
24	1.0897032833099365	0.31999526515659726	1.0	1.0
25	1.0900264795009906	0.25827669828223637	1.0	1.0
26	1.0904796565020527	0.21020423026025975	1.0	1.0
27	1.0909686088562012	0.17398899770961515	1.0	1.0
28	1.0912106365993106	0.14133630735452637	1.0	1.0
29	1.091385253270467	0.12113162096122372	1.0	1.0
30	1.0919250134498841	0.10158676392055283	1.0	1.0
31	1.0923485159873962	0.08993354810847982	1.0	1.0
32	1.0925061702728271	0.07602543989373477	1.0	1.0
33	1.0930889283909517	0.06533954468885075	1.0	1.0
34	1.0936359405517577	0.056663106956975996	1.0	1.0
35	1.0938403540187411	0.048106661052248326	1.0	1.0
36	1.0937756912128345	0.04194742997846223	1.0	1.0
37	1.0939784740146838	0.037085945183276674	1.0	1.0
38	1.0938742466461964	0.03201242338710185	1.0	1.0
-1	-1	-1	-1	-1
0	1.395134687423706	58.43267886810883	0.31285714285714283	0.4342857142857143
1	1.2397916316986084	43.02567338399561	0.4801190476190476	0.5428571428571428
2	1.187310775121053	36.278870731252226	0.5719047619047619	0.52
3	1.160700500011444	32.24005071110599	0.6183333333333333	0.6495238095238095
4	1.147385835647583	29.610423421678433	0.6495238095238095	0.6571428571428571
5	1.1371244589487712	27.300899650660757	0.6784523809523809	0.7028571428571428
6	1.1297528403145927	25.52562728127599	0.7001190476190476	0.7390476190476191
7	1.1234146356582642	21.719192969028487	0.7638095238095238	0.7638095238095238
8	1.118801514307658	17.40317686429042	0.8590476190476191	0.8895238095238095
9	1.1159820318222047	14.783995042735633	0.8879761904761905	0.9676190476190476
10	1.1136139739643445	13.032599394765644	0.8983333333333333	0.9257142857142857
11	1.112418035666148	10.524016485468064	0.9436904761904762	0.8904761904761904
12	1.1099143211658185	9.209961664540685	0.9396428571428571	0.9028571428571428
13	1.1080065625054496	7.658763990656051	0.9603571428571429	0.9533333333333334
14	1.1067140420277914	6.0075604326371455	0.9811904761904762	0.979047619047619
15	1.105561524629593	4.867563612107541	0.9872619047619048	0.9990476190476191
16	1.1048727596507353	3.876101230940438	0.9920238095238095	0.9914285714285714
17	1.104016555680169	2.954081615114393	0.996904761904762	0.9952380952380953
18	1.1032328229201467	2.370986760342529	0.9982142857142857	0.9914285714285714
19	1.1024178981781005	1.6504366903250662	1.0	0.9980952380952381
20	1.1019256682623	1.3592678353813665	0.9986904761904762	0.959047619047619
21	1.1007668430154973	1.614949599135058	0.993452380952381	1.0
22	1.0999889477439548	0.7116899408768338	1.0	0.9990476190476191
23	1.0990985929965973	0.562567487925631	1.0	1.0
24	1.0985800075531005	0.43499956339484386	1.0	1.0
25	1.0979235172271729	0.3563285539132107	1.0	1.0
26	1.097432807639793	0.3033861773152315	1.0	1.0
27	1.0970182589122228	0.22928113597994068	1.0	1.0
28	1.0961727767155087	0.1920790865224124	1.0	1.0
29	1.0959508895874024	0.1577669974458988	1.0	1.0
30	1.0958850229940107	0.13331568695803106	1.0	1.0
31	1.0954645574092865	0.11801436101529081	1.0	1.0
32	1.095436565803759	0.0966479718798467	1.0	1.0
33	1.0950940286411959	0.08252839741966343	1.0	1.0
34	1.0948055471692766	0.06904512538996033	1.0	1.0
35	1.0944297711054485	0.05956303137053555	1.0	1.0
36	1.094458380260983	0.05215602399278503	1.0	1.0
37	1.0941061910830046	0.044605588767068466	1.0	1.0
38	1.0936452119778364	0.039285248028603115	1.0	1.0
39	1.0938216924667359	0.034455093760539145	1.0	1.0
40	1.0934822035998832	0.03182414455955473	1.0	1.0
41	1.0932040952500843	0.02610623710098262	1.0	1.0
-1	-1	-1	-1	-1
0	1.368896245956421	57.27796461011067	0.3373809523809524	0.4580952380952381
1	1.2254668474197388	42.3200477846675	0.5016666666666667	0.54
2	1.1798776785532634	35.68352702180696	0.5753571428571429	0.5904761904761905
3	1.1558035016059875	32.09239607981402	0.6202380952380953	0.6723809523809524
4	1.1386903285980225	29.29162376099213	0.6584523809523809	0.5961904761904762
5	1.1301020383834839	27.278630608388227	0.6805952380952381	0.6438095238095238
6	1.123831067766462	25.752268381445127	0.6954761904761905	0.7352380952380952
7	1.118077963590622	22.78122462791182	0.7448809523809524	0.7971428571428572
8	1.1135411262512207	18.174501801624952	0.8402380952380952	0.8676190476190476
9	1.1099922895431518	15.879874263879465	0.871547619047619	0.9323809523809524
10	1.1068616130135276	13.681390959953628	0.9108333333333334	0.8761904761904762
11	1.1042154630025227	12.518552647797327	0.9078571428571428	0.9038095238095238
12	1.1024736991295447	10.843129284934852	0.9414285714285714	0.9914285714285714
13	1.1014084305082048	9.778313502612676	0.9451190476190476	0.9104761904761904
14	1.099395179748535	8.444235558745525	0.9632142857142857	0.9885714285714285
15	1.098072662949562	7.278039262321966	0.9822619047619048	0.940952380952381
16	1.0979126902187573	6.880137456233964	0.9748809523809524	0.9638095238095238
17	1.0978487067752414	5.830667919985695	0.9859523809523809	0.98
18	1.0971604146455463	5.146633552507756	0.9910714285714286	0.98
19	1.0967227935791015	4.702943036764747	0.9916666666666667	0.9933333333333333
20	1.0965699354807537	4.088718020417391	0.9952380952380953	0.9895238095238095
21	1.0961549390446057	3.5314095568747574	0.9977380952380952	0.9485714285714286
22	1.096195303875467	3.191306197144686	0.9978571428571429	0.9961904761904762
23	1.0960217714309692	2.8021916794686264	0.9994047619047619	0.9933333333333333
24	1.096115961074829	2.4150905658990256	0.9989285714285714	0.9895238095238095
25	1.0955933607541597	2.1234024672453846	0.9998809523809524	0.9980952380952381
26	1.0946521405820493	2.031272174514292	0.9989285714285714	0.981904761904762
27	1.0938012940543038	1.6749809339019281	0.9997619047619047	0.9771428571428571
28	1.093103055296273	1.5455622088319902	0.9998809523809524	0.9933333333333333
29	1.0921374956766765	1.3670380403333744	0.9998809523809524	0.9961904761904762
30	1.0915730230269893	1.1129433316649593	1.0	0.9857142857142858
31	1.0909720212221146	1.0217816609846775	1.0	0.9885714285714285
32	1.0905877965869326	0.90470407455593	1.0	0.9885714285714285
33	1.0901428671444164	0.821721618959659	1.0	0.9942857142857143
34	1.0898452009473527	0.7112321947124067	1.0	0.9847619047619047
35	1.0894505116674635	0.6606529912567863	1.0	0.9914285714285714
36	1.0889631670874518	0.5826640487170491	1.0	0.9904761904761905
37	1.0887921170184487	0.9383729810723787	0.9971428571428571	0.9952380952380953
38	1.0884708991417518	0.503809050632067	1.0	0.9904761904761905
39	1.0882003724575042	0.4334094084147718	1.0	0.9885714285714285
40	1.0879693729121511	0.39609057657392305	1.0	0.9885714285714285
41	1.0876896097546531	0.36095549466492105	1.0	0.9895238095238095
42	1.08748562945876	0.33944662940819453	1.0	0.9857142857142858
43	1.087346152825789	0.3136354306351549	1.0	0.9914285714285714
44	1.086994743347168	0.2880599255684211	1.0	0.9895238095238095
45	1.086668672768966	0.26780736219746987	1.0	0.9904761904761905
-1	-1	-1	-1	-1
0	1.3674945831298828	60.4354450747994	0.2916666666666667	0.44
1	1.2143669128417969	42.43946422823482	0.4829761904761905	0.5676190476190476
2	1.1605470180511475	35.355280749244834	0.5783333333333334	0.5923809523809523
3	1.1383410692214966	31.246126457765527	0.6229761904761905	0.6085714285714285
4	1.126664161682129	28.796405077887126	0.6597619047619048	0.7028571428571428
5	1.1168221235275269	25.86078488600118	0.6941666666666667	0.6647619047619048
6	1.1080287865230016	22.451716336007355	0.7421428571428571	0.7971428571428572
7	1.1036221086978912	17.173322374829773	0.8377380952380953	0.8476190476190476
8	1.101295577155219	13.126609916469443	0.9028571428571428	0.8438095238095238
9	1.0994398593902588	10.425815859674954	0.9270238095238095	0.8676190476190476
10	1.0972456281835383	7.819939098430677	0.9575	0.8123809523809524
11	1.0953706502914429	5.744167772989309	0.9769047619047619	0.9828571428571429
12	1.093983191710252	4.519395658725115	0.9786904761904762	0.9904761904761905
13	1.092486126082284	2.7290223705451297	0.9958333333333333	1.0
14	1.0914904912312826	1.8046891224701596	0.9990476190476191	1.0
15	1.090945065021515	1.593932851639084	0.9939285714285714	1.0
16	1.0905075914719526	0.884634391889826	0.9998809523809524	1.0
17	1.0904005501005385	0.5637494917151592	1.0	1.0
18	1.090112799092343	0.41937804590386585	1.0	1.0
19	1.0897093057632445	0.31577787273510327	1.0	1.0
20	1.0896288667406355	0.24999383771827466	1.0	1.0
21	1.0890104879032483	0.2075363498450232	1.0	1.0
22	1.0886043569316035	0.1603025974202972	1.0	1.0
23	1.0878605544567108	0.13094714870357696	1.0	1.0
24	1.0865397453308105	0.10707175142411497	1.0	1.0
25	1.0851924327703624	0.09308933068647585	1.0	1.0
26	1.0845149446416784	0.0754357403278804	1.0	1.0
27	1.0833571127482824	0.06461043053876764	1.0	1.0
28	1.0824150216990505	0.05500509873202545	1.0	1.0
29	1.082104778289795	0.04632380279666344	1.0	1.0
30	1.0823498464399768	0.04007405524598895	1.0	1.0
31	1.082139603793621	0.03518951238759797	1.0	1.0
32	1.0819934064691716	0.03019026278061332	1.0	1.0
33	1.0821425143410177	0.026245714554796882	1.0	1.0
-1	-1	-1	-1	-1
0	1.319498062133789	58.47965115014138	0.32404761904761903	0.4342857142857143
1	1.2037795782089233	42.57622779730155	0.4930952380952381	0.5752380952380952
2	1.1614492734273274	35.95677750010908	0.5825	0.6361904761904762
3	1.1437813639640808	32.31571986557413	0.6151190476190476	0.6390476190476191
4	1.132427453994751	29.9594646678678	0.6298809523809524	0.659047619047619
5	1.1231277386347454	27.435100685960894	0.6714285714285714	0.6495238095238095
6	1.1146519524710519	25.641969963624902	0.6961904761904761	0.680952380952381
7	1.108157753944397	24.048010528767517	0.7166666666666667	0.7019047619047619
8	1.1028292179107666	20.804462026733862	0.7652380952380953	0.8314285714285714
9	1.1003984689712525	16.090873475310467	0.8739285714285714	0.8895238095238095
10	1.0982175090096213	13.784630629499603	0.895	0.8904761904761904
11	1.096926172574361	11.75096245500978	0.9316666666666666	0.8571428571428571
12	1.1004233910487249	10.213001120679731	0.9404761904761905	0.9276190476190476
13	1.0991133451461792	8.558150835363584	0.9604761904761905	0.9752380952380952
14	1.0974188963572185	7.650862181594617	0.9597619047619048	0.8323809523809523
15	1.0969286859035492	6.156781576432203	0.9796428571428571	0.9457142857142857
16	1.0966200688306023	5.542453767682209	0.9747619047619047	0.9961904761904762
17	1.0961721473269992	4.570375268903522	0.9892857142857143	0.9619047619047619
18	1.0959673304306834	3.5945272957870715	0.996547619047619	0.9838095238095238
19	1.095908796787262	3.6186002270803703	0.9872619047619048	0.9980952380952381
20	1.095560902640933	2.369940950843318	0.9992857142857143	0.9809523809523809
21	1.0950825539502231	1.9933457938890493	0.9996428571428572	0.9780952380952381
22	1.0947997570037842	1.7176581539581937	0.9991666666666666	0.9923809523809524
23	1.0948396027088165	1.367542826064186	0.9998809523809524	0.9933333333333333
24	1.0937070655822754	1.2380945372037562	0.9998809523809524	0.9971428571428571
25	1.0920694791353667	0.8763480320176245	1.0	0.9971428571428571
26	1.0905775052529794	0.7429618957264795	1.0	0.9961904761904762
27	1.0899433749062675	0.8408502833244919	0.9982142857142857	0.9904761904761905
28	1.090029609614405	0.7165434224523972	0.9995238095238095	0.9980952380952381
29	1.0898356835047405	0.43753902257168703	1.0	0.9961904761904762
30	1.0898208541254844	0.3694479606564054	1.0	0.9980952380952381
31	1.0895732045173645	0.3141284364314587	1.0	0.9961904761904762
32	1.0895462830861409	0.27403259254680384	1.0	0.9971428571428571
33	1.0892260986215927	0.23833913310739024	1.0	0.9980952380952381
34	1.0891177313668388	0.20022255930157215	1.0	0.9952380952380953
35	1.088824298646715	0.17713196074214724	1.0	0.9952380952380953
36	1.0884938304488723	0.15172446788263866	1.0	0.9914285714285714
37	1.0881946086883545	0.13676900932204133	1.0	0.9942857142857143
38	1.0877685730273907	0.12229646760757885	1.0	0.9942857142857143
39	1.0876155138015746	0.10265076581119585	1.0	0.9952380952380953
-1	-1	-1	-1	-1
0	1.321298599243164	59.02678549878951	0.3142857142857143	0.4419047619047619
1	1.2012759447097778	43.407106805663595	0.49047619047619045	0.5266666666666666
2	1.162488540013631	36.50848327752755	0.5653571428571429	0.5904761904761905
3	1.1407656073570251	32.75953920168568	0.6147619047619047	0.5914285714285714
4	1.127425765991211	29.832671963216686	0.6491666666666667	0.6276190476190476
5	1.119603157043457	27.824280024481364	0.6634523809523809	0.6514285714285715
6	1.1153830460139684	26.479517896819026	0.6827380952380953	0.6847619047619048
7	1.1110987663269043	24.780560932231946	0.7065476190476191	0.7066666666666667
8	1.1060989432864718	22.325292641672345	0.7422619047619048	0.6476190476190476
9	1.1037646532058716	18.104965287922905	0.8275	0.861904761904762
10	1.100844383239746	14.947305037494848	0.8876190476190476	0.9257142857142857
11	1.0985078016916912	13.189060352601025	0.9105952380952381	0.9514285714285714
12	1.0977825201474702	11.597317662982434	0.9258333333333333	0.9133333333333333
13	1.096365145274571	10.12059043115536	0.9508333333333333	0.9038095238095238
14	1.0966602961222331	9.156781394218765	0.9480952380952381	0.8942857142857142
15	1.0956114530563354	7.885883664903532	0.9660714285714286	0.96
16	1.0948124352623434	6.829883757652892	0.9778571428571429	0.8790476190476191
17	1.0939128663804796	6.096985253091094	0.9835714285714285	0.98
18	1.0938258798498857	5.123964520008392	0.991904761904762	0.9933333333333333
19	1.0936495304107665	4.739203748140952	0.9901190476190476	0.9628571428571429
20	1.0937280768439883	4.000596409061562	0.9938095238095238	0.9742857142857143
21	1.0931336662986062	3.737963414010893	0.9932142857142857	0.9914285714285714
22	1.0930554141169009	3.6367449642587526	0.9880952380952381	0.9942857142857143
23	1.0927400588989258	2.660785478784104	0.9989285714285714	0.9866666666666667
24	1.0923136520385741	2.449885127435619	0.9979761904761905	0.9895238095238095
25	1.0919371476540198	1.9685574139932263	0.9997619047619047	0.9876190476190476
26	1.0921210447947185	1.7500856856429532	0.9996428571428572	0.9914285714285714
27	1.0919892021587916	1.5026812102404838	1.0	0.9904761904761905
28	1.0920400044013714	1.2984831092928752	0.9998809523809524	0.9866666666666667
29	1.0922815084457398	1.2065891560039592	0.9998809523809524	0.9752380952380952
30	1.0927199394472185	1.0194220023916702	1.0	0.9885714285714285
31	1.0928071066737175	0.8720362350741266	1.0	0.9904761904761905
32	1.0924044594620212	0.7915223517345384	1.0	0.9904761904761905
33	1.0921512561685898	0.6960217811082252	1.0	0.9904761904761905
34	1.0921413762228829	0.8474790214812348	0.9978571428571429	0.9923809523809524
35	1.0918180412716336	0.56285140428253	1.0	0.9942857142857143
36	1.0917900510736414	0.48656123508292004	1.0	0.9904761904761905
37	1.0915761809600026	0.4051311431105599	1.0	0.9914285714285714
38	1.0914621658814259	0.3663716325005198	1.0	0.9847619047619047
39	1.0913012504577637	0.33598844075270934	1.0	0.9876190476190476
40	1.0913201774038919	0.2999532096116262	1.0	0.9876190476190476
41	1.091387112935384	0.27210141137638927	1.0	0.9876190476190476
42	1.0909707158110862	0.2439027226356499	1.0	0.9866666666666667
-1	-1	-1	-1	-1
0	1.391509771347046	59.88323394427282	0.30404761904761907	0.41714285714285715
1	1.235612154006958	42.67640595381704	0.48714285714285716	0.5504761904761905
2	1.1847289403279622	36.05139390778632	0.5641666666666667	0.5514285714285714
3	1.1576011180877686	32.121603345689664	0.6189285714285714	0.5371428571428571
4	1.142271089553833	29.272072367795065	0.6527380952380952	0.6180952380952381
5	1.1343897183736165	27.31407115849252	0.669404761904762	0.7228571428571429
6	1.1265435559409005	25.229653427356098	0.6929761904761905	0.7428571428571429
7	1.1211083233356476	23.505025762115594	0.7186904761904762	0.7295238095238096
8	1.1171928246815999	19.215656949540055	0.7998809523809524	0.8371428571428572
9	1.113119888305664	14.40782140506991	0.8886904761904761	0.8742857142857143
10	1.1103811914270574	11.532206519021734	0.9267857142857143	0.9628571428571429
11	1.1075925827026367	8.912843803035896	0.9594047619047619	0.9971428571428571
12	1.1056294441223145	7.7003270210875305	0.9530952380952381	0.9971428571428571
13	1.1040076868874686	6.033623091621544	0.9758333333333333	0.9990476190476191
14	1.1022557099660237	4.4802767441753195	0.9886904761904762	0.9076190476190477
15	1.1014519035816193	3.432165614552371	0.9913095238095239	0.9980952380952381
16	1.1000918220071232	2.453290993043225	0.9979761904761905	1.0
17	1.0993942949506972	1.6832266397802549	0.9998809523809524	0.9990476190476191
18	1.0993554968582957	1.371613098188045	0.9994047619047619	0.96
19	1.0991520166397095	1.02155552628829	0.9998809523809524	0.9990476190476191
20	1.09831588608878	0.7133900592875572	1.0	0.9990476190476191
21	1.097911997274919	0.5589052137879817	1.0	0.9990476190476191
22	1.0977623669997505	0.41135954086318216	1.0	0.9990476190476191
23	1.096628745396932	0.3333345063795608	1.0	0.9990476190476191
24	1.0960441303253174	0.2565185955438777	1.0	0.9990476190476191
25	1.0954969387788038	0.20697985450691142	1.0	0.9990476190476191
26	1.094842001243874	0.17243077008216554	1.0	1.0
27	1.0945520486150468	0.1434065373508196	1.0	1.0
28	1.093972370542329	0.12023611790978636	1.0	0.9990476190476191
29	1.0937132279078166	0.10070961045221684	1.0	0.9990476190476191
30	1.0923923061740013	0.08596674398211018	1.0	0.9990476190476191
31	1.0913116931915283	0.07388582504124243	1.0	0.9990476190476191
32	1.091539122841575	0.06383014932104843	1.0	0.9990476190476191
33	1.0910483809078442	0.05417501944127871	1.0	0.9990476190476191
34	1.09063127381461	0.04828904006460207	1.0	1.0
35	1.0903676549593608	0.041533419883636465	1.0	0.9990476190476191
36	1.090094856313757	0.03568312327798895	1.0	0.9990476190476191
-1	-1	-1	-1	-1
0	1.3850247859954834	59.85069261848247	0.2978571428571429	0.43047619047619046
1	1.2347164154052734	43.418787510222806	0.4926190476190476	0.5971428571428572
2	1.1796193917592366	36.35036520359634	0.5736904761904762	0.5723809523809524
3	1.1532646417617798	32.99065261739288	0.6067857142857143	0.5923809523809523
4	1.1401057720184327	30.471050233442067	0.6294047619047619	0.6342857142857142
5	1.129902442296346	27.943880882553273	0.6726190476190477	0.6523809523809524
6	1.1229464326586043	26.179343357738887	0.6958333333333333	0.6923809523809524
7	1.1168600916862488	24.55682128645168	0.7105952380952381	0.6657142857142857
8	1.1132423877716064	22.23082956161789	0.7438095238095238	0.7819047619047619
9	1.1106508255004883	16.9873211211578	0.8611904761904762	0.8228571428571428
10	1.1089288538152522	14.479617896642068	0.8922619047619048	0.7904761904761904
11	1.1072425842285156	12.536211160652538	0.9169047619047619	0.819047619047619
12	1.105911108163687	11.110169127866795	0.9269047619047619	0.8752380952380953
13	1.1045267241341727	9.479181460101342	0.9466666666666667	0.8990476190476191
14	1.1034873962402343	7.855596948485864	0.9683333333333334	0.9723809523809523
15	1.1025235056877136	7.0442204647644395	0.9642857142857143	0.9542857142857143
16	1.1017344839432661	5.786240416334609	0.9825	0.9685714285714285
17	1.100760089026557	4.701710879122803	0.991547619047619	0.9752380952380952
18	1.100248801080804	3.9645341285734577	0.9945238095238095	0.9742857142857143
19	1.0994012355804443	3.1932008588268728	0.996547619047619	0.9933333333333333
20	1.0977223260062081	2.684524441853222	0.9982142857142857	0.9161904761904762
21	1.0958146940578113	2.3452634156430174	0.9976190476190476	0.9961904761904762
22	1.0952824302341626	1.7976231631670614	0.9995238095238095	0.9923809523809524
23	1.0948579907417297	1.735874341921208	0.9975	0.9942857142857143
24	1.0941460132598877	1.1681447596831014	0.9998809523809524	0.9961904761904762
25	1.0935204946077788	1.0029197796442664	0.9998809523809524	0.9914285714285714
26	1.0925536067397505	0.8139715830409482	1.0	0.9961904761904762
27	1.091740676334926	0.6856683804281765	1.0	0.9952380952380953
28	1.0915517807006836	0.5528139441412211	1.0	0.9914285714285714
29	1.0913087844848632	0.46710723644200386	1.0	0.9952380952380953
30	1.0911988366034724	0.4125611727115319	1.0	0.9952380952380953
31	1.0908565446734428	0.4102125693070118	1.0	0.9952380952380953
32	1.0907878297747988	0.28546525790097593	1.0	0.9961904761904762
33	1.0907401477589327	0.24178752249297986	1.0	0.9952380952380953
34	1.0905060155051096	0.20046505633699124	1.0	0.9961904761904762
35	1.0905349784427218	0.17304876119521634	1.0	0.9952380952380953
36	1.0900662460842647	0.15934283537046537	1.0	0.9961904761904762
37	1.0900069349690487	0.13569553924490743	1.0	0.9961904761904762
38	1.0897732147803674	0.11862126355388772	1.0	0.9952380952380953
39	1.0896669924259186	0.10683834370041528	1.0	0.9961904761904762
40	1.0894430904853634	0.08845593883680754	1.0	0.9942857142857143
41	1.089541611217317	0.0799431665074576	1.0	0.9942857142857143
-1	-1	-1	-1	-1
0	1.3721284866333008	60.0676506608158	0.3003571428571429	0.3619047619047619
1	1.2314069271087646	43.688977288655906	0.4869047619047619	0.5676190476190476
2	1.1824127038319905	36.742239070935845	0.5701190476190476	0.6114285714285714
3	1.1562955379486084	32.84403015542846	0.6033333333333334	0.6228571428571429
4	1.1410601139068604	29.886227506195183	0.6511904761904762	0.68
5	1.1316992839177449	28.177699368262925	0.6696428571428571	0.6447619047619048
6	1.1247092655726842	25.787933059518327	0.689047619047619	0.64
7	1.1204612255096436	22.99309475249664	0.7451190476190476	0.7504761904761905
8	1.1160399119059246	18.411250502437692	0.8379761904761904	0.8857142857142857
9	1.1124415159225465	16.0206893514771	0.8763095238095238	0.8695238095238095
10	1.1092058962041682	14.201269820615819	0.8875	0.8819047619047619
11	1.1067102154095967	12.673073346170636	0.9063095238095238	0.8961904761904762
12	1.105007556768564	10.850449139627667	0.9315476190476191	0.9095238095238095
13	1.103554368019104	9.2404214365854	0.9583333333333334	0.9419047619047619
14	1.1015958786010742	8.554778309376067	0.9565476190476191	0.9466666666666667
15	1.1001832038164139	7.090151562890172	0.9791666666666666	0.9619047619047619
16	1.0991853685940014	6.44182930971733	0.98	0.9619047619047619
17	1.0974472761154175	5.709446040396455	0.9835714285714285	0.9809523809523809
18	1.0966289043426514	5.090929645095941	0.9830952380952381	0.9380952380952381
19	1.0957964181900024	4.134323664944435	0.9948809523809524	0.9895238095238095
20	1.0955677600133986	3.4596736286076304	0.9975	0.9885714285714285
21	1.0950409282337537	3.1353055723719723	0.9980952380952381	0.9857142857142858
22	1.0946031964343528	2.667251211835404	0.9992857142857143	0.9942857142857143
23	1.0928103228410084	2.370430817395562	0.9990476190476191	0.9971428571428571
24	1.0910830879211426	1.9697001608152354	0.9997619047619047	0.9923809523809524
25	1.0895064702400794	1.777550357149581	0.9989285714285714	0.9885714285714285
26	1.0889977084265814	1.5421489606338763	0.9992857142857143	0.9933333333333333
27	1.0886211821011134	1.2896234889447462	0.9990476190476191	0.9876190476190476
28	1.0881864531286831	1.194641909105243	0.9997619047619047	0.9961904761904762
29	1.0868390162785848	1.0144347554150643	0.9994047619047619	0.9914285714285714
30	1.0860846888634466	0.8217570855930277	0.9998809523809524	0.9895238095238095
31	1.08589256554842	0.7441136925392731	1.0	0.9933333333333333
32	1.08562775814172	0.6371049781262648	1.0	0.9914285714285714
33	1.085017435690936	0.5996364411745688	1.0	0.9895238095238095
34	1.0847133772713797	0.4739573548615205	1.0	0.9704761904761905
35	1.0848557617929246	0.4983467133892806	1.0	0.9923809523809524
36	1.0847852101197113	0.3731069438471087	1.0	0.9885714285714285
37	1.0847356507652683	0.3406751775129666	1.0	0.9838095238095238
38	1.0847769272633088	0.32654762381383223	1.0	0.9904761904761905
39	1.0847780406475067	0.2672356970664893	1.0	0.9876190476190476
40	1.0844861705128739	0.23740728666913827	1.0	0.9895238095238095
41	1.0843211242130824	0.2146483646429537	1.0	0.9885714285714285
42	1.0846732938012411	0.6581291164565449	0.9948809523809524	0.8838095238095238
43	1.0848130096088757	0.7912127095143605	0.9936904761904762	0.9961904761904762
-1	-1	-1	-1	-1
