Epoch	Training_Time	Train_Loss	Train_Score	Valid_Score
0	0.39364194869995117	8.27494845867157	0.921875	0.975
1	0.2982531785964966	5.900217196941376	0.943125	0.97
2	0.26021544138590497	3.3562250542640686	0.96625	0.99
3	0.24198180437088013	2.3897906440496444	0.976875	0.985
4	0.23307862281799316	1.174645265340805	0.99	0.985
5	0.22627385457356772	1.3272280204296112	0.988125	0.98
6	0.22176415579659597	1.1685866717994213	0.989375	0.995
7	0.2178792655467987	1.057961511015892	0.991875	0.98
8	0.2154948976304796	1.1081184802949429	0.990625	0.995
9	0.21302180290222167	1.1772701046615839	0.99	0.985
10	0.21181236613880505	1.421812383532524	0.988125	0.995
11	0.2101435661315918	3.3724295660853385	0.98625	0.965
12	0.20943379402160645	1.634639773219824	0.9875	0.975
13	0.2084925855909075	1.455481016561389	0.986875	0.97
14	0.20781903266906737	1.1419928787648679	0.9925	0.975
15	0.20724298059940338	0.8565138187259436	0.994375	0.98
16	0.2067537027246812	0.9359908480197191	0.9925	0.98
17	0.20620580514272055	0.736180300489068	0.99625	0.98
18	0.20544315639295077	0.7279983641207218	0.995	0.99
19	0.2051761269569397	0.7077712325006723	0.995625	0.985
20	0.20472978410266696	0.7145328350365162	0.995625	0.98
21	0.2046686519276012	0.8676000823453068	0.994375	0.985
22	0.20419738603674847	0.7239159483090043	0.99375	0.985
23	0.20338826378186545	0.6515504720807076	0.995625	0.98
24	0.2028220272064209	0.6325848465785384	0.99625	0.975
25	0.20226705074310303	0.7377726903185249	0.994375	0.995
26	0.20178227071408872	0.6452354273013771	0.994375	0.98
27	0.20153267042977469	0.5734710303321481	0.99625	0.985
28	0.20116056244948816	0.6045930070057511	0.996875	0.98
29	0.20071446895599365	0.555189091898501	0.995625	0.995
-1	-1	-1	-1	-1
0	0.23409390449523926	7.137576371431351	0.91625	0.97
1	0.21012699604034424	4.295811561346054	0.973125	0.99
2	0.2021167278289795	2.5695639511942865	0.975	0.99
3	0.20018482208251953	1.702060316801071	0.983125	0.99
4	0.19893031120300292	2.205078813880682	0.98125	0.98
5	0.19665197531382242	1.2373589307069779	0.9925	0.99
6	0.19639131001063756	1.0777616022527219	0.990625	0.99
7	0.1962243914604187	1.8679425444453954	0.981875	0.99
8	0.19481666882832846	1.065579494535923	0.990625	0.99
9	0.19473025798797608	1.1519268361479045	0.99125	0.995
10	0.1937324350530451	0.8381812943518162	0.99375	0.98
11	0.19344786802927652	1.7114712685346603	0.988125	0.99
12	0.19298269198491022	1.7498871980607509	0.986875	0.99
13	0.1926156963620867	1.5498128727823497	0.983125	0.99
14	0.1919909636179606	0.9196948751062155	0.991875	0.995
15	0.19234681129455566	0.9166624448448419	0.9925	0.995
16	0.19316716755137725	0.7177844923734665	0.994375	0.995
17	0.1931721501880222	0.6469206115603447	0.995625	0.99
18	0.19328596717432925	0.6176931419223547	0.99625	0.995
19	0.19286807775497436	0.7503770832344889	0.9925	0.995
20	0.19248467399960473	0.9572420761175454	0.9925	0.99
21	0.19208510355515915	0.5662401090562343	0.99625	0.99
22	0.1927321786465852	0.6046246795728802	0.995	0.99
23	0.19275888800621033	0.5745436653122306	0.995625	0.995
24	0.19271612167358398	0.5153183816373348	0.996875	0.995
25	0.19273431484515852	0.4038676702603698	0.996875	0.99
26	0.1925457583533393	0.5970370754227042	0.994375	0.99
27	0.1922536322048732	0.3920259065600112	0.99625	0.995
28	0.19187118267190867	0.39042219810187817	0.998125	0.995
29	0.19159911473592123	0.4132688253559172	0.996875	0.99
-1	-1	-1	-1	-1
0	0.28695058822631836	6.959642872214317	0.926875	0.98
1	0.2404094934463501	6.497540182545781	0.9475	0.97
2	0.2207330862681071	5.657129572629929	0.955625	0.965
3	0.21236169338226318	2.560632537007332	0.9775	0.985
4	0.20673766136169433	2.3513432773947716	0.98	0.99
5	0.20404918988545737	1.758853345066309	0.984375	0.985
6	0.2018277304513114	1.920642290711403	0.98125	0.98
7	0.2007773518562317	1.7904823079705239	0.98375	0.99
8	0.19924595620897081	1.3794965961575507	0.988125	0.99
9	0.19810223579406738	1.5353182558715344	0.985625	0.99
10	0.19921649586070667	1.451523157954216	0.988125	0.995
11	0.19885635375976562	1.0455815741419792	0.99	0.985
12	0.19777411680955154	1.1774816198274494	0.99	0.99
13	0.19665016446794784	1.4453249599039555	0.988125	0.99
14	0.19593237241109213	0.8451353660225869	0.994375	0.99
15	0.1950462907552719	0.8932382759824395	0.9925	0.995
16	0.19442537251640768	0.8312918995320797	0.994375	1.0
17	0.19395404391818577	0.7644911911338568	0.995	0.995
18	0.19430152993453176	0.6330662456154823	0.995625	0.995
19	0.19536840915679932	0.6495160308480262	0.995625	1.0
20	0.19634371712094262	0.6151877480745316	0.99625	1.0
21	0.19913548772985284	0.6987103774771094	0.994375	1.0
22	0.2019436152085014	0.4996920307725668	0.996875	0.995
23	0.2017120917638143	0.5765967540629208	0.995625	0.995
24	0.20117366790771485	0.7972910291329026	0.99375	0.995
25	0.2007985756947444	0.5150134771689773	0.996875	0.99
26	0.2002446828065095	0.5185604183003306	0.995625	0.99
27	0.19995364121028356	1.081904123062268	0.993125	0.995
28	0.20022044510676942	0.5551543649658561	0.996875	1.0
29	0.1999066114425659	0.44936420664191246	0.996875	0.995
30	0.19935534077305947	0.7517378356261178	0.99375	0.99
31	0.19876854121685028	0.494053351059556	0.99625	0.995
32	0.19841384887695312	0.3825585748255253	0.9975	0.995
33	0.1979159116744995	0.3125680239871144	0.9975	0.995
34	0.19755001068115235	0.31139301193878055	0.9975	0.995
35	0.19730575879414877	0.3282707022596151	0.9975	0.995
36	0.19734170630171494	0.2498010171111673	0.998125	0.99
-1	-1	-1	-1	-1
0	0.2313854694366455	7.547295573651791	0.933125	0.945
1	0.21063899993896484	4.6401112067699435	0.96	0.94
2	0.20141983032226562	2.0224878492951395	0.98	0.955
3	0.19631588459014893	2.2262963843345642	0.98125	0.965
4	0.19408254623413085	1.483863026201725	0.988125	0.975
5	0.19659189383188883	5.9915245234966275	0.94375	0.98
6	0.19522363798958914	2.6012070667743683	0.979375	0.965
7	0.19442704319953918	1.9493083131313325	0.9825	0.985
8	0.19337704446580675	2.401578737795353	0.98	0.985
9	0.19276053905487062	1.8812203893065453	0.98375	0.985
10	0.1923255053433505	1.5838977114856243	0.989375	0.985
11	0.1918346087137858	1.5176206694543362	0.98625	0.995
12	0.1914642590742845	1.2916805300116538	0.991875	0.99
13	0.19131665570395334	1.260284352824092	0.991875	0.99
14	0.1911124070485433	1.3122609460353851	0.99	0.995
15	0.1913345456123352	1.134546044021845	0.98875	0.995
16	0.1916789868298699	1.1121549819409848	0.99	0.995
17	0.19174259238772923	0.9087613740563393	0.994375	0.995
18	0.19183786291825144	1.03445845477283	0.990625	0.99
19	0.19171206951141356	0.8585107491910458	0.9925	0.99
20	0.19163761820111955	0.7152268228679896	0.995625	0.995
21	0.19145370613444934	0.8934414587914944	0.993125	0.99
22	0.19116893021956735	0.7626694026589393	0.994375	0.99
23	0.19129235545794168	0.771165004633367	0.995	0.99
24	0.19123337745666505	0.7315256945043802	0.995	0.995
25	0.19116524549630973	0.658835170455277	0.99625	0.99
26	0.19113207746435096	0.6383791635558009	0.99625	0.99
27	0.19114782129015243	0.6076573661714793	0.99625	0.995
28	0.19106696391927785	0.6129924993589521	0.995	0.995
29	0.1910154660542806	0.5963233818113803	0.996875	0.995
30	0.19094183368067588	0.511607270911336	0.996875	0.99
31	0.19097688049077988	0.6484076326899231	0.99625	0.995
-1	-1	-1	-1	-1
0	0.24304533004760742	6.155842158794403	0.938125	0.98
1	0.2150719165802002	7.511542669534683	0.944375	0.95
2	0.20592371622721353	6.845949634313583	0.935625	0.93
3	0.20123571157455444	6.794494452476502	0.933125	0.935
4	0.19855866432189942	4.024701411724091	0.964375	0.985
5	0.19743633270263672	3.2182062143087387	0.971875	0.99
6	0.19686310631888254	1.8010073632001877	0.986875	0.985
7	0.1957390308380127	1.5381079741567374	0.988125	0.995
8	0.19506854481167263	1.2398588973283768	0.99	0.995
9	0.1942345380783081	1.1213915189355612	0.991875	0.995
10	0.19395386088978162	1.5457096876949072	0.988125	0.995
11	0.19308938582738241	1.0240754283964635	0.994375	0.995
12	0.1925368859217717	1.1447912247106433	0.989375	0.995
13	0.1916318450655256	1.1832486480101942	0.990625	0.995
14	0.1912053902943929	1.2240511170774697	0.9925	0.96
15	0.19111883640289307	1.288488711686805	0.99	0.995
16	0.19150087412665873	0.8809458458423615	0.991875	0.995
17	0.1915970245997111	0.8213998202234507	0.993125	0.995
18	0.19434516053450734	0.6051844852417707	0.994375	0.995
19	0.19505215883255006	0.7007349799200893	0.993125	0.995
20	0.19488133702959334	0.5622254807129502	0.9975	0.995
21	0.19432839480313388	0.556911277808249	0.99625	0.995
22	0.19382808519446332	0.5642194243147969	0.996875	0.995
23	0.19342447320620218	0.4845956214144826	0.996875	0.995
24	0.1931464672088623	0.4658971270639449	0.996875	0.995
25	0.1931314651782696	0.7452476702909917	0.9925	0.995
26	0.19278129824885615	0.5757683644443751	0.996875	0.995
27	0.19272347858973912	0.6354018033482134	0.995	0.995
28	0.19244434093606883	0.5406664684414864	0.995625	0.995
29	0.1925946315129598	0.5394035548251123	0.9975	0.995
-1	-1	-1	-1	-1
0	0.24557995796203613	8.362082653045654	0.914375	0.975
1	0.21913611888885498	4.157406691908836	0.974375	0.985
2	0.2097595532735189	2.847705952078104	0.97625	0.99
3	0.20502561330795288	1.7756940065324307	0.98625	0.975
4	0.20338015556335448	2.4472417584061623	0.976875	0.995
5	0.20197482903798422	1.079006536602974	0.9925	0.98
6	0.20104857853480748	1.1380236635683105	0.99125	0.975
7	0.20043885707855225	0.8662600307166577	0.995	0.995
8	0.20025237401326498	1.063781064003706	0.990625	0.99
9	0.20882635116577147	0.7855966863781214	0.991875	0.995
10	0.20867269689386542	1.1463164282776415	0.99	0.99
11	0.21079987287521362	1.1098564929142594	0.99125	0.995
12	0.21057213269747221	0.6390273657441139	0.99625	0.995
13	0.20883074828556605	0.6285523476451635	0.994375	0.995
14	0.20776330629984538	0.592282829079777	0.994375	0.99
15	0.20712456107139587	0.5049076482653618	0.9975	0.995
16	0.2061017541324391	0.5327546074800193	0.996875	0.99
17	0.20529716544681126	0.39788677083328367	0.9975	0.995
18	0.20468795926947342	0.402687184792012	0.9975	0.995
19	0.20762690305709838	0.411194633981213	0.9975	0.995
20	0.207851319085984	0.579096127152443	0.995	0.995
21	0.20745244893160733	0.38399058271199465	0.9975	0.99
22	0.20710023589756177	0.36531250439584256	0.9975	0.995
23	0.2065336505572001	0.45156314383260904	0.99625	0.985
24	0.20651549339294434	0.7736004126863554	0.995	0.995
25	0.2065970072379479	4.23824897961691	0.986875	0.995
26	0.20709699171560783	0.6981183813884855	0.99375	0.995
27	0.207671480519431	0.4659659022837877	0.9975	0.995
28	0.20794222272675614	0.4506651007756591	0.995	0.995
29	0.20799585978190105	0.4485645972564816	0.99625	0.995
-1	-1	-1	-1	-1
0	0.2527792453765869	5.0511457076668735	0.94125	0.935
1	0.22428250312805176	4.632387474179268	0.96625	0.955
2	0.21383213996887207	2.7516812777519224	0.973125	0.975
3	0.2080652117729187	1.4191764512658118	0.98875	0.98
4	0.2057319164276123	2.362741584032774	0.975625	0.96
5	0.20215133825937906	1.5611320193111897	0.985625	0.98
6	0.199599095753261	1.2366331072151662	0.99	0.98
7	0.1982002556324005	0.972030987739563	0.993125	0.98
8	0.19645383622911242	0.8527246313542127	0.993125	0.98
9	0.19532523155212403	1.130184113457799	0.991875	0.985
10	0.1939058087088845	1.1391816797852516	0.9925	0.98
11	0.19336581230163574	0.9755933900177479	0.991875	0.98
12	0.19235886060274565	0.7563109438121319	0.995	0.98
13	0.19176227705819265	0.6969606460258365	0.995625	0.99
14	0.19835888544718425	0.9660576984658837	0.99125	0.97
15	0.19919687509536743	0.7774145772308111	0.99375	0.99
16	0.19846527716692755	0.783273041844368	0.994375	0.98
17	0.1975870132446289	0.5394209406524897	0.996875	0.98
18	0.19704404630159078	0.6856511079892517	0.995625	0.98
19	0.19643274545669556	0.5843854226544499	0.996875	0.98
20	0.19601760591779435	0.8734081852249801	0.99375	0.98
21	0.1953937682238492	1.0316641039028764	0.986875	0.98
22	0.19493214980415677	0.7043482620082796	0.995	0.98
23	0.19441840052604675	0.6118310587853193	0.995625	0.98
24	0.19403838157653808	0.45646927621215583	0.99625	0.98
25	0.1935659096791194	0.4603526988439262	0.996875	0.98
26	0.19306234960202817	0.37748333282768726	0.99625	0.98
27	0.19282337597438268	0.5725109807029366	0.995	0.98
28	0.1925745832509008	0.3519879837427288	0.99625	0.98
29	0.19248129526774088	0.3158293924294412	0.9975	0.98
30	0.19302006690732895	0.3072145609371364	0.996875	0.975
31	0.19305866211652756	0.26923849832266566	0.9975	0.975
32	0.19309387785015683	0.21198861563578247	0.998125	0.98
33	0.19282838176278508	0.2740114593831822	0.99875	0.98
-1	-1	-1	-1	-1
0	0.2422034740447998	6.081125300526619	0.94375	0.995
1	0.21714460849761963	4.322629296779633	0.97125	0.975
2	0.20680777231852213	2.4132967314124105	0.97875	1.0
3	0.2024891972541809	1.5825234878063201	0.98875	1.0
4	0.19892663955688478	2.2022543895244597	0.9825	0.995
5	0.19736381371816	2.389706668406725	0.9775	0.96
6	0.19553014210292272	2.4692687639594078	0.98	1.0
7	0.19502711296081543	1.376223446726799	0.98875	1.0
8	0.19422006607055664	1.4137404257059096	0.986875	1.0
9	0.19400484561920167	1.2613941714167596	0.98875	1.0
10	0.1942159045826305	1.1168095266819	0.99125	1.0
11	0.1939061681429545	0.9490685582160949	0.9925	1.0
12	0.193664183983436	1.0523957853019237	0.99125	1.0
13	0.1936204433441162	0.894807191118598	0.993125	1.0
14	0.19358757336934407	0.7268183302506804	0.99375	1.0
15	0.1935078352689743	0.6086286492273212	0.995	1.0
16	0.19341353809132295	0.831689133644104	0.99375	0.995
17	0.19338619709014893	0.9096278527006507	0.991875	1.0
18	0.1932774719439055	0.5634778366982937	0.995625	1.0
19	0.1928409218788147	0.6526436682697385	0.993125	0.995
20	0.1927783035096668	0.6310226939432323	0.995	1.0
21	0.19242878393693405	0.515999151635915	0.995625	1.0
22	0.19247880189315134	1.1048868010845034	0.9925	0.99
23	0.19221190611521402	1.52684518516995	0.986875	0.995
24	0.19226423263549805	0.7316668158769608	0.994375	0.995
25	0.19231521166287935	0.538391729220748	0.996875	0.995
26	0.19226837158203125	0.6921639301255346	0.99375	1.0
27	0.1924979431288583	0.46703825060278176	0.995	1.0
28	0.19249435128836795	0.5615085220243782	0.99625	0.995
29	0.19266773064931234	0.38778171837329867	0.9975	0.995
-1	-1	-1	-1	-1
0	0.24818086624145508	5.449251284599304	0.9375	0.94
1	0.22180593013763428	5.036815993785858	0.955	0.985
2	0.2127040227254232	2.6059673827886582	0.9775	0.995
3	0.2082611322402954	2.7711775410175323	0.976875	0.985
4	0.20383658409118652	1.4013240638375282	0.99	0.975
5	0.20235872268676758	2.228896924853325	0.979375	0.99
6	0.20116237231663295	1.3462199795246124	0.986875	0.995
7	0.2005825936794281	1.2379606518149375	0.9925	0.985
8	0.2000216113196479	1.6943100790679455	0.98625	0.995
9	0.1998459815979004	0.9457356582581997	0.991875	0.99
10	0.19996998526833273	1.0062269980832934	0.990625	0.995
11	0.1998305320739746	0.957131144143641	0.991875	0.995
12	0.19912934303283691	0.820295569896698	0.99375	0.995
13	0.19909698622567312	0.6477847275137901	0.99625	0.985
14	0.19831671714782714	0.5510659259185196	0.995625	0.985
15	0.19858667254447937	0.5857463322579861	0.995	0.985
16	0.1982879217933206	0.5709711225517095	0.995	0.985
17	0.1981186866760254	0.4730810765735805	0.9975	0.99
18	0.19785297544378982	0.8782012839661911	0.990625	0.98
19	0.19768900871276857	0.8052664163801819	0.995	0.985
20	0.19736174174717494	0.6696365442126989	0.994375	0.995
21	0.19740806926380505	0.670222489759326	0.994375	0.98
22	0.19713163375854492	0.49911112173460426	0.996875	0.995
23	0.19708537062009177	0.5127932115830481	0.99625	0.975
24	0.19691390991210939	0.5568974039051682	0.995625	0.995
25	0.19684966710897592	0.33117298860568556	0.9975	0.99
26	0.1969137633288348	0.4030373523011804	0.99625	0.99
27	0.1968242015157427	0.22770885117352008	0.99875	0.985
28	0.19678008967432484	0.3300234711216763	0.996875	0.985
29	0.19719146092732748	0.26998978085815906	0.99625	0.98
-1	-1	-1	-1	-1
0	0.34621262550354004	6.359554991722107	0.93	0.975
1	0.27123212814331055	4.912959006428719	0.96625	0.975
2	0.24401593208312988	1.9940673331916332	0.98875	0.985
3	0.27013832330703735	1.4766150410287082	0.989375	0.985
4	0.27370510101318357	1.5147983103990554	0.989375	0.985
5	0.2618677616119385	1.4612543576955794	0.98875	0.99
6	0.25018320764814106	1.524324270784855	0.9875	0.975
7	0.24268943071365356	1.3268734158575535	0.991875	0.995
8	0.2369461324479845	1.3179008615016938	0.98625	0.995
9	0.23898108005523683	1.3263236033171415	0.98875	0.995
10	0.2377101941542192	2.0129783099517224	0.9775	0.975
11	0.24108471473058066	1.2826882682740688	0.988125	0.995
12	0.23786244025597206	1.3152206356823444	0.991875	0.99
13	0.23442207063947404	1.211837284117937	0.990625	0.975
14	0.2315404733022054	4.402490822933614	0.976875	0.98
15	0.22897778451442719	1.0994208504259586	0.991875	0.985
16	0.22646664170657888	1.0383082439005376	0.99125	1.0
17	0.2244706948598226	0.8399696662276983	0.995	0.99
18	0.22243631513495193	11.229010759685188	0.985	0.995
19	0.2277318835258484	1.0568950335681437	0.99	0.985
20	0.22597602435520717	1.3447774329781532	0.990625	0.995
21	0.23151957988739014	0.8965769992768764	0.99375	0.985
22	0.22984040301779043	1.000161399692297	0.99375	0.995
23	0.22819682955741882	0.7971477903425693	0.9925	0.99
24	0.22668790817260742	0.8248940980434418	0.99375	0.995
25	0.22535816522744986	0.6388505772501231	0.995625	1.0
26	0.22380494188379357	0.731121677570045	0.995	1.0
27	0.22721741880689347	0.6551299766451121	0.995	1.0
28	0.22582050027518435	0.658849913328886	0.995	0.99
29	0.22466536362965903	0.718009056225419	0.995	1.0
30	0.2236936092376709	0.5599519624561071	0.996875	0.995
31	0.22596944868564606	0.564355361238122	0.995625	1.0
32	0.22519847840973825	0.5889900247752666	0.994375	0.995
33	0.22745077049030976	0.5488717739284038	0.99625	1.0
34	0.22997186524527413	0.4800544038414955	0.996875	0.995
35	0.2288355694876777	0.49639371179044245	0.996875	0.995
36	0.23199752214792613	0.5020867677032947	0.99625	0.995
-1	-1	-1	-1	-1
0	0.2500307559967041	4.386279489398003	0.95625	0.98
1	0.22192394733428955	5.214198931455612	0.956875	0.985
2	0.21004478136698404	2.751047485470772	0.975	0.985
3	0.2065327763557434	1.8923193570971488	0.985	1.0
4	0.20370025634765626	1.3970099827647209	0.98875	0.98
5	0.20099544525146484	1.2379706751555204	0.99125	1.0
6	0.20005740438188827	1.056691552400589	0.993125	0.985
7	0.1983751356601715	1.363032491877675	0.9875	0.99
8	0.19786927435133192	1.192681648656726	0.991875	1.0
9	0.19703361988067628	0.9200718384981156	0.991875	1.0
10	0.1974639675833962	1.1317776976898313	0.990625	1.0
11	0.1976348360379537	1.0915948623046279	0.99	1.0
12	0.19745118801410383	0.7071689141541719	0.995625	1.0
13	0.19740729672568186	0.6603055178001523	0.994375	1.0
14	0.19725289344787597	0.638255828693509	0.99375	1.0
15	0.19726422429084778	0.6968807966262102	0.99375	0.99
16	0.19714097415699677	0.5825032538920641	0.995625	1.0
17	0.19700096713172066	0.5236579751595855	0.996875	1.0
18	0.19657851520337558	0.42784540992230174	0.9975	1.0
19	0.19595903158187866	0.6317438504844904	0.994375	1.0
20	0.19569681939624606	0.5349377068318426	0.995	1.0
21	0.19520626284859396	0.5510117094684392	0.995625	0.985
22	0.1951910620150359	0.6617118149623274	0.99375	1.0
23	0.19523595770200095	0.40586627684533594	0.9975	0.995
24	0.19524622917175294	0.39486815478652715	0.99625	1.0
25	0.19525379400986892	0.3108744197525084	0.998125	0.995
26	0.1990351323728208	0.5819777895417064	0.995625	1.0
27	0.1997418233326503	0.5113245238363743	0.996875	1.0
28	0.20197292854046	0.3817642778530717	0.995625	1.0
29	0.2068610429763794	0.29914093564264477	0.99875	1.0
-1	-1	-1	-1	-1
0	0.23478150367736816	8.018752599954604	0.91625	0.97
1	0.2136225700378418	8.082407912015915	0.929375	0.975
2	0.24336481094360352	3.186280617713928	0.970625	0.985
3	0.2293204665184021	1.9888234305381776	0.983125	0.965
4	0.22172679901123046	1.8232710272073747	0.980625	0.975
5	0.21653473377227783	1.8613200983405114	0.983125	0.98
6	0.21309239523751394	1.364102799296379	0.988125	0.99
7	0.21786338090896606	1.4310714983940125	0.985	0.98
8	0.22002657254536948	1.2127617095410823	0.9925	0.97
9	0.22913315296173095	1.752133422344923	0.983125	0.99
10	0.23901950229297986	1.192747909426689	0.99	0.985
11	0.23578619956970215	1.1586456443741917	0.98875	0.985
12	0.23164950884305513	1.2132572225853802	0.98875	0.98
13	0.23432205404554093	1.3926557307690381	0.98625	0.985
14	0.24596393903096517	0.8420450082421302	0.99375	0.985
15	0.25557878613471985	0.6898430154472589	0.995	0.99
16	0.25165518592385683	0.5788835906982421	0.995625	0.99
17	0.24792643388112387	1.1447902470547706	0.985625	0.97
18	0.24471473693847656	1.1281401377916336	0.99	0.98
19	0.24216972589492797	0.6103723018616438	0.995	0.98
20	0.23987678119114467	0.6026804287359119	0.994375	0.99
21	0.2377199801531705	0.570760796777904	0.995	0.99
22	0.23561747177787448	0.46415247820317745	0.9975	0.99
23	0.23340177536010742	0.4904772207234055	0.99625	0.99
24	0.23176559448242187	0.3647210788726807	0.9975	0.99
25	0.23003258154942438	0.37864851666614413	0.99625	0.985
26	0.22848750043798377	0.3366919497214258	0.9975	0.99
27	0.22709899289267405	0.3395543073117733	0.9975	0.98
28	0.225779311410312	0.3091097651328891	0.9975	0.99
29	0.2245763858159383	0.28846732191741464	0.99875	0.985
-1	-1	-1	-1	-1
0	0.23457956314086914	5.244066051542759	0.93875	0.985
1	0.21036338806152344	4.583908067941666	0.970625	0.905
2	0.2004857063293457	3.116957809925079	0.966875	0.965
3	0.19718635082244873	1.681661756336689	0.986875	0.975
4	0.19596872329711915	1.4252196109294892	0.98875	0.985
5	0.19528663158416748	1.3043870025873183	0.990625	0.985
6	0.19469686916896276	1.2212945647537707	0.990625	0.99
7	0.19469958543777466	1.004059294462204	0.9925	0.99
8	0.19444698757595485	1.090172745063901	0.99125	0.99
9	0.19427168369293213	1.0541627795994282	0.99125	0.99
10	0.1941708651455966	0.8719401158392429	0.994375	0.99
11	0.19404840469360352	1.0050002148374915	0.99375	0.99
12	0.19398938692533052	0.9922568602859974	0.993125	0.99
13	0.1939457654953003	0.769338161572814	0.995625	0.995
14	0.19380857149759928	0.8781499151140452	0.993125	0.99
15	0.193693608045578	0.6872758585214614	0.99625	0.99
16	0.19350144442389994	0.7638282091356814	0.99625	0.995
17	0.19339611795213488	0.6647504390776158	0.99625	0.99
18	0.1932283451682643	0.6882665507122874	0.995625	0.99
19	0.1933314323425293	0.581253233961761	0.995625	0.99
20	0.19309408324105398	0.5725273129530251	0.99375	1.0
21	0.19313527237285266	0.8551911410782487	0.991875	0.995
22	0.19295721468718155	0.6706965824775398	0.994375	0.98
23	0.19296048084894815	0.6882044830545783	0.995	0.995
24	0.1929215145111084	0.6148442631773651	0.995	0.995
25	0.1927778720855713	1.1986312029697002	0.9875	0.99
26	0.19282251817208748	0.9628525144606829	0.994375	0.99
27	0.19271879536764963	0.5882665006816388	0.995625	0.99
28	0.1927581737781393	0.4796682556718588	0.99625	0.995
29	0.19263819058736165	0.4315483567491174	0.996875	0.995
30	0.19264657266678348	0.4736997047811747	0.995625	0.995
31	0.19258983433246613	0.33781366067007185	0.99625	0.995
32	0.19260321963917126	0.3661464056000113	0.99625	0.995
33	0.19253460799946504	0.45598595092073085	0.99625	0.995
34	0.1926682676587786	0.40955686569213867	0.99625	0.995
35	0.19266629219055176	0.239983771070838	0.9975	0.99
36	0.19264078784633326	0.2524925688374788	0.9975	0.99
37	0.19273899730883146	0.2320757035072893	0.9975	0.99
38	0.19268336051549667	0.17512636752799154	0.9975	0.99
39	0.19332611560821533	0.11184384547523223	0.999375	0.99
40	0.1934731471829298	0.19295456711901351	0.99875	0.99
-1	-1	-1	-1	-1
0	0.24938702583312988	7.540228579640388	0.919375	0.965
1	0.21989750862121582	5.873296798914671	0.95875	0.97
2	0.21034773190816244	4.0545090562105175	0.95625	0.96
3	0.2047862410545349	3.8115109425783156	0.964375	0.975
4	0.20194296836853026	2.506784440279007	0.97875	0.97
5	0.19958996772766113	1.803385805785656	0.98625	0.98
6	0.1982238973890032	1.815117369890213	0.981875	0.975
7	0.19705942273139954	2.0870789435505865	0.981875	0.965
8	0.19548400243123373	1.3889979401230812	0.98875	0.99
9	0.1948986530303955	1.3615425199270248	0.985625	0.98
10	0.19503296505321155	2.2495547330379484	0.976875	0.985
11	0.19439274072647095	1.8323003616929054	0.985625	0.995
12	0.19417922313396746	1.9272349464893341	0.980625	0.975
13	0.19395627294267928	1.8486193273961544	0.983125	0.99
14	0.19331196149190266	1.1913288240134716	0.99125	0.99
15	0.19363069534301758	0.9440760260820389	0.99375	0.99
16	0.1936340472277473	0.8298836621642113	0.995	0.985
17	0.19367733266618517	0.7925975738465786	0.994375	0.99
18	0.19354197853489927	0.821760051548481	0.994375	0.985
19	0.1934841513633728	0.6976665867865086	0.99625	0.985
20	0.19359322956630162	0.6921928052604198	0.995625	0.985
21	0.19366953589699484	0.646682181879878	0.996875	0.99
22	0.1937851905822754	0.5834960608184337	0.996875	0.99
23	0.19389720757802328	0.5525138521939517	0.9975	0.99
24	0.1938312816619873	0.5836710909754038	0.99625	0.99
25	0.19393886969639704	0.5609409513510764	0.9975	0.99
26	0.19377718148408113	0.6140195867791772	0.996875	0.99
27	0.19386721508843557	0.6319838744029402	0.995625	0.99
28	0.19361916903791757	0.4767769047059119	0.9975	0.99
29	0.19357977708180746	0.4417496834695339	0.9975	0.99
30	0.19337210347575526	4.974876570100896	0.980625	0.975
31	0.19322048872709274	2.360624549090862	0.97875	0.98
-1	-1	-1	-1	-1
0	0.23997116088867188	8.361553032994271	0.9225	0.965
1	0.21367955207824707	4.032090377807617	0.968125	0.95
2	0.2048043409983317	4.032127258777618	0.96375	0.98
3	0.200708270072937	2.2352047258615495	0.97875	0.99
4	0.1977855682373047	2.9258880794048308	0.968125	0.985
5	0.19622552394866943	2.0220792362093927	0.980625	0.985
6	0.1944542612348284	1.7139246273040771	0.983125	0.995
7	0.1934085190296173	1.72393980383873	0.98625	0.99
8	0.19266064961751303	1.9276281771063806	0.985	0.985
9	0.19232635498046874	1.6884918028116227	0.985	0.99
10	0.19205927848815918	1.204614419043064	0.989375	0.995
11	0.19186375538508096	1.1450721319019794	0.99	0.995
12	0.19165688294630784	1.063593049161136	0.991875	0.995
13	0.19147098064422607	0.9093696951121092	0.995	0.99
14	0.19120140075683595	1.4464187229424714	0.985	0.99
15	0.1909928172826767	0.8568736672401428	0.993125	0.995
16	0.19077413222369025	0.7597493751347065	0.995	0.995
17	0.1906605429119534	0.7236240369081497	0.994375	0.995
18	0.19077038764953613	0.655700353346765	0.995625	0.995
19	0.19064414501190186	0.6157777236402034	0.995625	0.995
20	0.19066759518214635	0.6402815137058496	0.995	0.995
21	0.19067627733403986	0.5760752884671092	0.995625	0.995
22	0.19071612150772757	0.6352419509366155	0.99375	0.995
23	0.1906981666882833	0.9434643818251789	0.9925	0.995
24	0.1913428020477295	0.5815516319870949	0.99625	0.995
25	0.19138846030602089	0.5798731289803982	0.994375	0.995
26	0.19124182948359736	0.5858332469314337	0.995625	0.995
27	0.19128389017922537	0.452648656796664	0.9975	0.995
28	0.19099959833868618	0.46949357440695166	0.9975	0.995
29	0.19091512362162272	0.3612479666993022	0.9975	0.995
-1	-1	-1	-1	-1
0	0.2335832118988037	6.824695366621017	0.924375	0.96
1	0.21105694770812988	3.738130953907967	0.975	0.965
2	0.20087313652038574	2.8672512316703798	0.97125	1.0
3	0.1973581314086914	2.751689642071724	0.973125	1.0
4	0.1947265625	1.7597366160154342	0.984375	0.975
5	0.19341214497884116	1.4680792000889777	0.98625	1.0
6	0.19260634694780623	1.7179028670489789	0.98375	1.0
7	0.191112220287323	1.332010032236576	0.986875	1.0
8	0.19074863857693142	1.6192549777030945	0.9825	0.99
9	0.19046545028686523	1.762885045260191	0.98875	1.0
10	0.19036210667003284	1.6911484490334987	0.985625	1.0
11	0.18988714615503946	1.9505501967668533	0.980625	0.97
12	0.19009291208707368	1.303135594725609	0.9875	1.0
13	0.19012149742671422	0.9695520305633545	0.9925	1.0
14	0.19025451342264812	1.0500954627990722	0.99125	0.995
15	0.19025225937366486	0.9347224443405867	0.99125	1.0
16	0.19040729017818675	0.7525624700635671	0.995	1.0
17	0.19052418073018393	0.694318228662014	0.995	0.995
18	0.19061589241027832	0.6469197930395603	0.99625	1.0
19	0.19067208766937255	0.6482851862162352	0.995625	1.0
20	0.19064046087719144	0.6267465374618769	0.995625	1.0
21	0.19075283137234775	0.5889007698744535	0.995625	0.975
22	0.19082373121510382	0.8329787253588438	0.993125	1.0
23	0.1907233198483785	0.5211835285276174	0.996875	1.0
24	0.19088404655456542	0.5583739791437984	0.996875	0.995
25	0.19107605860783503	0.5201832322776317	0.995625	1.0
26	0.19119015446415655	0.4311641379632056	0.9975	1.0
27	0.19142740113394602	0.6541199472360313	0.995	0.995
28	0.1915038618548163	0.44515639724209904	0.99625	1.0
29	0.19160974820454915	0.5852064045052976	0.995	1.0
-1	-1	-1	-1	-1
0	0.2895941734313965	6.54291821718216	0.920625	0.945
1	0.23668646812438965	4.761289281845093	0.963125	0.96
2	0.2221252123514811	2.1190870398283006	0.9825	0.985
3	0.2142300009727478	1.551544699370861	0.98625	0.965
4	0.2084115505218506	1.893132660239935	0.98125	0.98
5	0.2061007022857666	1.8432447004318238	0.9825	0.985
6	0.2034163475036621	0.9769365368038416	0.9925	0.99
7	0.20178449153900146	0.8101479306817054	0.993125	0.985
8	0.19988645447625053	1.06965170070529	0.988125	0.995
9	0.19906978607177733	0.962807048112154	0.991875	0.995
10	0.19879488511518997	0.8813708036020398	0.991875	0.995
11	0.197563906510671	0.6391848992928862	0.994375	0.99
12	0.19742993208078238	0.6790696269273758	0.996875	0.985
13	0.19662693568638392	0.6097982229664922	0.995	0.99
14	0.19627656936645507	0.7143196685798466	0.993125	0.98
15	0.1958182007074356	0.4353026538528502	0.995625	0.99
16	0.19570171131807215	0.721281839068979	0.99375	0.975
17	0.19538731045193142	0.6740156129561364	0.994375	0.99
18	0.19509788563376979	0.7027836101688445	0.993125	0.985
19	0.19482431411743165	0.5701035432703793	0.99625	0.99
20	0.19466918990725562	4.934948897585273	0.994375	0.99
21	0.1943100474097512	0.5082197411730885	0.99625	0.99
22	0.19425850329191788	0.6499506643787026	0.993125	0.99
23	0.19420566161473593	0.5421891394257545	0.99625	0.99
24	0.19410178184509277	0.3273690403997898	0.998125	0.99
25	0.19371824998121995	0.47045760973356665	0.994375	0.99
26	0.19354144732157388	0.44272468783892693	0.99625	0.99
27	0.19344914810998098	0.29372555188834665	0.9975	0.99
28	0.19326939253971495	0.2167995746061206	0.99875	0.99
29	0.1932457447052002	0.485088020642288	0.995	0.99
-1	-1	-1	-1	-1
0	0.23633575439453125	7.7528552412986755	0.9275	0.94
1	0.2137211561203003	5.24681906580925	0.95375	0.955
2	0.20533967018127441	2.4278825920820237	0.979375	0.975
3	0.20167315006256104	2.141033216714859	0.98	0.94
4	0.1990360736846924	4.842590256035328	0.95875	0.975
5	0.1983278195063273	1.823197608590126	0.9825	0.97
6	0.19760216985430037	1.573451148867607	0.98625	0.985
7	0.1965848207473755	1.5232875494658946	0.984375	0.965
8	0.19607986344231498	1.906304314136505	0.983125	0.97
9	0.1963099479675293	1.5424970661848783	0.98625	0.935
10	0.1962515874342485	1.9034384006261826	0.98375	0.98
11	0.19618590672810873	1.2339633195102215	0.990625	0.955
12	0.19526331241314226	1.5541932504624127	0.981875	0.955
13	0.19431984424591064	0.918175065368414	0.9925	0.98
14	0.19353421529134116	0.9415974075347185	0.989375	0.975
15	0.19345322251319885	0.7408164904266595	0.995	0.98
16	0.1936801040873808	0.7375327832251787	0.99375	0.98
17	0.19316000408596462	0.6716034431010485	0.993125	0.985
18	0.192995360023097	0.6993896456807852	0.99375	0.985
19	0.19259198904037475	0.7337935968488455	0.993125	0.985
20	0.19244152023678734	0.5416709957644343	0.995625	0.985
21	0.1921398097818548	0.501694747749716	0.99625	0.98
22	0.1921466537143873	0.5082365911640226	0.99625	0.98
23	0.19174369176228842	0.44691773399710655	0.995	0.98
24	0.19145026206970214	0.45202511103823784	0.995625	0.985
25	0.19117854191706732	0.40277272257953883	0.99625	0.98
26	0.19105507709361888	0.36320108622312547	0.995	0.98
27	0.1911176187651498	0.29635398074053226	0.9975	0.985
28	0.19099685241436137	0.3191671890206635	0.99625	0.98
29	0.19095812638600668	0.30565044173039496	0.9975	0.98
-1	-1	-1	-1	-1
0	0.24209213256835938	7.083127719759941	0.931875	0.94
1	0.21696817874908447	4.367845561504364	0.97125	0.96
2	0.2063624064127604	7.228700916767121	0.929375	0.975
3	0.20134204626083374	3.0008782887458803	0.97875	0.995
4	0.198730993270874	2.15497889906168	0.9825	0.99
5	0.19685765107472739	2.5557803869247437	0.98	0.995
6	0.19509639058794295	1.7972689899802208	0.985	0.97
7	0.1956985592842102	1.6727704474329947	0.983125	0.995
8	0.19664952490064833	1.7531527183949946	0.988125	0.995
9	0.1961202621459961	1.4940104484558105	0.9875	0.995
10	0.194996487010609	1.2435105097293855	0.991875	0.99
11	0.1937929391860962	1.3043670856952667	0.98875	0.995
12	0.19370532035827637	1.0967032766342164	0.991875	0.99
13	0.19465526512690953	1.4683610448241233	0.988125	0.99
14	0.19447725613911945	1.1125750914216042	0.993125	0.995
15	0.19425375759601593	0.9543800669908523	0.993125	0.995
16	0.19368917801800897	0.9847672601044178	0.991875	0.995
17	0.19335300392574734	0.8762059630453587	0.993125	0.99
18	0.19298084158646434	0.9133914372324944	0.993125	0.995
19	0.19279416799545288	0.8461648591607809	0.99375	0.99
20	0.19235856192452566	0.7777062503248453	0.995	0.99
21	0.19213061982935126	1.4231056300736964	0.98625	0.985
22	0.19177378778872284	0.9981916461139917	0.99125	0.98
23	0.1916263004144033	0.7987574148923159	0.994375	0.995
24	0.19122647285461425	0.6801967082172632	0.995	0.995
25	0.19099333653083214	0.7098711406067014	0.995625	0.995
26	0.1908666557735867	0.7983358204364777	0.9925	1.0
27	0.19054840292249406	0.6840885158255696	0.99625	0.995
28	0.19036903052494444	0.6575122193619609	0.995	0.995
29	0.19012760321299235	0.5574171279370784	0.99625	1.0
30	0.19001375475237448	0.48074018616229297	0.99625	0.995
31	0.18983269482851028	0.5137341685593129	0.99625	1.0
32	0.1897228414362127	0.5391091622970998	0.995	1.0
33	0.18961689752690933	0.4812268199212849	0.996875	0.995
34	0.18945935794285365	0.5126668608374894	0.995	0.995
35	0.18937305609385172	0.521878645978868	0.995	1.0
36	0.18916571462476575	0.3854028712399304	0.996875	0.99
37	0.18905416915291234	0.5082095075119287	0.995	0.995
38	0.1889646725776868	0.4159619994275272	0.996875	0.995
39	0.18881306052207947	0.3883387020602822	0.99625	0.995
40	0.1887609260838206	0.3837987091578543	0.99625	0.995
41	0.18862141881670272	0.27914573945105076	0.9975	0.995
42	0.1886663603228192	0.28234819451346993	0.99625	1.0
43	0.18910671906037765	0.31586891481652857	0.996875	1.0
44	0.18940490616692437	0.34558019703719767	0.9975	0.99
45	0.18950343650320303	0.4029321316536516	0.995	0.98
46	0.18955369705849506	0.4174424564279616	0.996875	0.995
-1	-1	-1	-1	-1
0	0.2527027130126953	9.987161810398101	0.91	0.975
1	0.22090744972229004	5.30027400135994	0.95875	0.95
2	0.2077956199645996	8.00196457862854	0.92375	0.955
3	0.20328980684280396	3.418864390850067	0.9675	0.975
4	0.20058517456054686	3.0924603086709976	0.97125	0.995
5	0.19892319043477377	4.993368553519249	0.955625	0.985
6	0.19794235910688127	2.6719380086660385	0.97625	0.985
7	0.19696885347366333	2.4915088987350464	0.980625	0.98
8	0.1988860766092936	2.384296532869339	0.97625	0.99
9	0.20053014755249024	1.534778234809637	0.989375	0.99
10	0.20048455758528275	1.2620919311046601	0.989375	0.99
11	0.19906129439671835	1.798265497982502	0.984375	0.985
12	0.19816129024212176	1.9792537516355515	0.984375	0.985
13	0.19762047699519567	1.4478746677935124	0.986875	0.99
14	0.19833726882934571	1.4162101475149393	0.9875	0.99
15	0.19939707219600677	1.2389332139492035	0.99125	0.99
16	0.19998816882862763	1.1552141027152538	0.99	0.99
17	0.2046991851594713	1.0671953448653222	0.99125	0.995
18	0.20472353383114464	1.06820382386446	0.9925	0.99
19	0.20398370027542115	0.8154346849024295	0.994375	0.99
20	0.20357764334905715	0.904028994962573	0.99375	0.99
21	0.20315531167117032	0.7286610107496381	0.995	0.995
22	0.2027297952900762	0.7185146392136812	0.995	0.995
23	0.20219364762306213	0.7308623225614429	0.99375	0.99
24	0.20182294845581056	0.9729516876861453	0.993125	0.99
25	0.2013241144327017	0.9540570261329413	0.993125	1.0
26	0.20096732068944861	1.0338693404756487	0.99125	1.0
27	0.20063835382461548	0.7586841611936689	0.994375	0.995
28	0.2005232367022284	0.6318540637940169	0.994375	0.995
29	0.20051581064860027	0.6077830054238439	0.995	0.995
30	0.20008608602708386	0.547011569365859	0.995	0.99
31	0.1998676061630249	0.5420034595951438	0.99625	0.995
32	0.19952197508378464	0.6592102854698897	0.995	0.995
33	0.19930153033312628	0.5871137201413512	0.995625	0.99
34	0.1994849681854248	0.7628985990025103	0.99375	0.995
35	0.19912676678763497	0.44415342340245845	0.9975	1.0
36	0.1989500587050979	0.44984518632292747	0.996875	1.0
37	0.1988022578390021	0.39761839220300316	0.995625	0.99
38	0.19867843236678687	0.49326356700621543	0.99625	1.0
39	0.19852316975593567	0.3516394531261176	0.998125	0.99
40	0.19836919482161358	0.3645809750631452	0.9975	0.995
41	0.1982546193259103	0.34358702674508096	0.996875	1.0
42	0.19805601031281228	0.3431634948030114	0.996875	0.995
43	0.19806703654202548	0.36714521270245315	0.998125	1.0
44	0.19784285227457682	0.2875080110691488	0.9975	1.0
45	0.1977709272633428	0.2932481533102691	0.99625	0.995
-1	-1	-1	-1	-1
0	0.2923424243927002	7.819244586229324	0.92875	0.975
1	0.2412492036819458	4.502384234666824	0.96875	0.93
2	0.22279953956604004	3.5641092240810393	0.9625	0.985
3	0.21454167366027832	1.7667727476358415	0.98375	1.0
4	0.20884385108947753	1.9895194372534752	0.98375	0.94
5	0.20608818531036377	3.7861783799529074	0.96375	0.96
6	0.20343504633222306	2.868186912536621	0.971875	1.0
7	0.20179134607315063	1.3852865511178971	0.989375	1.0
8	0.20086998409695095	1.4583454474806785	0.989375	1.0
9	0.19971942901611328	1.3645893999934195	0.98875	1.0
10	0.1982670480554754	1.4647826254367828	0.9875	1.0
11	0.19692238171895346	1.139635628014803	0.99	1.0
12	0.1959383120903602	0.9798295520246029	0.9925	1.0
13	0.1954775367464338	0.945750178322196	0.99125	1.0
14	0.19456122716267904	0.9043481407314539	0.99375	1.0
15	0.19411589205265045	0.837489653006196	0.9925	1.0
16	0.19349084180944107	1.1077896764874458	0.99125	1.0
17	0.19334758652581108	0.8085043884068728	0.9925	1.0
18	0.19284474222283615	0.805442036986351	0.993125	0.995
19	0.19264875650405883	0.765578993819654	0.994375	1.0
20	0.19224980899265834	0.6301902541145682	0.995625	1.0
21	0.19182245297865433	0.6824329255893826	0.995625	1.0
22	0.19157755893209708	0.5980827009305358	0.995	1.0
23	0.1912207007408142	0.6021797607839108	0.995625	1.0
24	0.1909819507598877	0.5620540731772781	0.99625	1.0
25	0.1906818151473999	0.4952057185396552	0.99625	0.975
26	0.19041029612223306	0.5526792671252042	0.995625	1.0
27	0.1903561523982457	0.49646378614008424	0.995	1.0
28	0.19011069166249242	0.4322001175303012	0.99625	1.0
29	0.19006705284118652	0.4330092045105994	0.996875	1.0
-1	-1	-1	-1	-1
0	0.2395460605621338	8.166585478782654	0.90875	0.98
1	0.2138521671295166	5.463833814896643	0.95625	0.97
2	0.20333059628804526	3.0374996507167817	0.97375	0.99
3	0.19897788763046265	2.917888527214527	0.973125	0.995
4	0.1965756893157959	2.6113129907846453	0.97125	0.94
5	0.19498984018961588	1.9323459213972092	0.98375	1.0
6	0.194411039352417	1.4390119844675064	0.986875	0.985
7	0.19377857446670532	1.8015942652523518	0.984375	0.99
8	0.19383960300021702	1.4547715979814528	0.989375	0.995
9	0.1933570146560669	1.0873160281032324	0.991875	0.995
10	0.19352223656394266	0.9935111272335052	0.99375	0.99
11	0.19311267137527466	1.0785718861222267	0.991875	0.99
12	0.19279124186589167	0.8693256263434886	0.995625	0.985
13	0.1924403394971575	0.9594647235050797	0.99375	1.0
14	0.19205430348714192	1.0018492165952921	0.9925	1.0
15	0.19197508692741394	0.8268326126039028	0.99375	0.99
16	0.19162517435410442	0.6643993089348078	0.995	1.0
17	0.19150541888342965	0.9062099843472242	0.993125	0.995
18	0.1912722336618524	1.0035902552679181	0.991875	1.0
19	0.191026508808136	0.8893767288327217	0.994375	0.99
20	0.19096124739873976	0.5876576187834144	0.995625	0.995
21	0.19077091867273505	0.8862957882368937	0.991875	0.985
22	0.19067146467125934	0.6451072906702757	0.995	1.0
23	0.1904637118180593	0.6099258470442146	0.995	0.995
24	0.19033634185791015	0.5634661381319165	0.995625	1.0
25	0.19052090094639704	0.523531734906137	0.99625	1.0
26	0.19024018005088525	0.5306061873584986	0.995625	1.0
27	0.19024370397840226	0.5997109100129455	0.99375	0.995
28	0.19021106588429418	0.4676419964013621	0.9975	1.0
29	0.19016035397847494	0.42359430585056546	0.996875	1.0
-1	-1	-1	-1	-1
0	0.24106717109680176	5.805078340768814	0.9325	0.975
1	0.21644914150238037	3.5916708385944367	0.971875	0.985
2	0.2072161833445231	2.03690542422235	0.985625	0.995
3	0.20173609256744385	1.9202105344831943	0.98125	0.99
4	0.19835834503173827	1.4336997579783202	0.989375	0.98
5	0.19593958059946695	1.183199142254889	0.99	0.99
6	0.19518790926252091	1.4224429897218942	0.98375	0.99
7	0.1949383020401001	1.2224091866612434	0.984375	0.99
8	0.1949040095011393	0.9503721832111478	0.991875	0.99
9	0.19480547904968262	0.9987731995433569	0.99	0.99
10	0.19466519355773926	1.114524132758379	0.98875	0.99
11	0.19365739822387695	0.9499535862356424	0.9925	0.99
12	0.19361400604248047	0.7558000016212464	0.99375	0.995
13	0.19362781729016984	0.6000905554369091	0.994375	0.995
14	0.193216339747111	0.5003731614351272	0.99375	0.99
15	0.1932525783777237	1.4041476782411337	0.989375	0.99
16	0.1933275671566234	0.7954685162752867	0.99375	0.995
17	0.1930962536070082	0.4578772770985961	0.99625	0.995
18	0.19278760960227564	0.5079418946057558	0.99625	0.995
19	0.19279502630233764	0.6244118292164057	0.991875	0.975
20	0.19297880218142555	0.6143632733589038	0.994375	0.995
21	0.19280006668784402	0.40814967062324287	0.996875	0.995
22	0.19281382146088974	0.3545057404600084	0.9975	0.995
23	0.1925089160601298	0.282025874145329	0.9975	0.99
24	0.19241205215454102	0.22455710130743683	0.99875	0.995
25	0.1923076739678016	0.21469520558603108	0.998125	0.995
26	0.19230712784661186	0.25407160696107894	0.9975	0.99
27	0.19225374289921351	0.8655129171628505	0.9925	0.995
28	0.1920275934811296	0.4132558100298047	0.99625	0.995
29	0.19200703303019206	0.3038835484161973	0.9975	0.995
-1	-1	-1	-1	-1
0	0.24181652069091797	5.614225323200226	0.93375	0.97
1	0.21721947193145752	4.003495346605778	0.9675	0.96
2	0.20806964238484701	1.8329480636119841	0.986875	0.97
3	0.22054094076156616	1.8391029837727546	0.981875	0.905
4	0.21535191535949708	3.3837838265299798	0.96875	0.97
5	0.21183129151662192	1.4497258040308951	0.984375	0.975
6	0.20893451145717076	1.043906129449606	0.991875	0.975
7	0.20727622509002686	0.9210258635878563	0.99375	0.98
8	0.2052663697136773	0.8635766568779946	0.99125	0.98
9	0.20275065898895264	1.245331300869584	0.988125	0.98
10	0.20111896774985574	1.0388923684880138	0.990625	0.98
11	0.1998718579610189	0.8603033318929374	0.990625	0.98
12	0.1991696174328144	0.7112602003663778	0.99375	0.98
13	0.19882128919873918	0.5102777373418212	0.996875	0.985
14	0.1982121467590332	0.4727691835351288	0.995625	0.98
15	0.19745148718357086	0.7864083512499929	0.9925	0.985
16	0.1968240597668816	0.4534090910106897	0.995625	0.985
17	0.19694038232167563	0.43297114201821385	0.99625	0.985
18	0.19672795345908717	0.46986820119898765	0.994375	0.985
19	0.19676151275634765	0.3805980312637985	0.9975	0.985
20	0.19664580481392996	0.5177452928479761	0.995	0.985
21	0.19666645743630148	0.5145962711423635	0.994375	0.985
22	0.19666356625764267	0.3416198870353401	0.9975	0.985
23	0.1966471572717031	0.2775461101718247	0.9975	0.985
24	0.19664875984191896	0.2596507077757269	0.998125	0.985
25	0.19662458163041335	0.27260818309150636	0.996875	0.985
26	0.19650587329158076	0.24743205313570799	0.998125	0.985
27	0.19617079836981638	0.20736617632210255	0.998125	0.985
28	0.19592739795816355	0.17578461528755723	0.99875	0.985
29	0.19556110699971516	0.1748789856757503	0.998125	0.985
30	0.19531501493146342	0.22195407027611508	0.9975	0.985
31	0.19540300220251083	0.17179859833326191	0.998125	0.985
32	0.19517828478957666	0.19576959976693614	0.99875	0.985
33	0.19515380438636332	0.10894221388734877	0.99875	0.985
-1	-1	-1	-1	-1
0	0.24229073524475098	8.682108790874482	0.92125	0.975
1	0.21699130535125732	6.123353803157807	0.960625	0.945
2	0.2064665158589681	3.141541681289673	0.9675	0.97
3	0.202548086643219	1.7815305918455124	0.98375	0.985
4	0.19930639266967773	1.4539178150892258	0.9875	0.97
5	0.19854462146759033	1.391335603892803	0.989375	0.975
6	0.19747768129621232	1.379203976690769	0.989375	0.975
7	0.196872740983963	1.591598256379366	0.986875	0.965
8	0.19630893071492514	1.2314105454832316	0.99	0.99
9	0.1960740327835083	1.114718182682991	0.99	0.985
10	0.19570090553977273	1.067584650963545	0.9925	0.985
11	0.1954591671625773	0.902055826485157	0.993125	0.975
12	0.19489343349750227	1.8340660228207708	0.983125	0.98
13	0.19484530176435197	1.2002855348587036	0.990625	0.98
14	0.19484920501708985	1.1129501014947891	0.991875	0.985
15	0.1943700611591339	0.906433721035719	0.993125	0.985
16	0.1942453244153191	0.9381702359765768	0.9925	0.985
17	0.19396856096055773	0.9963720156997442	0.99125	0.985
18	0.19385652793081184	0.8369439402967691	0.99375	0.98
19	0.19361894130706786	0.7406478207930922	0.99375	0.985
20	0.19368086542401994	0.7964416515082121	0.994375	0.985
21	0.1933560154654763	0.5776956316828727	0.994375	0.985
22	0.19336312750111456	0.665200287476182	0.995625	0.985
23	0.19308667381604513	0.9411987142637372	0.994375	0.99
24	0.19305590629577637	0.5872718406096101	0.994375	0.985
25	0.19279059996971717	0.8204132090136409	0.994375	0.985
26	0.19284344602514197	0.5244073453918099	0.99625	0.985
27	0.1927350844655718	0.4533985943719745	0.99625	0.985
28	0.1927889791028253	0.3881411876156926	0.998125	0.98
29	0.19265148639678956	0.41149744832888246	0.99625	0.985
-1	-1	-1	-1	-1
0	0.23848986625671387	4.558132195472718	0.949375	1.0
1	0.21591496467590332	4.515652708411217	0.9625	1.0
2	0.20835391680399576	2.6470457488298416	0.975	1.0
3	0.20487207174301147	1.9261683022975922	0.984375	1.0
4	0.20258541107177735	1.615554222613573	0.98875	1.0
5	0.2010507583618164	1.3211599689722062	0.99	1.0
6	0.20008696828569686	1.050118749141693	0.9925	0.995
7	0.199781596660614	1.0858086654916406	0.991875	1.0
8	0.19921774334377712	0.9029502047598362	0.994375	0.995
9	0.19847488403320312	0.96706741258502	0.991875	1.0
10	0.19832069223577325	1.0400377519614994	0.9925	1.0
11	0.19759653011957803	1.165554084815085	0.989375	1.0
12	0.19753393760094276	1.0375405002199114	0.99125	1.0
13	0.19732340744563512	1.1520879833865911	0.99	1.0
14	0.19710512161254884	1.5402662945538759	0.99	0.985
15	0.1967879980802536	2.1038550174608828	0.9875	1.0
16	0.1971883212818819	1.0324419190734624	0.993125	1.0
17	0.1966730621125963	0.8492618212848901	0.995625	1.0
18	0.196077120931525	1.0589718636497856	0.991875	1.0
19	0.19585158824920654	0.7942377823218704	0.995	1.0
20	0.1954848879859561	0.9863660933449865	0.993125	1.0
21	0.1955228393728083	0.7291408163122832	0.994375	1.0
22	0.1954232298809549	0.686670251917094	0.99625	1.0
23	0.1950326363245646	0.596727194711566	0.996875	1.0
24	0.19497541427612305	0.6052836506441236	0.996875	1.0
25	0.19496109852424034	0.6246091045998037	0.99625	1.0
26	0.19488245469552498	0.5621116624772549	0.99625	1.0
27	0.19486841133662633	0.5988972571864725	0.995	1.0
28	0.1948279512339625	0.5129576190374792	0.9975	1.0
29	0.1946459690729777	0.5466558203101158	0.996875	1.0
-1	-1	-1	-1	-1
0	0.24126887321472168	7.678731987476349	0.928125	0.955
1	0.21659529209136963	7.440148453712464	0.943125	0.955
2	0.20673068364461264	3.7462161886692047	0.961875	0.98
3	0.20292645692825317	2.8543862283229826	0.975625	0.975
4	0.19935140609741211	2.8704728996753692	0.973125	0.945
5	0.1977082093556722	2.628737600147724	0.980625	0.975
6	0.1963566711970738	2.1931740009784697	0.98	0.995
7	0.19601252675056458	1.689485837817192	0.98375	0.965
8	0.19570896360609266	2.0126022079586985	0.9825	0.99
9	0.1953523874282837	1.554946054071188	0.983125	0.995
10	0.19449970938942648	1.2100301653146743	0.990625	1.0
11	0.19417126973470053	1.1463008986413479	0.99	0.99
12	0.1940184739919809	1.4224898752570152	0.988125	0.98
13	0.19409820011683873	2.1968131777644158	0.97875	0.995
14	0.19382770856221518	1.1453907597064972	0.990625	1.0
15	0.19368670880794525	0.8849710485339165	0.993125	0.995
16	0.19352067218107336	1.051633185967803	0.9925	0.995
17	0.1930533250172933	0.9170647482573986	0.993125	0.995
18	0.19309233364305997	0.8225790682435036	0.993125	1.0
19	0.19284869432449342	0.7228737511485815	0.99375	1.0
20	0.19277702059064591	0.5914550004154444	0.99625	0.995
21	0.1924962130459872	0.7438140454888343	0.99375	0.995
22	0.19247298655302628	0.6021441653370857	0.995625	1.0
23	0.19218573967615762	0.6177319464832545	0.995	1.0
24	0.19214463233947754	0.5624072830379009	0.995625	1.0
25	0.19220682290884164	0.390809710547328	0.9975	1.0
26	0.1920548544989692	0.2855284642800689	0.9975	0.995
27	0.19181590420859201	1.051623723534867	0.99	1.0
28	0.19179783196284853	0.5620616525411606	0.994375	1.0
29	0.1918676455815633	0.40178315822035077	0.996875	1.0
30	0.19174438907254127	0.31747506817802784	0.998125	1.0
-1	-1	-1	-1	-1
0	0.30020666122436523	6.967475557029247	0.931875	0.965
1	0.24530208110809326	4.313763929903507	0.961875	0.99
2	0.22743352254231772	4.173499305546284	0.965	0.995
3	0.2184273600578308	1.7704898592829705	0.984375	0.995
4	0.21295809745788574	1.9250950762629508	0.98375	0.995
5	0.20972037315368652	1.6697290936112403	0.985	0.98
6	0.20698881149291992	1.4572020076215266	0.986875	0.995
7	0.20520886778831482	1.3496148478984833	0.989375	0.99
8	0.20404126909044054	1.9152828806638718	0.9875	0.995
9	0.2031252384185791	0.923252659291029	0.993125	1.0
10	0.20245508714155716	0.981606850028038	0.9925	0.995
11	0.20160426696141562	0.8611090285331011	0.993125	0.995
12	0.20105515993558443	0.9199723450094461	0.9925	1.0
13	0.2005844967705863	0.675031635761261	0.995625	0.995
14	0.20016282399495441	0.955305240303278	0.99375	0.99
15	0.1997995525598526	0.7108175975084304	0.994375	1.0
16	0.19950129004085765	0.7154545670747757	0.994375	1.0
17	0.1993318133884006	0.763005115352571	0.994375	1.0
18	0.19897877542596115	0.7057877937331796	0.995	1.0
19	0.1988239884376526	0.5395225663855672	0.9975	0.995
20	0.19850794474283853	0.49150987088680265	0.9975	0.995
21	0.19821059703826904	0.48378268562257287	0.996875	0.99
22	0.19807112735250723	0.4215032086148858	0.998125	1.0
23	0.19787863890329996	0.4176035714522004	0.9975	1.0
24	0.19777244567871094	0.5155722052417695	0.996875	0.99
25	0.19760061227358305	0.5479555366374552	0.995625	0.99
26	0.19748757503650807	0.4194655654206872	0.9975	1.0
27	0.19740035704204015	0.3886232180520892	0.9975	0.99
28	0.1972693739266231	0.7453394988551736	0.99375	0.99
29	0.19726832707722983	0.5309579051751644	0.99625	1.0
-1	-1	-1	-1	-1
0	0.2423088550567627	7.262938266992569	0.92125	0.945
1	0.2162693738937378	3.092585889399052	0.980625	0.97
2	0.20839619636535645	3.1388589231669903	0.978125	0.945
3	0.20422792434692383	3.656429172754288	0.960625	0.975
4	0.20172533988952637	1.885800125002861	0.985	0.98
5	0.20120437939961752	1.3805692233145237	0.98875	0.97
6	0.20004337174551828	4.134769549369812	0.970625	0.94
7	0.19927078485488892	1.7135709148645402	0.984375	0.965
8	0.19837988747490776	1.3507756417989731	0.9875	0.98
9	0.19772238731384278	1.497608525454998	0.986875	0.98
10	0.19717823375355115	1.6997171537578106	0.98375	0.985
11	0.19667128721872965	1.2749669347703456	0.9875	0.97
12	0.19634692485515887	0.8018771945685148	0.994375	0.985
13	0.19602094377790177	0.8333122928999365	0.994375	0.98
14	0.19617360432942707	0.8277915094420314	0.993125	0.985
15	0.19589661061763763	1.0202005065232516	0.9925	0.98
16	0.19568527446073644	0.7295705160498619	0.995625	0.985
17	0.19549515512254503	0.7846496440470219	0.99625	0.985
18	0.19540997555381373	0.6357531403750181	0.99625	0.985
19	0.19557987451553344	0.7315410713478923	0.99375	0.985
20	0.19551068260556176	0.9748945818282664	0.99125	0.985
21	0.19548580863259055	0.7773820106685162	0.994375	0.985
22	0.19550106836401898	0.5192189335078001	0.9975	0.985
23	0.19549314181009927	0.5386406723037362	0.99625	0.985
24	0.1955212116241455	0.503458212390542	0.99625	0.985
25	0.19533315071692833	0.3975841859355569	0.9975	0.99
26	0.19512799934104638	0.4285687652602792	0.9975	0.985
27	0.19492086342402867	0.6367643128614873	0.995	0.985
28	0.19476326580705314	0.5134422326087952	0.996875	0.985
29	0.19463690916697185	0.3844985536113381	0.9975	0.985
30	0.19449546260218467	0.3352798853069544	0.9975	0.985
31	0.19438909739255905	0.37477296562865375	0.9975	0.99
32	0.1942380124872381	0.30401451632380483	0.998125	0.99
33	0.19416515967425177	0.40650384007953105	0.9975	0.985
34	0.19415219851902554	0.412003323007375	0.996875	0.985
35	0.1941654086112976	0.36467305522412063	0.998125	0.985
36	0.19420808714789314	0.2630972470063716	0.998125	0.985
37	0.19417285919189453	0.29764719219645486	0.998125	0.985
38	0.19415582754673102	0.22357702134177088	0.9975	0.985
39	0.19418667554855346	0.16877912627300248	0.99875	0.99
40	0.1941715856877769	0.18588981063570828	0.9975	0.985
41	0.19416483810969762	0.27337205575313417	0.9975	0.99
42	0.19417812657910724	0.18278403433505447	0.998125	0.985
43	0.19424290548671375	0.14323271689005196	0.998125	0.985
44	0.19436630672878688	0.12703254697145894	0.99875	0.985
45	0.19438048031019128	0.13392822102527135	0.998125	0.985
-1	-1	-1	-1	-1
0	0.2443981170654297	5.037341665923595	0.943125	0.985
1	0.21882867813110352	3.533011784553528	0.976875	0.99
2	0.21051343282063803	1.8630281615257263	0.988125	0.985
3	0.20679384469985962	2.08631626829505	0.980625	0.985
4	0.20389199256896973	1.8441733998060226	0.984375	0.985
5	0.20207138856252035	0.9987269406020641	0.99125	0.985
6	0.20074854578290666	1.0607627257704735	0.991875	0.985
7	0.1999349296092987	1.4139559230953456	0.990625	1.0
8	0.19927040735880533	1.3339821519702673	0.98875	0.995
9	0.19880807399749756	0.8530616563558578	0.995	0.985
10	0.19849980961192737	0.9310086100548506	0.993125	0.985
11	0.19809609651565552	1.1940219110809267	0.99	0.985
12	0.19774602009699896	1.6051735930517317	0.9875	0.985
13	0.1975210223879133	0.8246100444719195	0.993125	0.985
14	0.19731796582539876	0.6451634168624878	0.996875	0.985
15	0.1972525417804718	0.7982027518749237	0.994375	0.985
16	0.19719973732443416	0.6380043956451118	0.99625	0.985
17	0.19716302553812662	0.4714914322271943	0.996875	0.995
18	0.19697615974827817	0.5335463104024529	0.9975	0.985
19	0.19692665338516235	0.5164919565431774	0.99625	0.985
20	0.19689807437715076	0.4501946145668626	0.996875	0.985
21	0.19682617620988327	0.6093984156521037	0.994375	0.985
22	0.19681349007979684	0.6089661688916386	0.994375	0.985
23	0.1966733435789744	0.4972391023486853	0.99625	0.985
24	0.19660797119140624	0.4641701038368046	0.995625	0.995
25	0.19651453311626726	0.396254185475409	0.996875	0.985
26	0.19649065865410698	0.4238336268346757	0.99625	0.99
27	0.19646233320236206	0.24745210711844265	0.998125	0.985
28	0.19644964974502038	0.29555888873990627	0.996875	0.985
29	0.19655539989471435	0.5258992963004857	0.9975	0.985
-1	-1	-1	-1	-1
0	0.254040002822876	5.78420998096466	0.934375	0.975
1	0.22407317161560059	5.601935386657715	0.955625	0.99
2	0.21361597379048666	1.893887890279293	0.98375	0.98
3	0.2085399031639099	1.8592932887375355	0.985	0.96
4	0.2057872772216797	2.1205459702014924	0.98125	0.985
5	0.20425176620483398	2.080678930282593	0.98125	0.95
6	0.20299012320382254	1.8242586728930474	0.98375	0.995
7	0.2022382915019989	1.6649233307689428	0.98375	0.985
8	0.20138398806254068	1.357458398938179	0.99	0.99
9	0.200811505317688	1.0921193148940802	0.990625	0.995
10	0.2004807862368497	0.9044426717981696	0.99125	0.98
11	0.19998796780904135	1.148113221153617	0.991875	1.0
12	0.19972634315490723	0.8733616216480732	0.9925	0.995
13	0.19983857018607004	0.7403762345016003	0.99375	0.995
14	0.19967281023661296	0.7558610786870122	0.99375	0.995
15	0.19935820996761322	0.6582764548435808	0.995	0.985
16	0.19914507865905762	0.6570654964447021	0.995	1.0
17	0.19899696773952907	0.761844986313954	0.995625	1.0
18	0.19875215229235196	0.5097440186142922	0.996875	0.995
19	0.19855012893676757	0.533347569713369	0.996875	0.995
20	0.19820049830845424	0.5452531806239859	0.994375	0.995
21	0.19804473356767135	0.5306467593647539	0.996875	0.995
22	0.197807384573895	0.4977644219622016	0.99625	0.985
23	0.19765836000442505	0.47553063480183483	0.996875	1.0
24	0.19753639221191407	0.4433648530812934	0.995625	1.0
25	0.19741302270155686	0.5020576243149116	0.995	0.995
26	0.19739400898968731	0.47373281593434513	0.99625	1.0
27	0.19723860706601823	0.8214692411152646	0.9925	0.995
28	0.19716275149378285	0.7483712928462773	0.993125	0.99
29	0.19704667727152506	0.5706069797836244	0.996875	1.0
30	0.1969286241839009	0.3533028277568519	0.995625	1.0
31	0.19686254858970642	0.3339540492836386	0.99625	1.0
-1	-1	-1	-1	-1
0	0.30466246604919434	5.771857990920544	0.935625	0.955
1	0.24799573421478271	4.405029076635838	0.96625	0.99
2	0.2300268014272054	3.8580714547634125	0.96375	0.985
3	0.22170251607894897	2.2574323987960816	0.97875	0.995
4	0.216323184967041	2.6275102612376213	0.988125	0.99
5	0.21228106816609701	1.6631080041825772	0.986875	0.995
6	0.20976519584655762	1.3063794331252574	0.989375	0.995
7	0.20784223079681396	1.1905432399362326	0.989375	0.99
8	0.2060914569430881	1.2718458089977502	0.988125	0.99
9	0.20491507053375244	1.2721469999104738	0.990625	0.99
10	0.20362704450433905	1.0596331874281169	0.99	0.995
11	0.20262553294499716	1.1103180862776936	0.989375	0.99
12	0.20178530766413763	0.898482115790248	0.991875	0.995
13	0.20117262431553432	1.139950742945075	0.989375	0.99
14	0.20061472256978352	0.8561429351568222	0.99375	0.995
15	0.20007486641407013	0.6337032368034125	0.99625	0.99
16	0.1996274835923139	0.6228069539740682	0.994375	0.99
17	0.1992329094145033	0.8171279997751116	0.993125	0.99
18	0.19903482888874255	0.5183889099024236	0.99625	0.99
19	0.19888038635253907	0.4700087498873472	0.99625	0.99
20	0.19866560754321871	0.6358083917479962	0.99625	0.99
21	0.19854829528115012	0.4945530075393617	0.99625	0.99
22	0.1982920273490574	0.3516908705048263	0.9975	0.99
23	0.19819111625353494	0.4147421494917944	0.99625	0.99
24	0.1980147933959961	0.5206757098808885	0.99625	0.99
25	0.1979223398061899	0.47248065972700715	0.995625	0.995
26	0.1977468596564399	0.45635980758816	0.995	0.99
27	0.1976165771484375	0.34330877132713794	0.996875	0.99
28	0.19762330219663424	0.2912160289660096	0.996875	0.99
29	0.19747831026713053	0.2672078397683799	0.996875	0.985
-1	-1	-1	-1	-1
0	0.2435915470123291	7.6395903491973876	0.919375	0.925
1	0.22318625450134277	4.1580009007453915	0.970625	1.0
2	0.2136054833730062	1.5893959945440292	0.986875	0.985
3	0.20868831872940063	1.5101569677889346	0.985625	0.98
4	0.20586085319519043	1.3445230819284917	0.990625	0.98
5	0.20366394519805908	1.2199267584830522	0.99	0.985
6	0.20222340311322892	0.9785795465111733	0.991875	0.99
7	0.20108628273010254	1.454016459956765	0.986875	1.0
8	0.20033354229397243	1.7216153906285763	0.9825	1.0
9	0.1999812364578247	1.05907785192132	0.991875	0.995
10	0.19965306195345792	0.8963815630227328	0.99375	0.995
11	0.19934388001759848	1.0323232471197843	0.99125	1.0
12	0.19882070101224458	0.9115762069821358	0.99125	0.985
13	0.19841049398694718	0.8299153026938438	0.99375	0.99
14	0.1981135368347168	0.7902772868797183	0.991875	0.99
15	0.1977769434452057	0.6610725158825517	0.995625	1.0
16	0.19771589952356675	0.5790137711912393	0.995625	1.0
17	0.19743888907962376	0.5660000890865922	0.995625	1.0
18	0.19734158013996325	0.516349706184119	0.99625	1.0
19	0.19717235565185548	0.6867237819731236	0.994375	0.995
20	0.19699639365786598	0.5180219054222107	0.995625	1.0
21	0.19695621187036688	0.4780777395144105	0.99625	1.0
22	0.19691861194113028	0.4317427923157811	0.996875	1.0
23	0.19697949290275574	0.4918557772785425	0.99625	0.995
24	0.19691850662231444	0.5281685648858547	0.9975	1.0
25	0.19691633261167085	0.39668089808896184	0.9975	1.0
26	0.19689904318915474	0.33818962117657064	0.9975	0.995
27	0.19689501183373587	0.32533853803761303	0.996875	1.0
28	0.19687274406696187	0.44037056267261504	0.9975	1.0
29	0.196843155225118	0.4568764014588669	0.99625	1.0
-1	-1	-1	-1	-1
0	0.2413170337677002	6.253447741270065	0.935625	0.945
1	0.21873247623443604	3.6382187247276305	0.973125	0.97
2	0.21019848187764487	2.861693390607834	0.97375	0.99
3	0.205696702003479	1.474787710905075	0.98875	0.965
4	0.20317697525024414	1.5837176737189294	0.9875	0.965
5	0.20151996612548828	2.200894896388054	0.980625	0.96
6	0.20035563196454728	1.9465572625398635	0.9825	0.97
7	0.19970718026161194	1.3358430157601833	0.99	0.985
8	0.1992814540863037	1.1599153970181941	0.99	0.96
9	0.19863345623016357	1.3214713159203528	0.99125	0.97
10	0.19815334406766025	0.9249495540559292	0.99375	0.97
11	0.19789854685465494	0.8331291238963604	0.995625	0.97
12	0.19771810678335336	0.7620327222719788	0.99625	0.975
13	0.19768944808415004	0.8933980025723577	0.991875	0.97
14	0.19735673268636067	0.6979631919413805	0.99625	0.97
15	0.19714072346687317	0.7533727567642927	0.995625	0.965
16	0.19711852073669434	0.6248405054584145	0.995625	0.97
17	0.19693627622392443	0.6261298980377614	0.995625	0.98
18	0.19690705600537753	0.947590854242444	0.99375	0.975
19	0.19684410095214844	0.6614515750668943	0.99625	0.985
20	0.19682309741065615	0.7048736907914281	0.995	0.97
21	0.19673366980119186	0.5631840378418564	0.995625	0.97
22	0.19650566059610117	0.47900317415595056	0.996875	0.975
23	0.19630704323450723	0.6479056214541197	0.993125	0.97
24	0.19612180709838867	0.5550755898281932	0.99625	0.97
25	0.1960070041509775	0.4487712524458766	0.99625	0.97
26	0.19577886440135814	0.476892658919096	0.995625	0.975
27	0.19560412849698747	0.40859461573883893	0.9975	0.97
28	0.19546180757982978	0.3806212462950498	0.998125	0.97
29	0.19534496466318765	1.107752039982006	0.99625	0.97
-1	-1	-1	-1	-1
0	0.24021553993225098	8.189383020401001	0.925	0.965
1	0.21559083461761475	5.805313775539398	0.95375	0.9
2	0.20642677942911783	3.8047092008590697	0.961875	0.97
3	0.20313400030136108	2.3496917885541917	0.97875	0.96
4	0.20040383338928222	3.026493919491768	0.97375	0.98
5	0.19887328147888184	2.4896056026220323	0.9775	0.995
6	0.19796037673950195	2.6654687756299973	0.973125	0.985
7	0.19723767042160034	1.7016042080521583	0.985625	1.0
8	0.1965700520409478	1.4552454778552055	0.98875	0.975
9	0.19568216800689697	1.7103239160776138	0.984375	0.99
10	0.1969227357344194	1.802601498067379	0.984375	1.0
11	0.1959081490834554	1.4541272276639938	0.9875	0.995
12	0.19559614474956805	1.3489026501774788	0.990625	0.995
13	0.19514811038970947	1.4294916945695877	0.989375	0.99
14	0.19488855997721355	1.0970006954669953	0.991875	1.0
15	0.19475440680980682	1.0226812198758126	0.9925	1.0
16	0.19421979960273295	0.9799422121793032	0.9925	1.0
17	0.194116301006741	0.8808124902844429	0.994375	1.0
18	0.19373866131431178	1.0082145000249148	0.99375	1.0
19	0.1936802387237549	0.857364205531776	0.99375	0.99
20	0.19360860188802084	0.9832339157909155	0.991875	0.995
21	0.19363875822587448	1.087255262658	0.993125	1.0
22	0.19354282254758087	0.7695365468412638	0.995625	1.0
23	0.19337639212608337	0.7607386925816536	0.994375	1.0
24	0.19351266860961913	0.660780581124127	0.99625	1.0
25	0.19345883222726676	0.5857579632848501	0.99625	1.0
26	0.1935353985539189	0.6218820054084062	0.995625	0.995
27	0.19359482186181204	0.6586926732584835	0.99625	1.0
28	0.1933922603212554	0.5500547994300723	0.996875	0.995
29	0.19340682824452718	0.9007275541312992	0.9925	0.99
-1	-1	-1	-1	-1
0	0.24498200416564941	5.8976972079277035	0.928125	0.97
1	0.21854138374328613	24.359763091243803	0.94875	0.97
2	0.2079753875732422	4.108386129140854	0.96375	0.955
3	0.20357012748718262	2.2764623129367827	0.981875	0.97
4	0.20071697235107422	2.0789529627561567	0.98375	0.985
5	0.1991365353266398	1.4120193156599998	0.988125	0.985
6	0.1977241039276123	1.0415760508179666	0.99375	0.985
7	0.19664356112480164	1.1224479188024998	0.991875	0.98
8	0.19618044959174263	1.9078104320168494	0.981875	0.99
9	0.19538376331329346	1.1406015004962682	0.991875	0.975
10	0.1949856714768843	1.0483627858757973	0.993125	0.99
11	0.19452432791392008	1.2069312761723996	0.990625	0.985
12	0.1944412268125094	1.0379260570555926	0.99	0.99
13	0.19399080957685197	0.9946787366271019	0.99125	0.975
14	0.1936784585316976	1.1717569967359305	0.99125	0.99
15	0.19352534413337708	0.9845912997424603	0.993125	0.99
16	0.19325058600481818	0.9912962607294321	0.99125	0.99
17	0.1934276024500529	0.8322830732911826	0.994375	0.99
18	0.1931379845267848	0.7398122628033161	0.995	0.99
19	0.19331822395324708	0.6836220496892929	0.995625	0.99
20	0.19311987786065965	0.6459240032732487	0.995625	0.99
21	0.19303211298855869	0.6207458444312215	0.996875	0.99
22	0.19286839858345364	0.6358746755868196	0.995	0.99
23	0.19275097052256265	0.7180763570778071	0.995	0.99
24	0.19270814895629884	0.6572523998096585	0.993125	0.99
25	0.19264401839329645	0.6231123870238662	0.995625	0.99
26	0.1925516305146394	0.6028082283958792	0.995625	0.99
27	0.19250158752713883	0.5644470212981105	0.99625	0.99
28	0.19251002114394616	0.5495753606781364	0.995625	0.99
29	0.1924924929936727	0.5852419036999345	0.996875	0.99
-1	-1	-1	-1	-1
0	0.24254179000854492	6.546917508840561	0.9375	0.955
1	0.21819746494293213	3.5136231523752213	0.975625	0.98
2	0.20906647046407065	2.8950433751940725	0.973125	0.985
3	0.20539319515228271	1.4099388030171394	0.989375	0.98
4	0.20222969055175782	1.1914864166080952	0.989375	0.965
5	0.2006969451904297	1.1534502652287484	0.988125	0.99
6	0.19962300573076522	1.17166827917099	0.991875	0.98
7	0.19878172874450684	1.2065913420170546	0.99125	0.995
8	0.19796334372626412	2.596220509558916	0.988125	0.98
9	0.19690229892730712	1.5664817348122597	0.9875	0.985
10	0.19653036377646707	1.0672559216618538	0.993125	0.995
11	0.1957201361656189	1.2188872210681438	0.985625	0.985
12	0.19578348673306978	1.29371247805655	0.98875	0.99
13	0.1953777245112828	0.7715383148938417	0.994375	0.995
14	0.19537706375122071	0.6174999314546585	0.995	0.99
15	0.19503091275691986	0.5711904150620103	0.995	0.995
16	0.19486623651841106	2.6917380372434856	0.993125	0.985
17	0.194654557440016	1.1810712575167417	0.99125	0.995
18	0.19451231705515007	0.6803568948805332	0.994375	0.995
19	0.19436246156692505	0.553352190963924	0.995625	0.995
20	0.19428401901608422	0.5357425581663847	0.9975	0.985
21	0.19414173473011365	0.5341051604598761	0.99625	0.995
22	0.19423843466717264	0.6031249041017145	0.995	0.99
23	0.1942175030708313	0.4005060063675046	0.996875	0.995
24	0.19420077323913573	0.4205817999318242	0.996875	0.995
25	0.19398053792806771	0.3773328529857099	0.9975	0.995
26	0.19396478158456307	0.29506991056725385	0.998125	0.995
27	0.19386085442134313	0.29927356107160447	0.998125	0.995
28	0.1938070428782496	0.30434275430627167	0.998125	0.99
29	0.1933817704518636	0.25927621373906734	0.998125	0.985
-1	-1	-1	-1	-1
0	0.24190807342529297	7.3174143075943	0.925625	0.975
1	0.21666109561920166	3.976181493997574	0.974375	0.94
2	0.20728556315104166	2.3032029539346697	0.978125	0.97
3	0.20300143957138062	2.4159087058901787	0.97875	0.975
4	0.20102329254150392	1.4601604306697846	0.9875	0.975
5	0.19808383782704672	1.0605276775360108	0.991875	0.98
6	0.19584270886012486	1.1532358884066343	0.99	0.98
7	0.1945955753326416	1.218666422367096	0.98875	0.98
8	0.19327028592427573	2.163984189033508	0.981875	0.98
9	0.19256899356842042	0.9816842706501484	0.99375	0.98
10	0.19162403453480115	0.8523997244238853	0.99375	0.975
11	0.19074352582295737	1.1456642511487007	0.990625	0.98
12	0.19049578446608323	12.407352592945099	0.988125	0.895
13	0.1898758581706456	1.840266914218664	0.98375	0.975
14	0.1897919495900472	0.8534941971302032	0.994375	0.985
15	0.189519464969635	0.7348537343740463	0.99375	0.975
16	0.18902290568632238	0.6903095928579569	0.995625	0.98
17	0.18884756830003527	0.5330050558224321	0.99625	0.985
18	0.18849502111736097	0.7630015975609422	0.99375	0.985
19	0.18845049142837525	0.8681539690494537	0.99375	0.985
20	0.18811989965892972	0.6727683456987142	0.995625	0.975
21	0.18805745514956387	0.6566762220114469	0.995	0.985
22	0.18780300928198773	0.6545991247147321	0.995	0.985
23	0.1875749131043752	0.4926921682804823	0.996875	0.985
24	0.18752062797546387	0.49122121687978504	0.996875	0.985
25	0.18732441388643706	0.42581036932766436	0.9975	0.985
26	0.1873120731777615	0.4334503061696887	0.9975	0.985
27	0.18713379757744925	0.37197357781231405	0.998125	0.985
28	0.18694144281847724	0.41436340007930994	0.9975	0.985
29	0.18697168827056884	0.3750201107561588	0.998125	0.985
30	0.18682416792838805	0.5501455890666693	0.995	0.99
31	0.18690051138401031	0.3832554652914405	0.998125	0.985
32	0.18676183440468527	0.34588107401505114	0.998125	0.985
33	0.18668095504536347	0.33301168262958525	0.998125	0.985
34	0.18671862057277133	0.27899765912443397	0.998125	0.985
35	0.18662965959972805	0.28937242823652926	0.998125	0.985
36	0.18668260445465912	0.25671199573203923	0.998125	0.985
37	0.18653172568271034	0.30581185513176024	0.9975	0.985
38	0.18640710757328913	0.2459589553810656	0.998125	0.985
39	0.1863037645816803	0.2306691663712263	0.998125	0.985
40	0.1861856855997225	0.22465579964220525	0.998125	0.985
41	0.1862246138708932	0.22473516393452883	0.998125	0.985
42	0.18612297745638115	0.2536320821032859	0.998125	0.985
43	0.18617086518894543	0.24116781315766275	0.998125	0.985
44	0.18606339560614693	0.23017530483193696	0.9975	0.985
45	0.1859614952750828	0.20545102501288057	0.9975	0.985
46	0.18595578315410208	0.1819099893886596	0.99875	0.985
47	0.18586565057436624	0.17141685782000424	0.998125	0.985
48	0.18586037110309211	0.12009143420960754	0.99875	0.985
49	0.18580344200134277	0.11999535214388743	0.99875	0.985
50	0.18572352446761786	0.12610945684835315	0.999375	0.985
-1	-1	-1	-1	-1
0	0.2372133731842041	7.100071768164635	0.93375	0.98
1	0.21189939975738525	4.609265594482422	0.9625	0.94
2	0.20196143786112467	2.953235856294632	0.975625	0.985
3	0.19730907678604126	2.10297130048275	0.985	0.985
4	0.19408941268920898	1.4307272951304912	0.99	0.99
5	0.192950169245402	2.9539298969507217	0.971875	0.99
6	0.19379281997680664	1.5075589834153653	0.9875	0.995
7	0.19372692704200745	1.39307900339365	0.99	0.99
8	0.1938602394527859	1.361387836933136	0.99	0.99
9	0.19301300048828124	1.0272022567689418	0.991875	0.985
10	0.19271000948819247	0.8956403242051602	0.99375	0.99
11	0.19270437955856323	1.2931137891858817	0.98875	0.99
12	0.19242178476773775	1.1882361708581448	0.993125	0.985
13	0.19247182777949742	1.0395213095843792	0.99125	1.0
14	0.19208629926045737	0.8731136201322078	0.99375	0.995
15	0.19206826388835907	1.0075849537365138	0.991875	0.99
16	0.1921560904558967	1.0111086286231876	0.989375	0.995
17	0.1919651428858439	0.7878651339560747	0.99375	0.99
18	0.19188865862394633	0.7660156835615635	0.994375	0.99
19	0.19162620306015016	0.699576818421483	0.995	1.0
20	0.19182335762750535	0.6952254176139832	0.995625	0.995
21	0.1916078437458385	0.5761456720158458	0.995	1.0
22	0.19169705847035284	0.6751694683358074	0.99375	0.995
23	0.19151758154233298	0.72734125607647	0.993125	0.995
24	0.19175216674804688	0.6306766780558973	0.994375	0.995
25	0.1918003375713642	0.6081291295588016	0.995625	0.995
26	0.19188309598852088	0.526636832728982	0.994375	0.995
27	0.1918420365878514	0.5331441125459969	0.996875	1.0
28	0.19188999307566676	0.47548981342464686	0.99625	1.0
29	0.1920258363087972	0.3890741536021233	0.998125	0.99
30	0.1919297941269413	0.4935675199236721	0.995625	0.995
31	0.1919815018773079	0.3284523575659841	0.9975	0.99
32	0.1921680262594512	0.4266169232269749	0.995625	0.99
33	0.1922598586362951	0.3794104648847133	0.996875	0.995
-1	-1	-1	-1	-1
0	0.23694443702697754	8.153575949668884	0.91875	0.95
1	0.21439003944396973	6.8881198036670686	0.94625	0.955
2	0.2058272361755371	5.2941881215572355	0.946875	0.995
3	0.20193058252334595	2.744752749800682	0.975625	0.985
4	0.19914937019348145	2.69345133960247	0.978125	0.995
5	0.19671952724456787	1.8860082912445069	0.98375	1.0
6	0.19653705188206264	1.7520987311005591	0.985	0.995
7	0.19541344046592712	1.5184764045476913	0.9875	1.0
8	0.19544755087958443	1.5343058429658414	0.986875	1.0
9	0.1946101188659668	1.2852245248109102	0.99125	0.995
10	0.19517965750260788	1.2269824363291264	0.98875	0.995
11	0.19474256038665771	1.4230906184762717	0.988125	0.995
12	0.19454470047583947	1.4912090529501438	0.98875	0.995
13	0.19449676786150252	1.1072199892997743	0.99	0.995
14	0.19426507949829103	1.1325454062223435	0.99	0.995
15	0.19409480690956116	0.9762276948243379	0.99375	1.0
16	0.19369902330286362	0.901679505482316	0.993125	1.0
17	0.19348147180345324	0.963659618832171	0.994375	1.0
18	0.1932666678177683	0.9602706756442785	0.993125	1.0
19	0.19293333292007447	0.7844815535098314	0.995	1.0
20	0.19279927299136207	0.8026874782145024	0.99375	1.0
21	0.19259541684930975	1.0821450478583574	0.991875	1.0
22	0.1925339595131252	0.7041377077251673	0.995	1.0
23	0.19243595997492471	0.7527753371372818	0.994375	1.0
24	0.1923949909210205	0.7075329473242163	0.995	1.0
25	0.19237659527705267	0.6539836417883634	0.99625	1.0
26	0.19224044128700538	0.6617236263304949	0.994375	1.0
27	0.19224923849105835	0.706943275500089	0.99375	1.0
28	0.192045705071811	0.6123488864302635	0.996875	1.0
29	0.19185163180033366	0.5684762586280704	0.995625	1.0
-1	-1	-1	-1	-1
0	0.23701763153076172	8.291196682453155	0.909375	0.955
1	0.21519923210144043	4.552869246453047	0.963125	0.965
2	0.20664032300313315	2.2984610199183226	0.981875	0.98
3	0.20294910669326782	2.604411714375019	0.978125	0.995
4	0.19950518608093262	1.7817840158194302	0.99	0.995
5	0.19827564557393393	1.4202390798926354	0.98875	0.995
6	0.19743248394557408	4.109375557750464	0.975	0.96
7	0.19598662853240967	1.747802991271019	0.986875	0.98
8	0.19564119974772134	1.6153769159317017	0.986875	0.99
9	0.1945957660675049	1.2211720366775989	0.99	0.99
10	0.19438503005287863	1.0721077199280262	0.993125	0.985
11	0.19381384054819742	1.3390933798253537	0.988125	0.99
12	0.19298302210294282	1.2715245828032493	0.99	0.995
13	0.19287793976919992	0.9928449682146311	0.99375	0.985
14	0.1925219217936198	0.8573420830070972	0.994375	0.99
15	0.19287548959255219	0.8202601769939065	0.993125	0.99
16	0.19248032569885254	0.7784076791256667	0.995	0.995
17	0.1923677126566569	0.6638318525254726	0.995	0.99
18	0.1918276862094277	0.733943983502686	0.995	0.99
19	0.1913530111312866	0.722693714722991	0.994375	0.995
20	0.19103823389325822	0.7024512985907495	0.994375	0.99
21	0.1910090988332575	0.9077940829098224	0.9925	0.995
22	0.19098878943401834	0.7500169827789068	0.995625	0.995
23	0.1909570594628652	0.6298861771821975	0.995	0.995
24	0.19079236030578614	0.556534658446908	0.996875	0.995
25	0.19097648217127874	0.4935981650464237	0.996875	0.995
26	0.19079369085806389	0.6460298154782503	0.995	0.99
27	0.19091405187334334	0.5330609160661698	0.995	0.995
28	0.19080393889854694	4.874911667481065	0.9925	0.995
29	0.19084201653798422	0.7111858181655407	0.995	0.995
-1	-1	-1	-1	-1
0	0.23962903022766113	6.3484851312637325	0.936875	0.975
1	0.21358680725097656	3.556672471612692	0.97625	0.96
2	0.20551586151123047	2.8132208198308946	0.974375	0.985
3	0.2019873857498169	3.2211734384298323	0.963125	0.975
4	0.20023961067199708	1.864120545387268	0.98375	0.99
5	0.1989745299021403	1.2479786969721318	0.99125	0.995
6	0.19839841978890554	1.2004158174991608	0.99	0.995
7	0.1979711949825287	1.5230920672416688	0.985625	0.99
8	0.19758452309502494	1.5004122295975686	0.9875	0.985
9	0.19758343696594238	1.4305367252230645	0.988125	0.985
10	0.19714435664090244	0.9695443011820316	0.9925	0.985
11	0.197028915087382	0.8946391792595386	0.9925	0.995
12	0.1969782572526198	0.8012123112380505	0.993125	0.995
13	0.19695218971797399	0.8327514187246561	0.99125	0.985
14	0.19700698852539061	0.7258329897001385	0.995	0.995
15	0.19661660492420197	0.6664792483672499	0.994375	0.995
16	0.19637291571673224	34.79359036885202	0.9925	0.975
17	0.19634347491794163	1.533163342550397	0.98625	0.995
18	0.19637618566814222	0.9363888630270958	0.993125	0.995
19	0.1962737560272217	0.9561465714871883	0.993125	0.985
20	0.19623321578616187	0.7222163739055395	0.994375	0.985
21	0.1963211406360973	0.6850824047625065	0.996875	0.995
22	0.19626785361248514	0.6923544004559516	0.994375	0.99
23	0.1962448755900065	0.697859204635024	0.994375	0.995
24	0.19622910499572754	0.6279239159822464	0.99625	0.995
25	0.19618561634650597	0.6106892795488238	0.994375	0.995
26	0.1962046534926803	0.5334490468725562	0.99625	0.995
27	0.19618816886629378	0.6936369466967881	0.993125	0.995
28	0.19617190854302768	0.5604316443949938	0.99625	0.995
29	0.19609188238779704	0.59679782923311	0.996875	0.995
-1	-1	-1	-1	-1
0	0.3060600757598877	5.7050448215007785	0.94125	0.98
1	0.24932968616485596	3.4018664914369583	0.9675	1.0
2	0.22945801417032877	3.267215547263622	0.965625	0.995
3	0.2201051115989685	1.900253410935402	0.985	0.995
4	0.21457958221435547	1.5225341337919236	0.985	0.995
5	0.21038512388865152	1.7745768378674984	0.985625	0.98
6	0.20776755469185965	1.8886675599217415	0.985	0.995
7	0.20583489537239075	1.2309266102313996	0.98875	0.995
8	0.2044226328531901	0.9763739424943924	0.99125	0.995
9	0.20327868461608886	2.3692943270504476	0.9875	0.995
10	0.20237584547563034	1.0911924615502357	0.9925	0.995
11	0.20182589689890543	0.9540922386199235	0.991875	1.0
12	0.20099394138042742	0.7348413335904479	0.994375	0.995
13	0.20058894157409668	0.8311822915822268	0.993125	0.995
14	0.2001468499501546	0.754749329444021	0.995	0.995
15	0.19922153651714325	0.7259590411931276	0.9925	0.995
16	0.19904951488270478	0.9152636848017573	0.991875	0.995
17	0.19852687252892387	0.7678488508239388	0.99125	0.995
18	0.19848878760086863	0.6622138644941151	0.994375	0.995
19	0.1979970932006836	0.5178184109181165	0.996875	0.995
20	0.1976901576632545	0.41962236404418946	0.9975	0.995
21	0.19740540331060236	0.47494856394827367	0.996875	0.995
22	0.19688416563946268	0.408634531237185	0.996875	0.995
23	0.19668006896972656	0.38591266558505594	0.9975	0.995
24	0.1961993980407715	0.6645913673657924	0.994375	0.995
25	0.19607797952798697	0.3505259992554784	0.99625	0.995
26	0.19566054697389956	0.26507581675425174	0.996875	1.0
27	0.19547098023550852	0.2511385236028582	0.998125	0.995
28	0.19529337718568998	0.34663898896891626	0.99625	0.995
29	0.1951013247172038	0.365592378010042	0.996875	1.0
-1	-1	-1	-1	-1
0	0.2409062385559082	6.648164238929748	0.93875	0.985
1	0.21800124645233154	3.097244430780411	0.98	0.965
2	0.20742193857828775	2.1226986330747604	0.983125	0.99
3	0.20253592729568481	2.974068237543106	0.96875	0.99
4	0.20052919387817383	2.223151206970215	0.981875	0.995
5	0.19838090737660727	1.131335744857788	0.991875	0.995
6	0.19883183070591517	2.105552706122398	0.9825	0.995
7	0.19739481806755066	1.4608226737380028	0.98625	0.995
8	0.19704847865634495	1.3806933395564556	0.988125	0.995
9	0.19675133228302003	1.0006889459490775	0.9925	0.995
10	0.19680996374650436	0.801806338429451	0.994375	0.995
11	0.19604370991388956	0.7691219430416822	0.994375	0.995
12	0.1956002162053035	0.8082610017061234	0.993125	0.985
13	0.19493518556867326	1.0743052121996879	0.99	0.995
14	0.19460752805074055	0.8707689552381634	0.9925	0.995
15	0.1940479427576065	0.9783286588639021	0.991875	0.995
16	0.19357733165516572	1.106350832618773	0.990625	0.995
17	0.1934259467654758	0.7059007197618484	0.995625	0.995
18	0.19300644021285207	0.6317699790000916	0.995625	0.995
19	0.1926199674606323	0.621297911927104	0.995625	0.99
20	0.19250474657331193	0.5338277944177389	0.99625	0.995
21	0.19237881357019598	0.5501487302780151	0.995625	0.995
22	0.1922668270442797	0.42978077260777353	0.998125	0.995
23	0.19206040104230246	0.4792242538742721	0.9975	0.995
24	0.19212184906005858	0.4463483697921038	0.9975	0.995
25	0.19217597521268404	0.45172233022749425	0.995625	0.995
26	0.1920722590552436	0.45529410203918813	0.99625	0.995
27	0.1919263345854623	0.3851702636294067	0.996875	0.995
28	0.19179654121398926	0.4239027869980782	0.995625	0.995
29	0.19187244574228923	0.3895178943313658	0.99625	0.995
-1	-1	-1	-1	-1
0	0.23342204093933105	6.95612518787384	0.916875	0.96
1	0.2112421989440918	5.816317817568779	0.94625	0.955
2	0.2022124926249186	2.8397024923563006	0.97375	0.99
3	0.19846272468566895	1.3822198712825775	0.99125	0.965
4	0.19547395706176757	1.4745903155207634	0.98625	0.98
5	0.19478229681650797	1.2864618130028247	0.989375	0.98
6	0.1946897166115897	1.6055839155614375	0.983125	0.95
7	0.19346541166305542	1.7017950446903705	0.984375	0.985
8	0.1929248438941108	1.11423827201128	0.991875	0.98
9	0.19179327487945558	0.9666244571655989	0.994375	0.99
10	0.19147994301535867	0.8199621371179819	0.995	0.99
11	0.19087713956832886	0.8098703245818615	0.995	0.995
12	0.1904479173513559	0.7343925685435534	0.995625	0.995
13	0.19008943012782506	0.9116506583616137	0.991875	0.985
14	0.189677890141805	0.7538832861557603	0.994375	0.975
15	0.1892177164554596	0.7667587539181113	0.994375	0.995
16	0.18883165191201604	0.5768918434530497	0.99625	0.985
17	0.1885086562898424	0.8044492867216468	0.995	0.995
18	0.18854052142093056	0.5961926207691431	0.996875	0.995
19	0.1882570743560791	0.5697606624662876	0.99625	0.995
20	0.18843708719526017	0.5583222369849682	0.996875	0.995
21	0.18818235397338867	0.820086386166513	0.991875	0.97
22	0.18824108787204907	0.7577297945134341	0.995625	0.995
23	0.1881223519643148	0.5253759453445673	0.996875	0.99
24	0.18802212715148925	0.536044984050095	0.99625	0.995
25	0.18803680860079253	0.6098865678161383	0.995625	0.995
26	0.18782136175367567	0.5154985706135631	0.996875	0.985
27	0.18787386587687901	0.8434776181727648	0.995	0.975
28	0.18776701236593313	0.5762402294762432	0.995	0.99
29	0.18772658507029216	0.5231178266368807	0.995625	0.995
30	0.18766707758749684	0.48551085699349644	0.996875	0.995
31	0.18749849498271942	0.3392181572690606	0.998125	0.99
-1	-1	-1	-1	-1
0	0.23772335052490234	7.51612101316452	0.925	0.99
1	0.21316182613372803	5.348164293766022	0.9575	0.99
2	0.20331533749898276	2.3409373354911804	0.97875	0.985
3	0.19855058193206787	3.197726015150547	0.971875	0.98
4	0.19640421867370605	2.3875068789720535	0.98125	0.99
5	0.1942389408747355	1.3349272173643112	0.99	0.99
6	0.1929065499986921	1.5585597749054432	0.986875	0.985
7	0.1916024088859558	1.3551727984845638	0.98875	0.99
8	0.1912540594736735	1.1080082088708878	0.98875	0.99
9	0.19087109565734864	1.10419459015131	0.991875	0.99
10	0.19079600680958142	0.8801218365877866	0.993125	0.985
11	0.19037365913391113	1.5177787096053361	0.98625	0.99
12	0.18973581607525164	0.8588101062178611	0.99125	0.99
13	0.18960142135620117	0.7875888795405627	0.9925	0.985
14	0.18932350476582846	0.6660796746611595	0.995	0.99
15	0.18922798335552216	0.6049963754042983	0.995625	0.995
16	0.18915811706991756	0.49135037291795014	0.995625	0.995
17	0.18916500939263237	0.503364993557334	0.99625	0.99
18	0.188911613665129	0.5976793093979359	0.995	0.99
19	0.18875542879104615	0.4320196777023375	0.99625	0.99
20	0.188504729952131	0.7393066231533885	0.993125	0.99
21	0.18858828327872537	0.8018416665680707	0.99375	0.99
22	0.18836815460868503	0.488190831374377	0.996875	0.99
23	0.1884217162926992	0.5289755751006305	0.996875	0.99
24	0.18821650505065918	0.3360378756001592	0.9975	0.99
25	0.18830258112687331	0.425808079354465	0.9975	0.99
26	0.18816177933304398	0.34759334966540334	0.9975	0.99
27	0.18802396740232194	0.2979969737306237	0.998125	0.99
28	0.1879908380837276	0.2623495880700648	0.998125	0.99
29	0.18792460759480795	0.465851676966995	0.994375	0.99
30	0.18786500346276067	0.5863418477075174	0.995	0.99
31	0.18795130401849747	0.6083194900397211	0.993125	0.99
32	0.18781267512928357	0.3263129335269332	0.9975	0.99
33	0.18790127950556137	0.2863601402565837	0.998125	0.99
34	0.18781446729387555	0.23699945632368327	0.99875	0.99
35	0.18788158893585205	0.20982977021485566	0.998125	0.99
-1	-1	-1	-1	-1
0	0.2934286594390869	4.596245275735855	0.955	0.965
1	0.2405691146850586	4.563824253678322	0.9675	0.955
2	0.2216658592224121	2.6392260819673536	0.97625	0.94
3	0.21335983276367188	2.0788787215948106	0.983125	0.955
4	0.20750761032104492	2.4006687442958357	0.975625	0.925
5	0.20426062742869058	1.0923120729625224	0.99125	0.97
6	0.20217279025486537	1.1036309229582548	0.990625	0.975
7	0.2004851996898651	1.5436766804009676	0.98625	0.97
8	0.19856052928500706	1.034883530139923	0.99125	0.975
9	0.19767520427703858	0.9320899498462677	0.9925	0.97
10	0.19653374498540704	1.0172683951072394	0.9925	0.975
11	0.19561014572779337	0.6274303181096912	0.9925	0.985
12	0.1951434979071984	0.5934443325549364	0.996875	0.98
13	0.19425838334219797	0.6605527017265558	0.994375	0.985
14	0.1936636447906494	0.5157831840217113	0.9975	0.98
15	0.19336050748825073	0.8052923904266208	0.99375	0.985
16	0.19275091676151052	0.6402920017018914	0.99625	0.98
17	0.19302568170759413	0.502093555815518	0.9975	0.98
18	0.19273953688772102	0.4637247115420178	0.9975	0.975
19	0.19276041984558107	0.4418146499618888	0.996875	0.985
20	0.19239175887334914	0.3656578797660768	0.998125	0.98
21	0.19236429171128708	0.37959984031505883	0.9975	0.98
22	0.19221546338952106	0.36926580799743536	0.998125	0.98
23	0.19226296742757162	0.46043578798417	0.9975	0.985
24	0.1922222137451172	0.3139105468336493	0.99875	0.98
25	0.19201282354501578	0.2393087658123113	0.999375	0.98
26	0.19192009501987034	0.33812953107059	0.998125	0.98
27	0.1918773991721017	0.45706575545715167	0.996875	0.98
28	0.19179754421628756	0.39974477087613197	0.9975	0.98
29	0.19183664321899413	0.25109065682627263	0.998125	0.98
30	0.19185451538332046	0.23662981083616613	0.9975	0.975
31	0.19173788279294968	0.2918143516848795	0.998125	0.98
-1	-1	-1	-1	-1
0	0.2453601360321045	6.681682739257813	0.92875	0.98
1	0.21961402893066406	4.599365352597087	0.9775	0.99
2	0.20869930585225424	3.558596006631851	0.974375	0.92
3	0.20502281188964844	2.1526669105887413	0.98125	1.0
4	0.20192275047302247	1.4217824858427048	0.988125	0.985
5	0.20011556148529053	1.3964600425958633	0.98875	0.99
6	0.19832307951790945	1.0417427042126655	0.99375	0.995
7	0.197890043258667	1.431885557770729	0.98625	0.995
8	0.19660141732957628	1.6884440615773202	0.988125	0.95
9	0.19657976627349855	1.7280075326561928	0.981875	0.99
10	0.1963568167252974	1.1570931336283683	0.990625	0.995
11	0.19570312897364298	1.2219358177483082	0.99125	0.965
12	0.1957982870248648	1.2148911058157683	0.99125	0.995
13	0.1952256645475115	0.8707797816395759	0.99375	0.995
14	0.1950494130452474	1.1153549437224866	0.990625	0.995
15	0.1949509084224701	0.9979218915104866	0.99375	1.0
16	0.19471181140226476	0.7464687871187925	0.99625	0.995
17	0.1944293975830078	0.6913853508234024	0.995	1.0
18	0.1944247045015034	0.7261675900220871	0.994375	0.995
19	0.19437440633773803	0.6387932125106454	0.99625	1.0
20	0.19431443441481816	0.5914979149773717	0.995625	0.995
21	0.19395892186598343	0.6541221763566136	0.995625	0.995
22	0.19409352800120477	0.668070353269577	0.994375	0.995
23	0.19388761123021445	0.7311624446231871	0.995625	0.995
24	0.1939506435394287	0.7382110146433115	0.995	1.0
25	0.19386044832376334	0.4791459796205163	0.996875	1.0
26	0.19384873354876483	0.5159865801781416	0.996875	0.995
27	0.19373218502317155	0.4987241541966796	0.995625	0.995
28	0.1934173271573823	0.4908877922594547	0.99625	1.0
29	0.1934623877207438	0.44170467348769304	0.996875	0.995
-1	-1	-1	-1	-1
0	0.24200677871704102	6.602223553657532	0.93	0.99
1	0.21736621856689453	5.848836377114058	0.955625	0.975
2	0.20820061365763345	4.823189386129379	0.954375	0.935
3	0.20394384860992432	3.519888080954552	0.96625	0.99
4	0.20092930793762206	2.071092027425766	0.98125	0.995
5	0.199820876121521	2.1117632330954077	0.9825	0.985
6	0.19808520589556014	1.8077486841380597	0.98375	0.99
7	0.19742941856384277	1.4645507098734378	0.989375	0.99
8	0.19615817070007324	1.2630430775880814	0.989375	0.99
9	0.19577150344848632	1.1336245584487914	0.99	0.99
10	0.19526616009798917	0.9966331431642175	0.993125	0.99
11	0.19437344868977866	1.1057303060591221	0.990625	0.995
12	0.19428313695467436	0.9338698142766952	0.993125	0.995
13	0.193797128541129	1.0522175002843142	0.99125	0.99
14	0.1936782677968343	0.7978831092268228	0.995625	0.99
15	0.1934424638748169	0.7986936823278665	0.993125	0.995
16	0.193480884327608	0.7246476044878364	0.994375	0.99
17	0.19346819983588326	0.9040340528450906	0.994375	0.99
18	0.19333218273363614	0.8381501754000783	0.9925	0.995
19	0.19341788291931153	0.6363755230978131	0.993125	0.99
20	0.19350711504618326	0.5993415292724967	0.995	0.99
21	0.19357236948880283	0.5018372313492	0.9975	0.98
22	0.19359194714090097	0.5322581194154918	0.995625	0.99
23	0.19359360138575235	0.4350055368896574	0.998125	0.99
24	0.19361254692077637	0.5691635693889111	0.99625	0.99
25	0.19364301974956805	0.5491498729446903	0.995625	0.985
26	0.1936861762294063	0.4252087603136897	0.996875	0.99
27	0.19367728914533341	0.40319007001817225	0.996875	0.99
28	0.19363043226044754	0.3765666735731065	0.9975	0.99
29	0.1934291362762451	0.3512489258404821	0.996875	0.99
-1	-1	-1	-1	-1
0	0.24274682998657227	5.227357385754585	0.935625	0.955
1	0.21770107746124268	4.576458013057708	0.961875	0.955
2	0.20639697710673013	2.1874941793084144	0.98125	0.98
3	0.20219820737838745	3.0501503735780715	0.978125	0.955
4	0.20032434463500975	2.331806345582008	0.976875	0.985
5	0.19844770431518555	2.7645303401350976	0.971875	0.925
6	0.19766555513654435	3.054212364554405	0.97125	0.98
7	0.19705185294151306	1.8524413096904755	0.9875	0.985
8	0.19643139839172363	1.582693461701274	0.9875	0.99
9	0.19614717960357667	1.9335956774652003	0.98375	0.985
10	0.1955042752352628	1.5036861145496367	0.989375	0.985
11	0.19530129432678223	1.2513656723499298	0.99	0.98
12	0.1949938260591947	1.1109777566790582	0.9925	0.995
13	0.1947059120450701	1.081236328035593	0.991875	0.995
14	0.1946174144744873	0.9980088108778	0.993125	0.995
15	0.19432008266448975	0.8259893853217364	0.99625	0.99
16	0.19409775733947754	0.9354872920364141	0.99375	0.995
17	0.19382660918765598	0.8434820079058408	0.995	0.995
18	0.19377802547655607	0.7311608216166496	0.995625	0.995
19	0.19358655214309692	0.7602347146719695	0.99375	0.99
20	0.19343026479085287	0.6321433900669217	0.995625	0.995
21	0.1933236989107999	0.7526654191687703	0.994375	0.99
22	0.19323533514271612	0.6016930866241456	0.995625	0.99
23	0.1931964854399363	0.7385605558659881	0.99375	0.985
24	0.19321291923522949	0.9883045340701938	0.99125	0.995
25	0.19312768716078538	0.7586397808603942	0.994375	0.995
26	0.1931076138107865	0.6537164882570505	0.994375	0.995
27	0.1930413842201233	0.538839057572186	0.99625	0.985
28	0.19292802646242338	0.6703636180236936	0.994375	0.995
29	0.1929174264272054	0.5201731810346246	0.99625	1.0
30	0.19281097381345688	0.4345106340199709	0.9975	1.0
31	0.19282348453998566	0.36908498308621346	0.998125	0.99
32	0.192755634134466	0.5551166468486189	0.995625	0.99
33	0.1927272361867568	0.3350703225657344	0.9975	1.0
34	0.1925957271030971	0.38238248710520567	0.996875	0.995
35	0.19257181220584446	0.45830675825476647	0.996875	0.99
36	0.19244107040199074	0.36032720462419093	0.9975	0.995
37	0.19247634787308543	0.32959161151200533	0.998125	0.995
38	0.19237525035173464	0.3002926568360999	0.998125	0.99
39	0.19244343042373657	0.39607756963931023	0.998125	0.99
40	0.19232300432716928	0.23753199787810444	0.99875	0.99
41	0.1924577724365961	0.2176016212068498	0.99875	0.985
42	0.1925459296204323	0.2618653495144099	0.9975	0.99
43	0.1925492611798373	0.1799245353601873	0.99875	0.99
44	0.19252481460571289	0.1536313126422465	0.99875	0.99
45	0.19255067991173785	0.33447642516344783	0.996875	0.985
46	0.19266561244396455	0.24538782019168137	0.9975	0.99
47	0.19261135657628378	0.19110985385719687	0.9975	0.985
48	0.19269396820846868	0.14041864885017274	0.9975	0.99
49	0.19266395568847655	0.15530633572489022	0.99875	0.985
-1	-1	-1	-1	-1
0	0.23407983779907227	6.838659980893135	0.9325	0.99
1	0.21349453926086426	3.7022289848327636	0.974375	0.985
2	0.20580069224039713	1.6645678907632828	0.985	0.995
3	0.20277762413024902	1.7068249723315239	0.9825	0.995
4	0.19971623420715331	1.2999468675255776	0.98875	0.995
5	0.1984090805053711	1.5554970981180667	0.984375	0.995
6	0.19712771688188827	1.6176030570268631	0.984375	0.995
7	0.19630667567253113	2.734031000137329	0.974375	0.95
8	0.19586067729526097	1.5980407255887985	0.98625	0.995
9	0.19516897201538086	1.2113180619478225	0.991875	0.995
10	0.1949795809659091	1.2503096041083337	0.989375	0.995
11	0.19432351986567178	1.2070964784920215	0.99	1.0
12	0.1940302848815918	1.5060975451022387	0.9875	0.99
13	0.1938736609050206	0.8227032026648522	0.994375	0.995
14	0.1936777432759603	0.8736651260405779	0.99375	0.99
15	0.19339203834533691	0.7539780675247312	0.994375	0.995
16	0.19317131883957805	0.6977383523434401	0.995	0.99
17	0.19320729043748644	0.5520872230082751	0.99625	0.99
18	0.19299597489206413	0.5964639720693231	0.99625	0.99
19	0.19293678998947145	0.5446685179695487	0.996875	0.99
20	0.19276442981901623	0.5013960175402462	0.996875	0.99
21	0.19289036230607468	0.47925237989984454	0.995625	0.995
22	0.19257112171338953	0.532212123312056	0.99625	0.995
23	0.19259966413180032	0.453823984824121	0.995	0.99
24	0.19260218620300293	0.404130621002987	0.996875	0.99
25	0.19248950481414795	0.37407377022318544	0.9975	0.99
26	0.19232117688214337	0.3153517107851803	0.9975	0.99
27	0.19246304886681692	0.5405240018479526	0.994375	0.99
28	0.19253140482409248	0.442709975191392	0.9975	0.995
29	0.1925887902577718	0.6105314797186293	0.994375	0.99
30	0.19263031405787315	0.41463273438625037	0.996875	0.99
31	0.19271549582481384	0.24521781444549562	0.998125	0.99
-1	-1	-1	-1	-1
0	0.2313690185546875	6.8864089179039	0.930625	0.98
1	0.21085965633392334	4.735216475725174	0.9625	0.99
2	0.20202199618021646	1.491361275613308	0.98625	0.975
3	0.19801104068756104	1.773646050989628	0.98625	0.995
4	0.1964853286743164	2.049654115140438	0.979375	0.995
5	0.19515124956766763	1.210504386872053	0.990625	0.995
6	0.19457255090985978	1.028975408822298	0.9925	0.99
7	0.19379791617393494	0.9891069541871548	0.99125	0.995
8	0.19349524709913465	0.9931727953255176	0.990625	0.995
9	0.19297611713409424	4.172680156826973	0.96875	0.995
10	0.19246027686379172	1.4543986615538598	0.98875	0.995
11	0.1920998493830363	1.1622019934654235	0.99125	0.995
12	0.19159891055180475	1.0312561629712582	0.99125	0.995
13	0.19090633732931955	0.8389669600129127	0.9925	0.995
14	0.19093621571858724	0.9578817370347679	0.9925	0.99
15	0.1911056488752365	0.8902821134030819	0.991875	0.995
16	0.19119955511654124	0.6155210692435503	0.99625	0.995
17	0.19136594401465523	0.5852856127545237	0.995625	0.995
18	0.19124994779887952	0.6214375082403422	0.994375	0.995
19	0.1913304567337036	0.4712440600991249	0.996875	0.995
20	0.19140361604236422	0.6132012013718486	0.99625	0.995
21	0.1916276975111528	0.6491690854076296	0.99625	0.995
22	0.1917743268220321	0.7053150981478393	0.995	0.995
23	0.19161992271741232	0.6305464712902904	0.99375	0.99
24	0.19166492462158202	0.607483572224155	0.995	0.995
25	0.19165210540478045	0.4024873588886112	0.996875	0.995
26	0.19188902113172743	0.3445147383119911	0.996875	0.995
27	0.1918437991823469	0.34537971250712873	0.9975	0.995
28	0.19206264923358785	0.35545828960835935	0.99625	0.995
29	0.19217215379079183	0.3397932895831764	0.996875	0.995
-1	-1	-1	-1	-1
0	0.2356264591217041	7.162192264795303	0.926875	0.93
1	0.21336495876312256	4.288453212380409	0.975	0.955
2	0.20496694246927896	2.2771978810429574	0.9775	0.93
3	0.20109188556671143	3.140604932308197	0.973125	0.97
4	0.19866676330566407	2.314558897614479	0.978125	0.975
5	0.19729252656300864	2.441023428440094	0.98125	0.92
6	0.1960552760532924	1.8972978222370147	0.983125	0.975
7	0.19558435678482056	1.293801633566618	0.989375	0.98
8	0.19518444273206922	1.031769964993	0.9925	0.99
9	0.19540984630584718	0.9035927076637745	0.99375	0.98
10	0.1952999938618053	0.8833005084097385	0.994375	0.985
11	0.1950936516125997	0.9494422329962253	0.994375	0.965
12	0.1945312389960656	1.104510100632906	0.9925	0.985
13	0.19396492413112096	1.000053891837597	0.99125	0.99
14	0.19401259422302247	1.3173230180330575	0.988125	0.985
15	0.1934969425201416	1.0103788336366415	0.991875	0.985
16	0.19341700217303107	3.2053211118280887	0.980625	0.98
17	0.19330423408084446	1.768029596656561	0.98625	0.975
18	0.19285454248127185	0.9884385412931442	0.9925	0.99
19	0.19281444549560547	1.0940417297929526	0.990625	0.98
20	0.1924035322098505	1.0662093564867974	0.991875	0.99
21	0.19238092682578348	0.8429870553314686	0.993125	0.985
22	0.19204397823499597	0.7666796044260263	0.995625	0.985
23	0.1918066442012787	0.7850920350849628	0.993125	0.99
24	0.19193947792053223	0.7113598907738924	0.99625	0.985
25	0.19175325907193697	0.6970640379935503	0.995625	0.985
26	0.19184139922813134	0.6206306832283736	0.99625	0.995
27	0.1916975634438651	0.6327329681068659	0.995625	0.985
28	0.1917005654039054	0.6320057205110788	0.995	0.995
29	0.1915032148361206	0.5916815342754126	0.995625	0.985
30	0.19153300408394106	0.5437459798157215	0.995625	0.985
31	0.19146735966205597	0.5470012508705259	0.99625	0.985
32	0.1914423740271366	0.43935935251414776	0.996875	0.99
33	0.19146009052501006	0.47749988827854395	0.99625	0.995
34	0.19117824690682547	0.46255388667806985	0.99625	0.985
35	0.19124217165840995	0.5082084470894188	0.99625	0.995
36	0.19132081237999168	0.36649450853466986	0.996875	0.99
37	0.19126563323171517	0.4971372776851058	0.996875	0.99
38	0.19113630514878494	0.34837587553076443	0.996875	0.99
39	0.19123095870018006	0.41691807420924304	0.996875	0.995
40	0.1912315357022169	0.38899494426324965	0.99625	0.99
41	0.19131643431527273	0.3094345696549863	0.998125	0.99
42	0.1913518739301105	0.2868095851223916	0.9975	0.985
43	0.1913412484255704	0.3024824142176658	0.996875	0.985
44	0.1913199265797933	0.275314762420021	0.998125	0.99
45	0.19132753558780835	0.18097972015850247	0.999375	0.985
46	0.19133661655669518	0.16529668976552783	0.9975	0.985
-1	-1	-1	-1	-1
0	0.29625630378723145	7.168657214641571	0.908125	0.955
1	0.24180853366851807	4.375157805085182	0.969375	0.94
2	0.22606897354125977	3.9735472002625465	0.965625	0.975
3	0.21597695350646973	2.5194386088848115	0.98375	0.985
4	0.21042318344116212	1.528974092155695	0.986875	0.975
5	0.20668979485829672	1.2869769206643105	0.986875	0.985
6	0.20405639920915877	1.4155109368264676	0.99	0.985
7	0.2018839418888092	1.2086250308156012	0.989375	0.99
8	0.20057625240749782	1.1453494637459516	0.989375	0.975
9	0.1992882251739502	1.4384245942533016	0.99	0.995
10	0.1985412077470259	1.2154534991830588	0.989375	0.98
11	0.19775847593943277	1.8345281238853932	0.983125	0.995
12	0.19734949332017165	0.8604128289222718	0.993125	0.99
13	0.19654675892421178	0.8990810422599316	0.994375	0.97
14	0.19649100303649902	1.2497449346631766	0.99	0.995
15	0.1959703415632248	0.6666547575592995	0.995	0.995
16	0.1961978744058048	0.7191129912808537	0.995	0.995
17	0.1958845986260308	0.6664536384493113	0.995625	1.0
18	0.19590913622002853	0.5705562398955226	0.996875	0.99
19	0.19589155912399292	0.698949211537838	0.994375	0.995
20	0.19581291789100283	0.42518264198675754	0.9975	1.0
21	0.19563487443056973	0.38836719036102296	0.998125	1.0
22	0.19562928572944974	0.3786212844401598	0.998125	0.995
23	0.19539829095204672	0.3569954994879663	0.9975	1.0
24	0.1951898765563965	0.311587664661929	0.9975	0.995
25	0.19528873150165266	0.3787794298119843	0.996875	0.99
26	0.19532747621889468	0.3414426048845053	0.998125	0.995
27	0.1953165786606925	0.37438317748717964	0.995625	0.995
28	0.19519191774828681	0.44490511836484076	0.998125	0.995
29	0.19523000717163086	0.3179844941664487	0.9975	0.98
30	0.19523589072688932	0.40651129618287085	0.995625	1.0
31	0.19502068310976028	0.2536347590945661	0.998125	1.0
32	0.19493596481554437	0.21892684936989099	0.9975	0.995
33	0.19474014113931096	0.5250751840765588	0.99375	0.995
34	0.1947319371359689	0.2825880710920319	0.9975	1.0
35	0.19475230243470934	0.21608407222665846	0.9975	1.0
36	0.19458531044624947	0.17683890089276247	0.9975	1.0
37	0.1945911583147551	0.1533270614221692	0.99875	1.0
-1	-1	-1	-1	-1
0	0.23485350608825684	9.178041493296623	0.90375	0.97
1	0.21506524085998535	4.368304861783981	0.965625	0.965
2	0.207964817682902	2.0872282892465592	0.983125	0.98
3	0.2045001983642578	2.1796469941735266	0.980625	0.98
4	0.20130419731140137	2.0031430244445803	0.981875	0.975
5	0.20039459069569907	1.175100186765194	0.98875	0.955
6	0.1986352034977504	1.2808660870790483	0.988125	0.985
7	0.1983443796634674	1.2780970013141633	0.98875	0.98
8	0.19738639725579155	0.9569921012222767	0.991875	0.98
9	0.1970914363861084	0.8489385116100311	0.991875	0.98
10	0.19650236043063077	0.7075130696594715	0.9925	0.98
11	0.19640572865804037	0.991922367438674	0.991875	0.97
12	0.19562880809490496	0.8052370280772447	0.9925	0.985
13	0.19540127686091832	0.7523685477301478	0.99375	0.98
14	0.19507602055867512	0.7999688411876559	0.9925	0.985
15	0.19499847292900085	5.066802527979016	0.99	0.98
16	0.19477534294128418	0.7192713155597449	0.994375	0.985
17	0.19474091794755724	0.7747813207283616	0.99375	0.965
18	0.19437316844337865	0.8909205556660891	0.993125	0.98
19	0.19441403150558473	0.41488300360739233	0.998125	0.98
20	0.1943942138126918	0.4380140677466989	0.996875	0.98
21	0.19428256424990567	0.3890174551308155	0.9975	0.98
22	0.19428244881007983	0.3544751028716564	0.998125	0.98
23	0.19426611065864563	0.32309671852737665	0.998125	0.985
24	0.19421345710754395	0.4994988295994699	0.995	0.985
25	0.19395466034228986	0.2788695557042956	0.998125	0.98
26	0.19397249045195403	0.1909458517562598	0.99875	0.98
27	0.1938050729887826	0.286053067734465	0.998125	0.98
28	0.19377147740331188	0.19354014719370752	0.99875	0.985
29	0.19377776781717937	0.5430130822863429	0.99625	0.98
-1	-1	-1	-1	-1
0	0.24440741539001465	6.354036209583282	0.926875	0.985
1	0.2179795503616333	3.1639593398571013	0.9725	0.99
2	0.20854409535725912	1.9346583145856857	0.984375	0.985
3	0.20355284214019775	1.331647896617651	0.986875	0.98
4	0.20127491950988768	1.3856497333943845	0.98875	0.99
5	0.1996943155924479	1.1662245027720928	0.990625	0.985
6	0.19803547859191895	1.9349873945862055	0.9825	0.99
7	0.19746404886245728	3.138816474229097	0.96625	0.99
8	0.1964446703592936	1.6303726345300675	0.985	0.99
9	0.1963287353515625	1.0652881228923798	0.9925	0.99
10	0.19609785079956055	0.8560138303786516	0.993125	0.98
11	0.19555681943893433	0.8432804808765649	0.995625	0.99
12	0.19497178151057318	0.8462197159230709	0.993125	0.99
13	0.19502367292131698	0.8508301465958357	0.993125	0.99
14	0.19466512997945148	0.767998996078968	0.994375	0.99
15	0.19462518393993378	0.6117380637675524	0.99625	0.99
16	0.19457170542548685	0.6558117181062698	0.995	0.995
17	0.19465377595689562	0.7697322288900614	0.995625	0.985
18	0.1942754293742933	0.6360479380935431	0.995625	0.99
19	0.19430882930755616	0.5706966431438922	0.99625	0.99
20	0.19400006248837426	0.5437099150940776	0.996875	0.99
21	0.19390836629000577	0.7741178080439568	0.994375	0.99
22	0.19380367320516836	0.9770449841115624	0.99125	0.99
23	0.19383191068967184	0.5921971626207232	0.995625	0.99
24	0.19369302749633788	0.6085916485823691	0.99625	0.99
25	0.19368389936593863	0.5877441268786788	0.9975	0.99
26	0.1933877291502776	0.45641709646210077	0.99625	0.99
27	0.1934124571936471	0.5203405962325632	0.9975	0.99
28	0.19324681676667313	0.47453899871557953	0.996875	0.985
29	0.1932904561360677	0.6009552599489689	0.995	0.99
30	0.19321586239722469	0.44913821693509814	0.996875	0.99
31	0.19323334842920303	0.43573008585721257	0.9975	0.99
32	0.19311092116615988	0.4468470942601562	0.995625	0.99
33	0.19302112214705525	0.4906504001095891	0.995625	0.99
34	0.19303057534354073	0.4109445303492248	0.99625	0.99
35	0.19288235902786255	0.33319064079783856	0.9975	0.99
36	0.1929723056587013	0.29965808771550656	0.9975	0.99
-1	-1	-1	-1	-1
0	0.24767351150512695	7.004123975932598	0.92375	0.975
1	0.22359561920166016	5.469319934844971	0.953125	0.905
2	0.21501493453979492	4.589815200567245	0.9575	0.97
3	0.20929259061813354	3.0609808230400084	0.97375	0.96
4	0.2054236888885498	2.0892727226018906	0.9825	0.97
5	0.2036986748377482	3.380912885069847	0.971875	0.965
6	0.20139053889683314	1.917040424346924	0.985625	0.96
7	0.20064899325370789	1.9300350594520568	0.98	0.98
8	0.19946765899658203	1.8222843620181084	0.98625	0.98
9	0.19887280464172363	1.4753756399452687	0.990625	0.985
10	0.19838283278725363	1.2956764847785234	0.98875	0.965
11	0.19746694962183634	1.318769808858633	0.99	0.995
12	0.19727101692786583	1.0242810976505279	0.993125	0.995
13	0.19651917048863002	1.1958969082683324	0.990625	0.99
14	0.19595656394958497	1.123896104991436	0.99125	0.99
15	0.19544586539268494	0.9594206420332193	0.993125	0.995
16	0.19545146998237162	0.8389576337113976	0.994375	0.99
17	0.19527263111538357	0.791313370987773	0.993125	0.99
18	0.19536155148556358	1.0307716234773396	0.9925	0.99
19	0.19512717723846434	1.1263801817502825	0.991875	0.99
20	0.19498130253383092	0.8086540159583092	0.991875	0.995
21	0.19473875652660022	1.7438109841383993	0.99375	0.99
22	0.1945313474406367	0.7600931482389569	0.994375	0.995
23	0.19440317153930664	0.7041170428320765	0.995625	0.99
24	0.1941704559326172	0.7355418970063329	0.99375	0.995
25	0.19409905947171724	0.7259971865080297	0.993125	0.995
26	0.19398463213885273	0.7261038391850889	0.994375	0.99
27	0.1938920191356114	0.6124566532671452	0.995625	0.99
28	0.1936281467306203	0.5151855001971125	0.996875	0.995
29	0.19359540144602458	0.9352392280101776	0.991875	1.0
30	0.19332361221313477	0.4564697496592999	0.99625	1.0
31	0.19331061094999313	0.38741037644445897	0.99625	0.995
32	0.1931980089707808	0.5465997416712344	0.995625	0.995
33	0.19313667802249684	0.4673719957470894	0.996875	0.995
34	0.19305641310555594	0.34271796664223075	0.99625	0.995
35	0.19299905167685616	0.4119607844762504	0.995625	0.995
36	0.1929495721249967	0.320852430826053	0.9975	0.995
37	0.1928597186741076	0.43449564222246406	0.99625	0.995
38	0.19281553610777244	0.3259323212597519	0.996875	0.985
39	0.19278656244277953	0.247038769191131	0.998125	0.995
40	0.19268337110193764	0.2961693008150905	0.998125	0.995
41	0.19259808177039736	0.2757491690851748	0.995625	0.985
42	0.1925278430761293	0.2015225839614868	0.998125	0.99
43	0.19241232221776788	0.20110765838995576	0.99875	0.99
44	0.19243075052897135	0.2306647615681868	0.998125	0.985
45	0.19236785432566766	0.18337147830985487	0.9975	0.995
46	0.192386398924158	0.223352210924495	0.99875	0.985
47	0.19231770932674408	0.17021176005131566	0.9975	0.995
48	0.1923233294973568	0.21803784189280123	0.998125	0.99
49	0.19225977420806883	0.3585622479196172	0.995625	0.99
-1	-1	-1	-1	-1
0	0.23862576484680176	5.149144387096166	0.9325	0.99
1	0.21650850772857666	4.672562009096145	0.965625	0.995
2	0.20646142959594727	2.975463316440582	0.96625	0.985
3	0.20256692171096802	2.1651293802261353	0.981875	0.985
4	0.19937009811401368	1.8899620613455772	0.98	0.995
5	0.19814101854960123	1.2440299920737743	0.99	0.98
6	0.1974517277308873	1.651510762423277	0.985	0.98
7	0.19623464345932007	1.6591340333223343	0.981875	0.995
8	0.1962318155500624	0.9350142070651054	0.99375	0.98
9	0.19531145095825195	1.2994596714526414	0.989375	0.99
10	0.19507486169988458	1.3174536362290383	0.99	1.0
11	0.19474228223164877	1.040165576785803	0.99125	0.995
12	0.19394768201387846	1.0681866367161275	0.991875	0.99
13	0.1939990520477295	0.9647981839627028	0.991875	0.995
14	0.1933460235595703	0.7904258233308792	0.99375	1.0
15	0.19350245594978333	0.6358414184302091	0.995625	0.995
16	0.1930552510654225	1.0264428612682968	0.990625	0.99
17	0.19271499580807155	0.8902971566468477	0.99375	0.995
18	0.19270223065426476	0.7711293927393854	0.9925	0.995
19	0.1924857258796692	1.1035086242482066	0.99125	1.0
20	0.1926297006152925	0.65485570224002	0.995	1.0
21	0.19230592250823975	0.8551455629989505	0.994375	0.99
22	0.19229696107947308	0.7026521044224501	0.99375	1.0
23	0.1920569141705831	0.4950496365129948	0.996875	0.995
24	0.1920716094970703	0.5356292882561684	0.996875	1.0
25	0.19189353172595686	0.5267468985449523	0.996875	0.995
26	0.19178082324840404	0.4871486919373274	0.99625	0.995
27	0.191675066947937	0.5475655840523541	0.99625	1.0
28	0.1915203538434259	0.3837304069288075	0.9975	0.995
29	0.19137014547983805	0.3202961665019393	0.9975	1.0
30	0.19137823197149462	0.26192571096122264	0.998125	0.99
-1	-1	-1	-1	-1
0	0.2373812198638916	6.884466318488121	0.930625	0.98
1	0.21503901481628418	5.893030188083649	0.9525	0.965
2	0.20610149701436362	3.6095343589782716	0.968125	0.97
3	0.20184075832366943	3.644921238422394	0.9625	0.985
4	0.19929404258728028	2.3949375104904176	0.978125	0.99
5	0.19896197319030762	1.789628040343523	0.985625	0.99
6	0.19753353936331614	2.1806516712903976	0.98	0.99
7	0.1974610984325409	1.253233890682459	0.99	0.995
8	0.19633536868625218	1.7944468724727631	0.980625	0.995
9	0.19586920738220215	1.2131043353676796	0.98875	0.985
10	0.19480937177484686	1.269289419054985	0.99	0.995
11	0.1945440967877706	1.1214172133058309	0.990625	0.985
12	0.19650587668785682	0.9579414150118828	0.99375	0.99
13	0.19587421417236328	0.8107597175240516	0.995	0.995
14	0.19516072273254395	1.621418609600514	0.98375	0.99
15	0.19429421424865723	1.1773346680402756	0.99	0.99
16	0.19356259177712834	0.9103037475049496	0.99125	0.995
17	0.19353753990597194	0.6898422485589981	0.99625	0.995
18	0.19314275289836683	0.7207300664484501	0.995	0.995
19	0.19315294027328492	0.5391176876798273	0.99625	0.99
20	0.19276371456327893	0.8744868932291865	0.991875	0.99
21	0.1925272291356867	0.6032000037282705	0.995625	0.99
22	0.1925014931222667	0.6803405681252479	0.995	0.995
23	0.19233659903208414	1.0232391490414738	0.9925	0.99
24	0.1922808361053467	0.8843667450919748	0.9925	0.995
25	0.19213465543893668	0.5267057088762521	0.996875	0.99
26	0.19219388785185637	0.4764721866324544	0.996875	0.99
27	0.192079382283347	0.4972240500152111	0.996875	0.99
28	0.19201971744668894	0.41499025880359114	0.996875	0.995
29	0.19201420148213705	0.6396750677004457	0.99625	0.995
-1	-1	-1	-1	-1
0	0.23878097534179688	6.839811794757843	0.9225	0.97
1	0.2154332399368286	6.288467977046967	0.955625	0.97
2	0.20636940002441406	3.2104931509494783	0.971875	0.92
3	0.2024761438369751	2.170560330748558	0.98125	0.995
4	0.20088953971862794	1.5516648870706558	0.986875	0.995
5	0.1996901035308838	1.6264019112288952	0.988125	0.995
6	0.1988856111254011	1.5916850160062312	0.98625	0.995
7	0.1980283558368683	1.262750900387764	0.989375	0.995
8	0.19800718625386557	1.1657864747941493	0.99125	0.995
9	0.19753167629241944	1.126824658960104	0.990625	1.0
10	0.1973951296372847	1.9233748761564493	0.98625	1.0
11	0.19703276952107748	0.9875480353832244	0.991875	1.0
12	0.1969794493455153	1.0938653958588838	0.993125	0.995
13	0.19629005023411342	0.8764926932007074	0.995	0.995
14	0.1960768222808838	0.8035060721635818	0.99375	0.995
15	0.1955869197845459	0.8360303328558802	0.995	1.0
16	0.19561125250423655	0.6783795769512654	0.99625	0.995
17	0.195498612191942	0.7502507668733597	0.994375	1.0
18	0.1954275683352822	0.645370379537344	0.995	1.0
19	0.19509986639022828	0.6848655851557851	0.994375	0.995
20	0.19510459899902344	0.9323407799005509	0.99	0.985
21	0.195071664723483	0.725888744071126	0.995625	0.995
22	0.1949849336043648	0.6375128760561347	0.995625	1.0
23	0.194801797469457	0.6241066532954573	0.995625	0.995
24	0.19473265647888183	0.5982404495775699	0.995	1.0
25	0.19473682917081392	0.5444797329977155	0.995	0.995
26	0.19472532802157932	0.865621822392568	0.99375	0.995
27	0.19452453511101858	0.4705264827609062	0.996875	1.0
28	0.19457624698507375	0.4248990865983069	0.996875	0.995
29	0.19436174233754475	0.47661162028089166	0.99625	0.995
-1	-1	-1	-1	-1
0	0.24586749076843262	7.961391391754151	0.918125	0.965
1	0.22114956378936768	4.566782338917255	0.97	0.965
2	0.21203064918518066	2.4104263019561767	0.98	0.985
3	0.207866370677948	2.7372711643576624	0.97625	0.99
4	0.20477700233459473	1.961153609752655	0.98375	0.985
5	0.20269107818603516	1.6544580778479576	0.986875	0.985
6	0.20181233542306082	1.813035717010498	0.98375	0.98
7	0.20106998085975647	1.2664432680606843	0.990625	0.99
8	0.20083342658148873	1.3479798820614814	0.98875	0.975
9	0.20027697086334229	1.3426310248672961	0.9875	0.985
10	0.20024631240151144	1.3003256757184862	0.986875	0.995
11	0.1998127500216166	0.8927640211582184	0.994375	0.995
12	0.1996462711921105	1.1238230741769075	0.99125	0.995
13	0.1991891520363944	0.814416139870882	0.995625	0.99
14	0.19896138509114583	0.7428720333240926	0.995	0.995
15	0.19867917895317078	0.7758470388501882	0.995625	0.995
16	0.19833744273466222	0.7785071014612913	0.994375	0.995
17	0.19814229011535645	0.6285487349703908	0.99625	0.995
18	0.19780556779158742	0.6638307164609433	0.995625	0.995
19	0.1975652575492859	0.6251052560470999	0.995625	0.99
20	0.19750967479887463	1.1022648249473423	0.9925	0.995
21	0.19739982214840976	0.9648377415537834	0.990625	0.995
22	0.19731559960738473	0.6214353685453534	0.996875	0.995
23	0.19723875323931375	0.628142647407949	0.99625	0.995
24	0.1971826171875	0.6119769075326622	0.99625	0.995
25	0.19701179174276498	0.49027474913746116	0.996875	0.995
26	0.1968988754131176	0.4691322352364659	0.996875	0.995
27	0.19678952864238194	0.487000387609005	0.99625	0.995
28	0.19671218970726276	0.4970788204157725	0.99625	0.995
29	0.19671887556711834	0.5005032396502793	0.9975	0.995
30	0.19660338278739684	0.4172742053773254	0.995625	0.99
-1	-1	-1	-1	-1
0	0.24128198623657227	5.123823745250702	0.945625	0.965
1	0.21781671047210693	4.854104344844818	0.95875	0.955
2	0.2098383108774821	2.2097831723093986	0.979375	0.975
3	0.20563125610351562	2.2315213975310324	0.978125	0.985
4	0.20312914848327637	1.9364843034744263	0.98375	0.95
5	0.20137512683868408	2.9458424055576327	0.97125	0.97
6	0.20068625041416713	1.7348956203460693	0.98625	0.975
7	0.19973623752593994	1.6461743482947349	0.985625	0.985
8	0.19911744859483507	1.5407836163043975	0.986875	0.99
9	0.1987915277481079	1.3029532048106194	0.99	0.985
10	0.1983470916748047	1.1428210262209177	0.990625	0.99
11	0.19828162590662637	2.37207160692662	0.975	0.975
12	0.19795047319852388	1.4244627305865287	0.988125	0.98
13	0.19750705787113734	1.3444033890217542	0.988125	0.955
14	0.19731744130452475	1.752739292755723	0.983125	0.99
15	0.19721807539463043	1.0773888348042966	0.991875	0.99
16	0.197007698171279	0.9105948512256146	0.9925	0.99
17	0.19686537318759495	0.843023272305727	0.99375	0.985
18	0.19692934186835037	0.7714190309494734	0.995	0.985
19	0.19680114984512329	0.9457765560969711	0.993125	0.99
20	0.1967535586584182	0.7606956369802356	0.99375	0.99
21	0.19675981998443604	0.8143823221512139	0.994375	0.99
22	0.19670444986094598	0.6909071846678853	0.99625	0.99
23	0.1967188020547231	0.7164282370731234	0.995	0.99
24	0.19667561531066893	0.7751377885043621	0.993125	0.99
25	0.19678866863250732	0.5974802737683058	0.996875	0.99
26	0.19673216784441913	0.5381066410243511	0.99625	0.995
27	0.19683842148099626	0.5564712388068438	0.99625	0.99
28	0.19675001604803677	0.5195195846259594	0.996875	0.99
29	0.19669434229532878	0.4796199455950409	0.995	0.99
30	0.19665769607790054	0.4950743900425732	0.99625	0.995
31	0.19665081053972244	0.534437340348959	0.995	1.0
32	0.19668571876757074	0.37186301037669184	0.996875	0.99
33	0.1966564935796401	0.3851717361435294	0.9975	0.99
34	0.1966456140790667	0.3780650498531759	0.996875	0.99
35	0.19658226437038845	0.3835508162621409	0.9975	0.99
36	0.19659778878495499	0.33622073063626884	0.9975	0.995
37	0.1965634446395071	0.23729901410639287	0.99875	0.99
38	0.19653698725578111	0.3251215776964091	0.9975	0.99
39	0.19659681916236876	0.3287099305028096	0.9975	0.995
40	0.1965812706365818	0.2991010828781873	0.998125	0.995
41	0.19660042013440812	0.21814532758202404	0.99875	1.0
42	0.19662319227706554	0.21708180858986453	0.9975	1.0
43	0.1965998031876304	0.19236811246024443	0.996875	0.995
44	0.19660869704352485	0.28126223443541676	0.996875	0.99
45	0.19660368691320004	0.13620045440737158	0.999375	0.99
46	0.19660023425487763	0.27924495725310405	0.996875	0.995
47	0.19655785461266836	0.25677260366268456	0.99625	1.0
48	0.19652746161636042	0.16700124226044863	0.998125	0.99
49	0.1965321969985962	0.13476640375796706	0.998125	0.99
50	0.1965184492223403	0.11608347341360059	0.998125	0.99
51	0.19646771137530988	0.12647861208650282	0.999375	0.99
-1	-1	-1	-1	-1
0	0.24769806861877441	5.692356665432453	0.945625	0.99
1	0.22178256511688232	4.873211163282394	0.9625	0.95
2	0.21302533149719238	4.3609124267101285	0.958125	0.97
3	0.20850712060928345	3.0591351252794268	0.969375	0.985
4	0.2057337760925293	2.6094345024228094	0.976875	1.0
5	0.20371619860331217	1.5176554751396178	0.98875	1.0
6	0.20231689725603377	1.0367071270942687	0.993125	0.995
7	0.2014920711517334	0.9255813429504633	0.9925	1.0
8	0.20068136850992838	0.9623701521009207	0.993125	0.99
9	0.20027856826782225	0.9725718516856432	0.991875	0.99
10	0.19966242530129172	1.50501772002317	0.9875	1.0
11	0.19935494661331177	1.0826327954605222	0.990625	0.995
12	0.19915056228637695	0.9161160999536514	0.991875	1.0
13	0.198908908026559	0.8089246320724487	0.993125	1.0
14	0.19885300000508627	0.8143193822354078	0.994375	1.0
15	0.19862498342990875	0.7043236421421171	0.996875	1.0
16	0.19844703113331513	0.6657823263294995	0.995	1.0
17	0.19847316212124294	0.5945580830425023	0.995	1.0
18	0.198384774358649	0.6162864341400563	0.995	1.0
19	0.19826468229293823	0.598693223670125	0.99625	1.0
20	0.1981917449406215	0.6389759800769389	0.995	0.995
21	0.19823398373343729	0.6677474452089518	0.995	1.0
22	0.19812698986219324	0.47606743916869165	0.99625	1.0
23	0.19810696442921957	0.8541818860638887	0.993125	0.97
24	0.19807233810424804	1.0255826871842146	0.993125	1.0
25	0.19803470831650954	0.5940414935350418	0.995	1.0
26	0.19795602339285392	0.5742305571958423	0.99625	1.0
27	0.197871310370309	0.4964896961674094	0.9975	1.0
28	0.19780773952089506	0.5108937952294945	0.99625	1.0
29	0.19768420060475667	0.5204320052452386	0.995625	1.0
-1	-1	-1	-1	-1
0	0.2437300682067871	6.182090463638306	0.934375	0.96
1	0.21875035762786865	4.032785787582397	0.97625	0.97
2	0.2107845942179362	4.457154970467091	0.958125	0.965
3	0.20681798458099365	2.1331618416309355	0.979375	0.95
4	0.2047454833984375	2.2492303597927092	0.976875	0.97
5	0.20297487576802573	1.1711182203888892	0.991875	0.975
6	0.20219366891043528	1.3625212881714106	0.988125	0.965
7	0.20121750235557556	1.0383206704258918	0.9925	0.97
8	0.20049556096394858	1.1981052564829588	0.991875	0.97
9	0.20007951259613038	1.2235532914102079	0.98875	0.975
10	0.1997737234288996	1.2286372686177491	0.98875	0.96
11	0.19959147771199545	1.0569463212043047	0.99	0.98
12	0.19928125234750602	0.7443060929328204	0.995	0.985
13	0.1990417923246111	0.7736098137497902	0.9925	0.985
14	0.19880112012227377	0.8106474126502872	0.995	0.98
15	0.19867517054080963	0.7027302140370011	0.994375	0.98
16	0.1984377748825971	0.7834264151938259	0.993125	0.985
17	0.19826128747728136	0.7377175165526569	0.996875	0.98
18	0.19827252940127724	0.6355711394548416	0.99625	0.965
19	0.19813908338546754	0.6345392210036516	0.995	0.985
20	0.19808662505376906	0.5553306006640196	0.99625	0.98
21	0.1980283260345459	0.49895890694111583	0.99625	0.98
22	0.1979135326717211	0.6682794900424779	0.99375	0.98
23	0.19780288139979044	0.5585996674094349	0.996875	0.985
24	0.19771531105041504	0.49057662539184094	0.99625	0.985
25	0.19770079392653245	0.43292189909145234	0.996875	0.985
26	0.19752985459786873	0.33507906422019007	0.9975	0.985
27	0.19746049812861852	0.6129325017891825	0.995625	0.975
28	0.1973707758147141	0.6979574423097074	0.99625	0.985
29	0.19726232687632242	0.47401313537731765	0.995625	0.985
30	0.19722305574724752	0.3312655738741159	0.9975	0.985
31	0.19708522409200668	0.43799124531447886	0.995625	0.98
32	0.19698973857995236	0.36475820388644936	0.998125	0.985
-1	-1	-1	-1	-1
0	0.2981414794921875	8.04639086768031	0.920625	0.975
1	0.24366652965545654	8.350335111618042	0.93625	0.945
2	0.22676356633504233	3.141448520421982	0.97	0.975
3	0.21749037504196167	2.2563855916261675	0.983125	1.0
4	0.21190223693847657	1.6844132339954376	0.985625	0.955
5	0.20917022228240967	1.8355623356997968	0.98375	0.995
6	0.2064645971570696	1.5498234143853187	0.98625	1.0
7	0.20455077290534973	1.6534301772713662	0.985	0.995
8	0.2033452722761366	2.1981757406145332	0.97875	0.965
9	0.20193102359771728	1.3908031302690507	0.986875	1.0
10	0.2013232491233132	1.1469760552048682	0.990625	0.995
11	0.20029624303181967	1.1299851232767104	0.9925	1.0
12	0.19956238453204816	0.8544759984314442	0.994375	0.995
13	0.19888474260057723	0.9928010838478804	0.994375	1.0
14	0.1984300931294759	0.9973334103822709	0.9925	0.995
15	0.19785718619823456	0.887297001555562	0.9925	1.0
16	0.19753492579740636	0.8724887438118458	0.9925	1.0
17	0.19723383585611978	0.6738030740618706	0.994375	1.0
18	0.19684249476382606	0.8744119922444225	0.993125	1.0
19	0.196821928024292	0.7073917970433832	0.994375	1.0
20	0.19644269489106678	0.6073248098231852	0.99625	1.0
21	0.1961453611200506	0.6481481792032718	0.995625	1.0
22	0.19594125125719153	0.6811908192187548	0.99375	1.0
23	0.19571355978647867	0.6481394704803825	0.99625	1.0
24	0.19561487197875976	0.542177991643548	0.995	1.0
25	0.19539947693164533	0.5512281547859311	0.995625	1.0
26	0.19535266911541974	0.5883585470169783	0.99625	1.0
27	0.19513932296207973	0.7353032973967493	0.996875	1.0
28	0.19506629582109122	0.49074394062161447	0.995625	1.0
29	0.19497737884521485	0.47338100168853997	0.995625	1.0
-1	-1	-1	-1	-1
0	0.24147796630859375	8.093923898339272	0.924375	0.96
1	0.21904540061950684	5.513261531591415	0.953125	0.98
2	0.21049674352010092	1.988410382270813	0.98625	0.975
3	0.20586013793945312	1.9950682699680329	0.98375	0.975
4	0.20314993858337402	4.201633551716805	0.96125	0.965
5	0.2014838457107544	2.5079415571689605	0.9775	0.97
6	0.19953141893659318	2.0465318787097933	0.97875	0.985
7	0.199022114276886	1.9380732652544976	0.9825	0.98
8	0.19772537549336752	1.5110600236058236	0.98875	0.985
9	0.19723985195159913	1.6861726742982865	0.986875	0.98
10	0.19630928473039108	1.3847866123914718	0.990625	0.99
11	0.1962153116861979	1.1249819004535675	0.995	0.99
12	0.19576083696805513	1.3665248706936837	0.98875	0.99
13	0.19592358384813582	1.4577018563449382	0.9875	0.99
14	0.19544576009114584	0.9694488405436278	0.994375	0.99
15	0.19534803926944733	1.0794221311062575	0.99125	0.995
16	0.19529829305761	0.7774816012382507	0.995	0.995
17	0.19521133104960123	0.7428043463826179	0.994375	0.99
18	0.19489420087713943	0.6925317149423063	0.99375	0.99
19	0.19493426084518434	0.716246302947402	0.995	0.995
20	0.19492764700026738	0.6595705176889897	0.995	0.985
21	0.1948026093569669	1.9604504544846713	0.979375	0.99
22	0.1947499254475469	0.8238326082378626	0.995	0.985
23	0.19448346892992655	0.6687607628107071	0.995	0.995
24	0.19442104339599608	0.5311548721045256	0.99625	0.995
25	0.1941535472869873	0.6850458749756217	0.995	0.995
26	0.1940892184222186	0.5839089112728835	0.99625	0.995
27	0.19384103161948069	0.5565030847862363	0.995	0.99
28	0.19389362992911502	0.6273331556282937	0.994375	0.985
29	0.19369407494862875	0.7860548651125282	0.9925	0.99
30	0.19366233579574094	0.5741179601475597	0.99625	0.995
31	0.19366556406021118	0.44310717802494765	0.9975	0.995
32	0.19363560098590274	0.4288918474316597	0.995625	0.99
33	0.1936386402915506	0.43831919390708207	0.996875	0.995
34	0.19372305188860212	0.3943462998047471	0.996875	0.99
35	0.19385360346900093	0.41540670542046426	0.995625	0.99
-1	-1	-1	-1	-1
0	0.24593663215637207	5.079563170671463	0.95	0.97
1	0.2203429937362671	4.194551906585693	0.96875	0.96
2	0.21144731839497885	3.43006109893322	0.9675	0.99
3	0.20753329992294312	1.9145628353953361	0.985625	0.99
4	0.20409960746765138	1.4249590136110784	0.989375	0.995
5	0.2022306521733602	1.2233175098896027	0.989375	0.985
6	0.20114050592694963	1.3988241811096669	0.98625	0.995
7	0.20033910870552063	1.2131173828244208	0.989375	0.99
8	0.1997127268049452	1.046775965616107	0.99125	0.99
9	0.1994619846343994	0.9797393622249365	0.993125	0.99
10	0.1990720575506037	1.0121000507846474	0.993125	0.99
11	0.1985042691230774	0.8208685783669353	0.9925	0.99
12	0.19839031879718488	0.682687314003706	0.994375	0.99
13	0.1982212577547346	0.5557020209729672	0.99625	0.995
14	0.19802672068277996	0.8946210901252926	0.9925	0.985
15	0.19796893000602722	0.7772419864684343	0.994375	0.99
16	0.197815642637365	0.5229544336162507	0.995625	1.0
17	0.1978498167461819	0.5596204290352762	0.99375	0.995
18	0.19772292438306308	0.5746438872441649	0.995	0.995
19	0.19787518978118895	0.45418617768213154	0.995625	0.99
20	0.1973788965316046	0.3721260596811771	0.99625	0.99
21	0.19716385277834805	0.35863726095296444	0.99625	0.995
22	0.19672990881878397	0.8400002054218203	0.991875	1.0
23	0.19654697179794312	0.40772606149781493	0.996875	1.0
24	0.19624394416809082	0.3301156224124134	0.998125	0.995
25	0.1960886441744291	0.3165779105667025	0.996875	0.995
26	0.19594286106250905	2.0148029171908273	0.985625	0.99
27	0.19581390278679983	0.6731825899891555	0.995625	0.99
28	0.1955526121731462	0.44127980917692183	0.995625	0.995
29	0.19546031951904297	0.43980413328856227	0.996875	0.99
30	0.19521612505758962	0.35120810251683	0.9975	0.995
31	0.19510990381240845	0.3501561166997999	0.9975	1.0
32	0.19485358758406204	0.31321584932506086	0.9975	0.995
33	0.19483893759110393	0.2848167657852173	0.9975	0.995
34	0.1944807733808245	0.18419830491766334	0.998125	0.995
35	0.19421597321828207	0.19177861705422403	0.998125	0.995
36	0.19411731410670924	0.16523388267029077	0.99875	1.0
-1	-1	-1	-1	-1
0	0.2326061725616455	6.053225330114365	0.9375	0.97
1	0.20984697341918945	6.676727473735809	0.94875	0.99
2	0.20060269037882486	3.508629081249237	0.96625	0.975
3	0.19643378257751465	1.7484940135478972	0.98375	0.965
4	0.19393281936645507	3.6241927123069764	0.96	0.965
5	0.19200801849365234	2.731604242324829	0.976875	0.92
6	0.1909172534942627	2.8120105129480364	0.975625	0.98
7	0.19028395414352417	1.56033382833004	0.985625	0.985
8	0.1893814139895969	1.3963263046741485	0.9875	0.99
9	0.18860409259796143	1.1613374531269074	0.991875	0.985
10	0.18813627416437323	1.0047755589336156	0.99125	0.985
11	0.18762769301732382	1.7451686977595091	0.98375	0.99
12	0.1875760738666241	0.9688573705404997	0.9925	0.99
13	0.1871556043624878	0.9323115150630474	0.99	0.99
14	0.1869203567504883	0.846819577254355	0.9925	0.985
15	0.1866094470024109	0.779315330684185	0.99375	0.99
16	0.18636669832117417	0.625649230889976	0.994375	0.99
17	0.18643253379397923	0.5462513388693333	0.99625	0.99
18	0.18618056648655942	0.5046492513641715	0.99625	0.99
19	0.18618605136871338	0.8898700951877981	0.99375	0.99
20	0.18597213427225748	0.6739319413527847	0.995625	0.99
21	0.18580616604198108	0.5438084222748876	0.99625	0.99
22	0.18575111679408862	0.5161858320795	0.99625	0.99
23	0.1855893929799398	0.5030886551737785	0.99625	0.99
24	0.18561275482177733	0.4415155561827123	0.99625	0.99
25	0.1854629424902109	0.37565482057631017	0.9975	0.99
26	0.1854883388236717	0.36476500063203277	0.9975	0.99
27	0.18564615930829728	0.461795126600191	0.995625	0.99
28	0.185602985579392	0.30544056192971764	0.9975	0.985
29	0.18575492699940999	0.34999497378245	0.9975	0.99
-1	-1	-1	-1	-1
0	0.28716564178466797	4.197525093257427	0.958125	1.0
1	0.23688805103302002	6.080020855069161	0.94125	0.995
2	0.2183216412862142	2.8137608905136586	0.97625	0.94
3	0.20921504497528076	2.0997544181346894	0.979375	0.995
4	0.20438461303710936	1.5478172919154167	0.985	0.99
5	0.20132450262705484	1.3799478332698345	0.99	1.0
6	0.19918690408979142	1.0194602054357529	0.99125	1.0
7	0.19779562950134277	0.9561507596075535	0.993125	0.995
8	0.19625051816304526	1.2841114177554847	0.98875	0.995
9	0.19523701667785645	1.3345250277593732	0.988125	0.995
10	0.1949652541767467	0.9906906159222126	0.99375	1.0
11	0.193897545337677	0.820909421145916	0.994375	0.995
12	0.19336544550382173	0.7528145428001881	0.994375	1.0
13	0.1927154575075422	0.675642232466489	0.995	1.0
14	0.19244906107584636	0.6849750157445669	0.995625	1.0
15	0.19188125431537628	0.9411263700202107	0.9925	0.98
16	0.19144989462459788	1.0134877100307493	0.989375	1.0
17	0.1911322275797526	0.7595336721092463	0.993125	1.0
18	0.1909196502284	0.6593313851952552	0.994375	1.0
19	0.1905864119529724	0.543202629238367	0.994375	1.0
20	0.1904925164722261	0.48846116367727516	0.99625	1.0
21	0.19024621356617322	0.5116016537882387	0.996875	1.0
22	0.19022713536801544	0.4823163663037121	0.995625	1.0
23	0.18999620278676352	0.528600063174963	0.99625	1.0
24	0.19001130104064942	0.6704986190982163	0.99375	1.0
25	0.1899769397882315	0.7235371439531445	0.995625	1.0
26	0.18987872865464953	0.39725804310292007	0.9975	1.0
27	0.18995364223207747	0.4333967782091349	0.99625	1.0
28	0.1897122777741531	0.3688847259804606	0.996875	1.0
29	0.18969945112864176	0.2977039554715157	0.996875	1.0
-1	-1	-1	-1	-1
0	0.23554635047912598	6.795201397538185	0.923125	0.99
1	0.2111266851425171	5.477054012268781	0.954375	0.96
2	0.20123791694641113	2.3836874717473986	0.979375	0.985
3	0.1977686882019043	2.143808053433895	0.980625	0.95
4	0.19527688026428222	1.5001927357912064	0.985625	0.99
5	0.1941883166631063	2.4308858362957837	0.975625	0.98
6	0.19312007086617605	2.190353207141161	0.98125	0.985
7	0.19236379861831665	1.4527787917107344	0.985625	0.985
8	0.19180406464470756	1.3472461624816061	0.989375	0.985
9	0.19153187274932862	1.0973066736757755	0.9925	0.985
10	0.191384879025546	1.0781803834810852	0.98875	0.98
11	0.1910435954729716	1.0727727483212948	0.989375	0.985
12	0.19092284716092622	0.9501963741332292	0.991875	0.975
13	0.19075361319950648	0.8426882797479629	0.993125	0.96
14	0.19070927302042642	0.845137833636254	0.994375	0.985
15	0.19084584712982178	0.6262733566761017	0.995	0.985
16	0.19050216674804688	0.9069469670392573	0.990625	0.98
17	0.19060174624125162	0.8018676591850817	0.99375	0.99
18	0.19042647512335525	0.6407115028984844	0.99375	0.985
19	0.1903092622756958	0.6543670307286084	0.995625	0.99
20	0.1903163819085984	0.7647202329151332	0.993125	0.985
21	0.19036234508861194	0.5663568775728345	0.995	0.99
22	0.19039707598478897	0.704362826757133	0.994375	0.99
23	0.19013704856236777	0.7303986154310406	0.993125	0.99
24	0.19013538360595703	0.4662664295732975	0.995	0.99
25	0.1901407425220196	0.42476263041608037	0.995625	0.99
26	0.19017172742772986	0.499420096706599	0.994375	0.985
27	0.19007342202322824	0.3477900108788162	0.99625	0.985
28	0.19005592115994158	0.3738558848388493	0.99625	0.985
29	0.19001063505808513	0.30804942938964813	0.9975	0.985
-1	-1	-1	-1	-1
0	0.23628926277160645	9.212053357362747	0.908125	0.985
1	0.21167564392089844	5.389974172115326	0.961875	0.945
2	0.20362178484598795	6.518099365234375	0.95875	0.95
3	0.1996220350265503	2.375647815465927	0.976875	0.97
4	0.19730114936828613	1.8136970311403275	0.9825	0.965
5	0.1957325537999471	3.209851372539997	0.965625	0.98
6	0.19451570510864258	1.879395929276943	0.98375	0.985
7	0.1938977837562561	1.557241682112217	0.9875	0.98
8	0.19348817401462132	1.5212275969982147	0.9875	0.98
9	0.1930405855178833	2.1597043634951114	0.980625	0.94
10	0.1926159208471125	2.6204819497466088	0.975625	0.98
11	0.19219368696212769	1.2972301025688648	0.9875	0.98
12	0.19185832830575797	1.2102165600657464	0.991875	0.985
13	0.19166522366659983	0.9926219666004181	0.9925	0.985
14	0.19151748021443685	0.910310645699501	0.994375	0.98
15	0.19151867926120758	1.1527795486152173	0.99	0.985
16	0.1913489594179041	0.9419239297509193	0.991875	0.98
17	0.19122074709998238	1.2205143040418625	0.991875	0.99
18	0.19107846209877416	0.9659938451647758	0.993125	0.99
19	0.19098401069641113	0.8436486971378326	0.993125	0.99
20	0.19092621122087752	1.0202783512324094	0.993125	0.98
21	0.19082880020141602	0.8728301240503789	0.99375	0.99
22	0.1907877196436343	0.9239228089526296	0.995	0.985
23	0.19073814153671265	0.8714088019728661	0.995	0.99
24	0.19071861267089843	0.9175520484521985	0.990625	0.985
25	0.1904390683540931	0.7829383593797684	0.9925	0.985
26	0.19024028601469817	0.7964749721437693	0.99375	0.985
27	0.18993631431034633	0.7383548223599792	0.994375	0.99
28	0.18966851563289247	0.6617626865208149	0.99625	0.99
29	0.18941535154978434	0.684335220232606	0.995	0.99
30	0.1893133117306617	0.6484990869835019	0.996875	0.99
31	0.1890963912010193	0.6566080430150032	0.99625	0.99
32	0.18902417385216916	0.6067157222516835	0.994375	0.99
33	0.18883057902841008	0.6379340937733651	0.995625	0.985
34	0.18866583960396902	0.5596076010167599	0.996875	0.99
35	0.18865931034088135	0.5669705542176962	0.995625	0.985
36	0.1885253803150074	0.5662031112611294	0.995625	0.99
37	0.18850807139748021	0.5184366149827838	0.995	0.99
-1	-1	-1	-1	-1
0	0.2387223243713379	5.16200003683567	0.939375	0.99
1	0.21353793144226074	3.8192890459299087	0.975625	0.995
2	0.2029728889465332	2.3844644644856454	0.9775	0.985
3	0.19776809215545654	1.9061487331986426	0.983125	0.99
4	0.19579811096191407	1.3401386074721813	0.985625	0.995
5	0.1940800348917643	1.933102075010538	0.981875	0.995
6	0.19252392223903111	0.952281406223774	0.99125	0.99
7	0.1919286549091339	1.20054742757231	0.988125	0.99
8	0.19091690911187065	1.9266067581251263	0.983125	0.99
9	0.19066088199615477	0.7895525668561458	0.991875	0.99
10	0.19007654623551803	1.0631616936065256	0.990625	0.995
11	0.18944958845774332	1.7739471601881087	0.9825	0.98
12	0.18924386684711164	1.0264774043858051	0.9925	0.99
13	0.18879870006016322	0.8955314061790705	0.991875	0.99
14	0.188777224222819	0.7969256427511573	0.9925	0.995
15	0.18855133652687073	0.636607748195529	0.993125	0.99
16	0.1882654919343836	0.9374935062415898	0.990625	0.99
17	0.18837968508402506	1.0100184759870172	0.98875	0.99
18	0.1880769980581183	0.6831854316964745	0.995	0.995
19	0.18778351545333863	0.563596123829484	0.995625	0.995
20	0.18770328022184826	0.44536015249788763	0.996875	0.995
21	0.1874599023298784	0.4442443424277008	0.996875	0.995
22	0.187405482582424	0.5686414683610201	0.99375	0.995
23	0.1871973971525828	0.31006204256787895	0.9975	0.995
24	0.18706451416015624	0.25912758549675347	0.998125	0.995
25	0.1868966451058021	0.2852474244125187	0.9975	0.995
26	0.1867352326711019	0.20836605773307382	0.998125	0.995
27	0.18665161303111485	0.14556946168653667	0.999375	0.995
28	0.1865059836157437	0.3087964763212949	0.995	0.995
29	0.18642650445302328	0.5088597261684481	0.99625	0.995
-1	-1	-1	-1	-1
0	0.23914766311645508	6.481447420120239	0.923125	0.95
1	0.2124878168106079	3.9448914197832345	0.97625	0.94
2	0.20215185483296713	3.321514534950256	0.9675	0.965
3	0.19811636209487915	1.978127697110176	0.9825	0.955
4	0.19606537818908693	2.1585407042503357	0.979375	0.96
5	0.1947022279103597	1.5058874478936195	0.98625	0.955
6	0.1937603269304548	1.1018715301156043	0.993125	0.97
7	0.19311225414276123	2.611102063730359	0.9775	0.97
8	0.1926901870303684	2.586794411987066	0.9775	0.94
9	0.19229092597961425	1.9255253997445108	0.98375	0.95
10	0.19204998016357422	1.146325469315052	0.99	0.97
11	0.19173727432886759	1.195132239162922	0.989375	0.97
12	0.19137122080876276	1.012543229162693	0.990625	0.96
13	0.1910686833517892	0.8224269586801529	0.9925	0.975
14	0.19088552792867025	0.6930442385375499	0.993125	0.965
15	0.19084405899047852	1.0262167672812939	0.990625	0.975
16	0.19068659053129308	0.7266698538511992	0.9925	0.975
17	0.19063087304433188	0.5352720069512725	0.996875	0.97
18	0.19044525999771922	0.5400047006085515	0.994375	0.975
19	0.19038040637969972	0.501304869800806	0.995	0.975
20	0.19037104788280668	0.4491000200249255	0.9975	0.97
21	0.19027219035408713	0.35552395530045033	0.996875	0.975
22	0.19024976440097974	0.4191017320007086	0.995625	0.975
23	0.19014984369277954	0.30743021322414277	0.996875	0.975
24	0.1900739288330078	0.3841108856257051	0.996875	0.975
25	0.19008889565101036	0.38101103688590227	0.995	0.975
26	0.1900141680682147	0.3298211648967117	0.996875	0.975
27	0.19002938270568848	0.18773997171781956	0.998125	0.975
28	0.1899376162167253	0.20052399317733943	0.996875	0.975
29	0.18984835942586262	0.18673753899987788	0.998125	0.97
30	0.1898187514274351	0.29458167471922936	0.9975	0.975
31	0.18971077352762222	0.17687822576612233	0.998125	0.975
32	0.18974273855035956	0.13562070193467662	0.998125	0.975
33	0.18971154970281265	0.14754754876717924	0.99875	0.97
-1	-1	-1	-1	-1
0	0.23483014106750488	7.582326922416687	0.915625	0.96
1	0.21168279647827148	4.524695217460394	0.966875	0.955
2	0.20243255297342935	4.690492287874222	0.951875	0.945
3	0.19814729690551758	4.828913847208023	0.953125	0.965
4	0.1962718963623047	3.267703108787537	0.965	0.975
5	0.19442601998647055	2.0448381850123405	0.98125	0.975
6	0.19359564781188965	1.8484517408907413	0.98375	0.985
7	0.19277411699295044	1.6211475777626037	0.988125	0.97
8	0.19252170456780326	1.371128812879324	0.988125	0.985
9	0.19185893535614013	1.490505123436451	0.98875	0.98
10	0.1914198181845925	1.136145756393671	0.990625	0.98
11	0.19138781229654947	0.9770433809608221	0.990625	0.985
12	0.1911463187291072	1.036757423840463	0.991875	0.975
13	0.19092956611088344	1.0593352179229258	0.991875	0.985
14	0.19091734886169434	0.825459685176611	0.99375	0.97
15	0.1907670646905899	0.8457066470757126	0.993125	0.985
16	0.19069375711328843	0.7654829800128937	0.993125	0.985
17	0.19050897492302787	0.6665824394673109	0.99625	0.985
18	0.19053082717092415	0.6497243579477072	0.994375	0.985
19	0.1903180241584778	0.7396618201583623	0.995625	0.985
20	0.19030063492911203	0.6241678541898728	0.994375	0.985
21	0.19007446549155496	0.5095422843471169	0.99625	0.99
22	0.19013348869655444	0.4565354960318655	0.995625	0.985
23	0.19006807605425516	0.442820186316967	0.996875	0.985
24	0.1899002170562744	0.386976358583197	0.9975	0.985
25	0.1899248453286978	0.49245100273750725	0.996875	0.99
26	0.18987462255689833	0.48578990818932655	0.995625	0.985
27	0.18983076299939836	0.42920299207791685	0.995	0.985
28	0.18983083757860908	0.4703812899347395	0.994375	0.99
29	0.18980127175649006	0.5084301274735481	0.995	0.985
30	0.18980926082980248	0.30433387000113726	0.998125	0.985
31	0.18977495282888412	0.3240302735310979	0.9975	0.99
32	0.18975957234700522	0.28753757393918933	0.9975	0.985
33	0.18975788705489216	0.3010867159906775	0.996875	0.98
34	0.18966823305402483	0.3072144227940589	0.9975	0.985
35	0.18960479233000013	0.21394267108291387	0.998125	0.985
36	0.18960000373221733	0.3994726046547294	0.995625	0.98
37	0.18959788272255346	0.288919788133353	0.9975	0.98
38	0.18961252310337165	0.14868236053385772	0.99875	0.98
39	0.18955066800117493	0.24199661769438535	0.99875	0.985
40	0.18951557903755	0.23388482767390087	0.998125	0.985
41	0.18951115154084705	0.13141927715623752	0.99875	0.985
-1	-1	-1	-1	-1
0	0.23783206939697266	6.165258771777153	0.939375	0.985
1	0.21251845359802246	4.336179544329643	0.975625	0.97
2	0.20505499839782715	3.370908434987068	0.96375	0.985
3	0.20076340436935425	2.166687697172165	0.980625	0.995
4	0.19852399826049805	1.6035007363557816	0.988125	0.995
5	0.1970916191736857	1.6550605443120003	0.985625	0.975
6	0.19593289920261928	1.8539983713626862	0.985625	0.995
7	0.19516968727111816	1.47283965267241	0.9875	0.995
8	0.19425704744127062	1.8313989014923573	0.988125	0.98
9	0.1936420679092407	1.3116335709393026	0.98875	0.99
10	0.19323531064120206	1.557796762138605	0.988125	0.995
11	0.19291309515635172	1.9222994865477085	0.9825	0.995
12	0.19267951525174654	1.4487433052062988	0.988125	0.98
13	0.19247346264975412	1.405230887234211	0.99	0.99
14	0.19220781326293945	0.9690102049708367	0.99375	0.99
15	0.19194439053535461	0.8557597723603249	0.993125	0.995
16	0.19182164528790643	1.0733198386803269	0.990625	1.0
17	0.19173313511742485	0.8347659149020911	0.99375	0.995
18	0.19157227716947856	1.292193521335721	0.99	0.995
19	0.19157116413116454	0.9502949592471123	0.99375	0.995
20	0.19136454945518858	0.9358794931322336	0.993125	1.0
21	0.19127567247910934	0.8742826137691736	0.99375	1.0
22	0.19120595766150433	0.8404776574671269	0.991875	1.0
23	0.19112037618954977	0.6230437561869622	0.996875	0.99
24	0.19111204147338867	0.7324923771247268	0.994375	1.0
25	0.190955978173476	0.6909834093600512	0.995625	1.0
26	0.19090456432766384	0.5669723856449127	0.99625	1.0
27	0.19083951200757707	0.5705798112973571	0.99625	1.0
28	0.1907637119293213	0.4875937833636999	0.996875	1.0
29	0.1907000223795573	0.47122584737837314	0.9975	1.0
30	0.1905821523358745	0.39825855925679204	0.9975	1.0
31	0.19054007530212402	0.43004146229475737	0.9975	1.0
32	0.1905550089749423	0.46678448082879187	0.99625	1.0
33	0.19064771427827723	0.7713424146920442	0.995	0.99
34	0.19069802420479912	0.4766022628173232	0.99625	1.0
35	0.19079512357711792	0.5114979426655918	0.996875	1.0
36	0.19096116761903506	0.42420976361259816	0.995	1.0
-1	-1	-1	-1	-1
0	0.2981991767883301	5.350017587542534	0.94375	0.975
1	0.24243783950805664	3.991675771474838	0.973125	0.945
2	0.22555979092915854	2.322675975561142	0.98	0.975
3	0.21664774417877197	1.7106319251656532	0.983125	0.98
4	0.21123180389404297	3.5449931919574738	0.960625	0.98
5	0.20820208390553793	2.3891648268699646	0.98	0.98
6	0.20574770654950822	1.4150229108333587	0.988125	0.98
7	0.2039283812046051	1.188798161149025	0.99125	0.985
8	0.2021714316474067	1.0634190207719803	0.99375	0.98
9	0.20128774642944336	1.4640798946470022	0.986875	0.985
10	0.2002593604001132	1.0440184123814107	0.990625	0.985
11	0.19960957765579224	0.8270230574905872	0.99625	0.985
12	0.19884197528545672	1.3329288889467716	0.98625	0.98
13	0.19826233386993408	1.9487837974727154	0.989375	0.99
14	0.19783337910970053	1.119156147390604	0.993125	0.985
15	0.19734644889831543	0.9425331739336252	0.993125	0.99
16	0.19720799782696893	0.8649368615821004	0.993125	0.995
17	0.19677168793148464	0.9009273907914758	0.9925	0.985
18	0.19660600863004984	0.8494217249751091	0.99375	0.99
19	0.19633816480636596	0.6192551637813449	0.995625	0.965
20	0.1961633250826881	0.7875717782229185	0.99375	0.995
21	0.19588505138050427	0.9367079013958574	0.9925	0.985
22	0.1957236787547236	1.060820049890317	0.99125	0.985
23	0.195634126663208	0.5294354442507029	0.996875	0.985
24	0.1954806137084961	0.5419866755232214	0.995625	0.99
25	0.19529780057760385	0.49803625702857973	0.996875	0.995
26	0.1951616428516529	0.5336227200552821	0.996875	0.99
27	0.19498351642063685	0.5547112507373094	0.996875	0.99
28	0.1947457297094937	0.4341013306379318	0.9975	0.99
29	0.19470215638478597	0.4090699156746268	0.9975	0.99
30	0.1944848568208756	0.4548483180999756	0.998125	0.99
31	0.19449877738952637	0.39818200675770643	0.9975	0.99
32	0.1943457993594083	0.3574466095119715	0.9975	0.99
33	0.19422459602355957	0.37544331366196276	0.996875	0.99
34	0.19413916042872836	0.37556194339878857	0.998125	0.99
35	0.19408521387312147	0.3686805883049965	0.9975	0.99
36	0.19402221086862925	0.27589404695667324	0.9975	0.99
-1	-1	-1	-1	-1
0	0.23733901977539062	9.492242595553398	0.918125	0.975
1	0.21450185775756836	5.25948291182518	0.97	0.955
2	0.20529715220133463	2.4292929023504257	0.97875	0.99
3	0.20135366916656494	2.097473060488701	0.980625	0.98
4	0.19817557334899902	2.0121735396981237	0.983125	0.99
5	0.1962078015009562	2.8354733905196188	0.97625	0.915
6	0.19494376863752091	2.3849265590310096	0.975625	0.935
7	0.1940740942955017	2.2917813351750373	0.9775	0.995
8	0.19393655988905165	2.3397230708599093	0.980625	0.99
9	0.19336824417114257	1.3942573550343513	0.98875	0.99
10	0.1929460655559193	1.4989596289396285	0.985625	0.95
11	0.19230234622955322	1.2981289553642272	0.990625	0.99
12	0.1921395521897536	0.9929243378341198	0.991875	0.995
13	0.191597546849932	1.1272578694671394	0.990625	0.99
14	0.1915075143178304	0.894082172960043	0.99125	0.98
15	0.19107985496520996	0.8440509554743767	0.99375	0.995
16	0.19121545903822956	0.7523289155960083	0.994375	0.99
17	0.19102797243330213	0.7749906731396914	0.993125	0.995
18	0.19085646930493808	0.6896353908628226	0.994375	0.99
19	0.1908207893371582	0.6884598559886217	0.995	0.98
20	0.19084839593796504	0.6563003850355744	0.994375	0.99
21	0.1905930909243497	0.649362513422966	0.995625	0.995
22	0.19061882599540378	0.7443011932820082	0.994375	0.99
23	0.1905760963757833	0.6978198936954141	0.994375	0.99
24	0.19071327209472655	0.5895139840245247	0.996875	0.99
25	0.19051315234257624	0.7080380356311798	0.99375	0.99
26	0.19052328003777397	0.5805655847862363	0.995	0.99
27	0.19036249603543962	0.5422352397069335	0.995625	0.99
28	0.19040786808934704	0.5905420391634106	0.995625	0.985
29	0.1903315305709839	0.512366215698421	0.99625	0.99
-1	-1	-1	-1	-1
0	0.24071693420410156	8.506474989056587	0.92	0.945
1	0.2157573699951172	6.663601306676864	0.949375	0.9
2	0.2067685921986898	15.38988089799881	0.93	0.945
3	0.20278310775756836	4.278659332990646	0.96375	0.965
4	0.20026302337646484	2.7588845705986023	0.97625	0.97
5	0.19812250137329102	1.948203672170639	0.9825	0.99
6	0.19689365795680455	1.7509904080629348	0.98375	0.99
7	0.19645997881889343	1.6050673839449883	0.985	0.99
8	0.19602160983615452	1.2000977018475532	0.989375	0.98
9	0.19572513103485106	1.3610373991727829	0.991875	0.99
10	0.19484262032942337	2.239841861873865	0.9825	0.98
11	0.19451475143432617	1.4874326798319817	0.986875	0.98
12	0.19394997450021598	1.0682898856699468	0.9925	0.99
13	0.19330111571720668	1.0585446938872338	0.989375	0.99
14	0.19311448733011882	0.9287584451586008	0.99375	0.99
15	0.1926414966583252	1.1309992527961732	0.989375	0.985
16	0.1923974682303036	0.8352022767066956	0.99375	0.99
17	0.19217443466186523	0.8300048386678099	0.99375	0.99
18	0.19218951777407997	0.7299041217565536	0.99375	0.99
19	0.19196120500564576	0.7370818871632219	0.994375	0.99
20	0.19166937328520275	0.8054497434198856	0.993125	0.99
21	0.19165967811237683	0.6353821342438459	0.995625	0.98
22	0.19142044108846915	0.6672162310406565	0.995	0.99
23	0.19150533278783163	0.7445665316283703	0.993125	0.99
24	0.1914297389984131	0.6353482057899237	0.995	0.98
25	0.19143199920654297	0.6440295089967549	0.995	0.97
26	0.1913346361230921	0.5542066176235676	0.995625	0.975
27	0.19111810411725724	0.500306515879929	0.995	0.995
28	0.19117916863540124	0.6623551801778376	0.995	0.99
29	0.1910119613011678	0.48833183562383053	0.99625	0.99
30	0.19102333438011906	0.4616656655073166	0.996875	0.99
31	0.19088955968618393	0.42838780757039785	0.9975	0.98
32	0.19090557098388672	0.5365419510193169	0.995625	0.99
33	0.1908075248493868	0.3853201194666326	0.996875	0.99
34	0.19067705699375698	0.3309870096296072	0.996875	0.98
35	0.1906841860877143	0.4239967279136181	0.996875	0.99
36	0.19057098594871727	0.325351781770587	0.996875	0.99
37	0.19050599399365878	0.2805916364863515	0.996875	0.99
38	0.1904301582238613	0.29865101706702263	0.9975	0.99
39	0.19036503434181212	0.3945895616523922	0.995625	0.99
40	0.19023556825591298	0.22189568752422928	0.998125	0.99
41	0.19028761273338682	0.2980754893645644	0.9975	0.99
42	0.19016232046970102	0.22652281114365905	0.9975	0.98
43	0.19019046154889194	0.2058263062965125	0.998125	0.99
44	0.19007530212402343	0.19354553404729813	0.9975	0.99
45	0.19007647555807364	0.13053912065923215	0.99875	0.99
46	0.1899826577369203	0.13723709491547198	0.998125	0.99
47	0.1900197962919871	0.17534471990540623	0.99875	0.99
-1	-1	-1	-1	-1
0	0.2419571876525879	5.880593707561493	0.928125	0.98
1	0.2177886962890625	5.096745817661286	0.960625	0.97
2	0.2078425089518229	2.4276627773046493	0.974375	0.995
3	0.20316481590270996	1.9768067908287048	0.986875	0.995
4	0.20093941688537598	1.5819557547569274	0.9875	1.0
5	0.19858737786610922	1.398809438943863	0.988125	1.0
6	0.19735843794686453	1.351984090656042	0.989375	1.0
7	0.1960512399673462	1.866857699751854	0.988125	0.995
8	0.1957018640306261	1.867117104679346	0.98375	0.995
9	0.19494194984436036	1.3831847468018532	0.98875	1.0
10	0.19451607357371936	1.2151023092865945	0.989375	1.0
11	0.19422606627146402	0.9531810505688191	0.993125	1.0
12	0.19378779484675482	0.9439269772171974	0.9925	1.0
13	0.19378084795815603	0.8241009919345379	0.995	1.0
14	0.1933224360148112	0.9345274004340172	0.99375	1.0
15	0.19338659942150116	1.1731883447989822	0.98875	1.0
16	0.193070509854485	0.7570722738280893	0.995	1.0
17	0.19310009479522705	0.6477318146452308	0.99625	1.0
18	0.19290673105340256	0.9563030636310578	0.990625	0.98
19	0.19284003973007202	1.7290831729583442	0.984375	1.0
20	0.19288069861275808	0.8306859519332648	0.99375	1.0
21	0.19265679879622025	0.6340001156926155	0.99625	1.0
22	0.19271589362103006	0.7152239479124546	0.996875	1.0
23	0.1925618052482605	0.5480722863227129	0.995625	1.0
24	0.19245270729064942	0.5456944666057825	0.99625	1.0
25	0.19239146892841047	0.6311493921652436	0.994375	1.0
26	0.19220402505662706	0.5979058792814612	0.995	1.0
27	0.19237428052084787	0.44618353340774775	0.9975	1.0
28	0.19219152680758772	0.6264530065562576	0.99375	1.0
29	0.19228853384653727	0.5506475013680756	0.995	1.0
-1	-1	-1	-1	-1
0	0.298839807510376	7.759225651025772	0.91625	0.95
1	0.24498069286346436	5.812484586238861	0.955	0.995
2	0.22743074099222818	2.6851625362038614	0.975625	0.99
3	0.21865695714950562	1.8762073761224747	0.981875	0.99
4	0.21321845054626465	1.813495983183384	0.984375	0.99
5	0.21005733807881674	2.475566381216049	0.9775	0.985
6	0.20732528822762625	2.0384703823924064	0.97875	1.0
7	0.20554250478744507	1.4985076175630092	0.99	1.0
8	0.20419134034050834	1.4594725318253041	0.98875	0.99
9	0.20315876007080078	1.4622070652246475	0.988125	1.0
10	0.20222145860845392	1.3215582732856275	0.99	1.0
11	0.2014812429745992	1.1215142111480236	0.990625	1.0
12	0.20107360986562875	0.9546753253787756	0.99375	1.0
13	0.20036586693355016	0.8313896448165178	0.99375	0.985
14	0.19989832242329916	0.9431855838000774	0.99375	1.0
15	0.19949640333652496	0.7653428274020553	0.994375	1.0
16	0.19910418286043055	0.7043574571982026	0.995625	1.0
17	0.19886155923207602	0.6753740641102195	0.99625	1.0
18	0.1985989495327598	0.6052891994267702	0.99625	0.99
19	0.1984696626663208	0.6863758376054466	0.995	1.0
20	0.19820363180977957	0.531509962528944	0.996875	1.0
21	0.19809650291096081	0.5298185215145349	0.99625	1.0
22	0.19790121783380923	0.5312447080761195	0.995625	1.0
23	0.19782805442810059	0.4800900609977543	0.99625	1.0
24	0.19767014503479005	0.5158417512848973	0.996875	0.995
25	0.19743421444526085	0.5450067302957177	0.99625	1.0
26	0.19727894994947645	0.7830386853194795	0.990625	0.99
27	0.19718141215188162	0.99994239020627	0.99	0.975
28	0.1970203005034348	0.759322306625545	0.99375	1.0
29	0.19689733982086183	0.5426945827901364	0.995625	1.0
-1	-1	-1	-1	-1
0	0.24641013145446777	6.7721788418293	0.92	0.985
1	0.22020912170410156	4.714289227947592	0.95625	0.975
2	0.21254968643188477	2.9993240676401185	0.975	0.95
3	0.20766037702560425	2.764022928476334	0.969375	0.99
4	0.20501561164855958	1.8861751808226108	0.9825	0.94
5	0.20311597983042398	2.9923996874690055	0.96875	0.985
6	0.20178948129926408	1.4589417549967765	0.98625	0.985
7	0.2009432017803192	1.2815465445816516	0.99	0.98
8	0.20016749699910483	1.1384925890341402	0.98875	0.985
9	0.19939682483673096	1.1321730193495751	0.990625	0.99
10	0.19877739386125046	0.8657704546302557	0.994375	0.985
11	0.19825845956802368	0.7544968663528562	0.994375	0.99
12	0.19793732349689191	0.8366741448640823	0.99375	0.99
13	0.19751204763139998	0.7069139509275556	0.994375	0.99
14	0.19737321535746258	0.8605193230137229	0.99125	0.99
15	0.19710931181907654	0.9380647450499237	0.99125	0.995
16	0.19693750493666706	0.7487995672225952	0.995	0.985
17	0.19689414236280653	0.8984317168965936	0.989375	0.985
18	0.1968327572471217	0.8288016200810671	0.99375	0.985
19	0.19680366516113282	0.6097683850536123	0.99375	0.99
20	0.19666980561755953	0.4324924100190401	0.9975	0.995
21	0.1967181075703014	0.3566376110573765	0.995	0.98
22	0.19662271375241486	0.4288909862563014	0.996875	0.99
23	0.1965729296207428	0.40930305573157966	0.996875	0.985
24	0.19653465270996093	0.24613985368981958	0.998125	0.99
25	0.1965002463414119	0.21285666621755808	0.998125	0.99
26	0.1964666755111129	0.17186751834116876	0.99875	0.99
27	0.19620686769485474	0.1638180095446296	0.998125	0.98
28	0.19605135917663574	0.4474242367054103	0.994375	0.995
29	0.195986811319987	0.2543177673674654	0.9975	0.995
30	0.19588601973748976	0.4100496610085247	0.995	0.995
31	0.1957487091422081	0.21238810019567608	0.9975	0.99
32	0.1956114046501391	0.2743351424485445	0.998125	0.99
33	0.19553827538209803	0.14942478607408702	0.998125	0.99
34	0.19540940012250627	0.08519017190905288	0.999375	0.99
35	0.19533505042394003	0.04345145168947056	1.0	0.975
-1	-1	-1	-1	-1
0	0.24095392227172852	8.367360811233521	0.91125	0.96
1	0.21689903736114502	7.215210448503495	0.935625	0.96
2	0.20799620946248373	3.9199065351486206	0.9625	0.925
3	0.20395135879516602	2.67722081720829	0.975625	0.985
4	0.20116000175476073	2.4297914135456087	0.979375	0.95
5	0.19943273067474365	1.7099781841039658	0.984375	0.995
6	0.19841759545462473	2.220218174755573	0.976875	0.93
7	0.19745633006095886	1.3253358019888402	0.98875	0.985
8	0.1967829598320855	2.087709681019187	0.98	0.985
9	0.1962898015975952	1.2036132681369782	0.99	0.955
10	0.19608861749822443	1.116664259582758	0.990625	0.995
11	0.19592050711313883	0.8064391706883908	0.99375	0.995
12	0.1958477130303016	0.9114248237758875	0.993125	0.99
13	0.19582506588527135	0.811204478442669	0.991875	0.995
14	0.19579033851623534	0.6060076706856489	0.995	0.995
15	0.19582150876522064	0.875523857474327	0.9925	0.99
16	0.19566112406113567	0.8310509044490755	0.9925	0.98
17	0.19568832715352377	0.5773322827368975	0.996875	0.995
18	0.19577415365921824	0.61468081202358	0.99375	0.975
19	0.19580115079879762	0.8540206324309111	0.993125	0.995
20	0.19581737972441174	0.5133440164476633	0.99625	0.995
21	0.19579796357588333	0.6271667348966002	0.99375	0.995
22	0.19590106217757516	0.512174710854888	0.99625	0.995
23	0.19581817587216696	0.3728685354068875	0.9975	0.995
24	0.1958632469177246	0.3616193449310958	0.9975	0.99
25	0.1959230166215163	0.4411964016733691	0.9975	0.99
26	0.19591246710883248	0.24409384951926769	0.996875	0.995
27	0.19595315626689366	0.2726999867148697	0.996875	0.99
28	0.19592812143523117	0.2572692615678534	0.99625	0.995
29	0.19586612383524576	0.24382351175416261	0.996875	0.995
-1	-1	-1	-1	-1
0	0.30800485610961914	7.144520633220672	0.9175	0.99
1	0.2511523962020874	3.9900614389032127	0.964375	0.98
2	0.2310621738433838	2.7560938446223737	0.980625	0.99
3	0.22119909524917603	2.948770535290241	0.9725	0.99
4	0.21471114158630372	4.242699344158172	0.96375	0.985
5	0.21103890736897787	1.9872637742757797	0.98	0.995
6	0.20780032021658762	1.4514263233542442	0.98875	0.995
7	0.20593488216400146	1.351142880320549	0.990625	0.98
8	0.20401671197679308	1.6747488033771516	0.98375	0.99
9	0.20293493270874025	1.0744490469247103	0.9925	0.995
10	0.2019510485909202	1.0746233051270246	0.99	0.995
11	0.2008096178372701	1.181393418982625	0.993125	0.995
12	0.1999091368455153	0.9379882632568478	0.9925	0.995
13	0.1992302451814924	0.9676760824769736	0.990625	0.995
14	0.19891287485758463	0.7013798405230045	0.995	0.995
15	0.19825312495231628	0.6601750688627362	0.995	0.995
16	0.1980917734258315	0.5665882966667414	0.995625	0.995
17	0.1977919207678901	0.7528059040009976	0.994375	0.995
18	0.19739563841568797	0.7824833899736404	0.994375	0.985
19	0.1971059799194336	1.4753064623847605	0.986875	0.995
20	0.196619294938587	0.5316470466926694	0.995	0.995
21	0.19647147438742898	0.49476139232516286	0.995	0.995
22	0.19631181592526642	0.4164090342074633	0.998125	0.995
23	0.19596540927886963	0.7512588898837567	0.991875	0.995
24	0.19592028617858886	0.6444065370224417	0.99375	0.995
25	0.19558967076815093	0.4244730810448527	0.998125	0.995
26	0.19545118897049515	0.47021597614511845	0.9975	0.995
27	0.19512744460787093	0.40547511491924526	0.9975	0.995
28	0.19505009980037294	0.3461398107558489	0.9975	0.995
29	0.19484233061472575	0.3122439942555502	0.9975	0.995
-1	-1	-1	-1	-1
0	0.24446940422058105	5.380256909132004	0.946875	0.965
1	0.2193584442138672	4.020224050283432	0.9675	0.97
2	0.2101422150929769	1.8683789239823818	0.984375	0.99
3	0.20624250173568726	1.5390467151999474	0.98625	0.985
4	0.203124475479126	1.7134800425171852	0.985625	0.99
5	0.20070505142211914	1.1772067327797413	0.991875	0.98
6	0.19951694352286203	1.0109430202841758	0.991875	0.99
7	0.19848859310150146	1.2239645992964505	0.99125	0.99
8	0.19789396391974556	1.0282174916565419	0.9925	0.99
9	0.19725325107574462	1.0683767665177584	0.993125	0.99
10	0.19670373743230646	0.835209578871727	0.995	0.99
11	0.1965519388516744	0.779871546626091	0.993125	0.995
12	0.19638155056880072	0.7844867886602879	0.995	0.99
13	0.19593082155500138	0.66010538674891	0.995625	0.995
14	0.19583962758382162	0.5399970401450992	0.99625	0.985
15	0.19571098685264587	0.707596350973472	0.99375	0.99
16	0.19565186781041763	1.0550366775505244	0.990625	0.99
17	0.19540561570061576	0.7610359450429678	0.994375	0.99
18	0.19532705608167147	0.6029186592623591	0.995625	0.985
19	0.19530268907546997	0.5406530243530869	0.99625	0.99
20	0.19501236506870814	0.5611747546866536	0.99625	0.99
21	0.19495658441023392	0.6039976545702666	0.994375	0.985
22	0.19489609676858652	0.5843429117091	0.996875	0.99
23	0.19474552075068155	0.49411227624863385	0.9975	0.99
24	0.19469807624816896	0.46906076825223864	0.996875	0.995
25	0.19442130052126372	0.5483620722126216	0.995625	0.99
26	0.19443185241134078	0.511129698692821	0.99625	0.99
27	0.19416253055844987	0.47183279747143386	0.996875	0.99
28	0.19419751496150575	0.4983203652687371	0.99625	0.99
29	0.19394890467325845	0.36905239042826	0.9975	0.99
30	0.193977048320155	0.5226302635972389	0.99375	0.99
31	0.1938687488436699	0.4859622809011489	0.995625	0.99
-1	-1	-1	-1	-1
0	0.24472379684448242	6.115838270187378	0.934375	0.965
1	0.21812975406646729	5.01431341946125	0.964375	0.98
2	0.20795472462972006	1.6042703181505202	0.9875	0.97
3	0.20315468311309814	2.4226031729578974	0.975	0.975
4	0.20093035697937012	1.316805462986231	0.990625	0.97
5	0.1993603308995565	1.2736612778902054	0.991875	0.995
6	0.19835478918892996	1.103613032847643	0.99125	0.975
7	0.1971639096736908	0.9505641803145408	0.993125	0.995
8	0.19592547416687012	0.8730712957680226	0.995	0.975
9	0.19543883800506592	0.8963089010864497	0.99375	0.99
10	0.19457390091635965	0.7946662408486008	0.993125	0.985
11	0.19438886642456055	0.6977876585535705	0.99625	0.985
12	0.19409403434166542	1.139960540123284	0.991875	0.975
13	0.19364815098898752	0.9288337480649352	0.99375	0.995
14	0.1935959815979004	0.5961551001667976	0.9975	0.99
15	0.19308894872665405	0.7229527143761516	0.995	0.985
16	0.19307060802684112	2.3084352986514567	0.993125	0.98
17	0.192658437622918	1.46893500007689	0.989375	0.975
18	0.1924100675080952	0.9122733663022519	0.991875	0.995
19	0.19229273796081542	0.7147730921953916	0.994375	0.98
20	0.19232016518002465	0.6286856966465711	0.995625	0.995
21	0.19220320744947952	0.5566467932239175	0.996875	0.99
22	0.19199798418127972	0.5792111451551318	0.995625	0.995
23	0.19175725181897482	0.35919717237353327	0.996875	0.99
24	0.1917575168609619	0.37515318650752305	0.99625	0.99
25	0.19162588853102464	0.3413298121839762	0.998125	0.995
26	0.19161260569537128	0.7531563660409302	0.994375	0.99
27	0.19147712843758719	0.34084888953715564	0.996875	0.995
28	0.19149076527562633	0.391416229759343	0.995625	0.99
29	0.19130418300628663	0.2809494873369113	0.99875	1.0
30	0.19136590342367849	0.31742532572709026	0.998125	0.99
31	0.19136134535074234	0.6348772882251069	0.995625	0.985
32	0.19124939947417288	0.4731440632417798	0.995625	0.985
33	0.1914062920738669	0.484224500330165	0.996875	0.995
34	0.19129913875034876	0.23867430604062975	0.998125	0.99
35	0.19134977128770617	0.19694247804582118	0.996875	0.995
36	0.19140485815099767	0.2084779969835654	0.998125	0.99
37	0.19145519482462028	0.15572798174805938	0.99875	0.995
38	0.1915129270309057	0.12578717264579609	0.999375	0.99
39	0.1915507733821869	0.09179349708836526	0.999375	0.99
40	0.19158323218182818	0.1261361776274862	0.9975	0.995
41	0.19159655343918575	0.08465498593170195	0.99875	0.99
42	0.1915392043978669	0.05708242432679981	0.999375	1.0
43	0.19158794663169168	0.06124292647204129	0.999375	0.985
44	0.19146990776062012	0.03982866239850409	1.0	0.99
45	0.19147888992143713	0.02872515588765964	1.0	0.99
46	0.19141241844664228	0.018930209640820976	1.0	0.99
47	0.19147901237010956	0.01582205073151272	1.0	0.99
48	0.19138982344646843	0.013230464063162799	1.0	0.99
49	0.19142814636230468	0.011821950368321267	1.0	0.99
-1	-1	-1	-1	-1
0	0.24385476112365723	5.375889457464218	0.933125	0.96
1	0.21953368186950684	3.5279014064371585	0.971875	0.94
2	0.2088627815246582	4.379873067140579	0.956875	0.97
3	0.20497477054595947	2.3076990458369253	0.98125	0.96
4	0.20126242637634278	2.532247014641762	0.9775	0.98
5	0.19987452030181885	1.8431058084964753	0.981875	0.985
6	0.1982114655630929	1.588555880188942	0.986875	0.985
7	0.19779279828071594	1.2286544020473957	0.990625	0.985
8	0.19699300660027397	0.8947135052084922	0.99375	0.985
9	0.1964317798614502	0.8426999513804913	0.9925	0.985
10	0.19601819731972434	0.8069700860977173	0.99625	0.985
11	0.19518754879633585	1.0402347062900663	0.990625	0.985
12	0.19492637194119966	0.8288830968737603	0.993125	0.985
13	0.19481110572814941	0.8132108425721526	0.993125	0.98
14	0.194381316502889	0.7472519518435001	0.995	0.985
15	0.19437022507190704	0.8049940137192607	0.994375	0.975
16	0.19411718144136317	0.6662264387309551	0.995	0.985
17	0.19390602906545004	0.5286903154850006	0.996875	0.985
18	0.19351193779393247	1.0508917813748122	0.99125	0.99
19	0.19355175495147706	0.6604527192562819	0.995625	0.985
20	0.19326330366588773	0.536522164081689	0.994375	0.985
21	0.19317010315981778	0.7495849528722465	0.995625	0.985
22	0.1931863556737485	1.0550873412564397	0.989375	0.975
23	0.19301406542460123	1.0247469676658512	0.990625	0.985
24	0.19296252250671386	0.4445846900716424	0.99625	0.985
25	0.1927518111008864	0.382488943785429	0.99625	0.985
26	0.19272406895955405	0.29954033746384084	0.9975	0.98
27	0.19266024657658168	0.23687341856770217	0.998125	0.98
28	0.19243242822844406	0.3451288384478539	0.998125	0.985
29	0.19240381717681884	0.24454260165803135	0.9975	0.98
30	0.192271024950089	0.37902932199649514	0.996875	0.98
31	0.19223849475383759	1.2505921033583582	0.991875	0.985
32	0.19223767338377057	0.623793420707807	0.994375	0.985
33	0.19214331402498133	0.39559301164001226	0.996875	0.98
34	0.192112820489066	0.28389720658771694	0.9975	0.98
35	0.1919569969177246	0.2802869016956538	0.99625	0.985
36	0.19203287846333272	0.27142176798544826	0.998125	0.985
37	0.1920405814522191	0.16069500633515418	0.999375	0.985
38	0.1918810819968199	0.2879366922285408	0.996875	0.985
-1	-1	-1	-1	-1
0	0.2869908809661865	4.782579118013382	0.9375	0.975
1	0.23971498012542725	4.37282474398613	0.964375	1.0
2	0.22169256210327148	4.304678514003753	0.98	0.99
3	0.21434009075164795	1.8902886182069778	0.980625	0.99
4	0.2100271224975586	1.5140116932988166	0.98625	1.0
5	0.20713265736897787	1.3688617791235447	0.99	1.0
6	0.20502652440752303	1.5672552078217268	0.98375	0.995
7	0.20297256112098694	1.9074375428259374	0.984375	1.0
8	0.2021731005774604	1.2104867051541806	0.99	1.0
9	0.20064456462860109	1.499318878799677	0.986875	1.0
10	0.1997735933824019	0.9738569430261851	0.99125	1.0
11	0.199165145556132	0.8257244272530079	0.993125	1.0
12	0.19866275787353516	0.8879427368193865	0.991875	1.0
13	0.19828132220676967	1.2593012013286353	0.990625	1.0
14	0.19791456858317058	1.1709645239636302	0.99	0.995
15	0.19754114747047424	0.8384383154660463	0.994375	1.0
16	0.19707048640531652	0.7123377158120274	0.995625	1.0
17	0.196645458539327	0.7487728572264314	0.995	1.0
18	0.1964838755758185	0.7182983602955937	0.995	1.0
19	0.1960205078125	0.6728432553261519	0.995	1.0
20	0.19582278387887136	0.7240904862806201	0.994375	1.0
21	0.19554037397558038	0.5877285460755229	0.995625	1.0
22	0.1953659264937691	0.6480979128926992	0.99625	1.0
23	0.19507096211115518	0.6919246913865209	0.995625	0.975
24	0.19478395462036133	0.8416135904937982	0.994375	1.0
25	0.19468040649707502	0.6704198563564568	0.994375	0.995
26	0.1944552880746347	0.8200583646446467	0.993125	1.0
27	0.1944054365158081	0.638461374361068	0.995	1.0
28	0.19422540171393032	0.6805880429968237	0.99625	1.0
29	0.19402047793070476	0.512109458707273	0.995625	1.0
-1	-1	-1	-1	-1
0	0.2474043369293213	11.427796409130096	0.903125	0.985
1	0.2193284034729004	10.248762040138244	0.965	0.985
2	0.20829669634501138	4.369068849086761	0.955625	0.915
3	0.20465248823165894	2.0699688005447388	0.97875	0.985
4	0.20085744857788085	2.8372521269321442	0.97375	0.995
5	0.1992502212524414	1.448580021262169	0.988125	0.985
6	0.1974667821611677	1.3893652096390725	0.9875	0.995
7	0.19705170392990112	1.4271095716953277	0.986875	0.985
8	0.1959959930843777	1.262718091905117	0.990625	0.995
9	0.1956179141998291	1.2924758549779654	0.99	1.0
10	0.19545017589222302	1.1651954138278962	0.991875	0.995
11	0.19497243563334146	1.1413167507946491	0.99	0.995
12	0.1947138126079853	1.0718705323338509	0.991875	1.0
13	0.19418808392116002	1.0455341883003713	0.993125	0.99
14	0.1941023031870524	1.007855921536684	0.993125	0.995
15	0.19409747421741486	0.9424997843801975	0.993125	0.995
16	0.19386816024780273	0.9268003378063441	0.99375	0.985
17	0.1938439342710707	1.008396921902895	0.99125	0.995
18	0.1934894135123805	0.9200988326594234	0.991875	0.995
19	0.19341187477111815	0.8912293992191553	0.994375	0.995
20	0.1934357143583752	0.8142192178964615	0.99375	0.995
21	0.19312903014096347	0.7712375237047673	0.995625	0.995
22	0.19319577839063562	0.7557746647298336	0.995	0.995
23	0.19294949372609457	0.780988481193781	0.995	1.0
24	0.192885799407959	0.7221597693488002	0.994375	0.995
25	0.19261550903320312	0.7144174394011498	0.995	0.99
26	0.19263807049504034	0.7752177901566029	0.994375	0.995
27	0.19258672850472586	0.7217022735998034	0.994375	0.995
28	0.19238567352294922	0.5827640400081873	0.99625	0.995
29	0.19239365259806315	0.530437431037426	0.995625	0.995
-1	-1	-1	-1	-1
0	0.23886823654174805	7.317978854179382	0.94125	0.99
1	0.21522891521453857	4.674393212795257	0.964375	0.99
2	0.2060245672861735	3.901585890650749	0.96625	0.92
3	0.20221447944641113	3.097004647254944	0.97	0.99
4	0.19915895462036132	3.29086365878582	0.9725	0.955
5	0.19801115989685059	3.074646921157837	0.97	0.975
6	0.1964975084577288	1.9320580160617828	0.983125	1.0
7	0.19625580310821533	1.5785743203759193	0.986875	0.995
8	0.19553920957777235	1.2412303116917611	0.988125	0.94
9	0.1946721076965332	1.590864870250225	0.984375	0.995
10	0.19438229907642712	1.1130752734839917	0.99125	0.995
11	0.1937700112660726	1.0502621960639953	0.991875	0.995
12	0.19369090520418608	1.3008519377559424	0.9875	0.99
13	0.1932229655129569	1.2781786235794426	0.989375	0.995
14	0.1931882381439209	0.9844127212464809	0.9925	0.995
15	0.19280947744846344	1.1592410004138947	0.990625	1.0
16	0.19261671515072093	1.088167210072279	0.99125	1.0
17	0.19219422340393066	0.8863170189037919	0.995	0.995
18	0.19167469677172208	0.6766027568280697	0.995	0.995
19	0.1915265917778015	0.8333402289450169	0.994375	0.995
20	0.19111611729576475	0.6645037673786283	0.995	0.995
21	0.19075581160458652	3.1290704625472427	0.983125	0.985
22	0.19065027651579483	1.096953363865614	0.98875	0.995
23	0.19029228885968527	0.9080124229192734	0.99125	0.995
24	0.19017677307128905	0.8101778599619865	0.993125	0.995
25	0.18988881661341742	0.6358726550638676	0.99625	0.995
26	0.18987584997106483	0.7600124438107013	0.995	0.995
27	0.18962356873920985	0.6062439872324467	0.996875	0.995
28	0.18948639672378015	0.6042948408424854	0.99625	0.995
29	0.18948853015899658	0.6535070713609457	0.995625	0.995
-1	-1	-1	-1	-1
0	0.23467469215393066	5.971423100829124	0.945	0.985
1	0.21091151237487793	5.127589120864868	0.973125	0.995
2	0.20164569218953451	1.9905111706256866	0.98375	0.985
3	0.19715821743011475	2.475214963257313	0.973125	0.985
4	0.19433364868164063	1.7598219227790832	0.981875	0.92
5	0.19324429829915366	1.941618151962757	0.98375	0.975
6	0.19165478433881486	1.2710098634660243	0.986875	0.995
7	0.19103601574897766	1.0306731145083905	0.993125	0.995
8	0.19100117683410645	1.051805974394083	0.991875	0.995
9	0.19042534828186036	1.0908221277594565	0.9925	0.99
10	0.1905898614363237	1.064356216825545	0.99125	0.99
11	0.19043533007303873	2.294805471971631	0.978125	0.945
12	0.1903827557196984	1.035973565876484	0.99375	0.985
13	0.19020545482635498	0.8843652530014515	0.9925	0.995
14	0.19014689127604167	0.9031626506894826	0.993125	0.995
15	0.19021083414554596	0.7659381753951311	0.994375	0.995
16	0.19010013692519245	0.6399928180873394	0.99625	1.0
17	0.19010602103339302	0.5956948811560869	0.995625	0.995
18	0.1901029536598607	0.6694674865156413	0.995	0.995
19	0.19016332626342775	0.5607323492318392	0.99625	0.995
20	0.1901138737088158	0.829588604234159	0.994375	0.99
21	0.19009737534956497	0.6296323887258768	0.994375	0.995
22	0.1901355100714642	0.5251759337261319	0.996875	0.995
23	0.18986059228579202	0.5470140854083002	0.995	0.995
24	0.1896815299987793	0.45996936051174997	0.996875	0.995
25	0.18942407461313102	0.4055469303019345	0.996875	0.995
26	0.18938043382432726	0.5981419720873237	0.99625	0.995
27	0.18923018659864152	0.48570707501843574	0.99625	0.995
28	0.18908354331707133	0.3832729500066489	0.996875	0.995
29	0.18893216451009115	0.3554275216907263	0.9975	0.995
30	0.18874763673351658	0.4017802385613322	0.9975	0.99
31	0.18852043896913528	0.38269448531791567	0.9975	0.98
32	0.18850384336529355	0.3546583449095488	0.998125	0.995
33	0.18832212335923137	0.31392912499606607	0.996875	0.99
34	0.1882650647844587	0.3574076726939529	0.996875	0.975
35	0.18810277514987522	0.38411332978866997	0.9975	1.0
36	0.18809294700622559	0.24885962632950395	0.9975	0.985
-1	-1	-1	-1	-1
0	0.28530097007751465	6.616444818973541	0.9325	0.97
1	0.2357027530670166	4.534530240893364	0.97875	0.965
2	0.21748781204223633	2.1231814974546435	0.981875	0.945
3	0.2099512219429016	1.9510387697815894	0.97875	0.985
4	0.20547351837158204	1.6801622340083122	0.983125	0.985
5	0.20279411474863687	1.1754882346093654	0.991875	0.97
6	0.20056486129760742	2.0950822342932223	0.9825	0.97
7	0.19914880394935608	2.21833331823349	0.975625	0.95
8	0.19769496387905544	2.034813329577446	0.980625	0.98
9	0.19648680686950684	1.1978547890484332	0.99125	0.985
10	0.19581714543429288	1.7888846436142922	0.980625	0.96
11	0.195366899172465	1.1888974248617887	0.99125	0.975
12	0.19471944295443022	1.1379963956028223	0.9875	0.965
13	0.19432236467088973	1.1260954767465592	0.99	0.985
14	0.19395939509073892	0.8831034860759973	0.99375	0.98
15	0.19336478412151337	0.9815716099739075	0.9925	0.975
16	0.19323106373057647	0.7416352305561305	0.99625	0.97
17	0.19310669104258218	1.0752535242028534	0.990625	0.985
18	0.1928718466507761	0.6271690268814564	0.995	0.985
19	0.19267159700393677	0.46357466669753195	0.9975	0.98
20	0.19257538659232004	0.5511038513854146	0.996875	0.985
21	0.19244380430741745	0.41334249049425126	0.9975	0.98
22	0.19233135555101477	0.4796482398547232	0.99625	0.985
23	0.19189619024594626	0.44569151010364294	0.9975	0.985
24	0.19159260749816895	0.37414572020992637	0.9975	0.985
25	0.19154858589172363	0.3885826353542507	0.9975	0.985
26	0.19135143138744212	0.45467892059125004	0.996875	0.98
27	0.19145258835383824	0.43969838043674825	0.996875	0.985
28	0.19132910103633485	0.3335646875575185	0.996875	0.985
29	0.1912449359893799	0.3793316143471748	0.9975	0.985
-1	-1	-1	-1	-1
0	0.23796296119689941	6.142314259111881	0.9225	0.965
1	0.21325290203094482	5.6528041937947275	0.956875	0.985
2	0.20470031102498373	3.5416033336520196	0.97	0.995
3	0.20041781663894653	1.5916856604814529	0.988125	0.995
4	0.19760570526123047	1.3163650913536549	0.99125	0.995
5	0.19599763552347818	1.3098448602855206	0.989375	0.99
6	0.19507537569318498	1.611392927467823	0.98625	0.995
7	0.19434374570846558	1.2112317322194577	0.9925	0.985
8	0.1937645806206597	1.176908705532551	0.989375	0.995
9	0.19326579570770264	1.6512466401606798	0.983125	0.995
10	0.19289021058516068	1.4071160992234946	0.99	0.995
11	0.192374587059021	1.2295586490631103	0.989375	0.97
12	0.19149175057044396	1.5622484356164932	0.9875	0.995
13	0.1912257160459246	1.1884389951825143	0.99125	0.995
14	0.1909427007039388	0.836498614102602	0.99375	0.995
15	0.1908404380083084	0.8542794624716044	0.99375	0.995
16	0.19070824454812443	0.7754265454038978	0.99375	0.995
17	0.19037518236372206	0.8755939514935016	0.99375	0.995
18	0.19059397044934726	0.8268272314965724	0.99375	0.995
19	0.19040533304214477	0.7264866847544909	0.99625	0.995
20	0.19034293719700404	0.6067493745312095	0.99625	0.995
21	0.1902008056640625	0.5592677161097527	0.99625	0.995
22	0.1899106502532959	0.5802601220645011	0.995625	0.975
23	0.18998981515566507	0.5630969194322825	0.995625	0.995
24	0.18985478401184083	0.6618099733442068	0.99375	0.995
25	0.18986107752873346	0.5150739748775959	0.995625	0.995
26	0.1898180820323803	0.6943761658109725	0.991875	0.995
27	0.18973849500928605	1.0436132651939989	0.99125	0.995
28	0.1897181642466578	0.5316709759086371	0.99625	0.995
29	0.18965578079223633	0.5271368839591741	0.995625	0.995
-1	-1	-1	-1	-1
0	0.2363119125366211	6.413093560859561	0.925625	0.955
1	0.21289432048797607	7.259593630433082	0.944375	0.98
2	0.2024381955464681	2.6861493825912475	0.974375	0.99
3	0.19718801975250244	2.101592456698418	0.984375	0.995
4	0.1950901508331299	1.7164900967478751	0.985	0.985
5	0.19281737009684244	1.9268476650118829	0.98125	0.985
6	0.19158918516976492	2.1721327711641787	0.979375	0.985
7	0.1903253197669983	1.4513525786995887	0.9875	0.995
8	0.1896754635704888	1.1845989508926869	0.99125	0.97
9	0.18909928798675538	1.0545464240014553	0.99125	0.985
10	0.18842662464488635	0.9770243275165558	0.9925	0.995
11	0.18837167819341025	1.1885182846337556	0.99125	0.99
12	0.187910611812885	1.0247132283449174	0.990625	0.98
13	0.18792637756892613	0.9452820543944835	0.993125	0.97
14	0.18758902549743653	0.8656546626985073	0.9925	0.995
15	0.18735340237617493	0.6921148320287466	0.995	0.985
16	0.18752678702859318	0.7439244408532977	0.994375	0.965
17	0.187207301457723	0.9275036245211958	0.99375	1.0
18	0.18721678382471987	0.6159393925219774	0.996875	0.99
19	0.18696533441543578	0.7998256080038846	0.99375	0.985
20	0.1868318489619664	0.7884589516744017	0.995	0.985
21	0.1866935058073564	0.6668524836748838	0.995625	0.985
22	0.1865019590958305	0.5742495084553957	0.995625	0.99
23	0.18648589650789896	0.5449334613233805	0.99625	0.99
24	0.18630051612854004	0.6413997848331928	0.994375	1.0
25	0.18614046390240008	0.524021290615201	0.996875	0.99
26	0.18607219943293818	0.6047650431282818	0.995625	0.99
27	0.18596853528703963	1.1257787415571512	0.994375	0.995
28	0.18610167503356934	0.883120672851801	0.993125	0.99
29	0.18597200711568196	0.8037641750276089	0.995625	0.995
30	0.18584386764034147	0.791694706492126	0.994375	0.99
31	0.1857168823480606	0.6134189234860241	0.99625	1.0
32	0.18568953600796786	0.47056623719632623	0.996875	0.99
33	0.18561049068675323	0.5611175245419144	0.996875	0.99
34	0.1855001926422119	0.447644247636199	0.9975	0.99
35	0.18551709916856554	0.4218503041937947	0.996875	0.995
36	0.18542088689030828	0.39239008493721483	0.996875	0.995
37	0.1853771209716797	0.36680271591991187	0.9975	1.0
-1	-1	-1	-1	-1
0	0.23078680038452148	5.936241785287857	0.938125	0.96
1	0.20866906642913818	4.629409973621368	0.97	0.965
2	0.1994906266530355	5.915086236000061	0.950625	0.975
3	0.19517987966537476	2.8862642577290534	0.97625	0.985
4	0.19287581443786622	1.7323899081349372	0.985625	0.975
5	0.1909420887629191	1.6640843258798121	0.983125	0.995
6	0.1897890227181571	1.1369162921607494	0.99125	0.995
7	0.18875423073768616	1.269937448054552	0.990625	0.99
8	0.1881212658352322	1.189613226801157	0.990625	0.985
9	0.18751537799835205	1.139097502231598	0.991875	0.995
10	0.1869904561476274	1.2460067124664784	0.989375	0.99
11	0.1867031455039978	1.0089966513216495	0.99125	0.995
12	0.18627340977008527	1.2118544843792916	0.98875	0.98
13	0.18625192982809885	1.8489546271413564	0.98	0.995
14	0.18597176869710286	1.1070613063126802	0.991875	0.995
15	0.18594062328338623	0.8428005793690682	0.994375	0.99
16	0.18607501422657685	0.8519507931172847	0.99375	0.995
17	0.18620484405093723	0.751583796069026	0.99375	0.99
18	0.18658146105314555	0.6999591120705009	0.995625	0.995
19	0.1866755485534668	0.6152335339784623	0.9975	0.995
20	0.18660421598525273	0.6071270283684135	0.994375	0.995
21	0.18691422722556375	0.6425427731499076	0.99625	0.995
22	0.18702198111492654	0.5549366932734847	0.996875	0.995
23	0.18717766801516214	0.6752218185551464	0.995	0.995
24	0.1872957706451416	0.5834719787538052	0.995625	0.995
25	0.18743414145249587	0.48331246327608823	0.99625	0.995
26	0.18746053730999981	0.4316590506583452	0.996875	0.995
27	0.18750834465026855	0.5647362057678401	0.996875	0.995
28	0.18934350178159517	0.40613858053460716	0.9975	0.995
29	0.1893565813700358	0.4346476346254349	0.996875	0.99
-1	-1	-1	-1	-1
0	0.238250732421875	5.142779513299465	0.939375	0.975
1	0.213401198387146	4.809219714403152	0.958125	0.98
2	0.20458054542541504	4.295719648003578	0.960625	0.945
3	0.20028185844421387	3.2666458690166476	0.971875	0.985
4	0.1975578784942627	1.5074487969279289	0.986875	0.985
5	0.1959033409754435	1.1435736572742463	0.991875	0.99
6	0.19508232389177596	1.04531593978405	0.9925	0.99
7	0.19452404975891113	1.189909961298108	0.991875	0.985
8	0.19420035680135092	0.9364082325994968	0.99375	0.995
9	0.19384167194366456	1.3317760822176934	0.988125	0.99
10	0.19360000436956232	1.0957641617953777	0.990625	0.995
11	0.19341548283894858	0.796317339465022	0.995	0.995
12	0.1932531870328463	0.8187983665056526	0.994375	0.99
13	0.1931053570338658	1.006978644169867	0.991875	0.99
14	0.1928555170694987	0.9527511137165129	0.9925	0.99
15	0.19275853037834167	0.9187276192009449	0.993125	0.99
16	0.19260954856872559	0.9961586481332779	0.991875	0.995
17	0.19245582156711155	0.6745981986820698	0.994375	1.0
18	0.1923102203168367	0.6386805945821107	0.995625	0.99
19	0.19216773509979249	0.7706463816016913	0.995	0.995
20	0.19212101754688082	0.9628426400944591	0.99375	0.995
21	0.19198878244920212	0.6172519488818944	0.995625	0.99
22	0.191859711771426	0.7145154288969934	0.99375	0.995
23	0.19183383385340372	0.8330097587313503	0.993125	0.99
24	0.19175319671630858	0.6652992305532098	0.995625	0.99
25	0.19178378582000732	0.5491815653629601	0.995625	1.0
26	0.19147628325003166	0.49183234145864846	0.99625	0.99
27	0.1913218583379473	0.49277332285419106	0.99625	0.995
28	0.19126656137663742	0.36611375727690754	0.996875	0.995
29	0.19102954069773356	0.37202905043493956	0.9975	0.995
30	0.19104846062198763	0.3459868413209915	0.9975	0.99
31	0.1909528747200966	0.2565657809516415	0.996875	0.99
32	0.19087139765421549	0.2906523299077526	0.9975	0.995
33	0.19096649394315832	0.2499424102716148	0.998125	0.995
34	0.1908054760524205	0.22396132204681635	0.998125	0.99
35	0.19082558817333645	0.2699841874279082	0.995625	0.99
36	0.19071631818204313	0.283055165046826	0.996875	0.99
37	0.19070296538503548	0.2438315664662514	0.99875	0.995
-1	-1	-1	-1	-1
0	0.2324535846710205	7.178610657453537	0.915	0.985
1	0.20987677574157715	5.02053286910057	0.96375	0.99
2	0.20050867398579916	2.984936382174492	0.975	1.0
3	0.19681525230407715	2.5387055575847626	0.976875	0.985
4	0.19473810195922853	1.772769666314125	0.98625	1.0
5	0.19401546319325766	1.3030557999014853	0.99	1.0
6	0.19352078437805176	1.0098317955434322	0.991875	1.0
7	0.19319787621498108	0.8494693215936422	0.995	1.0
8	0.19322170151604545	1.2203135950863362	0.99125	0.99
9	0.19296164512634278	0.8521667785942555	0.993125	0.995
10	0.19278667189858176	0.9571142422407866	0.9925	0.995
11	0.19288146495819092	0.9784969575703144	0.9925	0.995
12	0.19259027334359977	0.7935117459669709	0.99375	0.995
13	0.19259916033063615	0.6426092004776001	0.995625	0.995
14	0.19239357312520344	0.6172985654883086	0.995	0.995
15	0.19240711629390717	0.7542494523897767	0.99375	1.0
16	0.19263280139249914	1.2050013358704745	0.9875	1.0
17	0.1924618747499254	0.8194137475825847	0.993125	1.0
18	0.19237374004564786	0.8110371827334165	0.994375	1.0
19	0.19230301380157472	0.6351238381862641	0.995	1.0
20	0.19228999955313547	0.5596362242847681	0.995625	0.99
21	0.19238691980188544	0.6121834794804454	0.995	0.995
22	0.19236060847406802	0.5369903863966465	0.99625	0.995
23	0.1923129657904307	0.40825030038133264	0.9975	0.995
24	0.19235506057739257	0.6219045480620116	0.995	0.995
25	0.19238611368032602	0.4690604963712394	0.99625	0.995
26	0.19230605054784705	0.5045062622800469	0.995	1.0
27	0.1922999450138637	0.4368305083736777	0.995625	0.995
28	0.19226865110726193	0.3396772015839815	0.9975	1.0
29	0.192306915918986	0.44896858154796065	0.996875	0.995
-1	-1	-1	-1	-1
0	0.2406463623046875	8.116876659393311	0.904375	0.965
1	0.21738207340240479	4.451340650270504	0.951875	0.91
2	0.20793787638346353	2.7824394930899143	0.975625	0.965
3	0.20476841926574707	3.582509067184292	0.973125	0.96
4	0.20261459350585936	2.879916954040527	0.97625	0.965
5	0.20141084988911948	1.505828350931406	0.985625	0.97
6	0.20033601352146693	1.0641652515530586	0.9925	0.975
7	0.1998419165611267	1.2133190371096134	0.9925	0.97
8	0.19870946142408583	0.9989781121909619	0.9925	0.975
9	0.19851922988891602	0.8839975563436746	0.991875	0.975
10	0.19799583608453925	0.9922722314950079	0.9925	0.97
11	0.1974568565686544	0.867342884503305	0.99375	0.975
12	0.19730940231910118	0.6977600681781769	0.993125	0.985
13	0.19716804368155344	0.6935730976238846	0.995625	0.99
14	0.19704254468282065	0.7612581218779088	0.9925	0.985
15	0.19689621031284332	0.7649842750653625	0.993125	0.975
16	0.1963822140413172	0.6234218768402934	0.994375	0.97
17	0.19637465476989746	0.6559840077534318	0.995	0.985
18	0.19598266952916196	0.6282733304612339	0.994375	0.975
19	0.19599905014038085	0.4848828183300793	0.996875	0.975
20	0.1957626229240781	3.2778567958623173	0.99125	0.975
21	0.19572654637423428	0.7258531784638762	0.995	0.975
22	0.19566037343895953	0.8779952855221927	0.993125	0.98
23	0.19539653261502585	0.6272446656599641	0.995	0.98
24	0.19542356491088866	0.39706601943820713	0.9975	0.985
25	0.19538379632509673	0.49424968138337133	0.995625	0.985
26	0.19518864596331562	0.40445205809548496	0.995	0.985
27	0.19514092377253942	0.35539321929216383	0.996875	0.985
28	0.1951020175013049	0.38928809702396394	0.996875	0.98
29	0.19509266217549642	0.33134134916588664	0.9975	0.985
30	0.195070582051431	0.26642225704155864	0.998125	0.985
31	0.19509612023830414	0.27438978870399294	0.9975	0.985
32	0.1949253949252042	0.2453667505690828	0.998125	0.98
33	0.19482933773713954	0.6541836911765858	0.995625	0.975
-1	-1	-1	-1	-1
0	0.2915501594543457	6.9572731757164	0.935	0.965
1	0.2433542013168335	5.685817371606827	0.961875	0.975
2	0.22687371571858725	3.16793156683445	0.96875	0.99
3	0.21834176778793335	1.8038684260845184	0.984375	0.965
4	0.2125483989715576	1.6437792843580246	0.985	0.98
5	0.20934192339579263	1.1531577751040458	0.990625	0.98
6	0.20669923509870256	1.5226209606230259	0.988125	0.98
7	0.205148845911026	0.971247480660677	0.991875	0.98
8	0.20366589228312174	0.9369754878431559	0.9925	0.98
9	0.20300438404083251	1.2244232829660178	0.99	0.995
10	0.20238386500965466	1.029125264249742	0.993125	0.98
11	0.20170636971791586	1.100136527940631	0.990625	0.985
12	0.2011240812448355	0.9838719162344932	0.993125	0.965
13	0.20041394233703613	14.133107107765973	0.98125	0.9
14	0.20005695025126138	2.992263449728489	0.975	0.975
15	0.19941572844982147	1.3821464440226554	0.99	0.99
16	0.1993122521568747	1.045480377972126	0.993125	0.99
17	0.19917167557610405	0.9756948742270469	0.991875	0.985
18	0.19863971910978617	1.0561072894185781	0.9925	0.99
19	0.19857667684555053	0.7551833593845367	0.99375	0.99
20	0.19827519144330705	0.8000149372965097	0.994375	0.985
21	0.19811792807145553	0.6740516811609268	0.995625	0.99
22	0.19785863420237665	0.6494349754601717	0.995	0.99
23	0.19769022862116495	0.6852784443646669	0.99375	0.985
24	0.197299222946167	0.616023387927562	0.99625	0.99
25	0.1971737971672645	0.4681483451649547	0.996875	0.99
26	0.19721002048916286	0.46646683948114515	0.995625	0.99
27	0.1971409661429269	0.4415948603721336	0.99625	0.985
28	0.19702265180390457	0.5142167463712394	0.995	0.99
29	0.19684526920318604	0.5284985092468559	0.995	0.99
-1	-1	-1	-1	-1
0	0.2457902431488037	6.8055425608158115	0.939375	0.955
1	0.22009873390197754	6.6518961417675015	0.943125	0.91
2	0.21095450719197592	6.94606410741806	0.93875	0.94
3	0.20496922731399536	3.181030594110489	0.97	0.99
4	0.2031773090362549	1.9594064611196518	0.983125	1.0
5	0.20077832539876303	2.3107169531285763	0.984375	1.0
6	0.20010662078857422	1.8342439848184586	0.98625	1.0
7	0.19894304871559143	1.8959023255109786	0.984375	1.0
8	0.1983501116434733	1.4718515446782112	0.988125	1.0
9	0.19789984226226806	1.5002547931671142	0.98875	1.0
10	0.19711832566694779	1.3315442326664924	0.989375	1.0
11	0.1970698038736979	1.3977123759686947	0.9875	0.985
12	0.19639455355130708	1.2647173868119717	0.99	0.99
13	0.19603727545057023	1.2859784232079983	0.98875	0.99
14	0.19581871032714843	1.3632166797295213	0.98625	0.995
15	0.19553029537200928	1.0952353973686695	0.991875	1.0
16	0.1954356221591725	0.8752497284859418	0.99375	1.0
17	0.19523435168796116	0.8416880238801241	0.995	1.0
18	0.19521784782409668	0.7382083617523313	0.995	1.0
19	0.1950827956199646	0.7620983645319939	0.994375	1.0
20	0.19507152693612234	0.6821926863491535	0.995	0.995
21	0.19495571743358264	0.5874182031676173	0.995	1.0
22	0.1949099250461744	0.6434166114777327	0.995	1.0
23	0.1948604683081309	0.6212074119225144	0.99625	1.0
24	0.19478890419006348	0.586215751953423	0.996875	1.0
25	0.19479092267843393	0.555291342549026	0.995625	1.0
26	0.1947012565754078	0.5799932957813144	0.995625	1.0
27	0.19471216201782227	0.5029520869627595	0.99625	1.0
28	0.19461640818365689	0.5959982807328924	0.995625	0.995
29	0.19453531901041668	0.4459218220971525	0.9975	1.0
-1	-1	-1	-1	-1
0	0.24300241470336914	6.169876952171325	0.926875	0.975
1	0.21750330924987793	3.7677391916513443	0.9725	0.98
2	0.20885237058003744	2.1798574697971342	0.97875	1.0
3	0.20442962646484375	1.6836659663915634	0.9825	1.0
4	0.2013227939605713	2.4935365135967733	0.974375	0.98
5	0.20005341370900473	1.6214034171402454	0.98375	0.945
6	0.19927569798060826	1.8488122434914112	0.983125	0.995
7	0.19854974746704102	1.7430141493678093	0.985	0.945
8	0.19781910048590767	5.988811233267188	0.956875	1.0
9	0.19728031158447265	1.9298196545243262	0.986875	0.97
10	0.1966301744634455	1.5987278324365617	0.9825	1.0
11	0.19650580485661825	0.9373780189454556	0.994375	0.995
12	0.19632223936227652	1.1146414141356944	0.990625	1.0
13	0.19599006857190812	0.9804880803078413	0.9925	1.0
14	0.1957044283548991	0.8988350927829742	0.99375	1.0
15	0.195680633187294	0.6613467936217785	0.994375	1.0
16	0.19532575326807358	0.6675103588402271	0.994375	1.0
17	0.1953601837158203	0.8261942336708308	0.9925	1.0
18	0.19534975604007118	0.5397631537914276	0.995625	0.995
19	0.19501817226409912	0.4671889851987362	0.995	1.0
20	0.19514670826139904	0.4361868885159492	0.99625	1.0
21	0.19501815058968283	0.5125163028016686	0.994375	1.0
22	0.1951147058735723	0.4427869517356157	0.996875	1.0
23	0.19476890563964844	0.38645655278116464	0.9975	1.0
24	0.19463913917541503	0.3430393062531948	0.9975	1.0
25	0.1943835845360389	0.3624768540635705	0.996875	1.0
26	0.19448403075889306	0.37574373356997964	0.996875	0.995
27	0.194371155330113	0.34807494409382345	0.9975	1.0
28	0.19449663984364476	0.34209513602778313	0.998125	1.0
29	0.19451136589050294	0.27365170400589706	0.99875	1.0
-1	-1	-1	-1	-1
0	0.24660515785217285	6.641175994873047	0.936875	0.95
1	0.22048354148864746	3.7129261235892774	0.9725	0.98
2	0.2120966911315918	2.018090221583843	0.990625	0.96
3	0.207929790019989	1.470275830514729	0.9875	0.97
4	0.20558228492736816	1.14021075386554	0.9925	0.96
5	0.2036435604095459	0.95325538713485	0.99375	0.98
6	0.20221921375819615	0.8227337956428528	0.99375	0.975
7	0.20065629482269287	0.8974736173823475	0.994375	0.98
8	0.19983426729838052	1.276243096254766	0.988125	0.98
9	0.19873363971710206	0.8943182598054409	0.995	0.975
10	0.19832673939791592	0.9882827977277339	0.9925	0.98
11	0.19820489486058554	0.8201442565023899	0.994375	0.975
12	0.19806909561157227	0.6527308860328048	0.995625	0.98
13	0.19734879902430943	3.8795142084080725	0.99375	0.965
14	0.1972654660542806	0.9981931447982788	0.990625	0.96
15	0.19651111960411072	1.3406853656470776	0.99	0.97
16	0.19629916022805607	0.8252064516069367	0.995	0.97
17	0.1958951155344645	0.6040485056862235	0.99625	0.97
18	0.19574426349840665	0.5097803384438158	0.996875	0.97
19	0.19576067924499513	0.47889073472470045	0.99625	0.97
20	0.19584801083519346	0.43081920739263296	0.996875	0.97
21	0.19559129801663486	0.40912384271621705	0.996875	0.975
22	0.19553026945694632	0.3734102507121861	0.996875	0.97
23	0.19551536440849304	0.34944158723577856	0.996875	0.975
24	0.19551297187805175	0.3167120412783697	0.9975	0.97
25	0.19547956723433274	0.30207133799791336	0.9975	0.975
26	0.19527501530117458	0.28854879709891973	0.99625	0.975
27	0.19534225974764144	0.37649727406795136	0.99625	0.975
28	0.1952552055490428	0.4884431717917323	0.994375	0.98
29	0.19536433219909669	0.23603569821454584	0.9975	0.975
-1	-1	-1	-1	-1
0	0.28978490829467773	6.685027710795403	0.916875	0.975
1	0.2431173324584961	4.382446339726448	0.97125	0.99
2	0.22662067413330078	2.221201832816005	0.981875	0.985
3	0.21855109930038452	1.7152220177650452	0.985625	0.99
4	0.2140498638153076	1.3963367699086666	0.99125	0.995
5	0.21028478940327963	1.2630430349707604	0.99	0.99
6	0.20829146248953684	1.1064411661401392	0.9925	0.99
7	0.20685389637947083	1.7306373770534993	0.985625	0.99
8	0.20519762569003636	0.8351524398848414	0.99375	0.99
9	0.20412931442260743	1.1822260232362896	0.99	0.99
10	0.20356455716219815	1.089157732576132	0.993125	0.99
11	0.2028233210245768	0.7391702325642109	0.99375	0.99
12	0.2020421578333928	0.5766837860271334	0.995625	0.995
13	0.2015561546598162	1.0043005641177296	0.991875	0.99
14	0.20112018585205077	1.0665190513338894	0.993125	0.995
15	0.2006186991930008	0.9363357341848314	0.994375	0.995
16	0.20023536682128906	0.512708893995732	0.995625	0.995
17	0.19981753826141357	0.48508566863834857	0.99625	0.99
18	0.19970777160242983	0.43445568084716796	0.996875	0.995
19	0.19957125186920166	0.6386403503641486	0.994375	0.99
20	0.19944772266206287	0.5918382994551211	0.995625	0.995
21	0.19937285509976474	0.330312594701536	0.9975	0.995
22	0.1992078345754872	0.25485783874988555	0.9975	0.99
23	0.19908931851387024	0.31121300692553633	0.996875	0.995
24	0.19893293380737304	1.438174088167143	0.9875	0.99
25	0.1987952452439528	3.2106932454183696	0.99125	0.985
26	0.1984563845175284	0.9102053565531969	0.99	0.99
27	0.19834856476102555	0.5466409559547901	0.995625	0.99
28	0.19810688906702503	0.462364506162703	0.99625	0.99
29	0.1980863094329834	0.4267460297048092	0.99625	0.99
-1	-1	-1	-1	-1
0	0.24376249313354492	9.080534633994102	0.854375	0.985
1	0.21901655197143555	4.273108001947403	0.970625	0.985
2	0.20901910463968912	1.6996599285304546	0.986875	0.995
3	0.20550113916397095	1.36705568395555	0.988125	0.985
4	0.20284390449523926	1.2621670440211892	0.986875	0.995
5	0.20162753264109293	1.255475306250155	0.98875	1.0
6	0.20075760568891252	1.7007749674841761	0.985625	0.98
7	0.19953790307044983	1.6831009402219206	0.986875	0.995
8	0.19926669862535265	1.1150754921883346	0.9925	0.995
9	0.1982189893722534	1.033434670716524	0.99375	0.995
10	0.19762726263566452	1.3290295166661963	0.989375	0.98
11	0.19707216819127402	0.7313108213432133	0.994375	0.99
12	0.1967634421128493	0.9252007797453552	0.9925	0.995
13	0.19559705257415771	0.6181308141350746	0.995625	0.995
14	0.19484047889709472	0.7770394285768271	0.993125	0.995
15	0.194269061088562	0.5880966813513078	0.995625	0.995
16	0.19346199316136978	0.5722307946905494	0.995625	1.0
17	0.19311210844251844	0.4380252064942033	0.99375	0.995
18	0.19279048317357114	1.217678935698932	0.9925	0.995
19	0.19293181896209716	6.625286313295365	0.98375	0.995
20	0.19252764611017137	4.242217188328505	0.990625	0.995
21	0.19242413477464157	0.8728890930861235	0.991875	0.995
22	0.19228539259537406	0.6121910535357893	0.995	1.0
23	0.19204938411712646	0.5830768502876162	0.994375	0.995
24	0.19188468933105468	0.4768318347632885	0.99625	0.995
25	0.19173292930309588	0.43585970340296626	0.996875	1.0
26	0.19162354645905672	0.3778573085553944	0.99625	1.0
27	0.19148422990526473	0.3828357255709125	0.996875	0.995
28	0.19136738777160645	0.3315687515214086	0.995625	1.0
29	0.19122269948323567	0.33757266371510924	0.996875	1.0
-1	-1	-1	-1	-1
0	0.2390003204345703	5.702773679494857	0.949375	0.91
1	0.21553146839141846	4.413411927074194	0.97	0.985
2	0.20775357882181802	1.5843089213967323	0.99	0.965
3	0.20357245206832886	1.370962094962597	0.989375	0.99
4	0.20031590461730958	1.3428006849437952	0.985	0.99
5	0.19867424170176187	1.3659156217798591	0.993125	0.995
6	0.1969198499407087	1.2100435176864266	0.989375	0.97
7	0.19616982340812683	1.493501372318715	0.98875	0.98
8	0.19568143950568306	0.9047884830925613	0.99375	0.98
9	0.19554128646850585	0.8756986462324857	0.9925	0.99
10	0.19538721171292392	0.6129001903987955	0.995	0.985
11	0.19505023956298828	0.8631019187159836	0.995	0.99
12	0.19461444708017203	0.6694613366061821	0.99375	0.995
13	0.1944410971232823	0.6844698823802173	0.99375	0.985
14	0.19431284268697102	0.6818880399316549	0.99375	0.975
15	0.19424696266651154	0.47928350085392596	0.996875	0.995
16	0.1939275825724882	0.3326522091915831	0.9975	0.995
17	0.19384619924757215	0.34711585414013824	0.9975	0.985
18	0.19365599280909487	0.2795352190225094	0.9975	0.995
19	0.19358789920806885	0.42428459158341864	0.99625	0.995
20	0.193553436370123	1.984515582069289	0.98625	0.985
21	0.1933647719296542	0.7624308078736067	0.994375	0.995
22	0.1933562651924465	3.2338856149557977	0.9925	0.98
23	0.19319966435432434	0.8705981899052858	0.993125	0.98
24	0.1931178665161133	0.4582664453238249	0.995625	0.98
25	0.19315472932962272	0.35675658406689764	0.99625	0.98
26	0.19335141005339446	0.3668405931955203	0.99625	0.99
27	0.19344278744288854	0.3093518654163927	0.996875	0.98
28	0.1933786129129344	0.24553666498977691	0.9975	0.975
29	0.1933299462000529	0.21801524619106202	0.998125	0.98
-1	-1	-1	-1	-1
0	0.24283790588378906	4.503712047934532	0.95875	0.935
1	0.2182375192642212	4.05392251463607	0.978125	0.99
2	0.21005964279174805	1.4503391075134278	0.989375	0.99
3	0.2061968445777893	1.5988321218639612	0.99	0.995
4	0.20426487922668457	1.1186522674560546	0.991875	0.99
5	0.2031253178914388	0.9417226510867477	0.99125	0.985
6	0.2096104962485177	1.058390211611986	0.99125	0.995
7	0.2081974446773529	0.6624359702318907	0.994375	0.995
8	0.20704203181796604	1.8572353702411055	0.989375	0.98
9	0.20594677925109864	1.221881517097354	0.98875	0.99
10	0.20499047366055576	1.0872775884717703	0.99125	0.99
11	0.2043768564860026	1.2232232791930437	0.99125	0.995
12	0.2039344310760498	0.7687604947667569	0.995	0.995
13	0.20326694420405797	0.6536494648456573	0.99375	0.995
14	0.20278116861979167	0.5103299370314925	0.994375	0.985
15	0.20226755738258362	2.568683297606185	0.988125	0.995
16	0.2016161890590892	0.635588796325028	0.995	0.995
17	0.20123328102959526	0.4711649344908074	0.996875	0.995
18	0.20082226552461324	0.33750880950596185	0.996875	0.995
19	0.20053434371948242	0.33465781930368393	0.995	0.995
20	0.20011632783072336	0.24055728397797793	0.998125	0.985
21	0.19969971613450485	0.24777908636722715	0.9975	0.995
22	0.1994357627371083	0.2555622382555157	0.995625	0.995
23	0.19913322726885477	0.16309152253495995	0.998125	0.995
24	0.1988925075531006	0.26496545075322503	0.996875	0.995
25	0.19885051250457764	0.13357381112582517	0.99875	0.995
26	0.1988053939960621	0.10027566530927289	0.999375	0.99
27	0.19872676474707468	0.08855597110399685	0.999375	0.995
28	0.19852814181097622	0.1460313234145724	0.998125	0.995
29	0.1983917792638143	0.06967532245667826	0.999375	0.995
-1	-1	-1	-1	-1
0	0.2452230453491211	5.124955869317055	0.958125	0.955
1	0.2185680866241455	4.118601616695523	0.9675	0.965
2	0.2102963129679362	2.1355820515006783	0.984375	0.98
3	0.20583152770996094	1.0346862025000154	0.9925	0.995
4	0.20342960357666015	0.9498971021361649	0.993125	0.99
5	0.20189384619394937	0.7611620486527682	0.99375	0.985
6	0.20107102394104004	0.5895989519171416	0.99625	0.995
7	0.20041361451148987	0.5764309017546475	0.994375	0.995
8	0.19957402017381456	0.5828655427368358	0.994375	0.99
9	0.19938766956329346	0.9378203724883497	0.995625	0.975
10	0.1988527991554954	1.1601319777220487	0.99	0.99
11	0.19842139879862467	0.752339572859928	0.993125	0.97
12	0.1983030209174523	0.5688295291922987	0.995	0.995
13	0.1980246135166713	0.28422725706826896	0.998125	0.985
14	0.19765976270039876	0.2227065083105117	0.9975	0.99
15	0.19743038713932037	1.7428764850165317	0.98375	0.965
16	0.1975222335142248	1.8416953866928816	0.98875	0.995
17	0.1973510848151313	0.7331941597536207	0.994375	0.995
18	0.1972332000732422	0.40967295356094835	0.996875	0.995
19	0.19714877605438233	0.3235408516786993	0.9975	0.995
20	0.1971248672122047	0.26058850347064433	0.99875	0.995
21	0.19687416336753152	0.3250464120693505	0.99625	0.995
22	0.19650633438773776	0.26880601472221316	0.99875	0.995
23	0.19645140568415323	0.17779938134830445	0.99875	0.995
24	0.19644171714782716	0.15275788916740565	0.99875	0.995
25	0.1965605112222525	0.15965117865707726	0.99875	0.995
26	0.1966341424871374	0.1535774779994972	0.99875	0.995
27	0.19668128660746984	0.16045483235619032	0.99875	0.995
28	0.19688228081012593	0.11778344265127089	0.99875	0.99
29	0.1968714157740275	0.11446739942824934	0.999375	0.995
-1	-1	-1	-1	-1
0	0.2409658432006836	7.421609097123146	0.899375	0.935
1	0.21576762199401855	4.124302581474185	0.969375	0.965
2	0.2078538735707601	2.2325473744794726	0.98625	0.98
3	0.20355093479156494	1.7437488492578268	0.989375	0.975
4	0.2009443759918213	1.119998074285686	0.991875	0.98
5	0.1991411050160726	1.2577696611359714	0.988125	0.96
6	0.19854307174682617	1.492672016955912	0.98625	0.975
7	0.19752013683319092	1.2162874448671936	0.990625	0.985
8	0.19666528701782227	1.5728762973845005	0.990625	0.98
9	0.19626243114471437	1.452940247133374	0.9925	0.97
10	0.19545459747314453	1.2044305589050055	0.991875	0.975
11	0.19508101542790732	1.0717964972369374	0.99125	0.985
12	0.19436007279616135	0.7179149777442216	0.993125	0.98
13	0.1942307608468192	0.600283065624535	0.99625	0.98
14	0.19408636093139647	0.5983218416944146	0.995625	0.975
15	0.19370843470096588	0.4819321790058166	0.9975	0.98
16	0.19390050102682674	0.6045902555348585	0.995	0.97
17	0.19359515772925484	0.6308622830361128	0.995	0.975
18	0.1937755032589561	0.7991444080369547	0.993125	0.975
19	0.19347313642501832	0.3327576893568039	0.9975	0.98
20	0.19326743625459217	0.38112287246156484	0.9975	0.985
21	0.19319487701762805	0.30657922219485045	0.996875	0.98
22	0.19359857103098993	0.30473475458682514	0.996875	0.98
23	0.19362698992093405	0.26332314947620034	0.998125	0.975
24	0.19341232299804687	0.1854413667949848	0.99875	0.985
25	0.19351409031794622	0.19029675659141504	0.99875	0.985
26	0.1933245482268157	0.13271220974973402	0.99875	0.985
27	0.19316799300057547	0.13276521268300712	0.99875	0.975
28	0.19314529977995773	0.10648576848674565	0.99875	0.98
29	0.19306662877400715	0.13361211204319262	0.99875	0.975
-1	-1	-1	-1	-1
0	0.2413794994354248	5.657926698923111	0.9525	0.935
1	0.218131422996521	5.053621753975749	0.9625	0.99
2	0.2096866766611735	1.6714048515819013	0.988125	1.0
3	0.20460760593414307	1.7508757618814708	0.98625	1.0
4	0.20189943313598632	1.354753191396594	0.98875	1.0
5	0.1990909973780314	0.9698626611381769	0.990625	1.0
6	0.1974172592163086	1.3544075110927225	0.986875	0.97
7	0.1976011097431183	1.2376778926700354	0.990625	1.0
8	0.19586163096957737	0.9110245087742805	0.990625	0.995
9	0.19479763507843018	0.806225306680426	0.9925	0.995
10	0.19479073177684436	0.8597855730541051	0.99	0.99
11	0.19459344943364462	0.9539805156097282	0.99375	0.995
12	0.19425483850332406	0.6559975321218371	0.993125	0.99
13	0.1940280028751918	0.5930413875775412	0.994375	0.985
14	0.1937763532002767	0.5901450671255588	0.99625	0.99
15	0.19358856976032257	0.3072877235710621	0.998125	0.99
16	0.19331846517675064	0.2516422628681175	0.998125	0.99
17	0.19315103689829508	0.28190757789765486	0.995625	0.995
18	0.19306278228759766	0.5985975775355473	0.993125	0.985
19	0.19297387599945068	0.23353981904685497	0.9975	0.965
20	0.1928998969850086	0.15758400175371207	0.99875	0.995
21	0.1927965987812389	0.19780627946631285	0.9975	0.985
22	0.19275932726652725	0.5165020085431752	0.995625	0.99
23	0.19276528557141623	0.4590091509371996	0.99375	0.995
24	0.19240429878234863	0.34883346388931386	0.998125	0.99
25	0.1923598784666795	0.7093153451289982	0.995	0.99
26	0.19215214693987812	0.4978492415929213	0.99625	0.995
27	0.19212778125490462	0.16761357839684934	0.99875	0.985
28	0.19198141426875673	0.11346754757221789	0.99875	0.995
29	0.19191699028015136	0.07595032718905713	0.999375	0.995
-1	-1	-1	-1	-1
0	0.29016709327697754	6.120037363171577	0.939375	0.955
1	0.2401341199874878	4.414700836874545	0.975625	0.985
2	0.22162771224975586	1.6142411023192107	0.986875	0.96
3	0.2133561372756958	1.4113768720254303	0.988125	0.965
4	0.208758544921875	1.5998677619174122	0.98625	0.975
5	0.2048394282658895	1.0386467005312443	0.99125	0.98
6	0.2026811327253069	0.9397508562728762	0.993125	0.99
7	0.20133748650550842	1.1967119468189775	0.989375	0.98
8	0.20013565487331814	0.8946889578923582	0.99375	0.95
9	0.19920628070831298	1.2866199328750372	0.988125	0.975
10	0.19852568886496805	0.6963704846799373	0.995	0.98
11	0.19775931040445963	0.8704504838585854	0.994375	0.985
12	0.197312593460083	0.4851643872819841	0.996875	0.965
13	0.19703217915126256	0.52990929805208	0.995	0.965
14	0.19656755129496256	0.7546809264621698	0.995	0.945
15	0.19638146460056305	0.9355990823358298	0.991875	0.99
16	0.1960156244390151	0.5445420939475298	0.993125	0.97
17	0.19567701551649305	0.6529996924567968	0.9925	0.985
18	0.1954843370538009	0.6440775843756273	0.99375	0.99
19	0.19526182413101195	0.5663890303485095	0.99375	0.99
20	0.195164578301566	0.37568224232643843	0.9975	0.98
21	0.1949551213871349	0.23063948640367016	0.9975	0.975
22	0.19505729882613473	0.32119947483752187	0.995625	0.97
23	0.19480590025583902	0.5191945197246969	0.99375	0.985
24	0.19490470886230468	0.22540219969116151	0.9975	0.98
25	0.19479442559755766	0.1487930466304533	0.9975	0.975
26	0.19458110244185836	0.1455423496797448	0.998125	0.975
27	0.19457014969417027	0.08864332481578457	0.99875	0.98
28	0.19430217249640103	0.11548169107627473	0.998125	0.985
29	0.19445974032084148	0.08981304412998725	0.999375	0.97
-1	-1	-1	-1	-1
0	0.2420656681060791	6.101566878557205	0.93375	0.965
1	0.21526670455932617	3.5266690457612277	0.97625	0.985
2	0.20493483543395996	1.8311259689182042	0.98625	0.99
3	0.20089107751846313	1.631693127155304	0.985	0.985
4	0.19723052978515626	1.2929724686220287	0.99	0.99
5	0.19570326805114746	1.3514824096858502	0.989375	0.995
6	0.19407340458461217	1.263489143103361	0.988125	0.995
7	0.19354581832885742	1.645692226998508	0.98625	0.985
8	0.1926343176099989	2.846915206200283	0.985625	0.98
9	0.19249093532562256	1.546594158411026	0.986875	0.995
10	0.19191080873662775	1.1995238855481147	0.991875	1.0
11	0.1918360392252604	0.9016378794237971	0.991875	0.99
12	0.19133655841533953	0.9101316702365875	0.9925	0.985
13	0.1916055338723319	0.8037080018036068	0.994375	0.995
14	0.1912376880645752	0.6832558584213256	0.99375	0.995
15	0.19116723537445068	0.6663663972914219	0.995625	0.995
16	0.19071187692530014	0.7175767830898985	0.995	0.99
17	0.19074500931633842	0.5955935980007052	0.995625	0.995
18	0.1904705198187577	0.5656684014108032	0.995	0.99
19	0.19029175043106078	0.5936468062736094	0.994375	0.99
20	0.190141723269508	0.4162499248562381	0.995625	0.985
21	0.18989894606850363	0.4968465317040682	0.995	0.99
22	0.1898267891096032	0.35453525158576665	0.99625	0.99
23	0.189682275056839	0.27152272863313553	0.996875	0.99
24	0.18970268249511718	0.26686582451220603	0.995625	0.99
25	0.18953772691579965	0.40333915836410594	0.995625	0.99
26	0.18936442445825646	0.2239724851649953	0.998125	0.99
27	0.18939845051084245	0.3464202110469341	0.99625	0.995
28	0.1892457912708151	0.22021301447515726	0.99625	0.99
29	0.18931963443756103	0.22673794973248731	0.998125	0.97
30	0.18910048853966496	0.18231338201323524	0.9975	0.99
-1	-1	-1	-1	-1
0	0.22995591163635254	6.683694698810577	0.940625	0.935
1	0.2094360589981079	4.008872762024403	0.971875	0.99
2	0.20152854919433594	3.1102868246287105	0.97875	0.98
3	0.19775623083114624	1.659613749831915	0.985625	0.995
4	0.19600043296813965	1.6605646768026054	0.9875	0.98
5	0.19402519861857095	1.5330320048332213	0.98875	1.0
6	0.19342609814235143	1.1236938523873687	0.99	0.995
7	0.19285356998443604	0.8509133061207831	0.991875	0.965
8	0.191878080368042	2.2179679303243756	0.988125	0.99
9	0.19177780151367188	1.314273420535028	0.989375	0.995
10	0.19119267030195755	0.7890853993594646	0.99375	1.0
11	0.19088252385457358	0.7039960275031626	0.993125	0.995
12	0.19038508488581732	0.5340858146548271	0.995	0.995
13	0.19006533282143728	0.6554159357585013	0.99375	0.995
14	0.19012665748596191	0.45559004459530117	0.995	0.995
15	0.18979428708553314	0.39746777021791785	0.99625	0.995
16	0.18989508292254278	0.4228049477236345	0.996875	0.995
17	0.18959422906239828	0.2716414847970009	0.996875	0.99
18	0.18926773573222913	0.2345288072177209	0.996875	0.995
19	0.18925621509552001	0.19541171117685735	0.998125	0.99
20	0.18919370287940615	0.23892520813911688	0.9975	0.985
21	0.1895886226133867	0.40657313000876455	0.99625	0.995
22	0.1893463134765625	0.41770614973735065	0.996875	0.99
23	0.18944276372591654	0.1527316139175673	0.99875	0.99
24	0.18927668571472167	0.10250041005201638	0.99875	0.99
25	0.1893608570098877	0.10340206235909136	0.999375	0.99
26	0.18933557581018517	0.10729427827667677	0.999375	0.99
27	0.18924798284258162	0.10005478322855196	0.99875	0.99
28	0.18930442579861345	0.4651053864502319	0.993125	0.985
29	0.1891465981801351	0.3196833513060119	0.995625	0.98
-1	-1	-1	-1	-1
0	0.24124956130981445	7.802472056150436	0.8825	0.975
1	0.2160356044769287	4.887119340524078	0.96625	0.99
2	0.20608830451965332	1.4488687383383512	0.990625	0.99
3	0.20200031995773315	1.6274409017898142	0.985625	0.985
4	0.19895944595336915	0.9937520883604885	0.99375	0.98
5	0.19662988185882568	1.0296849302202462	0.99125	0.985
6	0.19526825632367814	0.7435268658399582	0.994375	0.985
7	0.19421812891960144	0.5235164026729763	0.995625	0.985
8	0.19321505228678384	1.4508082101866604	0.99	0.99
9	0.1930994749069214	1.442783521786332	0.99125	0.965
10	0.19234791668978604	1.271852267831564	0.99	0.98
11	0.19223382075627646	1.2500105273723603	0.990625	0.99
12	0.19193643790024978	0.6603802757151425	0.994375	0.985
13	0.19149441378457205	0.45994446876924483	0.995625	0.985
14	0.19155093828837078	0.3445974675100297	0.9975	0.98
15	0.19112528860569	0.4233218417828903	0.996875	0.985
16	0.1911480987773222	0.19608644170686604	0.998125	0.99
17	0.19082379341125488	0.13532689640589524	0.999375	0.99
18	0.1905559866051925	0.10047816163627431	0.99875	0.99
19	0.19041239023208617	0.1044001056154957	0.999375	0.99
20	0.19012540862673805	1.2315220040892019	0.990625	0.95
21	0.19011603702198376	1.3838881035055965	0.989375	0.985
22	0.18989618964817212	0.7433545524068177	0.99375	0.99
23	0.18978131810824075	0.4354235996119678	0.99625	0.99
24	0.18961478233337403	0.2525347280642018	0.998125	0.99
25	0.18939804113828218	0.16426983594545164	0.99875	0.99
26	0.1894396940867106	0.12070770629681647	0.999375	0.99
27	0.18939454214913504	0.0838750315233483	0.999375	0.985
28	0.18932437074595485	0.05682588374998886	0.999375	0.99
29	0.18917837937672932	0.05244061222860182	0.999375	0.99
-1	-1	-1	-1	-1
0	0.29865360260009766	7.839597624540329	0.869375	0.97
1	0.24592578411102295	9.238716472834348	0.95375	0.975
2	0.22588523228963217	1.9959750282764435	0.985	0.985
3	0.21622437238693237	1.2583821059763431	0.99125	0.98
4	0.2105435848236084	1.1217230056971312	0.993125	0.99
5	0.20730904738108316	1.3326745815575123	0.9925	0.975
6	0.2045762538909912	1.6301355704665184	0.990625	0.99
7	0.202284038066864	1.2080107835680247	0.991875	0.99
8	0.2011105219523112	1.1221191749721766	0.990625	0.98
9	0.1996361494064331	0.8846088050305844	0.99375	0.98
10	0.19881111925298517	0.8829623325169087	0.994375	0.98
11	0.19794378678003946	0.78275471188128	0.99375	0.98
12	0.19768481988173264	1.0188263423740864	0.991875	0.985
13	0.19744059017726354	0.9681679648905992	0.99	0.985
14	0.19697890281677247	0.9671144809573888	0.99125	0.99
15	0.19663149118423462	0.6035082395374775	0.99625	0.985
16	0.19660133474013386	0.577521844394505	0.996875	0.98
17	0.1961697604921129	0.6317217651568353	0.994375	0.99
18	0.19627795721355237	0.5699564950913191	0.995625	0.985
19	0.1960652232170105	0.506994244903326	0.99625	0.985
20	0.19601081666492282	0.4400627180095762	0.9975	0.985
21	0.19569175893610175	0.48495856689289213	0.995	0.985
22	0.1957296599512515	0.43029599007219077	0.99625	0.99
23	0.19549089670181274	0.44407269116141834	0.996875	0.99
24	0.19542777061462402	0.4457103305333294	0.995	0.985
25	0.19543785315293533	0.4715254121460021	0.995	0.99
26	0.19534314120257343	0.2731335732503794	0.996875	0.99
27	0.19503494671412877	0.2589712725812569	0.998125	0.99
28	0.19501776530824858	0.22378410073462873	0.99875	0.99
29	0.19488694667816162	0.19790289242751896	0.99875	0.99
-1	-1	-1	-1	-1
0	0.24627041816711426	11.813993265628815	0.814375	0.945
1	0.22124910354614258	5.060506481975317	0.95625	0.985
2	0.21050572395324707	2.329084820281714	0.980625	0.97
3	0.20648276805877686	1.786953104203567	0.9875	0.98
4	0.20359678268432618	1.2237713859602808	0.991875	0.97
5	0.20167851448059082	1.365405559912324	0.991875	0.98
6	0.2007547446659633	1.015229007191956	0.9925	0.99
7	0.199815571308136	0.9108074866468087	0.9925	0.98
8	0.19937528504265678	1.411688498929143	0.985	0.98
9	0.19892754554748535	2.6925873625278474	0.985625	0.95
10	0.19867066903547806	7.206036999821663	0.978125	0.98
11	0.19827322165171304	1.2554530416056513	0.990625	0.985
12	0.19755042516268218	1.207844793871045	0.991875	0.99
13	0.19746465342385427	0.8965548062883317	0.995	0.985
14	0.19680266380310057	0.9410494375415146	0.99375	0.975
15	0.19652414321899414	0.951290361341089	0.990625	0.975
16	0.1959704511305865	0.8127237949147821	0.99375	0.985
17	0.1959289312362671	0.5872616681829095	0.995	0.985
18	0.19582340591832212	0.6094205557741225	0.994375	0.99
19	0.19570838212966918	0.7301761254295707	0.99375	0.985
20	0.19564283461797805	0.8225040453858674	0.994375	0.985
21	0.1953280188820579	0.5493156417971476	0.995625	0.99
22	0.19538791283317233	0.39982815731316806	0.996875	0.99
23	0.1950933039188385	0.42205820003524425	0.996875	0.99
24	0.19504204750061035	0.3583766120672226	0.996875	0.99
25	0.19486684065598708	0.3573796965088695	0.9975	0.99
26	0.1945987100954409	0.32335060918703673	0.9975	0.99
27	0.19465185063225882	0.27540269067045303	0.9975	0.99
28	0.19441512535358296	0.2571528717596084	0.998125	0.99
29	0.1943069855372111	0.25046597034670415	0.9975	0.985
-1	-1	-1	-1	-1
0	0.24262094497680664	5.943003014326096	0.941875	0.915
1	0.21863031387329102	7.361526078935713	0.968125	0.97
2	0.21034463246663412	2.773220285624266	0.98125	0.985
3	0.20636820793151855	1.523300438374281	0.986875	0.985
4	0.20271167755126954	1.2844505724310875	0.98875	0.985
5	0.20144999027252197	1.1397660765051842	0.989375	0.985
6	0.19952590124947683	1.1821618935093283	0.990625	0.98
7	0.19912755489349365	0.9865919348783792	0.9925	0.96
8	0.19798376825120714	1.3373707905458287	0.988125	0.985
9	0.19769821166992188	1.678037862032652	0.985625	0.985
10	0.19695201787081631	0.8296017167437821	0.994375	0.985
11	0.19631034135818481	1.0405314646102488	0.994375	0.985
12	0.1959229432619535	0.7246681118104606	0.995	0.985
13	0.19533538818359375	0.8521144117042422	0.9925	0.98
14	0.19532000223795573	0.5347878784686327	0.996875	0.985
15	0.19493567943572998	0.4596484449133277	0.996875	0.985
16	0.19487999467288747	0.4251902379468083	0.9975	0.985
17	0.1949681176079644	0.7959098247252405	0.99625	0.97
18	0.19463505243000231	4.103830544278026	0.986875	0.99
19	0.19495443105697632	0.639779342263937	0.99375	0.985
20	0.194680236634754	0.6034160976624117	0.994375	0.99
21	0.1947751587087458	0.6965515013597906	0.9925	0.985
22	0.19463387779567554	0.39910087194293736	0.9975	0.985
23	0.1944646934668223	0.36493278967216614	0.995625	0.985
24	0.19442794799804688	0.3423251531645656	0.996875	0.985
25	0.19444637115185076	0.292775699258782	0.9975	0.985
26	0.19451954629686144	0.2426232772320509	0.9975	0.985
27	0.19450736897332327	0.28398598373867573	0.99625	0.985
28	0.19427040527606831	0.25292795862071216	0.99625	0.985
29	0.1943174203236898	0.20349421099992468	0.99625	0.985
30	0.19423635544315462	0.18829147247830405	0.996875	0.985
31	0.19432946294546127	0.17315658373292536	0.998125	0.985
32	0.1942027626615582	0.1530330151889939	0.99875	0.985
33	0.19420266151428223	0.15192536338232457	0.998125	0.985
34	0.19420200075422014	0.14534605182197993	0.998125	0.985
35	0.19400795300801596	0.23086215017232461	0.9975	0.985
36	0.19407792993493983	0.11954368225648068	0.99875	0.985
37	0.19388221439562345	0.11553420420546899	0.99875	0.985
38	0.1938461218124781	0.10884483697474934	0.99875	0.985
-1	-1	-1	-1	-1
0	0.24261021614074707	6.214565811157226	0.941875	0.92
1	0.21684658527374268	5.071111550927162	0.965625	0.955
2	0.20877559979756674	2.273614187538624	0.980625	0.98
3	0.20439797639846802	1.8597193288244307	0.9825	0.96
4	0.2017683506011963	1.5718453324586152	0.983125	0.985
5	0.20035874843597412	1.5023994051665068	0.989375	1.0
6	0.19938114711216517	1.0658456071466207	0.99375	1.0
7	0.19858044385910034	1.0802699511498213	0.989375	0.985
8	0.1982981628841824	1.390813937559724	0.98625	1.0
9	0.19814224243164064	1.7321648385981099	0.98625	0.985
10	0.19779647480357776	1.745470241010189	0.98375	1.0
11	0.19753426313400269	0.9527415950596333	0.993125	1.0
12	0.19734602708082932	0.8471086622029543	0.993125	1.0
13	0.19712207998548234	0.8269655059091747	0.991875	0.99
14	0.19699494043986002	0.9706514035724103	0.990625	0.985
15	0.1968318074941635	0.7466942792013288	0.993125	1.0
16	0.1967759272631477	0.6815439148852601	0.995625	1.0
17	0.19664237234327528	0.8997886534594	0.993125	1.0
18	0.19650047703793175	0.47119828589260576	0.995625	1.0
19	0.19646110534667968	0.35933210408315064	0.996875	1.0
20	0.19640027909051805	0.2747049207426608	0.9975	1.0
21	0.1964346712285822	0.23095361278392373	0.996875	1.0
22	0.19626139557879904	0.22927307930309326	0.996875	0.995
23	0.19616024692853293	0.2267370861535892	0.9975	0.995
24	0.1960071563720703	0.2762011362369765	0.998125	0.99
25	0.19590145807999831	0.6751314121490577	0.993125	0.955
26	0.1958679887983534	0.8912175769079477	0.995625	1.0
27	0.1956774251801627	0.3475345307402313	0.9975	1.0
28	0.19569803106373754	0.23152058414183557	0.9975	1.0
29	0.19560706615447998	0.1977160859387368	0.99875	1.0
-1	-1	-1	-1	-1
0	0.24454212188720703	6.334621609449386	0.945	0.915
1	0.2187741994857788	4.551888617929071	0.969375	0.98
2	0.2103409767150879	1.6566850148141383	0.988125	0.995
3	0.2063077688217163	1.6025379637628794	0.988125	0.99
4	0.20389046669006347	1.100977671071887	0.99125	0.985
5	0.20202167828877768	0.9582750902883709	0.991875	0.985
6	0.20138798441205705	0.912422767393291	0.994375	0.975
7	0.2007058560848236	4.3184425126761194	0.993125	0.99
8	0.2000961038801405	0.9293718263506889	0.993125	0.995
9	0.19982385635375977	1.3067874956503511	0.985	0.99
10	0.199266563762318	0.9225020404532551	0.993125	0.985
11	0.19897202650705972	0.7580627413466573	0.993125	0.985
12	0.1986383841587947	1.071931983679533	0.990625	0.98
13	0.198322023664202	0.5675580121390521	0.995625	0.995
14	0.19820939699808757	0.42505949836224316	0.996875	0.995
15	0.19805414974689484	0.3681361160473898	0.996875	0.995
16	0.19787071732913747	0.33829351943917574	0.9975	0.995
17	0.1975603765911526	0.34301598492544144	0.9975	0.99
18	0.19745356158206337	0.3363279225677252	0.998125	0.99
19	0.19724229574203492	0.3276495036057895	0.996875	0.99
20	0.1970376514253162	1.1957439368683844	0.98875	0.985
21	0.19692174954847855	0.5177298617176711	0.995625	0.99
22	0.19675120063450025	0.28305761293508114	0.9975	0.995
23	0.19666877388954163	0.27255508847068993	0.9975	0.99
24	0.1964861297607422	0.25532650797162204	0.9975	0.995
25	0.19638188985677865	0.18094868917018175	0.9975	0.995
26	0.19624099025019892	0.1850760125229135	0.9975	0.995
27	0.19616287095206125	0.16310392009909264	0.996875	0.99
28	0.19614842842365132	0.19084817218943498	0.99875	0.995
29	0.19606720606486003	0.15714280044427142	0.9975	0.995
-1	-1	-1	-1	-1
0	0.24075841903686523	5.731412037611007	0.9475	0.95
1	0.21721422672271729	3.8396475916635247	0.9725	0.97
2	0.20909611384073892	1.6403290224075318	0.991875	0.98
3	0.20512664318084717	1.5659947034716606	0.986875	0.975
4	0.20252323150634766	1.124909899905324	0.990625	0.98
5	0.20071796576182047	1.5330949369177689	0.990625	0.98
6	0.2024655682700021	1.069552093297243	0.99375	0.98
7	0.20130696892738342	0.8020948169007898	0.99375	0.975
8	0.20068277253044975	0.6086071041971445	0.995625	0.975
9	0.19988505840301513	0.7276034762896597	0.995625	0.98
10	0.1991697441447865	0.8060959491506219	0.9925	0.98
11	0.19875160853068033	0.6086179139092565	0.995	0.975
12	0.19825713451092059	0.4379804189444985	0.99625	0.975
13	0.19814215387616838	0.522770128059201	0.99625	0.98
14	0.19779082934061687	0.5066163711668924	0.994375	0.985
15	0.19751383364200592	0.6619512899499387	0.99375	0.98
16	0.1974013552946203	1.4247416580375285	0.99	0.98
17	0.19725228680504692	1.0336750748753547	0.989375	0.98
18	0.1971224358207301	0.5113787950202823	0.995	0.98
19	0.19711278676986693	0.6701672031078487	0.995625	0.975
20	0.19708129337855748	0.38927432196680456	0.996875	0.975
21	0.1969803680073131	0.3398271563695744	0.996875	0.97
22	0.1968435930169147	0.24932954747229816	0.998125	0.98
23	0.19678201278050741	0.15689235865080264	0.99875	0.97
24	0.19667092323303223	0.15538256775878836	0.9975	0.98
25	0.19673232848827654	0.13026928948158456	0.99875	0.975
26	0.19663184660452385	0.1571716945528169	0.998125	0.975
27	0.19664395706994192	0.09248610108043068	0.99875	0.97
28	0.1965603992856782	0.13766784813766209	0.998125	0.975
29	0.19651435216267904	0.08403640027587243	0.99875	0.98
30	0.1964789052163401	0.11500195915894437	0.99875	0.97
31	0.1964053437113762	0.0588117025882093	0.999375	0.97
32	0.19645797122608533	0.14046412795098148	0.99875	0.975
33	0.19697950868045583	0.10821162242226819	0.99875	0.975
34	0.19689033372061593	0.08342053520716945	0.99875	0.975
-1	-1	-1	-1	-1
0	0.24187016487121582	6.368122284412384	0.943125	0.915
1	0.21706247329711914	4.836215783953667	0.95875	0.985
2	0.20841479301452637	2.0475327718257903	0.9875	0.985
3	0.20485126972198486	1.7175583623349666	0.988125	0.975
4	0.20197649002075196	2.6420252185501156	0.98375	0.965
5	0.20047569274902344	2.3274021940678358	0.98125	0.95
6	0.19908625738961355	1.6027859956398607	0.988125	0.995
7	0.19820314645767212	1.204059551358223	0.990625	0.985
8	0.19771607716878256	1.6003110615164042	0.991875	0.97
9	0.19727556705474852	1.1842530772835016	0.990625	0.99
10	0.1984699856151234	0.878284620642662	0.993125	0.99
11	0.1981232762336731	0.8414491313509643	0.9925	0.985
12	0.197967529296875	0.8553551230579615	0.995625	0.99
13	0.19751034464154923	1.0649140267446637	0.990625	0.985
14	0.19721771876017252	0.7124312196485698	0.99375	0.985
15	0.1970093995332718	0.836535288579762	0.993125	0.995
16	0.1967797840342802	0.573112149015069	0.99625	0.995
17	0.1967624690797594	0.4203874433552846	0.99625	0.985
18	0.1965683384945518	0.45144853116944433	0.995	0.98
19	0.19644649028778077	0.3954042646312155	0.996875	0.99
20	0.19633458909534274	0.5774823554512113	0.99375	0.99
21	0.19632343812422318	0.4642279011546634	0.99625	0.965
22	0.1962961943253227	1.13310686128214	0.990625	0.985
23	0.19618213176727295	0.41806309373583644	0.995625	0.985
24	0.1962117385864258	0.3299889871897176	0.99625	0.985
25	0.19610547102414644	0.24715648314915598	0.998125	0.99
26	0.1960500434592918	0.2117438429244794	0.996875	0.995
27	0.19603243044444493	0.18337773162173107	0.998125	0.99
28	0.19591907797188596	0.17580947112699505	0.9975	0.99
29	0.19593435128529865	0.14006405426116544	0.998125	0.985
-1	-1	-1	-1	-1
0	0.2976245880126953	6.091561453342438	0.936875	0.945
1	0.24169886112213135	4.20095634162426	0.97625	0.995
2	0.22499672571818033	2.010971014499664	0.985	0.99
3	0.2157994508743286	2.863480999171734	0.98375	0.995
4	0.21093645095825195	1.505608486533165	0.989375	0.99
5	0.20750304063161215	11.405721765235066	0.98875	0.995
6	0.20502730778285436	1.3231279861554504	0.990625	0.99
7	0.2032788097858429	1.4664966636523604	0.9875	0.99
8	0.20162754588656956	1.6624669287353755	0.989375	0.99
9	0.20095973014831542	1.0761894393712281	0.99125	1.0
10	0.1998091610995206	1.2217731041647495	0.98875	0.995
11	0.19932190577189127	0.8080778817087412	0.994375	0.99
12	0.1987909720494197	0.8944706262275577	0.9925	0.995
13	0.19815388747623988	0.6299766940437257	0.995	0.99
14	0.19771037101745606	1.3065494884178042	0.988125	0.995
15	0.19751504063606262	0.7207704314216972	0.993125	0.99
16	0.19707671333761775	0.6343766182288527	0.99375	1.0
17	0.19691532187991673	0.46959565578959883	0.996875	0.995
18	0.19662421628048546	0.5001040194035159	0.995	0.995
19	0.19659096002578735	0.6002994224987924	0.994375	0.995
20	0.19612266903831846	0.43460012798197567	0.995625	1.0
21	0.19602741978385232	0.5691211097687483	0.993125	0.995
22	0.19575354327326236	0.3048643937520683	0.998125	1.0
23	0.19557949900627136	4.352769115613773	0.991875	0.985
24	0.19544704437255858	1.293734408337623	0.98875	0.995
25	0.19519958129295936	0.9522056409716606	0.9925	0.995
26	0.19516273781105323	0.538411569967866	0.995625	0.995
27	0.19476313250405447	0.466346101295203	0.995625	1.0
28	0.19473255091700062	0.4160979980789125	0.99625	1.0
29	0.19439055919647216	0.3320964987762272	0.996875	0.995
-1	-1	-1	-1	-1
0	0.23763632774353027	5.582461578845978	0.953125	0.965
1	0.21368193626403809	4.178965658470989	0.97625	1.0
2	0.2072909673055013	3.005363767594099	0.975625	1.0
3	0.20395493507385254	1.7672534210979938	0.98875	1.0
4	0.20230908393859864	5.407159056961536	0.98125	0.995
5	0.20103669166564941	1.9424505887180568	0.984375	1.0
6	0.2001683371407645	1.9542616217583417	0.983125	1.0
7	0.19814050197601318	1.1497391902282834	0.990625	1.0
8	0.19652575916714138	1.2778335893899202	0.990625	1.0
9	0.19646008014678956	1.1308087445795536	0.991875	1.0
10	0.19629513133655896	1.1255211948603392	0.990625	1.0
11	0.1960578958193461	0.8802335563302041	0.993125	1.0
12	0.1953578728895921	0.7777320618927479	0.9925	1.0
13	0.1953446865081787	0.8207471671886742	0.991875	1.0
14	0.19511114756266276	0.7225682249292731	0.99375	0.995
15	0.19471430778503418	0.5925890808179974	0.994375	0.995
16	0.19483051580541275	1.1529485053941608	0.989375	1.0
17	0.19449355867173937	0.6615071498975158	0.995	1.0
18	0.19458626445971036	0.5415352530404925	0.996875	1.0
19	0.19432225227355956	0.458771174326539	0.9975	1.0
20	0.19431903248741514	0.3899615270178765	0.996875	1.0
21	0.19438572363419968	0.40102188248187304	0.996875	1.0
22	0.1941160015437914	0.3718486928753555	0.99625	1.0
23	0.19420109192530313	0.35274843223392965	0.995625	1.0
24	0.19406514167785643	0.4288820403814316	0.996875	1.0
25	0.1940600872039795	0.25155765816103665	0.9975	0.995
26	0.19383605321248373	0.32839821773581207	0.99625	1.0
27	0.1937940205846514	0.258892826421652	0.9975	0.985
28	0.19380338438625994	0.3760311162518337	0.995	1.0
29	0.19385528564453125	0.20228405208792538	0.9975	1.0
-1	-1	-1	-1	-1
0	0.24075794219970703	9.4042953145504	0.855625	0.945
1	0.21834337711334229	5.380194714199751	0.955	0.945
2	0.20879856745402017	2.1685608423501255	0.984375	0.985
3	0.20494168996810913	1.6845532716065645	0.99	1.0
4	0.20046720504760743	1.4915123607218266	0.989375	0.99
5	0.19836795330047607	1.2663498428836464	0.990625	1.0
6	0.19658289636884416	0.9861546668410301	0.99125	0.99
7	0.1949094533920288	1.2119417976588012	0.99	0.995
8	0.19418642255995008	0.7928054078295826	0.995	1.0
9	0.19304816722869872	1.2376004425191787	0.989375	0.995
10	0.19219270619479092	1.0874902638047934	0.99125	0.98
11	0.19168738524119058	1.2530682724528015	0.989375	0.99
12	0.1911153609936054	0.8257353886961937	0.9925	1.0
13	0.19051900931767055	0.5714698909968138	0.995625	1.0
14	0.1898666540781657	1.5526046595349907	0.99125	0.985
15	0.18930524587631226	3.390749027826823	0.98375	0.94
16	0.1892703280729406	1.6703932577371596	0.985625	0.985
17	0.18875838650597465	1.6529393908381462	0.984375	0.985
18	0.18837645179346987	1.1647636831179262	0.991875	1.0
19	0.1879243493080139	1.195688011944294	0.99	1.0
20	0.1874887262071882	0.6110014250874519	0.995	1.0
21	0.18711249394850296	0.585716933934018	0.995625	1.0
22	0.18683438715727432	0.48900150472298265	0.99625	1.0
23	0.18668403228123984	0.4526760024391115	0.99625	1.0
24	0.18655009269714357	0.4268791178707033	0.996875	1.0
25	0.18652584919562706	0.34617647901177406	0.996875	1.0
26	0.18628481582359033	0.33727201571688054	0.996875	0.995
27	0.18605466399874007	0.3267427004594356	0.998125	0.985
28	0.18591394095585265	0.3089689511945471	0.9975	0.995
29	0.18567775090535482	0.3098917180299759	0.995625	0.995
-1	-1	-1	-1	-1
0	0.23761987686157227	7.35958640396595	0.888125	0.97
1	0.21352827548980713	3.794909734092653	0.969375	0.985
2	0.20194395383199057	1.9407395473169162	0.9825	0.98
3	0.19819068908691406	1.469931136900559	0.98875	0.98
4	0.19649486541748046	1.13693468619138	0.99	0.99
5	0.1944886048634847	1.8848763608839363	0.984375	0.99
6	0.19466689654758998	1.0361219278723002	0.98875	0.99
7	0.19388094544410706	0.7849826694093645	0.9925	0.99
8	0.19373024834526908	1.6435350416321308	0.99125	0.99
9	0.19333343505859374	3.8461624760366977	0.9875	0.975
10	0.19308731772682883	2.4673815506184473	0.98125	0.995
11	0.19392712910970053	0.8660188921075315	0.994375	0.98
12	0.193480344919058	0.5937537802755832	0.994375	0.985
13	0.19354324681418283	0.49258602464571594	0.995625	0.985
14	0.19334758122762044	0.4291403042152524	0.995625	0.98
15	0.19328495860099792	0.3113538325438276	0.996875	0.985
16	0.19301314914927764	0.3411493160575628	0.995625	0.97
17	0.19272273116641575	0.2759528703475371	0.996875	0.98
18	0.19275106881794177	0.17174966064165345	0.998125	0.975
19	0.19277869462966918	0.1765104670682922	0.9975	0.965
20	0.19253572963532947	0.2544558927509934	0.99625	0.985
21	0.19275471297177402	0.15852676251437514	0.998125	0.975
22	0.1925507006437882	0.13216450956941117	0.998125	0.975
23	0.19312254587809244	0.06879039633233333	0.999375	0.985
24	0.1931476879119873	0.08233980234683258	0.999375	0.975
25	0.19316875017606294	0.06570527668791329	0.999375	0.975
26	0.19326700104607475	0.16423780953260575	0.99875	0.985
27	0.19325481993811472	1.23987728218548	0.988125	0.99
28	0.19322564684111496	0.34691880436614153	0.99625	0.985
29	0.1932110627492269	0.16491601828020067	0.9975	0.98
30	0.19326812990250125	0.10844662360788788	0.99875	0.98
-1	-1	-1	-1	-1
0	0.2977898120880127	7.0235129475593565	0.911875	0.965
1	0.2431190013885498	3.8153682826459407	0.976875	0.975
2	0.22598512967427573	1.551879787556827	0.989375	0.975
3	0.2174803614616394	1.8070306786149741	0.99	0.965
4	0.21193342208862304	1.0529954053461552	0.99125	0.975
5	0.20828866958618164	0.7922668884694576	0.995	0.97
6	0.20622876712254115	0.7508570038340986	0.99375	0.975
7	0.20445388555526733	0.5054076262004673	0.99625	0.975
8	0.20285182529025608	0.5161078262422234	0.99625	0.98
9	0.2019963264465332	0.5299039312079549	0.993125	0.975
10	0.20090280879627576	0.7683979706640821	0.9925	0.97
11	0.2004014253616333	2.4752990056271664	0.990625	0.97
12	0.1995681249178373	1.1677695937268435	0.9875	0.975
13	0.1989248309816633	0.7871908995136618	0.9925	0.975
14	0.1982253869374593	0.687488600499928	0.995	0.98
15	0.1977483481168747	0.66507196160499	0.994375	0.975
16	0.19719613299650304	0.8422795856185258	0.99625	0.97
17	0.19713947508070204	0.3609048103541136	0.996875	0.98
18	0.19681313163355776	0.2957908553397283	0.9975	0.975
19	0.1967667818069458	0.27240826561814174	0.998125	0.975
20	0.19642390523638045	0.3026343897456536	0.99625	0.985
21	0.19595369425686923	0.24407302150444593	0.998125	0.98
22	0.19592905044555664	0.17141874538734556	0.99875	0.98
23	0.19557872414588928	0.1683333528507501	0.99875	0.98
24	0.1954624366760254	0.14304875883681234	0.998125	0.98
25	0.19520265322465163	0.1505792246486817	0.998125	0.98
26	0.19521657625834146	0.11636468266311567	0.99875	0.98
27	0.19499037095478602	0.09420686237572226	0.999375	0.98
28	0.19501115535867625	0.10754091568480362	0.99875	0.985
29	0.19488709767659504	0.07017066507833078	0.999375	0.98
30	0.19476651376293552	0.14628510881768306	0.999375	0.98
31	0.19471679627895355	0.077253869806882	0.999375	0.98
32	0.19462854934461188	0.049705321577494035	0.999375	0.98
33	0.19452108355129466	0.04836952892692352	0.999375	0.98
34	0.1944553920200893	0.030719008023297648	1.0	0.98
35	0.19432216882705688	0.040025829430887824	0.999375	0.98
36	0.1942640832952551	0.024002428546955345	1.0	0.98
37	0.19422335373727898	0.021402017457439797	1.0	0.98
38	0.19428497094374436	0.019468410177378246	1.0	0.98
39	0.19419850707054137	0.017600227665661806	1.0	0.98
40	0.19413495645290468	0.014184273467062667	1.0	0.98
-1	-1	-1	-1	-1
0	0.24106359481811523	5.703225426673889	0.945	0.915
1	0.2183847427368164	4.46653976239264	0.973125	0.97
2	0.2079292138417562	2.1304306135326625	0.985	0.98
3	0.2045137882232666	1.1937955754995346	0.991875	0.98
4	0.20118155479431152	1.3634240060951561	0.988125	0.97
5	0.19968815644582114	1.4621825339272618	0.986875	0.975
6	0.19785009111676896	1.5947059024125338	0.990625	0.985
7	0.19742467999458313	2.2964539957791565	0.985625	0.985
8	0.197034305996365	1.4233486306294798	0.991875	0.975
9	0.19607605934143066	1.323272695094347	0.989375	0.985
10	0.19595896114002576	0.9555802918225527	0.993125	0.985
11	0.19518385330835977	3.041729762367904	0.984375	0.97
12	0.1950859106504	1.159498544037342	0.990625	0.985
13	0.19444406032562256	0.9364446833729744	0.9925	0.98
14	0.19431293805440267	0.9450486879423261	0.993125	0.98
15	0.19401410222053528	0.79212824691087	0.994375	0.98
16	0.1935869385214413	0.6924058235250413	0.99625	0.98
17	0.19357764720916748	0.6025940105691552	0.99625	0.98
18	0.19320454095539294	0.5628492713347077	0.99625	0.985
19	0.19336721897125245	0.7265762332594022	0.99375	0.985
20	0.19310151963006883	0.5157704151049256	0.995625	0.985
21	0.1931915499947288	4.456176149566891	0.9875	0.965
22	0.19317828054013458	1.0727525405958296	0.990625	0.965
23	0.19289681315422058	0.6682575781643391	0.993125	0.98
24	0.19285428047180175	0.6797789130918681	0.99375	0.975
25	0.19259772850916937	0.559505631774664	0.995625	0.98
26	0.19276973053261084	0.48282503344118594	0.995625	0.98
27	0.19264498778751918	0.410378009788692	0.996875	0.98
28	0.192470435438485	0.3827290012128651	0.996875	0.98
29	0.1922336498896281	0.3324744944041595	0.995625	0.98
-1	-1	-1	-1	-1
0	0.23644542694091797	6.189513359069824	0.939375	0.935
1	0.21308422088623047	5.172988461107016	0.955	1.0
2	0.20357473691304526	1.974698268175125	0.985	0.995
3	0.19983768463134766	1.7385412435233594	0.9875	1.0
4	0.19724693298339843	1.3450596515089273	0.988125	1.0
5	0.19651007652282715	1.2239018794894219	0.990625	1.0
6	0.1952258859361921	1.7019347139447927	0.9875	1.0
7	0.19483166933059692	1.2485176626965404	0.98875	1.0
8	0.19379994604322645	1.48146849937737	0.988125	0.99
9	0.19295094013214112	1.2622327905148267	0.9925	1.0
10	0.19307192889126865	1.0926936211064457	0.9925	1.0
11	0.19280282656351724	1.515485290288925	0.989375	1.0
12	0.1931001039651724	3.1975654990226032	0.990625	0.96
13	0.19267502852848598	1.489407924041152	0.990625	1.0
14	0.1925673484802246	0.9970105932652951	0.98875	1.0
15	0.19240784645080566	0.7666496486589313	0.990625	1.0
16	0.19225318291608026	0.7721816451847553	0.993125	1.0
17	0.19212835364871556	0.6494035135023296	0.995	1.0
18	0.19208782597592003	0.5070971149206162	0.99625	1.0
19	0.19194836616516114	0.4270707112737	0.996875	1.0
20	0.19192000797816686	0.3816901628859341	0.996875	1.0
21	0.1917243328961459	0.3406796012073755	0.996875	1.0
22	0.1918804230897323	0.3967123646195978	0.99625	1.0
23	0.191719522078832	0.22758844377472998	0.998125	1.0
24	0.19181568145751954	0.3847075090394355	0.996875	1.0
25	0.1916705186550434	0.3483302514080424	0.99375	0.99
26	0.1916748152838813	1.6729371652548435	0.985	1.0
27	0.19170656374522618	0.6550660950690508	0.994375	1.0
28	0.19155952848237137	0.3305921217426658	0.996875	1.0
29	0.19167168935139975	0.26627223363146185	0.9975	1.0
-1	-1	-1	-1	-1
0	0.2917943000793457	5.674808114767075	0.950625	0.96
1	0.24210572242736816	4.3582519588759165	0.9775	0.99
2	0.22406609853108725	1.9192307482659816	0.98625	0.995
3	0.21490788459777832	1.6046374075114727	0.988125	0.97
4	0.2090217113494873	1.6565218361467122	0.986875	0.99
5	0.205489714940389	1.586035259719938	0.98625	0.98
6	0.20306798389979772	1.374373845309019	0.990625	0.965
7	0.2011321783065796	1.402177749797702	0.989375	0.99
8	0.19964130719502768	1.0241802099067718	0.989375	0.995
9	0.19842331409454345	1.1099975472688675	0.990625	1.0
10	0.1977081082083962	1.1755247908830642	0.990625	1.0
11	0.1967110832532247	0.9729920553788542	0.990625	0.985
12	0.19635928594149077	1.0290203409828245	0.990625	1.0
13	0.19577857426234654	0.7078329432895407	0.995	1.0
14	0.19526252746582032	0.5084183734282851	0.996875	1.0
15	0.1951000690460205	0.690289957895875	0.994375	0.975
16	0.1945475129520192	0.47262936462648214	0.99625	1.0
17	0.194354600376553	0.3725774434581399	0.99625	1.0
18	0.19394498122365852	0.33756079451690313	0.99625	1.0
19	0.19389405250549316	0.8284588326886296	0.9925	0.995
20	0.19355166526067824	0.46142773910425605	0.995625	1.0
21	0.19351118261163885	0.2178571238159202	0.998125	1.0
22	0.19318290378736414	0.21365026860090439	0.9975	1.0
23	0.19313212235768637	0.18609129670483526	0.9975	0.99
24	0.19294492721557618	0.3355453856237	0.9975	1.0
25	0.1928107738494873	0.24704339025425726	0.9975	1.0
26	0.19307720219647442	0.197708906524349	0.998125	1.0
27	0.1928114891052246	0.20459229832427808	0.996875	1.0
28	0.19242867108049064	0.09476787847903324	0.999375	1.0
29	0.19201566378275553	0.08475038815886364	0.999375	1.0
-1	-1	-1	-1	-1
0	0.257720947265625	6.536837705969811	0.92875	0.97
1	0.22416961193084717	4.17221698358655	0.97625	0.98
2	0.21268256505330405	1.891937261968851	0.98375	0.99
3	0.2049965262413025	1.6906090677529573	0.988125	0.98
4	0.2005934715270996	1.292589056380093	0.98875	0.99
5	0.19804787635803223	1.3840913037769496	0.986875	0.995
6	0.19702621868678502	1.3444372248277068	0.986875	0.98
7	0.19591864943504333	1.0780859240400604	0.993125	0.985
8	0.1951068772210015	1.3117296352237462	0.989375	0.99
9	0.194368577003479	1.654504204466939	0.989375	0.995
10	0.19374208016829056	1.104390343017876	0.98875	0.985
11	0.1931119759877523	0.9465791778732091	0.99125	0.995
12	0.1929796292231633	0.6824639680981636	0.995625	0.99
13	0.19206697600228445	0.6619153611315415	0.995	0.995
14	0.19214954376220703	0.48739340756088495	0.996875	0.99
15	0.19194473326206207	0.3660279075615108	0.9975	0.995
16	0.1922765619614545	0.29318545674905183	0.998125	0.995
17	0.1921389235390557	0.2399951639166102	0.998125	0.99
18	0.19211427788985402	0.4412650597910397	0.995	0.99
19	0.19201771020889283	0.6657967655221	0.99375	0.995
20	0.19194802783784412	0.5470556423440576	0.994375	0.99
21	0.19185508381236682	0.3028177926596254	0.9975	0.985
22	0.19186206485914148	0.1925238897325471	0.998125	0.99
23	0.19180343548456827	0.21256229640799573	0.9975	0.99
24	0.19184476852416993	0.14614866720628925	0.998125	0.99
25	0.19164506288675162	0.15044000952824718	0.998125	0.99
26	0.1918486577493173	0.09435085211080149	0.999375	0.99
27	0.19179572377886092	0.09647668050885841	0.99875	0.99
28	0.19185379455829488	0.08529835032510164	0.998125	0.99
29	0.191713285446167	0.09258357732348486	0.998125	0.99
-1	-1	-1	-1	-1
0	0.24036216735839844	10.707650201320648	0.82	0.955
1	0.2172682285308838	3.151551715862006	0.973125	0.98
2	0.20836909612019858	3.724751472324133	0.97625	0.98
3	0.2031998634338379	1.245880931392312	0.9925	0.985
4	0.20060930252075196	1.079253102093935	0.993125	0.98
5	0.19855844974517822	0.812061395123601	0.994375	0.98
6	0.1978321075439453	0.8617050338769332	0.993125	0.985
7	0.19666343927383423	0.9541629157029092	0.991875	0.99
8	0.19650771882798937	0.8554119376232847	0.993125	0.985
9	0.19579052925109863	0.5451043610274792	0.99625	0.985
10	0.1948117126118053	1.051584984869696	0.99125	0.985
11	0.19484696785608926	0.7607095715589821	0.993125	0.955
12	0.19422444930443397	1.254785302495584	0.9875	0.985
13	0.1943156889506749	0.7888379861600697	0.995	0.985
14	0.19381675720214844	0.5690487001091242	0.994375	0.985
15	0.19334031641483307	1.9989083396084606	0.995	0.985
16	0.19350290298461914	1.2229099207371474	0.9875	0.98
17	0.19321734375423855	1.0367747315298765	0.991875	0.98
18	0.19332066335176168	0.6639220560900867	0.99375	0.99
19	0.1931558609008789	0.40184484215453264	0.9975	0.985
20	0.19299801190694174	0.35204973494634034	0.996875	0.985
21	0.19276989590037952	0.327509540207684	0.996875	0.985
22	0.192859701488329	0.32227637454401703	0.9975	0.985
23	0.19286136825879416	0.25770855011418464	0.996875	0.985
24	0.1925234603881836	0.24787976667750627	0.9975	0.99
25	0.1926595797905555	0.16759550436632709	0.9975	0.985
26	0.19250621619047942	0.15362711858702824	0.99875	0.99
27	0.19265505245753697	0.12904593186220154	0.99875	0.985
28	0.19252397274148875	0.09314181347857811	0.99875	0.985
29	0.1925441265106201	0.14442179095814936	0.999375	0.985
-1	-1	-1	-1	-1
0	0.23277926445007324	5.471287664473056	0.951875	0.98
1	0.21236908435821533	3.768866494074464	0.971875	0.985
2	0.20337994893391928	1.6905855153501035	0.98625	0.985
3	0.2004135251045227	2.2918267896026374	0.990625	0.975
4	0.19771318435668944	2.3848187902569773	0.9825	0.985
5	0.1958073377609253	1.188249793574214	0.989375	0.99
6	0.19583685057503836	1.0358052936941384	0.991875	0.985
7	0.19469580054283142	1.006606146125123	0.9925	0.985
8	0.1949332290225559	1.1973606973513962	0.99125	0.98
9	0.19380874633789064	0.733230388648808	0.994375	0.985
10	0.19367540966380725	1.1039579186402262	0.990625	0.98
11	0.19326603412628174	0.910208316296339	0.994375	0.98
12	0.19322956525362456	0.7630462204106152	0.99375	0.98
13	0.1931638377053397	0.7260892074555159	0.993125	0.985
14	0.19272634188334148	0.5612028065603226	0.994375	0.975
15	0.19272784888744354	0.554784572632052	0.99625	0.985
16	0.1923498546375948	0.4870152223948389	0.995625	0.985
17	0.19212672445509169	0.35551893642172216	0.995625	0.98
18	0.1921812233171965	0.25205225877696646	0.998125	0.98
19	0.1920529007911682	0.31408810869790615	0.995625	0.985
20	0.19208451679774693	0.14752500437316485	0.99875	0.98
21	0.19213339415463535	0.6327768345185905	0.99	0.98
22	0.19200361293295157	0.2566560658975504	0.9975	0.98
23	0.1918693482875824	0.18297635661438108	0.998125	0.98
24	0.19184648513793945	0.1436292976050754	0.998125	0.985
25	0.19171747794518104	0.3344058207869239	0.995625	0.985
26	0.19175334329958316	0.1982772506668698	0.998125	0.985
27	0.19179113422121322	0.13697355533426162	0.998125	0.985
28	0.19167708528452906	0.13565945910275332	0.9975	0.985
29	0.19169962406158447	0.09047522447566735	0.99875	0.985
-1	-1	-1	-1	-1
0	0.3002912998199463	7.7005282664299015	0.88	0.965
1	0.24672281742095947	4.563402192220092	0.9625	0.975
2	0.22957746187845865	2.0290518638491633	0.985	0.99
3	0.2206592559814453	1.6507557157427073	0.986875	0.97
4	0.21541547775268555	4.2468679738044735	0.975	0.99
5	0.2111356258392334	1.3400288406014442	0.989375	0.985
6	0.20808100700378418	1.0970327940583229	0.99125	0.99
7	0.20548206567764282	0.8566749271005392	0.993125	0.98
8	0.20439336034986708	0.7331946638226509	0.99375	0.98
9	0.20303549766540527	1.1323221106780692	0.99125	0.985
10	0.20196697928688742	0.8667397946119308	0.99	0.985
11	0.2007580796877543	0.7561466604471206	0.993125	0.985
12	0.20033964743980995	0.9970950553379953	0.991875	0.99
13	0.19935057844434464	0.68745556935668	0.995625	0.99
14	0.1991048018137614	1.3065139418654144	0.989375	0.96
15	0.19849786162376404	0.8642656363034621	0.991875	0.975
16	0.19824043442221248	1.020342116120737	0.993125	0.985
17	0.198020339012146	0.5127843765169382	0.99375	0.995
18	0.19775041780973734	0.39067606812343003	0.996875	0.985
19	0.19745761156082153	0.40252322195097806	0.99625	0.985
20	0.1972887288956415	0.5166857296670787	0.994375	0.995
21	0.19682938402349298	0.45989837001543493	0.993125	0.995
22	0.19748342555502188	0.2719027172960341	0.998125	0.995
23	0.1970538298288981	0.2226806555967778	0.9975	0.995
24	0.19678823471069337	0.15300451921590139	0.998125	0.99
25	0.19650306151463434	0.14984330828359815	0.998125	0.99
26	0.19637518458896214	0.1285046430159491	0.998125	0.985
27	0.196106595652444	0.21302933545099223	0.996875	0.985
28	0.19597481037008352	0.4541612872859696	0.993125	0.985
29	0.19572073618570965	0.5725139718060381	0.995	0.99
30	0.1955462501895043	0.22421628014184536	0.998125	0.995
31	0.19532736390829086	0.12148125846986658	0.99875	0.99
32	0.195254795479052	0.08199003603425808	0.999375	0.99
33	0.19507446008570054	0.05829422237933613	0.999375	0.99
34	0.19513352939060757	0.04447975376271643	1.0	0.99
35	0.19488173060946995	0.037645452090073375	1.0	0.99
36	0.19478524697793498	0.035710000439039505	1.0	0.99
37	0.1945253485127499	0.024309889343385294	1.0	0.99
-1	-1	-1	-1	-1
0	0.23985505104064941	9.507705628871918	0.84	0.98
1	0.21532988548278809	4.424056153967976	0.96375	0.975
2	0.20479949315388998	1.9480418598651885	0.976875	0.985
3	0.19943958520889282	1.8208273914270103	0.988125	0.99
4	0.19749884605407714	1.3396260076761246	0.986875	0.99
5	0.19528027375539145	1.100025488883257	0.990625	0.99
6	0.19494591440473283	0.9621170005202293	0.99125	0.99
7	0.19376370310783386	3.574785378575325	0.9825	0.985
8	0.1928592258029514	1.7656180241703987	0.985625	0.99
9	0.19260573387145996	1.1397127730026841	0.991875	0.99
10	0.191915902224454	1.0727219310961664	0.9925	0.975
11	0.19163978099822998	1.4694575269520282	0.986875	0.99
12	0.19268494385939378	0.8374636894464493	0.994375	0.99
13	0.19237300327845983	0.8619725948059931	0.991875	0.99
14	0.19206422170003254	1.287379415850155	0.993125	0.965
15	0.19171050190925598	2.267556163808331	0.98375	0.985
16	0.19174588427824132	0.8675943539850414	0.993125	0.99
17	0.19147951073116726	0.5201117069087923	0.99625	0.99
18	0.19120925351193077	0.37567576830042526	0.996875	0.99
19	0.19082649946212768	0.37097158753313125	0.99625	0.99
20	0.1907187302907308	0.4417177394963801	0.99625	0.99
21	0.19070859388871628	0.35987449520500375	0.99625	0.99
22	0.1904379699541175	0.2652052395418286	0.996875	0.99
23	0.19051937262217203	0.16826340138970408	0.998125	0.98
24	0.19028646469116212	0.31051749759266384	0.9975	0.99
25	0.1901768262569721	0.15346766295464476	0.99875	0.99
26	0.19010231229994032	0.22815340538771126	0.9975	0.99
27	0.18989557027816772	0.12937763564055785	0.998125	0.99
28	0.19006528525516905	0.08714220769252279	0.999375	0.99
29	0.18994925816853842	0.12635397974325316	0.999375	0.99
-1	-1	-1	-1	-1
0	0.24313092231750488	5.485000145435333	0.948125	0.945
1	0.21702289581298828	5.006582220494747	0.968125	0.98
2	0.20618637402852377	2.0084555412456395	0.984375	1.0
3	0.20197123289108276	1.6026854166388511	0.988125	0.975
4	0.19900426864624024	1.3423142451047898	0.98625	0.995
5	0.19984161853790283	1.2227701235562562	0.98875	0.945
6	0.19797853061131068	1.301927333176136	0.990625	0.975
7	0.1964120864868164	1.5143778329901396	0.98875	0.995
8	0.19585789574517143	1.1389797093719245	0.990625	0.985
9	0.19482452869415284	0.9134226169064641	0.9925	0.99
10	0.19407681985334915	0.6695337672159076	0.995625	0.995
11	0.19358766078948975	0.6706462873518467	0.995625	0.985
12	0.19308026020343488	15.169907936155797	0.985625	0.98
13	0.19256186485290527	1.2847499254345893	0.989375	0.99
14	0.19205729166666666	1.4007515408843756	0.986875	0.995
15	0.19203369319438934	0.7897208930552005	0.994375	1.0
16	0.191664317074944	0.7692477271333337	0.994375	1.0
17	0.19121187263064915	0.6400472696498036	0.99625	1.0
18	0.19121476223594264	0.5514453493803739	0.99625	1.0
19	0.19064174890518187	0.5222778666391968	0.996875	1.0
20	0.19063907577877953	0.49214113149791955	0.9975	1.0
21	0.19070161472667346	0.4907969554327428	0.996875	0.995
22	0.19056728611821713	0.47764196392148733	0.996875	1.0
23	0.19074963529904684	0.47628477919846773	0.9975	0.995
24	0.1906474018096924	0.4571822436992079	0.996875	1.0
25	0.19089946380028358	0.4077074894309044	0.9975	1.0
26	0.1907494862874349	0.37550776917487383	0.9975	1.0
27	0.19087040424346924	0.3548616031557322	0.9975	1.0
28	0.19080529541804872	0.3498236471414566	0.9975	1.0
29	0.19093269507090252	0.33141559356823563	0.9975	1.0
-1	-1	-1	-1	-1
0	0.30383992195129395	5.662394550442696	0.95125	0.96
1	0.24945998191833496	4.163421064764261	0.96875	0.97
2	0.22847867012023926	1.239511730670929	0.99125	0.97
3	0.22028017044067383	1.2682062926143407	0.990625	0.965
4	0.2139902114868164	0.947475235760212	0.991875	0.97
5	0.21095526218414307	1.2948055861145258	0.991875	0.97
6	0.2084545067378453	0.9322853687033057	0.9925	0.975
7	0.20612221956253052	1.459143381714821	0.990625	0.97
8	0.20455895529852974	0.9322906208597124	0.9925	0.965
9	0.20284273624420165	0.8595974927023053	0.994375	0.97
10	0.20199168812144885	5.430606922665611	0.989375	0.95
11	0.2003286878267924	1.7738389290869236	0.985	0.965
12	0.19909431384159967	0.8862602668255568	0.994375	0.965
13	0.19874310493469238	0.6429033952206373	0.996875	0.965
14	0.1979886531829834	0.723999695777893	0.995625	0.965
15	0.19774608314037323	0.6319190264679492	0.995	0.97
16	0.19712641659904928	0.4694288505613804	0.996875	0.965
17	0.19687312179141575	0.4446296122483909	0.996875	0.965
18	0.19641964059127004	0.3869508734717965	0.9975	0.965
19	0.19610062837600709	0.3446815701574087	0.996875	0.965
20	0.19585730915977842	0.40211167763918637	0.996875	0.96
21	0.19570220600474963	0.37637164272367957	0.99625	0.965
22	0.19535723976466968	0.29105384232476356	0.998125	0.965
23	0.19466192523638406	0.30890564383007585	0.998125	0.965
24	0.19419314384460448	0.28366037728264926	0.998125	0.965
25	0.19412882511432356	0.26363731037825344	0.998125	0.965
26	0.19404065167462384	0.2147734370129183	0.998125	0.965
27	0.19411540031433105	0.2026861962606199	0.99875	0.965
28	0.19425789241133065	0.18238648493308574	0.998125	0.965
29	0.1942473332087199	0.1720353927637916	0.998125	0.965
-1	-1	-1	-1	-1
0	0.23996710777282715	6.1264979392290115	0.945625	0.95
1	0.21654725074768066	4.2234803295438175	0.965	0.885
2	0.20701471964518228	2.684337863922119	0.979375	0.995
3	0.20266962051391602	1.3343385235220193	0.988125	1.0
4	0.20072488784790038	1.1495445904880761	0.993125	1.0
5	0.19975411891937256	0.9469832363724708	0.993125	1.0
6	0.1984442642756871	1.5087961189076304	0.989375	0.985
7	0.1975763440132141	1.4235883878543973	0.9875	1.0
8	0.19630604320102268	1.4490912605635822	0.99	1.0
9	0.19569542407989501	0.9906104501336813	0.991875	0.985
10	0.19496401873501865	0.9622064087539911	0.99125	1.0
11	0.19416926304499307	0.8028817684948444	0.994375	1.0
12	0.1939535874586839	0.7258809353411197	0.99375	1.0
13	0.19343900680541992	0.7399661953374743	0.99125	1.0
14	0.19297223091125487	1.5047739821940196	0.99	1.0
15	0.19291970133781433	0.5895753337908536	0.99625	1.0
16	0.19256757287418141	0.7905728644877672	0.99375	1.0
17	0.1928077671262953	0.46145875042304396	0.99625	1.0
18	0.19261119240208677	0.3650214165728539	0.996875	1.0
19	0.1926053524017334	0.28834240840747954	0.9975	1.0
20	0.19252434230986096	0.28118763661244883	0.998125	1.0
21	0.19241389361294833	0.22079787955153735	0.998125	0.995
22	0.19240027925242548	0.14909296340832953	0.998125	0.99
23	0.1922887166341146	1.0410459945967887	0.99375	0.995
24	0.19220569610595703	0.449317446667701	0.995	0.99
25	0.19224137526292068	0.273593856128864	0.996875	0.995
26	0.1921522264127378	0.2719176810758654	0.996875	0.995
27	0.19209435156413487	0.19796730092493817	0.998125	0.995
28	0.1920310957678433	0.07393840318145521	0.999375	0.995
29	0.19198569456736247	0.05433664213036536	0.999375	0.995
-1	-1	-1	-1	-1
0	0.23666071891784668	6.131068623065948	0.920625	0.98
1	0.21531176567077637	4.25254389770329	0.975625	0.98
2	0.2057813803354899	1.6348126292973757	0.989375	0.985
3	0.20206910371780396	1.4368017627298832	0.989375	0.985
4	0.19898614883422852	1.3163624474406241	0.990625	0.99
5	0.19805602232615152	1.1973816638067365	0.991875	0.985
6	0.19626995495387486	1.116644126002211	0.990625	0.985
7	0.19587084650993347	0.908742934530601	0.9925	0.98
8	0.19478101200527614	1.3876377480104565	0.988125	0.99
9	0.19477498531341553	0.7708675544708967	0.995	0.985
10	0.19404344125227493	0.7847212954051792	0.993125	0.985
11	0.19390573104222616	0.8921802597306668	0.99375	0.965
12	0.19384253942049468	1.1374108481034637	0.994375	0.985
13	0.19347175530024938	0.7311149391531945	0.995	0.985
14	0.19362594286600748	0.7520403543906287	0.994375	0.985
15	0.19330351054668427	0.5133522658795119	0.995	0.985
16	0.1932978489819695	0.35066716630011796	0.996875	0.985
17	0.19339999887678358	0.708513410021551	0.994375	0.98
18	0.19325183567247892	0.9428396243974566	0.99375	0.985
19	0.19328867197036742	0.3568181542120874	0.9975	0.985
20	0.1930239995320638	0.3583341594738886	0.9975	0.985
21	0.19307962330904874	0.29026650191284714	0.996875	0.985
22	0.1931236930515455	0.16957464322680607	0.99875	0.985
23	0.1930126448472341	0.1880844791047275	0.99875	0.985
24	0.19304301261901854	0.37190799459349366	0.99625	0.985
25	0.19282373098226693	0.1614570813369937	0.99875	0.985
26	0.1928472430617721	0.11035414358135313	0.998125	0.985
27	0.19267891134534562	0.07837933165137656	0.99875	0.985
28	0.1927114355153051	0.09632815113465767	0.998125	0.985
29	0.19249583880106608	0.058738304198923286	0.99875	0.985
-1	-1	-1	-1	-1
0	0.24289202690124512	5.627407438755036	0.9475	0.94
1	0.21823477745056152	4.240486411601305	0.97625	0.99
2	0.21013569831848145	1.5863232439011334	0.986875	0.99
3	0.20474117994308472	1.1893652740865945	0.99125	0.99
4	0.2023554801940918	1.1643669470399618	0.991875	0.99
5	0.1999326546986898	0.9001493201963604	0.993125	0.99
6	0.19883343151637486	1.1381528086680919	0.9925	0.96
7	0.1976865530014038	1.4677102951146663	0.98875	0.99
8	0.19712183210584852	0.8218818344175816	0.9925	0.99
9	0.19666190147399903	0.9483365178480745	0.9925	0.995
10	0.19577971371737393	0.7604504274204373	0.993125	0.985
11	0.19568121433258057	0.5606901431828737	0.995	0.99
12	0.1952362794142503	0.37710265097208323	0.9975	0.995
13	0.1945857150214059	0.62819037896581	0.994375	0.99
14	0.19447412490844726	0.6656947619654239	0.993125	0.97
15	0.19401326775550842	0.4162951235007495	0.995625	1.0
16	0.19402230487150304	0.39751093197613957	0.995625	0.98
17	0.19368158446417916	0.4332166700391099	0.995625	1.0
18	0.1937460648386102	0.26701351430732756	0.998125	0.995
19	0.1934680461883545	0.6670320980268297	0.99375	0.985
20	0.19313230968656994	0.5889682154543698	0.99125	0.99
21	0.19305773214860397	0.33798736821394415	0.9975	0.99
22	0.19284486770629883	0.2143148252321407	0.998125	0.995
23	0.192872683207194	0.15157296679913998	0.9975	0.995
24	0.1928146457672119	0.12261142200790345	0.998125	0.995
25	0.19263132718893197	0.10469100160873496	0.998125	0.99
26	0.19280761259573478	0.08312525810848456	0.998125	0.995
27	0.1926446557044983	0.07576947070017923	0.999375	0.995
28	0.19279344328518572	0.07128541563804902	0.99875	0.99
29	0.19258848031361897	0.0663254257162771	0.999375	0.995
30	0.19303091879813902	0.0543059516978974	0.999375	0.99
31	0.192936509847641	0.0754265041227336	0.99875	0.99
32	0.1928663615024451	0.048024734287610046	0.999375	0.99
33	0.1928322665831622	0.04615090964500269	0.99875	0.995
34	0.19266688483101982	0.04639514471629809	0.99875	0.995
35	0.192757162782881	0.04502943879655504	0.999375	0.995
-1	-1	-1	-1	-1
0	0.3003549575805664	5.935588001012802	0.943125	0.94
1	0.2462671995162964	5.325355452978983	0.974375	0.975
2	0.22918232282002768	1.5782765121757985	0.989375	0.98
3	0.22013598680496216	1.0537994522601366	0.993125	0.98
4	0.21504635810852052	1.133392998818308	0.990625	0.975
5	0.21145025889078775	1.099602924697101	0.990625	0.985
6	0.20886598314557756	1.5279635130707174	0.985	0.98
7	0.2074851095676422	1.0869204518385231	0.993125	0.96
8	0.20598512225680882	1.1643852430209518	0.991875	0.945
9	0.2049375057220459	1.6279837846755982	0.986875	0.985
10	0.2040216706015847	0.7432715584337711	0.995	0.985
11	0.2032409111658732	0.7141803649161012	0.994375	0.985
12	0.2028194757608267	0.5162754133157432	0.99625	0.985
13	0.2023097276687622	0.5743003129027784	0.994375	0.985
14	0.20207805633544923	0.4309044125303626	0.9975	0.985
15	0.20152652263641357	0.346887118127197	0.998125	0.985
16	0.2010483321021585	0.4681456028483808	0.996875	0.985
17	0.20062583022647434	0.4571683568134904	0.998125	0.985
18	0.2002381776508532	0.4252152031240985	0.996875	0.985
19	0.19999638795852662	0.3930841353361029	0.998125	0.985
20	0.19976636341639928	0.25721619368065146	0.998125	0.985
21	0.1996340968392112	0.2735529433377087	0.9975	0.985
22	0.19939039064490277	0.24102520359330812	0.995625	0.985
23	0.1991685132185618	0.42387560254777784	0.996875	0.985
24	0.19891732215881347	0.9350674364622682	0.9925	0.985
25	0.1987222983286931	0.929988245293498	0.995	0.985
26	0.19864732247811775	0.311244192905724	0.996875	0.985
27	0.19846952813012259	0.23665128918364645	0.998125	0.985
28	0.19833347715180497	0.2105035541485995	0.998125	0.985
29	0.1981329600016276	0.22020302870078012	0.9975	0.985
-1	-1	-1	-1	-1
0	0.24267077445983887	5.072162204384804	0.951875	0.91
1	0.21731603145599365	6.680327600054443	0.953125	0.985
2	0.2092881997426351	2.503207443058491	0.9825	0.975
3	0.20465350151062012	2.117536633312702	0.98625	0.985
4	0.20283427238464355	1.3074442341923713	0.99	0.99
5	0.2013241449991862	1.0659970193356276	0.990625	0.985
6	0.19982481002807617	1.3977887365221977	0.99125	0.985
7	0.19866594672203064	1.583629813939333	0.986875	0.99
8	0.19778021176656088	1.158555044233799	0.99	0.99
9	0.19705207347869874	0.9955279896594584	0.993125	0.99
10	0.19660652767528186	0.7932321283593774	0.9925	0.99
11	0.19635123014450073	1.3808516382612288	0.993125	0.985
12	0.1960469759427584	1.0756665013730526	0.991875	0.985
13	0.19586898599352157	0.764135032966733	0.994375	0.99
14	0.19567791620890299	0.8502967330254614	0.994375	0.99
15	0.1952437460422516	0.6257866244018078	0.99625	0.99
16	0.19491955813239603	0.5458895955933258	0.99625	0.99
17	0.19452896383073595	0.49682574525475504	0.99625	0.99
18	0.19425097264741598	0.3916910600778647	0.99625	0.99
19	0.19397215843200682	0.7955692331865429	0.9925	0.985
20	0.193652834211077	0.456805666256696	0.99625	0.99
21	0.1935257153077559	0.3907169075496495	0.996875	0.99
22	0.19339063893193784	0.42408493770984934	0.995625	0.99
23	0.19337805112202963	0.46438830578234047	0.995625	0.98
24	0.1934121799468994	0.40056492877425626	0.996875	0.99
25	0.19339116720052865	0.256121980373282	0.9975	0.99
26	0.19347706547489874	0.28972583478782327	0.996875	0.99
27	0.1934511661529541	0.21180812103906646	0.9975	0.99
28	0.19353241756044584	0.12734900839976035	0.99875	0.995
29	0.19352939128875732	0.21320755568391178	0.996875	0.995
30	0.1935388042080787	0.20852914976683679	0.998125	0.99
31	0.1934785097837448	0.16783792455971708	0.998125	0.99
32	0.19348119966911548	0.1434135930595221	0.9975	0.99
33	0.1934717332615572	0.12340428769239224	0.998125	0.99
34	0.1933905873979841	0.1148749564665195	0.99875	0.99
35	0.19336953428056505	0.0739139524634811	0.999375	0.995
36	0.19338766304222313	0.10326528686367965	0.99875	0.985
37	0.1933717413952476	0.08167088835696631	0.99875	0.985
38	0.1933741936316857	0.18566763816878848	0.998125	0.99
39	0.19341881275177003	0.11895250327303074	0.998125	0.99
40	0.1934203985260754	0.09088942880051036	0.998125	0.99
41	0.19341967219398135	0.05744660147240154	0.999375	0.99
42	0.19341223738914312	0.07729120241609053	0.99875	0.99
43	0.193432249806144	0.05141765854181358	0.999375	0.99
44	0.1934201028611925	0.07547188245358484	0.99875	0.985
45	0.19342292910036835	0.06686828805047298	0.999375	0.99
46	0.19341314092595527	0.07923651316759787	0.998125	0.99
47	0.19344800213972727	0.08683583827386428	0.998125	0.985
48	0.1934910453095728	0.05576113275114949	0.99875	0.99
-1	-1	-1	-1	-1
0	0.2411332130432129	6.496566264629364	0.935625	0.915
1	0.21704304218292236	4.7399310487508775	0.9675	1.0
2	0.2092707951863607	2.015566378310323	0.985625	0.995
3	0.20534032583236694	2.28658047311008	0.984375	0.99
4	0.20310425758361816	1.7835684606432916	0.985625	1.0
5	0.20123608907063803	1.306395040359348	0.9875	1.0
6	0.20005031994410924	1.1959416796267033	0.989375	0.995
7	0.19956132769584656	0.9084170101583005	0.991875	0.995
8	0.19898438453674316	8.873318638843193	0.975625	0.935
9	0.1986860990524292	4.972199959158897	0.959375	0.995
10	0.1982158747586337	1.624525731652975	0.986875	0.995
11	0.19795680046081543	1.2797989125549794	0.99	0.995
12	0.19771907879756048	1.1142683798074722	0.991875	0.995
13	0.19736640793936594	1.1986010662466287	0.990625	0.995
14	0.19709612528483073	1.1208273901417851	0.989375	0.995
15	0.19684842228889465	0.9807912821695208	0.9925	1.0
16	0.1965776331284467	0.8651111590117216	0.993125	1.0
17	0.1962559355629815	0.8940460614487529	0.993125	0.995
18	0.1960071513527318	0.7829154026322067	0.99375	1.0
19	0.1957699775695801	0.6941484937816859	0.994375	1.0
20	0.19554934047517322	0.7082260831259191	0.99375	1.0
21	0.19542899998751553	0.6537865061685443	0.99375	0.995
22	0.19525284352509872	0.5807575446739793	0.995625	1.0
23	0.19507952531178793	0.5286773058585823	0.995625	0.995
24	0.19495850563049316	0.5116326674260199	0.995625	0.99
25	0.19486498832702637	0.5231883921474219	0.996875	0.99
26	0.19488168645788123	0.4934411919442937	0.99625	0.995
27	0.19491418770381383	0.538401965778321	0.99375	0.99
28	0.19497798229085989	0.4236894954741001	0.996875	0.99
29	0.19494895935058593	0.40189287984743716	0.99625	0.985
-1	-1	-1	-1	-1
0	0.24487614631652832	8.937611552476882	0.861875	0.975
1	0.21727824211120605	3.9415289402008056	0.96875	0.99
2	0.20841224988301596	2.1399973373487593	0.98	0.985
3	0.21204912662506104	1.6771405117213727	0.98625	0.99
4	0.2084888458251953	1.2847324135899543	0.98875	0.985
5	0.205094575881958	1.4715379715431482	0.985625	0.98
6	0.2034146445138114	1.255079908594489	0.99125	0.99
7	0.2015623152256012	0.9670908426493406	0.99125	0.99
8	0.2010984950595432	0.9294546594191343	0.993125	0.995
9	0.2004185914993286	1.9310351609392091	0.99	0.975
10	0.19944685155695135	1.3537155798636378	0.989375	0.985
11	0.1987950007120768	2.4002040709927677	0.9925	0.985
12	0.19795898290780875	1.3218587824143468	0.98875	0.985
13	0.19780257769993373	1.927535768505186	0.9875	0.985
14	0.19683308601379396	0.9700457217078656	0.991875	0.995
15	0.19654658436775208	0.7432842830941081	0.993125	0.99
16	0.19614222470451803	0.627394066825509	0.99375	0.995
17	0.19579874144660103	0.5011892021819949	0.994375	0.985
18	0.19555943890621788	0.6966985062509775	0.993125	0.995
19	0.19531086683273316	0.6467160501331091	0.991875	0.995
20	0.19504804838271367	0.5167422314174474	0.99625	0.995
21	0.19494498859752307	0.4345675041223876	0.995625	0.995
22	0.19458219279413638	0.3624734872742556	0.99625	0.995
23	0.19457462430000305	0.29995009078644214	0.995625	0.995
24	0.19428669929504394	0.23145182153675706	0.998125	0.995
25	0.1941889891257653	0.17970380055252463	0.998125	0.995
26	0.19404853714836967	0.17962487840675748	0.998125	0.995
27	0.19393335921423777	0.17145568021049257	0.99875	0.995
28	0.19379050156165814	0.19345795010391156	0.998125	0.995
29	0.19373042583465577	0.19733493151696166	0.9975	0.995
-1	-1	-1	-1	-1
0	0.23975324630737305	5.838805714845657	0.945625	0.935
1	0.2160024642944336	3.710211345255375	0.970625	0.99
2	0.20573298136393228	5.011306879892945	0.986875	0.985
3	0.20184838771820068	1.6079995831847191	0.990625	0.985
4	0.19839906692504883	1.2411994793638588	0.991875	0.985
5	0.19721508026123047	1.3389341362193228	0.989375	0.99
6	0.19587997027805873	1.173030533976853	0.99125	0.995
7	0.19492852687835693	1.677357600107789	0.9875	0.975
8	0.19445708062913683	1.7126460069417953	0.985625	0.99
9	0.1935105562210083	6.991574885398149	0.979375	0.99
10	0.1935154524716464	1.1885025458782912	0.99	0.995
11	0.19310355186462402	0.873087037615478	0.991875	0.99
12	0.19242108785189116	0.7417513869330287	0.995	0.995
13	0.19256227357046946	0.7664935161173344	0.99375	0.995
14	0.19287716547648112	0.6884097616374493	0.994375	0.99
15	0.19221004843711853	0.6877639719471336	0.994375	0.995
16	0.1923210901372573	0.7015258023701608	0.995	0.99
17	0.1920610268910726	0.6834177782200277	0.99375	0.99
18	0.19221535481904684	0.709003561460413	0.99375	0.99
19	0.19198917150497435	0.5395009156595916	0.995	0.99
20	0.19211711202348983	0.38783808443695306	0.996875	0.99
21	0.1919089989228682	0.5092294631758705	0.99625	0.99
22	0.19199275970458984	0.4107174946926534	0.99625	0.98
23	0.19186657667160034	0.40146577375009657	0.996875	0.99
24	0.1918808650970459	0.3271990917995572	0.996875	0.99
25	0.19184440832871658	0.2797210480552167	0.9975	0.99
26	0.1916634683255796	0.23588466925080864	0.9975	0.99
27	0.19167934145246232	0.36147436022758483	0.99625	0.99
28	0.19150266154059048	0.2062737942673266	0.996875	0.99
29	0.19159359931945802	0.17866797572467477	0.998125	0.99
-1	-1	-1	-1	-1
0	0.24134564399719238	5.312160700559616	0.948125	0.98
1	0.21612370014190674	4.021429261788726	0.971875	0.995
2	0.20670111974080405	3.106045242249966	0.9825	0.99
3	0.20399868488311768	1.8016634043306112	0.981875	0.995
4	0.20219097137451172	1.3004439109563828	0.988125	0.995
5	0.20068323612213135	1.034216437973082	0.99	0.995
6	0.19924678121294295	1.294896671269089	0.989375	0.995
7	0.19774246215820312	0.817216224167496	0.99375	0.995
8	0.1972717179192437	0.6649411472119391	0.995625	0.995
9	0.19635469913482667	1.2004650943353772	0.9875	0.995
10	0.19634858044711026	1.5082458420097828	0.985625	0.995
11	0.19574600458145142	0.8085818464122713	0.9925	0.995
12	0.195843531535222	0.8521625126339495	0.9925	0.995
13	0.19532016345432826	0.5032849106844515	0.99625	0.995
14	0.19519794782002767	0.46722261160612105	0.99375	0.995
15	0.1950194388628006	0.5444738413766026	0.99375	0.995
16	0.1947326940648696	0.7046255421848037	0.99375	0.995
17	0.194744520717197	0.5010263862740248	0.99625	0.995
18	0.19440692349484093	0.42153486314229666	0.994375	0.985
19	0.1944116473197937	0.28040694338269534	0.996875	0.995
20	0.19419614473978677	0.33131148923188447	0.995625	0.99
21	0.19401260939511386	0.2679081725422293	0.9975	0.995
22	0.19402555797411047	0.19449498529545964	0.9975	0.995
23	0.19380709528923035	0.17862245086173062	0.998125	0.99
24	0.19392640113830567	0.14885342150882935	0.998125	0.995
25	0.19371147339160627	0.14594294055073986	0.99875	0.99
26	0.19373623530069986	0.10575425754665048	0.99875	0.995
27	0.19380065373011998	0.08759775758564502	0.999375	0.995
28	0.19381068492757864	0.16292672867522925	0.996875	0.995
29	0.1935286521911621	0.4598142601174186	0.995625	0.99
-1	-1	-1	-1	-1
0	0.23977947235107422	5.661065174341202	0.940625	0.98
1	0.21466171741485596	5.322640827465802	0.974375	0.99
2	0.20398362477620444	1.8667783412337302	0.985	0.995
3	0.20031654834747314	1.4459865874052047	0.989375	0.985
4	0.19696593284606934	1.2963915139436721	0.98875	0.99
5	0.1947559118270874	1.1133523915521801	0.990625	0.995
6	0.19310178075517928	2.1281014476681595	0.979375	0.985
7	0.1920686960220337	1.7507205638289451	0.98625	0.97
8	0.19098205036587185	1.3092618536949159	0.98625	0.995
9	0.19044687747955322	1.0439982141554356	0.9925	0.99
10	0.1899111054160378	0.6877899291366338	0.995	0.995
11	0.19152317444483438	0.5721030915528535	0.994375	0.995
12	0.19177869650033805	0.49717588083818554	0.996875	0.995
13	0.19168799264090403	0.5660433304682374	0.993125	0.995
14	0.19176548322041828	0.8005677527561784	0.995	0.995
15	0.19168898463249207	0.6336158252321183	0.994375	0.995
16	0.191389658871819	0.5046466327039525	0.99625	0.995
17	0.1914929019080268	0.5025475936662406	0.99625	0.995
18	0.1915319467845716	0.3931878516916186	0.9975	0.995
19	0.1916953444480896	0.7544991399638821	0.993125	0.995
20	0.19142169044131324	0.5134249443374574	0.995625	0.995
21	0.1915445327758789	0.3119101203884929	0.998125	0.995
22	0.19146271373914636	0.2478310664393939	0.998125	0.995
23	0.19155728816986084	0.24688908555312084	0.998125	0.995
24	0.19145716667175294	0.1939178687869571	0.998125	0.995
25	0.19142074768359846	0.1433897795647499	0.99875	0.995
26	0.1915223510177047	0.18201365476008505	0.9975	0.995
27	0.19130740846906388	0.16167621583794245	0.99875	0.995
28	0.19131949852252828	0.2579868827370228	0.995625	0.995
29	0.19138383865356445	0.16292680006386945	0.99875	0.995
-1	-1	-1	-1	-1
0	0.24294447898864746	6.9121757787466045	0.92	0.98
1	0.21582090854644775	4.082095684111119	0.975	0.965
2	0.20781230926513672	1.7881861075013876	0.99	0.97
3	0.20315635204315186	2.238396633118391	0.983125	0.975
4	0.19985008239746094	1.32894553091377	0.99125	0.985
5	0.19726606210072836	1.246348060965538	0.99	0.98
6	0.1968644687107631	6.556873579099775	0.985625	0.95
7	0.1963467001914978	1.6416789476573468	0.990625	0.97
8	0.19525726636250815	1.339761401489377	0.9875	0.965
9	0.19475820064544677	1.613086936697364	0.989375	0.98
10	0.1938810565254905	0.8992173265013844	0.994375	0.975
11	0.19323412577311197	0.7267756744474173	0.995	0.99
12	0.19296554418710563	0.6317012622207403	0.996875	0.98
13	0.19286039897373744	0.63583436248824	0.99625	0.98
14	0.19272721608479818	0.5874492302164436	0.995	0.96
15	0.1923849880695343	0.7709525734744966	0.9925	0.97
16	0.19235765232759364	0.920473371502012	0.991875	0.98
17	0.19238686561584473	0.6398778234422207	0.995	0.985
18	0.19252920150756836	0.4725358859915286	0.996875	0.975
19	0.19263778924942015	0.45944321298971774	0.996875	0.985
20	0.19269159861973353	0.4921055259183049	0.99625	0.98
21	0.19285145672884854	0.4118824831489474	0.996875	0.985
22	0.19272912066915762	0.3723621675837785	0.996875	0.985
23	0.19284539421399435	0.3960984512325376	0.995625	0.985
24	0.19284622192382814	0.48242257012519985	0.994375	0.96
25	0.19281425842872033	0.9180188686773181	0.993125	0.985
26	0.1929680418085169	0.37913848450407384	0.996875	0.995
27	0.19298854896000453	0.320589390732348	0.996875	0.985
28	0.19301702236307078	0.2744531344762072	0.9975	0.985
29	0.19305261770884197	0.2787114838324487	0.996875	0.995
30	0.19315193545433781	0.23937106400262564	0.996875	0.99
31	0.193193718791008	0.2205064656387549	0.9975	0.99
32	0.19318402897227893	0.22215940250083804	0.9975	0.99
33	0.19330626375534954	0.24148397908080368	0.996875	0.985
34	0.19326276779174806	0.19136165777686984	0.998125	0.985
35	0.19319162766138712	0.1992854840977816	0.99875	0.985
36	0.19309131519214526	0.1714045727532357	0.99875	0.985
37	0.193109625264218	0.21274599396681879	0.99625	0.985
38	0.1929941055102226	0.1681521756830625	0.9975	0.985
39	0.19266560673713684	0.15062182735884563	0.998125	0.985
40	0.19234925944630693	0.15528850341273936	0.998125	0.985
41	0.19234305904025123	0.1446136283595115	0.998125	0.985
42	0.19205196513686068	0.12822223885974382	0.99875	0.985
43	0.19202224232933737	0.12317275560904818	0.99875	0.99
44	0.191993957095676	0.11765137145805056	0.99875	0.99
45	0.1919160511182702	0.1275496951979585	0.99875	0.985
46	0.1919066550883841	0.09255474085584865	0.99875	0.985
-1	-1	-1	-1	-1
0	0.236785888671875	5.494293746352196	0.955	0.965
1	0.21169579029083252	5.346033381521702	0.955625	0.99
2	0.20141847928365073	1.6298021657764912	0.99	0.99
3	0.195992112159729	1.152641395330429	0.990625	0.99
4	0.19304361343383789	1.1140984793007374	0.9925	0.99
5	0.1916040579477946	1.0485473597049713	0.99375	0.99
6	0.1914569650377546	0.6869481068849563	0.99625	0.99
7	0.19078025221824646	0.966173421102576	0.9925	0.985
8	0.18966513209872776	1.4013644358143211	0.984375	0.99
9	0.18955202102661134	0.6406920778378844	0.99625	0.985
10	0.18900951472195712	1.492054259032011	0.99375	0.99
11	0.1882722775141398	0.9055371657013893	0.995	0.99
12	0.187758574118981	0.7680886683054269	0.99375	0.99
13	0.18717479705810547	0.6081288393959403	0.995	0.99
14	0.18682165145874025	0.5670343305543065	0.994375	0.99
15	0.1867995411157608	0.5309121379163116	0.995	0.995
16	0.1869516372680664	0.531110571809113	0.995625	0.99
17	0.186893900235494	0.3364568142592907	0.996875	0.99
18	0.18677668822439095	0.38375486151315275	0.99625	0.99
19	0.18695640563964844	0.28991201321128757	0.9975	0.99
20	0.18683686710539318	0.3877970261126757	0.9975	0.99
21	0.1869354248046875	0.22709408594528213	0.998125	0.99
22	0.186660331228505	0.2269097180245444	0.9975	0.99
23	0.18642359972000122	0.14757351852138526	0.99875	0.99
24	0.18635139465332032	0.12005981924769003	0.99875	0.99
25	0.1861210694679847	0.11261691397812683	0.998125	0.99
26	0.18609726870501483	0.12001410897845745	0.99875	0.99
27	0.18631099803107126	0.12980209808942164	0.998125	0.99
28	0.18654146687737827	0.09154259916511365	0.998125	0.99
29	0.18660439650217692	0.08447545323793747	0.99875	0.99
30	0.18675238855423465	0.09592096436226712	0.99875	0.99
31	0.187007836997509	0.03311401624130667	1.0	0.99
32	0.18702699198867334	0.018004015748608708	1.0	0.99
33	0.18689469730152802	0.1862570888654045	0.9975	0.99
34	0.18700555392674037	0.7129426896169753	0.993125	0.99
35	0.18699671824773154	0.45112201246316547	0.99625	0.99
-1	-1	-1	-1	-1
0	0.2358076572418213	5.695578395426273	0.955	0.96
1	0.21184611320495605	3.630480204820633	0.978125	0.96
2	0.20247348149617514	1.8282701236009598	0.99125	0.975
3	0.1982196569442749	1.4870289462059736	0.988125	0.98
4	0.19623546600341796	1.1071582905948163	0.9925	0.975
5	0.19522825876871744	1.9346383935585618	0.986875	0.98
6	0.19487701143537248	1.4664540127664805	0.9875	0.98
7	0.19403177499771118	1.266616084203124	0.99	0.97
8	0.19371093644036186	0.8259527403488756	0.994375	0.985
9	0.19299957752227784	1.2326249755360186	0.993125	0.98
10	0.1929173252799294	0.6656390410009771	0.994375	0.955
11	0.19255099693934122	0.6065603311732412	0.995	0.98
12	0.19250904596768892	0.5792313674464822	0.99375	0.985
13	0.192234924861363	0.6390970285795629	0.995	0.975
14	0.19154879252115886	0.6960743537731469	0.993125	0.98
15	0.19083064794540405	1.2295109313214199	0.994375	0.985
16	0.19034272081711712	0.9192499651107937	0.991875	0.975
17	0.18980096446143258	0.6915906517580152	0.996875	0.975
18	0.18938380793521278	0.5049816532852128	0.995625	0.96
19	0.18905937671661377	0.3843006967101246	0.996875	0.98
20	0.18871266501290457	0.21995997158810496	0.998125	0.98
21	0.18835115432739258	0.14579237699392253	0.998125	0.975
22	0.18802670810533606	0.20821862120879814	0.9975	0.975
23	0.1880368491013845	0.1941657493560342	0.998125	0.98
24	0.18772598266601562	0.320203536094632	0.99625	0.975
25	0.1877045356310331	0.2889502070995513	0.99625	0.975
26	0.18767458421212654	0.1359889437799575	0.998125	0.98
27	0.1877122606549944	0.08627576020211564	0.99875	0.965
28	0.1880281875873434	0.0952290162441932	0.998125	0.98
29	0.18797038396199545	0.050184930296672974	1.0	0.98
-1	-1	-1	-1	-1
0	0.23242807388305664	6.233570759296417	0.931875	0.95
1	0.20970427989959717	4.188889494761825	0.970625	1.0
2	0.19951732953389487	2.0113596836663783	0.985	0.985
3	0.19577133655548096	1.4116442685574293	0.986875	0.99
4	0.19393572807312012	1.520027487911284	0.986875	0.985
5	0.1929866075515747	2.136763494871557	0.9875	0.985
6	0.19279582159859793	1.5431248727440834	0.99	0.985
7	0.19265863299369812	0.8856027887109668	0.9925	0.97
8	0.19190245204501682	0.999445300041698	0.993125	0.96
9	0.19191162586212157	1.5317015898413957	0.99	0.985
10	0.19190107692371716	1.0536095575243234	0.993125	0.985
11	0.19154220819473267	0.8073893148079514	0.995	0.99
12	0.19170447496267465	0.566068972684443	0.99625	0.985
13	0.19140114103044784	0.406772170139011	0.9975	0.99
14	0.19131913185119628	0.4621253047417849	0.99625	0.995
15	0.191664919257164	0.45808804746717213	0.995	0.975
16	0.19144880070405848	0.3807044952735305	0.996875	0.99
17	0.19156146049499512	0.32152642484754324	0.99625	0.975
18	0.19161972246671977	0.3978898664843291	0.996875	0.99
19	0.1915883183479309	0.18296737002659938	0.998125	0.985
20	0.1913956574031285	0.3468380535518372	0.9975	0.99
21	0.19143892418254504	0.33368239884614015	0.996875	0.98
22	0.19151436764260996	0.21873244449030607	0.996875	0.98
23	0.19160483280817667	0.1133158599325543	0.999375	0.99
24	0.1915545654296875	0.19932615054480265	0.9975	0.985
25	0.19140361822568452	0.07154116091842297	0.999375	0.985
26	0.19134434947261103	0.19231462130439467	0.996875	0.99
27	0.1914775541850499	0.2204808048249106	0.998125	0.99
28	0.19132107701794854	0.2392588869314932	0.99875	0.985
29	0.1914989948272705	0.1010154370724922	0.999375	0.99
-1	-1	-1	-1	-1
0	0.29618287086486816	6.772739984989166	0.92	0.98
1	0.24408721923828125	5.607742078788578	0.965	0.95
2	0.22633838653564453	1.7538767893612386	0.98375	0.99
3	0.21749895811080933	1.2491466905735433	0.989375	0.985
4	0.21248211860656738	1.1772739920206368	0.991875	0.99
5	0.20877675215403238	1.227663030475378	0.988125	0.99
6	0.20633179800851004	1.1242328634485603	0.99125	0.99
7	0.2044588327407837	1.1004206738248468	0.99375	0.99
8	0.2028990321689182	0.7278819867782295	0.994375	0.99
9	0.2018906593322754	0.5800998420268297	0.995625	0.99
10	0.20133423805236816	0.7857995326444507	0.993125	0.99
11	0.2006800373395284	0.6529860280267894	0.995	0.99
12	0.2001190552344689	0.5659471520036459	0.995625	0.99
13	0.19998482295445033	0.5492845360189677	0.99625	0.985
14	0.19947756131490071	1.9778480333276094	0.993125	0.96
15	0.1991577446460724	2.281732607837766	0.976875	0.99
16	0.19878235985251033	1.6386712503898888	0.98875	0.99
17	0.1984445121553209	0.929342575147748	0.993125	0.99
18	0.1982147317183645	0.620099856927991	0.99625	0.99
19	0.19791932106018068	0.4909752104431391	0.996875	0.99
20	0.19734373546781994	0.4145425782050006	0.995625	0.99
21	0.19678476723757657	0.35814393483567986	0.996875	0.99
22	0.19632884730463443	0.3382241300866008	0.996875	0.99
23	0.19595298171043396	0.26981270300224425	0.9975	0.99
24	0.19582209587097169	0.21397990005090833	0.9975	0.99
25	0.19553575148949257	0.1764011443546042	0.998125	0.985
26	0.1951432228088379	0.15917022307985462	0.99875	0.99
27	0.1948619740349906	0.12034047331195324	0.998125	0.985
28	0.19442737513575062	0.10480775431089569	0.99875	0.985
29	0.1940569321314494	0.09289905226149131	0.99875	0.985
-1	-1	-1	-1	-1
0	0.22748422622680664	4.924087641239166	0.951875	0.945
1	0.20751047134399414	4.155066510438919	0.97625	0.975
2	0.19846510887145996	2.497269569635391	0.985625	0.975
3	0.19483745098114014	1.6699527394771576	0.9875	0.985
4	0.19396796226501464	1.397453116029501	0.990625	0.99
5	0.19316351413726807	1.2207371884211897	0.989375	0.965
6	0.19340089389256068	2.0587266878038646	0.985	0.985
7	0.19310331344604492	1.0703250686824322	0.9925	0.985
8	0.19248800807529026	1.316221049707383	0.99125	0.99
9	0.1918940544128418	0.9937170871719718	0.991875	0.99
10	0.19131922721862793	0.9333882352337242	0.99375	0.98
11	0.19142021735509238	1.2819150543212892	0.99	0.985
12	0.1904588295863225	0.8695085885748267	0.993125	0.98
13	0.19021308422088623	0.7459332113899291	0.99375	0.985
14	0.1904248873392741	0.8953107544779777	0.994375	0.98
15	0.1901169866323471	0.7708465026319027	0.995	0.985
16	0.18981146812438965	0.510079357624054	0.996875	0.985
17	0.1898445553249783	0.6425255415961146	0.995625	0.985
18	0.18953788907904373	0.4559861636348069	0.99625	0.985
19	0.1897255539894104	0.38576998200267554	0.9975	0.985
20	0.18974778765723818	0.40768333215266467	0.9975	0.985
21	0.1899853077801791	0.3683120068255812	0.9975	0.98
22	0.1901909579401431	0.3266171860601753	0.9975	0.98
23	0.1904956797758738	0.30137581733986735	0.9975	0.975
24	0.1907742691040039	0.26834921279456464	0.9975	0.975
25	0.1908859289609469	0.3500001584843267	0.9975	0.975
26	0.19162625736660427	0.43865113984793425	0.99625	0.985
27	0.19155596835272654	0.4649518961878493	0.994375	0.97
28	0.1917410472343708	0.2695718479016796	0.9975	0.975
29	0.19157111644744873	0.23057545033283533	0.9975	0.97
-1	-1	-1	-1	-1
0	0.24286985397338867	6.1128719103336335	0.94875	0.91
1	0.22016453742980957	4.511819674968719	0.960625	0.975
2	0.21034677823384604	2.060034230798483	0.98875	0.985
3	0.20443058013916016	1.8110409191809596	0.984375	0.985
4	0.2018423080444336	1.394466627240181	0.98875	0.985
5	0.19923694928487143	1.3112422659248113	0.986875	0.99
6	0.1983508723122733	1.1567974524945022	0.99125	0.985
7	0.19682994484901428	1.4078362268581985	0.989375	0.98
8	0.1964563528696696	1.2223166089504958	0.99	0.995
9	0.1963279962539673	0.8931876774132251	0.9925	0.99
10	0.19544157114895908	0.9101792892068624	0.993125	0.985
11	0.19536566734313965	0.7969113651663065	0.99375	0.99
12	0.1946570506462684	0.595766428001225	0.995	0.985
13	0.19480110917772567	0.4662040631796117	0.995625	0.99
14	0.19458956718444825	0.777698818501085	0.991875	0.975
15	0.1941365748643875	0.46639873334323056	0.99375	0.985
16	0.1940288263208726	0.45653256368474104	0.99625	0.995
17	0.19406534565819633	0.764035893632099	0.991875	0.985
18	0.19442201915540194	0.50686680638697	0.994375	0.985
19	0.1939813017845154	0.3621969873132184	0.995625	0.99
20	0.19390524001348586	0.24073934984160586	0.998125	0.985
21	0.19389429959383878	0.11971373949025292	0.99875	0.985
22	0.19367975774018661	0.1785747088977223	0.9975	0.985
23	0.19362453619639078	0.1230532002489781	0.998125	0.985
24	0.1933412456512451	0.07291477877377474	0.999375	0.985
25	0.19337612849015456	0.06130416222269559	0.999375	0.985
26	0.1931101569422969	0.1804301398043208	0.99625	0.985
27	0.19313397577830724	1.7167262756057609	0.985	0.99
28	0.19296102688230318	0.5158125822246075	0.995625	0.995
29	0.19294727643330892	0.22928069244837387	0.9975	0.99
-1	-1	-1	-1	-1
0	0.23926615715026855	6.668238646984101	0.93375	0.965
1	0.21608448028564453	4.045135968774557	0.968125	0.995
2	0.20717008908589682	1.651703354269266	0.985	0.995
3	0.2039957046508789	1.2709783052280546	0.989375	0.995
4	0.20179386138916017	2.2287252578511834	0.988125	0.94
5	0.19903854529062906	1.2554696591757237	0.988125	0.99
6	0.1985264846256801	1.026064541079104	0.99	0.995
7	0.19736242294311523	0.9944786226004362	0.9925	0.995
8	0.1970342000325521	1.4213151873089374	0.991875	0.995
9	0.1959547996520996	1.905753708742559	0.98875	0.99
10	0.1956456791270863	1.1753816901519896	0.989375	0.995
11	0.1949611703554789	0.8401144129782915	0.99125	0.99
12	0.19458669882554275	0.6066277218982578	0.995625	0.995
13	0.1941131523677281	0.6312669675424695	0.994375	0.995
14	0.19367186228434244	0.6809621876385062	0.991875	0.995
15	0.19371527433395386	0.9295506463735365	0.99125	0.99
16	0.19384238299201517	0.6550866270810366	0.996875	0.995
17	0.19356505076090494	0.41020189869217577	0.99625	0.995
18	0.19345210727892423	0.3476798436418176	0.9975	0.995
19	0.1930041193962097	0.3166235670913011	0.996875	0.995
20	0.19315327916826522	0.23110826481715777	0.998125	0.995
21	0.1929161548614502	0.2228403902775608	0.996875	0.995
22	0.19303594464841095	0.3186366120929597	0.995625	0.995
23	0.19276096423467	0.2871688217180781	0.9975	0.995
24	0.19267910957336426	0.18337367919273675	0.998125	0.995
25	0.19246684587918794	0.14426472049497532	0.998125	0.995
26	0.19206371130766692	0.13450469678107765	0.99875	0.995
27	0.19177195855549403	0.12231493841361953	0.999375	0.995
28	0.1917672979420629	0.21407221792780548	0.996875	0.995
29	0.19157534440358479	0.17794318526401184	0.998125	0.995
-1	-1	-1	-1	-1
0	0.30136728286743164	6.547197187542915	0.924375	0.965
1	0.2462245225906372	3.8467585390806196	0.978125	0.98
2	0.226625124613444	1.488947892561555	0.9875	0.99
3	0.21756500005722046	2.838026786465198	0.990625	0.98
4	0.21091170310974122	1.7954291266039946	0.986875	0.94
5	0.20773681004842123	1.423106336388737	0.991875	0.975
6	0.20469955035618373	1.3508457511663436	0.9875	0.985
7	0.2042265236377716	1.1612969256937504	0.990625	0.975
8	0.20240296257866752	0.8328191221505403	0.99375	0.985
9	0.20143089294433594	0.7914200597256422	0.9925	0.99
10	0.20076127485795456	1.1808675576373935	0.991875	0.98
11	0.2014677325884501	0.8791994254570454	0.995	0.98
12	0.20183332149799055	0.6319129228591919	0.995625	0.985
13	0.20144435337611608	0.51479421839118	0.99625	0.985
14	0.2013348420461019	0.6122899261303246	0.995	0.98
15	0.20043720304965973	2.3618529571639373	0.979375	0.965
16	0.20008053499109604	1.3942081989441066	0.9875	0.99
17	0.1999533043967353	0.8329274927824736	0.99125	0.99
18	0.19998239216051603	0.717260388378054	0.993125	0.985
19	0.19982327222824098	0.5784379524737596	0.995	0.985
20	0.2001680646623884	0.5044888399168849	0.99625	0.98
21	0.20072488351301712	0.51982854379341	0.994375	0.985
22	0.2007165473440419	0.39070813469588755	0.996875	0.985
23	0.200034628311793	0.3438462187536061	0.995625	0.99
24	0.19946720123291015	0.30658066262025385	0.9975	0.985
25	0.19932546065403864	0.332882628524676	0.9975	0.99
26	0.19919547328242548	0.30027380655519664	0.996875	0.985
27	0.19876916919435775	0.20956826620968058	0.998125	0.98
28	0.19874825148746886	0.2171132004307583	0.9975	0.985
29	0.19851921399434408	0.2001034321903717	0.998125	0.985
-1	-1	-1	-1	-1
0	0.23285222053527832	7.76046110868454	0.874375	0.96
1	0.2118014097213745	3.3095296624675394	0.9775	0.985
2	0.20382086435953775	1.6844695403426886	0.9875	0.98
3	0.2001141905784607	1.1720951147377492	0.99125	0.975
4	0.19707198143005372	1.2174729772657156	0.989375	0.995
5	0.19493536154429117	0.7692639623954892	0.993125	0.995
6	0.1936978953225272	1.473892266303301	0.989375	0.985
7	0.19265934824943542	1.8062203240394592	0.983125	0.995
8	0.19230392244127062	1.0632232761383056	0.991875	0.995
9	0.19191431999206543	1.0397530839685352	0.9925	0.995
10	0.19118174639615146	0.6551689724251628	0.995625	0.995
11	0.1906472643216451	1.022572657642886	0.99125	0.995
12	0.1901700680072491	0.5579949195403606	0.99625	0.995
13	0.18988987377711705	0.499493330642581	0.995	0.995
14	0.1898045539855957	0.561192815201357	0.995625	0.995
15	0.18943917751312256	0.3076147199422121	0.9975	0.99
16	0.1895297415116254	0.48264896432170645	0.995	0.995
17	0.18924364778730604	0.6672560705896466	0.993125	0.995
18	0.18911592583907277	0.37702611514832823	0.996875	0.995
19	0.18895702362060546	0.28311688789050093	0.9975	0.995
20	0.1887295473189581	0.20083911442314276	0.998125	0.995
21	0.18883672627535733	0.16358470988925547	0.998125	0.995
22	0.18864580859308658	0.19644836173043587	0.998125	0.995
23	0.18868462244669595	0.15690531591826584	0.998125	1.0
24	0.18851526260375975	0.2934964271291392	0.9975	0.995
25	0.18844878673553467	0.2918908498226665	0.996875	0.995
26	0.1884831499170374	0.25115039726952093	0.996875	0.99
27	0.18833911418914795	3.6748898853354377	0.98375	0.98
28	0.1883796165729391	0.9166764688864351	0.9925	0.995
29	0.18825287024180096	0.3300604651123285	0.9975	0.995
30	0.1889553531523674	0.2595086169149727	0.9975	0.995
31	0.1890593096613884	0.21864718843251466	0.99875	0.995
32	0.189015142845385	0.19377638309262693	0.998125	0.995
33	0.18906275665058808	0.18113876130897552	0.99875	0.995
34	0.18887692178998675	0.17057383675593882	0.998125	0.995
35	0.1890397138065762	0.1557146286126226	0.99875	0.995
36	0.18901087786700274	0.1383560399664566	0.99875	0.995
37	0.18919380087601512	0.13191964639350773	0.99875	0.995
38	0.18923472135494918	0.11465709743089975	0.99875	0.995
39	0.18929633498191833	0.1122930453112349	0.99875	0.995
40	0.18930718956924067	0.10074702845537103	0.99875	0.99
41	0.1894426289058867	0.09467152777360752	0.99875	0.99
42	0.1895764483961948	0.09845444162900094	0.99875	0.99
43	0.18948563120581888	0.08880369415914174	0.998125	0.99
-1	-1	-1	-1	-1
0	0.24368667602539062	8.512042045593262	0.873125	0.97
1	0.21931779384613037	3.37077759899199	0.974375	0.97
2	0.20926745732625326	1.4918978237360716	0.98875	0.98
3	0.20508921146392822	1.1014532523602247	0.991875	0.97
4	0.202803897857666	1.7700549507886172	0.98625	0.965
5	0.20048983891805014	1.149212191104889	0.99125	0.965
6	0.19914334160940989	0.9362525222450495	0.989375	0.935
7	0.19757559895515442	1.1778669227659702	0.995	0.975
8	0.19619144333733451	0.7529040968441404	0.99375	0.98
9	0.19573888778686524	0.939794653300196	0.9925	0.965
10	0.19477553801103073	0.5593035605596378	0.996875	0.965
11	0.19471639394760132	0.6013323926663725	0.995625	0.975
12	0.19424676895141602	0.40118248779312127	0.9975	0.965
13	0.19442989145006453	0.7910378763452173	0.9925	0.945
14	0.19389402071634929	1.4093498814478516	0.991875	0.975
15	0.1933712512254715	0.8348483137972653	0.9925	0.98
16	0.19336470435647404	0.43259133173152803	0.99625	0.98
17	0.19344173537360299	6.890961154063116	0.99	0.965
18	0.19291557763752185	3.3485293118283153	0.985625	0.97
19	0.19302161931991577	4.914559561870992	0.989375	0.975
20	0.19283552396865117	0.6248420881293714	0.995625	0.975
21	0.19300200722434305	0.5008145154267549	0.995625	0.97
22	0.1927928406259288	0.4147796227410436	0.99625	0.965
23	0.1925558348496755	0.35642484556883575	0.996875	0.97
24	0.19236234664916993	0.32803402792662384	0.996875	0.97
25	0.19209180428431585	0.3189426097087562	0.9975	0.965
26	0.19212447272406685	0.2891332285478711	0.9975	0.965
27	0.19190004893711635	0.26594000081531705	0.998125	0.965
28	0.19203757417613063	0.24482103867456317	0.99875	0.965
29	0.19190732638041177	0.2500753058772534	0.99875	0.965
-1	-1	-1	-1	-1
0	0.3052372932434082	6.1621896159648895	0.948125	0.91
1	0.25071990489959717	4.708587128520012	0.965	0.985
2	0.23103062311808267	1.4434411141183228	0.99	0.98
3	0.22152608633041382	1.7650823304057122	0.98875	0.985
4	0.2150444507598877	1.2700049164891243	0.991875	0.98
5	0.21072733402252197	1.2593705803900956	0.9925	0.99
6	0.20795474733625138	0.8191328040137887	0.993125	0.975
7	0.2061929702758789	1.5125216085463762	0.98625	0.985
8	0.20487242274814182	1.417890070527792	0.989375	0.99
9	0.20338575839996337	0.8466465051844716	0.994375	0.99
10	0.20239080082286487	1.9780943976342678	0.991875	0.98
11	0.20154333114624023	1.4829370860755444	0.990625	0.99
12	0.20088390203622672	3.771897535696626	0.99125	0.99
13	0.20048293045588902	1.8242616253904997	0.990625	0.99
14	0.2001070499420166	1.2806167388893663	0.990625	0.99
15	0.19988985359668732	0.9537730946391821	0.995	0.99
16	0.19948821909287395	0.6532400289177894	0.996875	0.99
17	0.19913054837120903	0.6465103178750724	0.995625	0.99
18	0.19882941246032715	0.5512073773797601	0.99625	0.99
19	0.1984943389892578	2.726995863504708	0.99	0.99
20	0.19826891308739072	0.9003609672188759	0.9925	0.985
21	0.1979297616265037	0.6141623091325163	0.994375	0.985
22	0.19767682448677396	0.783839265499264	0.99375	0.98
23	0.19768133759498596	0.480489260237664	0.99625	0.985
24	0.19754182815551757	0.4624968159198761	0.995625	0.99
25	0.1973517766365638	0.5017417904920876	0.995625	0.98
26	0.19710539005420827	0.7014924033475108	0.99375	0.99
27	0.19692624466759817	0.3669144071638584	0.996875	0.99
28	0.19683105370094037	0.3071907332027331	0.9975	0.99
29	0.1966933488845825	0.3327696090796962	0.996875	0.985
-1	-1	-1	-1	-1
0	0.2415165901184082	7.737538493871689	0.878125	0.955
1	0.21723198890686035	4.005013156645	0.971875	0.985
2	0.20842917760213217	1.8648583280295135	0.988125	0.975
3	0.20507603883743286	1.7638461217656731	0.98375	0.98
4	0.20230250358581542	1.2501514857262372	0.99125	0.99
5	0.20068796475728354	1.0604912693682127	0.991875	0.975
6	0.19953996794564383	1.2607405446469784	0.988125	0.99
7	0.198836088180542	0.962645260663703	0.9925	0.99
8	0.19844312138027614	2.704639900964685	0.985	0.97
9	0.197778058052063	2.8516583698242903	0.985625	0.995
10	0.19729456034573642	1.2682327332347632	0.99	0.97
11	0.19704641898473105	1.1894301296770573	0.99125	0.985
12	0.19687311465923601	0.8572782003879547	0.99375	0.985
13	0.19682768412998744	0.7177684472221881	0.99375	0.99
14	0.19677483240763347	0.5895970424637198	0.99375	0.995
15	0.1967521607875824	0.527314272671938	0.995625	0.99
16	0.19656888176413143	0.4485773304104805	0.995625	0.995
17	0.19620773527357313	0.6180122230760753	0.995	0.98
18	0.19599696209556178	0.736602078601718	0.993125	0.995
19	0.19592041969299318	0.44539709887467327	0.995	0.99
20	0.1958149614788237	0.3975522574968636	0.996875	0.99
21	0.1956806941465898	0.5392904725926928	0.994375	0.98
22	0.1955931808637536	0.36873178359121084	0.996875	0.99
23	0.19537285963694254	0.2922251387964934	0.99625	0.99
24	0.19530522346496582	0.2436274659819901	0.9975	0.99
25	0.195372434762808	0.22268900327151642	0.998125	0.99
26	0.19537064764234754	0.23695399832329714	0.998125	0.99
27	0.19544499261038645	0.15948342538787982	0.998125	0.99
28	0.19534989061026736	0.1718242661759723	0.9975	0.995
29	0.19548582235972087	0.13120627008582234	0.998125	0.99
-1	-1	-1	-1	-1
0	0.24427366256713867	7.091216291785241	0.89	0.955
1	0.21845734119415283	3.247556504383683	0.969375	0.93
2	0.21230363845825195	2.4329618993401527	0.984375	0.99
3	0.20867210626602173	1.5154872110672295	0.98625	0.98
4	0.20627660751342775	2.4051170207560064	0.985	0.975
5	0.20428681373596191	2.380312187448144	0.981875	0.975
6	0.2025043283190046	1.2102367417607456	0.991875	0.97
7	0.2016928791999817	0.9737103806808591	0.991875	0.985
8	0.20124125480651855	1.6411233118921518	0.986875	0.99
9	0.20060629844665528	1.4687833739072085	0.98625	0.995
10	0.2005617401816628	3.8762379495613275	0.986875	0.985
11	0.1998754342397054	2.4497608206234873	0.985625	0.965
12	0.1993252130655142	1.3198556571360678	0.989375	0.99
13	0.19871234893798828	1.0353085871040821	0.993125	0.97
14	0.19819313685099285	1.2039929538592695	0.990625	0.995
15	0.1978304237127304	0.7742338837031275	0.99375	0.995
16	0.19771378180559943	0.6242411326617002	0.995625	0.995
17	0.19774013095431858	0.5346280313655734	0.99625	0.99
18	0.1975616781335128	0.5831695632077754	0.99625	0.995
19	0.19749350547790528	0.4718726396374404	0.996875	0.995
20	0.1974482082185291	0.45456665037199856	0.996875	0.995
21	0.1973724365234375	0.4722118000406772	0.99625	0.975
22	0.19720158369644827	0.42776156700216234	0.996875	0.995
23	0.19718639055887857	0.7814556618407369	0.990625	0.99
24	0.19721678733825684	0.41839864568784835	0.99625	0.995
25	0.19697089378650373	0.3842832850292325	0.995625	0.995
26	0.19681519049185295	0.3740042713098228	0.9975	0.995
27	0.1967592750276838	0.2798417512141168	0.9975	0.995
28	0.19659559480075178	0.2898804063163698	0.996875	0.995
29	0.1966054598490397	0.24034418932162224	0.998125	0.995
-1	-1	-1	-1	-1
0	0.24535489082336426	7.112594610452652	0.8925	0.975
1	0.22053122520446777	4.723492070026696	0.96875	0.985
2	0.21248356501261392	2.303594394288957	0.98	0.975
3	0.20724529027938843	1.8363693774119019	0.985	0.98
4	0.20457081794738768	1.4885651426017283	0.988125	0.98
5	0.20287752151489258	2.1034788239002227	0.9875	0.99
6	0.20172888892037527	1.2839064873382449	0.98875	0.99
7	0.20111894607543945	14.670204752329736	0.985625	0.99
8	0.2004388968149821	1.0159400480240584	0.99125	0.985
9	0.19980573654174805	1.0631084524095058	0.98875	0.985
10	0.19944086941805753	1.9681705041229725	0.988125	0.985
11	0.19911768039067587	1.0747965212166308	0.99	0.985
12	0.19869358722980207	0.7999794124532491	0.991875	0.98
13	0.19852808543613978	1.3346843250654639	0.989375	0.985
14	0.1983819643656413	0.7238557702675462	0.994375	0.99
15	0.19813770055770874	0.6271138902381063	0.99375	0.98
16	0.19805357035468607	0.6640094218589365	0.99375	0.99
17	0.19800731870863172	0.47802311573177575	0.995625	0.98
18	0.19776718240035207	0.4353303038328886	0.995625	0.98
19	0.19767558574676514	0.41241856147535144	0.995625	0.99
20	0.1973064967564174	0.6440008419193327	0.99375	0.99
21	0.1970986778085882	0.46940837321802975	0.9975	0.985
22	0.19695004172947095	0.3376106472685933	0.998125	0.985
23	0.19689098000526428	0.3148220983799547	0.996875	0.985
24	0.19687586784362793	0.31329292252659796	0.996875	0.97
25	0.19686670486743635	0.2691824401635677	0.998125	0.985
26	0.1968599425421821	0.19751880559371784	0.998125	0.975
27	0.19672568355287826	0.2372591215884313	0.99875	0.98
28	0.19664759471498686	0.15671809700783343	0.999375	0.985
29	0.19672939777374268	0.17756213827291503	0.99875	0.96
-1	-1	-1	-1	-1
0	0.28847527503967285	5.837543989419937	0.95	0.94
1	0.24047696590423584	4.889971252679825	0.97	0.995
2	0.22603988647460938	1.8935814661718906	0.98375	0.985
3	0.21777760982513428	1.8484946698695421	0.986875	0.995
4	0.21286144256591796	1.3259252719581127	0.99125	0.995
5	0.20902299880981445	1.5164147923886775	0.985625	0.995
6	0.20739970888410295	1.1560153237357735	0.99125	0.99
7	0.2053202986717224	1.078171981908381	0.990625	0.995
8	0.20407258139716256	1.0632729374617338	0.99125	0.99
9	0.20383901596069337	1.20434329546988	0.9875	0.995
10	0.20292256095192648	1.4707665181159972	0.9875	0.995
11	0.20220194260279337	1.147844777442515	0.988125	0.99
12	0.20105530665471003	2.4481637015193702	0.990625	1.0
13	0.20051320961543492	0.9966697025299073	0.99125	0.995
14	0.20010662078857422	0.774125617556274	0.995625	1.0
15	0.19957248866558075	0.565661764703691	0.995625	0.995
16	0.19933528058669148	0.831331356652081	0.99125	0.995
17	0.1992817587322659	0.5712191181816161	0.99625	0.995
18	0.19909956580714175	0.4523078370373696	0.996875	0.995
19	0.19886790513992308	0.35571008537895976	0.996875	0.995
20	0.19853484062921434	0.30273916468955575	0.996875	0.995
21	0.19833297079259699	0.26998680326156316	0.9975	0.98
22	0.19810354191323984	0.5319723858655198	0.994375	0.995
23	0.19776930411656699	0.2295496369781904	0.998125	0.99
24	0.1974904727935791	0.39093021075750584	0.996875	0.99
25	0.1975469680932852	0.27345429207081906	0.996875	0.995
26	0.1974303192562527	0.18780343731079482	0.998125	0.99
27	0.19721783058983938	0.1647690554318251	0.999375	0.995
28	0.19731060389814706	0.24590971512094256	0.99625	0.945
29	0.19707761605580648	0.7748626361880452	0.991875	0.995
30	0.19719586833830802	0.34776088933926075	0.996875	1.0
31	0.19698141515254974	0.15138628669315948	0.998125	0.985
32	0.19699188434716428	0.11936930382391438	0.99875	0.985
-1	-1	-1	-1	-1
0	0.2360367774963379	6.302814795970916	0.94375	0.915
1	0.21545588970184326	4.446611037105322	0.97	0.995
2	0.20679767926534018	2.163444435894489	0.98375	0.98
3	0.20421254634857178	1.8684460335969926	0.985625	0.995
4	0.20131664276123046	1.4243155689537526	0.990625	0.98
5	0.2005359729131063	1.2255137898772954	0.990625	0.995
6	0.19923012597220285	1.2066841699182986	0.99125	0.99
7	0.1986936330795288	1.1995809178054333	0.99125	0.99
8	0.19837392701043022	1.0589460702985525	0.989375	0.995
9	0.1980731248855591	0.9505825463682414	0.99125	0.975
10	0.19780950112776322	0.7384463702142239	0.99375	0.995
11	0.1972434918085734	0.6911750629171729	0.995625	0.99
12	0.19692760247450608	0.543573419554159	0.994375	0.995
13	0.1966769184385027	0.6536472706031055	0.994375	0.995
14	0.196278444925944	0.9498361393529922	0.993125	0.99
15	0.19632147252559662	0.9806745504960418	0.9925	0.995
16	0.1960156524882597	0.8161171179777011	0.995	0.995
17	0.19588318136003283	0.5663096691295505	0.995625	0.995
18	0.19591741812856575	0.4309901322238147	0.99625	0.995
19	0.1955177903175354	0.41919745252700524	0.9975	0.995
20	0.1955550057547433	0.5188256273418665	0.995625	0.995
21	0.1952037052674727	0.2791375470033381	0.9975	0.995
22	0.19522909496141516	0.22709520923322998	0.9975	0.995
23	0.19488788644472757	0.29054439190076664	0.99625	0.995
24	0.194798002243042	0.23247750991722568	0.996875	0.995
25	0.19449256016657904	0.13292589362768922	0.99875	0.995
26	0.19447855596189145	0.1290208694789908	0.996875	0.995
27	0.1943899052483695	0.11154751742462395	0.998125	0.995
28	0.19423872026903877	0.14658386479389265	0.99875	0.995
29	0.1941526412963867	0.13797585880551197	0.998125	0.995
-1	-1	-1	-1	-1
0	0.24300312995910645	6.262903761863709	0.9425	0.94
1	0.21765685081481934	3.663465651720762	0.976875	0.985
2	0.2071541945139567	1.5082350519299508	0.98875	0.99
3	0.20338797569274902	1.4093903224915265	0.988125	0.985
4	0.20026659965515137	1.86608114939183	0.985	0.98
5	0.198953906695048	1.6716389736533166	0.98875	0.945
6	0.19736129896981375	1.7529571767896415	0.989375	0.98
7	0.19700101017951965	1.6289207901246845	0.9875	0.99
8	0.19576025009155273	1.567713402211666	0.98625	0.985
9	0.19546091556549072	1.0380872097611427	0.990625	0.99
10	0.19506818597966974	0.7610330876335502	0.994375	0.985
11	0.1943657398223877	0.6874894616752862	0.994375	0.985
12	0.19405680436354417	0.736948099238798	0.99375	0.98
13	0.1934171063559396	0.8649225966352969	0.990625	0.98
14	0.19322476387023926	1.025591281168163	0.99	0.96
15	0.19273345172405243	1.5736376774311065	0.985625	0.985
16	0.19284391403198242	0.6902995154261589	0.995	0.985
17	0.19251276387108696	0.6078457788238302	0.99625	0.98
18	0.19246338543139005	0.5106783184409142	0.996875	0.985
19	0.19218145608901976	0.38478118932805955	0.99625	0.98
20	0.19220762025742305	0.4293585295276716	0.995625	0.98
21	0.19197297096252441	0.30363526597735474	0.99625	0.985
22	0.19223877658014712	0.3377258267486468	0.99625	0.985
23	0.1923389434814453	0.2807575067295693	0.996875	0.985
24	0.1920563316345215	0.246834710361436	0.996875	0.985
25	0.19230157595414382	0.20003182842658135	0.996875	0.985
26	0.19224047660827637	0.19963141994245234	0.996875	0.985
27	0.1923330681664603	0.12739554279891308	0.998125	0.985
28	0.1921557722420528	0.16376218627381603	0.998125	0.97
29	0.19221304257710775	0.10724804048977603	0.99875	0.975
-1	-1	-1	-1	-1
0	0.24184536933898926	7.693925014138221	0.88375	0.985
1	0.21969735622406006	4.448451736010611	0.965625	0.995
2	0.21115684509277344	1.6831956085562707	0.989375	0.99
3	0.20664161443710327	1.374289203044027	0.993125	0.98
4	0.20398216247558593	1.6692107263207436	0.99	0.985
5	0.2018800973892212	8.41048102887813	0.981875	0.99
6	0.20038761411394393	1.4792394357174634	0.98875	0.995
7	0.19980153441429138	1.0932211254537105	0.991875	0.985
8	0.19965876473320854	1.0063720919191836	0.993125	0.995
9	0.19942967891693114	0.9984577932208777	0.9925	0.995
10	0.19923682646317917	1.21113227725029	0.989375	0.965
11	0.19908060630162558	1.090663148899912	0.990625	1.0
12	0.198315455363347	0.9885236274078488	0.990625	0.99
13	0.19756191117422922	0.7900302845984697	0.99375	0.975
14	0.19752742449442545	0.7633716224972159	0.9925	0.995
15	0.19735822081565857	0.6193016010848805	0.995	1.0
16	0.19718724138596477	0.48538460561074315	0.996875	1.0
17	0.19710005654229057	0.4292616279050708	0.996875	1.0
18	0.19718022095529655	0.5677725136047229	0.994375	1.0
19	0.19701855182647704	0.48887218904681506	0.995	1.0
20	0.19693270183744885	0.4116731223650277	0.995625	0.995
21	0.19683003425598145	0.35655181398615243	0.995625	1.0
22	0.19685050715570865	0.32073721299879254	0.9975	1.0
23	0.1969132423400879	0.2926121732406318	0.996875	1.0
24	0.19675314903259278	0.3550067823496647	0.995625	0.995
25	0.19662960676046518	0.3702379651903175	0.995625	0.995
26	0.19647452566358778	0.22153250324307008	0.998125	1.0
27	0.19630905560084752	0.2998760394740384	0.996875	1.0
28	0.19621898388040476	0.16736057260073722	0.9975	0.99
29	0.1961731195449829	0.23582997745019385	0.996875	1.0
30	0.19618538887270034	0.16747597516514362	0.9975	1.0
31	0.1960756704211235	0.24857964242313757	0.996875	1.0
-1	-1	-1	-1	-1
0	0.24292612075805664	8.276063178777695	0.883125	0.97
1	0.21841216087341309	4.4245086114108565	0.97125	0.97
2	0.21078197161356607	1.660986584275961	0.989375	0.975
3	0.2067101001739502	1.4676679921895266	0.9875	0.98
4	0.20652394294738768	1.6467948780581354	0.986875	0.955
5	0.20462306340535483	1.1506564676389097	0.99125	0.985
6	0.20374185698372976	3.6969643124192952	0.985	0.955
7	0.20236530900001526	1.534789790287614	0.985625	0.98
8	0.20164736111958823	0.9092195639014244	0.993125	0.965
9	0.20092499256134033	0.9526241661608219	0.991875	0.965
10	0.2003604065288197	2.207189625715837	0.985625	0.935
11	0.20037670930226645	1.3085162421315908	0.99125	0.97
12	0.20006808867821327	0.9010628113150596	0.99375	0.975
13	0.19993492535182408	2.0767598273418844	0.98875	0.975
14	0.19970312118530273	2.0840431588888166	0.989375	0.985
15	0.1994503140449524	1.1813393791951239	0.9925	0.97
16	0.19910428103278666	0.6818042550235986	0.994375	0.98
17	0.19886774486965603	0.6255670179240406	0.99625	0.97
18	0.19881389015599302	0.48005439596250654	0.995625	0.975
19	0.19861141443252564	0.56171939605847	0.99375	0.975
20	0.1984805152529762	0.7744504502601921	0.994375	0.985
21	0.19834652813998135	0.49568755986168983	0.994375	0.98
22	0.19813722112904425	0.45339352613314987	0.99625	0.97
23	0.19796893994013467	0.3831906352005899	0.99625	0.98
24	0.1978768539428711	0.3098888833262026	0.9975	0.97
25	0.19783156651716965	0.3022207008511759	0.9975	0.98
26	0.1976985666486952	0.2744787772744894	0.9975	0.97
27	0.1976543324334281	0.316164784617722	0.9975	0.975
28	0.1975984655577561	0.22073693732731045	0.9975	0.98
29	0.19757009347279866	0.22253109399229287	0.9975	0.98
-1	-1	-1	-1	-1
0	0.24048733711242676	5.903902875185013	0.949375	0.985
1	0.21744251251220703	6.042354162828997	0.95125	0.955
2	0.20890680948893228	2.230992405861616	0.980625	1.0
3	0.20502930879592896	2.058946868181229	0.98625	0.995
4	0.20207514762878417	1.5143490663170815	0.990625	1.0
5	0.1997971534729004	1.11063341781497	0.990625	0.995
6	0.1978789738246373	1.0413321905210615	0.993125	1.0
7	0.19650056958198547	0.9949816853553056	0.9925	0.995
8	0.1955596605936686	1.2116480742581188	0.99125	0.995
9	0.1947843313217163	0.8328564886003733	0.994375	1.0
10	0.19428589127280496	0.7359004829451442	0.9925	1.0
11	0.1937077840169271	1.0098068105103448	0.9925	0.995
12	0.19352485583378717	1.5389242824167013	0.99	0.995
13	0.19374663489205496	1.7816354574263096	0.988125	0.995
14	0.19371951421101888	0.9316232413053512	0.9925	0.995
15	0.1935807168483734	0.8261516009643673	0.9925	0.995
16	0.19367306372698614	0.6000802437774837	0.995	1.0
17	0.19342639711168078	0.46174697890877725	0.99625	0.995
18	0.1933261846241198	0.44250194190070036	0.995	0.995
19	0.19336578845977784	0.4013384284777567	0.994375	1.0
20	0.19321764083135695	0.40876394806429744	0.99625	1.0
21	0.1931248361414129	0.3124298239313066	0.99625	1.0
22	0.19305981760439667	0.4509233195753768	0.995625	0.99
23	0.1931558350721995	1.1336373796034604	0.989375	1.0
24	0.19324504852294921	0.878074910575524	0.991875	0.995
25	0.1932655114393968	0.45755020178854466	0.99625	0.995
26	0.19318980640835232	0.31177879301831124	0.998125	0.995
27	0.19315711941037858	0.2950364116299897	0.998125	0.995
28	0.19305607368206157	0.21512042331043632	0.998125	0.995
29	0.19298193454742432	0.16998026225715876	0.99875	0.995
-1	-1	-1	-1	-1
0	0.24277257919311523	7.679630981683731	0.89375	0.96
1	0.21887362003326416	3.569076352342963	0.97125	0.98
2	0.20998326937357584	1.4845789751410485	0.988125	0.98
3	0.20993119478225708	2.4136212964355948	0.985	0.975
4	0.20988850593566893	1.8859005200862884	0.9875	0.98
5	0.2073433001836141	2.7318633384257556	0.9875	0.985
6	0.20588203838893346	1.7212183145992457	0.986875	0.985
7	0.20477133989334106	1.4615484852343799	0.989375	0.985
8	0.2032669120364719	1.2881160792149604	0.989375	0.97
9	0.20230536460876464	1.1131045984104275	0.991875	0.985
10	0.20151355049826883	0.9771707681193947	0.993125	0.99
11	0.20075770219167074	0.6803044496104121	0.995	0.985
12	0.2011412107027494	0.7315321864373981	0.993125	0.99
13	0.20061097826276506	0.8120267227198928	0.9925	0.985
14	0.19994599024454754	0.5639416499435902	0.995	0.985
15	0.1996489316225052	0.639219239205122	0.994375	0.995
16	0.199158696567311	0.531972192991525	0.995	0.985
17	0.198797517352634	0.45170695029199126	0.995625	0.98
18	0.19857949959604362	0.7659396770223975	0.990625	0.985
19	0.19827316999435424	0.613215322084725	0.99375	0.985
20	0.1980500788915725	0.431409133663401	0.995	0.985
21	0.19782624461434103	0.32560873551294206	0.99625	0.985
22	0.1976213558860447	0.2801446894882247	0.99625	0.985
23	0.19731900095939636	0.29431815671967343	0.99625	0.985
24	0.19708523750305176	0.3521376021229662	0.99625	0.98
25	0.19689779098217303	0.7404380040476098	0.99375	0.985
26	0.19671763314141166	0.23067688402254136	0.9975	0.98
27	0.19658049515315465	0.1741996310465038	0.998125	0.975
28	0.19640167828263908	0.17684380013495685	0.998125	0.975
29	0.19627916812896729	0.16022187053225934	0.99875	0.975
30	0.1962049545780305	0.12899021480399825	0.998125	0.975
31	0.1962006464600563	0.10418645697587635	0.999375	0.975
32	0.196121714331887	0.10631692077935441	0.99875	0.975
33	0.1960875567267923	0.1740481855964754	0.9975	0.975
34	0.19608941078186035	0.07425298666406889	1.0	0.97
35	0.19589899645911324	0.09720409393383306	0.99875	0.975
-1	-1	-1	-1	-1
0	0.2964639663696289	5.77412926197052	0.9425	0.915
1	0.2405334711074829	5.778621037453413	0.968125	0.99
2	0.22412610054016113	1.8737643625587226	0.989375	0.985
3	0.21521306037902832	1.8713521572947502	0.986875	0.995
4	0.20936012268066406	1.3717872573435306	0.990625	0.99
5	0.2061459223429362	0.9611833280138672	0.99375	0.985
6	0.20454399926321848	0.8995619833283126	0.991875	0.99
7	0.20331251621246338	0.8323142816871405	0.993125	0.99
8	0.20182368490431044	0.7093318098783493	0.995	0.99
9	0.2007281541824341	0.6189840819314122	0.994375	0.985
10	0.2000663930719549	0.8737118097580969	0.9925	0.965
11	0.19962926705678305	0.9718922921270132	0.99125	0.985
12	0.19887738961439866	0.5051590213086457	0.995625	0.99
13	0.19857777867998397	0.4174093990586698	0.998125	0.985
14	0.19815395673116049	0.5882215396966786	0.994375	0.99
15	0.1979689598083496	0.840572280716151	0.993125	0.985
16	0.19775986671447754	1.2455491415411233	0.9925	0.99
17	0.19724321365356445	0.6381420045718551	0.995625	0.99
18	0.19701539842705978	0.46326301655732094	0.995625	0.985
19	0.19681825637817382	0.4163831353187561	0.9975	0.995
20	0.19674483935038248	0.2873803038685583	0.998125	0.985
21	0.19685285741632635	0.2869209011783823	0.9975	0.99
22	0.19675900625145953	0.2977451210701838	0.998125	0.995
23	0.19679190715154013	0.2640826940070838	0.998125	0.99
24	0.19668766021728515	0.19449162546079607	0.99875	0.99
25	0.19669461250305176	0.1843460768298246	0.9975	0.985
26	0.19680098251060205	0.6513758703353233	0.993125	0.995
27	0.19687114443097795	0.34965020611183717	0.995625	0.985
28	0.19686032163685765	0.19924903506878763	0.998125	0.985
29	0.19685208002726237	0.17638598546036519	0.998125	0.995
-1	-1	-1	-1	-1
0	0.24251174926757812	7.0094425797462465	0.919375	0.965
1	0.22059226036071777	4.5104440768808125	0.96875	0.985
2	0.21156764030456543	1.9433282051980496	0.988125	0.97
3	0.20706534385681152	1.7936087537184358	0.988125	0.98
4	0.2044611930847168	1.4395936365053057	0.988125	0.985
5	0.2031550407409668	1.0632050636410713	0.991875	0.985
6	0.20249829973493302	0.9806348426779732	0.98875	0.975
7	0.20163485407829285	2.2896457625553013	0.9875	0.95
8	0.20151686668395996	2.114878584705293	0.98375	0.98
9	0.20108635425567628	1.4245801916345955	0.986875	0.985
10	0.2006546367298473	1.180070249028504	0.990625	0.985
11	0.200079878171285	0.8278895635157824	0.99375	0.985
12	0.19968539017897385	3.330414471901022	0.985625	0.985
13	0.19946604115622385	2.119270760156214	0.988125	0.975
14	0.19943723678588868	1.937596117183566	0.98875	0.98
15	0.19951365888118744	0.9529369807057083	0.99375	0.985
16	0.19932355600244858	0.6858982769027352	0.995	0.985
17	0.199225385983785	0.8057962362095714	0.9925	0.985
18	0.19919581162302116	0.6634765653312207	0.995	0.985
19	0.1991705298423767	0.5738333869818598	0.99625	0.985
20	0.19929835909888857	0.5457819463312625	0.995625	0.98
21	0.1992119008844549	0.4745840668678284	0.996875	0.985
22	0.19928932189941406	0.3789995377510786	0.9975	0.985
23	0.19919041792551676	0.3309278120473027	0.998125	0.985
24	0.19906890869140625	0.33818903293460606	0.9975	0.985
25	0.19910011841700628	0.365863487161696	0.998125	0.985
26	0.19909021589491102	0.28527695724274965	0.998125	0.985
27	0.19902466876166208	0.382822057614103	0.995625	0.975
28	0.19890037898359628	0.35066260331310334	0.996875	0.985
29	0.19900174935658774	0.283070780960843	0.998125	0.985
-1	-1	-1	-1	-1
0	0.24765276908874512	7.205114609003067	0.913125	0.995
1	0.22211062908172607	4.821847170740366	0.959375	1.0
2	0.21428402264912924	2.0735759940743446	0.97875	0.985
3	0.2101321816444397	1.7105225700139999	0.985	1.0
4	0.20762252807617188	1.6624993496201932	0.985	1.0
5	0.20625476042429605	1.3438740912079812	0.98875	1.0
6	0.20461886269705637	0.9566088127717376	0.991875	1.0
7	0.20401602983474731	0.8795731527358294	0.9925	1.0
8	0.20325960053337944	0.6547639100067317	0.995	1.0
9	0.20285868644714355	1.005349860098213	0.99375	1.0
10	0.20251280611211603	1.2624387175450102	0.989375	1.0
11	0.2019420067469279	1.0869430543482304	0.993125	1.0
12	0.20187121171217698	0.723883667793125	0.993125	1.0
13	0.2016141755240304	0.6304882660508155	0.994375	1.0
14	0.2014462471008301	0.44752678597345946	0.995	0.995
15	0.20110781490802765	0.5392004718247335	0.99625	1.0
16	0.20110193420858943	0.5691850661113859	0.996875	1.0
17	0.20102228058709037	0.4930164401023649	0.995	0.965
18	0.20092437141820005	1.6029478620737792	0.989375	1.0
19	0.2006548285484314	0.7744265709538013	0.99375	1.0
20	0.20026518049694242	0.5022162299789489	0.995	1.0
21	0.2000586227937178	0.30655974729452284	0.998125	1.0
22	0.19974949048913043	0.29354047192377036	0.9975	1.0
23	0.19945155580838522	0.15633678058158693	0.99875	1.0
24	0.19945232391357423	0.18516386470932047	0.9975	0.995
25	0.19942156168130729	0.10437580827117926	0.99875	1.0
26	0.19942565317507144	0.09909140442502576	0.99875	1.0
27	0.19921989100319998	0.09013017049333939	0.99875	1.0
28	0.19911143697541336	0.09088801532019701	0.999375	0.99
29	0.19895557562510172	0.07993938984344823	0.999375	0.995
-1	-1	-1	-1	-1
0	0.2455301284790039	6.73801535487175	0.92625	0.975
1	0.22170805931091309	3.9297164338827133	0.970625	0.985
2	0.2138202985127767	1.6456111485511065	0.98625	0.985
3	0.20978981256484985	1.3545000348240137	0.98875	0.99
4	0.2072751998901367	1.086033450011164	0.990625	0.975
5	0.20505098501841226	1.6127009615302086	0.9875	0.985
6	0.20407802718026297	1.3163504296168684	0.98875	0.98
7	0.20321908593177795	1.552736267343862	0.986875	0.965
8	0.2027998235490587	1.1602726367488503	0.989375	0.985
9	0.20238139629364013	0.7117481940239668	0.99375	0.985
10	0.2022308653051203	1.0766208777576685	0.99	0.99
11	0.2020591696103414	0.6428303523361683	0.994375	0.98
12	0.2015375907604511	0.5261805440322496	0.99625	0.985
13	0.20136424473353795	0.578353953966871	0.995625	0.985
14	0.2011470635732015	0.4904219587892294	0.994375	0.985
15	0.20072895288467407	1.5397474575031083	0.990625	0.99
16	0.2003499760347254	1.1041927633597515	0.990625	0.99
17	0.2001626624001397	0.6117958413809538	0.994375	0.99
18	0.20009362070184006	0.550391267100349	0.995	0.99
19	0.19971933364868164	0.35498153799213467	0.996875	0.99
20	0.19953115781148276	0.42391482489183546	0.996875	0.99
21	0.1993567184968428	0.2749247646098956	0.998125	0.985
22	0.19919063733971637	0.2362081029691035	0.998125	0.99
23	0.19897901018460593	0.18173245475045405	0.998125	0.99
24	0.1987319755554199	0.12655615417577792	0.99875	0.99
25	0.19859766960144043	0.08761431986902607	0.999375	0.99
26	0.19839648847226743	0.08736441444489174	0.99875	0.99
27	0.19824781588145665	0.048698324550325654	1.0	0.99
28	0.19810446377458243	0.07316593583601388	0.999375	0.99
29	0.1980582555135091	0.39143288039143953	0.995625	0.98
-1	-1	-1	-1	-1
0	0.2963142395019531	7.175865253210068	0.92125	0.915
1	0.2417280673980713	4.592904910892248	0.966875	0.975
2	0.22600110371907553	1.8318208645284175	0.986875	0.99
3	0.21691685914993286	1.4071547803282738	0.99	0.97
4	0.21219072341918946	1.3151190316304564	0.99	0.985
5	0.2085350751876831	1.2204964698851108	0.989375	0.975
6	0.20617685999189103	1.3022077712789177	0.990625	0.99
7	0.20425009727478027	0.8635697586461901	0.99375	0.99
8	0.20383326212565103	0.9875324786454439	0.991875	0.985
9	0.20311601161956788	1.3954825126798824	0.986875	0.995
10	0.2028837420723655	0.9105289759393781	0.995	0.99
11	0.20156973600387573	0.8090003077220171	0.99375	0.99
12	0.20091493313129133	0.7329396983236074	0.994375	0.985
13	0.2001244000026158	0.818008785508573	0.99375	0.995
14	0.20001343091328938	0.9956200442975387	0.99125	0.98
15	0.19975662231445312	0.9976612640917302	0.991875	0.99
16	0.19960648873273065	0.7661717548966408	0.995	0.99
17	0.19953699906667074	0.6358595940377563	0.995625	0.995
18	0.19952984860068873	0.5598131433129311	0.99625	0.99
19	0.1993061661720276	0.5783503221534193	0.99625	0.965
20	0.19936113130478633	1.6267952348291874	0.989375	0.99
21	0.19929717887531628	0.6051213018968702	0.995	0.995
22	0.1992165109385615	0.46911452373489737	0.996875	0.995
23	0.19925170143445334	0.41221789225935934	0.996875	0.985
24	0.1990967273712158	0.3290270453551784	0.998125	0.99
25	0.19900706181159386	0.3310001989081502	0.996875	0.99
26	0.19877660716021503	0.2800083993282169	0.9975	0.985
27	0.1988162398338318	0.3141789091384271	0.9975	0.995
28	0.19858872479405895	0.2652910964237526	0.996875	0.99
29	0.19855905373891194	0.4117323793005198	0.995625	0.98
-1	-1	-1	-1	-1
0	0.24475598335266113	5.008633467555046	0.950625	0.98
1	0.21897244453430176	4.044975585192442	0.980625	0.98
2	0.21120850245157877	1.8475865149125457	0.983125	0.99
3	0.2068384885787964	2.3011256377771496	0.989375	0.985
4	0.20511260032653808	1.5913400097191335	0.986875	0.99
5	0.20378994941711426	1.019275881741196	0.990625	0.99
6	0.20247973714556014	0.7745713367685676	0.995	0.985
7	0.20197761058807373	0.972380752004683	0.993125	0.99
8	0.20102930068969727	0.6225165350921452	0.995	0.99
9	0.2008739471435547	0.7149336408637464	0.99375	0.99
10	0.2002802328629927	1.1668293362110853	0.991875	0.995
11	0.2002932826677958	0.6022227515280246	0.995	0.99
12	0.19999148295475885	0.40850563338492063	0.99625	0.99
13	0.19998303481510707	0.3771793577633798	0.9975	0.99
14	0.19970951080322266	0.34084737815428523	0.99625	0.99
15	0.19912150502204895	0.48552606366807594	0.993125	0.99
16	0.1991289082695456	0.3794289374817163	0.995625	0.995
17	0.1988046964009603	0.24218882212415338	0.998125	0.995
18	0.19883408044513903	0.19830103835556656	0.998125	0.995
19	0.1983910918235779	0.24309255010331982	0.99875	0.99
20	0.19852117129734584	0.2506765558157349	0.998125	0.99
21	0.1984409527345137	0.38050646959920414	0.99625	0.99
22	0.19823480689007303	0.31683579581906085	0.995625	0.99
23	0.1980129877726237	0.20441511186014394	0.998125	0.99
24	0.19792725563049315	0.12616274696891197	0.99875	0.995
25	0.19784389092372015	0.07178182798248599	0.999375	0.995
26	0.19784667756822374	0.12764028185614734	0.99875	0.99
27	0.19774888242994035	0.1597589563440124	0.99875	0.995
28	0.19767823712579136	0.04435911419219338	1.0	0.995
29	0.19758526484171549	0.07972473601301316	0.999375	0.995
30	0.19761750774998818	0.03351738764287802	1.0	0.99
-1	-1	-1	-1	-1
0	0.24470734596252441	8.09253476023674	0.87625	0.97
1	0.21933376789093018	3.8909219299524556	0.970625	0.95
2	0.20964288711547852	1.2319031600095331	0.989375	0.975
3	0.20520907640457153	0.9065261285938323	0.993125	0.975
4	0.20166735649108886	1.5117183790495619	0.98375	0.965
5	0.2012948989868164	1.5146688470244407	0.99	0.97
6	0.20008226803370885	1.268927524536848	0.99	0.975
7	0.1994958519935608	0.9100288113206625	0.994375	0.98
8	0.1990604665544298	0.7586731054633856	0.99375	0.97
9	0.19861383438110353	0.6781867154268548	0.995625	0.965
10	0.19845130226828836	0.7782736122934147	0.99125	0.97
11	0.19755089282989502	1.2720105873979628	0.994375	0.96
12	0.19712620515089768	0.6552040168270469	0.995	0.965
13	0.19639394964490617	0.4144753104401752	0.99625	0.97
14	0.19617249170939127	0.2145956197415944	0.9975	0.97
15	0.19580519199371338	0.18485867142677306	0.9975	0.96
16	0.19529945710126093	0.8052572110742767	0.99125	0.96
17	0.19536662101745605	0.437255289547611	0.99625	0.95
18	0.19543360408983732	0.3428348390525207	0.995625	0.965
19	0.19555020332336426	0.448157673884125	0.995625	0.965
20	0.19519088381812685	0.13794422580860555	0.99875	0.965
21	0.19507358290932394	0.46335866241628537	0.996875	0.975
22	0.19483256340026855	0.20336081317975185	0.9975	0.96
23	0.19467694560686746	0.1823616805888014	0.998125	0.965
24	0.19464801788330077	0.06283652553785941	0.999375	0.965
25	0.19436967372894287	0.047355621460010294	0.999375	0.965
26	0.19438832777517814	0.027143902384123068	1.0	0.97
27	0.1941327452659607	0.019301043694804322	1.0	0.965
28	0.19419335496836695	0.014347719271670485	1.0	0.965
29	0.19405428568522134	0.011424294115073508	1.0	0.965
-1	-1	-1	-1	-1
0	0.24450063705444336	7.936471613645554	0.88875	0.97
1	0.21928870677947998	4.585841072127223	0.96375	0.985
2	0.21103334426879883	1.852547070235014	0.988125	0.985
3	0.20550739765167236	1.2763127460703254	0.9875	0.99
4	0.20329604148864747	1.5943741711368784	0.988125	0.985
5	0.2004623015721639	1.841005052998662	0.98625	0.99
6	0.19890880584716797	1.458492929637432	0.99	0.98
7	0.1977139413356781	1.0693022774532437	0.99125	0.97
8	0.19700988133748373	1.1197277717664837	0.991875	0.985
9	0.19636867046356202	0.8155103863030672	0.9925	0.985
10	0.195452711798928	0.8103438626974822	0.99375	0.975
11	0.19532797733942667	0.7965316136926412	0.99375	0.985
12	0.19463539123535156	0.7518458944186568	0.99375	0.985
13	0.1945845569883074	0.9861839310824871	0.991875	0.985
14	0.19416251182556152	0.7606067028269172	0.99375	0.98
15	0.19402824342250824	0.7793923589820042	0.99375	0.995
16	0.19388947767369888	0.6280808204039932	0.99625	0.985
17	0.19347910086313883	0.41580066272988914	0.994375	0.985
18	0.19341157612047696	0.862353696511127	0.994375	0.995
19	0.1933457851409912	0.8330053917784244	0.99375	0.985
20	0.19347724460420154	0.6382369354180991	0.993125	0.985
21	0.19366125626997513	0.3469698146183509	0.996875	0.98
22	0.19369833365730618	0.32757106245961043	0.996875	0.985
23	0.19382715225219727	0.1715860656229779	0.998125	0.985
24	0.19387728691101075	0.1425082373865007	0.9975	0.98
25	0.1938084914134099	0.1322486904109246	0.99875	0.98
26	0.19385363437511302	0.13611520415826817	0.996875	0.98
27	0.1938812221799578	0.10462845852802274	0.99875	0.98
28	0.1939046629543962	0.11800774027535227	0.9975	0.98
29	0.19391040802001952	0.07444643219292629	0.99875	0.98
30	0.1940199944280809	0.06012258584526535	0.999375	0.985
31	0.19437967240810394	0.04895272151754398	0.999375	0.975
32	0.19416382096030496	0.06819318933263276	0.999375	0.975
33	0.19428040700800278	0.09576207661927583	0.99875	0.975
34	0.19400127274649484	0.062193568741877245	0.99875	0.975
35	0.1940203176604377	0.04884187751365914	0.999375	0.985
-1	-1	-1	-1	-1
0	0.2990579605102539	6.771182913184166	0.929375	0.945
1	0.24493038654327393	4.11725334726274	0.965625	0.985
2	0.22726241747538248	1.8112129724025727	0.98625	0.99
3	0.21889019012451172	1.5697758232802153	0.988125	1.0
4	0.21362290382385254	1.4102688756585122	0.989375	0.995
5	0.21017535527547201	1.2220448353886604	0.990625	1.0
6	0.20831802913120814	1.3476636564359068	0.990625	0.985
7	0.20682066679000854	0.905648843580857	0.993125	0.975
8	0.20514874988132054	1.4025830731540918	0.9875	0.995
9	0.20404694080352784	1.1774576971679926	0.991875	0.995
10	0.20300121740861374	0.8380913016572594	0.9925	0.99
11	0.2021555503209432	1.2048949012719095	0.989375	0.995
12	0.2015105944413405	0.9061531715840101	0.994375	0.995
13	0.20096194744110107	0.8139647002145648	0.993125	0.995
14	0.2004423459370931	0.729954325966537	0.995	0.995
15	0.20002631843090057	0.567965123783797	0.99625	0.995
16	0.19974896487067728	0.6927345622330904	0.9925	0.99
17	0.1992808845308092	0.42139861463103445	0.994375	0.99
18	0.19892252118963943	0.365693233422935	0.995625	0.995
19	0.19863834381103515	0.28936059297993777	0.9975	0.995
20	0.19842289742969332	0.22342079520225525	0.99625	0.99
21	0.1983273462815718	0.19083664986479562	0.9975	0.995
22	0.19810695233552353	0.5373316784861163	0.99375	0.995
23	0.1979383627573649	0.4520499198418111	0.995625	0.995
24	0.19783116340637208	0.21884244809043593	0.9975	0.995
25	0.19768846035003662	0.18498372283531353	0.99875	0.995
26	0.19755824406941733	0.14979091736779082	0.998125	0.995
27	0.19740935734340123	0.10850678844610229	0.99875	0.995
28	0.1973701263296193	0.08482449568313313	0.998125	0.995
29	0.19720129172007242	0.09937921111952164	0.998125	0.995
-1	-1	-1	-1	-1
0	0.24173951148986816	5.548961852788925	0.95375	0.945
1	0.2166914939880371	4.324058941602707	0.975625	0.98
2	0.20851985613505045	2.005248817205429	0.98625	0.985
3	0.20453941822052002	1.3156718281656503	0.990625	0.985
4	0.20242128372192383	1.398962693894282	0.989375	0.985
5	0.2005375623703003	1.4372451872751117	0.989375	0.965
6	0.19979916300092423	1.487002492370084	0.988125	0.99
7	0.19916456937789917	1.692540335431695	0.986875	0.97
8	0.19872302479214138	2.123535906076431	0.986875	0.985
9	0.1983639717102051	1.3824613584205507	0.989375	0.985
10	0.19814868406815964	1.2331176948547364	0.990625	0.99
11	0.19802276293436685	0.7851041577942669	0.995	0.985
12	0.19779181480407715	0.6023069557920099	0.995	0.99
13	0.1977727242878505	0.6131775201950223	0.993125	0.985
14	0.19768459002176922	0.895492872968316	0.991875	0.985
15	0.19757071137428284	1.4124150624498726	0.991875	0.985
16	0.19761434723349178	0.9177108437055722	0.993125	0.99
17	0.19760270913441977	0.7366878947801888	0.994375	0.99
18	0.19774389266967773	0.6936969554517418	0.994375	0.995
19	0.19772862195968627	0.6072561279218643	0.995	0.99
20	0.1977070172627767	0.4535176839493215	0.9975	0.985
21	0.19762418486855246	0.36683391613885763	0.996875	0.985
22	0.19755781215170157	0.31668706183321776	0.9975	0.99
23	0.19760160644849142	0.33902412097435447	0.998125	0.985
24	0.1976085662841797	0.283609211910516	0.998125	0.99
25	0.1976925226358267	0.2573869797005318	0.996875	0.995
26	0.1976107049871374	0.25932197984308003	0.996875	0.985
27	0.19768697023391724	0.22707528841448948	0.9975	0.985
28	0.19781264765509243	0.19012130917981268	0.9975	0.995
29	0.19784429868062336	0.24757406829623504	0.996875	0.99
30	0.1979017488418087	0.15633676821482367	0.9975	0.99
31	0.19793326407670975	0.13233120676130056	0.998125	0.985
32	0.1979541778564453	0.12713513721711933	0.998125	0.99
33	0.19782393118914435	0.11115528756403364	0.99875	0.985
34	0.19768424034118653	0.135679123250884	0.99875	0.99
35	0.19757755597432455	0.10661584392073564	0.99875	0.995
36	0.1974408819868758	0.11535352390666959	0.99875	0.985
37	0.19740632960670873	0.08244228069539532	0.99875	0.985
38	0.197280853222578	0.09831212463148403	0.99875	0.985
-1	-1	-1	-1	-1
0	0.23995399475097656	4.574286389946938	0.955	0.85
1	0.21551942825317383	4.164872108250856	0.971875	0.985
2	0.20748504002888998	2.2085500591993332	0.98375	0.98
3	0.20351958274841309	1.5793404781073332	0.989375	0.99
4	0.20128703117370605	1.0950520273298026	0.99125	0.99
5	0.19962473710378012	1.0028321614861488	0.9925	0.985
6	0.19898506573268346	1.2045714387483895	0.99	0.98
7	0.1981099545955658	1.1049615575373173	0.98875	0.99
8	0.19747712877061632	1.2149029689840973	0.993125	0.985
9	0.19712703227996825	1.1123362563201227	0.991875	0.995
10	0.19649978117509323	0.6431921887025237	0.995	0.99
11	0.19638870159784952	0.8075838229525835	0.994375	0.995
12	0.1961063054891733	0.6321450851857662	0.99375	0.995
13	0.19583516461508615	0.6245917392708361	0.994375	0.99
14	0.19569265047709147	0.5165227450802923	0.995625	0.99
15	0.19555723667144775	0.4580238403379917	0.996875	0.99
16	0.19542745982899384	0.48870285145938397	0.99625	0.99
17	0.19538527064853245	0.3305930969119072	0.9975	0.985
18	0.19541414160477488	0.4624485463742167	0.996875	0.99
19	0.1952037215232849	0.3286768395919353	0.9975	0.995
20	0.19510422434125627	0.2721818895591423	0.998125	0.985
21	0.19501776045018976	0.2109233162784949	0.998125	0.985
22	0.1948389074076777	0.17798854830209165	0.998125	0.995
23	0.19477842251459757	0.9537971396598732	0.991875	0.98
24	0.19454224586486815	0.9400856662914157	0.994375	0.99
25	0.19446462851304275	0.4423016523383558	0.99625	0.995
26	0.19435491385283293	0.3286603013053536	0.998125	0.995
27	0.1942500982965742	0.3071267947461456	0.996875	0.985
28	0.19422850937678895	0.3226421509636566	0.9975	0.99
29	0.19410179456075033	0.20682349721435458	0.998125	0.995
-1	-1	-1	-1	-1
0	0.2975196838378906	5.74715183198452	0.950625	0.985
1	0.24160945415496826	4.813859506137669	0.969375	0.985
2	0.2257235050201416	2.3041665610671043	0.980625	0.975
3	0.21618133783340454	3.277493959367275	0.99	0.97
4	0.21091623306274415	2.2569426821917293	0.984375	0.985
5	0.20834163824717203	1.4765629774332047	0.98875	0.99
6	0.2062098298754011	1.1997812248766422	0.988125	0.98
7	0.20462623238563538	0.9207036152482033	0.991875	0.98
8	0.20355150434705946	0.7814718498662114	0.99375	0.985
9	0.20227153301239015	0.8586407662555575	0.993125	0.99
10	0.20138068632646042	0.9460691968351602	0.991875	0.99
11	0.20077619949976602	0.9428776901960373	0.993125	0.99
12	0.20013770690331092	1.0208858374878764	0.99125	0.99
13	0.19968652725219727	1.030215051099658	0.99375	0.99
14	0.19914501508076984	1.3000399150699378	0.991875	0.975
15	0.1988338977098465	1.9385800256067887	0.985625	0.99
16	0.19847456146689021	0.9434662355482578	0.99375	0.96
17	0.19814630349477133	0.8908281444013119	0.993125	0.99
18	0.19789260312130577	0.7092260438017547	0.995	0.99
19	0.19761074781417848	0.5788543462008238	0.995	0.985
20	0.19728914896647134	0.5246638431027532	0.995625	0.99
21	0.19698113744909113	0.474593660607934	0.99625	0.985
22	0.19676696735879648	0.4975511859357357	0.99625	0.99
23	0.19660884141921997	0.41831974558532237	0.996875	0.985
24	0.19642852783203124	0.4252144987601787	0.995625	0.99
25	0.19630489899561956	0.4860866984911263	0.995625	0.99
26	0.1960864508593524	0.3328295380435884	0.996875	0.985
27	0.19590451887675694	0.31931808406487106	0.996875	0.985
28	0.19579972069838952	0.29254122732323595	0.9975	0.99
29	0.19567371209462484	0.2873872022726573	0.9975	0.985
-1	-1	-1	-1	-1
0	0.23743844032287598	5.8947677898406985	0.950625	0.96
1	0.21355462074279785	4.798914231993258	0.964375	1.0
2	0.20529953638712564	2.1641176529973745	0.984375	1.0
3	0.20152509212493896	1.6424576627835632	0.98875	1.0
4	0.19941473007202148	2.021995020210743	0.985	1.0
5	0.1979363759358724	1.5546789111942052	0.98875	1.0
6	0.1970926352909633	1.2360330739617347	0.990625	1.0
7	0.1966370940208435	1.5641997322067618	0.98125	1.0
8	0.1962620417277018	1.3215803932398558	0.989375	1.0
9	0.19591081142425537	1.0685990538820624	0.990625	1.0
10	0.19576300274242053	0.8880418180301786	0.993125	1.0
11	0.19555377960205078	1.0767638537683524	0.991875	1.0
12	0.1953421922830435	1.0819730068964417	0.9925	1.0
13	0.1953672170639038	0.5848462388105691	0.995625	1.0
14	0.19507277806599935	0.5235283938422799	0.995	1.0
15	0.19497895240783691	0.7643176641687751	0.99125	0.995
16	0.19485116004943848	1.6452215895056725	0.986875	0.995
17	0.19472747378879124	0.7548073683306575	0.99375	1.0
18	0.19469805767661647	0.6061651103757322	0.99375	1.0
19	0.19457780122756957	0.4331614424847066	0.99625	1.0
20	0.19460527102152506	0.35362642232328656	0.99625	1.0
21	0.19450080394744873	0.2935710382182151	0.996875	1.0
22	0.1944121899812118	0.24831096916808748	0.99625	1.0
23	0.1944198707739512	0.24312689863611012	0.9975	1.0
24	0.19403719902038574	0.22227526277682044	0.99625	1.0
25	0.1939000441477849	0.19229689413681628	0.9975	1.0
26	0.19356701992176198	0.2713547687290702	0.995625	1.0
27	0.1933649778366089	0.35392196332555614	0.99625	1.0
28	0.1932335557608769	0.14867238261271268	0.99875	1.0
29	0.1929801146189372	0.14956160756395548	0.998125	0.995
-1	-1	-1	-1	-1
0	0.24390411376953125	6.616824451684952	0.91125	0.99
1	0.2185823917388916	3.7610199232399464	0.969375	0.99
2	0.2073988914489746	2.184551344588399	0.985625	0.98
3	0.2033877968788147	1.9879044564068318	0.981875	1.0
4	0.20084176063537598	1.531084574200213	0.9875	0.99
5	0.19910852114359537	1.3865304730460049	0.990625	0.99
6	0.19811889103480748	1.1680917234160006	0.99125	0.99
7	0.19693389534950256	0.9878461235761642	0.991875	0.995
8	0.19668912887573242	1.0985807277262212	0.990625	0.995
9	0.19585669040679932	0.7411202198266983	0.994375	1.0
10	0.19561355764215643	2.483042870908976	0.990625	0.99
11	0.19526402155558267	2.4326370330899953	0.978125	0.955
12	0.19471208865825945	1.1441532891988755	0.990625	0.995
13	0.1944288526262556	0.9900556381046772	0.990625	0.995
14	0.19359037081400554	0.7743815895542503	0.994375	1.0
15	0.19320693612098694	0.6229403972625732	0.995625	0.995
16	0.19263928076800177	0.5942469493020326	0.995625	0.99
17	0.19285359647538927	0.5112190060317516	0.994375	1.0
18	0.1926742101970472	0.533279853053391	0.995625	1.0
19	0.19272516965866088	0.470733646210283	0.99625	0.995
20	0.19255139714195615	0.7758608368318528	0.995625	0.985
21	0.1924666924910112	1.1607824344187976	0.990625	1.0
22	0.19239258766174316	0.4913663259148598	0.995625	1.0
23	0.19245967268943787	0.41664802343584595	0.995625	1.0
24	0.19227272987365723	0.37150184526573865	0.9975	0.995
25	0.19245400795569786	0.3744875430781394	0.996875	0.995
26	0.19231915473937988	0.38608145595528187	0.995625	0.995
27	0.1922618065561567	0.34845326540526	0.996875	0.995
28	0.19215567358608904	0.29957148066721856	0.9975	0.995
29	0.19228556950887044	0.2952230435749516	0.99625	0.995
-1	-1	-1	-1	-1
0	0.24454092979431152	7.992876109480858	0.889375	0.965
1	0.21733736991882324	5.140057333484292	0.97	0.975
2	0.20655314127604166	1.6733198804408311	0.985	0.935
3	0.20261931419372559	1.7251176245883106	0.983125	0.98
4	0.19944400787353517	1.5820042864978314	0.985625	0.985
5	0.19874695936838785	1.4125856688525529	0.98875	0.995
6	0.19732437814985002	1.068303115768358	0.9925	0.985
7	0.1970168948173523	1.2940839976817369	0.990625	0.99
8	0.1963214079538981	0.9466336602112279	0.991875	0.98
9	0.1958095073699951	0.9967050633952022	0.99	0.99
10	0.19603479992259631	0.6419241004996001	0.994375	0.985
11	0.19552149375279745	0.6029553816141561	0.994375	0.98
12	0.19524106612572303	0.46245767435990276	0.995	0.99
13	0.19475155217306955	0.8292800499335863	0.990625	0.985
14	0.19502929051717122	0.7181458956375718	0.994375	0.99
15	0.19497795403003693	0.508608757830225	0.99625	0.98
16	0.1949153226964614	0.677881150636822	0.9925	0.975
17	0.19494284523857963	0.5130056867841631	0.99625	0.99
18	0.1950498380159077	0.24682393980911002	0.998125	0.99
19	0.19508471488952636	0.171702654091132	0.9975	0.97
20	0.19480816523234049	0.31133244160435425	0.9975	0.99
21	0.19484568725932727	0.17510489402338864	0.998125	0.99
22	0.1946488567020582	0.19286744878074388	0.99875	0.985
23	0.19447428981463113	0.10098718859080691	0.998125	0.99
24	0.19459814071655274	0.06795926291146316	0.99875	0.99
25	0.19438915069286639	0.07033202469683601	0.999375	0.99
26	0.19417478420116283	0.06581645343067066	0.999375	0.97
27	0.19401743582316808	0.034965536627885284	1.0	0.99
28	0.19377620466824236	0.08785857152810422	0.99875	0.99
29	0.19385961691538492	0.0876516121566874	0.99875	0.965
-1	-1	-1	-1	-1
0	0.2954368591308594	8.850539811849593	0.85	0.975
1	0.2438821792602539	3.544130900502205	0.973125	0.995
2	0.22761933008829752	1.822994695417583	0.98875	0.995
3	0.21963399648666382	1.722532957792282	0.9875	0.995
4	0.21514363288879396	1.605629441179335	0.9875	0.945
5	0.21205015977223715	1.6555897515267133	0.988125	0.995
6	0.20956952231270926	1.2384559096395968	0.989375	0.985
7	0.20798039436340332	1.4266736370883881	0.9875	0.99
8	0.20657658576965332	3.813316422179341	0.98625	0.995
9	0.2056809186935425	1.4791190028563141	0.985625	0.995
10	0.20444527539339932	0.7688753346726298	0.99375	0.99
11	0.20390083392461142	0.83338203121908	0.9925	0.995
12	0.2030766743880052	0.8613717434369028	0.991875	0.99
13	0.20241449560437882	0.7722527169436216	0.9925	0.985
14	0.20193808873494465	0.7393089807662182	0.995	0.99
15	0.20153376460075378	0.666867387033999	0.993125	0.99
16	0.20116503098431757	1.3009433721471577	0.989375	0.985
17	0.20081014103359646	0.6588206795789301	0.995	0.985
18	0.20018306531404195	0.5613853160571307	0.994375	0.99
19	0.20015389919281007	0.3784835003863554	0.9975	0.985
20	0.2000061557406471	0.34908413883298633	0.996875	0.985
21	0.19969339804215866	0.2897608709614724	0.9975	0.985
22	0.1995731954989226	0.23092730790143834	0.998125	0.985
23	0.19944549600283304	0.22275320188142358	0.998125	0.985
24	0.19919923782348634	0.18595547197270207	0.998125	0.985
25	0.1990741307918842	0.17367557392921298	0.998125	0.985
26	0.19895423783196342	0.15357919748406856	0.998125	0.985
27	0.19933423825672694	0.15030303506646306	0.998125	0.99
28	0.19922179189221612	0.3071063092758413	0.996875	0.98
29	0.19909846782684326	0.24879355596494862	0.998125	0.99
-1	-1	-1	-1	-1
0	0.2407376766204834	7.953888739347458	0.88	0.975
1	0.21779143810272217	3.5612557094357906	0.973125	0.98
2	0.21011622746785483	2.0412358910217883	0.981875	0.98
3	0.2061055302619934	3.228034689500928	0.9875	0.985
4	0.20384659767150878	1.0830522754788399	0.9925	0.99
5	0.2024927536646525	0.896650870796293	0.99375	0.985
6	0.20193065915788924	1.190386662594974	0.988125	0.99
7	0.20075973868370056	1.8373942775279284	0.985625	0.99
8	0.2004313204023573	1.512460051625967	0.990625	0.96
9	0.19989583492279053	2.4718618119019085	0.97625	0.995
10	0.19951428066600452	0.992978731635958	0.9925	0.99
11	0.19919798771540323	0.7739373209327459	0.995	0.995
12	0.1989105481367845	0.5958791724406183	0.99625	0.995
13	0.1988415036882673	3.8924649246945044	0.985	0.965
14	0.19852916399637857	3.160353272408247	0.973125	0.99
15	0.19840805232524872	1.2880757059156895	0.99125	0.99
16	0.19807787502513213	0.7296601545810699	0.995	0.99
17	0.19799155659145778	0.6364793901890516	0.995625	0.99
18	0.1979588081962184	0.5623810241743922	0.995625	0.99
19	0.19778645038604736	0.5704885450005531	0.995	0.99
20	0.19767913364228748	0.5055904644820839	0.995625	0.99
21	0.19742396744814786	0.48646380702033637	0.995625	0.99
22	0.1973632418591043	0.43774657003581524	0.99625	0.99
23	0.1971973478794098	0.46289573054760697	0.995625	0.98
24	0.19709238052368164	0.45623996566049757	0.996875	0.985
25	0.19709764077113226	0.3378781869076192	0.9975	0.985
26	0.19711070590549046	0.320637269760482	0.996875	0.985
27	0.19706317356654576	0.5716450738115236	0.99375	0.985
28	0.19700928392081424	0.3188191334158182	0.9975	0.99
29	0.1969478766123454	0.3662129644677043	0.99625	0.985
-1	-1	-1	-1	-1
0	0.24241113662719727	7.191098330020904	0.905625	0.945
1	0.21793246269226074	4.052098347842693	0.97	0.99
2	0.20890188217163086	2.353866478577256	0.98375	0.965
3	0.20486199855804443	1.4954288689047097	0.986875	0.99
4	0.20252037048339844	1.0911063403636216	0.9925	0.985
5	0.2008296251296997	1.2088606419041752	0.991875	0.985
6	0.19960144587925502	1.0036910329759121	0.99125	0.985
7	0.19875606894493103	1.015418818257749	0.990625	0.985
8	0.19816634390089247	0.8462667697295546	0.993125	0.985
9	0.197839093208313	0.6970140579342842	0.993125	0.99
10	0.19734753261912952	0.8710130434017629	0.993125	0.99
11	0.19695589939753214	1.0503586723655463	0.9925	0.985
12	0.19667504383967474	0.9676568166725338	0.9925	0.99
13	0.1963693584714617	0.9679878899501637	0.991875	0.99
14	0.19626719156901043	0.869994436558336	0.99375	0.985
15	0.1966051459312439	0.5029743850976228	0.99625	0.99
16	0.19666510469773235	0.8943810472078622	0.995	0.985
17	0.19662508699629042	0.6119596340507268	0.995	0.985
18	0.19661618533887362	0.6683322239294648	0.995	0.99
19	0.1966092109680176	0.3852979561593384	0.9975	0.99
20	0.19661090487525576	0.37941595042124393	0.9975	0.985
21	0.19668001478368585	0.24398261034162716	0.998125	0.99
22	0.1966043866198996	0.2405660773254931	0.998125	0.985
23	0.19642069935798645	0.1656957815925125	0.9975	0.985
24	0.1963827705383301	0.22872845346108078	0.998125	0.985
25	0.19608404086186335	0.18465698377869558	0.9975	0.985
26	0.19595955919336389	0.12267938502365723	0.9975	0.99
27	0.1957515733582633	0.11722496147383936	0.998125	0.985
28	0.1956158259819294	0.10181328420105273	0.999375	0.99
29	0.1954549789428711	0.11904926463364973	0.998125	0.985
-1	-1	-1	-1	-1
0	0.24554705619812012	8.123004713654518	0.880625	0.975
1	0.22005367279052734	3.4736026027053595	0.97875	0.99
2	0.21222488085428873	1.4494029657542706	0.99125	0.965
3	0.2073473334312439	1.593752788361162	0.988125	0.985
4	0.20457048416137696	1.1164380456507206	0.989375	0.99
5	0.20290962855021158	1.2329374071257189	0.990625	0.98
6	0.2014063767024449	0.7517522870749235	0.994375	0.98
7	0.20025840401649475	0.8690892497450113	0.993125	0.975
8	0.19912298520406088	0.9120211031474174	0.995	0.97
9	0.1983935832977295	1.1468600095808505	0.989375	0.99
10	0.19812822341918945	0.6308281395304948	0.99375	0.98
11	0.19747654596964517	0.7672621348686516	0.99375	0.99
12	0.19708767304053673	0.7130253664893098	0.993125	0.985
13	0.19716719218662807	1.2190717312321067	0.990625	0.99
14	0.19716687202453614	2.7140918097272517	0.9925	0.99
15	0.19689542055130005	4.438570229168981	0.99375	0.98
16	0.19685937376583323	0.7369899203721434	0.993125	0.98
17	0.19663884904649523	0.4458992215245962	0.996875	0.99
18	0.19637533238059596	0.32268404169008136	0.996875	0.985
19	0.19639270305633544	0.33190469053573907	0.99625	0.985
20	0.19618370419456846	0.29447045182343573	0.9975	0.975
21	0.19594631411812521	0.3203106692188885	0.99625	0.99
22	0.19571981222733206	0.49326895619160493	0.99625	0.995
23	0.1956529120604197	0.23872900721151383	0.9975	0.99
24	0.1956192111968994	0.19040659494698048	0.99875	0.995
25	0.19558150034684402	0.17480040433467367	0.998125	0.99
26	0.19562802491364656	0.1276166198728606	0.99875	0.985
27	0.19553109577723912	0.11190163020277395	0.99875	0.985
28	0.1955349691982927	0.09375647480839688	0.99875	0.985
29	0.1955915371576945	0.11476275720917328	0.999375	0.985
30	0.19558057477397303	0.07267276342688092	0.999375	0.985
31	0.19549806416034698	0.049980100601305824	0.999375	0.985
32	0.195550774082993	0.12484439589403337	0.998125	0.99
33	0.19554145897136016	0.1843987759418087	0.99875	0.985
34	0.19546942029680525	0.07439040588644275	0.99875	0.985
35	0.1955584552552965	0.03888113749955664	0.999375	0.995
36	0.19548495395763502	0.09835760066969669	0.999375	0.985
37	0.19546092183966385	0.03694756368063963	1.0	0.99
38	0.19546073522323218	0.03591471371560147	0.999375	0.99
39	0.19538259506225586	0.05101474708317255	0.999375	0.99
40	0.19538845667024937	0.014651638062714483	1.0	0.985
41	0.19540108953203475	0.021084624467184766	1.0	0.985
42	0.1953606217406517	0.011977039704638627	1.0	0.985
-1	-1	-1	-1	-1
0	0.24278497695922852	6.543788537979126	0.91875	0.925
1	0.2192516326904297	4.110253848414868	0.97	0.98
2	0.2111375331878662	1.7456082827970385	0.98875	0.98
3	0.20707595348358154	1.984265966117382	0.9825	0.98
4	0.2044363021850586	5.810592622086406	0.988125	0.98
5	0.20290652910868326	1.5571623411774635	0.990625	0.975
6	0.2020782402583531	1.0921808651834726	0.991875	0.985
7	0.2012251615524292	0.9198825151845813	0.9925	0.98
8	0.20046559969584146	0.7783785967901349	0.995	0.98
9	0.19994442462921141	0.6314748234674334	0.995	0.98
10	0.19977855682373047	0.5496105610579253	0.995625	0.98
11	0.19933571418126425	0.9249652217328549	0.991875	0.98
12	0.19902423711923453	0.9524325137585401	0.991875	0.985
13	0.1988476174218314	0.6661756206117571	0.995625	0.98
14	0.19854974746704102	0.4866660598292947	0.995625	0.98
15	0.19847573339939117	0.4041567354183644	0.995	0.985
16	0.19833086518680348	0.7798825192451477	0.9925	0.98
17	0.19823296864827475	0.4607281051762402	0.996875	0.98
18	0.19810069234747635	0.36653447244782	0.996875	0.98
19	0.19795842170715333	0.21678543722373433	0.998125	0.975
20	0.19794259752546037	0.41672055136645214	0.995625	0.98
21	0.1979390491138805	2.1321405026968567	0.994375	0.97
22	0.19804499460303265	1.520972670763731	0.99125	0.975
23	0.19790291786193848	0.34887984609231354	0.996875	0.98
24	0.19779355049133301	0.28238137162523347	0.99625	0.985
25	0.19797894587883583	0.3148407503776252	0.998125	0.985
26	0.19808415130332666	0.21299215777718927	0.99875	0.98
27	0.19820016622543335	0.1737471136439126	0.998125	0.98
28	0.19814893295025005	0.14959233351051807	0.99875	0.98
29	0.1981105883916219	0.12131063750071917	0.999375	0.98
-1	-1	-1	-1	-1
0	0.24670052528381348	6.388654125928879	0.93875	0.93
1	0.22068464756011963	3.900371256023645	0.970625	0.99
2	0.2118376096089681	1.8419754245877267	0.988125	0.995
3	0.20914602279663086	1.9279028145596384	0.984375	0.995
4	0.2057248592376709	1.2606083862297237	0.989375	0.99
5	0.20345830917358398	2.1139062635600565	0.979375	1.0
6	0.20192660604204452	1.2461795120686292	0.98875	1.0
7	0.20105808973312378	1.300514747351408	0.99	1.0
8	0.20296072959899902	0.9608253443986178	0.991875	1.0
9	0.20175821781158448	0.8767912372201682	0.99375	1.0
10	0.20072581551291727	0.9383306339755655	0.993125	0.995
11	0.20011411110560098	0.5831287155672907	0.99625	0.995
12	0.19931829892672026	0.519113963500131	0.994375	1.0
13	0.1985642910003662	3.6315322882449252	0.989375	0.985
14	0.1979654312133789	1.5149555321782828	0.98625	1.0
15	0.19769518077373505	0.8336178822815419	0.993125	1.0
16	0.19712115736568675	0.8235398020967841	0.991875	1.0
17	0.19687334696451822	0.5616998195275664	0.994375	0.995
18	0.19643075842606394	0.47358822023496033	0.995625	1.0
19	0.19651391506195068	0.34612583003472536	0.996875	1.0
20	0.1961710566566104	0.3529084305651486	0.996875	0.995
21	0.19611994786696	0.34673643130110576	0.996875	1.0
22	0.19601512991863748	0.2215320183429867	0.9975	1.0
23	0.1956618924935659	0.29376697328989393	0.99625	0.99
24	0.195704402923584	0.4032943737616006	0.99625	0.985
25	0.19546859997969407	0.5782588111411314	0.99375	0.995
26	0.1955509450700548	0.28972313632257285	0.99625	1.0
27	0.19519780363355363	0.30824433036614207	0.995625	1.0
28	0.19485927450245824	0.2104148394241929	0.9975	1.0
29	0.19492993354797364	0.17101588245190213	0.998125	1.0
-1	-1	-1	-1	-1
0	0.24544143676757812	5.873038932085037	0.949375	0.98
1	0.2200608253479004	3.3459587966650726	0.975	0.97
2	0.21048680941263834	2.1389190176129342	0.983125	0.995
3	0.21074318885803223	1.886074116975069	0.985625	0.99
4	0.2050556182861328	1.371970031261444	0.99125	0.995
5	0.20176613330841064	2.580122155994177	0.9875	0.995
6	0.2000758307320731	1.6890767276100815	0.984375	0.995
7	0.1994989514350891	12.763411592766642	0.9875	0.995
8	0.19860961702134874	1.439611901305616	0.9875	0.99
9	0.19845912456512452	1.128449461646378	0.990625	0.99
10	0.19761828942732376	1.0272055442631245	0.991875	0.995
11	0.19750895102818808	0.8821367598325014	0.99375	0.995
12	0.19695619436410758	1.0811645640060306	0.990625	0.985
13	0.19651736531938827	0.8992048111185431	0.994375	0.995
14	0.19638137817382811	0.59461396869272	0.99625	0.995
15	0.19602355360984802	0.6024485786259174	0.995625	0.995
16	0.19591783074771657	0.9882892339676619	0.99	0.995
17	0.19560656282636854	0.652120805438608	0.994375	0.995
18	0.19562290844164396	0.49717557083815334	0.995625	0.995
19	0.1951432228088379	0.5134521169634536	0.99625	0.995
20	0.19495596204485213	0.5154948813328519	0.994375	0.99
21	0.19479387456720526	0.5036525510251522	0.996875	0.99
22	0.19461191218832266	0.38800191999413075	0.9975	0.995
23	0.19466924667358398	0.3530012507876381	0.996875	0.99
24	0.19447409629821777	0.42198409330099823	0.994375	0.99
25	0.1945029038649339	0.34333882824517786	0.996875	0.995
26	0.19432332780626085	0.41794695558957756	0.995625	0.995
27	0.19418093987873622	0.26148196239955723	0.9975	0.995
28	0.19426057256501297	0.23166140403365718	0.996875	0.995
29	0.1940685272216797	0.3105211209086701	0.99625	0.99
-1	-1	-1	-1	-1
0	0.29526495933532715	6.277249475121498	0.935625	0.965
1	0.24506103992462158	4.1277569419145586	0.978125	0.99
2	0.22599355379740396	2.222892620190978	0.986875	0.985
3	0.2178741693496704	1.7558482359349727	0.98625	0.975
4	0.21171050071716307	1.4816191827505827	0.990625	0.995
5	0.20889894167582193	1.2397778644040227	0.991875	0.995
6	0.2059732164655413	2.010128918737173	0.984375	0.985
7	0.2047550082206726	1.4291267032176256	0.988125	0.99
8	0.20290626419915092	3.4170741580612956	0.986875	0.985
9	0.2019949197769165	2.0653579696826636	0.983125	0.995
10	0.2003504146229137	1.3131003800779582	0.990625	0.99
11	0.1997684439023336	1.0716761442273854	0.990625	0.995
12	0.19901128915640023	0.8550072696991264	0.99375	0.995
13	0.19850139958517893	0.8135944266803563	0.994375	0.995
14	0.1977602005004883	0.6629434411227703	0.995625	0.995
15	0.19721001386642456	0.7630109669268131	0.99375	0.995
16	0.19694973440731273	0.6293624201230705	0.995	0.995
17	0.19629152615865073	0.774881132831797	0.9925	0.995
18	0.19595905354148463	0.9640050181746482	0.99375	0.945
19	0.19571270942687988	3.0520911495760084	0.984375	0.995
20	0.1955533822377523	0.8856398993358016	0.993125	0.995
21	0.19551095095547763	0.560381705313921	0.99625	0.995
22	0.19530553403108017	0.5142390230298042	0.995625	0.995
23	0.19528997937838236	0.44520250175148246	0.99625	0.995
24	0.19497406005859375	0.4067544116452336	0.995625	0.995
25	0.19503070757939264	0.3496446344442666	0.996875	0.995
26	0.19479196159927933	0.305979638621211	0.996875	0.995
27	0.19484915903636388	0.29327177252620457	0.9975	0.995
28	0.19457501378552666	0.33088843880221247	0.9975	0.985
29	0.19450538953145344	0.3106279651541263	0.998125	0.995
-1	-1	-1	-1	-1
0	0.24019312858581543	5.99274542927742	0.950625	0.925
1	0.21582937240600586	4.584571111984551	0.955625	0.985
2	0.20552595456441244	1.8975988133251667	0.984375	0.99
3	0.20100516080856323	1.2583474844694138	0.9925	0.98
4	0.19884791374206542	1.3982491138577462	0.99	0.99
5	0.19719127813975015	2.2312799383047968	0.984375	0.975
6	0.1963059220995222	1.8977704682946206	0.988125	0.99
7	0.19567781686782837	1.05117511972785	0.990625	0.99
8	0.19533801078796387	0.9328326999768615	0.990625	0.98
9	0.1947556257247925	0.9620759627595544	0.99	0.975
10	0.19472529671408914	0.6992936589941382	0.994375	0.99
11	0.1942258675893148	0.614848181377165	0.99625	0.99
12	0.19408134313730094	0.4099099287483841	0.996875	0.99
13	0.1940215826034546	0.45695463061332703	0.99625	0.99
14	0.19357706705729166	0.4217425400740467	0.996875	0.99
15	0.19343802332878113	0.7581478214729578	0.9925	0.995
16	0.19321398174061494	1.7915650194324553	0.983125	0.99
17	0.19314801692962646	0.7096814041398466	0.994375	0.99
18	0.1928561235729017	0.47626988127827646	0.99625	0.99
19	0.1927833914756775	0.349715871475637	0.9975	0.99
20	0.19267821311950684	0.28484948080964384	0.996875	0.99
21	0.19253529201854358	0.27539294222719035	0.9975	0.985
22	0.19257397237031357	0.1948859459545929	0.9975	0.985
23	0.19246604045232138	0.19888699373907	0.996875	0.985
24	0.1923864269256592	0.4515852003952023	0.993125	0.99
25	0.1923149457344642	0.4070346217090264	0.99625	0.985
26	0.19229537469369393	0.18369553408119826	0.9975	0.985
27	0.19242393970489502	0.14463083851806005	0.9975	0.99
28	0.19231553735404178	0.1474226047337288	0.998125	0.985
29	0.19242586294809977	0.10752851237601135	0.998125	0.985
30	0.19241559890008741	0.08948086289899948	0.99875	0.985
31	0.19279620796442032	0.0716719288938657	0.999375	0.985
32	0.1926750342051188	0.05767719328342082	0.999375	0.985
33	0.19252562522888184	0.08096444917122426	0.9975	0.985
34	0.19238042150224957	0.07180100863923145	0.999375	0.985
35	0.1923309630817837	0.0602353983215653	0.999375	0.985
-1	-1	-1	-1	-1
0	0.23996233940124512	5.661702575087547	0.951875	0.865
1	0.21528387069702148	4.188769122641534	0.9675	0.97
2	0.20584662755330405	1.4461369132716209	0.98875	0.96
3	0.201229989528656	1.1506682621780784	0.990625	0.98
4	0.19907746315002442	0.9812631475180388	0.989375	0.98
5	0.19678799311319986	0.8017835842072963	0.99375	0.98
6	0.1959479876926967	2.5987057216931135	0.9875	0.975
7	0.19459310173988342	2.48469726473093	0.989375	0.98
8	0.19415209028455946	1.0291646731644868	0.9925	0.975
9	0.19342041015625	0.720807691719383	0.99375	0.98
10	0.19289348342201926	0.8591997079493012	0.991875	0.98
11	0.19248046477635702	1.2455865568295121	0.988125	0.975
12	0.1923516530257005	0.8242241631448269	0.995	0.985
13	0.191867538860866	0.5027902522264048	0.9975	0.98
14	0.19166739781697592	0.5598096347460523	0.995	0.98
15	0.19142568111419678	0.8474487337656319	0.993125	0.985
16	0.19116980889264276	0.4115958955138922	0.996875	0.985
17	0.19095667203267416	0.43004577307030556	0.995	0.985
18	0.19062014629966334	0.30300556250847877	0.998125	0.985
19	0.19061510562896727	0.28422913985559717	0.9975	0.975
20	0.19040213312421525	0.28901150098070505	0.998125	0.98
21	0.1903972625732422	0.24114376096986234	0.998125	0.985
22	0.1901697594186534	0.2129531962936744	0.99875	0.985
23	0.1901895801226298	0.19808396657928826	0.99875	0.985
24	0.18997848510742188	0.18489050160045736	0.99875	0.985
25	0.18981332962329572	0.19292039748834214	0.99875	0.985
26	0.18994445270962185	0.18383311230223626	0.99875	0.985
27	0.18986065898622786	0.15681694271508603	0.99875	0.985
28	0.18992251363293877	0.13602186776755842	0.99875	0.985
29	0.18978426456451417	0.21885330143530154	0.998125	0.985
30	0.18984124737401162	0.10917526534758508	0.99875	0.985
31	0.189631849527359	0.11080361184314824	0.99875	0.985
32	0.1895855340090665	0.11184744277448772	0.99875	0.985
-1	-1	-1	-1	-1
0	0.24014949798583984	7.058039470911026	0.894375	0.995
1	0.2164555788040161	3.8052131694555285	0.97625	0.995
2	0.20614727338155112	1.6482822141051292	0.98875	0.995
3	0.2013753056526184	1.6170607695356012	0.99125	0.97
4	0.19809479713439943	1.2536918523162603	0.99125	0.995
5	0.19627424081166586	1.1498130125552415	0.99125	0.995
6	0.1948869228363037	1.5411162205785514	0.98875	0.995
7	0.19361191987991333	0.9977555644139647	0.99	0.995
8	0.19298791885375977	1.2062692246958613	0.98875	0.975
9	0.19214766025543212	1.4294961159676314	0.985625	0.995
10	0.19149301268837668	2.452288051741198	0.989375	0.99
11	0.19137434164683023	6.246729073673487	0.989375	0.97
12	0.19084750688993013	1.2534542050212623	0.991875	0.995
13	0.1908893414906093	0.8772837386280298	0.99125	0.975
14	0.19100120862325032	1.062131108790636	0.99	0.995
15	0.19114774465560913	0.7647378556057811	0.994375	0.99
16	0.1911454200744629	0.6658671372756362	0.99625	0.995
17	0.19114584392971462	0.513864647867158	0.99625	0.975
18	0.19145390861912778	0.4366320635564625	0.99625	0.995
19	0.19130733013153076	0.5874738167971373	0.99625	0.945
20	0.19157117889040992	0.5691263811103999	0.993125	0.985
21	0.191461368040605	0.3775537862163037	0.996875	0.98
22	0.1917201332423998	0.31936657139332963	0.99625	0.98
23	0.19150346517562866	0.4813853396428749	0.994375	0.995
24	0.19166049003601074	0.5421103322971612	0.99375	0.99
25	0.19171337897960955	0.47928634197218345	0.995	0.995
26	0.19195358841507523	0.5489113829052076	0.994375	0.995
27	0.19192904233932495	0.30414585657417775	0.9975	0.99
28	0.19198785157039247	0.22638989809900523	0.9975	0.99
29	0.19203198750813802	0.17078128865454345	0.99875	0.995
-1	-1	-1	-1	-1
0	0.2481553554534912	11.719376175403594	0.82125	0.955
1	0.22752177715301514	4.668159180581569	0.965625	0.98
2	0.21747477849324545	2.0143372917175295	0.9875	0.975
3	0.2117975354194641	2.5075604102015494	0.9775	0.975
4	0.20834703445434571	2.0752623253688216	0.98125	0.965
5	0.2060868740081787	1.5292564388364553	0.99	0.97
6	0.20444355692182267	1.2119140850007535	0.991875	0.97
7	0.2035638988018036	1.3885478738322854	0.991875	0.985
8	0.2024831771850586	1.3594371551834046	0.98875	0.97
9	0.20181732177734374	1.2110914666205645	0.991875	0.985
10	0.20114827156066895	1.0255770352855325	0.99375	0.975
11	0.20069803794225058	0.8192265102639794	0.99125	0.995
12	0.20048678838289702	0.5801854783343151	0.99625	0.99
13	0.2002194438661848	1.505907874610275	0.98875	0.98
14	0.20002692540486652	1.052260345928371	0.99125	0.99
15	0.19971297681331635	0.5754066329263151	0.995625	0.98
16	0.19952206050648408	0.7229619517922401	0.993125	0.98
17	0.1993221706814236	0.5117402983736247	0.995625	0.98
18	0.199114812047858	0.4901399645209312	0.995625	0.975
19	0.19889105558395387	0.31400478970259427	0.9975	0.98
20	0.19872734660194033	0.24988742496818303	0.9975	0.985
21	0.19874518567865546	0.19682180034229532	0.9975	0.985
22	0.19863018782242484	0.15311053217272275	0.998125	0.975
23	0.19864514470100403	0.16168732782025472	0.9975	0.98
24	0.1986621379852295	0.13639818920579272	0.9975	0.985
25	0.1985775874211238	0.11226899737608619	0.99875	0.975
26	0.1984657534846553	0.09842564807651798	0.99875	0.97
27	0.19834316628319876	0.09282208994205575	0.99875	0.965
28	0.1983661569398025	0.8194155347888591	0.99125	0.975
29	0.19827865759531657	0.4457679058867507	0.995625	0.97
30	0.19826599090330063	0.3485973107209429	0.996875	0.99
31	0.19826886802911758	0.21012791101587935	0.99625	0.99
-1	-1	-1	-1	-1
0	0.24662065505981445	5.845676121711731	0.948125	0.955
1	0.22049355506896973	4.460543631315232	0.974375	0.99
2	0.211946169535319	1.5584660695493222	0.990625	0.98
3	0.20756947994232178	1.8220552958548069	0.9875	0.99
4	0.20544662475585937	2.2667179876565933	0.98	0.995
5	0.20299088954925537	1.1347725132480264	0.99375	0.995
6	0.20127286229814803	1.1201204804331064	0.989375	0.985
7	0.20030272006988525	1.1303436854109168	0.9925	0.99
8	0.19938781526353624	1.086670877970755	0.99125	0.985
9	0.19868652820587157	0.8919600699841976	0.993125	0.985
10	0.19810910658402878	0.7284834424965083	0.994375	0.99
11	0.1977636218070984	0.5771082443743945	0.996875	0.985
12	0.19712202365581805	0.9429034900665283	0.993125	0.985
13	0.19699582031794957	0.6241540415445342	0.99375	0.985
14	0.19656263987223307	0.45994843868073076	0.996875	0.98
15	0.19616582989692688	0.5470244694780558	0.994375	0.985
16	0.19615386514102712	0.42609191274270414	0.995625	0.99
17	0.19573652744293213	0.37495795377530156	0.99625	0.985
18	0.19562044896577535	0.3462261894252151	0.9975	0.985
19	0.1954999566078186	0.37490292426664384	0.995	0.985
20	0.19524016834440686	0.42266590531449766	0.995625	0.98
21	0.19512789899652655	0.32914052542764693	0.996875	0.985
22	0.1947843302851138	0.2151607610017527	0.996875	0.98
23	0.19473382830619812	0.19676780555164441	0.996875	0.985
24	0.1944298267364502	0.10662211533970549	0.998125	0.985
25	0.1943659415611854	0.24452805001754313	0.99625	0.985
26	0.19430014822218153	0.7949760819348739	0.993125	0.98
27	0.1941623261996678	0.20456573299132289	0.998125	0.985
28	0.1940927423279861	0.13131757540162653	0.99875	0.98
29	0.19396612644195557	0.10581372825312428	0.99875	0.98
-1	-1	-1	-1	-1
0	0.2450542449951172	7.136235650777817	0.899375	0.99
1	0.2204352617263794	4.327256114929915	0.970625	0.99
2	0.20963160196940103	1.7493835178017616	0.990625	0.99
3	0.20573896169662476	1.5760618511401117	0.9875	0.98
4	0.2033416748046875	1.645623493641615	0.986875	0.99
5	0.20081603527069092	0.893015820980072	0.995625	0.99
6	0.19950042452130998	3.7639102862030267	0.979375	0.99
7	0.19802463054656982	1.7167491661012173	0.984375	0.985
8	0.1975593301984999	6.001115930080414	0.99125	0.98
9	0.1970885992050171	1.2174920495599508	0.989375	0.99
10	0.19654752991416238	1.0239998327568174	0.990625	0.98
11	0.19611861308415732	0.9831205750256777	0.99375	0.98
12	0.19587247188274676	0.9409647834394127	0.9925	0.985
13	0.1955876691000802	0.8048387718759478	0.993125	0.98
14	0.1951023737589518	0.5992569468542933	0.995	0.985
15	0.1948038637638092	0.45192213356494904	0.99625	0.985
16	0.1948860533097211	0.4766618039831519	0.995625	0.99
17	0.19455410374535453	0.38814697932451964	0.996875	0.985
18	0.1945207118988037	0.6579913303488866	0.99375	0.99
19	0.19418275356292725	0.6479339041002095	0.99375	0.985
20	0.1943215529123942	0.44712384693324564	0.995625	0.985
21	0.19402045553380792	0.4956563527928665	0.99625	0.99
22	0.1939760498378588	0.39768096946412695	0.99625	0.99
23	0.19399191935857138	0.2970014728186652	0.9975	0.995
24	0.19397782325744628	0.2941512004903052	0.99625	0.99
25	0.1939202088576097	0.3138488978496753	0.996875	0.98
26	0.19365560566937481	0.2926595666818321	0.99625	0.99
27	0.19351704631532943	0.24254063834989212	0.9975	0.985
28	0.19348401858888822	0.18543227175716312	0.996875	0.985
29	0.19325669606526694	0.18553001012303866	0.99625	0.985
30	0.19328678807904642	0.19867933514411562	0.9975	0.985
31	0.1932024583220482	0.14235668757435632	0.996875	0.985
32	0.1932187152631355	0.11045222098066006	0.99875	0.99
33	0.19313318589154413	0.12575398995097203	0.9975	0.99
34	0.19310214178902763	0.13320955533912637	0.998125	0.99
35	0.19290994935565525	0.1076939574671269	0.998125	0.985
36	0.19263127043440537	0.10301545368644838	0.998125	0.985
37	0.19233903131986918	0.08293369976629038	0.99875	0.99
38	0.19205289620619553	0.08966753797212731	0.9975	0.985
39	0.19195812344551086	0.13268214667663414	0.99875	0.985
40	0.1917567136811047	0.10024002930833376	0.998125	0.99
41	0.19179393563951766	0.09190330299918059	0.998125	0.985
42	0.1918199949486311	0.09160815826735416	0.99875	0.985
43	0.1917177763852206	0.08080319123071604	0.99875	0.99
-1	-1	-1	-1	-1
0	0.29517340660095215	5.763659440279007	0.949375	0.99
1	0.24566209316253662	5.517508544065058	0.965	0.995
2	0.22599871953328451	1.5853134486079217	0.99	0.995
3	0.21756011247634888	1.2555914266221224	0.99125	0.995
4	0.21255102157592773	1.3462335135787726	0.989375	0.995
5	0.2085932493209839	1.3304575753211976	0.989375	0.995
6	0.2057039737701416	0.9002163752168417	0.9925	0.99
7	0.20366191864013672	1.0919694167561829	0.99125	0.995
8	0.20205921596950954	0.7660863488167524	0.993125	0.995
9	0.20050692558288574	0.7289144465327263	0.994375	0.995
10	0.19969641078602185	1.1447060056962073	0.99125	0.95
11	0.1984500288963318	1.7186774207651616	0.981875	0.995
12	0.19780698189368615	0.7571534517034888	0.991875	0.995
13	0.19728481769561768	0.7171276293322444	0.995	0.99
14	0.196646785736084	0.6352735583297908	0.993125	0.995
15	0.19656328856945038	0.7028068285621702	0.994375	0.995
16	0.1960310795727898	0.47436025734990833	0.99625	0.995
17	0.1958552598953247	0.4014032727730228	0.99625	0.98
18	0.19565204570167943	0.7000044743577019	0.9925	0.995
19	0.19541068077087403	0.3685199596732855	0.996875	0.995
20	0.19517592021397182	0.33208787520881744	0.998125	0.995
21	0.19485663283954968	0.38103795537725094	0.99625	0.995
22	0.194718889568163	0.28626529418397695	0.9975	0.995
23	0.1944077710310618	0.24068635021802037	0.9975	0.995
24	0.19457791328430177	0.23040120708290487	0.998125	0.995
25	0.19476634722489578	0.1758306962135248	0.998125	0.995
26	0.1947846147749159	0.3691020669951104	0.99625	0.995
27	0.1948661208152771	0.30250219875655604	0.996875	0.975
28	0.19476700651234594	1.580794756449759	0.995	0.995
29	0.19483428796132404	0.7414450737177686	0.995	0.99
-1	-1	-1	-1	-1
0	0.2429213523864746	10.638420362472534	0.829375	0.945
1	0.21742463111877441	3.108121402710676	0.979375	0.975
2	0.20768197377522787	1.76806997012347	0.98625	0.97
3	0.20347988605499268	1.2253705677203834	0.99125	0.965
4	0.2000631332397461	1.1219522369932384	0.9925	0.97
5	0.19950767358144125	1.501092432551086	0.9875	0.98
6	0.19820349557059153	0.9139720139652491	0.99375	0.97
7	0.19675827026367188	1.0748405262548477	0.991875	0.975
8	0.19533933533562553	1.311975365616381	0.99	0.97
9	0.1943812608718872	0.9994701010547579	0.99	0.98
10	0.1943272677334872	0.651769469100982	0.995	0.98
11	0.19350526730219522	0.5586366958054714	0.99625	0.98
12	0.1937571488893949	0.5128810952696949	0.994375	0.975
13	0.19336865629468644	0.40437217663391495	0.9975	0.98
14	0.19351347287495932	0.34141421812120826	0.996875	0.985
15	0.1935267448425293	0.3430710710783023	0.9975	0.99
16	0.19344760389888987	1.4618287295289338	0.9925	0.965
17	0.1932641797595554	1.071060571372509	0.99125	0.985
18	0.1932042774401213	0.5518028855323791	0.996875	0.985
19	0.1930517077445984	0.39410585558041933	0.99625	0.985
20	0.1931121689932687	0.3538414654694498	0.996875	0.985
21	0.19316369836980646	0.3194455122598447	0.995625	0.985
22	0.19297450521717902	0.28957296279608274	0.996875	0.985
23	0.19297837217648825	0.2524142419081181	0.996875	0.985
24	0.192969970703125	0.1728216031601187	0.9975	0.985
25	0.1931246152290931	0.31435075789981054	0.995625	0.98
26	0.193014868983516	0.17014551436397596	0.9975	0.98
27	0.19304049015045166	0.11279124901921023	0.99875	0.985
28	0.19303016004891232	0.08702548646659125	0.999375	0.985
29	0.19300949573516846	0.0870489133481351	0.999375	0.985
30	0.19301734432097403	0.06392254352884265	0.999375	0.985
31	0.1928773671388626	0.0379171522580873	1.0	0.985
32	0.19292223092281457	0.045962513010463224	1.0	0.985
33	0.1929919579449822	0.05223965550299454	0.999375	0.985
34	0.1929138728550502	0.02018977530315169	1.0	0.985
35	0.1930427220132616	0.022586987391482582	1.0	0.985
-1	-1	-1	-1	-1
0	0.24547314643859863	5.172914827466011	0.954375	0.945
1	0.22223377227783203	3.7806144338846206	0.97375	0.98
2	0.21098709106445312	9.913612970262767	0.981875	0.98
3	0.20582067966461182	1.5273817652091384	0.9875	0.98
4	0.20342130661010743	1.3971514849364757	0.99	0.99
5	0.2013085683186849	1.1408928499370814	0.99375	0.985
6	0.19990880148751394	1.244201556518674	0.9875	0.985
7	0.19917702674865723	0.9450172367691994	0.993125	0.98
8	0.19870848125881618	0.9164137025736272	0.991875	0.98
9	0.1978459358215332	0.9386298363655805	0.991875	0.985
10	0.19798629934137518	1.0440470333769918	0.9925	0.98
11	0.19734742244084677	1.4894672252982855	0.989375	0.98
12	0.19724299357487604	1.1182095624879003	0.991875	0.985
13	0.19669028690883092	0.8625403445027768	0.993125	0.99
14	0.1965482711791992	0.6680123862437903	0.995625	0.985
15	0.19624361395835876	0.650040779709816	0.994375	0.98
16	0.19620129641364603	0.5586159588396549	0.995625	0.985
17	0.19611929522620308	0.45668211025185884	0.996875	0.99
18	0.19613879605343468	0.5220910735428334	0.995625	0.99
19	0.19594323635101318	0.4726762131042779	0.995	0.975
20	0.19612650644211543	0.9429201623611152	0.993125	0.99
21	0.1958392858505249	0.6391520488634705	0.9925	0.99
22	0.1958651646323826	0.4673875066684559	0.9975	0.98
23	0.19567838311195374	0.3514233075082302	0.996875	0.99
24	0.19587265014648436	0.2808563572540879	0.9975	0.99
25	0.19562688240638146	0.23758864784496836	0.996875	0.99
26	0.19571450904563623	0.20780804371694103	0.998125	0.99
27	0.19546026842934744	0.20352659965166822	0.9975	0.99
28	0.19537823775718952	0.1696645131672267	0.99875	0.99
29	0.1952574888865153	0.20040350734256207	0.9975	0.985
-1	-1	-1	-1	-1
0	0.25136470794677734	5.886714453697205	0.944375	0.935
1	0.2258291244506836	4.459868706166744	0.971875	1.0
2	0.2125572363535563	1.9275375834852457	0.986875	1.0
3	0.20507872104644775	2.0733571645617483	0.986875	0.98
4	0.21326150894165039	3.5728258061408997	0.975	0.995
5	0.20909269650777182	1.680509669482708	0.988125	1.0
6	0.2056307452065604	7.310706382989883	0.986875	0.995
7	0.20313701033592224	2.003044391274452	0.984375	1.0
8	0.20081456502278647	1.407741492241621	0.989375	1.0
9	0.1989126205444336	1.277476606965065	0.98875	1.0
10	0.1971758712421764	1.1421804630756378	0.991875	1.0
11	0.19588571786880493	0.8648188227787614	0.993125	1.0
12	0.19467792144188514	0.8641288862377405	0.993125	1.0
13	0.19401230130876815	0.8115111044421792	0.994375	1.0
14	0.19362397193908693	0.7345373564213514	0.99375	0.995
15	0.1931183785200119	0.6923028952628374	0.99625	0.995
16	0.19318399709813736	0.6128108100220561	0.995	0.995
17	0.19276119603051078	0.573273674622178	0.995625	1.0
18	0.19279423512910543	0.6337091744877398	0.995	0.995
19	0.1923429250717163	0.5285438196174801	0.99625	1.0
20	0.19217147145952498	0.6911147466860712	0.9925	0.995
21	0.19214130531657825	0.530951255634427	0.99625	0.995
22	0.19217165656711743	0.6627326762676239	0.994375	0.995
23	0.19204524159431458	0.4423861255776137	0.995625	0.995
24	0.19214994430541993	0.37882822934538124	0.996875	0.995
25	0.19186846109536979	0.3023885917849839	0.9975	0.99
26	0.19209792878892687	0.31603859800845385	0.996875	0.995
27	0.19196996518543788	0.24572597537655383	0.9975	0.99
28	0.19214973778560243	0.39105341969639995	0.995	0.99
29	0.1920137087504069	0.2779487161990255	0.99625	0.99
-1	-1	-1	-1	-1
0	0.24045109748840332	6.546560537815094	0.93375	0.93
1	0.2173607349395752	4.243486800789833	0.975	1.0
2	0.20651960372924805	2.213045258000493	0.983125	0.985
3	0.20128858089447021	2.3647440495342016	0.983125	1.0
4	0.19836797714233398	3.51269847266376	0.989375	0.985
5	0.19610997041066489	1.9468590565770865	0.984375	1.0
6	0.1953566074371338	1.054581734202802	0.991875	1.0
7	0.19402554631233215	1.0862368312850594	0.991875	1.0
8	0.19348054462009007	0.7325182333262638	0.9925	1.0
9	0.1934314489364624	0.7650478825718164	0.994375	1.0
10	0.19268939711830832	0.8934647153143306	0.991875	1.0
11	0.1928518811861674	0.6576074958592654	0.995	0.995
12	0.1925815252157358	0.9173553771153092	0.9925	1.0
13	0.1929628508431571	0.5923794803768396	0.994375	0.995
14	0.19271502494812012	0.47339198829606177	0.996875	0.995
15	0.19225546717643738	0.3297737795067951	0.9975	1.0
16	0.1920299389783074	0.30798927041701973	0.9975	0.995
17	0.19176974561479357	0.274656498003751	0.9975	1.0
18	0.1916777209231728	0.23570070626214146	0.998125	0.995
19	0.1926368236541748	0.20431264999322593	0.998125	1.0
20	0.19282580557323636	0.19945441679563372	0.998125	1.0
21	0.19283843040466309	0.1939458009088412	0.998125	1.0
22	0.19309481330539868	0.19130479351151736	0.998125	0.995
23	0.19323713580767313	0.21087420848663896	0.9975	1.0
24	0.1934000301361084	0.28931554317008706	0.996875	0.995
25	0.1934384566086989	0.26915648448746654	0.99625	1.0
26	0.19367087328875507	0.1995570857799612	0.99875	1.0
27	0.19361321415219987	0.1313146985147614	0.99875	0.995
28	0.19378186094349828	0.14188539097900502	0.99875	1.0
29	0.19355806509653728	0.15556283882819116	0.998125	1.0
-1	-1	-1	-1	-1
